2026-10-09T04:14:24.0398209Z Current runner version: '2.337.0'
2026-10-09T04:14:24.0424870Z ##[group]Runner Image Provisioner
2026-10-09T04:14:24.0425779Z Hosted Compute Agent
2026-10-09T04:14:24.0426434Z Version: 20261002.596
2026-10-09T04:14:24.0427062Z Commit: c3d12f3313a95f25162a1503be624f3b0617f8c0
2026-10-09T04:14:24.0427812Z Build Date: 2026-10-02T22:28:27Z
2026-10-09T04:14:24.0428549Z Worker ID: {ce155e92-cb12-4a33-903b-88289029d87d}
2026-10-09T04:14:24.0429239Z Region: centralus
2026-10-09T04:14:24.0429835Z Cloud: Azure
2026-10-09T04:14:24.0430373Z ##[endgroup]
2026-10-09T04:14:24.0431912Z ##[group]Operating System
2026-10-09T04:14:24.0432603Z Ubuntu
2026-10-09T04:14:24.0433117Z 24.04.5
2026-10-09T04:14:24.0433990Z LTS
2026-10-09T04:14:24.0434512Z ##[endgroup]
2026-10-09T04:14:24.0435080Z ##[group]Runner Image
2026-10-09T04:14:24.0435714Z Image: ubuntu-24.04
2026-10-09T04:14:24.0436278Z Version: 20261004.327.1
2026-10-09T04:14:24.0437603Z Included Software: https://github.com/actions/runner-images/blob/ubuntu24/20261004.327/images/ubuntu/Ubuntu2404-Readme.md
2026-10-09T04:14:24.0439162Z Image Release: https://github.com/actions/runner-images/releases/tag/ubuntu24%2F20261004.327
2026-10-09T04:14:24.0440170Z ##[endgroup]
2026-10-09T04:14:24.0441348Z ##[group]GITHUB_TOKEN Permissions
2026-10-09T04:14:24.0443807Z Contents: read
2026-10-09T04:14:24.0444447Z Metadata: read
2026-10-09T04:14:24.0445052Z ##[endgroup]
2026-10-09T04:14:24.0447252Z Secret source: Actions
2026-10-09T04:14:24.0448131Z Cache mode: write
2026-10-09T04:14:24.0448986Z Prepare workflow directory
2026-10-09T04:14:24.0750692Z Prepare all required actions
2026-10-09T04:14:24.0790064Z Getting action download info
2026-10-09T04:14:24.2969798Z Download action repository 'actions/checkout@v4' (SHA:11d5960a326750d5838078e36cf38b85af677262)
2026-10-09T04:14:24.4077623Z Download action repository 'actions/setup-go@v5' (SHA:40f1582b2485089dde7abd97c1529aa768e1baff)
2026-10-09T04:14:24.9434519Z Download action repository 'actions/upload-artifact@v4' (SHA:ea165f8d65b6e75b540449e92b4886f43607fa02)
2026-10-09T04:14:25.1325990Z Complete job name: smtputf8-recovery
2026-10-09T04:14:25.1907105Z ##[group]Run actions/checkout@v4
2026-10-09T04:14:25.1907788Z with:
2026-10-09T04:14:25.1908187Z   persist-credentials: false
2026-10-09T04:14:25.1908645Z   fetch-depth: 0
2026-10-09T04:14:25.1909044Z   repository: jyqj/tabmail
2026-10-09T04:14:25.1912107Z   token: ***
2026-10-09T04:14:25.1912503Z   ssh-strict: true
2026-10-09T04:14:25.1912896Z   ssh-user: git
2026-10-09T04:14:25.1913585Z   clean: true
2026-10-09T04:14:25.1914072Z   sparse-checkout-cone-mode: true
2026-10-09T04:14:25.1914569Z   fetch-tags: false
2026-10-09T04:14:25.1915025Z   show-progress: true
2026-10-09T04:14:25.1915454Z   lfs: false
2026-10-09T04:14:25.1915841Z   submodules: false
2026-10-09T04:14:25.1916239Z   set-safe-directory: true
2026-10-09T04:14:25.1916686Z   allow-unsafe-pr-checkout: false
2026-10-09T04:14:25.1917354Z ##[endgroup]
2026-10-09T04:14:25.2648665Z Syncing repository: jyqj/tabmail
2026-10-09T04:14:25.2650047Z ##[group]Getting Git version info
2026-10-09T04:14:25.2650830Z Working directory is '/home/runner/work/tabmail/tabmail'
2026-10-09T04:14:25.2651755Z [command]/usr/bin/git version
2026-10-09T04:14:25.2704451Z git version 2.55.0
2026-10-09T04:14:25.2718683Z ##[endgroup]
2026-10-09T04:14:25.2728926Z Temporarily overriding HOME='/home/runner/work/_temp/c2da6069-aa9e-43ec-a126-24e4b190bd6f' before making global git config changes
2026-10-09T04:14:25.2730562Z Adding repository directory to the temporary git global config as a safe directory
2026-10-09T04:14:25.2732626Z [command]/usr/bin/git config --global --add safe.directory /home/runner/work/tabmail/tabmail
2026-10-09T04:14:25.2770049Z Deleting the contents of '/home/runner/work/tabmail/tabmail'
2026-10-09T04:14:25.2773619Z ##[group]Initializing the repository
2026-10-09T04:14:25.2776914Z [command]/usr/bin/git init /home/runner/work/tabmail/tabmail
2026-10-09T04:14:25.2867090Z hint: Using 'master' as the name for the initial branch. This default branch name
2026-10-09T04:14:25.2868205Z hint: will change to "main" in Git 3.0. To configure the initial branch name
2026-10-09T04:14:25.2869077Z hint: to use in all of your new repositories, which will suppress this warning,
2026-10-09T04:14:25.2869719Z hint: call:
2026-10-09T04:14:25.2870083Z hint:
2026-10-09T04:14:25.2870582Z hint: 	git config --global init.defaultBranch <name>
2026-10-09T04:14:25.2871105Z hint:
2026-10-09T04:14:25.2871590Z hint: Names commonly chosen instead of 'master' are 'main', 'trunk' and
2026-10-09T04:14:25.2872374Z hint: 'development'. The just-created branch can be renamed via this command:
2026-10-09T04:14:25.2872992Z hint:
2026-10-09T04:14:25.2873651Z hint: 	git branch -m <name>
2026-10-09T04:14:25.2874158Z hint:
2026-10-09T04:14:25.2874677Z hint: Disable this message with "git config set advice.defaultBranchName false"
2026-10-09T04:14:25.2876211Z Initialized empty Git repository in /home/runner/work/tabmail/tabmail/.git/
2026-10-09T04:14:25.2882876Z [command]/usr/bin/git remote add origin https://github.com/jyqj/tabmail
2026-10-09T04:14:25.2920126Z ##[endgroup]
2026-10-09T04:14:25.2920852Z ##[group]Disabling automatic garbage collection
2026-10-09T04:14:25.2921663Z [command]/usr/bin/git config --local gc.auto 0
2026-10-09T04:14:25.2944967Z ##[endgroup]
2026-10-09T04:14:25.2945742Z ##[group]Setting up auth
2026-10-09T04:14:25.2948891Z [command]/usr/bin/git config --local --name-only --get-regexp core\.sshCommand
2026-10-09T04:14:25.2968493Z [command]/usr/bin/git submodule foreach --recursive sh -c "git config --local --name-only --get-regexp 'core\.sshCommand' && git config --local --unset-all 'core.sshCommand' || :"
2026-10-09T04:14:25.3227997Z [command]/usr/bin/git config --local --name-only --get-regexp http\.https\:\/\/github\.com\/\.extraheader
2026-10-09T04:14:25.3247184Z [command]/usr/bin/git submodule foreach --recursive sh -c "git config --local --name-only --get-regexp 'http\.https\:\/\/github\.com\/\.extraheader' && git config --local --unset-all 'http.https://github.com/.extraheader' || :"
2026-10-09T04:14:25.3387272Z [command]/usr/bin/git config --local --name-only --get-regexp ^includeIf\.gitdir:
2026-10-09T04:14:25.3408032Z [command]/usr/bin/git submodule foreach --recursive git config --local --show-origin --name-only --get-regexp remote.origin.url
2026-10-09T04:14:25.3547839Z [command]/usr/bin/git config --local http.https://github.com/.extraheader AUTHORIZATION: basic ***
2026-10-09T04:14:25.3576403Z ##[endgroup]
2026-10-09T04:14:25.3577765Z ##[group]Fetching the repository
2026-10-09T04:14:25.3584361Z [command]/usr/bin/git -c protocol.version=2 fetch --prune --no-recurse-submodules origin +refs/heads/*:refs/remotes/origin/* +refs/tags/*:refs/tags/* +e7f80316b25dba2cf0a35996bd45c00c62443668:refs/remotes/pull/224/merge
2026-10-09T04:14:29.4970342Z From https://github.com/jyqj/tabmail
2026-10-09T04:14:29.4983990Z  * [new branch]      audit-pr21-41b015c                       -> origin/audit-pr21-41b015c
2026-10-09T04:14:29.4984868Z  * [new branch]      candidate/r5-consumer-adapter-20261004   -> origin/candidate/r5-consumer-adapter-20261004
2026-10-09T04:14:29.4985773Z  * [new branch]      candidate/r5-consumer-adapter-corrected-20261004 -> origin/candidate/r5-consumer-adapter-corrected-20261004
2026-10-09T04:14:29.4986571Z  * [new branch]      candidate/r5-consumer-classifier-contract-20261004 -> origin/candidate/r5-consumer-classifier-contract-20261004
2026-10-09T04:14:29.4987263Z  * [new branch]      candidate/r5-consumer-generated-provenance-20261004 -> origin/candidate/r5-consumer-generated-provenance-20261004
2026-10-09T04:14:29.4987862Z  * [new branch]      candidate/r5-runtime-v3-20261004         -> origin/candidate/r5-runtime-v3-20261004
2026-10-09T04:14:29.4988353Z  * [new branch]      candidate/r5-slice4-batch-20261004       -> origin/candidate/r5-slice4-batch-20261004
2026-10-09T04:14:29.4988880Z  * [new branch]      candidate/slice4-bridge-caller-20261004  -> origin/candidate/slice4-bridge-caller-20261004
2026-10-09T04:14:29.4989704Z  * [new branch]      chore/company-mail-r5-checkpoint-20260930 -> origin/chore/company-mail-r5-checkpoint-20260930
2026-10-09T04:14:29.4990639Z  * [new branch]      chore/selected-v3-metadata-gate-20261004-pnkZA9ce -> origin/chore/selected-v3-metadata-gate-20261004-pnkZA9ce
2026-10-09T04:14:29.4991298Z  * [new branch]      ci/company-mail-r5-wiring-20261003       -> origin/ci/company-mail-r5-wiring-20261003
2026-10-09T04:14:29.4991820Z  * [new branch]      cloud/r5-source-integration-20261004     -> origin/cloud/r5-source-integration-20261004
2026-10-09T04:14:29.4992451Z  * [new branch]      cloud/r5-union-components-f52-20261004-prestart-c741 -> origin/cloud/r5-union-components-f52-20261004-prestart-c741
2026-10-09T04:14:29.4993080Z  * [new branch]      cloud/r5-union-dbhttp-f52-20261004-0449  -> origin/cloud/r5-union-dbhttp-f52-20261004-0449
2026-10-09T04:14:29.4993850Z  * [new branch]      cloud/r5-union-default-f52-20261004-0441 -> origin/cloud/r5-union-default-f52-20261004-0441
2026-10-09T04:14:29.4994377Z  * [new branch]      codex/pe-independent-review              -> origin/codex/pe-independent-review
2026-10-09T04:14:29.4994861Z  * [new branch]      codex/pe-shared-adapter                  -> origin/codex/pe-shared-adapter
2026-10-09T04:14:29.4995424Z  * [new branch]      codex/r5-approved-catalog-reconciliation-20261004 -> origin/codex/r5-approved-catalog-reconciliation-20261004
2026-10-09T04:14:29.4996018Z  * [new branch]      codex/r5-compatibility-source-boundary   -> origin/codex/r5-compatibility-source-boundary
2026-10-09T04:14:29.4996552Z  * [new branch]      codex/r5-compile-stability-20261004      -> origin/codex/r5-compile-stability-20261004
2026-10-09T04:14:29.4997095Z  * [new branch]      codex/r5-current-wire-20261003           -> origin/codex/r5-current-wire-20261003
2026-10-09T04:14:29.4997800Z  * [new branch]      codex/r5-env-evidence-20261004           -> origin/codex/r5-env-evidence-20261004
2026-10-09T04:14:29.4998686Z  * [new branch]      codex/r5-external-runtime-20261003       -> origin/codex/r5-external-runtime-20261003
2026-10-09T04:14:29.4999497Z  * [new branch]      codex/r5-v3-preparation-slice2           -> origin/codex/r5-v3-preparation-slice2
2026-10-09T04:14:29.5000225Z  * [new branch]      design/r5-v3-consumer-opt-in-20261004    -> origin/design/r5-v3-consumer-opt-in-20261004
2026-10-09T04:14:29.5000948Z  * [new branch]      docs/r5-archive-boundary-v1              -> origin/docs/r5-archive-boundary-v1
2026-10-09T04:14:29.5001718Z  * [new branch]      evidence/r5-catalog-rev11-3a-20261008-b8f95a -> origin/evidence/r5-catalog-rev11-3a-20261008-b8f95a
2026-10-09T04:14:29.5002463Z  * [new branch]      experiment/goose-buffer-64k              -> origin/experiment/goose-buffer-64k
2026-10-09T04:14:29.5004199Z  * [new branch]      feat/r5-archive-boundary-v1              -> origin/feat/r5-archive-boundary-v1
2026-10-09T04:14:29.5004793Z  * [new branch]      feat/runtime-batch-validation            -> origin/feat/runtime-batch-validation
2026-10-09T04:14:29.5005265Z  * [new branch]      fix/auth-body-limit-20261005             -> origin/fix/auth-body-limit-20261005
2026-10-09T04:14:29.5005822Z  * [new branch]      fix/batch-supervisor-lifecycle-20261004  -> origin/fix/batch-supervisor-lifecycle-20261004
2026-10-09T04:14:29.5006347Z  * [new branch]      fix/browser-reply-journey-20261003       -> origin/fix/browser-reply-journey-20261003
2026-10-09T04:14:29.5006865Z  * [new branch]      fix/compose-query-completion-20261005    -> origin/fix/compose-query-completion-20261005
2026-10-09T04:14:29.5007386Z  * [new branch]      fix/compose-send-lifecycle-20261005      -> origin/fix/compose-send-lifecycle-20261005
2026-10-09T04:14:29.5007870Z  * [new branch]      fix/direct-null-mx-20261006              -> origin/fix/direct-null-mx-20261006
2026-10-09T04:14:29.5008440Z  * [new branch]      fix/draft-reload-serialization-20261005  -> origin/fix/draft-reload-serialization-20261005
2026-10-09T04:14:29.5009000Z  * [new branch]      fix/editor-opening-ownership-20261005    -> origin/fix/editor-opening-ownership-20261005
2026-10-09T04:14:29.5009650Z  * [new branch]      fix/lf01-frozen-offboarding              -> origin/fix/lf01-frozen-offboarding
2026-10-09T04:14:29.5010149Z  * [new branch]      fix/live-content-refresh-20261005        -> origin/fix/live-content-refresh-20261005
2026-10-09T04:14:29.5010681Z  * [new branch]      fix/mail-reader-invalidation-20261004    -> origin/fix/mail-reader-invalidation-20261004
2026-10-09T04:14:29.5011266Z  * [new branch]      fix/message-action-reconciliation-20261005 -> origin/fix/message-action-reconciliation-20261005
2026-10-09T04:14:29.5011817Z  * [new branch]      fix/offboarding-successor-authz          -> origin/fix/offboarding-successor-authz
2026-10-09T04:14:29.5012300Z  * [new branch]      fix/pr21-client-inventory                -> origin/fix/pr21-client-inventory
2026-10-09T04:14:29.5012775Z  * [new branch]      fix/pr21-harness-lint-41b015c            -> origin/fix/pr21-harness-lint-41b015c
2026-10-09T04:14:29.5013629Z  * [new branch]      fix/profile-refresh-three-way-20261003   -> origin/fix/profile-refresh-three-way-20261003
2026-10-09T04:14:29.5014237Z  * [new branch]      fix/r5-benchmark-strict-evidence-20261001 -> origin/fix/r5-benchmark-strict-evidence-20261001
2026-10-09T04:14:29.5014818Z  * [new branch]      fix/r5-descriptor-tests                  -> origin/fix/r5-descriptor-tests
2026-10-09T04:14:29.5015304Z  * [new branch]      fix/r5-excluded-metadata                 -> origin/fix/r5-excluded-metadata
2026-10-09T04:14:29.5015775Z  * [new branch]      fix/r5-fixture-owner-join                -> origin/fix/r5-fixture-owner-join
2026-10-09T04:14:29.5016303Z  * [new branch]      fix/r5-legacy-recipients-alias-20261003  -> origin/fix/r5-legacy-recipients-alias-20261003
2026-10-09T04:14:29.5016809Z  * [new branch]      fix/r5-pe-seed-f875                      -> origin/fix/r5-pe-seed-f875
2026-10-09T04:14:29.5017293Z  * [new branch]      fix/r5-rc-receipt-contract-20261003      -> origin/fix/r5-rc-receipt-contract-20261003
2026-10-09T04:14:29.5017830Z  * [new branch]      fix/r5-receipt-inspection-test-gate      -> origin/fix/r5-receipt-inspection-test-gate
2026-10-09T04:14:29.5018482Z  * [new branch]      fix/r5-receipt-surface-contract-20261003 -> origin/fix/r5-receipt-surface-contract-20261003
2026-10-09T04:14:29.5019013Z  * [new branch]      fix/r5-router-touch-oracle               -> origin/fix/r5-router-touch-oracle
2026-10-09T04:14:29.5019513Z  * [new branch]      fix/r5-schema16-benchmark-fixtures       -> origin/fix/r5-schema16-benchmark-fixtures
2026-10-09T04:14:29.5020062Z  * [new branch]      fix/r5-selected-source-binding-20261003  -> origin/fix/r5-selected-source-binding-20261003
2026-10-09T04:14:29.5020622Z  * [new branch]      fix/r5-shared-receipt-legacy-20261003    -> origin/fix/r5-shared-receipt-legacy-20261003
2026-10-09T04:14:29.5021180Z  * [new branch]      fix/r5-source-excluded-metadata-20261003 -> origin/fix/r5-source-excluded-metadata-20261003
2026-10-09T04:14:29.5021727Z  * [new branch]      fix/r5-source-runner-preparation         -> origin/fix/r5-source-runner-preparation
2026-10-09T04:14:29.5022233Z  * [new branch]      fix/r5-stream-transport                  -> origin/fix/r5-stream-transport
2026-10-09T04:14:29.5022708Z  * [new branch]      fix/r5-transaction-inventory             -> origin/fix/r5-transaction-inventory
2026-10-09T04:14:29.5023203Z  * [new branch]      fix/r5-v3-producer-path-20261004         -> origin/fix/r5-v3-producer-path-20261004
2026-10-09T04:14:29.5023893Z  * [new branch]      fix/r5-v3-rejection-evidence-20261004    -> origin/fix/r5-v3-rejection-evidence-20261004
2026-10-09T04:14:29.5024525Z  * [new branch]      fix/receipt-aggregate-refresh-20261005   -> origin/fix/receipt-aggregate-refresh-20261005
2026-10-09T04:14:29.5025102Z  * [new branch]      fix/recipient-reload-display-20261005    -> origin/fix/recipient-reload-display-20261005
2026-10-09T04:14:29.5025677Z  * [new branch]      fix/selected-attestation-stable-capture  -> origin/fix/selected-attestation-stable-capture
2026-10-09T04:14:29.5026237Z  * [new branch]      fix/sent-action-lifecycle-20261005       -> origin/fix/sent-action-lifecycle-20261005
2026-10-09T04:14:29.5026814Z  * [new branch]      fix/smtp-data-cause-20261006             -> origin/fix/smtp-data-cause-20261006
2026-10-09T04:14:29.5027295Z  * [new branch]      fix/smtp-owner-logger-gate               -> origin/fix/smtp-owner-logger-gate
2026-10-09T04:14:29.5027757Z  * [new branch]      fix/sse-framing-20261004                 -> origin/fix/sse-framing-20261004
2026-10-09T04:14:29.5028244Z  * [new branch]      fix/subject-wire-encoding-20261006       -> origin/fix/subject-wire-encoding-20261006
2026-10-09T04:14:29.5028772Z  * [new branch]      fix/tabmail-exec-round3-20261009         -> origin/fix/tabmail-exec-round3-20261009
2026-10-09T04:14:29.5029310Z  * [new branch]      fix/tabmail-followup-recovery-20261008   -> origin/fix/tabmail-followup-recovery-20261008
2026-10-09T04:14:29.5029876Z  * [new branch]      integration/catalog-v3-frozen-20261004   -> origin/integration/catalog-v3-frozen-20261004
2026-10-09T04:14:29.5030430Z  * [new branch]      integration/company-mail-r5-20261003     -> origin/integration/company-mail-r5-20261003
2026-10-09T04:14:29.5031005Z  * [new branch]      integration/company-mail-r5-batch2-20261003 -> origin/integration/company-mail-r5-batch2-20261003
2026-10-09T04:14:29.5031593Z  * [new branch]      integration/company-mail-r5-batch3-20261003 -> origin/integration/company-mail-r5-batch3-20261003
2026-10-09T04:14:29.5032196Z  * [new branch]      integration/company-mail-r5-batch4-20261003 -> origin/integration/company-mail-r5-batch4-20261003
2026-10-09T04:14:29.5032779Z  * [new branch]      integration/company-mail-r5-batch5-20261003 -> origin/integration/company-mail-r5-batch5-20261003
2026-10-09T04:14:29.5033567Z  * [new branch]      integration/company-mail-r5-pr-management-20261007 -> origin/integration/company-mail-r5-pr-management-20261007
2026-10-09T04:14:29.5034195Z  * [new branch]      integration/pe-lf-components-20261004    -> origin/integration/pe-lf-components-20261004
2026-10-09T04:14:29.5034825Z  * [new branch]      integration/r5-consumer-slices23-20261004 -> origin/integration/r5-consumer-slices23-20261004
2026-10-09T04:14:29.5035379Z  * [new branch]      integration/r5-slice4-combined-20261004  -> origin/integration/r5-slice4-combined-20261004
2026-10-09T04:14:29.5035982Z  * [new branch]      integration/r5-source-combined-20261003  -> origin/integration/r5-source-combined-20261003
2026-10-09T04:14:29.5036540Z  * [new branch]      investigate/pe03-profile-editor          -> origin/investigate/pe03-profile-editor
2026-10-09T04:14:29.5036983Z  * [new branch]      main                                     -> origin/main
2026-10-09T04:14:29.5037414Z  * [new branch]      prep/source-policy-20261003              -> origin/prep/source-policy-20261003
2026-10-09T04:14:29.5037916Z  * [new branch]      r5-cloud-background-20261003             -> origin/r5-cloud-background-20261003
2026-10-09T04:14:29.5038414Z  * [new branch]      r5-cloud-smtp-owner-20261003             -> origin/r5-cloud-smtp-owner-20261003
2026-10-09T04:14:29.5038922Z  * [new branch]      r5-permission-audit-20261003             -> origin/r5-permission-audit-20261003
2026-10-09T04:14:29.5039443Z  * [new branch]      r5-source-v3-pure-isolated-20261003      -> origin/r5-source-v3-pure-isolated-20261003
2026-10-09T04:14:29.5040003Z  * [new branch]      r5/formal-components-f875-20261004       -> origin/r5/formal-components-f875-20261004
2026-10-09T04:14:29.5040570Z  * [new branch]      review/external-batch-independent-20261004 -> origin/review/external-batch-independent-20261004
2026-10-09T04:14:29.5041148Z  * [new branch]      review/independent-frontend-7a43654      -> origin/review/independent-frontend-7a43654
2026-10-09T04:14:29.5041759Z  * [new branch]      review/offboarding-pair-independent-20261004 -> origin/review/offboarding-pair-independent-20261004
2026-10-09T04:14:29.5042327Z  * [new branch]      review/r5-archive-fixed-0c1f4f6          -> origin/review/r5-archive-fixed-0c1f4f6
2026-10-09T04:14:29.5042901Z  * [new branch]      review/r5-catalog-independent-cloud-20261004 -> origin/review/r5-catalog-independent-cloud-20261004
2026-10-09T04:14:29.5043769Z  * [new branch]      review/r5-classifier-independent-20261004 -> origin/review/r5-classifier-independent-20261004
2026-10-09T04:14:29.5044363Z  * [new branch]      review/r5-corrected-independent-20261004 -> origin/review/r5-corrected-independent-20261004
2026-10-09T04:14:29.5044916Z  * [new branch]      review/r5-env-independent-20261004       -> origin/review/r5-env-independent-20261004
2026-10-09T04:14:29.5045481Z  * [new branch]      review/r5-env-p2-delta-independent-20261004 -> origin/review/r5-env-p2-delta-independent-20261004
2026-10-09T04:14:29.5046067Z  * [new branch]      review/r5-generated-independent-20261004 -> origin/review/r5-generated-independent-20261004
2026-10-09T04:14:29.5046606Z  * [new branch]      review/r5-independent-20261004           -> origin/review/r5-independent-20261004
2026-10-09T04:14:29.5047197Z  * [new branch]      review/r5-preparation-slice2-independent-20261004 -> origin/review/r5-preparation-slice2-independent-20261004
2026-10-09T04:14:29.5047889Z  * [new branch]      review/r5-runtime-v3-slice3-independent-20261004 -> origin/review/r5-runtime-v3-slice3-independent-20261004
2026-10-09T04:14:29.5048521Z  * [new branch]      review/r5-slice4-batch-independent-20261004 -> origin/review/r5-slice4-batch-independent-20261004
2026-10-09T04:14:29.5049098Z  * [new branch]      review/r5-slice5-independent-20261004    -> origin/review/r5-slice5-independent-20261004
2026-10-09T04:14:29.5049725Z  * [new branch]      review/selected-attestation-v1-independent-20261003 -> origin/review/selected-attestation-v1-independent-20261003
2026-10-09T04:14:29.5050362Z  * [new branch]      review/slice4-bridge-independent-20261004 -> origin/review/slice4-bridge-independent-20261004
2026-10-09T04:14:29.5050953Z  * [new branch]      review/source-excluded-independent-20261003 -> origin/review/source-excluded-independent-20261003
2026-10-09T04:14:29.5051605Z  * [new branch]      tooling/selected-binding-v3-20261004     -> origin/tooling/selected-binding-v3-20261004
2026-10-09T04:14:29.5052165Z  * [new branch]      verification/r5-slice5-closure-20261004  -> origin/verification/r5-slice5-closure-20261004
2026-10-09T04:14:29.5052770Z  * [new branch]      verification/r5-slice5-physical-plan-v2-20261004 -> origin/verification/r5-slice5-physical-plan-v2-20261004
2026-10-09T04:14:29.5053494Z  * [new branch]      work/company-mail-r5-goal-20260930       -> origin/work/company-mail-r5-goal-20260930
2026-10-09T04:14:29.5054068Z  * [new branch]      work/r5-followup-round3-source-20261007  -> origin/work/r5-followup-round3-source-20261007
2026-10-09T04:14:29.5054584Z  * [new tag]         archive/codex-deep-authz                 -> archive/codex-deep-authz
2026-10-09T04:14:29.5055085Z  * [new tag]         archive/ingress-operations-console       -> archive/ingress-operations-console
2026-10-09T04:14:29.5055576Z  * [new tag]         baseline/company-mail-r4-20260928        -> baseline/company-mail-r4-20260928
2026-10-09T04:14:29.5056084Z  * [new tag]         baseline/company-mail-r5-b01u-20260930   -> baseline/company-mail-r5-b01u-20260930
2026-10-09T04:14:29.5056524Z  * [new tag]         v1.0.0                                   -> v1.0.0
2026-10-09T04:14:29.5056896Z  * [new ref]         e7f80316b25dba2cf0a35996bd45c00c62443668 -> pull/224/merge
2026-10-09T04:14:29.5058250Z ##[endgroup]
2026-10-09T04:14:29.5058627Z ##[group]Determining the checkout info
2026-10-09T04:14:29.5059018Z ##[endgroup]
2026-10-09T04:14:29.5059262Z [command]/usr/bin/git sparse-checkout disable
2026-10-09T04:14:29.5683554Z [command]/usr/bin/git config --local --unset-all extensions.worktreeConfig
2026-10-09T04:14:29.5873634Z ##[group]Checking out the ref
2026-10-09T04:14:29.5876833Z [command]/usr/bin/git checkout --progress --force refs/remotes/pull/224/merge
2026-10-09T04:14:29.9874882Z Note: switching to 'refs/remotes/pull/224/merge'.
2026-10-09T04:14:29.9875189Z 
2026-10-09T04:14:29.9875412Z You are in 'detached HEAD' state. You can look around, make experimental
2026-10-09T04:14:29.9876114Z changes and commit them, and you can discard any commits you make in this
2026-10-09T04:14:29.9876549Z state without impacting any branches by switching back to a branch.
2026-10-09T04:14:29.9876824Z 
2026-10-09T04:14:29.9877005Z If you want to create a new branch to retain commits you create, you may
2026-10-09T04:14:29.9877449Z do so (now or later) by using -c with the switch command. Example:
2026-10-09T04:14:29.9877703Z 
2026-10-09T04:14:29.9877804Z   git switch -c <new-branch-name>
2026-10-09T04:14:29.9877987Z 
2026-10-09T04:14:29.9878092Z Or undo this operation with:
2026-10-09T04:14:29.9878246Z 
2026-10-09T04:14:29.9878356Z   git switch -
2026-10-09T04:14:29.9878472Z 
2026-10-09T04:14:29.9878691Z Turn off this advice by setting config variable advice.detachedHead to false
2026-10-09T04:14:29.9878989Z 
2026-10-09T04:14:29.9879375Z HEAD is now at e7f8031 Merge a0c61d24b17030577566b120a7ddd810506b25e7 into ff43326e81f262daaac7b3dfd8b3047a8f51743b
2026-10-09T04:14:29.9928528Z ##[endgroup]
2026-10-09T04:14:29.9931796Z [command]/usr/bin/git log -1 --format=%H
2026-10-09T04:14:29.9950105Z e7f80316b25dba2cf0a35996bd45c00c62443668
2026-10-09T04:14:29.9958737Z ##[group]Removing auth
2026-10-09T04:14:29.9961016Z [command]/usr/bin/git config --local --name-only --get-regexp core\.sshCommand
2026-10-09T04:14:29.9981898Z [command]/usr/bin/git submodule foreach --recursive sh -c "git config --local --name-only --get-regexp 'core\.sshCommand' && git config --local --unset-all 'core.sshCommand' || :"
2026-10-09T04:14:30.0131381Z [command]/usr/bin/git config --local --name-only --get-regexp http\.https\:\/\/github\.com\/\.extraheader
2026-10-09T04:14:30.0175601Z http.https://github.com/.extraheader
2026-10-09T04:14:30.0181194Z [command]/usr/bin/git config --local --unset-all http.https://github.com/.extraheader
2026-10-09T04:14:30.0283639Z [command]/usr/bin/git submodule foreach --recursive sh -c "git config --local --name-only --get-regexp 'http\.https\:\/\/github\.com\/\.extraheader' && git config --local --unset-all 'http.https://github.com/.extraheader' || :"
2026-10-09T04:14:30.0454316Z [command]/usr/bin/git config --local --name-only --get-regexp ^includeIf\.gitdir:
2026-10-09T04:14:30.0455986Z [command]/usr/bin/git submodule foreach --recursive git config --local --show-origin --name-only --get-regexp remote.origin.url
2026-10-09T04:14:30.0590168Z ##[endgroup]
2026-10-09T04:14:30.0790719Z ##[group]Run actions/setup-go@v5
2026-10-09T04:14:30.0790900Z with:
2026-10-09T04:14:30.0791047Z   go-version-file: go.mod
2026-10-09T04:14:30.0791227Z   check-latest: false
2026-10-09T04:14:30.0792859Z   token: ***
2026-10-09T04:14:30.0792998Z   cache: true
2026-10-09T04:14:30.0793140Z ##[endgroup]
2026-10-09T04:14:30.1783070Z Setup go version spec 1.25.7
2026-10-09T04:14:30.1789351Z Attempting to download 1.25.7...
2026-10-09T04:14:30.1865107Z (node:2167) [DEP0040] DeprecationWarning: The `punycode` module is deprecated. Please use a userland alternative instead.
2026-10-09T04:14:30.1865751Z (Use `node --trace-deprecation ...` to show where the warning was created)
2026-10-09T04:14:30.8707162Z matching 1.25.7...
2026-10-09T04:14:30.8733512Z Acquiring 1.25.7 from https://github.com/actions/go-versions/releases/download/1.25.7-21696103256/go-1.25.7-linux-x64.tar.gz
2026-10-09T04:14:31.4664205Z Extracting Go...
2026-10-09T04:14:31.4744532Z [command]/usr/bin/tar xz --warning=no-unknown-keyword --overwrite -C /home/runner/work/_temp/139a35b4-e7f0-48e8-8394-4df760d57511 -f /home/runner/work/_temp/4df2d99d-ac2c-4c54-8c8d-7ac3d9f34d92
2026-10-09T04:14:32.5515143Z Successfully extracted go to /home/runner/work/_temp/139a35b4-e7f0-48e8-8394-4df760d57511
2026-10-09T04:14:32.5542442Z Adding to the cache ...
2026-10-09T04:14:40.4698426Z Successfully cached go to /opt/hostedtoolcache/go/1.25.7/x64
2026-10-09T04:14:40.4700638Z Added go to the path
2026-10-09T04:14:40.4702612Z Successfully set up Go version 1.25.7
2026-10-09T04:14:40.4853503Z [command]/opt/hostedtoolcache/go/1.25.7/x64/bin/go env GOCACHE
2026-10-09T04:14:40.4873745Z [command]/opt/hostedtoolcache/go/1.25.7/x64/bin/go env GOMODCACHE
2026-10-09T04:14:40.4914267Z /home/runner/.cache/go-build
2026-10-09T04:14:40.4916668Z /home/runner/go/pkg/mod
2026-10-09T04:14:40.6569654Z Cache hit for: setup-go-Linux-x64-ubuntu24-go-1.25.7-4513745f7b95ab0bc8e1f9edd24c294514fb4a9ee51f2290b342654582d5d782
2026-10-09T04:14:40.6645858Z (node:2167) [DEP0169] DeprecationWarning: `url.parse()` behavior is not standardized and prone to errors that have security implications. Use the WHATWG URL API instead. CVEs are not issued for `url.parse()` vulnerabilities.
2026-10-09T04:14:41.7911199Z Received 121634816 of 266857975 (45.6%), 116.1 MBs/sec
2026-10-09T04:14:42.5999188Z Received 266857975 of 266857975 (100.0%), 140.8 MBs/sec
2026-10-09T04:14:42.5999544Z Cache Size: ~254 MB (266857975 B)
2026-10-09T04:14:42.6028604Z [command]/usr/bin/tar -xf /home/runner/work/_temp/6f0454bf-52dc-4c51-9ec1-26d573630a4c/cache.tzst -P -C /home/runner/work/tabmail/tabmail --use-compress-program unzstd
2026-10-09T04:14:43.4391541Z Cache restored successfully
2026-10-09T04:14:43.4480816Z Cache restored from key: setup-go-Linux-x64-ubuntu24-go-1.25.7-4513745f7b95ab0bc8e1f9edd24c294514fb4a9ee51f2290b342654582d5d782
2026-10-09T04:14:43.4504264Z go version go1.25.7 linux/amd64
2026-10-09T04:14:43.4504469Z 
2026-10-09T04:14:43.4504766Z ##[group]go env
2026-10-09T04:14:43.4597146Z AR='ar'
2026-10-09T04:14:43.4597377Z CC='gcc'
2026-10-09T04:14:43.4597534Z CGO_CFLAGS='-O2 -g'
2026-10-09T04:14:43.4597707Z CGO_CPPFLAGS=''
2026-10-09T04:14:43.4597961Z CGO_CXXFLAGS='-O2 -g'
2026-10-09T04:14:43.4598129Z CGO_ENABLED='1'
2026-10-09T04:14:43.4598338Z CGO_FFLAGS='-O2 -g'
2026-10-09T04:14:43.4598514Z CGO_LDFLAGS='-O2 -g'
2026-10-09T04:14:43.4598670Z CXX='g++'
2026-10-09T04:14:43.4598819Z GCCGO='gccgo'
2026-10-09T04:14:43.4598973Z GO111MODULE=''
2026-10-09T04:14:43.4599115Z GOAMD64='v1'
2026-10-09T04:14:43.4599255Z GOARCH='amd64'
2026-10-09T04:14:43.4599393Z GOAUTH='netrc'
2026-10-09T04:14:43.4599553Z GOBIN=''
2026-10-09T04:14:43.4599712Z GOCACHE='/home/runner/.cache/go-build'
2026-10-09T04:14:43.4599909Z GOCACHEPROG=''
2026-10-09T04:14:43.4600050Z GODEBUG=''
2026-10-09T04:14:43.4600221Z GOENV='/home/runner/.config/go/env'
2026-10-09T04:14:43.4600403Z GOEXE=''
2026-10-09T04:14:43.4600543Z GOEXPERIMENT=''
2026-10-09T04:14:43.4600690Z GOFIPS140='off'
2026-10-09T04:14:43.4600832Z GOFLAGS=''
2026-10-09T04:14:43.4601472Z GOGCCFLAGS='-fPIC -m64 -pthread -Wl,--no-gc-sections -fmessage-length=0 -ffile-prefix-map=/tmp/go-build3200483079=/tmp/go-build -gno-record-gcc-switches'
2026-10-09T04:14:43.4601938Z GOHOSTARCH='amd64'
2026-10-09T04:14:43.4602097Z GOHOSTOS='linux'
2026-10-09T04:14:43.4602250Z GOINSECURE=''
2026-10-09T04:14:43.4602434Z GOMOD='/home/runner/work/tabmail/tabmail/go.mod'
2026-10-09T04:14:43.4602659Z GOMODCACHE='/home/runner/go/pkg/mod'
2026-10-09T04:14:43.4602843Z GONOPROXY=''
2026-10-09T04:14:43.4602984Z GONOSUMDB=''
2026-10-09T04:14:43.4603132Z GOOS='linux'
2026-10-09T04:14:43.4603495Z GOPATH='/home/runner/go'
2026-10-09T04:14:43.4603695Z GOPRIVATE=''
2026-10-09T04:14:43.4603900Z GOPROXY='https://proxy.golang.org,direct'
2026-10-09T04:14:43.4604149Z GOROOT='/opt/hostedtoolcache/go/1.25.7/x64'
2026-10-09T04:14:43.4604362Z GOSUMDB='sum.golang.org'
2026-10-09T04:14:43.4604535Z GOTELEMETRY='local'
2026-10-09T04:14:43.4604724Z GOTELEMETRYDIR='/home/runner/.config/go/telemetry'
2026-10-09T04:14:43.4604936Z GOTMPDIR=''
2026-10-09T04:14:43.4605091Z GOTOOLCHAIN='auto'
2026-10-09T04:14:43.4605319Z GOTOOLDIR='/opt/hostedtoolcache/go/1.25.7/x64/pkg/tool/linux_amd64'
2026-10-09T04:14:43.4605557Z GOVCS=''
2026-10-09T04:14:43.4605699Z GOVERSION='go1.25.7'
2026-10-09T04:14:43.4605853Z GOWORK=''
2026-10-09T04:14:43.4605999Z PKG_CONFIG='pkg-config'
2026-10-09T04:14:43.4606100Z 
2026-10-09T04:14:43.4606359Z ##[endgroup]
2026-10-09T04:14:43.5002463Z ##[group]Run python3 -B -m unittest discover -s scripts/tests -p test_r5_smtputf8_recovery.py -v
2026-10-09T04:14:43.5002988Z [36;1mpython3 -B -m unittest discover -s scripts/tests -p test_r5_smtputf8_recovery.py -v[0m
2026-10-09T04:14:43.5702706Z shell: /usr/bin/bash -e {0}
2026-10-09T04:14:43.5702911Z ##[endgroup]
2026-10-09T04:14:43.6877793Z test_accepts_exact_baseline_71_pass_38_fail_and_candidate_109_pass (test_r5_smtputf8_recovery.SMTPUTF8RecoveryVerifierTest.test_accepts_exact_baseline_71_pass_38_fail_and_candidate_109_pass) ... ok
2026-10-09T04:14:43.6976660Z test_rejects_absent_fake_duplicate_or_reassigned_wire_evidence (test_r5_smtputf8_recovery.SMTPUTF8RecoveryVerifierTest.test_rejects_absent_fake_duplicate_or_reassigned_wire_evidence) ... ok
2026-10-09T04:14:43.7099689Z test_rejects_empty_unrelated_build_race_or_panic_execution (test_r5_smtputf8_recovery.SMTPUTF8RecoveryVerifierTest.test_rejects_empty_unrelated_build_race_or_panic_execution) ... ok
2026-10-09T04:14:43.7204674Z test_rejects_extra_assertions_in_any_scope_and_duplicate_allowed_assertions (test_r5_smtputf8_recovery.SMTPUTF8RecoveryVerifierTest.test_rejects_extra_assertions_in_any_scope_and_duplicate_allowed_assertions) ... ok
2026-10-09T04:14:43.7324201Z test_rejects_missing_duplicate_skipped_and_unfinished_execution (test_r5_smtputf8_recovery.SMTPUTF8RecoveryVerifierTest.test_rejects_missing_duplicate_skipped_and_unfinished_execution) ... ok
2026-10-09T04:14:43.7428032Z test_rejects_wrong_failure_set_or_exit_code (test_r5_smtputf8_recovery.SMTPUTF8RecoveryVerifierTest.test_rejects_wrong_failure_set_or_exit_code) ... ok
2026-10-09T04:14:43.7428436Z 
2026-10-09T04:14:43.7428574Z ----------------------------------------------------------------------
2026-10-09T04:14:43.7428821Z Ran 6 tests in 0.058s
2026-10-09T04:14:43.7428925Z 
2026-10-09T04:14:43.7428988Z OK
2026-10-09T04:14:43.7600434Z ##[group]Run set -euo pipefail
2026-10-09T04:14:43.7600709Z [36;1mset -euo pipefail[0m
2026-10-09T04:14:43.7601198Z [36;1mgit worktree add --detach "$RUNNER_TEMP/tabmail-smtputf8-baseline" ff43326e81f262daaac7b3dfd8b3047a8f51743b[0m
2026-10-09T04:14:43.7601707Z [36;1mpython3 -B scripts/run_r5_smtputf8_recovery.py \[0m
2026-10-09T04:14:43.7602113Z [36;1m  --baseline "$RUNNER_TEMP/tabmail-smtputf8-baseline" --candidate . \[0m
2026-10-09T04:14:43.7602517Z [36;1m  --output "$RUNNER_TEMP/tabmail-smtputf8-evidence"[0m
2026-10-09T04:14:43.7642483Z shell: /usr/bin/bash -e {0}
2026-10-09T04:14:43.7642691Z ##[endgroup]
2026-10-09T04:14:43.8725235Z Preparing worktree (detached HEAD ff43326)
2026-10-09T04:14:44.2171169Z HEAD is now at ff43326 Merge R5 EXEC round 2: complete names, rich drafts and DATA boundary tasks
2026-10-09T04:14:54.2365250Z {"passed": true, "results": {"baseline": {"started_ids": ["TestExecSMTPUTF8Capabilities", "TestExecSMTPUTF8Capabilities/direct_plain/capable=false/ascii_quoted_alabel", "TestExecSMTPUTF8Capabilities/direct_plain/capable=false/eight_bit_body_only", "TestExecSMTPUTF8Capabilities/direct_plain/capable=false/encoded_headers_body_and_attachment", "TestExecSMTPUTF8Capabilities/direct_plain/capable=false/unicode_domain_envelope_only", "TestExecSMTPUTF8Capabilities/direct_plain/capable=false/unicode_last_bcc", "TestExecSMTPUTF8Capabilities/direct_plain/capable=false/unicode_recipient_envelope_only", "TestExecSMTPUTF8Capabilities/direct_plain/capable=false/unicode_sender_envelope_only", "TestExecSMTPUTF8Capabilities/direct_plain/capable=false/unicode_top_level_header", "TestExecSMTPUTF8Capabilities/direct_plain/capable=true/ascii_quoted_alabel", "TestExecSMTPUTF8Capabilities/direct_plain/capable=true/eight_bit_body_only", "TestExecSMTPUTF8Capabilities/direct_plain/capable=true/encoded_headers_body_and_attachment", "TestExecSMTPUTF8Capabilities/direct_plain/capable=true/unicode_domain_envelope_only", "TestExecSMTPUTF8Capabilities/direct_plain/capable=true/unicode_last_bcc", "TestExecSMTPUTF8Capabilities/direct_plain/capable=true/unicode_recipient_envelope_only", "TestExecSMTPUTF8Capabilities/direct_plain/capable=true/unicode_sender_envelope_only", "TestExecSMTPUTF8Capabilities/direct_plain/capable=true/unicode_top_level_header", "TestExecSMTPUTF8Capabilities/direct_starttls/capable=false/ascii_quoted_alabel", "TestExecSMTPUTF8Capabilities/direct_starttls/capable=false/eight_bit_body_only", "TestExecSMTPUTF8Capabilities/direct_starttls/capable=false/encoded_headers_body_and_attachment", "TestExecSMTPUTF8Capabilities/direct_starttls/capable=false/unicode_domain_envelope_only", "TestExecSMTPUTF8Capabilities/direct_starttls/capable=false/unicode_last_bcc", "TestExecSMTPUTF8Capabilities/direct_starttls/capable=false/unicode_recipient_envelope_only", "TestExecSMTPUTF8Capabilities/direct_starttls/capable=false/unicode_sender_envelope_only", "TestExecSMTPUTF8Capabilities/direct_starttls/capable=false/unicode_top_level_header", "TestExecSMTPUTF8Capabilities/direct_starttls/capable=true/ascii_quoted_alabel", "TestExecSMTPUTF8Capabilities/direct_starttls/capable=true/eight_bit_body_only", "TestExecSMTPUTF8Capabilities/direct_starttls/capable=true/encoded_headers_body_and_attachment", "TestExecSMTPUTF8Capabilities/direct_starttls/capable=true/unicode_domain_envelope_only", "TestExecSMTPUTF8Capabilities/direct_starttls/capable=true/unicode_last_bcc", "TestExecSMTPUTF8Capabilities/direct_starttls/capable=true/unicode_recipient_envelope_only", "TestExecSMTPUTF8Capabilities/direct_starttls/capable=true/unicode_sender_envelope_only", "TestExecSMTPUTF8Capabilities/direct_starttls/capable=true/unicode_top_level_header", "TestExecSMTPUTF8Capabilities/relay_implicit_tls/capable=false/ascii_quoted_alabel", "TestExecSMTPUTF8Capabilities/relay_implicit_tls/capable=false/eight_bit_body_only", "TestExecSMTPUTF8Capabilities/relay_implicit_tls/capable=false/encoded_headers_body_and_attachment", "TestExecSMTPUTF8Capabilities/relay_implicit_tls/capable=false/unicode_domain_envelope_only", "TestExecSMTPUTF8Capabilities/relay_implicit_tls/capable=false/unicode_last_bcc", "TestExecSMTPUTF8Capabilities/relay_implicit_tls/capable=false/unicode_recipient_envelope_only", "TestExecSMTPUTF8Capabilities/relay_implicit_tls/capable=false/unicode_sender_envelope_only", "TestExecSMTPUTF8Capabilities/relay_implicit_tls/capable=false/unicode_top_level_header", "TestExecSMTPUTF8Capabilities/relay_implicit_tls/capable=true/ascii_quoted_alabel", "TestExecSMTPUTF8Capabilities/relay_implicit_tls/capable=true/eight_bit_body_only", "TestExecSMTPUTF8Capabilities/relay_implicit_tls/capable=true/encoded_headers_body_and_attachment", "TestExecSMTPUTF8Capabilities/relay_implicit_tls/capable=true/unicode_domain_envelope_only", "TestExecSMTPUTF8Capabilities/relay_implicit_tls/capable=true/unicode_last_bcc", "TestExecSMTPUTF8Capabilities/relay_implicit_tls/capable=true/unicode_recipient_envelope_only", "TestExecSMTPUTF8Capabilities/relay_implicit_tls/capable=true/unicode_sender_envelope_only", "TestExecSMTPUTF8Capabilities/relay_implicit_tls/capable=true/unicode_top_level_header", "TestExecSMTPUTF8Capabilities/relay_plain/capable=false/ascii_quoted_alabel", "TestExecSMTPUTF8Capabilities/relay_plain/capable=false/eight_bit_body_only", "TestExecSMTPUTF8Capabilities/relay_plain/capable=false/encoded_headers_body_and_attachment", "TestExecSMTPUTF8Capabilities/relay_plain/capable=false/unicode_domain_envelope_only", "TestExecSMTPUTF8Capabilities/relay_plain/capable=false/unicode_last_bcc", "TestExecSMTPUTF8Capabilities/relay_plain/capable=false/unicode_recipient_envelope_only", "TestExecSMTPUTF8Capabilities/relay_plain/capable=false/unicode_sender_envelope_only", "TestExecSMTPUTF8Capabilities/relay_plain/capable=false/unicode_top_level_header", "TestExecSMTPUTF8Capabilities/relay_plain/capable=true/ascii_quoted_alabel", "TestExecSMTPUTF8Capabilities/relay_plain/capable=true/eight_bit_body_only", "TestExecSMTPUTF8Capabilities/relay_plain/capable=true/encoded_headers_body_and_attachment", "TestExecSMTPUTF8Capabilities/relay_plain/capable=true/unicode_domain_envelope_only", "TestExecSMTPUTF8Capabilities/relay_plain/capable=true/unicode_last_bcc", "TestExecSMTPUTF8Capabilities/relay_plain/capable=true/unicode_recipient_envelope_only", "TestExecSMTPUTF8Capabilities/relay_plain/capable=true/unicode_sender_envelope_only", "TestExecSMTPUTF8Capabilities/relay_plain/capable=true/unicode_top_level_header", "TestExecSMTPUTF8Capabilities/relay_starttls/capable=false/ascii_quoted_alabel", "TestExecSMTPUTF8Capabilities/relay_starttls/capable=false/eight_bit_body_only", "TestExecSMTPUTF8Capabilities/relay_starttls/capable=false/encoded_headers_body_and_attachment", "TestExecSMTPUTF8Capabilities/relay_starttls/capable=false/unicode_domain_envelope_only", "TestExecSMTPUTF8Capabilities/relay_starttls/capable=false/unicode_last_bcc", "TestExecSMTPUTF8Capabilities/relay_starttls/capable=false/unicode_recipient_envelope_only", "TestExecSMTPUTF8Capabilities/relay_starttls/capable=false/unicode_sender_envelope_only", "TestExecSMTPUTF8Capabilities/relay_starttls/capable=false/unicode_top_level_header", "TestExecSMTPUTF8Capabilities/relay_starttls/capable=true/ascii_quoted_alabel", "TestExecSMTPUTF8Capabilities/relay_starttls/capable=true/eight_bit_body_only", "TestExecSMTPUTF8Capabilities/relay_starttls/capable=true/encoded_headers_body_and_attachment", "TestExecSMTPUTF8Capabilities/relay_starttls/capable=true/unicode_domain_envelope_only", "TestExecSMTPUTF8Capabilities/relay_starttls/capable=true/unicode_last_bcc", "TestExecSMTPUTF8Capabilities/relay_starttls/capable=true/unicode_recipient_envelope_only", "TestExecSMTPUTF8Capabilities/relay_starttls/capable=true/unicode_sender_envelope_only", "TestExecSMTPUTF8Capabilities/relay_starttls/capable=true/unicode_top_level_header", "TestExecSMTPUTF8HELOFallback", "TestExecSMTPUTF8HELOFallback/direct_plain/ascii_quoted_alabel", "TestExecSMTPUTF8HELOFallback/direct_plain/unicode_sender_envelope_only", "TestExecSMTPUTF8HELOFallback/relay_plain/ascii_quoted_alabel", "TestExecSMTPUTF8HELOFallback/relay_plain/unicode_sender_envelope_only", "TestExecSMTPUTF8RefreshAfterSTARTTLS", "TestExecSMTPUTF8RefreshAfterSTARTTLS/direct_starttls/final_capable=false/encoded_headers_body_and_attachment", "TestExecSMTPUTF8RefreshAfterSTARTTLS/direct_starttls/final_capable=false/unicode_last_bcc", "TestExecSMTPUTF8RefreshAfterSTARTTLS/direct_starttls/final_capable=true/encoded_headers_body_and_attachment", "TestExecSMTPUTF8RefreshAfterSTARTTLS/direct_starttls/final_capable=true/unicode_last_bcc", "TestExecSMTPUTF8RefreshAfterSTARTTLS/relay_starttls/final_capable=false/encoded_headers_body_and_attachment", "TestExecSMTPUTF8RefreshAfterSTARTTLS/relay_starttls/final_capable=false/unicode_last_bcc", "TestExecSMTPUTF8RefreshAfterSTARTTLS/relay_starttls/final_capable=true/encoded_headers_body_and_attachment", "TestExecSMTPUTF8RefreshAfterSTARTTLS/relay_starttls/final_capable=true/unicode_last_bcc", "TestExecSMTPUTF8SubmissionRecipientLedger", "TestExecSMTPUTF8SubmissionRecipientLedger/direct_plain/capable=false/bcc", "TestExecSMTPUTF8SubmissionRecipientLedger/direct_plain/capable=false/cc", "TestExecSMTPUTF8SubmissionRecipientLedger/direct_plain/capable=false/header", "TestExecSMTPUTF8SubmissionRecipientLedger/direct_plain/capable=false/to", "TestExecSMTPUTF8SubmissionRecipientLedger/direct_plain/capable=true/bcc", "TestExecSMTPUTF8SubmissionRecipientLedger/direct_plain/capable=true/cc", "TestExecSMTPUTF8SubmissionRecipientLedger/direct_plain/capable=true/header", "TestExecSMTPUTF8SubmissionRecipientLedger/direct_plain/capable=true/to", "TestExecSMTPUTF8SubmissionRecipientLedger/relay_plain/capable=false/bcc", "TestExecSMTPUTF8SubmissionRecipientLedger/relay_plain/capable=false/cc", "TestExecSMTPUTF8SubmissionRecipientLedger/relay_plain/capable=false/header", "TestExecSMTPUTF8SubmissionRecipientLedger/relay_plain/capable=false/to", "TestExecSMTPUTF8SubmissionRecipientLedger/relay_plain/capable=true/bcc", "TestExecSMTPUTF8SubmissionRecipientLedger/relay_plain/capable=true/cc", "TestExecSMTPUTF8SubmissionRecipientLedger/relay_plain/capable=true/header", "TestExecSMTPUTF8SubmissionRecipientLedger/relay_plain/capable=true/to", "TestExecSMTPUTF8TriesNextMXBeforeSending"], "leaf_ids": ["TestExecSMTPUTF8Capabilities/direct_plain/capable=false/ascii_quoted_alabel", "TestExecSMTPUTF8Capabilities/direct_plain/capable=false/eight_bit_body_only", "TestExecSMTPUTF8Capabilities/direct_plain/capable=false/encoded_headers_body_and_attachment", "TestExecSMTPUTF8Capabilities/direct_plain/capable=false/unicode_domain_envelope_only", "TestExecSMTPUTF8Capabilities/direct_plain/capable=false/unicode_last_bcc", "TestExecSMTPUTF8Capabilities/direct_plain/capable=false/unicode_recipient_envelope_only", "TestExecSMTPUTF8Capabilities/direct_plain/capable=false/unicode_sender_envelope_only", "TestExecSMTPUTF8Capabilities/direct_plain/capable=false/unicode_top_level_header", "TestExecSMTPUTF8Capabilities/direct_plain/capable=true/ascii_quoted_alabel", "TestExecSMTPUTF8Capabilities/direct_plain/capable=true/eight_bit_body_only", "TestExecSMTPUTF8Capabilities/direct_plain/capable=true/encoded_headers_body_and_attachment", "TestExecSMTPUTF8Capabilities/direct_plain/capable=true/unicode_domain_envelope_only", "TestExecSMTPUTF8Capabilities/direct_plain/capable=true/unicode_last_bcc", "TestExecSMTPUTF8Capabilities/direct_plain/capable=true/unicode_recipient_envelope_only", "TestExecSMTPUTF8Capabilities/direct_plain/capable=true/unicode_sender_envelope_only", "TestExecSMTPUTF8Capabilities/direct_plain/capable=true/unicode_top_level_header", "TestExecSMTPUTF8Capabilities/direct_starttls/capable=false/ascii_quoted_alabel", "TestExecSMTPUTF8Capabilities/direct_starttls/capable=false/eight_bit_body_only", "TestExecSMTPUTF8Capabilities/direct_starttls/capable=false/encoded_headers_body_and_attachment", "TestExecSMTPUTF8Capabilities/direct_starttls/capable=false/unicode_domain_envelope_only", "TestExecSMTPUTF8Capabilities/direct_starttls/capable=false/unicode_last_bcc", "TestExecSMTPUTF8Capabilities/direct_starttls/capable=false/unicode_recipient_envelope_only", "TestExecSMTPUTF8Capabilities/direct_starttls/capable=false/unicode_sender_envelope_only", "TestExecSMTPUTF8Capabilities/direct_starttls/capable=false/unicode_top_level_header", "TestExecSMTPUTF8Capabilities/direct_starttls/capable=true/ascii_quoted_alabel", "TestExecSMTPUTF8Capabilities/direct_starttls/capable=true/eight_bit_body_only", "TestExecSMTPUTF8Capabilities/direct_starttls/capable=true/encoded_headers_body_and_attachment", "TestExecSMTPUTF8Capabilities/direct_starttls/capable=true/unicode_domain_envelope_only", "TestExecSMTPUTF8Capabilities/direct_starttls/capable=true/unicode_last_bcc", "TestExecSMTPUTF8Capabilities/direct_starttls/capable=true/unicode_recipient_envelope_only", "TestExecSMTPUTF8Capabilities/direct_starttls/capable=true/unicode_sender_envelope_only", "TestExecSMTPUTF8Capabilities/direct_starttls/capable=true/unicode_top_level_header", "TestExecSMTPUTF8Capabilities/relay_implicit_tls/capable=false/ascii_quoted_alabel", "TestExecSMTPUTF8Capabilities/relay_implicit_tls/capable=false/eight_bit_body_only", "TestExecSMTPUTF8Capabilities/relay_implicit_tls/capable=false/encoded_headers_body_and_attachment", "TestExecSMTPUTF8Capabilities/relay_implicit_tls/capable=false/unicode_domain_envelope_only", "TestExecSMTPUTF8Capabilities/relay_implicit_tls/capable=false/unicode_last_bcc", "TestExecSMTPUTF8Capabilities/relay_implicit_tls/capable=false/unicode_recipient_envelope_only", "TestExecSMTPUTF8Capabilities/relay_implicit_tls/capable=false/unicode_sender_envelope_only", "TestExecSMTPUTF8Capabilities/relay_implicit_tls/capable=false/unicode_top_level_header", "TestExecSMTPUTF8Capabilities/relay_implicit_tls/capable=true/ascii_quoted_alabel", "TestExecSMTPUTF8Capabilities/relay_implicit_tls/capable=true/eight_bit_body_only", "TestExecSMTPUTF8Capabilities/relay_implicit_tls/capable=true/encoded_headers_body_and_attachment", "TestExecSMTPUTF8Capabilities/relay_implicit_tls/capable=true/unicode_domain_envelope_only", "TestExecSMTPUTF8Capabilities/relay_implicit_tls/capable=true/unicode_last_bcc", "TestExecSMTPUTF8Capabilities/relay_implicit_tls/capable=true/unicode_recipient_envelope_only", "TestExecSMTPUTF8Capabilities/relay_implicit_tls/capable=true/unicode_sender_envelope_only", "TestExecSMTPUTF8Capabilities/relay_implicit_tls/capable=true/unicode_top_level_header", "TestExecSMTPUTF8Capabilities/relay_plain/capable=false/ascii_quoted_alabel", "TestExecSMTPUTF8Capabilities/relay_plain/capable=false/eight_bit_body_only", "TestExecSMTPUTF8Capabilities/relay_plain/capable=false/encoded_headers_body_and_attachment", "TestExecSMTPUTF8Capabilities/relay_plain/capable=false/unicode_domain_envelope_only", "TestExecSMTPUTF8Capabilities/relay_plain/capable=false/unicode_last_bcc", "TestExecSMTPUTF8Capabilities/relay_plain/capable=false/unicode_recipient_envelope_only", "TestExecSMTPUTF8Capabilities/relay_plain/capable=false/unicode_sender_envelope_only", "TestExecSMTPUTF8Capabilities/relay_plain/capable=false/unicode_top_level_header", "TestExecSMTPUTF8Capabilities/relay_plain/capable=true/ascii_quoted_alabel", "TestExecSMTPUTF8Capabilities/relay_plain/capable=true/eight_bit_body_only", "TestExecSMTPUTF8Capabilities/relay_plain/capable=true/encoded_headers_body_and_attachment", "TestExecSMTPUTF8Capabilities/relay_plain/capable=true/unicode_domain_envelope_only", "TestExecSMTPUTF8Capabilities/relay_plain/capable=true/unicode_last_bcc", "TestExecSMTPUTF8Capabilities/relay_plain/capable=true/unicode_recipient_envelope_only", "TestExecSMTPUTF8Capabilities/relay_plain/capable=true/unicode_sender_envelope_only", "TestExecSMTPUTF8Capabilities/relay_plain/capable=true/unicode_top_level_header", "TestExecSMTPUTF8Capabilities/relay_starttls/capable=false/ascii_quoted_alabel", "TestExecSMTPUTF8Capabilities/relay_starttls/capable=false/eight_bit_body_only", "TestExecSMTPUTF8Capabilities/relay_starttls/capable=false/encoded_headers_body_and_attachment", "TestExecSMTPUTF8Capabilities/relay_starttls/capable=false/unicode_domain_envelope_only", "TestExecSMTPUTF8Capabilities/relay_starttls/capable=false/unicode_last_bcc", "TestExecSMTPUTF8Capabilities/relay_starttls/capable=false/unicode_recipient_envelope_only", "TestExecSMTPUTF8Capabilities/relay_starttls/capable=false/unicode_sender_envelope_only", "TestExecSMTPUTF8Capabilities/relay_starttls/capable=false/unicode_top_level_header", "TestExecSMTPUTF8Capabilities/relay_starttls/capable=true/ascii_quoted_alabel", "TestExecSMTPUTF8Capabilities/relay_starttls/capable=true/eight_bit_body_only", "TestExecSMTPUTF8Capabilities/relay_starttls/capable=true/encoded_headers_body_and_attachment", "TestExecSMTPUTF8Capabilities/relay_starttls/capable=true/unicode_domain_envelope_only", "TestExecSMTPUTF8Capabilities/relay_starttls/capable=true/unicode_last_bcc", "TestExecSMTPUTF8Capabilities/relay_starttls/capable=true/unicode_recipient_envelope_only", "TestExecSMTPUTF8Capabilities/relay_starttls/capable=true/unicode_sender_envelope_only", "TestExecSMTPUTF8Capabilities/relay_starttls/capable=true/unicode_top_level_header", "TestExecSMTPUTF8HELOFallback/direct_plain/ascii_quoted_alabel", "TestExecSMTPUTF8HELOFallback/direct_plain/unicode_sender_envelope_only", "TestExecSMTPUTF8HELOFallback/relay_plain/ascii_quoted_alabel", "TestExecSMTPUTF8HELOFallback/relay_plain/unicode_sender_envelope_only", "TestExecSMTPUTF8RefreshAfterSTARTTLS/direct_starttls/final_capable=false/encoded_headers_body_and_attachment", "TestExecSMTPUTF8RefreshAfterSTARTTLS/direct_starttls/final_capable=false/unicode_last_bcc", "TestExecSMTPUTF8RefreshAfterSTARTTLS/direct_starttls/final_capable=true/encoded_headers_body_and_attachment", "TestExecSMTPUTF8RefreshAfterSTARTTLS/direct_starttls/final_capable=true/unicode_last_bcc", "TestExecSMTPUTF8RefreshAfterSTARTTLS/relay_starttls/final_capable=false/encoded_headers_body_and_attachment", "TestExecSMTPUTF8RefreshAfterSTARTTLS/relay_starttls/final_capable=false/unicode_last_bcc", "TestExecSMTPUTF8RefreshAfterSTARTTLS/relay_starttls/final_capable=true/encoded_headers_body_and_attachment", "TestExecSMTPUTF8RefreshAfterSTARTTLS/relay_starttls/final_capable=true/unicode_last_bcc", "TestExecSMTPUTF8SubmissionRecipientLedger/direct_plain/capable=false/bcc", "TestExecSMTPUTF8SubmissionRecipientLedger/direct_plain/capable=false/cc", "TestExecSMTPUTF8SubmissionRecipientLedger/direct_plain/capable=false/header", "TestExecSMTPUTF8SubmissionRecipientLedger/direct_plain/capable=false/to", "TestExecSMTPUTF8SubmissionRecipientLedger/direct_plain/capable=true/bcc", "TestExecSMTPUTF8SubmissionRecipientLedger/direct_plain/capable=true/cc", "TestExecSMTPUTF8SubmissionRecipientLedger/direct_plain/capable=true/header", "TestExecSMTPUTF8SubmissionRecipientLedger/direct_plain/capable=true/to", "TestExecSMTPUTF8SubmissionRecipientLedger/relay_plain/capable=false/bcc", "TestExecSMTPUTF8SubmissionRecipientLedger/relay_plain/capable=false/cc", "TestExecSMTPUTF8SubmissionRecipientLedger/relay_plain/capable=false/header", "TestExecSMTPUTF8SubmissionRecipientLedger/relay_plain/capable=false/to", "TestExecSMTPUTF8SubmissionRecipientLedger/relay_plain/capable=true/bcc", "TestExecSMTPUTF8SubmissionRecipientLedger/relay_plain/capable=true/cc", "TestExecSMTPUTF8SubmissionRecipientLedger/relay_plain/capable=true/header", "TestExecSMTPUTF8SubmissionRecipientLedger/relay_plain/capable=true/to", "TestExecSMTPUTF8TriesNextMXBeforeSending"], "leaf_count": 109, "passed": 71, "failed": 38, "skipped": 0, "exit_code": 1, "actual_wire_observations": [{"test": "TestExecSMTPUTF8Capabilities/direct_plain/capable=false/unicode_domain_envelope_only", "wire": "r5_exec_smtputf8_test.go:340: EXEC09_SENT_WITHOUT_SMTPUTF8 MAIL=[\"MAIL FROM:<sender@example.test> BODY=8BITMIME\"] RCPT=[\"RCPT TO:<reader@\u4f8b\u5b50.test>\"] DATA=1 body_bytes=298"}, {"test": "TestExecSMTPUTF8Capabilities/direct_plain/capable=false/unicode_last_bcc", "wire": "r5_exec_smtputf8_test.go:340: EXEC09_SENT_WITHOUT_SMTPUTF8 MAIL=[\"MAIL FROM:<sender@example.test> BODY=8BITMIME\"] RCPT=[\"RCPT TO:<reader@recipient.test>\" \"RCPT TO:<\\\"\u4fe1\u7bb1 @ \u5e2e\u52a9\u53f0\\\"@recipient.test>\"] DATA=1 body_bytes=298"}, {"test": "TestExecSMTPUTF8Capabilities/direct_plain/capable=false/unicode_recipient_envelope_only", "wire": "r5_exec_smtputf8_test.go:340: EXEC09_SENT_WITHOUT_SMTPUTF8 MAIL=[\"MAIL FROM:<sender@example.test> BODY=8BITMIME\"] RCPT=[\"RCPT TO:<\u6536\u4ef6\u4eba@recipient.test>\"] DATA=1 body_bytes=298"}, {"test": "TestExecSMTPUTF8Capabilities/direct_plain/capable=false/unicode_sender_envelope_only", "wire": "r5_exec_smtputf8_test.go:340: EXEC09_SENT_WITHOUT_SMTPUTF8 MAIL=[\"MAIL FROM:<\u53d1\u9001\u8005@example.test> BODY=8BITMIME\"] RCPT=[\"RCPT TO:<reader@recipient.test>\"] DATA=1 body_bytes=298"}, {"test": "TestExecSMTPUTF8Capabilities/direct_plain/capable=false/unicode_top_level_header", "wire": "r5_exec_smtputf8_test.go:340: EXEC09_SENT_WITHOUT_SMTPUTF8 MAIL=[\"MAIL FROM:<sender@example.test> BODY=8BITMIME\"] RCPT=[\"RCPT TO:<reader@recipient.test>\"] DATA=1 body_bytes=324"}, {"test": "TestExecSMTPUTF8Capabilities/direct_starttls/capable=false/unicode_domain_envelope_only", "wire": "r5_exec_smtputf8_test.go:340: EXEC09_SENT_WITHOUT_SMTPUTF8 MAIL=[\"MAIL FROM:<sender@example.test> BODY=8BITMIME\"] RCPT=[\"RCPT TO:<reader@\u4f8b\u5b50.test>\"] DATA=1 body_bytes=298"}, {"test": "TestExecSMTPUTF8Capabilities/direct_starttls/capable=false/unicode_last_bcc", "wire": "r5_exec_smtputf8_test.go:340: EXEC09_SENT_WITHOUT_SMTPUTF8 MAIL=[\"MAIL FROM:<sender@example.test> BODY=8BITMIME\"] RCPT=[\"RCPT TO:<reader@recipient.test>\" \"RCPT TO:<\\\"\u4fe1\u7bb1 @ \u5e2e\u52a9\u53f0\\\"@recipient.test>\"] DATA=1 body_bytes=298"}, {"test": "TestExecSMTPUTF8Capabilities/direct_starttls/capable=false/unicode_recipient_envelope_only", "wire": "r5_exec_smtputf8_test.go:340: EXEC09_SENT_WITHOUT_SMTPUTF8 MAIL=[\"MAIL FROM:<sender@example.test> BODY=8BITMIME\"] RCPT=[\"RCPT TO:<\u6536\u4ef6\u4eba@recipient.test>\"] DATA=1 body_bytes=298"}, {"test": "TestExecSMTPUTF8Capabilities/direct_starttls/capable=false/unicode_sender_envelope_only", "wire": "r5_exec_smtputf8_test.go:340: EXEC09_SENT_WITHOUT_SMTPUTF8 MAIL=[\"MAIL FROM:<\u53d1\u9001\u8005@example.test> BODY=8BITMIME\"] RCPT=[\"RCPT TO:<reader@recipient.test>\"] DATA=1 body_bytes=298"}, {"test": "TestExecSMTPUTF8Capabilities/direct_starttls/capable=false/unicode_top_level_header", "wire": "r5_exec_smtputf8_test.go:340: EXEC09_SENT_WITHOUT_SMTPUTF8 MAIL=[\"MAIL FROM:<sender@example.test> BODY=8BITMIME\"] RCPT=[\"RCPT TO:<reader@recipient.test>\"] DATA=1 body_bytes=324"}, {"test": "TestExecSMTPUTF8Capabilities/relay_implicit_tls/capable=false/unicode_domain_envelope_only", "wire": "r5_exec_smtputf8_test.go:340: EXEC09_SENT_WITHOUT_SMTPUTF8 MAIL=[\"MAIL FROM:<sender@example.test> BODY=8BITMIME\"] RCPT=[\"RCPT TO:<reader@\u4f8b\u5b50.test>\"] DATA=1 body_bytes=298"}, {"test": "TestExecSMTPUTF8Capabilities/relay_implicit_tls/capable=false/unicode_last_bcc", "wire": "r5_exec_smtputf8_test.go:340: EXEC09_SENT_WITHOUT_SMTPUTF8 MAIL=[\"MAIL FROM:<sender@example.test> BODY=8BITMIME\"] RCPT=[\"RCPT TO:<reader@recipient.test>\" \"RCPT TO:<\\\"\u4fe1\u7bb1 @ \u5e2e\u52a9\u53f0\\\"@recipient.test>\"] DATA=1 body_bytes=298"}, {"test": "TestExecSMTPUTF8Capabilities/relay_implicit_tls/capable=false/unicode_recipient_envelope_only", "wire": "r5_exec_smtputf8_test.go:340: EXEC09_SENT_WITHOUT_SMTPUTF8 MAIL=[\"MAIL FROM:<sender@example.test> BODY=8BITMIME\"] RCPT=[\"RCPT TO:<\u6536\u4ef6\u4eba@recipient.test>\"] DATA=1 body_bytes=298"}, {"test": "TestExecSMTPUTF8Capabilities/relay_implicit_tls/capable=false/unicode_sender_envelope_only", "wire": "r5_exec_smtputf8_test.go:340: EXEC09_SENT_WITHOUT_SMTPUTF8 MAIL=[\"MAIL FROM:<\u53d1\u9001\u8005@example.test> BODY=8BITMIME\"] RCPT=[\"RCPT TO:<reader@recipient.test>\"] DATA=1 body_bytes=298"}, {"test": "TestExecSMTPUTF8Capabilities/relay_implicit_tls/capable=false/unicode_top_level_header", "wire": "r5_exec_smtputf8_test.go:340: EXEC09_SENT_WITHOUT_SMTPUTF8 MAIL=[\"MAIL FROM:<sender@example.test> BODY=8BITMIME\"] RCPT=[\"RCPT TO:<reader@recipient.test>\"] DATA=1 body_bytes=324"}, {"test": "TestExecSMTPUTF8Capabilities/relay_plain/capable=false/unicode_domain_envelope_only", "wire": "r5_exec_smtputf8_test.go:340: EXEC09_SENT_WITHOUT_SMTPUTF8 MAIL=[\"MAIL FROM:<sender@example.test> BODY=8BITMIME\"] RCPT=[\"RCPT TO:<reader@\u4f8b\u5b50.test>\"] DATA=1 body_bytes=298"}, {"test": "TestExecSMTPUTF8Capabilities/relay_plain/capable=false/unicode_last_bcc", "wire": "r5_exec_smtputf8_test.go:340: EXEC09_SENT_WITHOUT_SMTPUTF8 MAIL=[\"MAIL FROM:<sender@example.test> BODY=8BITMIME\"] RCPT=[\"RCPT TO:<reader@recipient.test>\" \"RCPT TO:<\\\"\u4fe1\u7bb1 @ \u5e2e\u52a9\u53f0\\\"@recipient.test>\"] DATA=1 body_bytes=298"}, {"test": "TestExecSMTPUTF8Capabilities/relay_plain/capable=false/unicode_recipient_envelope_only", "wire": "r5_exec_smtputf8_test.go:340: EXEC09_SENT_WITHOUT_SMTPUTF8 MAIL=[\"MAIL FROM:<sender@example.test> BODY=8BITMIME\"] RCPT=[\"RCPT TO:<\u6536\u4ef6\u4eba@recipient.test>\"] DATA=1 body_bytes=298"}, {"test": "TestExecSMTPUTF8Capabilities/relay_plain/capable=false/unicode_sender_envelope_only", "wire": "r5_exec_smtputf8_test.go:340: EXEC09_SENT_WITHOUT_SMTPUTF8 MAIL=[\"MAIL FROM:<\u53d1\u9001\u8005@example.test> BODY=8BITMIME\"] RCPT=[\"RCPT TO:<reader@recipient.test>\"] DATA=1 body_bytes=298"}, {"test": "TestExecSMTPUTF8Capabilities/relay_plain/capable=false/unicode_top_level_header", "wire": "r5_exec_smtputf8_test.go:340: EXEC09_SENT_WITHOUT_SMTPUTF8 MAIL=[\"MAIL FROM:<sender@example.test> BODY=8BITMIME\"] RCPT=[\"RCPT TO:<reader@recipient.test>\"] DATA=1 body_bytes=324"}, {"test": "TestExecSMTPUTF8Capabilities/relay_starttls/capable=false/unicode_domain_envelope_only", "wire": "r5_exec_smtputf8_test.go:340: EXEC09_SENT_WITHOUT_SMTPUTF8 MAIL=[\"MAIL FROM:<sender@example.test> BODY=8BITMIME\"] RCPT=[\"RCPT TO:<reader@\u4f8b\u5b50.test>\"] DATA=1 body_bytes=298"}, {"test": "TestExecSMTPUTF8Capabilities/relay_starttls/capable=false/unicode_last_bcc", "wire": "r5_exec_smtputf8_test.go:340: EXEC09_SENT_WITHOUT_SMTPUTF8 MAIL=[\"MAIL FROM:<sender@example.test> BODY=8BITMIME\"] RCPT=[\"RCPT TO:<reader@recipient.test>\" \"RCPT TO:<\\\"\u4fe1\u7bb1 @ \u5e2e\u52a9\u53f0\\\"@recipient.test>\"] DATA=1 body_bytes=298"}, {"test": "TestExecSMTPUTF8Capabilities/relay_starttls/capable=false/unicode_recipient_envelope_only", "wire": "r5_exec_smtputf8_test.go:340: EXEC09_SENT_WITHOUT_SMTPUTF8 MAIL=[\"MAIL FROM:<sender@example.test> BODY=8BITMIME\"] RCPT=[\"RCPT TO:<\u6536\u4ef6\u4eba@recipient.test>\"] DATA=1 body_bytes=298"}, {"test": "TestExecSMTPUTF8Capabilities/relay_starttls/capable=false/unicode_sender_envelope_only", "wire": "r5_exec_smtputf8_test.go:340: EXEC09_SENT_WITHOUT_SMTPUTF8 MAIL=[\"MAIL FROM:<\u53d1\u9001\u8005@example.test> BODY=8BITMIME\"] RCPT=[\"RCPT TO:<reader@recipient.test>\"] DATA=1 body_bytes=298"}, {"test": "TestExecSMTPUTF8Capabilities/relay_starttls/capable=false/unicode_top_level_header", "wire": "r5_exec_smtputf8_test.go:340: EXEC09_SENT_WITHOUT_SMTPUTF8 MAIL=[\"MAIL FROM:<sender@example.test> BODY=8BITMIME\"] RCPT=[\"RCPT TO:<reader@recipient.test>\"] DATA=1 body_bytes=324"}, {"test": "TestExecSMTPUTF8HELOFallback/direct_plain/unicode_sender_envelope_only", "wire": "r5_exec_smtputf8_test.go:386: EXEC09_SENT_WITHOUT_SMTPUTF8 MAIL=[\"MAIL FROM:<\u53d1\u9001\u8005@example.test>\"] RCPT=[\"RCPT TO:<reader@recipient.test>\"] DATA=1 body_bytes=298"}, {"test": "TestExecSMTPUTF8HELOFallback/relay_plain/unicode_sender_envelope_only", "wire": "r5_exec_smtputf8_test.go:386: EXEC09_SENT_WITHOUT_SMTPUTF8 MAIL=[\"MAIL FROM:<\u53d1\u9001\u8005@example.test>\"] RCPT=[\"RCPT TO:<reader@recipient.test>\"] DATA=1 body_bytes=298"}, {"test": "TestExecSMTPUTF8RefreshAfterSTARTTLS/direct_starttls/final_capable=false/unicode_last_bcc", "wire": "r5_exec_smtputf8_test.go:365: EXEC09_SENT_WITHOUT_SMTPUTF8 MAIL=[\"MAIL FROM:<sender@example.test> BODY=8BITMIME\"] RCPT=[\"RCPT TO:<reader@recipient.test>\" \"RCPT TO:<\\\"\u4fe1\u7bb1 @ \u5e2e\u52a9\u53f0\\\"@recipient.test>\"] DATA=1 body_bytes=298"}, {"test": "TestExecSMTPUTF8RefreshAfterSTARTTLS/relay_starttls/final_capable=false/unicode_last_bcc", "wire": "r5_exec_smtputf8_test.go:365: EXEC09_SENT_WITHOUT_SMTPUTF8 MAIL=[\"MAIL FROM:<sender@example.test> BODY=8BITMIME\"] RCPT=[\"RCPT TO:<reader@recipient.test>\" \"RCPT TO:<\\\"\u4fe1\u7bb1 @ \u5e2e\u52a9\u53f0\\\"@recipient.test>\"] DATA=1 body_bytes=298"}, {"test": "TestExecSMTPUTF8SubmissionRecipientLedger/direct_plain/capable=false/bcc", "wire": "r5_exec_smtputf8_test.go:506: EXEC09_SENT_WITHOUT_SMTPUTF8 MAIL=[\"MAIL FROM:<sender@example.test> BODY=8BITMIME\"] RCPT=[\"RCPT TO:<\\\"\u4fe1\u7bb1 @ \u5e2e\u52a9\u53f0\\\"@recipient.test>\"] DATA=1 body_bytes=315"}, {"test": "TestExecSMTPUTF8SubmissionRecipientLedger/direct_plain/capable=false/cc", "wire": "r5_exec_smtputf8_test.go:506: EXEC09_SENT_WITHOUT_SMTPUTF8 MAIL=[\"MAIL FROM:<sender@example.test> BODY=8BITMIME\"] RCPT=[\"RCPT TO:<\\\"\u4fe1\u7bb1 @ \u5e2e\u52a9\u53f0\\\"@recipient.test>\"] DATA=1 body_bytes=356"}, {"test": "TestExecSMTPUTF8SubmissionRecipientLedger/direct_plain/capable=false/header", "wire": "r5_exec_smtputf8_test.go:506: EXEC09_SENT_WITHOUT_SMTPUTF8 MAIL=[\"MAIL FROM:<sender@example.test> BODY=8BITMIME\"] RCPT=[\"RCPT TO:<reader@recipient.test>\"] DATA=1 body_bytes=368"}, {"test": "TestExecSMTPUTF8SubmissionRecipientLedger/direct_plain/capable=false/to", "wire": "r5_exec_smtputf8_test.go:506: EXEC09_SENT_WITHOUT_SMTPUTF8 MAIL=[\"MAIL FROM:<sender@example.test> BODY=8BITMIME\"] RCPT=[\"RCPT TO:<\\\"\u4fe1\u7bb1 @ \u5e2e\u52a9\u53f0\\\"@recipient.test>\"] DATA=1 body_bytes=356"}, {"test": "TestExecSMTPUTF8SubmissionRecipientLedger/relay_plain/capable=false/bcc", "wire": "r5_exec_smtputf8_test.go:506: EXEC09_SENT_WITHOUT_SMTPUTF8 MAIL=[\"MAIL FROM:<sender@example.test> BODY=8BITMIME\"] RCPT=[\"RCPT TO:<\\\"\u4fe1\u7bb1 @ \u5e2e\u52a9\u53f0\\\"@recipient.test>\"] DATA=1 body_bytes=315"}, {"test": "TestExecSMTPUTF8SubmissionRecipientLedger/relay_plain/capable=false/cc", "wire": "r5_exec_smtputf8_test.go:506: EXEC09_SENT_WITHOUT_SMTPUTF8 MAIL=[\"MAIL FROM:<sender@example.test> BODY=8BITMIME\"] RCPT=[\"RCPT TO:<\\\"\u4fe1\u7bb1 @ \u5e2e\u52a9\u53f0\\\"@recipient.test>\"] DATA=1 body_bytes=356"}, {"test": "TestExecSMTPUTF8SubmissionRecipientLedger/relay_plain/capable=false/header", "wire": "r5_exec_smtputf8_test.go:506: EXEC09_SENT_WITHOUT_SMTPUTF8 MAIL=[\"MAIL FROM:<sender@example.test> BODY=8BITMIME\"] RCPT=[\"RCPT TO:<reader@recipient.test>\"] DATA=1 body_bytes=368"}, {"test": "TestExecSMTPUTF8SubmissionRecipientLedger/relay_plain/capable=false/to", "wire": "r5_exec_smtputf8_test.go:506: EXEC09_SENT_WITHOUT_SMTPUTF8 MAIL=[\"MAIL FROM:<sender@example.test> BODY=8BITMIME\"] RCPT=[\"RCPT TO:<\\\"\u4fe1\u7bb1 @ \u5e2e\u52a9\u53f0\\\"@recipient.test>\"] DATA=1 body_bytes=356"}, {"test": "TestExecSMTPUTF8TriesNextMXBeforeSending", "wire": "r5_exec_smtputf8_test.go:422: EXEC09_SENT_WITHOUT_SMTPUTF8 MAIL=[\"MAIL FROM:<sender@example.test> BODY=8BITMIME\"] RCPT=[\"RCPT TO:<\u6536\u4ef6\u4eba@recipient.test>\"] DATA=1 body_bytes=298"}]}, "candidate": {"started_ids": ["TestExecSMTPUTF8Capabilities", "TestExecSMTPUTF8Capabilities/direct_plain/capable=false/ascii_quoted_alabel", "TestExecSMTPUTF8Capabilities/direct_plain/capable=false/eight_bit_body_only", "TestExecSMTPUTF8Capabilities/direct_plain/capable=false/encoded_headers_body_and_attachment", "TestExecSMTPUTF8Capabilities/direct_plain/capable=false/unicode_domain_envelope_only", "TestExecSMTPUTF8Capabilities/direct_plain/capable=false/unicode_last_bcc", "TestExecSMTPUTF8Capabilities/direct_plain/capable=false/unicode_recipient_envelope_only", "TestExecSMTPUTF8Capabilities/direct_plain/capable=false/unicode_sender_envelope_only", "TestExecSMTPUTF8Capabilities/direct_plain/capable=false/unicode_top_level_header", "TestExecSMTPUTF8Capabilities/direct_plain/capable=true/ascii_quoted_alabel", "TestExecSMTPUTF8Capabilities/direct_plain/capable=true/eight_bit_body_only", "TestExecSMTPUTF8Capabilities/direct_plain/capable=true/encoded_headers_body_and_attachment", "TestExecSMTPUTF8Capabilities/direct_plain/capable=true/unicode_domain_envelope_only", "TestExecSMTPUTF8Capabilities/direct_plain/capable=true/unicode_last_bcc", "TestExecSMTPUTF8Capabilities/direct_plain/capable=true/unicode_recipient_envelope_only", "TestExecSMTPUTF8Capabilities/direct_plain/capable=true/unicode_sender_envelope_only", "TestExecSMTPUTF8Capabilities/direct_plain/capable=true/unicode_top_level_header", "TestExecSMTPUTF8Capabilities/direct_starttls/capable=false/ascii_quoted_alabel", "TestExecSMTPUTF8Capabilities/direct_starttls/capable=false/eight_bit_body_only", "TestExecSMTPUTF8Capabilities/direct_starttls/capable=false/encoded_headers_body_and_attachment", "TestExecSMTPUTF8Capabilities/direct_starttls/capable=false/unicode_domain_envelope_only", "TestExecSMTPUTF8Capabilities/direct_starttls/capable=false/unicode_last_bcc", "TestExecSMTPUTF8Capabilities/direct_starttls/capable=false/unicode_recipient_envelope_only", "TestExecSMTPUTF8Capabilities/direct_starttls/capable=false/unicode_sender_envelope_only", "TestExecSMTPUTF8Capabilities/direct_starttls/capable=false/unicode_top_level_header", "TestExecSMTPUTF8Capabilities/direct_starttls/capable=true/ascii_quoted_alabel", "TestExecSMTPUTF8Capabilities/direct_starttls/capable=true/eight_bit_body_only", "TestExecSMTPUTF8Capabilities/direct_starttls/capable=true/encoded_headers_body_and_attachment", "TestExecSMTPUTF8Capabilities/direct_starttls/capable=true/unicode_domain_envelope_only", "TestExecSMTPUTF8Capabilities/direct_starttls/capable=true/unicode_last_bcc", "TestExecSMTPUTF8Capabilities/direct_starttls/capable=true/unicode_recipient_envelope_only", "TestExecSMTPUTF8Capabilities/direct_starttls/capable=true/unicode_sender_envelope_only", "TestExecSMTPUTF8Capabilities/direct_starttls/capable=true/unicode_top_level_header", "TestExecSMTPUTF8Capabilities/relay_implicit_tls/capable=false/ascii_quoted_alabel", "TestExecSMTPUTF8Capabilities/relay_implicit_tls/capable=false/eight_bit_body_only", "TestExecSMTPUTF8Capabilities/relay_implicit_tls/capable=false/encoded_headers_body_and_attachment", "TestExecSMTPUTF8Capabilities/relay_implicit_tls/capable=false/unicode_domain_envelope_only", "TestExecSMTPUTF8Capabilities/relay_implicit_tls/capable=false/unicode_last_bcc", "TestExecSMTPUTF8Capabilities/relay_implicit_tls/capable=false/unicode_recipient_envelope_only", "TestExecSMTPUTF8Capabilities/relay_implicit_tls/capable=false/unicode_sender_envelope_only", "TestExecSMTPUTF8Capabilities/relay_implicit_tls/capable=false/unicode_top_level_header", "TestExecSMTPUTF8Capabilities/relay_implicit_tls/capable=true/ascii_quoted_alabel", "TestExecSMTPUTF8Capabilities/relay_implicit_tls/capable=true/eight_bit_body_only", "TestExecSMTPUTF8Capabilities/relay_implicit_tls/capable=true/encoded_headers_body_and_attachment", "TestExecSMTPUTF8Capabilities/relay_implicit_tls/capable=true/unicode_domain_envelope_only", "TestExecSMTPUTF8Capabilities/relay_implicit_tls/capable=true/unicode_last_bcc", "TestExecSMTPUTF8Capabilities/relay_implicit_tls/capable=true/unicode_recipient_envelope_only", "TestExecSMTPUTF8Capabilities/relay_implicit_tls/capable=true/unicode_sender_envelope_only", "TestExecSMTPUTF8Capabilities/relay_implicit_tls/capable=true/unicode_top_level_header", "TestExecSMTPUTF8Capabilities/relay_plain/capable=false/ascii_quoted_alabel", "TestExecSMTPUTF8Capabilities/relay_plain/capable=false/eight_bit_body_only", "TestExecSMTPUTF8Capabilities/relay_plain/capable=false/encoded_headers_body_and_attachment", "TestExecSMTPUTF8Capabilities/relay_plain/capable=false/unicode_domain_envelope_only", "TestExecSMTPUTF8Capabilities/relay_plain/capable=false/unicode_last_bcc", "TestExecSMTPUTF8Capabilities/relay_plain/capable=false/unicode_recipient_envelope_only", "TestExecSMTPUTF8Capabilities/relay_plain/capable=false/unicode_sender_envelope_only", "TestExecSMTPUTF8Capabilities/relay_plain/capable=false/unicode_top_level_header", "TestExecSMTPUTF8Capabilities/relay_plain/capable=true/ascii_quoted_alabel", "TestExecSMTPUTF8Capabilities/relay_plain/capable=true/eight_bit_body_only", "TestExecSMTPUTF8Capabilities/relay_plain/capable=true/encoded_headers_body_and_attachment", "TestExecSMTPUTF8Capabilities/relay_plain/capable=true/unicode_domain_envelope_only", "TestExecSMTPUTF8Capabilities/relay_plain/capable=true/unicode_last_bcc", "TestExecSMTPUTF8Capabilities/relay_plain/capable=true/unicode_recipient_envelope_only", "TestExecSMTPUTF8Capabilities/relay_plain/capable=true/unicode_sender_envelope_only", "TestExecSMTPUTF8Capabilities/relay_plain/capable=true/unicode_top_level_header", "TestExecSMTPUTF8Capabilities/relay_starttls/capable=false/ascii_quoted_alabel", "TestExecSMTPUTF8Capabilities/relay_starttls/capable=false/eight_bit_body_only", "TestExecSMTPUTF8Capabilities/relay_starttls/capable=false/encoded_headers_body_and_attachment", "TestExecSMTPUTF8Capabilities/relay_starttls/capable=false/unicode_domain_envelope_only", "TestExecSMTPUTF8Capabilities/relay_starttls/capable=false/unicode_last_bcc", "TestExecSMTPUTF8Capabilities/relay_starttls/capable=false/unicode_recipient_envelope_only", "TestExecSMTPUTF8Capabilities/relay_starttls/capable=false/unicode_sender_envelope_only", "TestExecSMTPUTF8Capabilities/relay_starttls/capable=false/unicode_top_level_header", "TestExecSMTPUTF8Capabilities/relay_starttls/capable=true/ascii_quoted_alabel", "TestExecSMTPUTF8Capabilities/relay_starttls/capable=true/eight_bit_body_only", "TestExecSMTPUTF8Capabilities/relay_starttls/capable=true/encoded_headers_body_and_attachment", "TestExecSMTPUTF8Capabilities/relay_starttls/capable=true/unicode_domain_envelope_only", "TestExecSMTPUTF8Capabilities/relay_starttls/capable=true/unicode_last_bcc", "TestExecSMTPUTF8Capabilities/relay_starttls/capable=true/unicode_recipient_envelope_only", "TestExecSMTPUTF8Capabilities/relay_starttls/capable=true/unicode_sender_envelope_only", "TestExecSMTPUTF8Capabilities/relay_starttls/capable=true/unicode_top_level_header", "TestExecSMTPUTF8HELOFallback", "TestExecSMTPUTF8HELOFallback/direct_plain/ascii_quoted_alabel", "TestExecSMTPUTF8HELOFallback/direct_plain/unicode_sender_envelope_only", "TestExecSMTPUTF8HELOFallback/relay_plain/ascii_quoted_alabel", "TestExecSMTPUTF8HELOFallback/relay_plain/unicode_sender_envelope_only", "TestExecSMTPUTF8RefreshAfterSTARTTLS", "TestExecSMTPUTF8RefreshAfterSTARTTLS/direct_starttls/final_capable=false/encoded_headers_body_and_attachment", "TestExecSMTPUTF8RefreshAfterSTARTTLS/direct_starttls/final_capable=false/unicode_last_bcc", "TestExecSMTPUTF8RefreshAfterSTARTTLS/direct_starttls/final_capable=true/encoded_headers_body_and_attachment", "TestExecSMTPUTF8RefreshAfterSTARTTLS/direct_starttls/final_capable=true/unicode_last_bcc", "TestExecSMTPUTF8RefreshAfterSTARTTLS/relay_starttls/final_capable=false/encoded_headers_body_and_attachment", "TestExecSMTPUTF8RefreshAfterSTARTTLS/relay_starttls/final_capable=false/unicode_last_bcc", "TestExecSMTPUTF8RefreshAfterSTARTTLS/relay_starttls/final_capable=true/encoded_headers_body_and_attachment", "TestExecSMTPUTF8RefreshAfterSTARTTLS/relay_starttls/final_capable=true/unicode_last_bcc", "TestExecSMTPUTF8SubmissionRecipientLedger", "TestExecSMTPUTF8SubmissionRecipientLedger/direct_plain/capable=false/bcc", "TestExecSMTPUTF8SubmissionRecipientLedger/direct_plain/capable=false/cc", "TestExecSMTPUTF8SubmissionRecipientLedger/direct_plain/capable=false/header", "TestExecSMTPUTF8SubmissionRecipientLedger/direct_plain/capable=false/to", "TestExecSMTPUTF8SubmissionRecipientLedger/direct_plain/capable=true/bcc", "TestExecSMTPUTF8SubmissionRecipientLedger/direct_plain/capable=true/cc", "TestExecSMTPUTF8SubmissionRecipientLedger/direct_plain/capable=true/header", "TestExecSMTPUTF8SubmissionRecipientLedger/direct_plain/capable=true/to", "TestExecSMTPUTF8SubmissionRecipientLedger/relay_plain/capable=false/bcc", "TestExecSMTPUTF8SubmissionRecipientLedger/relay_plain/capable=false/cc", "TestExecSMTPUTF8SubmissionRecipientLedger/relay_plain/capable=false/header", "TestExecSMTPUTF8SubmissionRecipientLedger/relay_plain/capable=false/to", "TestExecSMTPUTF8SubmissionRecipientLedger/relay_plain/capable=true/bcc", "TestExecSMTPUTF8SubmissionRecipientLedger/relay_plain/capable=true/cc", "TestExecSMTPUTF8SubmissionRecipientLedger/relay_plain/capable=true/header", "TestExecSMTPUTF8SubmissionRecipientLedger/relay_plain/capable=true/to", "TestExecSMTPUTF8TriesNextMXBeforeSending"], "leaf_ids": ["TestExecSMTPUTF8Capabilities/direct_plain/capable=false/ascii_quoted_alabel", "TestExecSMTPUTF8Capabilities/direct_plain/capable=false/eight_bit_body_only", "TestExecSMTPUTF8Capabilities/direct_plain/capable=false/encoded_headers_body_and_attachment", "TestExecSMTPUTF8Capabilities/direct_plain/capable=false/unicode_domain_envelope_only", "TestExecSMTPUTF8Capabilities/direct_plain/capable=false/unicode_last_bcc", "TestExecSMTPUTF8Capabilities/direct_plain/capable=false/unicode_recipient_envelope_only", "TestExecSMTPUTF8Capabilities/direct_plain/capable=false/unicode_sender_envelope_only", "TestExecSMTPUTF8Capabilities/direct_plain/capable=false/unicode_top_level_header", "TestExecSMTPUTF8Capabilities/direct_plain/capable=true/ascii_quoted_alabel", "TestExecSMTPUTF8Capabilities/direct_plain/capable=true/eight_bit_body_only", "TestExecSMTPUTF8Capabilities/direct_plain/capable=true/encoded_headers_body_and_attachment", "TestExecSMTPUTF8Capabilities/direct_plain/capable=true/unicode_domain_envelope_only", "TestExecSMTPUTF8Capabilities/direct_plain/capable=true/unicode_last_bcc", "TestExecSMTPUTF8Capabilities/direct_plain/capable=true/unicode_recipient_envelope_only", "TestExecSMTPUTF8Capabilities/direct_plain/capable=true/unicode_sender_envelope_only", "TestExecSMTPUTF8Capabilities/direct_plain/capable=true/unicode_top_level_header", "TestExecSMTPUTF8Capabilities/direct_starttls/capable=false/ascii_quoted_alabel", "TestExecSMTPUTF8Capabilities/direct_starttls/capable=false/eight_bit_body_only", "TestExecSMTPUTF8Capabilities/direct_starttls/capable=false/encoded_headers_body_and_attachment", "TestExecSMTPUTF8Capabilities/direct_starttls/capable=false/unicode_domain_envelope_only", "TestExecSMTPUTF8Capabilities/direct_starttls/capable=false/unicode_last_bcc", "TestExecSMTPUTF8Capabilities/direct_starttls/capable=false/unicode_recipient_envelope_only", "TestExecSMTPUTF8Capabilities/direct_starttls/capable=false/unicode_sender_envelope_only", "TestExecSMTPUTF8Capabilities/direct_starttls/capable=false/unicode_top_level_header", "TestExecSMTPUTF8Capabilities/direct_starttls/capable=true/ascii_quoted_alabel", "TestExecSMTPUTF8Capabilities/direct_starttls/capable=true/eight_bit_body_only", "TestExecSMTPUTF8Capabilities/direct_starttls/capable=true/encoded_headers_body_and_attachment", "TestExecSMTPUTF8Capabilities/direct_starttls/capable=true/unicode_domain_envelope_only", "TestExecSMTPUTF8Capabilities/direct_starttls/capable=true/unicode_last_bcc", "TestExecSMTPUTF8Capabilities/direct_starttls/capable=true/unicode_recipient_envelope_only", "TestExecSMTPUTF8Capabilities/direct_starttls/capable=true/unicode_sender_envelope_only", "TestExecSMTPUTF8Capabilities/direct_starttls/capable=true/unicode_top_level_header", "TestExecSMTPUTF8Capabilities/relay_implicit_tls/capable=false/ascii_quoted_alabel", "TestExecSMTPUTF8Capabilities/relay_implicit_tls/capable=false/eight_bit_body_only", "TestExecSMTPUTF8Capabilities/relay_implicit_tls/capable=false/encoded_headers_body_and_attachment", "TestExecSMTPUTF8Capabilities/relay_implicit_tls/capable=false/unicode_domain_envelope_only", "TestExecSMTPUTF8Capabilities/relay_implicit_tls/capable=false/unicode_last_bcc", "TestExecSMTPUTF8Capabilities/relay_implicit_tls/capable=false/unicode_recipient_envelope_only", "TestExecSMTPUTF8Capabilities/relay_implicit_tls/capable=false/unicode_sender_envelope_only", "TestExecSMTPUTF8Capabilities/relay_implicit_tls/capable=false/unicode_top_level_header", "TestExecSMTPUTF8Capabilities/relay_implicit_tls/capable=true/ascii_quoted_alabel", "TestExecSMTPUTF8Capabilities/relay_implicit_tls/capable=true/eight_bit_body_only", "TestExecSMTPUTF8Capabilities/relay_implicit_tls/capable=true/encoded_headers_body_and_attachment", "TestExecSMTPUTF8Capabilities/relay_implicit_tls/capable=true/unicode_domain_envelope_only", "TestExecSMTPUTF8Capabilities/relay_implicit_tls/capable=true/unicode_last_bcc", "TestExecSMTPUTF8Capabilities/relay_implicit_tls/capable=true/unicode_recipient_envelope_only", "TestExecSMTPUTF8Capabilities/relay_implicit_tls/capable=true/unicode_sender_envelope_only", "TestExecSMTPUTF8Capabilities/relay_implicit_tls/capable=true/unicode_top_level_header", "TestExecSMTPUTF8Capabilities/relay_plain/capable=false/ascii_quoted_alabel", "TestExecSMTPUTF8Capabilities/relay_plain/capable=false/eight_bit_body_only", "TestExecSMTPUTF8Capabilities/relay_plain/capable=false/encoded_headers_body_and_attachment", "TestExecSMTPUTF8Capabilities/relay_plain/capable=false/unicode_domain_envelope_only", "TestExecSMTPUTF8Capabilities/relay_plain/capable=false/unicode_last_bcc", "TestExecSMTPUTF8Capabilities/relay_plain/capable=false/unicode_recipient_envelope_only", "TestExecSMTPUTF8Capabilities/relay_plain/capable=false/unicode_sender_envelope_only", "TestExecSMTPUTF8Capabilities/relay_plain/capable=false/unicode_top_level_header", "TestExecSMTPUTF8Capabilities/relay_plain/capable=true/ascii_quoted_alabel", "TestExecSMTPUTF8Capabilities/relay_plain/capable=true/eight_bit_body_only", "TestExecSMTPUTF8Capabilities/relay_plain/capable=true/encoded_headers_body_and_attachment", "TestExecSMTPUTF8Capabilities/relay_plain/capable=true/unicode_domain_envelope_only", "TestExecSMTPUTF8Capabilities/relay_plain/capable=true/unicode_last_bcc", "TestExecSMTPUTF8Capabilities/relay_plain/capable=true/unicode_recipient_envelope_only", "TestExecSMTPUTF8Capabilities/relay_plain/capable=true/unicode_sender_envelope_only", "TestExecSMTPUTF8Capabilities/relay_plain/capable=true/unicode_top_level_header", "TestExecSMTPUTF8Capabilities/relay_starttls/capable=false/ascii_quoted_alabel", "TestExecSMTPUTF8Capabilities/relay_starttls/capable=false/eight_bit_body_only", "TestExecSMTPUTF8Capabilities/relay_starttls/capable=false/encoded_headers_body_and_attachment", "TestExecSMTPUTF8Capabilities/relay_starttls/capable=false/unicode_domain_envelope_only", "TestExecSMTPUTF8Capabilities/relay_starttls/capable=false/unicode_last_bcc", "TestExecSMTPUTF8Capabilities/relay_starttls/capable=false/unicode_recipient_envelope_only", "TestExecSMTPUTF8Capabilities/relay_starttls/capable=false/unicode_sender_envelope_only", "TestExecSMTPUTF8Capabilities/relay_starttls/capable=false/unicode_top_level_header", "TestExecSMTPUTF8Capabilities/relay_starttls/capable=true/ascii_quoted_alabel", "TestExecSMTPUTF8Capabilities/relay_starttls/capable=true/eight_bit_body_only", "TestExecSMTPUTF8Capabilities/relay_starttls/capable=true/encoded_headers_body_and_attachment", "TestExecSMTPUTF8Capabilities/relay_starttls/capable=true/unicode_domain_envelope_only", "TestExecSMTPUTF8Capabilities/relay_starttls/capable=true/unicode_last_bcc", "TestExecSMTPUTF8Capabilities/relay_starttls/capable=true/unicode_recipient_envelope_only", "TestExecSMTPUTF8Capabilities/relay_starttls/capable=true/unicode_sender_envelope_only", "TestExecSMTPUTF8Capabilities/relay_starttls/capable=true/unicode_top_level_header", "TestExecSMTPUTF8HELOFallback/direct_plain/ascii_quoted_alabel", "TestExecSMTPUTF8HELOFallback/direct_plain/unicode_sender_envelope_only", "TestExecSMTPUTF8HELOFallback/relay_plain/ascii_quoted_alabel", "TestExecSMTPUTF8HELOFallback/relay_plain/unicode_sender_envelope_only", "TestExecSMTPUTF8RefreshAfterSTARTTLS/direct_starttls/final_capable=false/encoded_headers_body_and_attachment", "TestExecSMTPUTF8RefreshAfterSTARTTLS/direct_starttls/final_capable=false/unicode_last_bcc", "TestExecSMTPUTF8RefreshAfterSTARTTLS/direct_starttls/final_capable=true/encoded_headers_body_and_attachment", "TestExecSMTPUTF8RefreshAfterSTARTTLS/direct_starttls/final_capable=true/unicode_last_bcc", "TestExecSMTPUTF8RefreshAfterSTARTTLS/relay_starttls/final_capable=false/encoded_headers_body_and_attachment", "TestExecSMTPUTF8RefreshAfterSTARTTLS/relay_starttls/final_capable=false/unicode_last_bcc", "TestExecSMTPUTF8RefreshAfterSTARTTLS/relay_starttls/final_capable=true/encoded_headers_body_and_attachment", "TestExecSMTPUTF8RefreshAfterSTARTTLS/relay_starttls/final_capable=true/unicode_last_bcc", "TestExecSMTPUTF8SubmissionRecipientLedger/direct_plain/capable=false/bcc", "TestExecSMTPUTF8SubmissionRecipientLedger/direct_plain/capable=false/cc", "TestExecSMTPUTF8SubmissionRecipientLedger/direct_plain/capable=false/header", "TestExecSMTPUTF8SubmissionRecipientLedger/direct_plain/capable=false/to", "TestExecSMTPUTF8SubmissionRecipientLedger/direct_plain/capable=true/bcc", "TestExecSMTPUTF8SubmissionRecipientLedger/direct_plain/capable=true/cc", "TestExecSMTPUTF8SubmissionRecipientLedger/direct_plain/capable=true/header", "TestExecSMTPUTF8SubmissionRecipientLedger/direct_plain/capable=true/to", "TestExecSMTPUTF8SubmissionRecipientLedger/relay_plain/capable=false/bcc", "TestExecSMTPUTF8SubmissionRecipientLedger/relay_plain/capable=false/cc", "TestExecSMTPUTF8SubmissionRecipientLedger/relay_plain/capable=false/header", "TestExecSMTPUTF8SubmissionRecipientLedger/relay_plain/capable=false/to", "TestExecSMTPUTF8SubmissionRecipientLedger/relay_plain/capable=true/bcc", "TestExecSMTPUTF8SubmissionRecipientLedger/relay_plain/capable=true/cc", "TestExecSMTPUTF8SubmissionRecipientLedger/relay_plain/capable=true/header", "TestExecSMTPUTF8SubmissionRecipientLedger/relay_plain/capable=true/to", "TestExecSMTPUTF8TriesNextMXBeforeSending"], "leaf_count": 109, "passed": 109, "failed": 0, "skipped": 0, "exit_code": 0, "actual_wire_observations": []}}, "errors": {}}
2026-10-09T04:14:54.2504188Z ##[group]Run python3 -B - <<'PY'
2026-10-09T04:14:54.2504476Z [36;1mpython3 -B - <<'PY'[0m
2026-10-09T04:14:54.2504672Z [36;1mimport os[0m
2026-10-09T04:14:54.2504848Z [36;1mfrom pathlib import Path[0m
2026-10-09T04:14:54.2505058Z [36;1mimport sys[0m
2026-10-09T04:14:54.2505315Z [36;1mroot = Path(os.environ["RUNNER_TEMP"]) / "tabmail-smtputf8-evidence"[0m
2026-10-09T04:14:54.2505632Z [36;1mfor path in sorted(root.rglob("*")):[0m
2026-10-09T04:14:54.2505854Z [36;1m    if path.is_file():[0m
2026-10-09T04:14:54.2506131Z [36;1m        print("EXEC09_RAW_BEGIN " + str(path.relative_to(root)), flush=True)[0m
2026-10-09T04:14:54.2506473Z [36;1m        sys.stdout.buffer.write(path.read_bytes())[0m
2026-10-09T04:14:54.2506731Z [36;1m        sys.stdout.buffer.flush()[0m
2026-10-09T04:14:54.2507022Z [36;1m        print("\nEXEC09_RAW_END " + str(path.relative_to(root)), flush=True)[0m
2026-10-09T04:14:54.2507293Z [36;1mPY[0m
2026-10-09T04:14:54.2540316Z shell: /usr/bin/bash -e {0}
2026-10-09T04:14:54.2540535Z ##[endgroup]
2026-10-09T04:14:54.2747187Z EXEC09_RAW_BEGIN baseline/execution.json
2026-10-09T04:14:54.2747500Z {
2026-10-09T04:14:54.2747658Z   "before": {
2026-10-09T04:14:54.2747910Z     "commit": "388d1b53d1351744d24dd5716fbcdf56137bb6ff",
2026-10-09T04:14:54.2748392Z     "tree": "3a3121e5aaffc5240894b9a18f3941c957330929",
2026-10-09T04:14:54.2748935Z     "test_sha256": "03047b4ba6b9c4590e032dfc58eeada6750e3b2e4c7aa80b96859ab98354e372"
2026-10-09T04:14:54.2749325Z   },
2026-10-09T04:14:54.2749532Z   "after": {
2026-10-09T04:14:54.2749831Z     "commit": "388d1b53d1351744d24dd5716fbcdf56137bb6ff",
2026-10-09T04:14:54.2750272Z     "tree": "3a3121e5aaffc5240894b9a18f3941c957330929",
2026-10-09T04:14:54.2750774Z     "test_sha256": "03047b4ba6b9c4590e032dfc58eeada6750e3b2e4c7aa80b96859ab98354e372"
2026-10-09T04:14:54.2751186Z   },
2026-10-09T04:14:54.2751384Z   "command": [
2026-10-09T04:14:54.2751606Z     "go",
2026-10-09T04:14:54.2751790Z     "test",
2026-10-09T04:14:54.2752054Z     "-mod=readonly",
2026-10-09T04:14:54.2752221Z     "-json",
2026-10-09T04:14:54.2752428Z     "-race",
2026-10-09T04:14:54.2752600Z     "-p",
2026-10-09T04:14:54.2752786Z     "1",
2026-10-09T04:14:54.2752971Z     "-count=1",
2026-10-09T04:14:54.2753222Z     "-timeout=120s",
2026-10-09T04:14:54.2753532Z     "-run",
2026-10-09T04:14:54.2753753Z     "^TestExecSMTPUTF8",
2026-10-09T04:14:54.2754036Z     "./internal/outbound"
2026-10-09T04:14:54.2754232Z   ],
2026-10-09T04:14:54.2754415Z   "exit_code": 1,
2026-10-09T04:14:54.2754630Z   "timed_out": false,
2026-10-09T04:14:54.2754979Z   "stdout_sha256": "e759649dcfc657ccc30e23199ea543eded915559bce0d0ca44caaa3457fe05a4",
2026-10-09T04:14:54.2755530Z   "stderr_sha256": "e3b0c44298fc1c149afbf4c8996fb92427ae41e4649b934ca495991b7852b855"
2026-10-09T04:14:54.2755925Z }
2026-10-09T04:14:54.2756339Z 
2026-10-09T04:14:54.2756471Z EXEC09_RAW_END baseline/execution.json
2026-10-09T04:14:54.2756770Z EXEC09_RAW_BEGIN baseline/go-test.jsonl
2026-10-09T04:14:54.2757258Z {"Time":"2026-10-09T04:14:48.724233249Z","Action":"start","Package":"tabmail/internal/outbound"}
2026-10-09T04:14:54.2757883Z {"Time":"2026-10-09T04:14:48.739767497Z","Action":"run","Package":"tabmail/internal/outbound","Test":"TestExecSMTPUTF8Capabilities"}
2026-10-09T04:14:54.2758794Z {"Time":"2026-10-09T04:14:48.739783612Z","Action":"output","Package":"tabmail/internal/outbound","Test":"TestExecSMTPUTF8Capabilities","Output":"=== RUN   TestExecSMTPUTF8Capabilities\n"}
2026-10-09T04:14:54.2759831Z {"Time":"2026-10-09T04:14:48.73984573Z","Action":"run","Package":"tabmail/internal/outbound","Test":"TestExecSMTPUTF8Capabilities/relay_plain/capable=false/ascii_quoted_alabel"}
2026-10-09T04:14:54.2761160Z {"Time":"2026-10-09T04:14:48.739849167Z","Action":"output","Package":"tabmail/internal/outbound","Test":"TestExecSMTPUTF8Capabilities/relay_plain/capable=false/ascii_quoted_alabel","Output":"=== RUN   TestExecSMTPUTF8Capabilities/relay_plain/capable=false/ascii_quoted_alabel\n"}
2026-10-09T04:14:54.2762597Z {"Time":"2026-10-09T04:14:48.74543131Z","Action":"output","Package":"tabmail/internal/outbound","Test":"TestExecSMTPUTF8Capabilities/relay_plain/capable=false/ascii_quoted_alabel","Output":"--- PASS: TestExecSMTPUTF8Capabilities/relay_plain/capable=false/ascii_quoted_alabel (0.01s)\n"}
2026-10-09T04:14:54.2763841Z {"Time":"2026-10-09T04:14:48.745450904Z","Action":"pass","Package":"tabmail/internal/outbound","Test":"TestExecSMTPUTF8Capabilities/relay_plain/capable=false/ascii_quoted_alabel","Elapsed":0.01}
2026-10-09T04:14:54.2764649Z {"Time":"2026-10-09T04:14:48.745457797Z","Action":"run","Package":"tabmail/internal/outbound","Test":"TestExecSMTPUTF8Capabilities/relay_plain/capable=false/unicode_sender_envelope_only"}
2026-10-09T04:14:54.2765691Z {"Time":"2026-10-09T04:14:48.745459528Z","Action":"output","Package":"tabmail/internal/outbound","Test":"TestExecSMTPUTF8Capabilities/relay_plain/capable=false/unicode_sender_envelope_only","Output":"=== RUN   TestExecSMTPUTF8Capabilities/relay_plain/capable=false/unicode_sender_envelope_only\n"}
2026-10-09T04:14:54.2767000Z {"Time":"2026-10-09T04:14:48.747944514Z","Action":"output","Package":"tabmail/internal/outbound","Test":"TestExecSMTPUTF8Capabilities/relay_plain/capable=false/unicode_sender_envelope_only","Output":"    r5_exec_smtputf8_test.go:340: SMTPUTF8 requirement must produce a local pre-send error, got \u003cnil\u003e\n"}
2026-10-09T04:14:54.2769295Z {"Time":"2026-10-09T04:14:48.747984323Z","Action":"output","Package":"tabmail/internal/outbound","Test":"TestExecSMTPUTF8Capabilities/relay_plain/capable=false/unicode_sender_envelope_only","Output":"    r5_exec_smtputf8_test.go:340: EXEC09_SENT_WITHOUT_SMTPUTF8 MAIL=[\"MAIL FROM:\u003c发送者@example.test\u003e BODY=8BITMIME\"] RCPT=[\"RCPT TO:\u003creader@recipient.test\u003e\"] DATA=1 body_bytes=298\n"}
2026-10-09T04:14:54.2770744Z {"Time":"2026-10-09T04:14:48.748047706Z","Action":"output","Package":"tabmail/internal/outbound","Test":"TestExecSMTPUTF8Capabilities/relay_plain/capable=false/unicode_sender_envelope_only","Output":"--- FAIL: TestExecSMTPUTF8Capabilities/relay_plain/capable=false/unicode_sender_envelope_only (0.00s)\n"}
2026-10-09T04:14:54.2771781Z {"Time":"2026-10-09T04:14:48.748069536Z","Action":"fail","Package":"tabmail/internal/outbound","Test":"TestExecSMTPUTF8Capabilities/relay_plain/capable=false/unicode_sender_envelope_only","Elapsed":0}
2026-10-09T04:14:54.2772647Z {"Time":"2026-10-09T04:14:48.748098457Z","Action":"run","Package":"tabmail/internal/outbound","Test":"TestExecSMTPUTF8Capabilities/relay_plain/capable=false/unicode_recipient_envelope_only"}
2026-10-09T04:14:54.2773761Z {"Time":"2026-10-09T04:14:48.748100598Z","Action":"output","Package":"tabmail/internal/outbound","Test":"TestExecSMTPUTF8Capabilities/relay_plain/capable=false/unicode_recipient_envelope_only","Output":"=== RUN   TestExecSMTPUTF8Capabilities/relay_plain/capable=false/unicode_recipient_envelope_only\n"}
2026-10-09T04:14:54.2775074Z {"Time":"2026-10-09T04:14:48.750510022Z","Action":"output","Package":"tabmail/internal/outbound","Test":"TestExecSMTPUTF8Capabilities/relay_plain/capable=false/unicode_recipient_envelope_only","Output":"    r5_exec_smtputf8_test.go:340: SMTPUTF8 requirement must produce a local pre-send error, got \u003cnil\u003e\n"}
2026-10-09T04:14:54.2776762Z {"Time":"2026-10-09T04:14:48.750539532Z","Action":"output","Package":"tabmail/internal/outbound","Test":"TestExecSMTPUTF8Capabilities/relay_plain/capable=false/unicode_recipient_envelope_only","Output":"    r5_exec_smtputf8_test.go:340: EXEC09_SENT_WITHOUT_SMTPUTF8 MAIL=[\"MAIL FROM:\u003csender@example.test\u003e BODY=8BITMIME\"] RCPT=[\"RCPT TO:\u003c收件人@recipient.test\u003e\"] DATA=1 body_bytes=298\n"}
2026-10-09T04:14:54.2778251Z {"Time":"2026-10-09T04:14:48.750598824Z","Action":"output","Package":"tabmail/internal/outbound","Test":"TestExecSMTPUTF8Capabilities/relay_plain/capable=false/unicode_recipient_envelope_only","Output":"--- FAIL: TestExecSMTPUTF8Capabilities/relay_plain/capable=false/unicode_recipient_envelope_only (0.00s)\n"}
2026-10-09T04:14:54.2779375Z {"Time":"2026-10-09T04:14:48.750620327Z","Action":"fail","Package":"tabmail/internal/outbound","Test":"TestExecSMTPUTF8Capabilities/relay_plain/capable=false/unicode_recipient_envelope_only","Elapsed":0}
2026-10-09T04:14:54.2780182Z {"Time":"2026-10-09T04:14:48.750647089Z","Action":"run","Package":"tabmail/internal/outbound","Test":"TestExecSMTPUTF8Capabilities/relay_plain/capable=false/unicode_domain_envelope_only"}
2026-10-09T04:14:54.2781207Z {"Time":"2026-10-09T04:14:48.750649824Z","Action":"output","Package":"tabmail/internal/outbound","Test":"TestExecSMTPUTF8Capabilities/relay_plain/capable=false/unicode_domain_envelope_only","Output":"=== RUN   TestExecSMTPUTF8Capabilities/relay_plain/capable=false/unicode_domain_envelope_only\n"}
2026-10-09T04:14:54.2782508Z {"Time":"2026-10-09T04:14:48.753065482Z","Action":"output","Package":"tabmail/internal/outbound","Test":"TestExecSMTPUTF8Capabilities/relay_plain/capable=false/unicode_domain_envelope_only","Output":"    r5_exec_smtputf8_test.go:340: SMTPUTF8 requirement must produce a local pre-send error, got \u003cnil\u003e\n"}
2026-10-09T04:14:54.2784496Z {"Time":"2026-10-09T04:14:48.753081932Z","Action":"output","Package":"tabmail/internal/outbound","Test":"TestExecSMTPUTF8Capabilities/relay_plain/capable=false/unicode_domain_envelope_only","Output":"    r5_exec_smtputf8_test.go:340: EXEC09_SENT_WITHOUT_SMTPUTF8 MAIL=[\"MAIL FROM:\u003csender@example.test\u003e BODY=8BITMIME\"] RCPT=[\"RCPT TO:\u003creader@例子.test\u003e\"] DATA=1 body_bytes=298\n"}
2026-10-09T04:14:54.2786036Z {"Time":"2026-10-09T04:14:48.753141041Z","Action":"output","Package":"tabmail/internal/outbound","Test":"TestExecSMTPUTF8Capabilities/relay_plain/capable=false/unicode_domain_envelope_only","Output":"--- FAIL: TestExecSMTPUTF8Capabilities/relay_plain/capable=false/unicode_domain_envelope_only (0.00s)\n"}
2026-10-09T04:14:54.2787108Z {"Time":"2026-10-09T04:14:48.753147868Z","Action":"fail","Package":"tabmail/internal/outbound","Test":"TestExecSMTPUTF8Capabilities/relay_plain/capable=false/unicode_domain_envelope_only","Elapsed":0}
2026-10-09T04:14:54.2787902Z {"Time":"2026-10-09T04:14:48.753196131Z","Action":"run","Package":"tabmail/internal/outbound","Test":"TestExecSMTPUTF8Capabilities/relay_plain/capable=false/unicode_last_bcc"}
2026-10-09T04:14:54.2789079Z {"Time":"2026-10-09T04:14:48.753198822Z","Action":"output","Package":"tabmail/internal/outbound","Test":"TestExecSMTPUTF8Capabilities/relay_plain/capable=false/unicode_last_bcc","Output":"=== RUN   TestExecSMTPUTF8Capabilities/relay_plain/capable=false/unicode_last_bcc\n"}
2026-10-09T04:14:54.2790726Z {"Time":"2026-10-09T04:14:48.755572097Z","Action":"output","Package":"tabmail/internal/outbound","Test":"TestExecSMTPUTF8Capabilities/relay_plain/capable=false/unicode_last_bcc","Output":"    r5_exec_smtputf8_test.go:340: SMTPUTF8 requirement must produce a local pre-send error, got \u003cnil\u003e\n"}
2026-10-09T04:14:54.2792685Z {"Time":"2026-10-09T04:14:48.755616181Z","Action":"output","Package":"tabmail/internal/outbound","Test":"TestExecSMTPUTF8Capabilities/relay_plain/capable=false/unicode_last_bcc","Output":"    r5_exec_smtputf8_test.go:340: EXEC09_SENT_WITHOUT_SMTPUTF8 MAIL=[\"MAIL FROM:\u003csender@example.test\u003e BODY=8BITMIME\"] RCPT=[\"RCPT TO:\u003creader@recipient.test\u003e\" \"RCPT TO:\u003c\\\"信箱 @ 帮助台\\\"@recipient.test\u003e\"] DATA=1 body_bytes=298\n"}
2026-10-09T04:14:54.2794370Z {"Time":"2026-10-09T04:14:48.755673772Z","Action":"output","Package":"tabmail/internal/outbound","Test":"TestExecSMTPUTF8Capabilities/relay_plain/capable=false/unicode_last_bcc","Output":"--- FAIL: TestExecSMTPUTF8Capabilities/relay_plain/capable=false/unicode_last_bcc (0.00s)\n"}
2026-10-09T04:14:54.2795341Z {"Time":"2026-10-09T04:14:48.755677487Z","Action":"fail","Package":"tabmail/internal/outbound","Test":"TestExecSMTPUTF8Capabilities/relay_plain/capable=false/unicode_last_bcc","Elapsed":0}
2026-10-09T04:14:54.2796193Z {"Time":"2026-10-09T04:14:48.75572651Z","Action":"run","Package":"tabmail/internal/outbound","Test":"TestExecSMTPUTF8Capabilities/relay_plain/capable=false/unicode_top_level_header"}
2026-10-09T04:14:54.2797184Z {"Time":"2026-10-09T04:14:48.75572929Z","Action":"output","Package":"tabmail/internal/outbound","Test":"TestExecSMTPUTF8Capabilities/relay_plain/capable=false/unicode_top_level_header","Output":"=== RUN   TestExecSMTPUTF8Capabilities/relay_plain/capable=false/unicode_top_level_header\n"}
2026-10-09T04:14:54.2798424Z {"Time":"2026-10-09T04:14:48.758045245Z","Action":"output","Package":"tabmail/internal/outbound","Test":"TestExecSMTPUTF8Capabilities/relay_plain/capable=false/unicode_top_level_header","Output":"    r5_exec_smtputf8_test.go:340: SMTPUTF8 requirement must produce a local pre-send error, got \u003cnil\u003e\n"}
2026-10-09T04:14:54.2799893Z {"Time":"2026-10-09T04:14:48.758064485Z","Action":"output","Package":"tabmail/internal/outbound","Test":"TestExecSMTPUTF8Capabilities/relay_plain/capable=false/unicode_top_level_header","Output":"    r5_exec_smtputf8_test.go:340: EXEC09_SENT_WITHOUT_SMTPUTF8 MAIL=[\"MAIL FROM:\u003csender@example.test\u003e BODY=8BITMIME\"] RCPT=[\"RCPT TO:\u003creader@recipient.test\u003e\"] DATA=1 body_bytes=324\n"}
2026-10-09T04:14:54.2801333Z {"Time":"2026-10-09T04:14:48.758124669Z","Action":"output","Package":"tabmail/internal/outbound","Test":"TestExecSMTPUTF8Capabilities/relay_plain/capable=false/unicode_top_level_header","Output":"--- FAIL: TestExecSMTPUTF8Capabilities/relay_plain/capable=false/unicode_top_level_header (0.00s)\n"}
2026-10-09T04:14:54.2802401Z {"Time":"2026-10-09T04:14:48.758159808Z","Action":"fail","Package":"tabmail/internal/outbound","Test":"TestExecSMTPUTF8Capabilities/relay_plain/capable=false/unicode_top_level_header","Elapsed":0}
2026-10-09T04:14:54.2803212Z {"Time":"2026-10-09T04:14:48.758185464Z","Action":"run","Package":"tabmail/internal/outbound","Test":"TestExecSMTPUTF8Capabilities/relay_plain/capable=false/encoded_headers_body_and_attachment"}
2026-10-09T04:14:54.2804489Z {"Time":"2026-10-09T04:14:48.758188289Z","Action":"output","Package":"tabmail/internal/outbound","Test":"TestExecSMTPUTF8Capabilities/relay_plain/capable=false/encoded_headers_body_and_attachment","Output":"=== RUN   TestExecSMTPUTF8Capabilities/relay_plain/capable=false/encoded_headers_body_and_attachment\n"}
2026-10-09T04:14:54.2805858Z {"Time":"2026-10-09T04:14:48.760691738Z","Action":"output","Package":"tabmail/internal/outbound","Test":"TestExecSMTPUTF8Capabilities/relay_plain/capable=false/encoded_headers_body_and_attachment","Output":"--- PASS: TestExecSMTPUTF8Capabilities/relay_plain/capable=false/encoded_headers_body_and_attachment (0.00s)\n"}
2026-10-09T04:14:54.2806984Z {"Time":"2026-10-09T04:14:48.760707729Z","Action":"pass","Package":"tabmail/internal/outbound","Test":"TestExecSMTPUTF8Capabilities/relay_plain/capable=false/encoded_headers_body_and_attachment","Elapsed":0}
2026-10-09T04:14:54.2807797Z {"Time":"2026-10-09T04:14:48.760713195Z","Action":"run","Package":"tabmail/internal/outbound","Test":"TestExecSMTPUTF8Capabilities/relay_plain/capable=false/eight_bit_body_only"}
2026-10-09T04:14:54.2808779Z {"Time":"2026-10-09T04:14:48.760715066Z","Action":"output","Package":"tabmail/internal/outbound","Test":"TestExecSMTPUTF8Capabilities/relay_plain/capable=false/eight_bit_body_only","Output":"=== RUN   TestExecSMTPUTF8Capabilities/relay_plain/capable=false/eight_bit_body_only\n"}
2026-10-09T04:14:54.2809960Z {"Time":"2026-10-09T04:14:48.763025747Z","Action":"output","Package":"tabmail/internal/outbound","Test":"TestExecSMTPUTF8Capabilities/relay_plain/capable=false/eight_bit_body_only","Output":"--- PASS: TestExecSMTPUTF8Capabilities/relay_plain/capable=false/eight_bit_body_only (0.00s)\n"}
2026-10-09T04:14:54.2810970Z {"Time":"2026-10-09T04:14:48.763033161Z","Action":"pass","Package":"tabmail/internal/outbound","Test":"TestExecSMTPUTF8Capabilities/relay_plain/capable=false/eight_bit_body_only","Elapsed":0}
2026-10-09T04:14:54.2811779Z {"Time":"2026-10-09T04:14:48.763067454Z","Action":"run","Package":"tabmail/internal/outbound","Test":"TestExecSMTPUTF8Capabilities/relay_plain/capable=true/ascii_quoted_alabel"}
2026-10-09T04:14:54.2812726Z {"Time":"2026-10-09T04:14:48.763069502Z","Action":"output","Package":"tabmail/internal/outbound","Test":"TestExecSMTPUTF8Capabilities/relay_plain/capable=true/ascii_quoted_alabel","Output":"=== RUN   TestExecSMTPUTF8Capabilities/relay_plain/capable=true/ascii_quoted_alabel\n"}
2026-10-09T04:14:54.2814032Z {"Time":"2026-10-09T04:14:48.765427564Z","Action":"output","Package":"tabmail/internal/outbound","Test":"TestExecSMTPUTF8Capabilities/relay_plain/capable=true/ascii_quoted_alabel","Output":"--- PASS: TestExecSMTPUTF8Capabilities/relay_plain/capable=true/ascii_quoted_alabel (0.00s)\n"}
2026-10-09T04:14:54.2815021Z {"Time":"2026-10-09T04:14:48.765446749Z","Action":"pass","Package":"tabmail/internal/outbound","Test":"TestExecSMTPUTF8Capabilities/relay_plain/capable=true/ascii_quoted_alabel","Elapsed":0}
2026-10-09T04:14:54.2815820Z {"Time":"2026-10-09T04:14:48.765472108Z","Action":"run","Package":"tabmail/internal/outbound","Test":"TestExecSMTPUTF8Capabilities/relay_plain/capable=true/unicode_sender_envelope_only"}
2026-10-09T04:14:54.2816847Z {"Time":"2026-10-09T04:14:48.765474096Z","Action":"output","Package":"tabmail/internal/outbound","Test":"TestExecSMTPUTF8Capabilities/relay_plain/capable=true/unicode_sender_envelope_only","Output":"=== RUN   TestExecSMTPUTF8Capabilities/relay_plain/capable=true/unicode_sender_envelope_only\n"}
2026-10-09T04:14:54.2818134Z {"Time":"2026-10-09T04:14:48.767991522Z","Action":"output","Package":"tabmail/internal/outbound","Test":"TestExecSMTPUTF8Capabilities/relay_plain/capable=true/unicode_sender_envelope_only","Output":"--- PASS: TestExecSMTPUTF8Capabilities/relay_plain/capable=true/unicode_sender_envelope_only (0.00s)\n"}
2026-10-09T04:14:54.2819166Z {"Time":"2026-10-09T04:14:48.76800597Z","Action":"pass","Package":"tabmail/internal/outbound","Test":"TestExecSMTPUTF8Capabilities/relay_plain/capable=true/unicode_sender_envelope_only","Elapsed":0}
2026-10-09T04:14:54.2819960Z {"Time":"2026-10-09T04:14:48.768012085Z","Action":"run","Package":"tabmail/internal/outbound","Test":"TestExecSMTPUTF8Capabilities/relay_plain/capable=true/unicode_recipient_envelope_only"}
2026-10-09T04:14:54.2820987Z {"Time":"2026-10-09T04:14:48.768013897Z","Action":"output","Package":"tabmail/internal/outbound","Test":"TestExecSMTPUTF8Capabilities/relay_plain/capable=true/unicode_recipient_envelope_only","Output":"=== RUN   TestExecSMTPUTF8Capabilities/relay_plain/capable=true/unicode_recipient_envelope_only\n"}
2026-10-09T04:14:54.2822275Z {"Time":"2026-10-09T04:14:48.770429784Z","Action":"output","Package":"tabmail/internal/outbound","Test":"TestExecSMTPUTF8Capabilities/relay_plain/capable=true/unicode_recipient_envelope_only","Output":"--- PASS: TestExecSMTPUTF8Capabilities/relay_plain/capable=true/unicode_recipient_envelope_only (0.00s)\n"}
2026-10-09T04:14:54.2823429Z {"Time":"2026-10-09T04:14:48.770437128Z","Action":"pass","Package":"tabmail/internal/outbound","Test":"TestExecSMTPUTF8Capabilities/relay_plain/capable=true/unicode_recipient_envelope_only","Elapsed":0}
2026-10-09T04:14:54.2824246Z {"Time":"2026-10-09T04:14:48.770489431Z","Action":"run","Package":"tabmail/internal/outbound","Test":"TestExecSMTPUTF8Capabilities/relay_plain/capable=true/unicode_domain_envelope_only"}
2026-10-09T04:14:54.2825256Z {"Time":"2026-10-09T04:14:48.770493644Z","Action":"output","Package":"tabmail/internal/outbound","Test":"TestExecSMTPUTF8Capabilities/relay_plain/capable=true/unicode_domain_envelope_only","Output":"=== RUN   TestExecSMTPUTF8Capabilities/relay_plain/capable=true/unicode_domain_envelope_only\n"}
2026-10-09T04:14:54.2826521Z {"Time":"2026-10-09T04:14:48.772848447Z","Action":"output","Package":"tabmail/internal/outbound","Test":"TestExecSMTPUTF8Capabilities/relay_plain/capable=true/unicode_domain_envelope_only","Output":"--- PASS: TestExecSMTPUTF8Capabilities/relay_plain/capable=true/unicode_domain_envelope_only (0.00s)\n"}
2026-10-09T04:14:54.2827604Z {"Time":"2026-10-09T04:14:48.772860027Z","Action":"pass","Package":"tabmail/internal/outbound","Test":"TestExecSMTPUTF8Capabilities/relay_plain/capable=true/unicode_domain_envelope_only","Elapsed":0}
2026-10-09T04:14:54.2828382Z {"Time":"2026-10-09T04:14:48.772888561Z","Action":"run","Package":"tabmail/internal/outbound","Test":"TestExecSMTPUTF8Capabilities/relay_plain/capable=true/unicode_last_bcc"}
2026-10-09T04:14:54.2829327Z {"Time":"2026-10-09T04:14:48.772893641Z","Action":"output","Package":"tabmail/internal/outbound","Test":"TestExecSMTPUTF8Capabilities/relay_plain/capable=true/unicode_last_bcc","Output":"=== RUN   TestExecSMTPUTF8Capabilities/relay_plain/capable=true/unicode_last_bcc\n"}
2026-10-09T04:14:54.2830462Z {"Time":"2026-10-09T04:14:48.77527088Z","Action":"output","Package":"tabmail/internal/outbound","Test":"TestExecSMTPUTF8Capabilities/relay_plain/capable=true/unicode_last_bcc","Output":"--- PASS: TestExecSMTPUTF8Capabilities/relay_plain/capable=true/unicode_last_bcc (0.00s)\n"}
2026-10-09T04:14:54.2831426Z {"Time":"2026-10-09T04:14:48.775294605Z","Action":"pass","Package":"tabmail/internal/outbound","Test":"TestExecSMTPUTF8Capabilities/relay_plain/capable=true/unicode_last_bcc","Elapsed":0}
2026-10-09T04:14:54.2832201Z {"Time":"2026-10-09T04:14:48.775299362Z","Action":"run","Package":"tabmail/internal/outbound","Test":"TestExecSMTPUTF8Capabilities/relay_plain/capable=true/unicode_top_level_header"}
2026-10-09T04:14:54.2833351Z {"Time":"2026-10-09T04:14:48.775301121Z","Action":"output","Package":"tabmail/internal/outbound","Test":"TestExecSMTPUTF8Capabilities/relay_plain/capable=true/unicode_top_level_header","Output":"=== RUN   TestExecSMTPUTF8Capabilities/relay_plain/capable=true/unicode_top_level_header\n"}
2026-10-09T04:14:54.2834609Z {"Time":"2026-10-09T04:14:48.777660633Z","Action":"output","Package":"tabmail/internal/outbound","Test":"TestExecSMTPUTF8Capabilities/relay_plain/capable=true/unicode_top_level_header","Output":"--- PASS: TestExecSMTPUTF8Capabilities/relay_plain/capable=true/unicode_top_level_header (0.00s)\n"}
2026-10-09T04:14:54.2835631Z {"Time":"2026-10-09T04:14:48.777676649Z","Action":"pass","Package":"tabmail/internal/outbound","Test":"TestExecSMTPUTF8Capabilities/relay_plain/capable=true/unicode_top_level_header","Elapsed":0}
2026-10-09T04:14:54.2836444Z {"Time":"2026-10-09T04:14:48.777680155Z","Action":"run","Package":"tabmail/internal/outbound","Test":"TestExecSMTPUTF8Capabilities/relay_plain/capable=true/encoded_headers_body_and_attachment"}
2026-10-09T04:14:54.2837525Z {"Time":"2026-10-09T04:14:48.777681541Z","Action":"output","Package":"tabmail/internal/outbound","Test":"TestExecSMTPUTF8Capabilities/relay_plain/capable=true/encoded_headers_body_and_attachment","Output":"=== RUN   TestExecSMTPUTF8Capabilities/relay_plain/capable=true/encoded_headers_body_and_attachment\n"}
2026-10-09T04:14:54.2838843Z {"Time":"2026-10-09T04:14:48.780261701Z","Action":"output","Package":"tabmail/internal/outbound","Test":"TestExecSMTPUTF8Capabilities/relay_plain/capable=true/encoded_headers_body_and_attachment","Output":"--- PASS: TestExecSMTPUTF8Capabilities/relay_plain/capable=true/encoded_headers_body_and_attachment (0.00s)\n"}
2026-10-09T04:14:54.2839938Z {"Time":"2026-10-09T04:14:48.780273328Z","Action":"pass","Package":"tabmail/internal/outbound","Test":"TestExecSMTPUTF8Capabilities/relay_plain/capable=true/encoded_headers_body_and_attachment","Elapsed":0}
2026-10-09T04:14:54.2840737Z {"Time":"2026-10-09T04:14:48.780276967Z","Action":"run","Package":"tabmail/internal/outbound","Test":"TestExecSMTPUTF8Capabilities/relay_plain/capable=true/eight_bit_body_only"}
2026-10-09T04:14:54.2841692Z {"Time":"2026-10-09T04:14:48.780278882Z","Action":"output","Package":"tabmail/internal/outbound","Test":"TestExecSMTPUTF8Capabilities/relay_plain/capable=true/eight_bit_body_only","Output":"=== RUN   TestExecSMTPUTF8Capabilities/relay_plain/capable=true/eight_bit_body_only\n"}
2026-10-09T04:14:54.2842911Z {"Time":"2026-10-09T04:14:48.782787226Z","Action":"output","Package":"tabmail/internal/outbound","Test":"TestExecSMTPUTF8Capabilities/relay_plain/capable=true/eight_bit_body_only","Output":"--- PASS: TestExecSMTPUTF8Capabilities/relay_plain/capable=true/eight_bit_body_only (0.00s)\n"}
2026-10-09T04:14:54.2844046Z {"Time":"2026-10-09T04:14:48.78284375Z","Action":"pass","Package":"tabmail/internal/outbound","Test":"TestExecSMTPUTF8Capabilities/relay_plain/capable=true/eight_bit_body_only","Elapsed":0}
2026-10-09T04:14:54.2844832Z {"Time":"2026-10-09T04:14:48.782849484Z","Action":"run","Package":"tabmail/internal/outbound","Test":"TestExecSMTPUTF8Capabilities/relay_implicit_tls/capable=false/ascii_quoted_alabel"}
2026-10-09T04:14:54.2845842Z {"Time":"2026-10-09T04:14:48.782851612Z","Action":"output","Package":"tabmail/internal/outbound","Test":"TestExecSMTPUTF8Capabilities/relay_implicit_tls/capable=false/ascii_quoted_alabel","Output":"=== RUN   TestExecSMTPUTF8Capabilities/relay_implicit_tls/capable=false/ascii_quoted_alabel\n"}
2026-10-09T04:14:54.2847084Z {"Time":"2026-10-09T04:14:48.791074718Z","Action":"output","Package":"tabmail/internal/outbound","Test":"TestExecSMTPUTF8Capabilities/relay_implicit_tls/capable=false/ascii_quoted_alabel","Output":"--- PASS: TestExecSMTPUTF8Capabilities/relay_implicit_tls/capable=false/ascii_quoted_alabel (0.01s)\n"}
2026-10-09T04:14:54.2848223Z {"Time":"2026-10-09T04:14:48.791095006Z","Action":"pass","Package":"tabmail/internal/outbound","Test":"TestExecSMTPUTF8Capabilities/relay_implicit_tls/capable=false/ascii_quoted_alabel","Elapsed":0.01}
2026-10-09T04:14:54.2849119Z {"Time":"2026-10-09T04:14:48.791107444Z","Action":"run","Package":"tabmail/internal/outbound","Test":"TestExecSMTPUTF8Capabilities/relay_implicit_tls/capable=false/unicode_sender_envelope_only"}
2026-10-09T04:14:54.2850195Z {"Time":"2026-10-09T04:14:48.79110937Z","Action":"output","Package":"tabmail/internal/outbound","Test":"TestExecSMTPUTF8Capabilities/relay_implicit_tls/capable=false/unicode_sender_envelope_only","Output":"=== RUN   TestExecSMTPUTF8Capabilities/relay_implicit_tls/capable=false/unicode_sender_envelope_only\n"}
2026-10-09T04:14:54.2851531Z {"Time":"2026-10-09T04:14:48.798553442Z","Action":"output","Package":"tabmail/internal/outbound","Test":"TestExecSMTPUTF8Capabilities/relay_implicit_tls/capable=false/unicode_sender_envelope_only","Output":"    r5_exec_smtputf8_test.go:340: SMTPUTF8 requirement must produce a local pre-send error, got \u003cnil\u003e\n"}
2026-10-09T04:14:54.2853477Z {"Time":"2026-10-09T04:14:48.798569273Z","Action":"output","Package":"tabmail/internal/outbound","Test":"TestExecSMTPUTF8Capabilities/relay_implicit_tls/capable=false/unicode_sender_envelope_only","Output":"    r5_exec_smtputf8_test.go:340: EXEC09_SENT_WITHOUT_SMTPUTF8 MAIL=[\"MAIL FROM:\u003c发送者@example.test\u003e BODY=8BITMIME\"] RCPT=[\"RCPT TO:\u003creader@recipient.test\u003e\"] DATA=1 body_bytes=298\n"}
2026-10-09T04:14:54.2854999Z {"Time":"2026-10-09T04:14:48.798629751Z","Action":"output","Package":"tabmail/internal/outbound","Test":"TestExecSMTPUTF8Capabilities/relay_implicit_tls/capable=false/unicode_sender_envelope_only","Output":"--- FAIL: TestExecSMTPUTF8Capabilities/relay_implicit_tls/capable=false/unicode_sender_envelope_only (0.01s)\n"}
2026-10-09T04:14:54.2856113Z {"Time":"2026-10-09T04:14:48.798652334Z","Action":"fail","Package":"tabmail/internal/outbound","Test":"TestExecSMTPUTF8Capabilities/relay_implicit_tls/capable=false/unicode_sender_envelope_only","Elapsed":0.01}
2026-10-09T04:14:54.2856957Z {"Time":"2026-10-09T04:14:48.79868611Z","Action":"run","Package":"tabmail/internal/outbound","Test":"TestExecSMTPUTF8Capabilities/relay_implicit_tls/capable=false/unicode_recipient_envelope_only"}
2026-10-09T04:14:54.2858042Z {"Time":"2026-10-09T04:14:48.79868922Z","Action":"output","Package":"tabmail/internal/outbound","Test":"TestExecSMTPUTF8Capabilities/relay_implicit_tls/capable=false/unicode_recipient_envelope_only","Output":"=== RUN   TestExecSMTPUTF8Capabilities/relay_implicit_tls/capable=false/unicode_recipient_envelope_only\n"}
2026-10-09T04:14:54.2859416Z {"Time":"2026-10-09T04:14:48.805540494Z","Action":"output","Package":"tabmail/internal/outbound","Test":"TestExecSMTPUTF8Capabilities/relay_implicit_tls/capable=false/unicode_recipient_envelope_only","Output":"    r5_exec_smtputf8_test.go:340: SMTPUTF8 requirement must produce a local pre-send error, got \u003cnil\u003e\n"}
2026-10-09T04:14:54.2861152Z {"Time":"2026-10-09T04:14:48.805557462Z","Action":"output","Package":"tabmail/internal/outbound","Test":"TestExecSMTPUTF8Capabilities/relay_implicit_tls/capable=false/unicode_recipient_envelope_only","Output":"    r5_exec_smtputf8_test.go:340: EXEC09_SENT_WITHOUT_SMTPUTF8 MAIL=[\"MAIL FROM:\u003csender@example.test\u003e BODY=8BITMIME\"] RCPT=[\"RCPT TO:\u003c收件人@recipient.test\u003e\"] DATA=1 body_bytes=298\n"}
2026-10-09T04:14:54.2862709Z {"Time":"2026-10-09T04:14:48.805613566Z","Action":"output","Package":"tabmail/internal/outbound","Test":"TestExecSMTPUTF8Capabilities/relay_implicit_tls/capable=false/unicode_recipient_envelope_only","Output":"--- FAIL: TestExecSMTPUTF8Capabilities/relay_implicit_tls/capable=false/unicode_recipient_envelope_only (0.01s)\n"}
2026-10-09T04:14:54.2863973Z {"Time":"2026-10-09T04:14:48.80564384Z","Action":"fail","Package":"tabmail/internal/outbound","Test":"TestExecSMTPUTF8Capabilities/relay_implicit_tls/capable=false/unicode_recipient_envelope_only","Elapsed":0.01}
2026-10-09T04:14:54.2864824Z {"Time":"2026-10-09T04:14:48.805675719Z","Action":"run","Package":"tabmail/internal/outbound","Test":"TestExecSMTPUTF8Capabilities/relay_implicit_tls/capable=false/unicode_domain_envelope_only"}
2026-10-09T04:14:54.2865944Z {"Time":"2026-10-09T04:14:48.805678833Z","Action":"output","Package":"tabmail/internal/outbound","Test":"TestExecSMTPUTF8Capabilities/relay_implicit_tls/capable=false/unicode_domain_envelope_only","Output":"=== RUN   TestExecSMTPUTF8Capabilities/relay_implicit_tls/capable=false/unicode_domain_envelope_only\n"}
2026-10-09T04:14:54.2867299Z {"Time":"2026-10-09T04:14:48.812598643Z","Action":"output","Package":"tabmail/internal/outbound","Test":"TestExecSMTPUTF8Capabilities/relay_implicit_tls/capable=false/unicode_domain_envelope_only","Output":"    r5_exec_smtputf8_test.go:340: SMTPUTF8 requirement must produce a local pre-send error, got \u003cnil\u003e\n"}
2026-10-09T04:14:54.2868993Z {"Time":"2026-10-09T04:14:48.812616382Z","Action":"output","Package":"tabmail/internal/outbound","Test":"TestExecSMTPUTF8Capabilities/relay_implicit_tls/capable=false/unicode_domain_envelope_only","Output":"    r5_exec_smtputf8_test.go:340: EXEC09_SENT_WITHOUT_SMTPUTF8 MAIL=[\"MAIL FROM:\u003csender@example.test\u003e BODY=8BITMIME\"] RCPT=[\"RCPT TO:\u003creader@例子.test\u003e\"] DATA=1 body_bytes=298\n"}
2026-10-09T04:14:54.2870520Z {"Time":"2026-10-09T04:14:48.812672552Z","Action":"output","Package":"tabmail/internal/outbound","Test":"TestExecSMTPUTF8Capabilities/relay_implicit_tls/capable=false/unicode_domain_envelope_only","Output":"--- FAIL: TestExecSMTPUTF8Capabilities/relay_implicit_tls/capable=false/unicode_domain_envelope_only (0.01s)\n"}
2026-10-09T04:14:54.2871619Z {"Time":"2026-10-09T04:14:48.81269287Z","Action":"fail","Package":"tabmail/internal/outbound","Test":"TestExecSMTPUTF8Capabilities/relay_implicit_tls/capable=false/unicode_domain_envelope_only","Elapsed":0.01}
2026-10-09T04:14:54.2872430Z {"Time":"2026-10-09T04:14:48.812726635Z","Action":"run","Package":"tabmail/internal/outbound","Test":"TestExecSMTPUTF8Capabilities/relay_implicit_tls/capable=false/unicode_last_bcc"}
2026-10-09T04:14:54.2873567Z {"Time":"2026-10-09T04:14:48.812730628Z","Action":"output","Package":"tabmail/internal/outbound","Test":"TestExecSMTPUTF8Capabilities/relay_implicit_tls/capable=false/unicode_last_bcc","Output":"=== RUN   TestExecSMTPUTF8Capabilities/relay_implicit_tls/capable=false/unicode_last_bcc\n"}
2026-10-09T04:14:54.2874828Z {"Time":"2026-10-09T04:14:48.819650811Z","Action":"output","Package":"tabmail/internal/outbound","Test":"TestExecSMTPUTF8Capabilities/relay_implicit_tls/capable=false/unicode_last_bcc","Output":"    r5_exec_smtputf8_test.go:340: SMTPUTF8 requirement must produce a local pre-send error, got \u003cnil\u003e\n"}
2026-10-09T04:14:54.2876680Z {"Time":"2026-10-09T04:14:48.819683335Z","Action":"output","Package":"tabmail/internal/outbound","Test":"TestExecSMTPUTF8Capabilities/relay_implicit_tls/capable=false/unicode_last_bcc","Output":"    r5_exec_smtputf8_test.go:340: EXEC09_SENT_WITHOUT_SMTPUTF8 MAIL=[\"MAIL FROM:\u003csender@example.test\u003e BODY=8BITMIME\"] RCPT=[\"RCPT TO:\u003creader@recipient.test\u003e\" \"RCPT TO:\u003c\\\"信箱 @ 帮助台\\\"@recipient.test\u003e\"] DATA=1 body_bytes=298\n"}
2026-10-09T04:14:54.2878197Z {"Time":"2026-10-09T04:14:48.819743391Z","Action":"output","Package":"tabmail/internal/outbound","Test":"TestExecSMTPUTF8Capabilities/relay_implicit_tls/capable=false/unicode_last_bcc","Output":"--- FAIL: TestExecSMTPUTF8Capabilities/relay_implicit_tls/capable=false/unicode_last_bcc (0.01s)\n"}
2026-10-09T04:14:54.2879238Z {"Time":"2026-10-09T04:14:48.819812375Z","Action":"fail","Package":"tabmail/internal/outbound","Test":"TestExecSMTPUTF8Capabilities/relay_implicit_tls/capable=false/unicode_last_bcc","Elapsed":0.01}
2026-10-09T04:14:54.2880047Z {"Time":"2026-10-09T04:14:48.81982476Z","Action":"run","Package":"tabmail/internal/outbound","Test":"TestExecSMTPUTF8Capabilities/relay_implicit_tls/capable=false/unicode_top_level_header"}
2026-10-09T04:14:54.2881073Z {"Time":"2026-10-09T04:14:48.819826845Z","Action":"output","Package":"tabmail/internal/outbound","Test":"TestExecSMTPUTF8Capabilities/relay_implicit_tls/capable=false/unicode_top_level_header","Output":"=== RUN   TestExecSMTPUTF8Capabilities/relay_implicit_tls/capable=false/unicode_top_level_header\n"}
2026-10-09T04:14:54.2882421Z {"Time":"2026-10-09T04:14:48.826627917Z","Action":"output","Package":"tabmail/internal/outbound","Test":"TestExecSMTPUTF8Capabilities/relay_implicit_tls/capable=false/unicode_top_level_header","Output":"    r5_exec_smtputf8_test.go:340: SMTPUTF8 requirement must produce a local pre-send error, got \u003cnil\u003e\n"}
2026-10-09T04:14:54.2884052Z {"Time":"2026-10-09T04:14:48.826645448Z","Action":"output","Package":"tabmail/internal/outbound","Test":"TestExecSMTPUTF8Capabilities/relay_implicit_tls/capable=false/unicode_top_level_header","Output":"    r5_exec_smtputf8_test.go:340: EXEC09_SENT_WITHOUT_SMTPUTF8 MAIL=[\"MAIL FROM:\u003csender@example.test\u003e BODY=8BITMIME\"] RCPT=[\"RCPT TO:\u003creader@recipient.test\u003e\"] DATA=1 body_bytes=324\n"}
2026-10-09T04:14:54.2885530Z {"Time":"2026-10-09T04:14:48.826702586Z","Action":"output","Package":"tabmail/internal/outbound","Test":"TestExecSMTPUTF8Capabilities/relay_implicit_tls/capable=false/unicode_top_level_header","Output":"--- FAIL: TestExecSMTPUTF8Capabilities/relay_implicit_tls/capable=false/unicode_top_level_header (0.01s)\n"}
2026-10-09T04:14:54.2886584Z {"Time":"2026-10-09T04:14:48.826707593Z","Action":"fail","Package":"tabmail/internal/outbound","Test":"TestExecSMTPUTF8Capabilities/relay_implicit_tls/capable=false/unicode_top_level_header","Elapsed":0.01}
2026-10-09T04:14:54.2887424Z {"Time":"2026-10-09T04:14:48.826758309Z","Action":"run","Package":"tabmail/internal/outbound","Test":"TestExecSMTPUTF8Capabilities/relay_implicit_tls/capable=false/encoded_headers_body_and_attachment"}
2026-10-09T04:14:54.2888546Z {"Time":"2026-10-09T04:14:48.826761995Z","Action":"output","Package":"tabmail/internal/outbound","Test":"TestExecSMTPUTF8Capabilities/relay_implicit_tls/capable=false/encoded_headers_body_and_attachment","Output":"=== RUN   TestExecSMTPUTF8Capabilities/relay_implicit_tls/capable=false/encoded_headers_body_and_attachment\n"}
2026-10-09T04:14:54.2889916Z {"Time":"2026-10-09T04:14:48.833752856Z","Action":"output","Package":"tabmail/internal/outbound","Test":"TestExecSMTPUTF8Capabilities/relay_implicit_tls/capable=false/encoded_headers_body_and_attachment","Output":"--- PASS: TestExecSMTPUTF8Capabilities/relay_implicit_tls/capable=false/encoded_headers_body_and_attachment (0.01s)\n"}
2026-10-09T04:14:54.2891150Z {"Time":"2026-10-09T04:14:48.833768558Z","Action":"pass","Package":"tabmail/internal/outbound","Test":"TestExecSMTPUTF8Capabilities/relay_implicit_tls/capable=false/encoded_headers_body_and_attachment","Elapsed":0.01}
2026-10-09T04:14:54.2891994Z {"Time":"2026-10-09T04:14:48.833777516Z","Action":"run","Package":"tabmail/internal/outbound","Test":"TestExecSMTPUTF8Capabilities/relay_implicit_tls/capable=false/eight_bit_body_only"}
2026-10-09T04:14:54.2893004Z {"Time":"2026-10-09T04:14:48.833780204Z","Action":"output","Package":"tabmail/internal/outbound","Test":"TestExecSMTPUTF8Capabilities/relay_implicit_tls/capable=false/eight_bit_body_only","Output":"=== RUN   TestExecSMTPUTF8Capabilities/relay_implicit_tls/capable=false/eight_bit_body_only\n"}
2026-10-09T04:14:54.2894413Z {"Time":"2026-10-09T04:14:48.841151497Z","Action":"output","Package":"tabmail/internal/outbound","Test":"TestExecSMTPUTF8Capabilities/relay_implicit_tls/capable=false/eight_bit_body_only","Output":"--- PASS: TestExecSMTPUTF8Capabilities/relay_implicit_tls/capable=false/eight_bit_body_only (0.01s)\n"}
2026-10-09T04:14:54.2895462Z {"Time":"2026-10-09T04:14:48.841166575Z","Action":"pass","Package":"tabmail/internal/outbound","Test":"TestExecSMTPUTF8Capabilities/relay_implicit_tls/capable=false/eight_bit_body_only","Elapsed":0.01}
2026-10-09T04:14:54.2896270Z {"Time":"2026-10-09T04:14:48.841171097Z","Action":"run","Package":"tabmail/internal/outbound","Test":"TestExecSMTPUTF8Capabilities/relay_implicit_tls/capable=true/ascii_quoted_alabel"}
2026-10-09T04:14:54.2897330Z {"Time":"2026-10-09T04:14:48.841172669Z","Action":"output","Package":"tabmail/internal/outbound","Test":"TestExecSMTPUTF8Capabilities/relay_implicit_tls/capable=true/ascii_quoted_alabel","Output":"=== RUN   TestExecSMTPUTF8Capabilities/relay_implicit_tls/capable=true/ascii_quoted_alabel\n"}
2026-10-09T04:14:54.2898571Z {"Time":"2026-10-09T04:14:48.848041202Z","Action":"output","Package":"tabmail/internal/outbound","Test":"TestExecSMTPUTF8Capabilities/relay_implicit_tls/capable=true/ascii_quoted_alabel","Output":"--- PASS: TestExecSMTPUTF8Capabilities/relay_implicit_tls/capable=true/ascii_quoted_alabel (0.01s)\n"}
2026-10-09T04:14:54.2899612Z {"Time":"2026-10-09T04:14:48.848055881Z","Action":"pass","Package":"tabmail/internal/outbound","Test":"TestExecSMTPUTF8Capabilities/relay_implicit_tls/capable=true/ascii_quoted_alabel","Elapsed":0.01}
2026-10-09T04:14:54.2900424Z {"Time":"2026-10-09T04:14:48.848103308Z","Action":"run","Package":"tabmail/internal/outbound","Test":"TestExecSMTPUTF8Capabilities/relay_implicit_tls/capable=true/unicode_sender_envelope_only"}
2026-10-09T04:14:54.2901489Z {"Time":"2026-10-09T04:14:48.848106493Z","Action":"output","Package":"tabmail/internal/outbound","Test":"TestExecSMTPUTF8Capabilities/relay_implicit_tls/capable=true/unicode_sender_envelope_only","Output":"=== RUN   TestExecSMTPUTF8Capabilities/relay_implicit_tls/capable=true/unicode_sender_envelope_only\n"}
2026-10-09T04:14:54.2902802Z {"Time":"2026-10-09T04:14:48.854947542Z","Action":"output","Package":"tabmail/internal/outbound","Test":"TestExecSMTPUTF8Capabilities/relay_implicit_tls/capable=true/unicode_sender_envelope_only","Output":"--- PASS: TestExecSMTPUTF8Capabilities/relay_implicit_tls/capable=true/unicode_sender_envelope_only (0.01s)\n"}
2026-10-09T04:14:54.2903994Z {"Time":"2026-10-09T04:14:48.854957686Z","Action":"pass","Package":"tabmail/internal/outbound","Test":"TestExecSMTPUTF8Capabilities/relay_implicit_tls/capable=true/unicode_sender_envelope_only","Elapsed":0.01}
2026-10-09T04:14:54.2905033Z {"Time":"2026-10-09T04:14:48.854962002Z","Action":"run","Package":"tabmail/internal/outbound","Test":"TestExecSMTPUTF8Capabilities/relay_implicit_tls/capable=true/unicode_recipient_envelope_only"}
2026-10-09T04:14:54.2906116Z {"Time":"2026-10-09T04:14:48.854965269Z","Action":"output","Package":"tabmail/internal/outbound","Test":"TestExecSMTPUTF8Capabilities/relay_implicit_tls/capable=true/unicode_recipient_envelope_only","Output":"=== RUN   TestExecSMTPUTF8Capabilities/relay_implicit_tls/capable=true/unicode_recipient_envelope_only\n"}
2026-10-09T04:14:54.2907515Z {"Time":"2026-10-09T04:14:48.861739173Z","Action":"output","Package":"tabmail/internal/outbound","Test":"TestExecSMTPUTF8Capabilities/relay_implicit_tls/capable=true/unicode_recipient_envelope_only","Output":"--- PASS: TestExecSMTPUTF8Capabilities/relay_implicit_tls/capable=true/unicode_recipient_envelope_only (0.01s)\n"}
2026-10-09T04:14:54.2908635Z {"Time":"2026-10-09T04:14:48.861752166Z","Action":"pass","Package":"tabmail/internal/outbound","Test":"TestExecSMTPUTF8Capabilities/relay_implicit_tls/capable=true/unicode_recipient_envelope_only","Elapsed":0.01}
2026-10-09T04:14:54.2909469Z {"Time":"2026-10-09T04:14:48.861756411Z","Action":"run","Package":"tabmail/internal/outbound","Test":"TestExecSMTPUTF8Capabilities/relay_implicit_tls/capable=true/unicode_domain_envelope_only"}
2026-10-09T04:14:54.2910516Z {"Time":"2026-10-09T04:14:48.861758005Z","Action":"output","Package":"tabmail/internal/outbound","Test":"TestExecSMTPUTF8Capabilities/relay_implicit_tls/capable=true/unicode_domain_envelope_only","Output":"=== RUN   TestExecSMTPUTF8Capabilities/relay_implicit_tls/capable=true/unicode_domain_envelope_only\n"}
2026-10-09T04:14:54.2911828Z {"Time":"2026-10-09T04:14:48.868533675Z","Action":"output","Package":"tabmail/internal/outbound","Test":"TestExecSMTPUTF8Capabilities/relay_implicit_tls/capable=true/unicode_domain_envelope_only","Output":"--- PASS: TestExecSMTPUTF8Capabilities/relay_implicit_tls/capable=true/unicode_domain_envelope_only (0.01s)\n"}
2026-10-09T04:14:54.2912979Z {"Time":"2026-10-09T04:14:48.868551975Z","Action":"pass","Package":"tabmail/internal/outbound","Test":"TestExecSMTPUTF8Capabilities/relay_implicit_tls/capable=true/unicode_domain_envelope_only","Elapsed":0.01}
2026-10-09T04:14:54.2913910Z {"Time":"2026-10-09T04:14:48.868557663Z","Action":"run","Package":"tabmail/internal/outbound","Test":"TestExecSMTPUTF8Capabilities/relay_implicit_tls/capable=true/unicode_last_bcc"}
2026-10-09T04:14:54.2914901Z {"Time":"2026-10-09T04:14:48.86855971Z","Action":"output","Package":"tabmail/internal/outbound","Test":"TestExecSMTPUTF8Capabilities/relay_implicit_tls/capable=true/unicode_last_bcc","Output":"=== RUN   TestExecSMTPUTF8Capabilities/relay_implicit_tls/capable=true/unicode_last_bcc\n"}
2026-10-09T04:14:54.2916131Z {"Time":"2026-10-09T04:14:48.875354668Z","Action":"output","Package":"tabmail/internal/outbound","Test":"TestExecSMTPUTF8Capabilities/relay_implicit_tls/capable=true/unicode_last_bcc","Output":"--- PASS: TestExecSMTPUTF8Capabilities/relay_implicit_tls/capable=true/unicode_last_bcc (0.01s)\n"}
2026-10-09T04:14:54.2917153Z {"Time":"2026-10-09T04:14:48.875370617Z","Action":"pass","Package":"tabmail/internal/outbound","Test":"TestExecSMTPUTF8Capabilities/relay_implicit_tls/capable=true/unicode_last_bcc","Elapsed":0.01}
2026-10-09T04:14:54.2917981Z {"Time":"2026-10-09T04:14:48.875374771Z","Action":"run","Package":"tabmail/internal/outbound","Test":"TestExecSMTPUTF8Capabilities/relay_implicit_tls/capable=true/unicode_top_level_header"}
2026-10-09T04:14:54.2919013Z {"Time":"2026-10-09T04:14:48.875376471Z","Action":"output","Package":"tabmail/internal/outbound","Test":"TestExecSMTPUTF8Capabilities/relay_implicit_tls/capable=true/unicode_top_level_header","Output":"=== RUN   TestExecSMTPUTF8Capabilities/relay_implicit_tls/capable=true/unicode_top_level_header\n"}
2026-10-09T04:14:54.2920298Z {"Time":"2026-10-09T04:14:48.882160172Z","Action":"output","Package":"tabmail/internal/outbound","Test":"TestExecSMTPUTF8Capabilities/relay_implicit_tls/capable=true/unicode_top_level_header","Output":"--- PASS: TestExecSMTPUTF8Capabilities/relay_implicit_tls/capable=true/unicode_top_level_header (0.01s)\n"}
2026-10-09T04:14:54.2921374Z {"Time":"2026-10-09T04:14:48.882174519Z","Action":"pass","Package":"tabmail/internal/outbound","Test":"TestExecSMTPUTF8Capabilities/relay_implicit_tls/capable=true/unicode_top_level_header","Elapsed":0.01}
2026-10-09T04:14:54.2922226Z {"Time":"2026-10-09T04:14:48.882182374Z","Action":"run","Package":"tabmail/internal/outbound","Test":"TestExecSMTPUTF8Capabilities/relay_implicit_tls/capable=true/encoded_headers_body_and_attachment"}
2026-10-09T04:14:54.2923495Z {"Time":"2026-10-09T04:14:48.882184889Z","Action":"output","Package":"tabmail/internal/outbound","Test":"TestExecSMTPUTF8Capabilities/relay_implicit_tls/capable=true/encoded_headers_body_and_attachment","Output":"=== RUN   TestExecSMTPUTF8Capabilities/relay_implicit_tls/capable=true/encoded_headers_body_and_attachment\n"}
2026-10-09T04:14:54.2924883Z {"Time":"2026-10-09T04:14:48.890098737Z","Action":"output","Package":"tabmail/internal/outbound","Test":"TestExecSMTPUTF8Capabilities/relay_implicit_tls/capable=true/encoded_headers_body_and_attachment","Output":"--- PASS: TestExecSMTPUTF8Capabilities/relay_implicit_tls/capable=true/encoded_headers_body_and_attachment (0.01s)\n"}
2026-10-09T04:14:54.2926025Z {"Time":"2026-10-09T04:14:48.890114989Z","Action":"pass","Package":"tabmail/internal/outbound","Test":"TestExecSMTPUTF8Capabilities/relay_implicit_tls/capable=true/encoded_headers_body_and_attachment","Elapsed":0.01}
2026-10-09T04:14:54.2926891Z {"Time":"2026-10-09T04:14:48.890120701Z","Action":"run","Package":"tabmail/internal/outbound","Test":"TestExecSMTPUTF8Capabilities/relay_implicit_tls/capable=true/eight_bit_body_only"}
2026-10-09T04:14:54.2927890Z {"Time":"2026-10-09T04:14:48.890123625Z","Action":"output","Package":"tabmail/internal/outbound","Test":"TestExecSMTPUTF8Capabilities/relay_implicit_tls/capable=true/eight_bit_body_only","Output":"=== RUN   TestExecSMTPUTF8Capabilities/relay_implicit_tls/capable=true/eight_bit_body_only\n"}
2026-10-09T04:14:54.2929162Z {"Time":"2026-10-09T04:14:48.896816786Z","Action":"output","Package":"tabmail/internal/outbound","Test":"TestExecSMTPUTF8Capabilities/relay_implicit_tls/capable=true/eight_bit_body_only","Output":"--- PASS: TestExecSMTPUTF8Capabilities/relay_implicit_tls/capable=true/eight_bit_body_only (0.01s)\n"}
2026-10-09T04:14:54.2930189Z {"Time":"2026-10-09T04:14:48.896832596Z","Action":"pass","Package":"tabmail/internal/outbound","Test":"TestExecSMTPUTF8Capabilities/relay_implicit_tls/capable=true/eight_bit_body_only","Elapsed":0.01}
2026-10-09T04:14:54.2930973Z {"Time":"2026-10-09T04:14:48.896837234Z","Action":"run","Package":"tabmail/internal/outbound","Test":"TestExecSMTPUTF8Capabilities/relay_starttls/capable=false/ascii_quoted_alabel"}
2026-10-09T04:14:54.2931954Z {"Time":"2026-10-09T04:14:48.896838972Z","Action":"output","Package":"tabmail/internal/outbound","Test":"TestExecSMTPUTF8Capabilities/relay_starttls/capable=false/ascii_quoted_alabel","Output":"=== RUN   TestExecSMTPUTF8Capabilities/relay_starttls/capable=false/ascii_quoted_alabel\n"}
2026-10-09T04:14:54.2933149Z {"Time":"2026-10-09T04:14:48.903691273Z","Action":"output","Package":"tabmail/internal/outbound","Test":"TestExecSMTPUTF8Capabilities/relay_starttls/capable=false/ascii_quoted_alabel","Output":"--- PASS: TestExecSMTPUTF8Capabilities/relay_starttls/capable=false/ascii_quoted_alabel (0.01s)\n"}
2026-10-09T04:14:54.2934308Z {"Time":"2026-10-09T04:14:48.903706493Z","Action":"pass","Package":"tabmail/internal/outbound","Test":"TestExecSMTPUTF8Capabilities/relay_starttls/capable=false/ascii_quoted_alabel","Elapsed":0.01}
2026-10-09T04:14:54.2935124Z {"Time":"2026-10-09T04:14:48.903711081Z","Action":"run","Package":"tabmail/internal/outbound","Test":"TestExecSMTPUTF8Capabilities/relay_starttls/capable=false/unicode_sender_envelope_only"}
2026-10-09T04:14:54.2936156Z {"Time":"2026-10-09T04:14:48.903713253Z","Action":"output","Package":"tabmail/internal/outbound","Test":"TestExecSMTPUTF8Capabilities/relay_starttls/capable=false/unicode_sender_envelope_only","Output":"=== RUN   TestExecSMTPUTF8Capabilities/relay_starttls/capable=false/unicode_sender_envelope_only\n"}
2026-10-09T04:14:54.2937475Z {"Time":"2026-10-09T04:14:48.91056168Z","Action":"output","Package":"tabmail/internal/outbound","Test":"TestExecSMTPUTF8Capabilities/relay_starttls/capable=false/unicode_sender_envelope_only","Output":"    r5_exec_smtputf8_test.go:340: SMTPUTF8 requirement must produce a local pre-send error, got \u003cnil\u003e\n"}
2026-10-09T04:14:54.2939286Z {"Time":"2026-10-09T04:14:48.910575976Z","Action":"output","Package":"tabmail/internal/outbound","Test":"TestExecSMTPUTF8Capabilities/relay_starttls/capable=false/unicode_sender_envelope_only","Output":"    r5_exec_smtputf8_test.go:340: EXEC09_SENT_WITHOUT_SMTPUTF8 MAIL=[\"MAIL FROM:\u003c发送者@example.test\u003e BODY=8BITMIME\"] RCPT=[\"RCPT TO:\u003creader@recipient.test\u003e\"] DATA=1 body_bytes=298\n"}
2026-10-09T04:14:54.2940862Z {"Time":"2026-10-09T04:14:48.910638949Z","Action":"output","Package":"tabmail/internal/outbound","Test":"TestExecSMTPUTF8Capabilities/relay_starttls/capable=false/unicode_sender_envelope_only","Output":"--- FAIL: TestExecSMTPUTF8Capabilities/relay_starttls/capable=false/unicode_sender_envelope_only (0.01s)\n"}
2026-10-09T04:14:54.2941971Z {"Time":"2026-10-09T04:14:48.910657675Z","Action":"fail","Package":"tabmail/internal/outbound","Test":"TestExecSMTPUTF8Capabilities/relay_starttls/capable=false/unicode_sender_envelope_only","Elapsed":0.01}
2026-10-09T04:14:54.2942797Z {"Time":"2026-10-09T04:14:48.910702036Z","Action":"run","Package":"tabmail/internal/outbound","Test":"TestExecSMTPUTF8Capabilities/relay_starttls/capable=false/unicode_recipient_envelope_only"}
2026-10-09T04:14:54.2943966Z {"Time":"2026-10-09T04:14:48.910713163Z","Action":"output","Package":"tabmail/internal/outbound","Test":"TestExecSMTPUTF8Capabilities/relay_starttls/capable=false/unicode_recipient_envelope_only","Output":"=== RUN   TestExecSMTPUTF8Capabilities/relay_starttls/capable=false/unicode_recipient_envelope_only\n"}
2026-10-09T04:14:54.2945333Z {"Time":"2026-10-09T04:14:48.917525989Z","Action":"output","Package":"tabmail/internal/outbound","Test":"TestExecSMTPUTF8Capabilities/relay_starttls/capable=false/unicode_recipient_envelope_only","Output":"    r5_exec_smtputf8_test.go:340: SMTPUTF8 requirement must produce a local pre-send error, got \u003cnil\u003e\n"}
2026-10-09T04:14:54.2947008Z {"Time":"2026-10-09T04:14:48.917541352Z","Action":"output","Package":"tabmail/internal/outbound","Test":"TestExecSMTPUTF8Capabilities/relay_starttls/capable=false/unicode_recipient_envelope_only","Output":"    r5_exec_smtputf8_test.go:340: EXEC09_SENT_WITHOUT_SMTPUTF8 MAIL=[\"MAIL FROM:\u003csender@example.test\u003e BODY=8BITMIME\"] RCPT=[\"RCPT TO:\u003c收件人@recipient.test\u003e\"] DATA=1 body_bytes=298\n"}
2026-10-09T04:14:54.2948508Z {"Time":"2026-10-09T04:14:48.917588508Z","Action":"output","Package":"tabmail/internal/outbound","Test":"TestExecSMTPUTF8Capabilities/relay_starttls/capable=false/unicode_recipient_envelope_only","Output":"--- FAIL: TestExecSMTPUTF8Capabilities/relay_starttls/capable=false/unicode_recipient_envelope_only (0.01s)\n"}
2026-10-09T04:14:54.2949604Z {"Time":"2026-10-09T04:14:48.917592623Z","Action":"fail","Package":"tabmail/internal/outbound","Test":"TestExecSMTPUTF8Capabilities/relay_starttls/capable=false/unicode_recipient_envelope_only","Elapsed":0.01}
2026-10-09T04:14:54.2950422Z {"Time":"2026-10-09T04:14:48.917627768Z","Action":"run","Package":"tabmail/internal/outbound","Test":"TestExecSMTPUTF8Capabilities/relay_starttls/capable=false/unicode_domain_envelope_only"}
2026-10-09T04:14:54.2951445Z {"Time":"2026-10-09T04:14:48.91763091Z","Action":"output","Package":"tabmail/internal/outbound","Test":"TestExecSMTPUTF8Capabilities/relay_starttls/capable=false/unicode_domain_envelope_only","Output":"=== RUN   TestExecSMTPUTF8Capabilities/relay_starttls/capable=false/unicode_domain_envelope_only\n"}
2026-10-09T04:14:54.2952730Z {"Time":"2026-10-09T04:14:48.924464028Z","Action":"output","Package":"tabmail/internal/outbound","Test":"TestExecSMTPUTF8Capabilities/relay_starttls/capable=false/unicode_domain_envelope_only","Output":"    r5_exec_smtputf8_test.go:340: SMTPUTF8 requirement must produce a local pre-send error, got \u003cnil\u003e\n"}
2026-10-09T04:14:54.2954568Z {"Time":"2026-10-09T04:14:48.924479448Z","Action":"output","Package":"tabmail/internal/outbound","Test":"TestExecSMTPUTF8Capabilities/relay_starttls/capable=false/unicode_domain_envelope_only","Output":"    r5_exec_smtputf8_test.go:340: EXEC09_SENT_WITHOUT_SMTPUTF8 MAIL=[\"MAIL FROM:\u003csender@example.test\u003e BODY=8BITMIME\"] RCPT=[\"RCPT TO:\u003creader@例子.test\u003e\"] DATA=1 body_bytes=298\n"}
2026-10-09T04:14:54.2956058Z {"Time":"2026-10-09T04:14:48.924539056Z","Action":"output","Package":"tabmail/internal/outbound","Test":"TestExecSMTPUTF8Capabilities/relay_starttls/capable=false/unicode_domain_envelope_only","Output":"--- FAIL: TestExecSMTPUTF8Capabilities/relay_starttls/capable=false/unicode_domain_envelope_only (0.01s)\n"}
2026-10-09T04:14:54.2957136Z {"Time":"2026-10-09T04:14:48.924570229Z","Action":"fail","Package":"tabmail/internal/outbound","Test":"TestExecSMTPUTF8Capabilities/relay_starttls/capable=false/unicode_domain_envelope_only","Elapsed":0.01}
2026-10-09T04:14:54.2957934Z {"Time":"2026-10-09T04:14:48.92461138Z","Action":"run","Package":"tabmail/internal/outbound","Test":"TestExecSMTPUTF8Capabilities/relay_starttls/capable=false/unicode_last_bcc"}
2026-10-09T04:14:54.2958901Z {"Time":"2026-10-09T04:14:48.924614753Z","Action":"output","Package":"tabmail/internal/outbound","Test":"TestExecSMTPUTF8Capabilities/relay_starttls/capable=false/unicode_last_bcc","Output":"=== RUN   TestExecSMTPUTF8Capabilities/relay_starttls/capable=false/unicode_last_bcc\n"}
2026-10-09T04:14:54.2960119Z {"Time":"2026-10-09T04:14:48.931424804Z","Action":"output","Package":"tabmail/internal/outbound","Test":"TestExecSMTPUTF8Capabilities/relay_starttls/capable=false/unicode_last_bcc","Output":"    r5_exec_smtputf8_test.go:340: SMTPUTF8 requirement must produce a local pre-send error, got \u003cnil\u003e\n"}
2026-10-09T04:14:54.2961941Z {"Time":"2026-10-09T04:14:48.931438668Z","Action":"output","Package":"tabmail/internal/outbound","Test":"TestExecSMTPUTF8Capabilities/relay_starttls/capable=false/unicode_last_bcc","Output":"    r5_exec_smtputf8_test.go:340: EXEC09_SENT_WITHOUT_SMTPUTF8 MAIL=[\"MAIL FROM:\u003csender@example.test\u003e BODY=8BITMIME\"] RCPT=[\"RCPT TO:\u003creader@recipient.test\u003e\" \"RCPT TO:\u003c\\\"信箱 @ 帮助台\\\"@recipient.test\u003e\"] DATA=1 body_bytes=298\n"}
2026-10-09T04:14:54.2963566Z {"Time":"2026-10-09T04:14:48.93150483Z","Action":"output","Package":"tabmail/internal/outbound","Test":"TestExecSMTPUTF8Capabilities/relay_starttls/capable=false/unicode_last_bcc","Output":"--- FAIL: TestExecSMTPUTF8Capabilities/relay_starttls/capable=false/unicode_last_bcc (0.01s)\n"}
2026-10-09T04:14:54.2964584Z {"Time":"2026-10-09T04:14:48.931533335Z","Action":"fail","Package":"tabmail/internal/outbound","Test":"TestExecSMTPUTF8Capabilities/relay_starttls/capable=false/unicode_last_bcc","Elapsed":0.01}
2026-10-09T04:14:54.2965386Z {"Time":"2026-10-09T04:14:48.931574449Z","Action":"run","Package":"tabmail/internal/outbound","Test":"TestExecSMTPUTF8Capabilities/relay_starttls/capable=false/unicode_top_level_header"}
2026-10-09T04:14:54.2966415Z {"Time":"2026-10-09T04:14:48.93157698Z","Action":"output","Package":"tabmail/internal/outbound","Test":"TestExecSMTPUTF8Capabilities/relay_starttls/capable=false/unicode_top_level_header","Output":"=== RUN   TestExecSMTPUTF8Capabilities/relay_starttls/capable=false/unicode_top_level_header\n"}
2026-10-09T04:14:54.2967704Z {"Time":"2026-10-09T04:14:48.938677209Z","Action":"output","Package":"tabmail/internal/outbound","Test":"TestExecSMTPUTF8Capabilities/relay_starttls/capable=false/unicode_top_level_header","Output":"    r5_exec_smtputf8_test.go:340: SMTPUTF8 requirement must produce a local pre-send error, got \u003cnil\u003e\n"}
2026-10-09T04:14:54.2969203Z {"Time":"2026-10-09T04:14:48.938693684Z","Action":"output","Package":"tabmail/internal/outbound","Test":"TestExecSMTPUTF8Capabilities/relay_starttls/capable=false/unicode_top_level_header","Output":"    r5_exec_smtputf8_test.go:340: EXEC09_SENT_WITHOUT_SMTPUTF8 MAIL=[\"MAIL FROM:\u003csender@example.test\u003e BODY=8BITMIME\"] RCPT=[\"RCPT TO:\u003creader@recipient.test\u003e\"] DATA=1 body_bytes=324\n"}
2026-10-09T04:14:54.2970740Z {"Time":"2026-10-09T04:14:48.938915948Z","Action":"output","Package":"tabmail/internal/outbound","Test":"TestExecSMTPUTF8Capabilities/relay_starttls/capable=false/unicode_top_level_header","Output":"--- FAIL: TestExecSMTPUTF8Capabilities/relay_starttls/capable=false/unicode_top_level_header (0.01s)\n"}
2026-10-09T04:14:54.2971791Z {"Time":"2026-10-09T04:14:48.938935427Z","Action":"fail","Package":"tabmail/internal/outbound","Test":"TestExecSMTPUTF8Capabilities/relay_starttls/capable=false/unicode_top_level_header","Elapsed":0.01}
2026-10-09T04:14:54.2972636Z {"Time":"2026-10-09T04:14:48.938950981Z","Action":"run","Package":"tabmail/internal/outbound","Test":"TestExecSMTPUTF8Capabilities/relay_starttls/capable=false/encoded_headers_body_and_attachment"}
2026-10-09T04:14:54.2973830Z {"Time":"2026-10-09T04:14:48.938955262Z","Action":"output","Package":"tabmail/internal/outbound","Test":"TestExecSMTPUTF8Capabilities/relay_starttls/capable=false/encoded_headers_body_and_attachment","Output":"=== RUN   TestExecSMTPUTF8Capabilities/relay_starttls/capable=false/encoded_headers_body_and_attachment\n"}
2026-10-09T04:14:54.2975194Z {"Time":"2026-10-09T04:14:48.946082218Z","Action":"output","Package":"tabmail/internal/outbound","Test":"TestExecSMTPUTF8Capabilities/relay_starttls/capable=false/encoded_headers_body_and_attachment","Output":"--- PASS: TestExecSMTPUTF8Capabilities/relay_starttls/capable=false/encoded_headers_body_and_attachment (0.01s)\n"}
2026-10-09T04:14:54.2976304Z {"Time":"2026-10-09T04:14:48.946094945Z","Action":"pass","Package":"tabmail/internal/outbound","Test":"TestExecSMTPUTF8Capabilities/relay_starttls/capable=false/encoded_headers_body_and_attachment","Elapsed":0.01}
2026-10-09T04:14:54.2977168Z {"Time":"2026-10-09T04:14:48.946099148Z","Action":"run","Package":"tabmail/internal/outbound","Test":"TestExecSMTPUTF8Capabilities/relay_starttls/capable=false/eight_bit_body_only"}
2026-10-09T04:14:54.2978159Z {"Time":"2026-10-09T04:14:48.946100558Z","Action":"output","Package":"tabmail/internal/outbound","Test":"TestExecSMTPUTF8Capabilities/relay_starttls/capable=false/eight_bit_body_only","Output":"=== RUN   TestExecSMTPUTF8Capabilities/relay_starttls/capable=false/eight_bit_body_only\n"}
2026-10-09T04:14:54.2979359Z {"Time":"2026-10-09T04:14:48.95299755Z","Action":"output","Package":"tabmail/internal/outbound","Test":"TestExecSMTPUTF8Capabilities/relay_starttls/capable=false/eight_bit_body_only","Output":"--- PASS: TestExecSMTPUTF8Capabilities/relay_starttls/capable=false/eight_bit_body_only (0.01s)\n"}
2026-10-09T04:14:54.2980364Z {"Time":"2026-10-09T04:14:48.953002056Z","Action":"pass","Package":"tabmail/internal/outbound","Test":"TestExecSMTPUTF8Capabilities/relay_starttls/capable=false/eight_bit_body_only","Elapsed":0.01}
2026-10-09T04:14:54.2981133Z {"Time":"2026-10-09T04:14:48.953045077Z","Action":"run","Package":"tabmail/internal/outbound","Test":"TestExecSMTPUTF8Capabilities/relay_starttls/capable=true/ascii_quoted_alabel"}
2026-10-09T04:14:54.2982099Z {"Time":"2026-10-09T04:14:48.95304769Z","Action":"output","Package":"tabmail/internal/outbound","Test":"TestExecSMTPUTF8Capabilities/relay_starttls/capable=true/ascii_quoted_alabel","Output":"=== RUN   TestExecSMTPUTF8Capabilities/relay_starttls/capable=true/ascii_quoted_alabel\n"}
2026-10-09T04:14:54.2983409Z {"Time":"2026-10-09T04:14:48.959870069Z","Action":"output","Package":"tabmail/internal/outbound","Test":"TestExecSMTPUTF8Capabilities/relay_starttls/capable=true/ascii_quoted_alabel","Output":"--- PASS: TestExecSMTPUTF8Capabilities/relay_starttls/capable=true/ascii_quoted_alabel (0.01s)\n"}
2026-10-09T04:14:54.2984434Z {"Time":"2026-10-09T04:14:48.959886298Z","Action":"pass","Package":"tabmail/internal/outbound","Test":"TestExecSMTPUTF8Capabilities/relay_starttls/capable=true/ascii_quoted_alabel","Elapsed":0.01}
2026-10-09T04:14:54.2985237Z {"Time":"2026-10-09T04:14:48.959893635Z","Action":"run","Package":"tabmail/internal/outbound","Test":"TestExecSMTPUTF8Capabilities/relay_starttls/capable=true/unicode_sender_envelope_only"}
2026-10-09T04:14:54.2986323Z {"Time":"2026-10-09T04:14:48.959896675Z","Action":"output","Package":"tabmail/internal/outbound","Test":"TestExecSMTPUTF8Capabilities/relay_starttls/capable=true/unicode_sender_envelope_only","Output":"=== RUN   TestExecSMTPUTF8Capabilities/relay_starttls/capable=true/unicode_sender_envelope_only\n"}
2026-10-09T04:14:54.2987596Z {"Time":"2026-10-09T04:14:48.966812106Z","Action":"output","Package":"tabmail/internal/outbound","Test":"TestExecSMTPUTF8Capabilities/relay_starttls/capable=true/unicode_sender_envelope_only","Output":"--- PASS: TestExecSMTPUTF8Capabilities/relay_starttls/capable=true/unicode_sender_envelope_only (0.01s)\n"}
2026-10-09T04:14:54.2988674Z {"Time":"2026-10-09T04:14:48.966830007Z","Action":"pass","Package":"tabmail/internal/outbound","Test":"TestExecSMTPUTF8Capabilities/relay_starttls/capable=true/unicode_sender_envelope_only","Elapsed":0.01}
2026-10-09T04:14:54.2989491Z {"Time":"2026-10-09T04:14:48.966841873Z","Action":"run","Package":"tabmail/internal/outbound","Test":"TestExecSMTPUTF8Capabilities/relay_starttls/capable=true/unicode_recipient_envelope_only"}
2026-10-09T04:14:54.2990532Z {"Time":"2026-10-09T04:14:48.96684536Z","Action":"output","Package":"tabmail/internal/outbound","Test":"TestExecSMTPUTF8Capabilities/relay_starttls/capable=true/unicode_recipient_envelope_only","Output":"=== RUN   TestExecSMTPUTF8Capabilities/relay_starttls/capable=true/unicode_recipient_envelope_only\n"}
2026-10-09T04:14:54.2991826Z {"Time":"2026-10-09T04:14:48.973672564Z","Action":"output","Package":"tabmail/internal/outbound","Test":"TestExecSMTPUTF8Capabilities/relay_starttls/capable=true/unicode_recipient_envelope_only","Output":"--- PASS: TestExecSMTPUTF8Capabilities/relay_starttls/capable=true/unicode_recipient_envelope_only (0.01s)\n"}
2026-10-09T04:14:54.2992952Z {"Time":"2026-10-09T04:14:48.97368918Z","Action":"pass","Package":"tabmail/internal/outbound","Test":"TestExecSMTPUTF8Capabilities/relay_starttls/capable=true/unicode_recipient_envelope_only","Elapsed":0.01}
2026-10-09T04:14:54.2993929Z {"Time":"2026-10-09T04:14:48.973707398Z","Action":"run","Package":"tabmail/internal/outbound","Test":"TestExecSMTPUTF8Capabilities/relay_starttls/capable=true/unicode_domain_envelope_only"}
2026-10-09T04:14:54.2994970Z {"Time":"2026-10-09T04:14:48.973710484Z","Action":"output","Package":"tabmail/internal/outbound","Test":"TestExecSMTPUTF8Capabilities/relay_starttls/capable=true/unicode_domain_envelope_only","Output":"=== RUN   TestExecSMTPUTF8Capabilities/relay_starttls/capable=true/unicode_domain_envelope_only\n"}
2026-10-09T04:14:54.2996265Z {"Time":"2026-10-09T04:14:48.980485004Z","Action":"output","Package":"tabmail/internal/outbound","Test":"TestExecSMTPUTF8Capabilities/relay_starttls/capable=true/unicode_domain_envelope_only","Output":"--- PASS: TestExecSMTPUTF8Capabilities/relay_starttls/capable=true/unicode_domain_envelope_only (0.01s)\n"}
2026-10-09T04:14:54.2997346Z {"Time":"2026-10-09T04:14:48.980501632Z","Action":"pass","Package":"tabmail/internal/outbound","Test":"TestExecSMTPUTF8Capabilities/relay_starttls/capable=true/unicode_domain_envelope_only","Elapsed":0.01}
2026-10-09T04:14:54.2998142Z {"Time":"2026-10-09T04:14:48.980506578Z","Action":"run","Package":"tabmail/internal/outbound","Test":"TestExecSMTPUTF8Capabilities/relay_starttls/capable=true/unicode_last_bcc"}
2026-10-09T04:14:54.2999098Z {"Time":"2026-10-09T04:14:48.980508528Z","Action":"output","Package":"tabmail/internal/outbound","Test":"TestExecSMTPUTF8Capabilities/relay_starttls/capable=true/unicode_last_bcc","Output":"=== RUN   TestExecSMTPUTF8Capabilities/relay_starttls/capable=true/unicode_last_bcc\n"}
2026-10-09T04:14:54.3000265Z {"Time":"2026-10-09T04:14:48.987369422Z","Action":"output","Package":"tabmail/internal/outbound","Test":"TestExecSMTPUTF8Capabilities/relay_starttls/capable=true/unicode_last_bcc","Output":"--- PASS: TestExecSMTPUTF8Capabilities/relay_starttls/capable=true/unicode_last_bcc (0.01s)\n"}
2026-10-09T04:14:54.3001252Z {"Time":"2026-10-09T04:14:48.98738495Z","Action":"pass","Package":"tabmail/internal/outbound","Test":"TestExecSMTPUTF8Capabilities/relay_starttls/capable=true/unicode_last_bcc","Elapsed":0.01}
2026-10-09T04:14:54.3002084Z {"Time":"2026-10-09T04:14:48.987389876Z","Action":"run","Package":"tabmail/internal/outbound","Test":"TestExecSMTPUTF8Capabilities/relay_starttls/capable=true/unicode_top_level_header"}
2026-10-09T04:14:54.3003088Z {"Time":"2026-10-09T04:14:48.987391525Z","Action":"output","Package":"tabmail/internal/outbound","Test":"TestExecSMTPUTF8Capabilities/relay_starttls/capable=true/unicode_top_level_header","Output":"=== RUN   TestExecSMTPUTF8Capabilities/relay_starttls/capable=true/unicode_top_level_header\n"}
2026-10-09T04:14:54.3004452Z {"Time":"2026-10-09T04:14:48.994852046Z","Action":"output","Package":"tabmail/internal/outbound","Test":"TestExecSMTPUTF8Capabilities/relay_starttls/capable=true/unicode_top_level_header","Output":"--- PASS: TestExecSMTPUTF8Capabilities/relay_starttls/capable=true/unicode_top_level_header (0.01s)\n"}
2026-10-09T04:14:54.3005485Z {"Time":"2026-10-09T04:14:48.994870903Z","Action":"pass","Package":"tabmail/internal/outbound","Test":"TestExecSMTPUTF8Capabilities/relay_starttls/capable=true/unicode_top_level_header","Elapsed":0.01}
2026-10-09T04:14:54.3006303Z {"Time":"2026-10-09T04:14:48.994877313Z","Action":"run","Package":"tabmail/internal/outbound","Test":"TestExecSMTPUTF8Capabilities/relay_starttls/capable=true/encoded_headers_body_and_attachment"}
2026-10-09T04:14:54.3007396Z {"Time":"2026-10-09T04:14:48.994885597Z","Action":"output","Package":"tabmail/internal/outbound","Test":"TestExecSMTPUTF8Capabilities/relay_starttls/capable=true/encoded_headers_body_and_attachment","Output":"=== RUN   TestExecSMTPUTF8Capabilities/relay_starttls/capable=true/encoded_headers_body_and_attachment\n"}
2026-10-09T04:14:54.3008811Z {"Time":"2026-10-09T04:14:49.001893003Z","Action":"output","Package":"tabmail/internal/outbound","Test":"TestExecSMTPUTF8Capabilities/relay_starttls/capable=true/encoded_headers_body_and_attachment","Output":"--- PASS: TestExecSMTPUTF8Capabilities/relay_starttls/capable=true/encoded_headers_body_and_attachment (0.01s)\n"}
2026-10-09T04:14:54.3010062Z {"Time":"2026-10-09T04:14:49.001909818Z","Action":"pass","Package":"tabmail/internal/outbound","Test":"TestExecSMTPUTF8Capabilities/relay_starttls/capable=true/encoded_headers_body_and_attachment","Elapsed":0.01}
2026-10-09T04:14:54.3010964Z {"Time":"2026-10-09T04:14:49.001914691Z","Action":"run","Package":"tabmail/internal/outbound","Test":"TestExecSMTPUTF8Capabilities/relay_starttls/capable=true/eight_bit_body_only"}
2026-10-09T04:14:54.3011940Z {"Time":"2026-10-09T04:14:49.001917103Z","Action":"output","Package":"tabmail/internal/outbound","Test":"TestExecSMTPUTF8Capabilities/relay_starttls/capable=true/eight_bit_body_only","Output":"=== RUN   TestExecSMTPUTF8Capabilities/relay_starttls/capable=true/eight_bit_body_only\n"}
2026-10-09T04:14:54.3013200Z {"Time":"2026-10-09T04:14:49.008772213Z","Action":"output","Package":"tabmail/internal/outbound","Test":"TestExecSMTPUTF8Capabilities/relay_starttls/capable=true/eight_bit_body_only","Output":"--- PASS: TestExecSMTPUTF8Capabilities/relay_starttls/capable=true/eight_bit_body_only (0.01s)\n"}
2026-10-09T04:14:54.3014513Z {"Time":"2026-10-09T04:14:49.008786993Z","Action":"pass","Package":"tabmail/internal/outbound","Test":"TestExecSMTPUTF8Capabilities/relay_starttls/capable=true/eight_bit_body_only","Elapsed":0.01}
2026-10-09T04:14:54.3015600Z {"Time":"2026-10-09T04:14:49.008791563Z","Action":"run","Package":"tabmail/internal/outbound","Test":"TestExecSMTPUTF8Capabilities/direct_plain/capable=false/ascii_quoted_alabel"}
2026-10-09T04:14:54.3016733Z {"Time":"2026-10-09T04:14:49.008793267Z","Action":"output","Package":"tabmail/internal/outbound","Test":"TestExecSMTPUTF8Capabilities/direct_plain/capable=false/ascii_quoted_alabel","Output":"=== RUN   TestExecSMTPUTF8Capabilities/direct_plain/capable=false/ascii_quoted_alabel\n"}
2026-10-09T04:14:54.3018079Z {"Time":"2026-10-09T04:14:49.011104377Z","Action":"output","Package":"tabmail/internal/outbound","Test":"TestExecSMTPUTF8Capabilities/direct_plain/capable=false/ascii_quoted_alabel","Output":"--- PASS: TestExecSMTPUTF8Capabilities/direct_plain/capable=false/ascii_quoted_alabel (0.00s)\n"}
2026-10-09T04:14:54.3019304Z {"Time":"2026-10-09T04:14:49.011114495Z","Action":"pass","Package":"tabmail/internal/outbound","Test":"TestExecSMTPUTF8Capabilities/direct_plain/capable=false/ascii_quoted_alabel","Elapsed":0}
2026-10-09T04:14:54.3020226Z {"Time":"2026-10-09T04:14:49.011119565Z","Action":"run","Package":"tabmail/internal/outbound","Test":"TestExecSMTPUTF8Capabilities/direct_plain/capable=false/unicode_sender_envelope_only"}
2026-10-09T04:14:54.3021369Z {"Time":"2026-10-09T04:14:49.011121195Z","Action":"output","Package":"tabmail/internal/outbound","Test":"TestExecSMTPUTF8Capabilities/direct_plain/capable=false/unicode_sender_envelope_only","Output":"=== RUN   TestExecSMTPUTF8Capabilities/direct_plain/capable=false/unicode_sender_envelope_only\n"}
2026-10-09T04:14:54.3022771Z {"Time":"2026-10-09T04:14:49.013503882Z","Action":"output","Package":"tabmail/internal/outbound","Test":"TestExecSMTPUTF8Capabilities/direct_plain/capable=false/unicode_sender_envelope_only","Output":"    r5_exec_smtputf8_test.go:340: SMTPUTF8 requirement must produce a local pre-send error, got \u003cnil\u003e\n"}
2026-10-09T04:14:54.3024839Z {"Time":"2026-10-09T04:14:49.013535252Z","Action":"output","Package":"tabmail/internal/outbound","Test":"TestExecSMTPUTF8Capabilities/direct_plain/capable=false/unicode_sender_envelope_only","Output":"    r5_exec_smtputf8_test.go:340: EXEC09_SENT_WITHOUT_SMTPUTF8 MAIL=[\"MAIL FROM:\u003c发送者@example.test\u003e BODY=8BITMIME\"] RCPT=[\"RCPT TO:\u003creader@recipient.test\u003e\"] DATA=1 body_bytes=298\n"}
2026-10-09T04:14:54.3026441Z {"Time":"2026-10-09T04:14:49.013593694Z","Action":"output","Package":"tabmail/internal/outbound","Test":"TestExecSMTPUTF8Capabilities/direct_plain/capable=false/unicode_sender_envelope_only","Output":"--- FAIL: TestExecSMTPUTF8Capabilities/direct_plain/capable=false/unicode_sender_envelope_only (0.00s)\n"}
2026-10-09T04:14:54.3027609Z {"Time":"2026-10-09T04:14:49.013606833Z","Action":"fail","Package":"tabmail/internal/outbound","Test":"TestExecSMTPUTF8Capabilities/direct_plain/capable=false/unicode_sender_envelope_only","Elapsed":0}
2026-10-09T04:14:54.3028503Z {"Time":"2026-10-09T04:14:49.013645378Z","Action":"run","Package":"tabmail/internal/outbound","Test":"TestExecSMTPUTF8Capabilities/direct_plain/capable=false/unicode_recipient_envelope_only"}
2026-10-09T04:14:54.3029610Z {"Time":"2026-10-09T04:14:49.013648409Z","Action":"output","Package":"tabmail/internal/outbound","Test":"TestExecSMTPUTF8Capabilities/direct_plain/capable=false/unicode_recipient_envelope_only","Output":"=== RUN   TestExecSMTPUTF8Capabilities/direct_plain/capable=false/unicode_recipient_envelope_only\n"}
2026-10-09T04:14:54.3031056Z {"Time":"2026-10-09T04:14:49.015956634Z","Action":"output","Package":"tabmail/internal/outbound","Test":"TestExecSMTPUTF8Capabilities/direct_plain/capable=false/unicode_recipient_envelope_only","Output":"    r5_exec_smtputf8_test.go:340: SMTPUTF8 requirement must produce a local pre-send error, got \u003cnil\u003e\n"}
2026-10-09T04:14:54.3032802Z {"Time":"2026-10-09T04:14:49.015994974Z","Action":"output","Package":"tabmail/internal/outbound","Test":"TestExecSMTPUTF8Capabilities/direct_plain/capable=false/unicode_recipient_envelope_only","Output":"    r5_exec_smtputf8_test.go:340: EXEC09_SENT_WITHOUT_SMTPUTF8 MAIL=[\"MAIL FROM:\u003csender@example.test\u003e BODY=8BITMIME\"] RCPT=[\"RCPT TO:\u003c收件人@recipient.test\u003e\"] DATA=1 body_bytes=298\n"}
2026-10-09T04:14:54.3034509Z {"Time":"2026-10-09T04:14:49.016054351Z","Action":"output","Package":"tabmail/internal/outbound","Test":"TestExecSMTPUTF8Capabilities/direct_plain/capable=false/unicode_recipient_envelope_only","Output":"--- FAIL: TestExecSMTPUTF8Capabilities/direct_plain/capable=false/unicode_recipient_envelope_only (0.00s)\n"}
2026-10-09T04:14:54.3035649Z {"Time":"2026-10-09T04:14:49.016075286Z","Action":"fail","Package":"tabmail/internal/outbound","Test":"TestExecSMTPUTF8Capabilities/direct_plain/capable=false/unicode_recipient_envelope_only","Elapsed":0}
2026-10-09T04:14:54.3036622Z {"Time":"2026-10-09T04:14:49.016100912Z","Action":"run","Package":"tabmail/internal/outbound","Test":"TestExecSMTPUTF8Capabilities/direct_plain/capable=false/unicode_domain_envelope_only"}
2026-10-09T04:14:54.3037711Z {"Time":"2026-10-09T04:14:49.01610394Z","Action":"output","Package":"tabmail/internal/outbound","Test":"TestExecSMTPUTF8Capabilities/direct_plain/capable=false/unicode_domain_envelope_only","Output":"=== RUN   TestExecSMTPUTF8Capabilities/direct_plain/capable=false/unicode_domain_envelope_only\n"}
2026-10-09T04:14:54.3039045Z {"Time":"2026-10-09T04:14:49.018409176Z","Action":"output","Package":"tabmail/internal/outbound","Test":"TestExecSMTPUTF8Capabilities/direct_plain/capable=false/unicode_domain_envelope_only","Output":"    r5_exec_smtputf8_test.go:340: SMTPUTF8 requirement must produce a local pre-send error, got \u003cnil\u003e\n"}
2026-10-09T04:14:54.3040792Z {"Time":"2026-10-09T04:14:49.018424505Z","Action":"output","Package":"tabmail/internal/outbound","Test":"TestExecSMTPUTF8Capabilities/direct_plain/capable=false/unicode_domain_envelope_only","Output":"    r5_exec_smtputf8_test.go:340: EXEC09_SENT_WITHOUT_SMTPUTF8 MAIL=[\"MAIL FROM:\u003csender@example.test\u003e BODY=8BITMIME\"] RCPT=[\"RCPT TO:\u003creader@例子.test\u003e\"] DATA=1 body_bytes=298\n"}
2026-10-09T04:14:54.3042306Z {"Time":"2026-10-09T04:14:49.018471677Z","Action":"output","Package":"tabmail/internal/outbound","Test":"TestExecSMTPUTF8Capabilities/direct_plain/capable=false/unicode_domain_envelope_only","Output":"--- FAIL: TestExecSMTPUTF8Capabilities/direct_plain/capable=false/unicode_domain_envelope_only (0.00s)\n"}
2026-10-09T04:14:54.3043638Z {"Time":"2026-10-09T04:14:49.018475137Z","Action":"fail","Package":"tabmail/internal/outbound","Test":"TestExecSMTPUTF8Capabilities/direct_plain/capable=false/unicode_domain_envelope_only","Elapsed":0}
2026-10-09T04:14:54.3044484Z {"Time":"2026-10-09T04:14:49.018505346Z","Action":"run","Package":"tabmail/internal/outbound","Test":"TestExecSMTPUTF8Capabilities/direct_plain/capable=false/unicode_last_bcc"}
2026-10-09T04:14:54.3045517Z {"Time":"2026-10-09T04:14:49.018516867Z","Action":"output","Package":"tabmail/internal/outbound","Test":"TestExecSMTPUTF8Capabilities/direct_plain/capable=false/unicode_last_bcc","Output":"=== RUN   TestExecSMTPUTF8Capabilities/direct_plain/capable=false/unicode_last_bcc\n"}
2026-10-09T04:14:54.3046789Z {"Time":"2026-10-09T04:14:49.020841288Z","Action":"output","Package":"tabmail/internal/outbound","Test":"TestExecSMTPUTF8Capabilities/direct_plain/capable=false/unicode_last_bcc","Output":"    r5_exec_smtputf8_test.go:340: SMTPUTF8 requirement must produce a local pre-send error, got \u003cnil\u003e\n"}
2026-10-09T04:14:54.3048627Z {"Time":"2026-10-09T04:14:49.02087333Z","Action":"output","Package":"tabmail/internal/outbound","Test":"TestExecSMTPUTF8Capabilities/direct_plain/capable=false/unicode_last_bcc","Output":"    r5_exec_smtputf8_test.go:340: EXEC09_SENT_WITHOUT_SMTPUTF8 MAIL=[\"MAIL FROM:\u003csender@example.test\u003e BODY=8BITMIME\"] RCPT=[\"RCPT TO:\u003creader@recipient.test\u003e\" \"RCPT TO:\u003c\\\"信箱 @ 帮助台\\\"@recipient.test\u003e\"] DATA=1 body_bytes=298\n"}
2026-10-09T04:14:54.3050221Z {"Time":"2026-10-09T04:14:49.020931946Z","Action":"output","Package":"tabmail/internal/outbound","Test":"TestExecSMTPUTF8Capabilities/direct_plain/capable=false/unicode_last_bcc","Output":"--- FAIL: TestExecSMTPUTF8Capabilities/direct_plain/capable=false/unicode_last_bcc (0.00s)\n"}
2026-10-09T04:14:54.3051268Z {"Time":"2026-10-09T04:14:49.020961633Z","Action":"fail","Package":"tabmail/internal/outbound","Test":"TestExecSMTPUTF8Capabilities/direct_plain/capable=false/unicode_last_bcc","Elapsed":0}
2026-10-09T04:14:54.3052136Z {"Time":"2026-10-09T04:14:49.020985326Z","Action":"run","Package":"tabmail/internal/outbound","Test":"TestExecSMTPUTF8Capabilities/direct_plain/capable=false/unicode_top_level_header"}
2026-10-09T04:14:54.3053323Z {"Time":"2026-10-09T04:14:49.020988278Z","Action":"output","Package":"tabmail/internal/outbound","Test":"TestExecSMTPUTF8Capabilities/direct_plain/capable=false/unicode_top_level_header","Output":"=== RUN   TestExecSMTPUTF8Capabilities/direct_plain/capable=false/unicode_top_level_header\n"}
2026-10-09T04:14:54.3054736Z {"Time":"2026-10-09T04:14:49.023272157Z","Action":"output","Package":"tabmail/internal/outbound","Test":"TestExecSMTPUTF8Capabilities/direct_plain/capable=false/unicode_top_level_header","Output":"    r5_exec_smtputf8_test.go:340: SMTPUTF8 requirement must produce a local pre-send error, got \u003cnil\u003e\n"}
2026-10-09T04:14:54.3056339Z {"Time":"2026-10-09T04:14:49.023289621Z","Action":"output","Package":"tabmail/internal/outbound","Test":"TestExecSMTPUTF8Capabilities/direct_plain/capable=false/unicode_top_level_header","Output":"    r5_exec_smtputf8_test.go:340: EXEC09_SENT_WITHOUT_SMTPUTF8 MAIL=[\"MAIL FROM:\u003csender@example.test\u003e BODY=8BITMIME\"] RCPT=[\"RCPT TO:\u003creader@recipient.test\u003e\"] DATA=1 body_bytes=324\n"}
2026-10-09T04:14:54.3057884Z {"Time":"2026-10-09T04:14:49.023372305Z","Action":"output","Package":"tabmail/internal/outbound","Test":"TestExecSMTPUTF8Capabilities/direct_plain/capable=false/unicode_top_level_header","Output":"--- FAIL: TestExecSMTPUTF8Capabilities/direct_plain/capable=false/unicode_top_level_header (0.00s)\n"}
2026-10-09T04:14:54.3059024Z {"Time":"2026-10-09T04:14:49.023379332Z","Action":"fail","Package":"tabmail/internal/outbound","Test":"TestExecSMTPUTF8Capabilities/direct_plain/capable=false/unicode_top_level_header","Elapsed":0}
2026-10-09T04:14:54.3059996Z {"Time":"2026-10-09T04:14:49.023406041Z","Action":"run","Package":"tabmail/internal/outbound","Test":"TestExecSMTPUTF8Capabilities/direct_plain/capable=false/encoded_headers_body_and_attachment"}
2026-10-09T04:14:54.3061249Z {"Time":"2026-10-09T04:14:49.023408832Z","Action":"output","Package":"tabmail/internal/outbound","Test":"TestExecSMTPUTF8Capabilities/direct_plain/capable=false/encoded_headers_body_and_attachment","Output":"=== RUN   TestExecSMTPUTF8Capabilities/direct_plain/capable=false/encoded_headers_body_and_attachment\n"}
2026-10-09T04:14:54.3062655Z {"Time":"2026-10-09T04:14:49.025847042Z","Action":"output","Package":"tabmail/internal/outbound","Test":"TestExecSMTPUTF8Capabilities/direct_plain/capable=false/encoded_headers_body_and_attachment","Output":"--- PASS: TestExecSMTPUTF8Capabilities/direct_plain/capable=false/encoded_headers_body_and_attachment (0.00s)\n"}
2026-10-09T04:14:54.3063994Z {"Time":"2026-10-09T04:14:49.025862265Z","Action":"pass","Package":"tabmail/internal/outbound","Test":"TestExecSMTPUTF8Capabilities/direct_plain/capable=false/encoded_headers_body_and_attachment","Elapsed":0}
2026-10-09T04:14:54.3064907Z {"Time":"2026-10-09T04:14:49.025871832Z","Action":"run","Package":"tabmail/internal/outbound","Test":"TestExecSMTPUTF8Capabilities/direct_plain/capable=false/eight_bit_body_only"}
2026-10-09T04:14:54.3065951Z {"Time":"2026-10-09T04:14:49.02587373Z","Action":"output","Package":"tabmail/internal/outbound","Test":"TestExecSMTPUTF8Capabilities/direct_plain/capable=false/eight_bit_body_only","Output":"=== RUN   TestExecSMTPUTF8Capabilities/direct_plain/capable=false/eight_bit_body_only\n"}
2026-10-09T04:14:54.3067294Z {"Time":"2026-10-09T04:14:49.028060547Z","Action":"output","Package":"tabmail/internal/outbound","Test":"TestExecSMTPUTF8Capabilities/direct_plain/capable=false/eight_bit_body_only","Output":"--- PASS: TestExecSMTPUTF8Capabilities/direct_plain/capable=false/eight_bit_body_only (0.00s)\n"}
2026-10-09T04:14:54.3068382Z {"Time":"2026-10-09T04:14:49.028071501Z","Action":"pass","Package":"tabmail/internal/outbound","Test":"TestExecSMTPUTF8Capabilities/direct_plain/capable=false/eight_bit_body_only","Elapsed":0}
2026-10-09T04:14:54.3069284Z {"Time":"2026-10-09T04:14:49.028106473Z","Action":"run","Package":"tabmail/internal/outbound","Test":"TestExecSMTPUTF8Capabilities/direct_plain/capable=true/ascii_quoted_alabel"}
2026-10-09T04:14:54.3070367Z {"Time":"2026-10-09T04:14:49.02810947Z","Action":"output","Package":"tabmail/internal/outbound","Test":"TestExecSMTPUTF8Capabilities/direct_plain/capable=true/ascii_quoted_alabel","Output":"=== RUN   TestExecSMTPUTF8Capabilities/direct_plain/capable=true/ascii_quoted_alabel\n"}
2026-10-09T04:14:54.3071660Z {"Time":"2026-10-09T04:14:49.030481547Z","Action":"output","Package":"tabmail/internal/outbound","Test":"TestExecSMTPUTF8Capabilities/direct_plain/capable=true/ascii_quoted_alabel","Output":"--- PASS: TestExecSMTPUTF8Capabilities/direct_plain/capable=true/ascii_quoted_alabel (0.00s)\n"}
2026-10-09T04:14:54.3072737Z {"Time":"2026-10-09T04:14:49.030496184Z","Action":"pass","Package":"tabmail/internal/outbound","Test":"TestExecSMTPUTF8Capabilities/direct_plain/capable=true/ascii_quoted_alabel","Elapsed":0}
2026-10-09T04:14:54.3073704Z {"Time":"2026-10-09T04:14:49.030502219Z","Action":"run","Package":"tabmail/internal/outbound","Test":"TestExecSMTPUTF8Capabilities/direct_plain/capable=true/unicode_sender_envelope_only"}
2026-10-09T04:14:54.3074876Z {"Time":"2026-10-09T04:14:49.030503686Z","Action":"output","Package":"tabmail/internal/outbound","Test":"TestExecSMTPUTF8Capabilities/direct_plain/capable=true/unicode_sender_envelope_only","Output":"=== RUN   TestExecSMTPUTF8Capabilities/direct_plain/capable=true/unicode_sender_envelope_only\n"}
2026-10-09T04:14:54.3076228Z {"Time":"2026-10-09T04:14:49.032781942Z","Action":"output","Package":"tabmail/internal/outbound","Test":"TestExecSMTPUTF8Capabilities/direct_plain/capable=true/unicode_sender_envelope_only","Output":"--- PASS: TestExecSMTPUTF8Capabilities/direct_plain/capable=true/unicode_sender_envelope_only (0.00s)\n"}
2026-10-09T04:14:54.3077467Z {"Time":"2026-10-09T04:14:49.032787662Z","Action":"pass","Package":"tabmail/internal/outbound","Test":"TestExecSMTPUTF8Capabilities/direct_plain/capable=true/unicode_sender_envelope_only","Elapsed":0}
2026-10-09T04:14:54.3078366Z {"Time":"2026-10-09T04:14:49.03280602Z","Action":"run","Package":"tabmail/internal/outbound","Test":"TestExecSMTPUTF8Capabilities/direct_plain/capable=true/unicode_recipient_envelope_only"}
2026-10-09T04:14:54.3079483Z {"Time":"2026-10-09T04:14:49.032810197Z","Action":"output","Package":"tabmail/internal/outbound","Test":"TestExecSMTPUTF8Capabilities/direct_plain/capable=true/unicode_recipient_envelope_only","Output":"=== RUN   TestExecSMTPUTF8Capabilities/direct_plain/capable=true/unicode_recipient_envelope_only\n"}
2026-10-09T04:14:54.3080932Z {"Time":"2026-10-09T04:14:49.035607056Z","Action":"output","Package":"tabmail/internal/outbound","Test":"TestExecSMTPUTF8Capabilities/direct_plain/capable=true/unicode_recipient_envelope_only","Output":"--- PASS: TestExecSMTPUTF8Capabilities/direct_plain/capable=true/unicode_recipient_envelope_only (0.00s)\n"}
2026-10-09T04:14:54.3082088Z {"Time":"2026-10-09T04:14:49.035621725Z","Action":"pass","Package":"tabmail/internal/outbound","Test":"TestExecSMTPUTF8Capabilities/direct_plain/capable=true/unicode_recipient_envelope_only","Elapsed":0}
2026-10-09T04:14:54.3083062Z {"Time":"2026-10-09T04:14:49.035638142Z","Action":"run","Package":"tabmail/internal/outbound","Test":"TestExecSMTPUTF8Capabilities/direct_plain/capable=true/unicode_domain_envelope_only"}
2026-10-09T04:14:54.3084267Z {"Time":"2026-10-09T04:14:49.035645757Z","Action":"output","Package":"tabmail/internal/outbound","Test":"TestExecSMTPUTF8Capabilities/direct_plain/capable=true/unicode_domain_envelope_only","Output":"=== RUN   TestExecSMTPUTF8Capabilities/direct_plain/capable=true/unicode_domain_envelope_only\n"}
2026-10-09T04:14:54.3085623Z {"Time":"2026-10-09T04:14:49.038068817Z","Action":"output","Package":"tabmail/internal/outbound","Test":"TestExecSMTPUTF8Capabilities/direct_plain/capable=true/unicode_domain_envelope_only","Output":"--- PASS: TestExecSMTPUTF8Capabilities/direct_plain/capable=true/unicode_domain_envelope_only (0.00s)\n"}
2026-10-09T04:14:54.3086807Z {"Time":"2026-10-09T04:14:49.038088454Z","Action":"pass","Package":"tabmail/internal/outbound","Test":"TestExecSMTPUTF8Capabilities/direct_plain/capable=true/unicode_domain_envelope_only","Elapsed":0}
2026-10-09T04:14:54.3087699Z {"Time":"2026-10-09T04:14:49.038093237Z","Action":"run","Package":"tabmail/internal/outbound","Test":"TestExecSMTPUTF8Capabilities/direct_plain/capable=true/unicode_last_bcc"}
2026-10-09T04:14:54.3088772Z {"Time":"2026-10-09T04:14:49.03809532Z","Action":"output","Package":"tabmail/internal/outbound","Test":"TestExecSMTPUTF8Capabilities/direct_plain/capable=true/unicode_last_bcc","Output":"=== RUN   TestExecSMTPUTF8Capabilities/direct_plain/capable=true/unicode_last_bcc\n"}
2026-10-09T04:14:54.3090033Z {"Time":"2026-10-09T04:14:49.040466489Z","Action":"output","Package":"tabmail/internal/outbound","Test":"TestExecSMTPUTF8Capabilities/direct_plain/capable=true/unicode_last_bcc","Output":"--- PASS: TestExecSMTPUTF8Capabilities/direct_plain/capable=true/unicode_last_bcc (0.00s)\n"}
2026-10-09T04:14:54.3091121Z {"Time":"2026-10-09T04:14:49.040480268Z","Action":"pass","Package":"tabmail/internal/outbound","Test":"TestExecSMTPUTF8Capabilities/direct_plain/capable=true/unicode_last_bcc","Elapsed":0}
2026-10-09T04:14:54.3092014Z {"Time":"2026-10-09T04:14:49.040484373Z","Action":"run","Package":"tabmail/internal/outbound","Test":"TestExecSMTPUTF8Capabilities/direct_plain/capable=true/unicode_top_level_header"}
2026-10-09T04:14:54.3093080Z {"Time":"2026-10-09T04:14:49.040485931Z","Action":"output","Package":"tabmail/internal/outbound","Test":"TestExecSMTPUTF8Capabilities/direct_plain/capable=true/unicode_top_level_header","Output":"=== RUN   TestExecSMTPUTF8Capabilities/direct_plain/capable=true/unicode_top_level_header\n"}
2026-10-09T04:14:54.3094592Z {"Time":"2026-10-09T04:14:49.042848244Z","Action":"output","Package":"tabmail/internal/outbound","Test":"TestExecSMTPUTF8Capabilities/direct_plain/capable=true/unicode_top_level_header","Output":"--- PASS: TestExecSMTPUTF8Capabilities/direct_plain/capable=true/unicode_top_level_header (0.00s)\n"}
2026-10-09T04:14:54.3095692Z {"Time":"2026-10-09T04:14:49.042854854Z","Action":"pass","Package":"tabmail/internal/outbound","Test":"TestExecSMTPUTF8Capabilities/direct_plain/capable=true/unicode_top_level_header","Elapsed":0}
2026-10-09T04:14:54.3096620Z {"Time":"2026-10-09T04:14:49.042866354Z","Action":"run","Package":"tabmail/internal/outbound","Test":"TestExecSMTPUTF8Capabilities/direct_plain/capable=true/encoded_headers_body_and_attachment"}
2026-10-09T04:14:54.3097802Z {"Time":"2026-10-09T04:14:49.042869776Z","Action":"output","Package":"tabmail/internal/outbound","Test":"TestExecSMTPUTF8Capabilities/direct_plain/capable=true/encoded_headers_body_and_attachment","Output":"=== RUN   TestExecSMTPUTF8Capabilities/direct_plain/capable=true/encoded_headers_body_and_attachment\n"}
2026-10-09T04:14:54.3099202Z {"Time":"2026-10-09T04:14:49.045495662Z","Action":"output","Package":"tabmail/internal/outbound","Test":"TestExecSMTPUTF8Capabilities/direct_plain/capable=true/encoded_headers_body_and_attachment","Output":"--- PASS: TestExecSMTPUTF8Capabilities/direct_plain/capable=true/encoded_headers_body_and_attachment (0.00s)\n"}
2026-10-09T04:14:54.3100441Z {"Time":"2026-10-09T04:14:49.045501756Z","Action":"pass","Package":"tabmail/internal/outbound","Test":"TestExecSMTPUTF8Capabilities/direct_plain/capable=true/encoded_headers_body_and_attachment","Elapsed":0}
2026-10-09T04:14:54.3101322Z {"Time":"2026-10-09T04:14:49.045512584Z","Action":"run","Package":"tabmail/internal/outbound","Test":"TestExecSMTPUTF8Capabilities/direct_plain/capable=true/eight_bit_body_only"}
2026-10-09T04:14:54.3102375Z {"Time":"2026-10-09T04:14:49.045514899Z","Action":"output","Package":"tabmail/internal/outbound","Test":"TestExecSMTPUTF8Capabilities/direct_plain/capable=true/eight_bit_body_only","Output":"=== RUN   TestExecSMTPUTF8Capabilities/direct_plain/capable=true/eight_bit_body_only\n"}
2026-10-09T04:14:54.3103787Z {"Time":"2026-10-09T04:14:49.047769443Z","Action":"output","Package":"tabmail/internal/outbound","Test":"TestExecSMTPUTF8Capabilities/direct_plain/capable=true/eight_bit_body_only","Output":"--- PASS: TestExecSMTPUTF8Capabilities/direct_plain/capable=true/eight_bit_body_only (0.00s)\n"}
2026-10-09T04:14:54.3104976Z {"Time":"2026-10-09T04:14:49.047783083Z","Action":"pass","Package":"tabmail/internal/outbound","Test":"TestExecSMTPUTF8Capabilities/direct_plain/capable=true/eight_bit_body_only","Elapsed":0}
2026-10-09T04:14:54.3105881Z {"Time":"2026-10-09T04:14:49.047792018Z","Action":"run","Package":"tabmail/internal/outbound","Test":"TestExecSMTPUTF8Capabilities/direct_starttls/capable=false/ascii_quoted_alabel"}
2026-10-09T04:14:54.3106961Z {"Time":"2026-10-09T04:14:49.047794151Z","Action":"output","Package":"tabmail/internal/outbound","Test":"TestExecSMTPUTF8Capabilities/direct_starttls/capable=false/ascii_quoted_alabel","Output":"=== RUN   TestExecSMTPUTF8Capabilities/direct_starttls/capable=false/ascii_quoted_alabel\n"}
2026-10-09T04:14:54.3108253Z {"Time":"2026-10-09T04:14:49.054644666Z","Action":"output","Package":"tabmail/internal/outbound","Test":"TestExecSMTPUTF8Capabilities/direct_starttls/capable=false/ascii_quoted_alabel","Output":"--- PASS: TestExecSMTPUTF8Capabilities/direct_starttls/capable=false/ascii_quoted_alabel (0.01s)\n"}
2026-10-09T04:14:54.3109428Z {"Time":"2026-10-09T04:14:49.054660743Z","Action":"pass","Package":"tabmail/internal/outbound","Test":"TestExecSMTPUTF8Capabilities/direct_starttls/capable=false/ascii_quoted_alabel","Elapsed":0.01}
2026-10-09T04:14:54.3110342Z {"Time":"2026-10-09T04:14:49.054665694Z","Action":"run","Package":"tabmail/internal/outbound","Test":"TestExecSMTPUTF8Capabilities/direct_starttls/capable=false/unicode_sender_envelope_only"}
2026-10-09T04:14:54.3111539Z {"Time":"2026-10-09T04:14:49.054667601Z","Action":"output","Package":"tabmail/internal/outbound","Test":"TestExecSMTPUTF8Capabilities/direct_starttls/capable=false/unicode_sender_envelope_only","Output":"=== RUN   TestExecSMTPUTF8Capabilities/direct_starttls/capable=false/unicode_sender_envelope_only\n"}
2026-10-09T04:14:54.3112951Z {"Time":"2026-10-09T04:14:49.061441602Z","Action":"output","Package":"tabmail/internal/outbound","Test":"TestExecSMTPUTF8Capabilities/direct_starttls/capable=false/unicode_sender_envelope_only","Output":"    r5_exec_smtputf8_test.go:340: SMTPUTF8 requirement must produce a local pre-send error, got \u003cnil\u003e\n"}
2026-10-09T04:14:54.3114953Z {"Time":"2026-10-09T04:14:49.061456301Z","Action":"output","Package":"tabmail/internal/outbound","Test":"TestExecSMTPUTF8Capabilities/direct_starttls/capable=false/unicode_sender_envelope_only","Output":"    r5_exec_smtputf8_test.go:340: EXEC09_SENT_WITHOUT_SMTPUTF8 MAIL=[\"MAIL FROM:\u003c发送者@example.test\u003e BODY=8BITMIME\"] RCPT=[\"RCPT TO:\u003creader@recipient.test\u003e\"] DATA=1 body_bytes=298\n"}
2026-10-09T04:14:54.3116597Z {"Time":"2026-10-09T04:14:49.061509185Z","Action":"output","Package":"tabmail/internal/outbound","Test":"TestExecSMTPUTF8Capabilities/direct_starttls/capable=false/unicode_sender_envelope_only","Output":"--- FAIL: TestExecSMTPUTF8Capabilities/direct_starttls/capable=false/unicode_sender_envelope_only (0.01s)\n"}
2026-10-09T04:14:54.3117774Z {"Time":"2026-10-09T04:14:49.061512095Z","Action":"fail","Package":"tabmail/internal/outbound","Test":"TestExecSMTPUTF8Capabilities/direct_starttls/capable=false/unicode_sender_envelope_only","Elapsed":0.01}
2026-10-09T04:14:54.3118674Z {"Time":"2026-10-09T04:14:49.061524141Z","Action":"run","Package":"tabmail/internal/outbound","Test":"TestExecSMTPUTF8Capabilities/direct_starttls/capable=false/unicode_recipient_envelope_only"}
2026-10-09T04:14:54.3119825Z {"Time":"2026-10-09T04:14:49.061527931Z","Action":"output","Package":"tabmail/internal/outbound","Test":"TestExecSMTPUTF8Capabilities/direct_starttls/capable=false/unicode_recipient_envelope_only","Output":"=== RUN   TestExecSMTPUTF8Capabilities/direct_starttls/capable=false/unicode_recipient_envelope_only\n"}
2026-10-09T04:14:54.3121238Z {"Time":"2026-10-09T04:14:49.068478778Z","Action":"output","Package":"tabmail/internal/outbound","Test":"TestExecSMTPUTF8Capabilities/direct_starttls/capable=false/unicode_recipient_envelope_only","Output":"    r5_exec_smtputf8_test.go:340: SMTPUTF8 requirement must produce a local pre-send error, got \u003cnil\u003e\n"}
2026-10-09T04:14:54.3123052Z {"Time":"2026-10-09T04:14:49.068501139Z","Action":"output","Package":"tabmail/internal/outbound","Test":"TestExecSMTPUTF8Capabilities/direct_starttls/capable=false/unicode_recipient_envelope_only","Output":"    r5_exec_smtputf8_test.go:340: EXEC09_SENT_WITHOUT_SMTPUTF8 MAIL=[\"MAIL FROM:\u003csender@example.test\u003e BODY=8BITMIME\"] RCPT=[\"RCPT TO:\u003c收件人@recipient.test\u003e\"] DATA=1 body_bytes=298\n"}
2026-10-09T04:14:54.3124764Z {"Time":"2026-10-09T04:14:49.068553609Z","Action":"output","Package":"tabmail/internal/outbound","Test":"TestExecSMTPUTF8Capabilities/direct_starttls/capable=false/unicode_recipient_envelope_only","Output":"--- FAIL: TestExecSMTPUTF8Capabilities/direct_starttls/capable=false/unicode_recipient_envelope_only (0.01s)\n"}
2026-10-09T04:14:54.3125953Z {"Time":"2026-10-09T04:14:49.068558454Z","Action":"fail","Package":"tabmail/internal/outbound","Test":"TestExecSMTPUTF8Capabilities/direct_starttls/capable=false/unicode_recipient_envelope_only","Elapsed":0.01}
2026-10-09T04:14:54.3126905Z {"Time":"2026-10-09T04:14:49.068563345Z","Action":"run","Package":"tabmail/internal/outbound","Test":"TestExecSMTPUTF8Capabilities/direct_starttls/capable=false/unicode_domain_envelope_only"}
2026-10-09T04:14:54.3128076Z {"Time":"2026-10-09T04:14:49.068567891Z","Action":"output","Package":"tabmail/internal/outbound","Test":"TestExecSMTPUTF8Capabilities/direct_starttls/capable=false/unicode_domain_envelope_only","Output":"=== RUN   TestExecSMTPUTF8Capabilities/direct_starttls/capable=false/unicode_domain_envelope_only\n"}
2026-10-09T04:14:54.3129530Z {"Time":"2026-10-09T04:14:49.075499126Z","Action":"output","Package":"tabmail/internal/outbound","Test":"TestExecSMTPUTF8Capabilities/direct_starttls/capable=false/unicode_domain_envelope_only","Output":"    r5_exec_smtputf8_test.go:340: SMTPUTF8 requirement must produce a local pre-send error, got \u003cnil\u003e\n"}
2026-10-09T04:14:54.3131276Z {"Time":"2026-10-09T04:14:49.075505943Z","Action":"output","Package":"tabmail/internal/outbound","Test":"TestExecSMTPUTF8Capabilities/direct_starttls/capable=false/unicode_domain_envelope_only","Output":"    r5_exec_smtputf8_test.go:340: EXEC09_SENT_WITHOUT_SMTPUTF8 MAIL=[\"MAIL FROM:\u003csender@example.test\u003e BODY=8BITMIME\"] RCPT=[\"RCPT TO:\u003creader@例子.test\u003e\"] DATA=1 body_bytes=298\n"}
2026-10-09T04:14:54.3132880Z {"Time":"2026-10-09T04:14:49.075569535Z","Action":"output","Package":"tabmail/internal/outbound","Test":"TestExecSMTPUTF8Capabilities/direct_starttls/capable=false/unicode_domain_envelope_only","Output":"--- FAIL: TestExecSMTPUTF8Capabilities/direct_starttls/capable=false/unicode_domain_envelope_only (0.01s)\n"}
2026-10-09T04:14:54.3134173Z {"Time":"2026-10-09T04:14:49.075572507Z","Action":"fail","Package":"tabmail/internal/outbound","Test":"TestExecSMTPUTF8Capabilities/direct_starttls/capable=false/unicode_domain_envelope_only","Elapsed":0.01}
2026-10-09T04:14:54.3135076Z {"Time":"2026-10-09T04:14:49.075625219Z","Action":"run","Package":"tabmail/internal/outbound","Test":"TestExecSMTPUTF8Capabilities/direct_starttls/capable=false/unicode_last_bcc"}
2026-10-09T04:14:54.3136160Z {"Time":"2026-10-09T04:14:49.075628033Z","Action":"output","Package":"tabmail/internal/outbound","Test":"TestExecSMTPUTF8Capabilities/direct_starttls/capable=false/unicode_last_bcc","Output":"=== RUN   TestExecSMTPUTF8Capabilities/direct_starttls/capable=false/unicode_last_bcc\n"}
2026-10-09T04:14:54.3137509Z {"Time":"2026-10-09T04:14:49.082443551Z","Action":"output","Package":"tabmail/internal/outbound","Test":"TestExecSMTPUTF8Capabilities/direct_starttls/capable=false/unicode_last_bcc","Output":"    r5_exec_smtputf8_test.go:340: SMTPUTF8 requirement must produce a local pre-send error, got \u003cnil\u003e\n"}
2026-10-09T04:14:54.3139438Z {"Time":"2026-10-09T04:14:49.082460753Z","Action":"output","Package":"tabmail/internal/outbound","Test":"TestExecSMTPUTF8Capabilities/direct_starttls/capable=false/unicode_last_bcc","Output":"    r5_exec_smtputf8_test.go:340: EXEC09_SENT_WITHOUT_SMTPUTF8 MAIL=[\"MAIL FROM:\u003csender@example.test\u003e BODY=8BITMIME\"] RCPT=[\"RCPT TO:\u003creader@recipient.test\u003e\" \"RCPT TO:\u003c\\\"信箱 @ 帮助台\\\"@recipient.test\u003e\"] DATA=1 body_bytes=298\n"}
2026-10-09T04:14:54.3140992Z {"Time":"2026-10-09T04:14:49.082518247Z","Action":"output","Package":"tabmail/internal/outbound","Test":"TestExecSMTPUTF8Capabilities/direct_starttls/capable=false/unicode_last_bcc","Output":"--- FAIL: TestExecSMTPUTF8Capabilities/direct_starttls/capable=false/unicode_last_bcc (0.01s)\n"}
2026-10-09T04:14:54.3142086Z {"Time":"2026-10-09T04:14:49.082524599Z","Action":"fail","Package":"tabmail/internal/outbound","Test":"TestExecSMTPUTF8Capabilities/direct_starttls/capable=false/unicode_last_bcc","Elapsed":0.01}
2026-10-09T04:14:54.3142963Z {"Time":"2026-10-09T04:14:49.082529683Z","Action":"run","Package":"tabmail/internal/outbound","Test":"TestExecSMTPUTF8Capabilities/direct_starttls/capable=false/unicode_top_level_header"}
2026-10-09T04:14:54.3144180Z {"Time":"2026-10-09T04:14:49.082532234Z","Action":"output","Package":"tabmail/internal/outbound","Test":"TestExecSMTPUTF8Capabilities/direct_starttls/capable=false/unicode_top_level_header","Output":"=== RUN   TestExecSMTPUTF8Capabilities/direct_starttls/capable=false/unicode_top_level_header\n"}
2026-10-09T04:14:54.3145550Z {"Time":"2026-10-09T04:14:49.089937024Z","Action":"output","Package":"tabmail/internal/outbound","Test":"TestExecSMTPUTF8Capabilities/direct_starttls/capable=false/unicode_top_level_header","Output":"    r5_exec_smtputf8_test.go:340: SMTPUTF8 requirement must produce a local pre-send error, got \u003cnil\u003e\n"}
2026-10-09T04:14:54.3147156Z {"Time":"2026-10-09T04:14:49.089952544Z","Action":"output","Package":"tabmail/internal/outbound","Test":"TestExecSMTPUTF8Capabilities/direct_starttls/capable=false/unicode_top_level_header","Output":"    r5_exec_smtputf8_test.go:340: EXEC09_SENT_WITHOUT_SMTPUTF8 MAIL=[\"MAIL FROM:\u003csender@example.test\u003e BODY=8BITMIME\"] RCPT=[\"RCPT TO:\u003creader@recipient.test\u003e\"] DATA=1 body_bytes=324\n"}
2026-10-09T04:14:54.3148699Z {"Time":"2026-10-09T04:14:49.089999519Z","Action":"output","Package":"tabmail/internal/outbound","Test":"TestExecSMTPUTF8Capabilities/direct_starttls/capable=false/unicode_top_level_header","Output":"--- FAIL: TestExecSMTPUTF8Capabilities/direct_starttls/capable=false/unicode_top_level_header (0.01s)\n"}
2026-10-09T04:14:54.3149803Z {"Time":"2026-10-09T04:14:49.090002763Z","Action":"fail","Package":"tabmail/internal/outbound","Test":"TestExecSMTPUTF8Capabilities/direct_starttls/capable=false/unicode_top_level_header","Elapsed":0.01}
2026-10-09T04:14:54.3150751Z {"Time":"2026-10-09T04:14:49.090017296Z","Action":"run","Package":"tabmail/internal/outbound","Test":"TestExecSMTPUTF8Capabilities/direct_starttls/capable=false/encoded_headers_body_and_attachment"}
2026-10-09T04:14:54.3151925Z {"Time":"2026-10-09T04:14:49.09002037Z","Action":"output","Package":"tabmail/internal/outbound","Test":"TestExecSMTPUTF8Capabilities/direct_starttls/capable=false/encoded_headers_body_and_attachment","Output":"=== RUN   TestExecSMTPUTF8Capabilities/direct_starttls/capable=false/encoded_headers_body_and_attachment\n"}
2026-10-09T04:14:54.3153426Z {"Time":"2026-10-09T04:14:49.096948716Z","Action":"output","Package":"tabmail/internal/outbound","Test":"TestExecSMTPUTF8Capabilities/direct_starttls/capable=false/encoded_headers_body_and_attachment","Output":"--- PASS: TestExecSMTPUTF8Capabilities/direct_starttls/capable=false/encoded_headers_body_and_attachment (0.01s)\n"}
2026-10-09T04:14:54.3154653Z {"Time":"2026-10-09T04:14:49.096965717Z","Action":"pass","Package":"tabmail/internal/outbound","Test":"TestExecSMTPUTF8Capabilities/direct_starttls/capable=false/encoded_headers_body_and_attachment","Elapsed":0.01}
2026-10-09T04:14:54.3155556Z {"Time":"2026-10-09T04:14:49.096970768Z","Action":"run","Package":"tabmail/internal/outbound","Test":"TestExecSMTPUTF8Capabilities/direct_starttls/capable=false/eight_bit_body_only"}
2026-10-09T04:14:54.3156685Z {"Time":"2026-10-09T04:14:49.096973792Z","Action":"output","Package":"tabmail/internal/outbound","Test":"TestExecSMTPUTF8Capabilities/direct_starttls/capable=false/eight_bit_body_only","Output":"=== RUN   TestExecSMTPUTF8Capabilities/direct_starttls/capable=false/eight_bit_body_only\n"}
2026-10-09T04:14:54.3157945Z {"Time":"2026-10-09T04:14:49.103860506Z","Action":"output","Package":"tabmail/internal/outbound","Test":"TestExecSMTPUTF8Capabilities/direct_starttls/capable=false/eight_bit_body_only","Output":"--- PASS: TestExecSMTPUTF8Capabilities/direct_starttls/capable=false/eight_bit_body_only (0.01s)\n"}
2026-10-09T04:14:54.3159060Z {"Time":"2026-10-09T04:14:49.103874037Z","Action":"pass","Package":"tabmail/internal/outbound","Test":"TestExecSMTPUTF8Capabilities/direct_starttls/capable=false/eight_bit_body_only","Elapsed":0.01}
2026-10-09T04:14:54.3159947Z {"Time":"2026-10-09T04:14:49.103885749Z","Action":"run","Package":"tabmail/internal/outbound","Test":"TestExecSMTPUTF8Capabilities/direct_starttls/capable=true/ascii_quoted_alabel"}
2026-10-09T04:14:54.3160996Z {"Time":"2026-10-09T04:14:49.103888519Z","Action":"output","Package":"tabmail/internal/outbound","Test":"TestExecSMTPUTF8Capabilities/direct_starttls/capable=true/ascii_quoted_alabel","Output":"=== RUN   TestExecSMTPUTF8Capabilities/direct_starttls/capable=true/ascii_quoted_alabel\n"}
2026-10-09T04:14:54.3162377Z {"Time":"2026-10-09T04:14:49.110998221Z","Action":"output","Package":"tabmail/internal/outbound","Test":"TestExecSMTPUTF8Capabilities/direct_starttls/capable=true/ascii_quoted_alabel","Output":"--- PASS: TestExecSMTPUTF8Capabilities/direct_starttls/capable=true/ascii_quoted_alabel (0.01s)\n"}
2026-10-09T04:14:54.3163572Z {"Time":"2026-10-09T04:14:49.111012591Z","Action":"pass","Package":"tabmail/internal/outbound","Test":"TestExecSMTPUTF8Capabilities/direct_starttls/capable=true/ascii_quoted_alabel","Elapsed":0.01}
2026-10-09T04:14:54.3164460Z {"Time":"2026-10-09T04:14:49.111021081Z","Action":"run","Package":"tabmail/internal/outbound","Test":"TestExecSMTPUTF8Capabilities/direct_starttls/capable=true/unicode_sender_envelope_only"}
2026-10-09T04:14:54.3165589Z {"Time":"2026-10-09T04:14:49.111023651Z","Action":"output","Package":"tabmail/internal/outbound","Test":"TestExecSMTPUTF8Capabilities/direct_starttls/capable=true/unicode_sender_envelope_only","Output":"=== RUN   TestExecSMTPUTF8Capabilities/direct_starttls/capable=true/unicode_sender_envelope_only\n"}
2026-10-09T04:14:54.3166955Z {"Time":"2026-10-09T04:14:49.117797099Z","Action":"output","Package":"tabmail/internal/outbound","Test":"TestExecSMTPUTF8Capabilities/direct_starttls/capable=true/unicode_sender_envelope_only","Output":"--- PASS: TestExecSMTPUTF8Capabilities/direct_starttls/capable=true/unicode_sender_envelope_only (0.01s)\n"}
2026-10-09T04:14:54.3168125Z {"Time":"2026-10-09T04:14:49.117812547Z","Action":"pass","Package":"tabmail/internal/outbound","Test":"TestExecSMTPUTF8Capabilities/direct_starttls/capable=true/unicode_sender_envelope_only","Elapsed":0.01}
2026-10-09T04:14:54.3169034Z {"Time":"2026-10-09T04:14:49.117817393Z","Action":"run","Package":"tabmail/internal/outbound","Test":"TestExecSMTPUTF8Capabilities/direct_starttls/capable=true/unicode_recipient_envelope_only"}
2026-10-09T04:14:54.3170164Z {"Time":"2026-10-09T04:14:49.117819179Z","Action":"output","Package":"tabmail/internal/outbound","Test":"TestExecSMTPUTF8Capabilities/direct_starttls/capable=true/unicode_recipient_envelope_only","Output":"=== RUN   TestExecSMTPUTF8Capabilities/direct_starttls/capable=true/unicode_recipient_envelope_only\n"}
2026-10-09T04:14:54.3171574Z {"Time":"2026-10-09T04:14:49.124741334Z","Action":"output","Package":"tabmail/internal/outbound","Test":"TestExecSMTPUTF8Capabilities/direct_starttls/capable=true/unicode_recipient_envelope_only","Output":"--- PASS: TestExecSMTPUTF8Capabilities/direct_starttls/capable=true/unicode_recipient_envelope_only (0.01s)\n"}
2026-10-09T04:14:54.3172753Z {"Time":"2026-10-09T04:14:49.12475868Z","Action":"pass","Package":"tabmail/internal/outbound","Test":"TestExecSMTPUTF8Capabilities/direct_starttls/capable=true/unicode_recipient_envelope_only","Elapsed":0.01}
2026-10-09T04:14:54.3173785Z {"Time":"2026-10-09T04:14:49.124763591Z","Action":"run","Package":"tabmail/internal/outbound","Test":"TestExecSMTPUTF8Capabilities/direct_starttls/capable=true/unicode_domain_envelope_only"}
2026-10-09T04:14:54.3174920Z {"Time":"2026-10-09T04:14:49.124765149Z","Action":"output","Package":"tabmail/internal/outbound","Test":"TestExecSMTPUTF8Capabilities/direct_starttls/capable=true/unicode_domain_envelope_only","Output":"=== RUN   TestExecSMTPUTF8Capabilities/direct_starttls/capable=true/unicode_domain_envelope_only\n"}
2026-10-09T04:14:54.3176256Z {"Time":"2026-10-09T04:14:49.131646662Z","Action":"output","Package":"tabmail/internal/outbound","Test":"TestExecSMTPUTF8Capabilities/direct_starttls/capable=true/unicode_domain_envelope_only","Output":"--- PASS: TestExecSMTPUTF8Capabilities/direct_starttls/capable=true/unicode_domain_envelope_only (0.01s)\n"}
2026-10-09T04:14:54.3177447Z {"Time":"2026-10-09T04:14:49.131664832Z","Action":"pass","Package":"tabmail/internal/outbound","Test":"TestExecSMTPUTF8Capabilities/direct_starttls/capable=true/unicode_domain_envelope_only","Elapsed":0.01}
2026-10-09T04:14:54.3178299Z {"Time":"2026-10-09T04:14:49.131676356Z","Action":"run","Package":"tabmail/internal/outbound","Test":"TestExecSMTPUTF8Capabilities/direct_starttls/capable=true/unicode_last_bcc"}
2026-10-09T04:14:54.3179384Z {"Time":"2026-10-09T04:14:49.131679045Z","Action":"output","Package":"tabmail/internal/outbound","Test":"TestExecSMTPUTF8Capabilities/direct_starttls/capable=true/unicode_last_bcc","Output":"=== RUN   TestExecSMTPUTF8Capabilities/direct_starttls/capable=true/unicode_last_bcc\n"}
2026-10-09T04:14:54.3180663Z {"Time":"2026-10-09T04:14:49.138574507Z","Action":"output","Package":"tabmail/internal/outbound","Test":"TestExecSMTPUTF8Capabilities/direct_starttls/capable=true/unicode_last_bcc","Output":"--- PASS: TestExecSMTPUTF8Capabilities/direct_starttls/capable=true/unicode_last_bcc (0.01s)\n"}
2026-10-09T04:14:54.3181744Z {"Time":"2026-10-09T04:14:49.138597234Z","Action":"pass","Package":"tabmail/internal/outbound","Test":"TestExecSMTPUTF8Capabilities/direct_starttls/capable=true/unicode_last_bcc","Elapsed":0.01}
2026-10-09T04:14:54.3182611Z {"Time":"2026-10-09T04:14:49.138602058Z","Action":"run","Package":"tabmail/internal/outbound","Test":"TestExecSMTPUTF8Capabilities/direct_starttls/capable=true/unicode_top_level_header"}
2026-10-09T04:14:54.3184443Z {"Time":"2026-10-09T04:14:49.138604222Z","Action":"output","Package":"tabmail/internal/outbound","Test":"TestExecSMTPUTF8Capabilities/direct_starttls/capable=true/unicode_top_level_header","Output":"=== RUN   TestExecSMTPUTF8Capabilities/direct_starttls/capable=true/unicode_top_level_header\n"}
2026-10-09T04:14:54.3185934Z {"Time":"2026-10-09T04:14:49.145948073Z","Action":"output","Package":"tabmail/internal/outbound","Test":"TestExecSMTPUTF8Capabilities/direct_starttls/capable=true/unicode_top_level_header","Output":"--- PASS: TestExecSMTPUTF8Capabilities/direct_starttls/capable=true/unicode_top_level_header (0.01s)\n"}
2026-10-09T04:14:54.3187155Z {"Time":"2026-10-09T04:14:49.145965988Z","Action":"pass","Package":"tabmail/internal/outbound","Test":"TestExecSMTPUTF8Capabilities/direct_starttls/capable=true/unicode_top_level_header","Elapsed":0.01}
2026-10-09T04:14:54.3188171Z {"Time":"2026-10-09T04:14:49.145971215Z","Action":"run","Package":"tabmail/internal/outbound","Test":"TestExecSMTPUTF8Capabilities/direct_starttls/capable=true/encoded_headers_body_and_attachment"}
2026-10-09T04:14:54.3189393Z {"Time":"2026-10-09T04:14:49.145973844Z","Action":"output","Package":"tabmail/internal/outbound","Test":"TestExecSMTPUTF8Capabilities/direct_starttls/capable=true/encoded_headers_body_and_attachment","Output":"=== RUN   TestExecSMTPUTF8Capabilities/direct_starttls/capable=true/encoded_headers_body_and_attachment\n"}
2026-10-09T04:14:54.3190884Z {"Time":"2026-10-09T04:14:49.152999211Z","Action":"output","Package":"tabmail/internal/outbound","Test":"TestExecSMTPUTF8Capabilities/direct_starttls/capable=true/encoded_headers_body_and_attachment","Output":"--- PASS: TestExecSMTPUTF8Capabilities/direct_starttls/capable=true/encoded_headers_body_and_attachment (0.01s)\n"}
2026-10-09T04:14:54.3192114Z {"Time":"2026-10-09T04:14:49.153013569Z","Action":"pass","Package":"tabmail/internal/outbound","Test":"TestExecSMTPUTF8Capabilities/direct_starttls/capable=true/encoded_headers_body_and_attachment","Elapsed":0.01}
2026-10-09T04:14:54.3192992Z {"Time":"2026-10-09T04:14:49.153018322Z","Action":"run","Package":"tabmail/internal/outbound","Test":"TestExecSMTPUTF8Capabilities/direct_starttls/capable=true/eight_bit_body_only"}
2026-10-09T04:14:54.3194183Z {"Time":"2026-10-09T04:14:49.153020493Z","Action":"output","Package":"tabmail/internal/outbound","Test":"TestExecSMTPUTF8Capabilities/direct_starttls/capable=true/eight_bit_body_only","Output":"=== RUN   TestExecSMTPUTF8Capabilities/direct_starttls/capable=true/eight_bit_body_only\n"}
2026-10-09T04:14:54.3195454Z {"Time":"2026-10-09T04:14:49.159752972Z","Action":"output","Package":"tabmail/internal/outbound","Test":"TestExecSMTPUTF8Capabilities/direct_starttls/capable=true/eight_bit_body_only","Output":"--- PASS: TestExecSMTPUTF8Capabilities/direct_starttls/capable=true/eight_bit_body_only (0.01s)\n"}
2026-10-09T04:14:54.3196532Z {"Time":"2026-10-09T04:14:49.159770858Z","Action":"pass","Package":"tabmail/internal/outbound","Test":"TestExecSMTPUTF8Capabilities/direct_starttls/capable=true/eight_bit_body_only","Elapsed":0.01}
2026-10-09T04:14:54.3197520Z {"Time":"2026-10-09T04:14:49.159779352Z","Action":"output","Package":"tabmail/internal/outbound","Test":"TestExecSMTPUTF8Capabilities","Output":"--- FAIL: TestExecSMTPUTF8Capabilities (0.42s)\n"}
2026-10-09T04:14:54.3198290Z {"Time":"2026-10-09T04:14:49.15980696Z","Action":"fail","Package":"tabmail/internal/outbound","Test":"TestExecSMTPUTF8Capabilities","Elapsed":0.42}
2026-10-09T04:14:54.3199007Z {"Time":"2026-10-09T04:14:49.159831326Z","Action":"run","Package":"tabmail/internal/outbound","Test":"TestExecSMTPUTF8RefreshAfterSTARTTLS"}
2026-10-09T04:14:54.3200462Z {"Time":"2026-10-09T04:14:49.159835398Z","Action":"output","Package":"tabmail/internal/outbound","Test":"TestExecSMTPUTF8RefreshAfterSTARTTLS","Output":"=== RUN   TestExecSMTPUTF8RefreshAfterSTARTTLS\n"}
2026-10-09T04:14:54.3201368Z {"Time":"2026-10-09T04:14:49.159892099Z","Action":"run","Package":"tabmail/internal/outbound","Test":"TestExecSMTPUTF8RefreshAfterSTARTTLS/relay_starttls/final_capable=false/unicode_last_bcc"}
2026-10-09T04:14:54.3202527Z {"Time":"2026-10-09T04:14:49.159895781Z","Action":"output","Package":"tabmail/internal/outbound","Test":"TestExecSMTPUTF8RefreshAfterSTARTTLS/relay_starttls/final_capable=false/unicode_last_bcc","Output":"=== RUN   TestExecSMTPUTF8RefreshAfterSTARTTLS/relay_starttls/final_capable=false/unicode_last_bcc\n"}
2026-10-09T04:14:54.3203988Z {"Time":"2026-10-09T04:14:49.166652113Z","Action":"output","Package":"tabmail/internal/outbound","Test":"TestExecSMTPUTF8RefreshAfterSTARTTLS/relay_starttls/final_capable=false/unicode_last_bcc","Output":"    r5_exec_smtputf8_test.go:365: SMTPUTF8 requirement must produce a local pre-send error, got \u003cnil\u003e\n"}
2026-10-09T04:14:54.3206015Z {"Time":"2026-10-09T04:14:49.166669684Z","Action":"output","Package":"tabmail/internal/outbound","Test":"TestExecSMTPUTF8RefreshAfterSTARTTLS/relay_starttls/final_capable=false/unicode_last_bcc","Output":"    r5_exec_smtputf8_test.go:365: EXEC09_SENT_WITHOUT_SMTPUTF8 MAIL=[\"MAIL FROM:\u003csender@example.test\u003e BODY=8BITMIME\"] RCPT=[\"RCPT TO:\u003creader@recipient.test\u003e\" \"RCPT TO:\u003c\\\"信箱 @ 帮助台\\\"@recipient.test\u003e\"] DATA=1 body_bytes=298\n"}
2026-10-09T04:14:54.3207730Z {"Time":"2026-10-09T04:14:49.166727744Z","Action":"output","Package":"tabmail/internal/outbound","Test":"TestExecSMTPUTF8RefreshAfterSTARTTLS/relay_starttls/final_capable=false/unicode_last_bcc","Output":"--- FAIL: TestExecSMTPUTF8RefreshAfterSTARTTLS/relay_starttls/final_capable=false/unicode_last_bcc (0.01s)\n"}
2026-10-09T04:14:54.3208982Z {"Time":"2026-10-09T04:14:49.16673382Z","Action":"fail","Package":"tabmail/internal/outbound","Test":"TestExecSMTPUTF8RefreshAfterSTARTTLS/relay_starttls/final_capable=false/unicode_last_bcc","Elapsed":0.01}
2026-10-09T04:14:54.3209924Z {"Time":"2026-10-09T04:14:49.166783216Z","Action":"run","Package":"tabmail/internal/outbound","Test":"TestExecSMTPUTF8RefreshAfterSTARTTLS/relay_starttls/final_capable=false/encoded_headers_body_and_attachment"}
2026-10-09T04:14:54.3211168Z {"Time":"2026-10-09T04:14:49.166787836Z","Action":"output","Package":"tabmail/internal/outbound","Test":"TestExecSMTPUTF8RefreshAfterSTARTTLS/relay_starttls/final_capable=false/encoded_headers_body_and_attachment","Output":"=== RUN   TestExecSMTPUTF8RefreshAfterSTARTTLS/relay_starttls/final_capable=false/encoded_headers_body_and_attachment\n"}
2026-10-09T04:14:54.3212774Z {"Time":"2026-10-09T04:14:49.173722012Z","Action":"output","Package":"tabmail/internal/outbound","Test":"TestExecSMTPUTF8RefreshAfterSTARTTLS/relay_starttls/final_capable=false/encoded_headers_body_and_attachment","Output":"--- PASS: TestExecSMTPUTF8RefreshAfterSTARTTLS/relay_starttls/final_capable=false/encoded_headers_body_and_attachment (0.01s)\n"}
2026-10-09T04:14:54.3214149Z {"Time":"2026-10-09T04:14:49.173737257Z","Action":"pass","Package":"tabmail/internal/outbound","Test":"TestExecSMTPUTF8RefreshAfterSTARTTLS/relay_starttls/final_capable=false/encoded_headers_body_and_attachment","Elapsed":0.01}
2026-10-09T04:14:54.3215217Z {"Time":"2026-10-09T04:14:49.173743759Z","Action":"run","Package":"tabmail/internal/outbound","Test":"TestExecSMTPUTF8RefreshAfterSTARTTLS/relay_starttls/final_capable=true/unicode_last_bcc"}
2026-10-09T04:14:54.3216330Z {"Time":"2026-10-09T04:14:49.173745832Z","Action":"output","Package":"tabmail/internal/outbound","Test":"TestExecSMTPUTF8RefreshAfterSTARTTLS/relay_starttls/final_capable=true/unicode_last_bcc","Output":"=== RUN   TestExecSMTPUTF8RefreshAfterSTARTTLS/relay_starttls/final_capable=true/unicode_last_bcc\n"}
2026-10-09T04:14:54.3217731Z {"Time":"2026-10-09T04:14:49.180592381Z","Action":"output","Package":"tabmail/internal/outbound","Test":"TestExecSMTPUTF8RefreshAfterSTARTTLS/relay_starttls/final_capable=true/unicode_last_bcc","Output":"--- PASS: TestExecSMTPUTF8RefreshAfterSTARTTLS/relay_starttls/final_capable=true/unicode_last_bcc (0.01s)\n"}
2026-10-09T04:14:54.3218898Z {"Time":"2026-10-09T04:14:49.180620204Z","Action":"pass","Package":"tabmail/internal/outbound","Test":"TestExecSMTPUTF8RefreshAfterSTARTTLS/relay_starttls/final_capable=true/unicode_last_bcc","Elapsed":0.01}
2026-10-09T04:14:54.3219839Z {"Time":"2026-10-09T04:14:49.180624635Z","Action":"run","Package":"tabmail/internal/outbound","Test":"TestExecSMTPUTF8RefreshAfterSTARTTLS/relay_starttls/final_capable=true/encoded_headers_body_and_attachment"}
2026-10-09T04:14:54.3221158Z {"Time":"2026-10-09T04:14:49.180626581Z","Action":"output","Package":"tabmail/internal/outbound","Test":"TestExecSMTPUTF8RefreshAfterSTARTTLS/relay_starttls/final_capable=true/encoded_headers_body_and_attachment","Output":"=== RUN   TestExecSMTPUTF8RefreshAfterSTARTTLS/relay_starttls/final_capable=true/encoded_headers_body_and_attachment\n"}
2026-10-09T04:14:54.3222686Z {"Time":"2026-10-09T04:14:49.187546235Z","Action":"output","Package":"tabmail/internal/outbound","Test":"TestExecSMTPUTF8RefreshAfterSTARTTLS/relay_starttls/final_capable=true/encoded_headers_body_and_attachment","Output":"--- PASS: TestExecSMTPUTF8RefreshAfterSTARTTLS/relay_starttls/final_capable=true/encoded_headers_body_and_attachment (0.01s)\n"}
2026-10-09T04:14:54.3224174Z {"Time":"2026-10-09T04:14:49.187559577Z","Action":"pass","Package":"tabmail/internal/outbound","Test":"TestExecSMTPUTF8RefreshAfterSTARTTLS/relay_starttls/final_capable=true/encoded_headers_body_and_attachment","Elapsed":0.01}
2026-10-09T04:14:54.3225119Z {"Time":"2026-10-09T04:14:49.187567764Z","Action":"run","Package":"tabmail/internal/outbound","Test":"TestExecSMTPUTF8RefreshAfterSTARTTLS/direct_starttls/final_capable=false/unicode_last_bcc"}
2026-10-09T04:14:54.3226314Z {"Time":"2026-10-09T04:14:49.18756934Z","Action":"output","Package":"tabmail/internal/outbound","Test":"TestExecSMTPUTF8RefreshAfterSTARTTLS/direct_starttls/final_capable=false/unicode_last_bcc","Output":"=== RUN   TestExecSMTPUTF8RefreshAfterSTARTTLS/direct_starttls/final_capable=false/unicode_last_bcc\n"}
2026-10-09T04:14:54.3227745Z {"Time":"2026-10-09T04:14:49.194880698Z","Action":"output","Package":"tabmail/internal/outbound","Test":"TestExecSMTPUTF8RefreshAfterSTARTTLS/direct_starttls/final_capable=false/unicode_last_bcc","Output":"    r5_exec_smtputf8_test.go:365: SMTPUTF8 requirement must produce a local pre-send error, got \u003cnil\u003e\n"}
2026-10-09T04:14:54.3229685Z {"Time":"2026-10-09T04:14:49.194897124Z","Action":"output","Package":"tabmail/internal/outbound","Test":"TestExecSMTPUTF8RefreshAfterSTARTTLS/direct_starttls/final_capable=false/unicode_last_bcc","Output":"    r5_exec_smtputf8_test.go:365: EXEC09_SENT_WITHOUT_SMTPUTF8 MAIL=[\"MAIL FROM:\u003csender@example.test\u003e BODY=8BITMIME\"] RCPT=[\"RCPT TO:\u003creader@recipient.test\u003e\" \"RCPT TO:\u003c\\\"信箱 @ 帮助台\\\"@recipient.test\u003e\"] DATA=1 body_bytes=298\n"}
2026-10-09T04:14:54.3231422Z {"Time":"2026-10-09T04:14:49.19495642Z","Action":"output","Package":"tabmail/internal/outbound","Test":"TestExecSMTPUTF8RefreshAfterSTARTTLS/direct_starttls/final_capable=false/unicode_last_bcc","Output":"--- FAIL: TestExecSMTPUTF8RefreshAfterSTARTTLS/direct_starttls/final_capable=false/unicode_last_bcc (0.01s)\n"}
2026-10-09T04:14:54.3232640Z {"Time":"2026-10-09T04:14:49.194978969Z","Action":"fail","Package":"tabmail/internal/outbound","Test":"TestExecSMTPUTF8RefreshAfterSTARTTLS/direct_starttls/final_capable=false/unicode_last_bcc","Elapsed":0.01}
2026-10-09T04:14:54.3233750Z {"Time":"2026-10-09T04:14:49.195012302Z","Action":"run","Package":"tabmail/internal/outbound","Test":"TestExecSMTPUTF8RefreshAfterSTARTTLS/direct_starttls/final_capable=false/encoded_headers_body_and_attachment"}
2026-10-09T04:14:54.3235164Z {"Time":"2026-10-09T04:14:49.195015231Z","Action":"output","Package":"tabmail/internal/outbound","Test":"TestExecSMTPUTF8RefreshAfterSTARTTLS/direct_starttls/final_capable=false/encoded_headers_body_and_attachment","Output":"=== RUN   TestExecSMTPUTF8RefreshAfterSTARTTLS/direct_starttls/final_capable=false/encoded_headers_body_and_attachment\n"}
2026-10-09T04:14:54.3236766Z {"Time":"2026-10-09T04:14:49.202003387Z","Action":"output","Package":"tabmail/internal/outbound","Test":"TestExecSMTPUTF8RefreshAfterSTARTTLS/direct_starttls/final_capable=false/encoded_headers_body_and_attachment","Output":"--- PASS: TestExecSMTPUTF8RefreshAfterSTARTTLS/direct_starttls/final_capable=false/encoded_headers_body_and_attachment (0.01s)\n"}
2026-10-09T04:14:54.3238053Z {"Time":"2026-10-09T04:14:49.202024675Z","Action":"pass","Package":"tabmail/internal/outbound","Test":"TestExecSMTPUTF8RefreshAfterSTARTTLS/direct_starttls/final_capable=false/encoded_headers_body_and_attachment","Elapsed":0.01}
2026-10-09T04:14:54.3239006Z {"Time":"2026-10-09T04:14:49.202030674Z","Action":"run","Package":"tabmail/internal/outbound","Test":"TestExecSMTPUTF8RefreshAfterSTARTTLS/direct_starttls/final_capable=true/unicode_last_bcc"}
2026-10-09T04:14:54.3240187Z {"Time":"2026-10-09T04:14:49.20203627Z","Action":"output","Package":"tabmail/internal/outbound","Test":"TestExecSMTPUTF8RefreshAfterSTARTTLS/direct_starttls/final_capable=true/unicode_last_bcc","Output":"=== RUN   TestExecSMTPUTF8RefreshAfterSTARTTLS/direct_starttls/final_capable=true/unicode_last_bcc\n"}
2026-10-09T04:14:54.3241618Z {"Time":"2026-10-09T04:14:49.20888112Z","Action":"output","Package":"tabmail/internal/outbound","Test":"TestExecSMTPUTF8RefreshAfterSTARTTLS/direct_starttls/final_capable=true/unicode_last_bcc","Output":"--- PASS: TestExecSMTPUTF8RefreshAfterSTARTTLS/direct_starttls/final_capable=true/unicode_last_bcc (0.01s)\n"}
2026-10-09T04:14:54.3242850Z {"Time":"2026-10-09T04:14:49.208894534Z","Action":"pass","Package":"tabmail/internal/outbound","Test":"TestExecSMTPUTF8RefreshAfterSTARTTLS/direct_starttls/final_capable=true/unicode_last_bcc","Elapsed":0.01}
2026-10-09T04:14:54.3244058Z {"Time":"2026-10-09T04:14:49.208899132Z","Action":"run","Package":"tabmail/internal/outbound","Test":"TestExecSMTPUTF8RefreshAfterSTARTTLS/direct_starttls/final_capable=true/encoded_headers_body_and_attachment"}
2026-10-09T04:14:54.3245378Z {"Time":"2026-10-09T04:14:49.20890079Z","Action":"output","Package":"tabmail/internal/outbound","Test":"TestExecSMTPUTF8RefreshAfterSTARTTLS/direct_starttls/final_capable=true/encoded_headers_body_and_attachment","Output":"=== RUN   TestExecSMTPUTF8RefreshAfterSTARTTLS/direct_starttls/final_capable=true/encoded_headers_body_and_attachment\n"}
2026-10-09T04:14:54.3246983Z {"Time":"2026-10-09T04:14:49.215940311Z","Action":"output","Package":"tabmail/internal/outbound","Test":"TestExecSMTPUTF8RefreshAfterSTARTTLS/direct_starttls/final_capable=true/encoded_headers_body_and_attachment","Output":"--- PASS: TestExecSMTPUTF8RefreshAfterSTARTTLS/direct_starttls/final_capable=true/encoded_headers_body_and_attachment (0.01s)\n"}
2026-10-09T04:14:54.3248295Z {"Time":"2026-10-09T04:14:49.215957577Z","Action":"pass","Package":"tabmail/internal/outbound","Test":"TestExecSMTPUTF8RefreshAfterSTARTTLS/direct_starttls/final_capable=true/encoded_headers_body_and_attachment","Elapsed":0.01}
2026-10-09T04:14:54.3249346Z {"Time":"2026-10-09T04:14:49.215965694Z","Action":"output","Package":"tabmail/internal/outbound","Test":"TestExecSMTPUTF8RefreshAfterSTARTTLS","Output":"--- FAIL: TestExecSMTPUTF8RefreshAfterSTARTTLS (0.06s)\n"}
2026-10-09T04:14:54.3250235Z {"Time":"2026-10-09T04:14:49.21599577Z","Action":"fail","Package":"tabmail/internal/outbound","Test":"TestExecSMTPUTF8RefreshAfterSTARTTLS","Elapsed":0.06}
2026-10-09T04:14:54.3250996Z {"Time":"2026-10-09T04:14:49.216019373Z","Action":"run","Package":"tabmail/internal/outbound","Test":"TestExecSMTPUTF8HELOFallback"}
2026-10-09T04:14:54.3251740Z {"Time":"2026-10-09T04:14:49.216022872Z","Action":"output","Package":"tabmail/internal/outbound","Test":"TestExecSMTPUTF8HELOFallback","Output":"=== RUN   TestExecSMTPUTF8HELOFallback\n"}
2026-10-09T04:14:54.3252562Z {"Time":"2026-10-09T04:14:49.216077426Z","Action":"run","Package":"tabmail/internal/outbound","Test":"TestExecSMTPUTF8HELOFallback/relay_plain/ascii_quoted_alabel"}
2026-10-09T04:14:54.3253629Z {"Time":"2026-10-09T04:14:49.216080734Z","Action":"output","Package":"tabmail/internal/outbound","Test":"TestExecSMTPUTF8HELOFallback/relay_plain/ascii_quoted_alabel","Output":"=== RUN   TestExecSMTPUTF8HELOFallback/relay_plain/ascii_quoted_alabel\n"}
2026-10-09T04:14:54.3254798Z {"Time":"2026-10-09T04:14:49.218421461Z","Action":"output","Package":"tabmail/internal/outbound","Test":"TestExecSMTPUTF8HELOFallback/relay_plain/ascii_quoted_alabel","Output":"--- PASS: TestExecSMTPUTF8HELOFallback/relay_plain/ascii_quoted_alabel (0.00s)\n"}
2026-10-09T04:14:54.3255816Z {"Time":"2026-10-09T04:14:49.218435257Z","Action":"pass","Package":"tabmail/internal/outbound","Test":"TestExecSMTPUTF8HELOFallback/relay_plain/ascii_quoted_alabel","Elapsed":0}
2026-10-09T04:14:54.3256644Z {"Time":"2026-10-09T04:14:49.218449295Z","Action":"run","Package":"tabmail/internal/outbound","Test":"TestExecSMTPUTF8HELOFallback/relay_plain/unicode_sender_envelope_only"}
2026-10-09T04:14:54.3257676Z {"Time":"2026-10-09T04:14:49.218452434Z","Action":"output","Package":"tabmail/internal/outbound","Test":"TestExecSMTPUTF8HELOFallback/relay_plain/unicode_sender_envelope_only","Output":"=== RUN   TestExecSMTPUTF8HELOFallback/relay_plain/unicode_sender_envelope_only\n"}
2026-10-09T04:14:54.3259022Z {"Time":"2026-10-09T04:14:49.220694902Z","Action":"output","Package":"tabmail/internal/outbound","Test":"TestExecSMTPUTF8HELOFallback/relay_plain/unicode_sender_envelope_only","Output":"    r5_exec_smtputf8_test.go:386: SMTPUTF8 requirement must produce a local pre-send error, got \u003cnil\u003e\n"}
2026-10-09T04:14:54.3260808Z {"Time":"2026-10-09T04:14:49.220725116Z","Action":"output","Package":"tabmail/internal/outbound","Test":"TestExecSMTPUTF8HELOFallback/relay_plain/unicode_sender_envelope_only","Output":"    r5_exec_smtputf8_test.go:386: EXEC09_SENT_WITHOUT_SMTPUTF8 MAIL=[\"MAIL FROM:\u003c发送者@example.test\u003e\"] RCPT=[\"RCPT TO:\u003creader@recipient.test\u003e\"] DATA=1 body_bytes=298\n"}
2026-10-09T04:14:54.3262309Z {"Time":"2026-10-09T04:14:49.220776271Z","Action":"output","Package":"tabmail/internal/outbound","Test":"TestExecSMTPUTF8HELOFallback/relay_plain/unicode_sender_envelope_only","Output":"--- FAIL: TestExecSMTPUTF8HELOFallback/relay_plain/unicode_sender_envelope_only (0.00s)\n"}
2026-10-09T04:14:54.3263455Z {"Time":"2026-10-09T04:14:49.220799609Z","Action":"fail","Package":"tabmail/internal/outbound","Test":"TestExecSMTPUTF8HELOFallback/relay_plain/unicode_sender_envelope_only","Elapsed":0}
2026-10-09T04:14:54.3264278Z {"Time":"2026-10-09T04:14:49.220829307Z","Action":"run","Package":"tabmail/internal/outbound","Test":"TestExecSMTPUTF8HELOFallback/direct_plain/ascii_quoted_alabel"}
2026-10-09T04:14:54.3265234Z {"Time":"2026-10-09T04:14:49.220832379Z","Action":"output","Package":"tabmail/internal/outbound","Test":"TestExecSMTPUTF8HELOFallback/direct_plain/ascii_quoted_alabel","Output":"=== RUN   TestExecSMTPUTF8HELOFallback/direct_plain/ascii_quoted_alabel\n"}
2026-10-09T04:14:54.3266497Z {"Time":"2026-10-09T04:14:49.223147168Z","Action":"output","Package":"tabmail/internal/outbound","Test":"TestExecSMTPUTF8HELOFallback/direct_plain/ascii_quoted_alabel","Output":"--- PASS: TestExecSMTPUTF8HELOFallback/direct_plain/ascii_quoted_alabel (0.00s)\n"}
2026-10-09T04:14:54.3267543Z {"Time":"2026-10-09T04:14:49.223164226Z","Action":"pass","Package":"tabmail/internal/outbound","Test":"TestExecSMTPUTF8HELOFallback/direct_plain/ascii_quoted_alabel","Elapsed":0}
2026-10-09T04:14:54.3268394Z {"Time":"2026-10-09T04:14:49.223173211Z","Action":"run","Package":"tabmail/internal/outbound","Test":"TestExecSMTPUTF8HELOFallback/direct_plain/unicode_sender_envelope_only"}
2026-10-09T04:14:54.3269402Z {"Time":"2026-10-09T04:14:49.223176014Z","Action":"output","Package":"tabmail/internal/outbound","Test":"TestExecSMTPUTF8HELOFallback/direct_plain/unicode_sender_envelope_only","Output":"=== RUN   TestExecSMTPUTF8HELOFallback/direct_plain/unicode_sender_envelope_only\n"}
2026-10-09T04:14:54.3270728Z {"Time":"2026-10-09T04:14:49.225487113Z","Action":"output","Package":"tabmail/internal/outbound","Test":"TestExecSMTPUTF8HELOFallback/direct_plain/unicode_sender_envelope_only","Output":"    r5_exec_smtputf8_test.go:386: SMTPUTF8 requirement must produce a local pre-send error, got \u003cnil\u003e\n"}
2026-10-09T04:14:54.3272395Z {"Time":"2026-10-09T04:14:49.225506973Z","Action":"output","Package":"tabmail/internal/outbound","Test":"TestExecSMTPUTF8HELOFallback/direct_plain/unicode_sender_envelope_only","Output":"    r5_exec_smtputf8_test.go:386: EXEC09_SENT_WITHOUT_SMTPUTF8 MAIL=[\"MAIL FROM:\u003c发送者@example.test\u003e\"] RCPT=[\"RCPT TO:\u003creader@recipient.test\u003e\"] DATA=1 body_bytes=298\n"}
2026-10-09T04:14:54.3274066Z {"Time":"2026-10-09T04:14:49.225557928Z","Action":"output","Package":"tabmail/internal/outbound","Test":"TestExecSMTPUTF8HELOFallback/direct_plain/unicode_sender_envelope_only","Output":"--- FAIL: TestExecSMTPUTF8HELOFallback/direct_plain/unicode_sender_envelope_only (0.00s)\n"}
2026-10-09T04:14:54.3275147Z {"Time":"2026-10-09T04:14:49.225580528Z","Action":"fail","Package":"tabmail/internal/outbound","Test":"TestExecSMTPUTF8HELOFallback/direct_plain/unicode_sender_envelope_only","Elapsed":0}
2026-10-09T04:14:54.3276034Z {"Time":"2026-10-09T04:14:49.225611517Z","Action":"output","Package":"tabmail/internal/outbound","Test":"TestExecSMTPUTF8HELOFallback","Output":"--- FAIL: TestExecSMTPUTF8HELOFallback (0.01s)\n"}
2026-10-09T04:14:54.3276864Z {"Time":"2026-10-09T04:14:49.225631687Z","Action":"fail","Package":"tabmail/internal/outbound","Test":"TestExecSMTPUTF8HELOFallback","Elapsed":0.01}
2026-10-09T04:14:54.3277557Z {"Time":"2026-10-09T04:14:49.225653618Z","Action":"run","Package":"tabmail/internal/outbound","Test":"TestExecSMTPUTF8TriesNextMXBeforeSending"}
2026-10-09T04:14:54.3278430Z {"Time":"2026-10-09T04:14:49.225656931Z","Action":"output","Package":"tabmail/internal/outbound","Test":"TestExecSMTPUTF8TriesNextMXBeforeSending","Output":"=== RUN   TestExecSMTPUTF8TriesNextMXBeforeSending\n"}
2026-10-09T04:14:54.3279593Z {"Time":"2026-10-09T04:14:49.229702039Z","Action":"output","Package":"tabmail/internal/outbound","Test":"TestExecSMTPUTF8TriesNextMXBeforeSending","Output":"    r5_exec_smtputf8_test.go:422: SMTPUTF8 requirement must produce a local pre-send error, got \u003cnil\u003e\n"}
2026-10-09T04:14:54.3281185Z {"Time":"2026-10-09T04:14:49.229716926Z","Action":"output","Package":"tabmail/internal/outbound","Test":"TestExecSMTPUTF8TriesNextMXBeforeSending","Output":"    r5_exec_smtputf8_test.go:422: EXEC09_SENT_WITHOUT_SMTPUTF8 MAIL=[\"MAIL FROM:\u003csender@example.test\u003e BODY=8BITMIME\"] RCPT=[\"RCPT TO:\u003c收件人@recipient.test\u003e\"] DATA=1 body_bytes=298\n"}
2026-10-09T04:14:54.3282646Z {"Time":"2026-10-09T04:14:49.229742709Z","Action":"output","Package":"tabmail/internal/outbound","Test":"TestExecSMTPUTF8TriesNextMXBeforeSending","Output":"    r5_exec_smtputf8_test.go:424: SMTPUTF8 mismatch must try the next MX before any DATA: visited=[\"first.test\"]\n"}
2026-10-09T04:14:54.3283822Z {"Time":"2026-10-09T04:14:49.229852065Z","Action":"output","Package":"tabmail/internal/outbound","Test":"TestExecSMTPUTF8TriesNextMXBeforeSending","Output":"--- FAIL: TestExecSMTPUTF8TriesNextMXBeforeSending (0.00s)\n"}
2026-10-09T04:14:54.3284776Z {"Time":"2026-10-09T04:14:49.229856397Z","Action":"fail","Package":"tabmail/internal/outbound","Test":"TestExecSMTPUTF8TriesNextMXBeforeSending","Elapsed":0}
2026-10-09T04:14:54.3285499Z {"Time":"2026-10-09T04:14:49.229862132Z","Action":"run","Package":"tabmail/internal/outbound","Test":"TestExecSMTPUTF8SubmissionRecipientLedger"}
2026-10-09T04:14:54.3286307Z {"Time":"2026-10-09T04:14:49.229868417Z","Action":"output","Package":"tabmail/internal/outbound","Test":"TestExecSMTPUTF8SubmissionRecipientLedger","Output":"=== RUN   TestExecSMTPUTF8SubmissionRecipientLedger\n"}
2026-10-09T04:14:54.3287232Z {"Time":"2026-10-09T04:14:49.229921328Z","Action":"run","Package":"tabmail/internal/outbound","Test":"TestExecSMTPUTF8SubmissionRecipientLedger/relay_plain/capable=false/to"}
2026-10-09T04:14:54.3288247Z {"Time":"2026-10-09T04:14:49.229923555Z","Action":"output","Package":"tabmail/internal/outbound","Test":"TestExecSMTPUTF8SubmissionRecipientLedger/relay_plain/capable=false/to","Output":"=== RUN   TestExecSMTPUTF8SubmissionRecipientLedger/relay_plain/capable=false/to\n"}
2026-10-09T04:14:54.3289520Z {"Time":"2026-10-09T04:14:49.233289649Z","Action":"output","Package":"tabmail/internal/outbound","Test":"TestExecSMTPUTF8SubmissionRecipientLedger/relay_plain/capable=false/to","Output":"    r5_exec_smtputf8_test.go:506: SMTPUTF8 requirement must produce a local pre-send error, got \u003cnil\u003e\n"}
2026-10-09T04:14:54.3291231Z {"Time":"2026-10-09T04:14:49.233340024Z","Action":"output","Package":"tabmail/internal/outbound","Test":"TestExecSMTPUTF8SubmissionRecipientLedger/relay_plain/capable=false/to","Output":"    r5_exec_smtputf8_test.go:506: EXEC09_SENT_WITHOUT_SMTPUTF8 MAIL=[\"MAIL FROM:\u003csender@example.test\u003e BODY=8BITMIME\"] RCPT=[\"RCPT TO:\u003c\\\"信箱 @ 帮助台\\\"@recipient.test\u003e\"] DATA=1 body_bytes=356\n"}
2026-10-09T04:14:54.3293327Z {"Time":"2026-10-09T04:14:49.23340123Z","Action":"output","Package":"tabmail/internal/outbound","Test":"TestExecSMTPUTF8SubmissionRecipientLedger/relay_plain/capable=false/to","Output":"    r5_exec_smtputf8_test.go:513: actual delivery recipient state = [{Address:\"信箱 @ 帮助台\"@recipient.test State:accepted SMTPCode:250 Diagnostic:Accepted by next hop Attempts:1 UpdatedAt:2026-10-09 04:14:49.233209282 +0000 UTC}], want temporary: \u003cnil\u003e\n"}
2026-10-09T04:14:54.3297552Z {"Time":"2026-10-09T04:14:49.23351143Z","Action":"output","Package":"tabmail/internal/outbound","Test":"TestExecSMTPUTF8SubmissionRecipientLedger/relay_plain/capable=false/to","Output":"    r5_exec_smtputf8_test.go:517: job sent state disagrees with actual peer capability: capable=false job=\u0026{TemplateVersionID:\u003cnil\u003e ContentDigest:03d2997cfa6fa273280f633b54a52ac0fa6a7cd2e6f15d9726f5ed2ebeebeeb9 SubmitActor:user:6afa1a80-2f9a-4207-8589-9c73aaad7b12 IdempotencyKey: RequestHash:593e4aab0c018420c2d0e48d9c76eed4c9303d4a391442f86156ba0950607903 RecipientLedger:true AttachmentIDs:[] DeliveryUncertain:false ContentRedacted:false DeliveredDomains:[] InFlightDomain: SenderUserID:6afa1a80-2f9a-4207-8589-9c73aaad7b12 SenderKeyID:\u003cnil\u003e SenderMailboxID:01309962-a083-4437-a126-09118d0b12e7 TemplateName:\u003cnil\u003e DraftID:\u003cnil\u003e ID:8ca9fef2-a74a-4294-afe3-4e39c7921dd0 TenantID:04237643-da92-41ab-b74e-66e7168dfd7b UserID:6afa1a80-2f9a-4207-8589-9c73aaad7b12 APIKeyID:\u003cnil\u003e MailFrom:sender@example.test RcptTo:[\"信箱 @ 帮助台\"@recipient.test] To:[\"信箱 @ 帮助台\"@recipient.test] CC:[] BCC:[] Subject:编码主题 TextBody:消息正文\r\n"}
2026-10-09T04:14:54.3302253Z {"Time":"2026-10-09T04:14:49.233525596Z","Action":"output","Package":"tabmail/internal/outbound","Test":"TestExecSMTPUTF8SubmissionRecipientLedger/relay_plain/capable=false/to","Output":"         HTMLBody: HeadersJSON:[] RawMIME:[] ZoneID:e760f96e-0563-4236-a22b-f021a2495cbc State:sent Attempts:1 MaxAttempts:3 LastError: NextAttemptAt:2026-10-09 04:14:49.230163785 +0000 UTC ClaimedAt:\u003cnil\u003e LeaseUntil:\u003cnil\u003e SMTPCode:0xc0003b2328 SMTPResponse:Accepted by next hop MessageIDHeader:\u003c0c6d5c71-f9c1-420f-b4c3-ab5460b6a2f6@example.test\u003e DeliveryToken:\u003cnil\u003e CreatedAt:2026-10-09 04:14:49.230163785 +0000 UTC UpdatedAt:2026-10-09 04:14:49.233223292 +0000 UTC} err=\u003cnil\u003e\n"}
2026-10-09T04:14:54.3304819Z {"Time":"2026-10-09T04:14:49.233548132Z","Action":"output","Package":"tabmail/internal/outbound","Test":"TestExecSMTPUTF8SubmissionRecipientLedger/relay_plain/capable=false/to","Output":"    r5_exec_smtputf8_test.go:521: capability check fabricated a server rejection or acceptance: attempts=[0xc0000b64d0] err=\u003cnil\u003e\n"}
2026-10-09T04:14:54.3306348Z {"Time":"2026-10-09T04:14:49.233595868Z","Action":"output","Package":"tabmail/internal/outbound","Test":"TestExecSMTPUTF8SubmissionRecipientLedger/relay_plain/capable=false/to","Output":"--- FAIL: TestExecSMTPUTF8SubmissionRecipientLedger/relay_plain/capable=false/to (0.00s)\n"}
2026-10-09T04:14:54.3307531Z {"Time":"2026-10-09T04:14:49.233625636Z","Action":"fail","Package":"tabmail/internal/outbound","Test":"TestExecSMTPUTF8SubmissionRecipientLedger/relay_plain/capable=false/to","Elapsed":0}
2026-10-09T04:14:54.3308506Z {"Time":"2026-10-09T04:14:49.233649742Z","Action":"run","Package":"tabmail/internal/outbound","Test":"TestExecSMTPUTF8SubmissionRecipientLedger/relay_plain/capable=false/cc"}
2026-10-09T04:14:54.3309618Z {"Time":"2026-10-09T04:14:49.233652883Z","Action":"output","Package":"tabmail/internal/outbound","Test":"TestExecSMTPUTF8SubmissionRecipientLedger/relay_plain/capable=false/cc","Output":"=== RUN   TestExecSMTPUTF8SubmissionRecipientLedger/relay_plain/capable=false/cc\n"}
2026-10-09T04:14:54.3311035Z {"Time":"2026-10-09T04:14:49.236288847Z","Action":"output","Package":"tabmail/internal/outbound","Test":"TestExecSMTPUTF8SubmissionRecipientLedger/relay_plain/capable=false/cc","Output":"    r5_exec_smtputf8_test.go:506: SMTPUTF8 requirement must produce a local pre-send error, got \u003cnil\u003e\n"}
2026-10-09T04:14:54.3312970Z {"Time":"2026-10-09T04:14:49.236305615Z","Action":"output","Package":"tabmail/internal/outbound","Test":"TestExecSMTPUTF8SubmissionRecipientLedger/relay_plain/capable=false/cc","Output":"    r5_exec_smtputf8_test.go:506: EXEC09_SENT_WITHOUT_SMTPUTF8 MAIL=[\"MAIL FROM:\u003csender@example.test\u003e BODY=8BITMIME\"] RCPT=[\"RCPT TO:\u003c\\\"信箱 @ 帮助台\\\"@recipient.test\u003e\"] DATA=1 body_bytes=356\n"}
2026-10-09T04:14:54.3315354Z {"Time":"2026-10-09T04:14:49.236373714Z","Action":"output","Package":"tabmail/internal/outbound","Test":"TestExecSMTPUTF8SubmissionRecipientLedger/relay_plain/capable=false/cc","Output":"    r5_exec_smtputf8_test.go:513: actual delivery recipient state = [{Address:\"信箱 @ 帮助台\"@recipient.test State:accepted SMTPCode:250 Diagnostic:Accepted by next hop Attempts:1 UpdatedAt:2026-10-09 04:14:49.236218793 +0000 UTC}], want temporary: \u003cnil\u003e\n"}
2026-10-09T04:14:54.3319712Z {"Time":"2026-10-09T04:14:49.236462519Z","Action":"output","Package":"tabmail/internal/outbound","Test":"TestExecSMTPUTF8SubmissionRecipientLedger/relay_plain/capable=false/cc","Output":"    r5_exec_smtputf8_test.go:517: job sent state disagrees with actual peer capability: capable=false job=\u0026{TemplateVersionID:\u003cnil\u003e ContentDigest:fcdc61d287d396054c366f70a1b7555ccc253efac8f4810df8f56bde3e875ffd SubmitActor:user:f78a34fe-671c-4766-837b-bb5a0416a316 IdempotencyKey: RequestHash:db6b5508151d889b0b32bef0c3c21bb4fb8f524e4b208debc78cafb2007ddc23 RecipientLedger:true AttachmentIDs:[] DeliveryUncertain:false ContentRedacted:false DeliveredDomains:[] InFlightDomain: SenderUserID:f78a34fe-671c-4766-837b-bb5a0416a316 SenderKeyID:\u003cnil\u003e SenderMailboxID:d6a5cd60-bb02-4eca-af13-17c87e99138a TemplateName:\u003cnil\u003e DraftID:\u003cnil\u003e ID:cd794b91-6cf0-4dfd-8667-5c051e43dd76 TenantID:a369a2c2-2b29-4979-865f-c1854b84794c UserID:f78a34fe-671c-4766-837b-bb5a0416a316 APIKeyID:\u003cnil\u003e MailFrom:sender@example.test RcptTo:[\"信箱 @ 帮助台\"@recipient.test] To:[] CC:[\"信箱 @ 帮助台\"@recipient.test] BCC:[] Subject:编码主题 TextBody:消息正文\r\n"}
2026-10-09T04:14:54.3324386Z {"Time":"2026-10-09T04:14:49.236471463Z","Action":"output","Package":"tabmail/internal/outbound","Test":"TestExecSMTPUTF8SubmissionRecipientLedger/relay_plain/capable=false/cc","Output":"         HTMLBody: HeadersJSON:[] RawMIME:[] ZoneID:3f84453d-545f-4de4-8a25-1bd4b5efe793 State:sent Attempts:1 MaxAttempts:3 LastError: NextAttemptAt:2026-10-09 04:14:49.233765599 +0000 UTC ClaimedAt:\u003cnil\u003e LeaseUntil:\u003cnil\u003e SMTPCode:0xc0004ac248 SMTPResponse:Accepted by next hop MessageIDHeader:\u003cd36c73de-a0c6-4420-8f5e-214f724eb193@example.test\u003e DeliveryToken:\u003cnil\u003e CreatedAt:2026-10-09 04:14:49.233765599 +0000 UTC UpdatedAt:2026-10-09 04:14:49.236226666 +0000 UTC} err=\u003cnil\u003e\n"}
2026-10-09T04:14:54.3326851Z {"Time":"2026-10-09T04:14:49.236495926Z","Action":"output","Package":"tabmail/internal/outbound","Test":"TestExecSMTPUTF8SubmissionRecipientLedger/relay_plain/capable=false/cc","Output":"    r5_exec_smtputf8_test.go:521: capability check fabricated a server rejection or acceptance: attempts=[0xc00019c160] err=\u003cnil\u003e\n"}
2026-10-09T04:14:54.3328332Z {"Time":"2026-10-09T04:14:49.236548108Z","Action":"output","Package":"tabmail/internal/outbound","Test":"TestExecSMTPUTF8SubmissionRecipientLedger/relay_plain/capable=false/cc","Output":"--- FAIL: TestExecSMTPUTF8SubmissionRecipientLedger/relay_plain/capable=false/cc (0.00s)\n"}
2026-10-09T04:14:54.3329474Z {"Time":"2026-10-09T04:14:49.236572607Z","Action":"fail","Package":"tabmail/internal/outbound","Test":"TestExecSMTPUTF8SubmissionRecipientLedger/relay_plain/capable=false/cc","Elapsed":0}
2026-10-09T04:14:54.3330365Z {"Time":"2026-10-09T04:14:49.236598376Z","Action":"run","Package":"tabmail/internal/outbound","Test":"TestExecSMTPUTF8SubmissionRecipientLedger/relay_plain/capable=false/bcc"}
2026-10-09T04:14:54.3331512Z {"Time":"2026-10-09T04:14:49.236600904Z","Action":"output","Package":"tabmail/internal/outbound","Test":"TestExecSMTPUTF8SubmissionRecipientLedger/relay_plain/capable=false/bcc","Output":"=== RUN   TestExecSMTPUTF8SubmissionRecipientLedger/relay_plain/capable=false/bcc\n"}
2026-10-09T04:14:54.3332947Z {"Time":"2026-10-09T04:14:49.239203228Z","Action":"output","Package":"tabmail/internal/outbound","Test":"TestExecSMTPUTF8SubmissionRecipientLedger/relay_plain/capable=false/bcc","Output":"    r5_exec_smtputf8_test.go:506: SMTPUTF8 requirement must produce a local pre-send error, got \u003cnil\u003e\n"}
2026-10-09T04:14:54.3334934Z {"Time":"2026-10-09T04:14:49.239220716Z","Action":"output","Package":"tabmail/internal/outbound","Test":"TestExecSMTPUTF8SubmissionRecipientLedger/relay_plain/capable=false/bcc","Output":"    r5_exec_smtputf8_test.go:506: EXEC09_SENT_WITHOUT_SMTPUTF8 MAIL=[\"MAIL FROM:\u003csender@example.test\u003e BODY=8BITMIME\"] RCPT=[\"RCPT TO:\u003c\\\"信箱 @ 帮助台\\\"@recipient.test\u003e\"] DATA=1 body_bytes=315\n"}
2026-10-09T04:14:54.3337070Z {"Time":"2026-10-09T04:14:49.239264957Z","Action":"output","Package":"tabmail/internal/outbound","Test":"TestExecSMTPUTF8SubmissionRecipientLedger/relay_plain/capable=false/bcc","Output":"    r5_exec_smtputf8_test.go:513: actual delivery recipient state = [{Address:\"信箱 @ 帮助台\"@recipient.test State:accepted SMTPCode:250 Diagnostic:Accepted by next hop Attempts:1 UpdatedAt:2026-10-09 04:14:49.239135645 +0000 UTC}], want temporary: \u003cnil\u003e\n"}
2026-10-09T04:14:54.3341265Z {"Time":"2026-10-09T04:14:49.23938191Z","Action":"output","Package":"tabmail/internal/outbound","Test":"TestExecSMTPUTF8SubmissionRecipientLedger/relay_plain/capable=false/bcc","Output":"    r5_exec_smtputf8_test.go:517: job sent state disagrees with actual peer capability: capable=false job=\u0026{TemplateVersionID:\u003cnil\u003e ContentDigest:3947ecc21be1d0f1e5da0ca235838efa024c985ee941b28ac8329a4d6080fcb9 SubmitActor:user:98441775-da6c-4e8c-b69b-aa6b217d826a IdempotencyKey: RequestHash:72c9b23e83657f87aea81c3c7c14531f93bd781768ff550e6d57a5f124868138 RecipientLedger:true AttachmentIDs:[] DeliveryUncertain:false ContentRedacted:false DeliveredDomains:[] InFlightDomain: SenderUserID:98441775-da6c-4e8c-b69b-aa6b217d826a SenderKeyID:\u003cnil\u003e SenderMailboxID:95d0a548-0d9f-452b-9456-525d86c09c73 TemplateName:\u003cnil\u003e DraftID:\u003cnil\u003e ID:a202677e-dcf2-4707-8eeb-448db81963fc TenantID:38b46e94-9f4c-41d7-bdc0-d9e8ee6e35e6 UserID:98441775-da6c-4e8c-b69b-aa6b217d826a APIKeyID:\u003cnil\u003e MailFrom:sender@example.test RcptTo:[\"信箱 @ 帮助台\"@recipient.test] To:[] CC:[] BCC:[\"信箱 @ 帮助台\"@recipient.test] Subject:编码主题 TextBody:消息正文\r\n"}
2026-10-09T04:14:54.3345905Z {"Time":"2026-10-09T04:14:49.239390125Z","Action":"output","Package":"tabmail/internal/outbound","Test":"TestExecSMTPUTF8SubmissionRecipientLedger/relay_plain/capable=false/bcc","Output":"         HTMLBody: HeadersJSON:[] RawMIME:[] ZoneID:ca68d8fd-29e8-4f38-96b8-88a4dcf66ba6 State:sent Attempts:1 MaxAttempts:3 LastError: NextAttemptAt:2026-10-09 04:14:49.236690703 +0000 UTC ClaimedAt:\u003cnil\u003e LeaseUntil:\u003cnil\u003e SMTPCode:0xc000358398 SMTPResponse:Accepted by next hop MessageIDHeader:\u003c35383c54-331d-4dd3-a040-7e4ac46dd416@example.test\u003e DeliveryToken:\u003cnil\u003e CreatedAt:2026-10-09 04:14:49.236690703 +0000 UTC UpdatedAt:2026-10-09 04:14:49.239142446 +0000 UTC} err=\u003cnil\u003e\n"}
2026-10-09T04:14:54.3348359Z {"Time":"2026-10-09T04:14:49.239406344Z","Action":"output","Package":"tabmail/internal/outbound","Test":"TestExecSMTPUTF8SubmissionRecipientLedger/relay_plain/capable=false/bcc","Output":"    r5_exec_smtputf8_test.go:521: capability check fabricated a server rejection or acceptance: attempts=[0xc000216160] err=\u003cnil\u003e\n"}
2026-10-09T04:14:54.3349796Z {"Time":"2026-10-09T04:14:49.239461752Z","Action":"output","Package":"tabmail/internal/outbound","Test":"TestExecSMTPUTF8SubmissionRecipientLedger/relay_plain/capable=false/bcc","Output":"--- FAIL: TestExecSMTPUTF8SubmissionRecipientLedger/relay_plain/capable=false/bcc (0.00s)\n"}
2026-10-09T04:14:54.3351125Z {"Time":"2026-10-09T04:14:49.239485716Z","Action":"fail","Package":"tabmail/internal/outbound","Test":"TestExecSMTPUTF8SubmissionRecipientLedger/relay_plain/capable=false/bcc","Elapsed":0}
2026-10-09T04:14:54.3352054Z {"Time":"2026-10-09T04:14:49.239515377Z","Action":"run","Package":"tabmail/internal/outbound","Test":"TestExecSMTPUTF8SubmissionRecipientLedger/relay_plain/capable=false/header"}
2026-10-09T04:14:54.3353197Z {"Time":"2026-10-09T04:14:49.239518174Z","Action":"output","Package":"tabmail/internal/outbound","Test":"TestExecSMTPUTF8SubmissionRecipientLedger/relay_plain/capable=false/header","Output":"=== RUN   TestExecSMTPUTF8SubmissionRecipientLedger/relay_plain/capable=false/header\n"}
2026-10-09T04:14:54.3354945Z {"Time":"2026-10-09T04:14:49.242154239Z","Action":"output","Package":"tabmail/internal/outbound","Test":"TestExecSMTPUTF8SubmissionRecipientLedger/relay_plain/capable=false/header","Output":"    r5_exec_smtputf8_test.go:506: SMTPUTF8 requirement must produce a local pre-send error, got \u003cnil\u003e\n"}
2026-10-09T04:14:54.3356657Z {"Time":"2026-10-09T04:14:49.242171774Z","Action":"output","Package":"tabmail/internal/outbound","Test":"TestExecSMTPUTF8SubmissionRecipientLedger/relay_plain/capable=false/header","Output":"    r5_exec_smtputf8_test.go:506: EXEC09_SENT_WITHOUT_SMTPUTF8 MAIL=[\"MAIL FROM:\u003csender@example.test\u003e BODY=8BITMIME\"] RCPT=[\"RCPT TO:\u003creader@recipient.test\u003e\"] DATA=1 body_bytes=368\n"}
2026-10-09T04:14:54.3358667Z {"Time":"2026-10-09T04:14:49.242216893Z","Action":"output","Package":"tabmail/internal/outbound","Test":"TestExecSMTPUTF8SubmissionRecipientLedger/relay_plain/capable=false/header","Output":"    r5_exec_smtputf8_test.go:513: actual delivery recipient state = [{Address:reader@recipient.test State:accepted SMTPCode:250 Diagnostic:Accepted by next hop Attempts:1 UpdatedAt:2026-10-09 04:14:49.242090155 +0000 UTC}], want temporary: \u003cnil\u003e\n"}
2026-10-09T04:14:54.3362956Z {"Time":"2026-10-09T04:14:49.242343065Z","Action":"output","Package":"tabmail/internal/outbound","Test":"TestExecSMTPUTF8SubmissionRecipientLedger/relay_plain/capable=false/header","Output":"    r5_exec_smtputf8_test.go:517: job sent state disagrees with actual peer capability: capable=false job=\u0026{TemplateVersionID:\u003cnil\u003e ContentDigest:f9ff01e3f905cfeae9156f549f977f22a46f462c5868a83f46c9d470e04d39a0 SubmitActor:user:c2c0134f-bd61-49c7-8d96-7760ed1a4f81 IdempotencyKey: RequestHash:125ab434274b7d39034ce9796e92abe270ebd788e174437da7a31262776ea8cf RecipientLedger:true AttachmentIDs:[] DeliveryUncertain:false ContentRedacted:false DeliveredDomains:[] InFlightDomain: SenderUserID:c2c0134f-bd61-49c7-8d96-7760ed1a4f81 SenderKeyID:\u003cnil\u003e SenderMailboxID:84bfe072-c3b1-46ba-a116-9e2de418e7cd TemplateName:\u003cnil\u003e DraftID:\u003cnil\u003e ID:1bb56852-4bed-402f-90fc-5bc611bfe3a5 TenantID:f1538f26-33c4-4b15-bbc1-41884ebe9312 UserID:c2c0134f-bd61-49c7-8d96-7760ed1a4f81 APIKeyID:\u003cnil\u003e MailFrom:sender@example.test RcptTo:[reader@recipient.test] To:[reader@recipient.test] CC:[] BCC:[] Subject:编码主题 TextBody:消息正文\r\n"}
2026-10-09T04:14:54.3367848Z {"Time":"2026-10-09T04:14:49.242351635Z","Action":"output","Package":"tabmail/internal/outbound","Test":"TestExecSMTPUTF8SubmissionRecipientLedger/relay_plain/capable=false/header","Output":"         HTMLBody: HeadersJSON:[123 34 88 45 67 97 109 112 97 105 103 110 34 58 34 230 175 143 229 145 168 231 174 128 230 138 165 34 125] RawMIME:[] ZoneID:56f6c89b-ad26-4ad5-8161-bdcfe2f55479 State:sent Attempts:1 MaxAttempts:3 LastError: NextAttemptAt:2026-10-09 04:14:49.239610637 +0000 UTC ClaimedAt:\u003cnil\u003e LeaseUntil:\u003cnil\u003e SMTPCode:0xc0003599e8 SMTPResponse:Accepted by next hop MessageIDHeader:\u003ceaf1a195-5d9d-4f92-ac02-ad4c64014cdf@example.test\u003e DeliveryToken:\u003cnil\u003e CreatedAt:2026-10-09 04:14:49.239610637 +0000 UTC UpdatedAt:2026-10-09 04:14:49.242096316 +0000 UTC} err=\u003cnil\u003e\n"}
2026-10-09T04:14:54.3370402Z {"Time":"2026-10-09T04:14:49.242374207Z","Action":"output","Package":"tabmail/internal/outbound","Test":"TestExecSMTPUTF8SubmissionRecipientLedger/relay_plain/capable=false/header","Output":"    r5_exec_smtputf8_test.go:521: capability check fabricated a server rejection or acceptance: attempts=[0xc000216e70] err=\u003cnil\u003e\n"}
2026-10-09T04:14:54.3371940Z {"Time":"2026-10-09T04:14:49.242427793Z","Action":"output","Package":"tabmail/internal/outbound","Test":"TestExecSMTPUTF8SubmissionRecipientLedger/relay_plain/capable=false/header","Output":"--- FAIL: TestExecSMTPUTF8SubmissionRecipientLedger/relay_plain/capable=false/header (0.00s)\n"}
2026-10-09T04:14:54.3373103Z {"Time":"2026-10-09T04:14:49.242455804Z","Action":"fail","Package":"tabmail/internal/outbound","Test":"TestExecSMTPUTF8SubmissionRecipientLedger/relay_plain/capable=false/header","Elapsed":0}
2026-10-09T04:14:54.3374174Z {"Time":"2026-10-09T04:14:49.242477696Z","Action":"run","Package":"tabmail/internal/outbound","Test":"TestExecSMTPUTF8SubmissionRecipientLedger/relay_plain/capable=true/to"}
2026-10-09T04:14:54.3375327Z {"Time":"2026-10-09T04:14:49.24248067Z","Action":"output","Package":"tabmail/internal/outbound","Test":"TestExecSMTPUTF8SubmissionRecipientLedger/relay_plain/capable=true/to","Output":"=== RUN   TestExecSMTPUTF8SubmissionRecipientLedger/relay_plain/capable=true/to\n"}
2026-10-09T04:14:54.3376663Z {"Time":"2026-10-09T04:14:49.245165186Z","Action":"output","Package":"tabmail/internal/outbound","Test":"TestExecSMTPUTF8SubmissionRecipientLedger/relay_plain/capable=true/to","Output":"--- PASS: TestExecSMTPUTF8SubmissionRecipientLedger/relay_plain/capable=true/to (0.00s)\n"}
2026-10-09T04:14:54.3377858Z {"Time":"2026-10-09T04:14:49.245188968Z","Action":"pass","Package":"tabmail/internal/outbound","Test":"TestExecSMTPUTF8SubmissionRecipientLedger/relay_plain/capable=true/to","Elapsed":0}
2026-10-09T04:14:54.3378723Z {"Time":"2026-10-09T04:14:49.245192867Z","Action":"run","Package":"tabmail/internal/outbound","Test":"TestExecSMTPUTF8SubmissionRecipientLedger/relay_plain/capable=true/cc"}
2026-10-09T04:14:54.3379817Z {"Time":"2026-10-09T04:14:49.24519565Z","Action":"output","Package":"tabmail/internal/outbound","Test":"TestExecSMTPUTF8SubmissionRecipientLedger/relay_plain/capable=true/cc","Output":"=== RUN   TestExecSMTPUTF8SubmissionRecipientLedger/relay_plain/capable=true/cc\n"}
2026-10-09T04:14:54.3381181Z {"Time":"2026-10-09T04:14:49.247859065Z","Action":"output","Package":"tabmail/internal/outbound","Test":"TestExecSMTPUTF8SubmissionRecipientLedger/relay_plain/capable=true/cc","Output":"--- PASS: TestExecSMTPUTF8SubmissionRecipientLedger/relay_plain/capable=true/cc (0.00s)\n"}
2026-10-09T04:14:54.3382313Z {"Time":"2026-10-09T04:14:49.247875656Z","Action":"pass","Package":"tabmail/internal/outbound","Test":"TestExecSMTPUTF8SubmissionRecipientLedger/relay_plain/capable=true/cc","Elapsed":0}
2026-10-09T04:14:54.3383185Z {"Time":"2026-10-09T04:14:49.247882153Z","Action":"run","Package":"tabmail/internal/outbound","Test":"TestExecSMTPUTF8SubmissionRecipientLedger/relay_plain/capable=true/bcc"}
2026-10-09T04:14:54.3384358Z {"Time":"2026-10-09T04:14:49.24788445Z","Action":"output","Package":"tabmail/internal/outbound","Test":"TestExecSMTPUTF8SubmissionRecipientLedger/relay_plain/capable=true/bcc","Output":"=== RUN   TestExecSMTPUTF8SubmissionRecipientLedger/relay_plain/capable=true/bcc\n"}
2026-10-09T04:14:54.3385613Z {"Time":"2026-10-09T04:14:49.250554913Z","Action":"output","Package":"tabmail/internal/outbound","Test":"TestExecSMTPUTF8SubmissionRecipientLedger/relay_plain/capable=true/bcc","Output":"--- PASS: TestExecSMTPUTF8SubmissionRecipientLedger/relay_plain/capable=true/bcc (0.00s)\n"}
2026-10-09T04:14:54.3386718Z {"Time":"2026-10-09T04:14:49.250569208Z","Action":"pass","Package":"tabmail/internal/outbound","Test":"TestExecSMTPUTF8SubmissionRecipientLedger/relay_plain/capable=true/bcc","Elapsed":0}
2026-10-09T04:14:54.3387547Z {"Time":"2026-10-09T04:14:49.25057336Z","Action":"run","Package":"tabmail/internal/outbound","Test":"TestExecSMTPUTF8SubmissionRecipientLedger/relay_plain/capable=true/header"}
2026-10-09T04:14:54.3388661Z {"Time":"2026-10-09T04:14:49.250575198Z","Action":"output","Package":"tabmail/internal/outbound","Test":"TestExecSMTPUTF8SubmissionRecipientLedger/relay_plain/capable=true/header","Output":"=== RUN   TestExecSMTPUTF8SubmissionRecipientLedger/relay_plain/capable=true/header\n"}
2026-10-09T04:14:54.3389982Z {"Time":"2026-10-09T04:14:49.25334507Z","Action":"output","Package":"tabmail/internal/outbound","Test":"TestExecSMTPUTF8SubmissionRecipientLedger/relay_plain/capable=true/header","Output":"--- PASS: TestExecSMTPUTF8SubmissionRecipientLedger/relay_plain/capable=true/header (0.00s)\n"}
2026-10-09T04:14:54.3391074Z {"Time":"2026-10-09T04:14:49.253366155Z","Action":"pass","Package":"tabmail/internal/outbound","Test":"TestExecSMTPUTF8SubmissionRecipientLedger/relay_plain/capable=true/header","Elapsed":0}
2026-10-09T04:14:54.3392031Z {"Time":"2026-10-09T04:14:49.253410081Z","Action":"run","Package":"tabmail/internal/outbound","Test":"TestExecSMTPUTF8SubmissionRecipientLedger/direct_plain/capable=false/to"}
2026-10-09T04:14:54.3393088Z {"Time":"2026-10-09T04:14:49.253412242Z","Action":"output","Package":"tabmail/internal/outbound","Test":"TestExecSMTPUTF8SubmissionRecipientLedger/direct_plain/capable=false/to","Output":"=== RUN   TestExecSMTPUTF8SubmissionRecipientLedger/direct_plain/capable=false/to\n"}
2026-10-09T04:14:54.3394510Z {"Time":"2026-10-09T04:14:49.255975177Z","Action":"output","Package":"tabmail/internal/outbound","Test":"TestExecSMTPUTF8SubmissionRecipientLedger/direct_plain/capable=false/to","Output":"    r5_exec_smtputf8_test.go:506: SMTPUTF8 requirement must produce a local pre-send error, got \u003cnil\u003e\n"}
2026-10-09T04:14:54.3396261Z {"Time":"2026-10-09T04:14:49.256001082Z","Action":"output","Package":"tabmail/internal/outbound","Test":"TestExecSMTPUTF8SubmissionRecipientLedger/direct_plain/capable=false/to","Output":"    r5_exec_smtputf8_test.go:506: EXEC09_SENT_WITHOUT_SMTPUTF8 MAIL=[\"MAIL FROM:\u003csender@example.test\u003e BODY=8BITMIME\"] RCPT=[\"RCPT TO:\u003c\\\"信箱 @ 帮助台\\\"@recipient.test\u003e\"] DATA=1 body_bytes=356\n"}
2026-10-09T04:14:54.3398328Z {"Time":"2026-10-09T04:14:49.25605197Z","Action":"output","Package":"tabmail/internal/outbound","Test":"TestExecSMTPUTF8SubmissionRecipientLedger/direct_plain/capable=false/to","Output":"    r5_exec_smtputf8_test.go:513: actual delivery recipient state = [{Address:\"信箱 @ 帮助台\"@recipient.test State:accepted SMTPCode:250 Diagnostic:Accepted by next hop Attempts:1 UpdatedAt:2026-10-09 04:14:49.255912908 +0000 UTC}], want temporary: \u003cnil\u003e\n"}
2026-10-09T04:14:54.3402467Z {"Time":"2026-10-09T04:14:49.256151108Z","Action":"output","Package":"tabmail/internal/outbound","Test":"TestExecSMTPUTF8SubmissionRecipientLedger/direct_plain/capable=false/to","Output":"    r5_exec_smtputf8_test.go:517: job sent state disagrees with actual peer capability: capable=false job=\u0026{TemplateVersionID:\u003cnil\u003e ContentDigest:03d2997cfa6fa273280f633b54a52ac0fa6a7cd2e6f15d9726f5ed2ebeebeeb9 SubmitActor:user:a60210c5-9785-4e99-a16f-8cd3e5a42e36 IdempotencyKey: RequestHash:593e4aab0c018420c2d0e48d9c76eed4c9303d4a391442f86156ba0950607903 RecipientLedger:true AttachmentIDs:[] DeliveryUncertain:false ContentRedacted:false DeliveredDomains:[] InFlightDomain: SenderUserID:a60210c5-9785-4e99-a16f-8cd3e5a42e36 SenderKeyID:\u003cnil\u003e SenderMailboxID:3326dec0-08f0-4a30-86b8-a89a0c332836 TemplateName:\u003cnil\u003e DraftID:\u003cnil\u003e ID:ba1dcc9c-a5e3-4b92-9ee0-430d6ca1c1f6 TenantID:314796a4-2be3-4688-a70c-fb4b81cb4f4c UserID:a60210c5-9785-4e99-a16f-8cd3e5a42e36 APIKeyID:\u003cnil\u003e MailFrom:sender@example.test RcptTo:[\"信箱 @ 帮助台\"@recipient.test] To:[\"信箱 @ 帮助台\"@recipient.test] CC:[] BCC:[] Subject:编码主题 TextBody:消息正文\r\n"}
2026-10-09T04:14:54.3407103Z {"Time":"2026-10-09T04:14:49.25615766Z","Action":"output","Package":"tabmail/internal/outbound","Test":"TestExecSMTPUTF8SubmissionRecipientLedger/direct_plain/capable=false/to","Output":"         HTMLBody: HeadersJSON:[] RawMIME:[] ZoneID:05568900-63d7-4331-93f6-af13253ce388 State:sent Attempts:1 MaxAttempts:3 LastError: NextAttemptAt:2026-10-09 04:14:49.253481738 +0000 UTC ClaimedAt:\u003cnil\u003e LeaseUntil:\u003cnil\u003e SMTPCode:0xc0003b3aa8 SMTPResponse:Accepted by next hop MessageIDHeader:\u003c00cbb9f2-199c-42cc-8b74-d57b948906a8@example.test\u003e DeliveryToken:\u003cnil\u003e CreatedAt:2026-10-09 04:14:49.253481738 +0000 UTC UpdatedAt:2026-10-09 04:14:49.255919669 +0000 UTC} err=\u003cnil\u003e\n"}
2026-10-09T04:14:54.3409577Z {"Time":"2026-10-09T04:14:49.25617988Z","Action":"output","Package":"tabmail/internal/outbound","Test":"TestExecSMTPUTF8SubmissionRecipientLedger/direct_plain/capable=false/to","Output":"    r5_exec_smtputf8_test.go:521: capability check fabricated a server rejection or acceptance: attempts=[0xc00017a000] err=\u003cnil\u003e\n"}
2026-10-09T04:14:54.3411079Z {"Time":"2026-10-09T04:14:49.256232619Z","Action":"output","Package":"tabmail/internal/outbound","Test":"TestExecSMTPUTF8SubmissionRecipientLedger/direct_plain/capable=false/to","Output":"--- FAIL: TestExecSMTPUTF8SubmissionRecipientLedger/direct_plain/capable=false/to (0.00s)\n"}
2026-10-09T04:14:54.3412292Z {"Time":"2026-10-09T04:14:49.256255756Z","Action":"fail","Package":"tabmail/internal/outbound","Test":"TestExecSMTPUTF8SubmissionRecipientLedger/direct_plain/capable=false/to","Elapsed":0}
2026-10-09T04:14:54.3413304Z {"Time":"2026-10-09T04:14:49.256285558Z","Action":"run","Package":"tabmail/internal/outbound","Test":"TestExecSMTPUTF8SubmissionRecipientLedger/direct_plain/capable=false/cc"}
2026-10-09T04:14:54.3414471Z {"Time":"2026-10-09T04:14:49.25628854Z","Action":"output","Package":"tabmail/internal/outbound","Test":"TestExecSMTPUTF8SubmissionRecipientLedger/direct_plain/capable=false/cc","Output":"=== RUN   TestExecSMTPUTF8SubmissionRecipientLedger/direct_plain/capable=false/cc\n"}
2026-10-09T04:14:54.3415865Z {"Time":"2026-10-09T04:14:49.258884795Z","Action":"output","Package":"tabmail/internal/outbound","Test":"TestExecSMTPUTF8SubmissionRecipientLedger/direct_plain/capable=false/cc","Output":"    r5_exec_smtputf8_test.go:506: SMTPUTF8 requirement must produce a local pre-send error, got \u003cnil\u003e\n"}
2026-10-09T04:14:54.3417806Z {"Time":"2026-10-09T04:14:49.258904927Z","Action":"output","Package":"tabmail/internal/outbound","Test":"TestExecSMTPUTF8SubmissionRecipientLedger/direct_plain/capable=false/cc","Output":"    r5_exec_smtputf8_test.go:506: EXEC09_SENT_WITHOUT_SMTPUTF8 MAIL=[\"MAIL FROM:\u003csender@example.test\u003e BODY=8BITMIME\"] RCPT=[\"RCPT TO:\u003c\\\"信箱 @ 帮助台\\\"@recipient.test\u003e\"] DATA=1 body_bytes=356\n"}
2026-10-09T04:14:54.3420020Z {"Time":"2026-10-09T04:14:49.25895361Z","Action":"output","Package":"tabmail/internal/outbound","Test":"TestExecSMTPUTF8SubmissionRecipientLedger/direct_plain/capable=false/cc","Output":"    r5_exec_smtputf8_test.go:513: actual delivery recipient state = [{Address:\"信箱 @ 帮助台\"@recipient.test State:accepted SMTPCode:250 Diagnostic:Accepted by next hop Attempts:1 UpdatedAt:2026-10-09 04:14:49.25880016 +0000 UTC}], want temporary: \u003cnil\u003e\n"}
2026-10-09T04:14:54.3425048Z {"Time":"2026-10-09T04:14:49.259039687Z","Action":"output","Package":"tabmail/internal/outbound","Test":"TestExecSMTPUTF8SubmissionRecipientLedger/direct_plain/capable=false/cc","Output":"    r5_exec_smtputf8_test.go:517: job sent state disagrees with actual peer capability: capable=false job=\u0026{TemplateVersionID:\u003cnil\u003e ContentDigest:fcdc61d287d396054c366f70a1b7555ccc253efac8f4810df8f56bde3e875ffd SubmitActor:user:15f2330a-36bd-477c-a2ae-06c23ad6cee1 IdempotencyKey: RequestHash:db6b5508151d889b0b32bef0c3c21bb4fb8f524e4b208debc78cafb2007ddc23 RecipientLedger:true AttachmentIDs:[] DeliveryUncertain:false ContentRedacted:false DeliveredDomains:[] InFlightDomain: SenderUserID:15f2330a-36bd-477c-a2ae-06c23ad6cee1 SenderKeyID:\u003cnil\u003e SenderMailboxID:362bbbe1-6187-42fe-ab09-bc3b79872227 TemplateName:\u003cnil\u003e DraftID:\u003cnil\u003e ID:b4bdee7e-26d3-4dc3-af5c-543223a6c5f3 TenantID:8a63a034-76e7-4733-b190-4bd9506a921d UserID:15f2330a-36bd-477c-a2ae-06c23ad6cee1 APIKeyID:\u003cnil\u003e MailFrom:sender@example.test RcptTo:[\"信箱 @ 帮助台\"@recipient.test] To:[] CC:[\"信箱 @ 帮助台\"@recipient.test] BCC:[] Subject:编码主题 TextBody:消息正文\r\n"}
2026-10-09T04:14:54.3429687Z {"Time":"2026-10-09T04:14:49.259046994Z","Action":"output","Package":"tabmail/internal/outbound","Test":"TestExecSMTPUTF8SubmissionRecipientLedger/direct_plain/capable=false/cc","Output":"         HTMLBody: HeadersJSON:[] RawMIME:[] ZoneID:00e89781-4ed4-44c0-ac04-4b499749dfe2 State:sent Attempts:1 MaxAttempts:3 LastError: NextAttemptAt:2026-10-09 04:14:49.25639273 +0000 UTC ClaimedAt:\u003cnil\u003e LeaseUntil:\u003cnil\u003e SMTPCode:0xc000316638 SMTPResponse:Accepted by next hop MessageIDHeader:\u003c696131a6-3985-4201-9800-0aa6688e762b@example.test\u003e DeliveryToken:\u003cnil\u003e CreatedAt:2026-10-09 04:14:49.25639273 +0000 UTC UpdatedAt:2026-10-09 04:14:49.258806908 +0000 UTC} err=\u003cnil\u003e\n"}
2026-10-09T04:14:54.3432132Z {"Time":"2026-10-09T04:14:49.259050157Z","Action":"output","Package":"tabmail/internal/outbound","Test":"TestExecSMTPUTF8SubmissionRecipientLedger/direct_plain/capable=false/cc","Output":"    r5_exec_smtputf8_test.go:521: capability check fabricated a server rejection or acceptance: attempts=[0xc00017ad10] err=\u003cnil\u003e\n"}
2026-10-09T04:14:54.3433894Z {"Time":"2026-10-09T04:14:49.259116346Z","Action":"output","Package":"tabmail/internal/outbound","Test":"TestExecSMTPUTF8SubmissionRecipientLedger/direct_plain/capable=false/cc","Output":"--- FAIL: TestExecSMTPUTF8SubmissionRecipientLedger/direct_plain/capable=false/cc (0.00s)\n"}
2026-10-09T04:14:54.3435041Z {"Time":"2026-10-09T04:14:49.259120266Z","Action":"fail","Package":"tabmail/internal/outbound","Test":"TestExecSMTPUTF8SubmissionRecipientLedger/direct_plain/capable=false/cc","Elapsed":0}
2026-10-09T04:14:54.3435971Z {"Time":"2026-10-09T04:14:49.25914601Z","Action":"run","Package":"tabmail/internal/outbound","Test":"TestExecSMTPUTF8SubmissionRecipientLedger/direct_plain/capable=false/bcc"}
2026-10-09T04:14:54.3437046Z {"Time":"2026-10-09T04:14:49.259148366Z","Action":"output","Package":"tabmail/internal/outbound","Test":"TestExecSMTPUTF8SubmissionRecipientLedger/direct_plain/capable=false/bcc","Output":"=== RUN   TestExecSMTPUTF8SubmissionRecipientLedger/direct_plain/capable=false/bcc\n"}
2026-10-09T04:14:54.3438539Z {"Time":"2026-10-09T04:14:49.261698949Z","Action":"output","Package":"tabmail/internal/outbound","Test":"TestExecSMTPUTF8SubmissionRecipientLedger/direct_plain/capable=false/bcc","Output":"    r5_exec_smtputf8_test.go:506: SMTPUTF8 requirement must produce a local pre-send error, got \u003cnil\u003e\n"}
2026-10-09T04:14:54.3440433Z {"Time":"2026-10-09T04:14:49.261721179Z","Action":"output","Package":"tabmail/internal/outbound","Test":"TestExecSMTPUTF8SubmissionRecipientLedger/direct_plain/capable=false/bcc","Output":"    r5_exec_smtputf8_test.go:506: EXEC09_SENT_WITHOUT_SMTPUTF8 MAIL=[\"MAIL FROM:\u003csender@example.test\u003e BODY=8BITMIME\"] RCPT=[\"RCPT TO:\u003c\\\"信箱 @ 帮助台\\\"@recipient.test\u003e\"] DATA=1 body_bytes=315\n"}
2026-10-09T04:14:54.3442610Z {"Time":"2026-10-09T04:14:49.261764634Z","Action":"output","Package":"tabmail/internal/outbound","Test":"TestExecSMTPUTF8SubmissionRecipientLedger/direct_plain/capable=false/bcc","Output":"    r5_exec_smtputf8_test.go:513: actual delivery recipient state = [{Address:\"信箱 @ 帮助台\"@recipient.test State:accepted SMTPCode:250 Diagnostic:Accepted by next hop Attempts:1 UpdatedAt:2026-10-09 04:14:49.261639345 +0000 UTC}], want temporary: \u003cnil\u003e\n"}
2026-10-09T04:14:54.3446869Z {"Time":"2026-10-09T04:14:49.261859813Z","Action":"output","Package":"tabmail/internal/outbound","Test":"TestExecSMTPUTF8SubmissionRecipientLedger/direct_plain/capable=false/bcc","Output":"    r5_exec_smtputf8_test.go:517: job sent state disagrees with actual peer capability: capable=false job=\u0026{TemplateVersionID:\u003cnil\u003e ContentDigest:3947ecc21be1d0f1e5da0ca235838efa024c985ee941b28ac8329a4d6080fcb9 SubmitActor:user:1bab5c1a-0193-4411-beb1-ee1257d84dbe IdempotencyKey: RequestHash:72c9b23e83657f87aea81c3c7c14531f93bd781768ff550e6d57a5f124868138 RecipientLedger:true AttachmentIDs:[] DeliveryUncertain:false ContentRedacted:false DeliveredDomains:[] InFlightDomain: SenderUserID:1bab5c1a-0193-4411-beb1-ee1257d84dbe SenderKeyID:\u003cnil\u003e SenderMailboxID:eb64db13-9939-44b9-81b7-d35d1efc73a5 TemplateName:\u003cnil\u003e DraftID:\u003cnil\u003e ID:0ba75808-0359-402c-8840-fa82fbbb233b TenantID:0b874773-5025-40c8-83dc-4787f2897e58 UserID:1bab5c1a-0193-4411-beb1-ee1257d84dbe APIKeyID:\u003cnil\u003e MailFrom:sender@example.test RcptTo:[\"信箱 @ 帮助台\"@recipient.test] To:[] CC:[] BCC:[\"信箱 @ 帮助台\"@recipient.test] Subject:编码主题 TextBody:消息正文\r\n"}
2026-10-09T04:14:54.3451380Z {"Time":"2026-10-09T04:14:49.261865478Z","Action":"output","Package":"tabmail/internal/outbound","Test":"TestExecSMTPUTF8SubmissionRecipientLedger/direct_plain/capable=false/bcc","Output":"         HTMLBody: HeadersJSON:[] RawMIME:[] ZoneID:0979c32b-e159-43a8-bbcc-234446ad61ee State:sent Attempts:1 MaxAttempts:3 LastError: NextAttemptAt:2026-10-09 04:14:49.259237881 +0000 UTC ClaimedAt:\u003cnil\u003e LeaseUntil:\u003cnil\u003e SMTPCode:0xc000451f28 SMTPResponse:Accepted by next hop MessageIDHeader:\u003c4f1a763a-2767-41f6-b854-a7c21bf87fee@example.test\u003e DeliveryToken:\u003cnil\u003e CreatedAt:2026-10-09 04:14:49.259237881 +0000 UTC UpdatedAt:2026-10-09 04:14:49.261646292 +0000 UTC} err=\u003cnil\u003e\n"}
2026-10-09T04:14:54.3453853Z {"Time":"2026-10-09T04:14:49.261880665Z","Action":"output","Package":"tabmail/internal/outbound","Test":"TestExecSMTPUTF8SubmissionRecipientLedger/direct_plain/capable=false/bcc","Output":"    r5_exec_smtputf8_test.go:521: capability check fabricated a server rejection or acceptance: attempts=[0xc0004c09a0] err=\u003cnil\u003e\n"}
2026-10-09T04:14:54.3455371Z {"Time":"2026-10-09T04:14:49.261934584Z","Action":"output","Package":"tabmail/internal/outbound","Test":"TestExecSMTPUTF8SubmissionRecipientLedger/direct_plain/capable=false/bcc","Output":"--- FAIL: TestExecSMTPUTF8SubmissionRecipientLedger/direct_plain/capable=false/bcc (0.00s)\n"}
2026-10-09T04:14:54.3456595Z {"Time":"2026-10-09T04:14:49.261958539Z","Action":"fail","Package":"tabmail/internal/outbound","Test":"TestExecSMTPUTF8SubmissionRecipientLedger/direct_plain/capable=false/bcc","Elapsed":0}
2026-10-09T04:14:54.3457593Z {"Time":"2026-10-09T04:14:49.261981782Z","Action":"run","Package":"tabmail/internal/outbound","Test":"TestExecSMTPUTF8SubmissionRecipientLedger/direct_plain/capable=false/header"}
2026-10-09T04:14:54.3458794Z {"Time":"2026-10-09T04:14:49.261984384Z","Action":"output","Package":"tabmail/internal/outbound","Test":"TestExecSMTPUTF8SubmissionRecipientLedger/direct_plain/capable=false/header","Output":"=== RUN   TestExecSMTPUTF8SubmissionRecipientLedger/direct_plain/capable=false/header\n"}
2026-10-09T04:14:54.3460231Z {"Time":"2026-10-09T04:14:49.265223794Z","Action":"output","Package":"tabmail/internal/outbound","Test":"TestExecSMTPUTF8SubmissionRecipientLedger/direct_plain/capable=false/header","Output":"    r5_exec_smtputf8_test.go:506: SMTPUTF8 requirement must produce a local pre-send error, got \u003cnil\u003e\n"}
2026-10-09T04:14:54.3461985Z {"Time":"2026-10-09T04:14:49.265241964Z","Action":"output","Package":"tabmail/internal/outbound","Test":"TestExecSMTPUTF8SubmissionRecipientLedger/direct_plain/capable=false/header","Output":"    r5_exec_smtputf8_test.go:506: EXEC09_SENT_WITHOUT_SMTPUTF8 MAIL=[\"MAIL FROM:\u003csender@example.test\u003e BODY=8BITMIME\"] RCPT=[\"RCPT TO:\u003creader@recipient.test\u003e\"] DATA=1 body_bytes=368\n"}
2026-10-09T04:14:54.3464090Z {"Time":"2026-10-09T04:14:49.265298104Z","Action":"output","Package":"tabmail/internal/outbound","Test":"TestExecSMTPUTF8SubmissionRecipientLedger/direct_plain/capable=false/header","Output":"    r5_exec_smtputf8_test.go:513: actual delivery recipient state = [{Address:reader@recipient.test State:accepted SMTPCode:250 Diagnostic:Accepted by next hop Attempts:1 UpdatedAt:2026-10-09 04:14:49.265152319 +0000 UTC}], want temporary: \u003cnil\u003e\n"}
2026-10-09T04:14:54.3468498Z {"Time":"2026-10-09T04:14:49.265429943Z","Action":"output","Package":"tabmail/internal/outbound","Test":"TestExecSMTPUTF8SubmissionRecipientLedger/direct_plain/capable=false/header","Output":"    r5_exec_smtputf8_test.go:517: job sent state disagrees with actual peer capability: capable=false job=\u0026{TemplateVersionID:\u003cnil\u003e ContentDigest:f9ff01e3f905cfeae9156f549f977f22a46f462c5868a83f46c9d470e04d39a0 SubmitActor:user:9497fe6e-f191-4627-8a0e-1b79b367c5ca IdempotencyKey: RequestHash:125ab434274b7d39034ce9796e92abe270ebd788e174437da7a31262776ea8cf RecipientLedger:true AttachmentIDs:[] DeliveryUncertain:false ContentRedacted:false DeliveredDomains:[] InFlightDomain: SenderUserID:9497fe6e-f191-4627-8a0e-1b79b367c5ca SenderKeyID:\u003cnil\u003e SenderMailboxID:a782bab1-1980-41ca-afc6-dfa63b3eb179 TemplateName:\u003cnil\u003e DraftID:\u003cnil\u003e ID:5d4368f4-21d3-4c18-b4d5-5e8787831d06 TenantID:554fb75a-1991-4363-93a5-c38ddca18fd3 UserID:9497fe6e-f191-4627-8a0e-1b79b367c5ca APIKeyID:\u003cnil\u003e MailFrom:sender@example.test RcptTo:[reader@recipient.test] To:[reader@recipient.test] CC:[] BCC:[] Subject:编码主题 TextBody:消息正文\r\n"}
2026-10-09T04:14:54.3473371Z {"Time":"2026-10-09T04:14:49.265435606Z","Action":"output","Package":"tabmail/internal/outbound","Test":"TestExecSMTPUTF8SubmissionRecipientLedger/direct_plain/capable=false/header","Output":"         HTMLBody: HeadersJSON:[123 34 88 45 67 97 109 112 97 105 103 110 34 58 34 230 175 143 229 145 168 231 174 128 230 138 165 34 125] RawMIME:[] ZoneID:85b12531-1f23-44ba-a0cb-e06b465a722d State:sent Attempts:1 MaxAttempts:3 LastError: NextAttemptAt:2026-10-09 04:14:49.262072778 +0000 UTC ClaimedAt:\u003cnil\u003e LeaseUntil:\u003cnil\u003e SMTPCode:0xc000316308 SMTPResponse:Accepted by next hop MessageIDHeader:\u003c04fee981-7e3e-4447-86c9-38abb2fb589a@example.test\u003e DeliveryToken:\u003cnil\u003e CreatedAt:2026-10-09 04:14:49.262072778 +0000 UTC UpdatedAt:2026-10-09 04:14:49.265159016 +0000 UTC} err=\u003cnil\u003e\n"}
2026-10-09T04:14:54.3475993Z {"Time":"2026-10-09T04:14:49.26543927Z","Action":"output","Package":"tabmail/internal/outbound","Test":"TestExecSMTPUTF8SubmissionRecipientLedger/direct_plain/capable=false/header","Output":"    r5_exec_smtputf8_test.go:521: capability check fabricated a server rejection or acceptance: attempts=[0xc0000b6370] err=\u003cnil\u003e\n"}
2026-10-09T04:14:54.3477714Z {"Time":"2026-10-09T04:14:49.265506375Z","Action":"output","Package":"tabmail/internal/outbound","Test":"TestExecSMTPUTF8SubmissionRecipientLedger/direct_plain/capable=false/header","Output":"--- FAIL: TestExecSMTPUTF8SubmissionRecipientLedger/direct_plain/capable=false/header (0.00s)\n"}
2026-10-09T04:14:54.3478920Z {"Time":"2026-10-09T04:14:49.265511199Z","Action":"fail","Package":"tabmail/internal/outbound","Test":"TestExecSMTPUTF8SubmissionRecipientLedger/direct_plain/capable=false/header","Elapsed":0}
2026-10-09T04:14:54.3479868Z {"Time":"2026-10-09T04:14:49.265553891Z","Action":"run","Package":"tabmail/internal/outbound","Test":"TestExecSMTPUTF8SubmissionRecipientLedger/direct_plain/capable=true/to"}
2026-10-09T04:14:54.3481013Z {"Time":"2026-10-09T04:14:49.265559592Z","Action":"output","Package":"tabmail/internal/outbound","Test":"TestExecSMTPUTF8SubmissionRecipientLedger/direct_plain/capable=true/to","Output":"=== RUN   TestExecSMTPUTF8SubmissionRecipientLedger/direct_plain/capable=true/to\n"}
2026-10-09T04:14:54.3482386Z {"Time":"2026-10-09T04:14:49.268216237Z","Action":"output","Package":"tabmail/internal/outbound","Test":"TestExecSMTPUTF8SubmissionRecipientLedger/direct_plain/capable=true/to","Output":"--- PASS: TestExecSMTPUTF8SubmissionRecipientLedger/direct_plain/capable=true/to (0.00s)\n"}
2026-10-09T04:14:54.3483616Z {"Time":"2026-10-09T04:14:49.268221917Z","Action":"pass","Package":"tabmail/internal/outbound","Test":"TestExecSMTPUTF8SubmissionRecipientLedger/direct_plain/capable=true/to","Elapsed":0}
2026-10-09T04:14:54.3484517Z {"Time":"2026-10-09T04:14:49.268264448Z","Action":"run","Package":"tabmail/internal/outbound","Test":"TestExecSMTPUTF8SubmissionRecipientLedger/direct_plain/capable=true/cc"}
2026-10-09T04:14:54.3485641Z {"Time":"2026-10-09T04:14:49.268266971Z","Action":"output","Package":"tabmail/internal/outbound","Test":"TestExecSMTPUTF8SubmissionRecipientLedger/direct_plain/capable=true/cc","Output":"=== RUN   TestExecSMTPUTF8SubmissionRecipientLedger/direct_plain/capable=true/cc\n"}
2026-10-09T04:14:54.3487006Z {"Time":"2026-10-09T04:14:49.270944027Z","Action":"output","Package":"tabmail/internal/outbound","Test":"TestExecSMTPUTF8SubmissionRecipientLedger/direct_plain/capable=true/cc","Output":"--- PASS: TestExecSMTPUTF8SubmissionRecipientLedger/direct_plain/capable=true/cc (0.00s)\n"}
2026-10-09T04:14:54.3488234Z {"Time":"2026-10-09T04:14:49.270956648Z","Action":"pass","Package":"tabmail/internal/outbound","Test":"TestExecSMTPUTF8SubmissionRecipientLedger/direct_plain/capable=true/cc","Elapsed":0}
2026-10-09T04:14:54.3489105Z {"Time":"2026-10-09T04:14:49.270979826Z","Action":"run","Package":"tabmail/internal/outbound","Test":"TestExecSMTPUTF8SubmissionRecipientLedger/direct_plain/capable=true/bcc"}
2026-10-09T04:14:54.3490151Z {"Time":"2026-10-09T04:14:49.270984308Z","Action":"output","Package":"tabmail/internal/outbound","Test":"TestExecSMTPUTF8SubmissionRecipientLedger/direct_plain/capable=true/bcc","Output":"=== RUN   TestExecSMTPUTF8SubmissionRecipientLedger/direct_plain/capable=true/bcc\n"}
2026-10-09T04:14:54.3491734Z {"Time":"2026-10-09T04:14:49.273720434Z","Action":"output","Package":"tabmail/internal/outbound","Test":"TestExecSMTPUTF8SubmissionRecipientLedger/direct_plain/capable=true/bcc","Output":"--- PASS: TestExecSMTPUTF8SubmissionRecipientLedger/direct_plain/capable=true/bcc (0.00s)\n"}
2026-10-09T04:14:54.3493029Z {"Time":"2026-10-09T04:14:49.273737516Z","Action":"pass","Package":"tabmail/internal/outbound","Test":"TestExecSMTPUTF8SubmissionRecipientLedger/direct_plain/capable=true/bcc","Elapsed":0}
2026-10-09T04:14:54.3493988Z {"Time":"2026-10-09T04:14:49.27374201Z","Action":"run","Package":"tabmail/internal/outbound","Test":"TestExecSMTPUTF8SubmissionRecipientLedger/direct_plain/capable=true/header"}
2026-10-09T04:14:54.3495154Z {"Time":"2026-10-09T04:14:49.273744653Z","Action":"output","Package":"tabmail/internal/outbound","Test":"TestExecSMTPUTF8SubmissionRecipientLedger/direct_plain/capable=true/header","Output":"=== RUN   TestExecSMTPUTF8SubmissionRecipientLedger/direct_plain/capable=true/header\n"}
2026-10-09T04:14:54.3496506Z {"Time":"2026-10-09T04:14:49.276577959Z","Action":"output","Package":"tabmail/internal/outbound","Test":"TestExecSMTPUTF8SubmissionRecipientLedger/direct_plain/capable=true/header","Output":"--- PASS: TestExecSMTPUTF8SubmissionRecipientLedger/direct_plain/capable=true/header (0.00s)\n"}
2026-10-09T04:14:54.3497625Z {"Time":"2026-10-09T04:14:49.276592055Z","Action":"pass","Package":"tabmail/internal/outbound","Test":"TestExecSMTPUTF8SubmissionRecipientLedger/direct_plain/capable=true/header","Elapsed":0}
2026-10-09T04:14:54.3498648Z {"Time":"2026-10-09T04:14:49.276602443Z","Action":"output","Package":"tabmail/internal/outbound","Test":"TestExecSMTPUTF8SubmissionRecipientLedger","Output":"--- FAIL: TestExecSMTPUTF8SubmissionRecipientLedger (0.05s)\n"}
2026-10-09T04:14:54.3499584Z {"Time":"2026-10-09T04:14:49.276605802Z","Action":"fail","Package":"tabmail/internal/outbound","Test":"TestExecSMTPUTF8SubmissionRecipientLedger","Elapsed":0.05}
2026-10-09T04:14:54.3500221Z {"Time":"2026-10-09T04:14:49.276778359Z","Action":"output","Package":"tabmail/internal/outbound","Output":"FAIL\n"}
2026-10-09T04:14:54.3500857Z {"Time":"2026-10-09T04:14:49.278124081Z","Action":"output","Package":"tabmail/internal/outbound","Output":"FAIL\ttabmail/internal/outbound\t0.554s\n"}
2026-10-09T04:14:54.3501471Z {"Time":"2026-10-09T04:14:49.278146424Z","Action":"fail","Package":"tabmail/internal/outbound","Elapsed":0.554}
2026-10-09T04:14:54.3501740Z 
2026-10-09T04:14:54.3501884Z EXEC09_RAW_END baseline/go-test.jsonl
2026-10-09T04:14:54.3502177Z EXEC09_RAW_BEGIN baseline/go-test.stderr
2026-10-09T04:14:54.3502356Z 
2026-10-09T04:14:54.3502459Z EXEC09_RAW_END baseline/go-test.stderr
2026-10-09T04:14:54.3502846Z EXEC09_RAW_BEGIN baseline/verified.json
2026-10-09T04:14:54.3503101Z {
2026-10-09T04:14:54.3503457Z   "before": {
2026-10-09T04:14:54.3503791Z     "commit": "388d1b53d1351744d24dd5716fbcdf56137bb6ff",
2026-10-09T04:14:54.3504126Z     "tree": "3a3121e5aaffc5240894b9a18f3941c957330929",
2026-10-09T04:14:54.3504584Z     "test_sha256": "03047b4ba6b9c4590e032dfc58eeada6750e3b2e4c7aa80b96859ab98354e372"
2026-10-09T04:14:54.3504919Z   },
2026-10-09T04:14:54.3505156Z   "after": {
2026-10-09T04:14:54.3505437Z     "commit": "388d1b53d1351744d24dd5716fbcdf56137bb6ff",
2026-10-09T04:14:54.3505775Z     "tree": "3a3121e5aaffc5240894b9a18f3941c957330929",
2026-10-09T04:14:54.3506236Z     "test_sha256": "03047b4ba6b9c4590e032dfc58eeada6750e3b2e4c7aa80b96859ab98354e372"
2026-10-09T04:14:54.3506623Z   },
2026-10-09T04:14:54.3506867Z   "command": [
2026-10-09T04:14:54.3507095Z     "go",
2026-10-09T04:14:54.3507349Z     "test",
2026-10-09T04:14:54.3507577Z     "-mod=readonly",
2026-10-09T04:14:54.3507802Z     "-json",
2026-10-09T04:14:54.3508017Z     "-race",
2026-10-09T04:14:54.3508217Z     "-p",
2026-10-09T04:14:54.3508459Z     "1",
2026-10-09T04:14:54.3508677Z     "-count=1",
2026-10-09T04:14:54.3508901Z     "-timeout=120s",
2026-10-09T04:14:54.3509129Z     "-run",
2026-10-09T04:14:54.3509393Z     "^TestExecSMTPUTF8",
2026-10-09T04:14:54.3509647Z     "./internal/outbound"
2026-10-09T04:14:54.3509877Z   ],
2026-10-09T04:14:54.3510082Z   "exit_code": 1,
2026-10-09T04:14:54.3510342Z   "timed_out": false,
2026-10-09T04:14:54.3510713Z   "stdout_sha256": "e759649dcfc657ccc30e23199ea543eded915559bce0d0ca44caaa3457fe05a4",
2026-10-09T04:14:54.3511184Z   "stderr_sha256": "e3b0c44298fc1c149afbf4c8996fb92427ae41e4649b934ca495991b7852b855",
2026-10-09T04:14:54.3511535Z   "results": {
2026-10-09T04:14:54.3511776Z     "started_ids": [
2026-10-09T04:14:54.3512067Z       "TestExecSMTPUTF8Capabilities",
2026-10-09T04:14:54.3512511Z       "TestExecSMTPUTF8Capabilities/direct_plain/capable=false/ascii_quoted_alabel",
2026-10-09T04:14:54.3513063Z       "TestExecSMTPUTF8Capabilities/direct_plain/capable=false/eight_bit_body_only",
2026-10-09T04:14:54.3513825Z       "TestExecSMTPUTF8Capabilities/direct_plain/capable=false/encoded_headers_body_and_attachment",
2026-10-09T04:14:54.3514391Z       "TestExecSMTPUTF8Capabilities/direct_plain/capable=false/unicode_domain_envelope_only",
2026-10-09T04:14:54.3514950Z       "TestExecSMTPUTF8Capabilities/direct_plain/capable=false/unicode_last_bcc",
2026-10-09T04:14:54.3515523Z       "TestExecSMTPUTF8Capabilities/direct_plain/capable=false/unicode_recipient_envelope_only",
2026-10-09T04:14:54.3516246Z       "TestExecSMTPUTF8Capabilities/direct_plain/capable=false/unicode_sender_envelope_only",
2026-10-09T04:14:54.3516802Z       "TestExecSMTPUTF8Capabilities/direct_plain/capable=false/unicode_top_level_header",
2026-10-09T04:14:54.3517307Z       "TestExecSMTPUTF8Capabilities/direct_plain/capable=true/ascii_quoted_alabel",
2026-10-09T04:14:54.3517879Z       "TestExecSMTPUTF8Capabilities/direct_plain/capable=true/eight_bit_body_only",
2026-10-09T04:14:54.3518439Z       "TestExecSMTPUTF8Capabilities/direct_plain/capable=true/encoded_headers_body_and_attachment",
2026-10-09T04:14:54.3519016Z       "TestExecSMTPUTF8Capabilities/direct_plain/capable=true/unicode_domain_envelope_only",
2026-10-09T04:14:54.3519560Z       "TestExecSMTPUTF8Capabilities/direct_plain/capable=true/unicode_last_bcc",
2026-10-09T04:14:54.3520094Z       "TestExecSMTPUTF8Capabilities/direct_plain/capable=true/unicode_recipient_envelope_only",
2026-10-09T04:14:54.3520678Z       "TestExecSMTPUTF8Capabilities/direct_plain/capable=true/unicode_sender_envelope_only",
2026-10-09T04:14:54.3521213Z       "TestExecSMTPUTF8Capabilities/direct_plain/capable=true/unicode_top_level_header",
2026-10-09T04:14:54.3521780Z       "TestExecSMTPUTF8Capabilities/direct_starttls/capable=false/ascii_quoted_alabel",
2026-10-09T04:14:54.3522309Z       "TestExecSMTPUTF8Capabilities/direct_starttls/capable=false/eight_bit_body_only",
2026-10-09T04:14:54.3522887Z       "TestExecSMTPUTF8Capabilities/direct_starttls/capable=false/encoded_headers_body_and_attachment",
2026-10-09T04:14:54.3523666Z       "TestExecSMTPUTF8Capabilities/direct_starttls/capable=false/unicode_domain_envelope_only",
2026-10-09T04:14:54.3524186Z       "TestExecSMTPUTF8Capabilities/direct_starttls/capable=false/unicode_last_bcc",
2026-10-09T04:14:54.3524762Z       "TestExecSMTPUTF8Capabilities/direct_starttls/capable=false/unicode_recipient_envelope_only",
2026-10-09T04:14:54.3525365Z       "TestExecSMTPUTF8Capabilities/direct_starttls/capable=false/unicode_sender_envelope_only",
2026-10-09T04:14:54.3525941Z       "TestExecSMTPUTF8Capabilities/direct_starttls/capable=false/unicode_top_level_header",
2026-10-09T04:14:54.3526525Z       "TestExecSMTPUTF8Capabilities/direct_starttls/capable=true/ascii_quoted_alabel",
2026-10-09T04:14:54.3527031Z       "TestExecSMTPUTF8Capabilities/direct_starttls/capable=true/eight_bit_body_only",
2026-10-09T04:14:54.3527654Z       "TestExecSMTPUTF8Capabilities/direct_starttls/capable=true/encoded_headers_body_and_attachment",
2026-10-09T04:14:54.3528260Z       "TestExecSMTPUTF8Capabilities/direct_starttls/capable=true/unicode_domain_envelope_only",
2026-10-09T04:14:54.3528794Z       "TestExecSMTPUTF8Capabilities/direct_starttls/capable=true/unicode_last_bcc",
2026-10-09T04:14:54.3529370Z       "TestExecSMTPUTF8Capabilities/direct_starttls/capable=true/unicode_recipient_envelope_only",
2026-10-09T04:14:54.3529945Z       "TestExecSMTPUTF8Capabilities/direct_starttls/capable=true/unicode_sender_envelope_only",
2026-10-09T04:14:54.3530502Z       "TestExecSMTPUTF8Capabilities/direct_starttls/capable=true/unicode_top_level_header",
2026-10-09T04:14:54.3531056Z       "TestExecSMTPUTF8Capabilities/relay_implicit_tls/capable=false/ascii_quoted_alabel",
2026-10-09T04:14:54.3531631Z       "TestExecSMTPUTF8Capabilities/relay_implicit_tls/capable=false/eight_bit_body_only",
2026-10-09T04:14:54.3532212Z       "TestExecSMTPUTF8Capabilities/relay_implicit_tls/capable=false/encoded_headers_body_and_attachment",
2026-10-09T04:14:54.3532875Z       "TestExecSMTPUTF8Capabilities/relay_implicit_tls/capable=false/unicode_domain_envelope_only",
2026-10-09T04:14:54.3533665Z       "TestExecSMTPUTF8Capabilities/relay_implicit_tls/capable=false/unicode_last_bcc",
2026-10-09T04:14:54.3534251Z       "TestExecSMTPUTF8Capabilities/relay_implicit_tls/capable=false/unicode_recipient_envelope_only",
2026-10-09T04:14:54.3534881Z       "TestExecSMTPUTF8Capabilities/relay_implicit_tls/capable=false/unicode_sender_envelope_only",
2026-10-09T04:14:54.3535504Z       "TestExecSMTPUTF8Capabilities/relay_implicit_tls/capable=false/unicode_top_level_header",
2026-10-09T04:14:54.3536079Z       "TestExecSMTPUTF8Capabilities/relay_implicit_tls/capable=true/ascii_quoted_alabel",
2026-10-09T04:14:54.3536653Z       "TestExecSMTPUTF8Capabilities/relay_implicit_tls/capable=true/eight_bit_body_only",
2026-10-09T04:14:54.3537246Z       "TestExecSMTPUTF8Capabilities/relay_implicit_tls/capable=true/encoded_headers_body_and_attachment",
2026-10-09T04:14:54.3537923Z       "TestExecSMTPUTF8Capabilities/relay_implicit_tls/capable=true/unicode_domain_envelope_only",
2026-10-09T04:14:54.3538481Z       "TestExecSMTPUTF8Capabilities/relay_implicit_tls/capable=true/unicode_last_bcc",
2026-10-09T04:14:54.3539106Z       "TestExecSMTPUTF8Capabilities/relay_implicit_tls/capable=true/unicode_recipient_envelope_only",
2026-10-09T04:14:54.3539759Z       "TestExecSMTPUTF8Capabilities/relay_implicit_tls/capable=true/unicode_sender_envelope_only",
2026-10-09T04:14:54.3540353Z       "TestExecSMTPUTF8Capabilities/relay_implicit_tls/capable=true/unicode_top_level_header",
2026-10-09T04:14:54.3540917Z       "TestExecSMTPUTF8Capabilities/relay_plain/capable=false/ascii_quoted_alabel",
2026-10-09T04:14:54.3541469Z       "TestExecSMTPUTF8Capabilities/relay_plain/capable=false/eight_bit_body_only",
2026-10-09T04:14:54.3542072Z       "TestExecSMTPUTF8Capabilities/relay_plain/capable=false/encoded_headers_body_and_attachment",
2026-10-09T04:14:54.3542685Z       "TestExecSMTPUTF8Capabilities/relay_plain/capable=false/unicode_domain_envelope_only",
2026-10-09T04:14:54.3543217Z       "TestExecSMTPUTF8Capabilities/relay_plain/capable=false/unicode_last_bcc",
2026-10-09T04:14:54.3543952Z       "TestExecSMTPUTF8Capabilities/relay_plain/capable=false/unicode_recipient_envelope_only",
2026-10-09T04:14:54.3544517Z       "TestExecSMTPUTF8Capabilities/relay_plain/capable=false/unicode_sender_envelope_only",
2026-10-09T04:14:54.3545122Z       "TestExecSMTPUTF8Capabilities/relay_plain/capable=false/unicode_top_level_header",
2026-10-09T04:14:54.3545695Z       "TestExecSMTPUTF8Capabilities/relay_plain/capable=true/ascii_quoted_alabel",
2026-10-09T04:14:54.3546231Z       "TestExecSMTPUTF8Capabilities/relay_plain/capable=true/eight_bit_body_only",
2026-10-09T04:14:54.3546866Z       "TestExecSMTPUTF8Capabilities/relay_plain/capable=true/encoded_headers_body_and_attachment",
2026-10-09T04:14:54.3547433Z       "TestExecSMTPUTF8Capabilities/relay_plain/capable=true/unicode_domain_envelope_only",
2026-10-09T04:14:54.3548044Z       "TestExecSMTPUTF8Capabilities/relay_plain/capable=true/unicode_last_bcc",
2026-10-09T04:14:54.3548590Z       "TestExecSMTPUTF8Capabilities/relay_plain/capable=true/unicode_recipient_envelope_only",
2026-10-09T04:14:54.3549163Z       "TestExecSMTPUTF8Capabilities/relay_plain/capable=true/unicode_sender_envelope_only",
2026-10-09T04:14:54.3549752Z       "TestExecSMTPUTF8Capabilities/relay_plain/capable=true/unicode_top_level_header",
2026-10-09T04:14:54.3550285Z       "TestExecSMTPUTF8Capabilities/relay_starttls/capable=false/ascii_quoted_alabel",
2026-10-09T04:14:54.3550850Z       "TestExecSMTPUTF8Capabilities/relay_starttls/capable=false/eight_bit_body_only",
2026-10-09T04:14:54.3551443Z       "TestExecSMTPUTF8Capabilities/relay_starttls/capable=false/encoded_headers_body_and_attachment",
2026-10-09T04:14:54.3552094Z       "TestExecSMTPUTF8Capabilities/relay_starttls/capable=false/unicode_domain_envelope_only",
2026-10-09T04:14:54.3552648Z       "TestExecSMTPUTF8Capabilities/relay_starttls/capable=false/unicode_last_bcc",
2026-10-09T04:14:54.3553371Z       "TestExecSMTPUTF8Capabilities/relay_starttls/capable=false/unicode_recipient_envelope_only",
2026-10-09T04:14:54.3554022Z       "TestExecSMTPUTF8Capabilities/relay_starttls/capable=false/unicode_sender_envelope_only",
2026-10-09T04:14:54.3554581Z       "TestExecSMTPUTF8Capabilities/relay_starttls/capable=false/unicode_top_level_header",
2026-10-09T04:14:54.3555220Z       "TestExecSMTPUTF8Capabilities/relay_starttls/capable=true/ascii_quoted_alabel",
2026-10-09T04:14:54.3555804Z       "TestExecSMTPUTF8Capabilities/relay_starttls/capable=true/eight_bit_body_only",
2026-10-09T04:14:54.3556395Z       "TestExecSMTPUTF8Capabilities/relay_starttls/capable=true/encoded_headers_body_and_attachment",
2026-10-09T04:14:54.3556994Z       "TestExecSMTPUTF8Capabilities/relay_starttls/capable=true/unicode_domain_envelope_only",
2026-10-09T04:14:54.3557524Z       "TestExecSMTPUTF8Capabilities/relay_starttls/capable=true/unicode_last_bcc",
2026-10-09T04:14:54.3558147Z       "TestExecSMTPUTF8Capabilities/relay_starttls/capable=true/unicode_recipient_envelope_only",
2026-10-09T04:14:54.3558749Z       "TestExecSMTPUTF8Capabilities/relay_starttls/capable=true/unicode_sender_envelope_only",
2026-10-09T04:14:54.3559324Z       "TestExecSMTPUTF8Capabilities/relay_starttls/capable=true/unicode_top_level_header",
2026-10-09T04:14:54.3559792Z       "TestExecSMTPUTF8HELOFallback",
2026-10-09T04:14:54.3560194Z       "TestExecSMTPUTF8HELOFallback/direct_plain/ascii_quoted_alabel",
2026-10-09T04:14:54.3560838Z       "TestExecSMTPUTF8HELOFallback/direct_plain/unicode_sender_envelope_only",
2026-10-09T04:14:54.3561381Z       "TestExecSMTPUTF8HELOFallback/relay_plain/ascii_quoted_alabel",
2026-10-09T04:14:54.3561915Z       "TestExecSMTPUTF8HELOFallback/relay_plain/unicode_sender_envelope_only",
2026-10-09T04:14:54.3562335Z       "TestExecSMTPUTF8RefreshAfterSTARTTLS",
2026-10-09T04:14:54.3562901Z       "TestExecSMTPUTF8RefreshAfterSTARTTLS/direct_starttls/final_capable=false/encoded_headers_body_and_attachment",
2026-10-09T04:14:54.3563686Z       "TestExecSMTPUTF8RefreshAfterSTARTTLS/direct_starttls/final_capable=false/unicode_last_bcc",
2026-10-09T04:14:54.3564352Z       "TestExecSMTPUTF8RefreshAfterSTARTTLS/direct_starttls/final_capable=true/encoded_headers_body_and_attachment",
2026-10-09T04:14:54.3565049Z       "TestExecSMTPUTF8RefreshAfterSTARTTLS/direct_starttls/final_capable=true/unicode_last_bcc",
2026-10-09T04:14:54.3565693Z       "TestExecSMTPUTF8RefreshAfterSTARTTLS/relay_starttls/final_capable=false/encoded_headers_body_and_attachment",
2026-10-09T04:14:54.3566351Z       "TestExecSMTPUTF8RefreshAfterSTARTTLS/relay_starttls/final_capable=false/unicode_last_bcc",
2026-10-09T04:14:54.3567057Z       "TestExecSMTPUTF8RefreshAfterSTARTTLS/relay_starttls/final_capable=true/encoded_headers_body_and_attachment",
2026-10-09T04:14:54.3567658Z       "TestExecSMTPUTF8RefreshAfterSTARTTLS/relay_starttls/final_capable=true/unicode_last_bcc",
2026-10-09T04:14:54.3568181Z       "TestExecSMTPUTF8SubmissionRecipientLedger",
2026-10-09T04:14:54.3568643Z       "TestExecSMTPUTF8SubmissionRecipientLedger/direct_plain/capable=false/bcc",
2026-10-09T04:14:54.3569158Z       "TestExecSMTPUTF8SubmissionRecipientLedger/direct_plain/capable=false/cc",
2026-10-09T04:14:54.3569720Z       "TestExecSMTPUTF8SubmissionRecipientLedger/direct_plain/capable=false/header",
2026-10-09T04:14:54.3570225Z       "TestExecSMTPUTF8SubmissionRecipientLedger/direct_plain/capable=false/to",
2026-10-09T04:14:54.3570730Z       "TestExecSMTPUTF8SubmissionRecipientLedger/direct_plain/capable=true/bcc",
2026-10-09T04:14:54.3571228Z       "TestExecSMTPUTF8SubmissionRecipientLedger/direct_plain/capable=true/cc",
2026-10-09T04:14:54.3572089Z       "TestExecSMTPUTF8SubmissionRecipientLedger/direct_plain/capable=true/header",
2026-10-09T04:14:54.3572595Z       "TestExecSMTPUTF8SubmissionRecipientLedger/direct_plain/capable=true/to",
2026-10-09T04:14:54.3573086Z       "TestExecSMTPUTF8SubmissionRecipientLedger/relay_plain/capable=false/bcc",
2026-10-09T04:14:54.3573787Z       "TestExecSMTPUTF8SubmissionRecipientLedger/relay_plain/capable=false/cc",
2026-10-09T04:14:54.3574319Z       "TestExecSMTPUTF8SubmissionRecipientLedger/relay_plain/capable=false/header",
2026-10-09T04:14:54.3574860Z       "TestExecSMTPUTF8SubmissionRecipientLedger/relay_plain/capable=false/to",
2026-10-09T04:14:54.3575362Z       "TestExecSMTPUTF8SubmissionRecipientLedger/relay_plain/capable=true/bcc",
2026-10-09T04:14:54.3575894Z       "TestExecSMTPUTF8SubmissionRecipientLedger/relay_plain/capable=true/cc",
2026-10-09T04:14:54.3576394Z       "TestExecSMTPUTF8SubmissionRecipientLedger/relay_plain/capable=true/header",
2026-10-09T04:14:54.3576879Z       "TestExecSMTPUTF8SubmissionRecipientLedger/relay_plain/capable=true/to",
2026-10-09T04:14:54.3577330Z       "TestExecSMTPUTF8TriesNextMXBeforeSending"
2026-10-09T04:14:54.3577635Z     ],
2026-10-09T04:14:54.3577861Z     "leaf_ids": [
2026-10-09T04:14:54.3578246Z       "TestExecSMTPUTF8Capabilities/direct_plain/capable=false/ascii_quoted_alabel",
2026-10-09T04:14:54.3578792Z       "TestExecSMTPUTF8Capabilities/direct_plain/capable=false/eight_bit_body_only",
2026-10-09T04:14:54.3579365Z       "TestExecSMTPUTF8Capabilities/direct_plain/capable=false/encoded_headers_body_and_attachment",
2026-10-09T04:14:54.3579942Z       "TestExecSMTPUTF8Capabilities/direct_plain/capable=false/unicode_domain_envelope_only",
2026-10-09T04:14:54.3580499Z       "TestExecSMTPUTF8Capabilities/direct_plain/capable=false/unicode_last_bcc",
2026-10-09T04:14:54.3581075Z       "TestExecSMTPUTF8Capabilities/direct_plain/capable=false/unicode_recipient_envelope_only",
2026-10-09T04:14:54.3581653Z       "TestExecSMTPUTF8Capabilities/direct_plain/capable=false/unicode_sender_envelope_only",
2026-10-09T04:14:54.3582207Z       "TestExecSMTPUTF8Capabilities/direct_plain/capable=false/unicode_top_level_header",
2026-10-09T04:14:54.3582721Z       "TestExecSMTPUTF8Capabilities/direct_plain/capable=true/ascii_quoted_alabel",
2026-10-09T04:14:54.3583504Z       "TestExecSMTPUTF8Capabilities/direct_plain/capable=true/eight_bit_body_only",
2026-10-09T04:14:54.3584075Z       "TestExecSMTPUTF8Capabilities/direct_plain/capable=true/encoded_headers_body_and_attachment",
2026-10-09T04:14:54.3584662Z       "TestExecSMTPUTF8Capabilities/direct_plain/capable=true/unicode_domain_envelope_only",
2026-10-09T04:14:54.3585205Z       "TestExecSMTPUTF8Capabilities/direct_plain/capable=true/unicode_last_bcc",
2026-10-09T04:14:54.3585729Z       "TestExecSMTPUTF8Capabilities/direct_plain/capable=true/unicode_recipient_envelope_only",
2026-10-09T04:14:54.3586294Z       "TestExecSMTPUTF8Capabilities/direct_plain/capable=true/unicode_sender_envelope_only",
2026-10-09T04:14:54.3586930Z       "TestExecSMTPUTF8Capabilities/direct_plain/capable=true/unicode_top_level_header",
2026-10-09T04:14:54.3587629Z       "TestExecSMTPUTF8Capabilities/direct_starttls/capable=false/ascii_quoted_alabel",
2026-10-09T04:14:54.3588188Z       "TestExecSMTPUTF8Capabilities/direct_starttls/capable=false/eight_bit_body_only",
2026-10-09T04:14:54.3588800Z       "TestExecSMTPUTF8Capabilities/direct_starttls/capable=false/encoded_headers_body_and_attachment",
2026-10-09T04:14:54.3589397Z       "TestExecSMTPUTF8Capabilities/direct_starttls/capable=false/unicode_domain_envelope_only",
2026-10-09T04:14:54.3589949Z       "TestExecSMTPUTF8Capabilities/direct_starttls/capable=false/unicode_last_bcc",
2026-10-09T04:14:54.3590673Z       "TestExecSMTPUTF8Capabilities/direct_starttls/capable=false/unicode_recipient_envelope_only",
2026-10-09T04:14:54.3591318Z       "TestExecSMTPUTF8Capabilities/direct_starttls/capable=false/unicode_sender_envelope_only",
2026-10-09T04:14:54.3591876Z       "TestExecSMTPUTF8Capabilities/direct_starttls/capable=false/unicode_top_level_header",
2026-10-09T04:14:54.3593005Z       "TestExecSMTPUTF8Capabilities/direct_starttls/capable=true/ascii_quoted_alabel",
2026-10-09T04:14:54.3593696Z       "TestExecSMTPUTF8Capabilities/direct_starttls/capable=true/eight_bit_body_only",
2026-10-09T04:14:54.3594285Z       "TestExecSMTPUTF8Capabilities/direct_starttls/capable=true/encoded_headers_body_and_attachment",
2026-10-09T04:14:54.3594940Z       "TestExecSMTPUTF8Capabilities/direct_starttls/capable=true/unicode_domain_envelope_only",
2026-10-09T04:14:54.3595471Z       "TestExecSMTPUTF8Capabilities/direct_starttls/capable=true/unicode_last_bcc",
2026-10-09T04:14:54.3596125Z       "TestExecSMTPUTF8Capabilities/direct_starttls/capable=true/unicode_recipient_envelope_only",
2026-10-09T04:14:54.3596684Z       "TestExecSMTPUTF8Capabilities/direct_starttls/capable=true/unicode_sender_envelope_only",
2026-10-09T04:14:54.3597252Z       "TestExecSMTPUTF8Capabilities/direct_starttls/capable=true/unicode_top_level_header",
2026-10-09T04:14:54.3597832Z       "TestExecSMTPUTF8Capabilities/relay_implicit_tls/capable=false/ascii_quoted_alabel",
2026-10-09T04:14:54.3598393Z       "TestExecSMTPUTF8Capabilities/relay_implicit_tls/capable=false/eight_bit_body_only",
2026-10-09T04:14:54.3598993Z       "TestExecSMTPUTF8Capabilities/relay_implicit_tls/capable=false/encoded_headers_body_and_attachment",
2026-10-09T04:14:54.3599634Z       "TestExecSMTPUTF8Capabilities/relay_implicit_tls/capable=false/unicode_domain_envelope_only",
2026-10-09T04:14:54.3600192Z       "TestExecSMTPUTF8Capabilities/relay_implicit_tls/capable=false/unicode_last_bcc",
2026-10-09T04:14:54.3600757Z       "TestExecSMTPUTF8Capabilities/relay_implicit_tls/capable=false/unicode_recipient_envelope_only",
2026-10-09T04:14:54.3601364Z       "TestExecSMTPUTF8Capabilities/relay_implicit_tls/capable=false/unicode_sender_envelope_only",
2026-10-09T04:14:54.3601959Z       "TestExecSMTPUTF8Capabilities/relay_implicit_tls/capable=false/unicode_top_level_header",
2026-10-09T04:14:54.3602501Z       "TestExecSMTPUTF8Capabilities/relay_implicit_tls/capable=true/ascii_quoted_alabel",
2026-10-09T04:14:54.3603049Z       "TestExecSMTPUTF8Capabilities/relay_implicit_tls/capable=true/eight_bit_body_only",
2026-10-09T04:14:54.3603728Z       "TestExecSMTPUTF8Capabilities/relay_implicit_tls/capable=true/encoded_headers_body_and_attachment",
2026-10-09T04:14:54.3604362Z       "TestExecSMTPUTF8Capabilities/relay_implicit_tls/capable=true/unicode_domain_envelope_only",
2026-10-09T04:14:54.3604906Z       "TestExecSMTPUTF8Capabilities/relay_implicit_tls/capable=true/unicode_last_bcc",
2026-10-09T04:14:54.3605468Z       "TestExecSMTPUTF8Capabilities/relay_implicit_tls/capable=true/unicode_recipient_envelope_only",
2026-10-09T04:14:54.3606151Z       "TestExecSMTPUTF8Capabilities/relay_implicit_tls/capable=true/unicode_sender_envelope_only",
2026-10-09T04:14:54.3606722Z       "TestExecSMTPUTF8Capabilities/relay_implicit_tls/capable=true/unicode_top_level_header",
2026-10-09T04:14:54.3607369Z       "TestExecSMTPUTF8Capabilities/relay_plain/capable=false/ascii_quoted_alabel",
2026-10-09T04:14:54.3607926Z       "TestExecSMTPUTF8Capabilities/relay_plain/capable=false/eight_bit_body_only",
2026-10-09T04:14:54.3608509Z       "TestExecSMTPUTF8Capabilities/relay_plain/capable=false/encoded_headers_body_and_attachment",
2026-10-09T04:14:54.3609094Z       "TestExecSMTPUTF8Capabilities/relay_plain/capable=false/unicode_domain_envelope_only",
2026-10-09T04:14:54.3609676Z       "TestExecSMTPUTF8Capabilities/relay_plain/capable=false/unicode_last_bcc",
2026-10-09T04:14:54.3610242Z       "TestExecSMTPUTF8Capabilities/relay_plain/capable=false/unicode_recipient_envelope_only",
2026-10-09T04:14:54.3610817Z       "TestExecSMTPUTF8Capabilities/relay_plain/capable=false/unicode_sender_envelope_only",
2026-10-09T04:14:54.3611379Z       "TestExecSMTPUTF8Capabilities/relay_plain/capable=false/unicode_top_level_header",
2026-10-09T04:14:54.3611946Z       "TestExecSMTPUTF8Capabilities/relay_plain/capable=true/ascii_quoted_alabel",
2026-10-09T04:14:54.3612480Z       "TestExecSMTPUTF8Capabilities/relay_plain/capable=true/eight_bit_body_only",
2026-10-09T04:14:54.3613059Z       "TestExecSMTPUTF8Capabilities/relay_plain/capable=true/encoded_headers_body_and_attachment",
2026-10-09T04:14:54.3613893Z       "TestExecSMTPUTF8Capabilities/relay_plain/capable=true/unicode_domain_envelope_only",
2026-10-09T04:14:54.3614533Z       "TestExecSMTPUTF8Capabilities/relay_plain/capable=true/unicode_last_bcc",
2026-10-09T04:14:54.3615108Z       "TestExecSMTPUTF8Capabilities/relay_plain/capable=true/unicode_recipient_envelope_only",
2026-10-09T04:14:54.3615674Z       "TestExecSMTPUTF8Capabilities/relay_plain/capable=true/unicode_sender_envelope_only",
2026-10-09T04:14:54.3616423Z       "TestExecSMTPUTF8Capabilities/relay_plain/capable=true/unicode_top_level_header",
2026-10-09T04:14:54.3616934Z       "TestExecSMTPUTF8Capabilities/relay_starttls/capable=false/ascii_quoted_alabel",
2026-10-09T04:14:54.3617473Z       "TestExecSMTPUTF8Capabilities/relay_starttls/capable=false/eight_bit_body_only",
2026-10-09T04:14:54.3618085Z       "TestExecSMTPUTF8Capabilities/relay_starttls/capable=false/encoded_headers_body_and_attachment",
2026-10-09T04:14:54.3618676Z       "TestExecSMTPUTF8Capabilities/relay_starttls/capable=false/unicode_domain_envelope_only",
2026-10-09T04:14:54.3619207Z       "TestExecSMTPUTF8Capabilities/relay_starttls/capable=false/unicode_last_bcc",
2026-10-09T04:14:54.3619746Z       "TestExecSMTPUTF8Capabilities/relay_starttls/capable=false/unicode_recipient_envelope_only",
2026-10-09T04:14:54.3620369Z       "TestExecSMTPUTF8Capabilities/relay_starttls/capable=false/unicode_sender_envelope_only",
2026-10-09T04:14:54.3620935Z       "TestExecSMTPUTF8Capabilities/relay_starttls/capable=false/unicode_top_level_header",
2026-10-09T04:14:54.3621467Z       "TestExecSMTPUTF8Capabilities/relay_starttls/capable=true/ascii_quoted_alabel",
2026-10-09T04:14:54.3622006Z       "TestExecSMTPUTF8Capabilities/relay_starttls/capable=true/eight_bit_body_only",
2026-10-09T04:14:54.3622574Z       "TestExecSMTPUTF8Capabilities/relay_starttls/capable=true/encoded_headers_body_and_attachment",
2026-10-09T04:14:54.3623180Z       "TestExecSMTPUTF8Capabilities/relay_starttls/capable=true/unicode_domain_envelope_only",
2026-10-09T04:14:54.3623830Z       "TestExecSMTPUTF8Capabilities/relay_starttls/capable=true/unicode_last_bcc",
2026-10-09T04:14:54.3624397Z       "TestExecSMTPUTF8Capabilities/relay_starttls/capable=true/unicode_recipient_envelope_only",
2026-10-09T04:14:54.3624960Z       "TestExecSMTPUTF8Capabilities/relay_starttls/capable=true/unicode_sender_envelope_only",
2026-10-09T04:14:54.3625505Z       "TestExecSMTPUTF8Capabilities/relay_starttls/capable=true/unicode_top_level_header",
2026-10-09T04:14:54.3626045Z       "TestExecSMTPUTF8HELOFallback/direct_plain/ascii_quoted_alabel",
2026-10-09T04:14:54.3626500Z       "TestExecSMTPUTF8HELOFallback/direct_plain/unicode_sender_envelope_only",
2026-10-09T04:14:54.3627031Z       "TestExecSMTPUTF8HELOFallback/relay_plain/ascii_quoted_alabel",
2026-10-09T04:14:54.3627612Z       "TestExecSMTPUTF8HELOFallback/relay_plain/unicode_sender_envelope_only",
2026-10-09T04:14:54.3628259Z       "TestExecSMTPUTF8RefreshAfterSTARTTLS/direct_starttls/final_capable=false/encoded_headers_body_and_attachment",
2026-10-09T04:14:54.3628909Z       "TestExecSMTPUTF8RefreshAfterSTARTTLS/direct_starttls/final_capable=false/unicode_last_bcc",
2026-10-09T04:14:54.3629582Z       "TestExecSMTPUTF8RefreshAfterSTARTTLS/direct_starttls/final_capable=true/encoded_headers_body_and_attachment",
2026-10-09T04:14:54.3630295Z       "TestExecSMTPUTF8RefreshAfterSTARTTLS/direct_starttls/final_capable=true/unicode_last_bcc",
2026-10-09T04:14:54.3630954Z       "TestExecSMTPUTF8RefreshAfterSTARTTLS/relay_starttls/final_capable=false/encoded_headers_body_and_attachment",
2026-10-09T04:14:54.3631624Z       "TestExecSMTPUTF8RefreshAfterSTARTTLS/relay_starttls/final_capable=false/unicode_last_bcc",
2026-10-09T04:14:54.3632302Z       "TestExecSMTPUTF8RefreshAfterSTARTTLS/relay_starttls/final_capable=true/encoded_headers_body_and_attachment",
2026-10-09T04:14:54.3632950Z       "TestExecSMTPUTF8RefreshAfterSTARTTLS/relay_starttls/final_capable=true/unicode_last_bcc",
2026-10-09T04:14:54.3633626Z       "TestExecSMTPUTF8SubmissionRecipientLedger/direct_plain/capable=false/bcc",
2026-10-09T04:14:54.3634245Z       "TestExecSMTPUTF8SubmissionRecipientLedger/direct_plain/capable=false/cc",
2026-10-09T04:14:54.3634824Z       "TestExecSMTPUTF8SubmissionRecipientLedger/direct_plain/capable=false/header",
2026-10-09T04:14:54.3635356Z       "TestExecSMTPUTF8SubmissionRecipientLedger/direct_plain/capable=false/to",
2026-10-09T04:14:54.3635874Z       "TestExecSMTPUTF8SubmissionRecipientLedger/direct_plain/capable=true/bcc",
2026-10-09T04:14:54.3636453Z       "TestExecSMTPUTF8SubmissionRecipientLedger/direct_plain/capable=true/cc",
2026-10-09T04:14:54.3636988Z       "TestExecSMTPUTF8SubmissionRecipientLedger/direct_plain/capable=true/header",
2026-10-09T04:14:54.3638420Z       "TestExecSMTPUTF8SubmissionRecipientLedger/direct_plain/capable=true/to",
2026-10-09T04:14:54.3638977Z       "TestExecSMTPUTF8SubmissionRecipientLedger/relay_plain/capable=false/bcc",
2026-10-09T04:14:54.3639511Z       "TestExecSMTPUTF8SubmissionRecipientLedger/relay_plain/capable=false/cc",
2026-10-09T04:14:54.3640038Z       "TestExecSMTPUTF8SubmissionRecipientLedger/relay_plain/capable=false/header",
2026-10-09T04:14:54.3640562Z       "TestExecSMTPUTF8SubmissionRecipientLedger/relay_plain/capable=false/to",
2026-10-09T04:14:54.3641141Z       "TestExecSMTPUTF8SubmissionRecipientLedger/relay_plain/capable=true/bcc",
2026-10-09T04:14:54.3641654Z       "TestExecSMTPUTF8SubmissionRecipientLedger/relay_plain/capable=true/cc",
2026-10-09T04:14:54.3642187Z       "TestExecSMTPUTF8SubmissionRecipientLedger/relay_plain/capable=true/header",
2026-10-09T04:14:54.3642738Z       "TestExecSMTPUTF8SubmissionRecipientLedger/relay_plain/capable=true/to",
2026-10-09T04:14:54.3643186Z       "TestExecSMTPUTF8TriesNextMXBeforeSending"
2026-10-09T04:14:54.3643579Z     ],
2026-10-09T04:14:54.3643823Z     "leaf_count": 109,
2026-10-09T04:14:54.3644129Z     "passed": 71,
2026-10-09T04:14:54.3644391Z     "failed": 38,
2026-10-09T04:14:54.3644634Z     "skipped": 0,
2026-10-09T04:14:54.3644888Z     "exit_code": 1,
2026-10-09T04:14:54.3645157Z     "actual_wire_observations": [
2026-10-09T04:14:54.3645470Z       {
2026-10-09T04:14:54.3645963Z         "test": "TestExecSMTPUTF8Capabilities/direct_plain/capable=false/unicode_domain_envelope_only",
2026-10-09T04:14:54.3646930Z         "wire": "r5_exec_smtputf8_test.go:340: EXEC09_SENT_WITHOUT_SMTPUTF8 MAIL=[\"MAIL FROM:<sender@example.test> BODY=8BITMIME\"] RCPT=[\"RCPT TO:<reader@\u4f8b\u5b50.test>\"] DATA=1 body_bytes=298"
2026-10-09T04:14:54.3647542Z       },
2026-10-09T04:14:54.3647784Z       {
2026-10-09T04:14:54.3648229Z         "test": "TestExecSMTPUTF8Capabilities/direct_plain/capable=false/unicode_last_bcc",
2026-10-09T04:14:54.3649400Z         "wire": "r5_exec_smtputf8_test.go:340: EXEC09_SENT_WITHOUT_SMTPUTF8 MAIL=[\"MAIL FROM:<sender@example.test> BODY=8BITMIME\"] RCPT=[\"RCPT TO:<reader@recipient.test>\" \"RCPT TO:<\\\"\u4fe1\u7bb1 @ \u5e2e\u52a9\u53f0\\\"@recipient.test>\"] DATA=1 body_bytes=298"
2026-10-09T04:14:54.3650107Z       },
2026-10-09T04:14:54.3650307Z       {
2026-10-09T04:14:54.3650752Z         "test": "TestExecSMTPUTF8Capabilities/direct_plain/capable=false/unicode_recipient_envelope_only",
2026-10-09T04:14:54.3651773Z         "wire": "r5_exec_smtputf8_test.go:340: EXEC09_SENT_WITHOUT_SMTPUTF8 MAIL=[\"MAIL FROM:<sender@example.test> BODY=8BITMIME\"] RCPT=[\"RCPT TO:<\u6536\u4ef6\u4eba@recipient.test>\"] DATA=1 body_bytes=298"
2026-10-09T04:14:54.3652328Z       },
2026-10-09T04:14:54.3652538Z       {
2026-10-09T04:14:54.3652983Z         "test": "TestExecSMTPUTF8Capabilities/direct_plain/capable=false/unicode_sender_envelope_only",
2026-10-09T04:14:54.3654177Z         "wire": "r5_exec_smtputf8_test.go:340: EXEC09_SENT_WITHOUT_SMTPUTF8 MAIL=[\"MAIL FROM:<\u53d1\u9001\u8005@example.test> BODY=8BITMIME\"] RCPT=[\"RCPT TO:<reader@recipient.test>\"] DATA=1 body_bytes=298"
2026-10-09T04:14:54.3654756Z       },
2026-10-09T04:14:54.3654953Z       {
2026-10-09T04:14:54.3655433Z         "test": "TestExecSMTPUTF8Capabilities/direct_plain/capable=false/unicode_top_level_header",
2026-10-09T04:14:54.3656324Z         "wire": "r5_exec_smtputf8_test.go:340: EXEC09_SENT_WITHOUT_SMTPUTF8 MAIL=[\"MAIL FROM:<sender@example.test> BODY=8BITMIME\"] RCPT=[\"RCPT TO:<reader@recipient.test>\"] DATA=1 body_bytes=324"
2026-10-09T04:14:54.3656900Z       },
2026-10-09T04:14:54.3657122Z       {
2026-10-09T04:14:54.3657594Z         "test": "TestExecSMTPUTF8Capabilities/direct_starttls/capable=false/unicode_domain_envelope_only",
2026-10-09T04:14:54.3658583Z         "wire": "r5_exec_smtputf8_test.go:340: EXEC09_SENT_WITHOUT_SMTPUTF8 MAIL=[\"MAIL FROM:<sender@example.test> BODY=8BITMIME\"] RCPT=[\"RCPT TO:<reader@\u4f8b\u5b50.test>\"] DATA=1 body_bytes=298"
2026-10-09T04:14:54.3659115Z       },
2026-10-09T04:14:54.3659373Z       {
2026-10-09T04:14:54.3659792Z         "test": "TestExecSMTPUTF8Capabilities/direct_starttls/capable=false/unicode_last_bcc",
2026-10-09T04:14:54.3660860Z         "wire": "r5_exec_smtputf8_test.go:340: EXEC09_SENT_WITHOUT_SMTPUTF8 MAIL=[\"MAIL FROM:<sender@example.test> BODY=8BITMIME\"] RCPT=[\"RCPT TO:<reader@recipient.test>\" \"RCPT TO:<\\\"\u4fe1\u7bb1 @ \u5e2e\u52a9\u53f0\\\"@recipient.test>\"] DATA=1 body_bytes=298"
2026-10-09T04:14:54.3661621Z       },
2026-10-09T04:14:54.3661818Z       {
2026-10-09T04:14:54.3662309Z         "test": "TestExecSMTPUTF8Capabilities/direct_starttls/capable=false/unicode_recipient_envelope_only",
2026-10-09T04:14:54.3663425Z         "wire": "r5_exec_smtputf8_test.go:340: EXEC09_SENT_WITHOUT_SMTPUTF8 MAIL=[\"MAIL FROM:<sender@example.test> BODY=8BITMIME\"] RCPT=[\"RCPT TO:<\u6536\u4ef6\u4eba@recipient.test>\"] DATA=1 body_bytes=298"
2026-10-09T04:14:54.3664008Z       },
2026-10-09T04:14:54.3664216Z       {
2026-10-09T04:14:54.3664671Z         "test": "TestExecSMTPUTF8Capabilities/direct_starttls/capable=false/unicode_sender_envelope_only",
2026-10-09T04:14:54.3665668Z         "wire": "r5_exec_smtputf8_test.go:340: EXEC09_SENT_WITHOUT_SMTPUTF8 MAIL=[\"MAIL FROM:<\u53d1\u9001\u8005@example.test> BODY=8BITMIME\"] RCPT=[\"RCPT TO:<reader@recipient.test>\"] DATA=1 body_bytes=298"
2026-10-09T04:14:54.3666217Z       },
2026-10-09T04:14:54.3666410Z       {
2026-10-09T04:14:54.3666866Z         "test": "TestExecSMTPUTF8Capabilities/direct_starttls/capable=false/unicode_top_level_header",
2026-10-09T04:14:54.3667802Z         "wire": "r5_exec_smtputf8_test.go:340: EXEC09_SENT_WITHOUT_SMTPUTF8 MAIL=[\"MAIL FROM:<sender@example.test> BODY=8BITMIME\"] RCPT=[\"RCPT TO:<reader@recipient.test>\"] DATA=1 body_bytes=324"
2026-10-09T04:14:54.3668346Z       },
2026-10-09T04:14:54.3668586Z       {
2026-10-09T04:14:54.3669128Z         "test": "TestExecSMTPUTF8Capabilities/relay_implicit_tls/capable=false/unicode_domain_envelope_only",
2026-10-09T04:14:54.3670122Z         "wire": "r5_exec_smtputf8_test.go:340: EXEC09_SENT_WITHOUT_SMTPUTF8 MAIL=[\"MAIL FROM:<sender@example.test> BODY=8BITMIME\"] RCPT=[\"RCPT TO:<reader@\u4f8b\u5b50.test>\"] DATA=1 body_bytes=298"
2026-10-09T04:14:54.3670683Z       },
2026-10-09T04:14:54.3670932Z       {
2026-10-09T04:14:54.3671411Z         "test": "TestExecSMTPUTF8Capabilities/relay_implicit_tls/capable=false/unicode_last_bcc",
2026-10-09T04:14:54.3672551Z         "wire": "r5_exec_smtputf8_test.go:340: EXEC09_SENT_WITHOUT_SMTPUTF8 MAIL=[\"MAIL FROM:<sender@example.test> BODY=8BITMIME\"] RCPT=[\"RCPT TO:<reader@recipient.test>\" \"RCPT TO:<\\\"\u4fe1\u7bb1 @ \u5e2e\u52a9\u53f0\\\"@recipient.test>\"] DATA=1 body_bytes=298"
2026-10-09T04:14:54.3673220Z       },
2026-10-09T04:14:54.3673619Z       {
2026-10-09T04:14:54.3674133Z         "test": "TestExecSMTPUTF8Capabilities/relay_implicit_tls/capable=false/unicode_recipient_envelope_only",
2026-10-09T04:14:54.3675116Z         "wire": "r5_exec_smtputf8_test.go:340: EXEC09_SENT_WITHOUT_SMTPUTF8 MAIL=[\"MAIL FROM:<sender@example.test> BODY=8BITMIME\"] RCPT=[\"RCPT TO:<\u6536\u4ef6\u4eba@recipient.test>\"] DATA=1 body_bytes=298"
2026-10-09T04:14:54.3675725Z       },
2026-10-09T04:14:54.3675962Z       {
2026-10-09T04:14:54.3676445Z         "test": "TestExecSMTPUTF8Capabilities/relay_implicit_tls/capable=false/unicode_sender_envelope_only",
2026-10-09T04:14:54.3677476Z         "wire": "r5_exec_smtputf8_test.go:340: EXEC09_SENT_WITHOUT_SMTPUTF8 MAIL=[\"MAIL FROM:<\u53d1\u9001\u8005@example.test> BODY=8BITMIME\"] RCPT=[\"RCPT TO:<reader@recipient.test>\"] DATA=1 body_bytes=298"
2026-10-09T04:14:54.3678065Z       },
2026-10-09T04:14:54.3678309Z       {
2026-10-09T04:14:54.3678806Z         "test": "TestExecSMTPUTF8Capabilities/relay_implicit_tls/capable=false/unicode_top_level_header",
2026-10-09T04:14:54.3679723Z         "wire": "r5_exec_smtputf8_test.go:340: EXEC09_SENT_WITHOUT_SMTPUTF8 MAIL=[\"MAIL FROM:<sender@example.test> BODY=8BITMIME\"] RCPT=[\"RCPT TO:<reader@recipient.test>\"] DATA=1 body_bytes=324"
2026-10-09T04:14:54.3680311Z       },
2026-10-09T04:14:54.3680510Z       {
2026-10-09T04:14:54.3681025Z         "test": "TestExecSMTPUTF8Capabilities/relay_plain/capable=false/unicode_domain_envelope_only",
2026-10-09T04:14:54.3681979Z         "wire": "r5_exec_smtputf8_test.go:340: EXEC09_SENT_WITHOUT_SMTPUTF8 MAIL=[\"MAIL FROM:<sender@example.test> BODY=8BITMIME\"] RCPT=[\"RCPT TO:<reader@\u4f8b\u5b50.test>\"] DATA=1 body_bytes=298"
2026-10-09T04:14:54.3682549Z       },
2026-10-09T04:14:54.3682763Z       {
2026-10-09T04:14:54.3683168Z         "test": "TestExecSMTPUTF8Capabilities/relay_plain/capable=false/unicode_last_bcc",
2026-10-09T04:14:54.3684440Z         "wire": "r5_exec_smtputf8_test.go:340: EXEC09_SENT_WITHOUT_SMTPUTF8 MAIL=[\"MAIL FROM:<sender@example.test> BODY=8BITMIME\"] RCPT=[\"RCPT TO:<reader@recipient.test>\" \"RCPT TO:<\\\"\u4fe1\u7bb1 @ \u5e2e\u52a9\u53f0\\\"@recipient.test>\"] DATA=1 body_bytes=298"
2026-10-09T04:14:54.3685104Z       },
2026-10-09T04:14:54.3685336Z       {
2026-10-09T04:14:54.3685851Z         "test": "TestExecSMTPUTF8Capabilities/relay_plain/capable=false/unicode_recipient_envelope_only",
2026-10-09T04:14:54.3686821Z         "wire": "r5_exec_smtputf8_test.go:340: EXEC09_SENT_WITHOUT_SMTPUTF8 MAIL=[\"MAIL FROM:<sender@example.test> BODY=8BITMIME\"] RCPT=[\"RCPT TO:<\u6536\u4ef6\u4eba@recipient.test>\"] DATA=1 body_bytes=298"
2026-10-09T04:14:54.3687421Z       },
2026-10-09T04:14:54.3687633Z       {
2026-10-09T04:14:54.3688147Z         "test": "TestExecSMTPUTF8Capabilities/relay_plain/capable=false/unicode_sender_envelope_only",
2026-10-09T04:14:54.3689089Z         "wire": "r5_exec_smtputf8_test.go:340: EXEC09_SENT_WITHOUT_SMTPUTF8 MAIL=[\"MAIL FROM:<\u53d1\u9001\u8005@example.test> BODY=8BITMIME\"] RCPT=[\"RCPT TO:<reader@recipient.test>\"] DATA=1 body_bytes=298"
2026-10-09T04:14:54.3689645Z       },
2026-10-09T04:14:54.3689920Z       {
2026-10-09T04:14:54.3690351Z         "test": "TestExecSMTPUTF8Capabilities/relay_plain/capable=false/unicode_top_level_header",
2026-10-09T04:14:54.3691336Z         "wire": "r5_exec_smtputf8_test.go:340: EXEC09_SENT_WITHOUT_SMTPUTF8 MAIL=[\"MAIL FROM:<sender@example.test> BODY=8BITMIME\"] RCPT=[\"RCPT TO:<reader@recipient.test>\"] DATA=1 body_bytes=324"
2026-10-09T04:14:54.3691907Z       },
2026-10-09T04:14:54.3692151Z       {
2026-10-09T04:14:54.3692626Z         "test": "TestExecSMTPUTF8Capabilities/relay_starttls/capable=false/unicode_domain_envelope_only",
2026-10-09T04:14:54.3693745Z         "wire": "r5_exec_smtputf8_test.go:340: EXEC09_SENT_WITHOUT_SMTPUTF8 MAIL=[\"MAIL FROM:<sender@example.test> BODY=8BITMIME\"] RCPT=[\"RCPT TO:<reader@\u4f8b\u5b50.test>\"] DATA=1 body_bytes=298"
2026-10-09T04:14:54.3694374Z       },
2026-10-09T04:14:54.3694592Z       {
2026-10-09T04:14:54.3695052Z         "test": "TestExecSMTPUTF8Capabilities/relay_starttls/capable=false/unicode_last_bcc",
2026-10-09T04:14:54.3696204Z         "wire": "r5_exec_smtputf8_test.go:340: EXEC09_SENT_WITHOUT_SMTPUTF8 MAIL=[\"MAIL FROM:<sender@example.test> BODY=8BITMIME\"] RCPT=[\"RCPT TO:<reader@recipient.test>\" \"RCPT TO:<\\\"\u4fe1\u7bb1 @ \u5e2e\u52a9\u53f0\\\"@recipient.test>\"] DATA=1 body_bytes=298"
2026-10-09T04:14:54.3696863Z       },
2026-10-09T04:14:54.3697096Z       {
2026-10-09T04:14:54.3697601Z         "test": "TestExecSMTPUTF8Capabilities/relay_starttls/capable=false/unicode_recipient_envelope_only",
2026-10-09T04:14:54.3698679Z         "wire": "r5_exec_smtputf8_test.go:340: EXEC09_SENT_WITHOUT_SMTPUTF8 MAIL=[\"MAIL FROM:<sender@example.test> BODY=8BITMIME\"] RCPT=[\"RCPT TO:<\u6536\u4ef6\u4eba@recipient.test>\"] DATA=1 body_bytes=298"
2026-10-09T04:14:54.3699252Z       },
2026-10-09T04:14:54.3699466Z       {
2026-10-09T04:14:54.3699992Z         "test": "TestExecSMTPUTF8Capabilities/relay_starttls/capable=false/unicode_sender_envelope_only",
2026-10-09T04:14:54.3700950Z         "wire": "r5_exec_smtputf8_test.go:340: EXEC09_SENT_WITHOUT_SMTPUTF8 MAIL=[\"MAIL FROM:<\u53d1\u9001\u8005@example.test> BODY=8BITMIME\"] RCPT=[\"RCPT TO:<reader@recipient.test>\"] DATA=1 body_bytes=298"
2026-10-09T04:14:54.3701535Z       },
2026-10-09T04:14:54.3701748Z       {
2026-10-09T04:14:54.3702256Z         "test": "TestExecSMTPUTF8Capabilities/relay_starttls/capable=false/unicode_top_level_header",
2026-10-09T04:14:54.3703176Z         "wire": "r5_exec_smtputf8_test.go:340: EXEC09_SENT_WITHOUT_SMTPUTF8 MAIL=[\"MAIL FROM:<sender@example.test> BODY=8BITMIME\"] RCPT=[\"RCPT TO:<reader@recipient.test>\"] DATA=1 body_bytes=324"
2026-10-09T04:14:54.3703803Z       },
2026-10-09T04:14:54.3704089Z       {
2026-10-09T04:14:54.3704512Z         "test": "TestExecSMTPUTF8HELOFallback/direct_plain/unicode_sender_envelope_only",
2026-10-09T04:14:54.3705413Z         "wire": "r5_exec_smtputf8_test.go:386: EXEC09_SENT_WITHOUT_SMTPUTF8 MAIL=[\"MAIL FROM:<\u53d1\u9001\u8005@example.test>\"] RCPT=[\"RCPT TO:<reader@recipient.test>\"] DATA=1 body_bytes=298"
2026-10-09T04:14:54.3705962Z       },
2026-10-09T04:14:54.3706216Z       {
2026-10-09T04:14:54.3706647Z         "test": "TestExecSMTPUTF8HELOFallback/relay_plain/unicode_sender_envelope_only",
2026-10-09T04:14:54.3707522Z         "wire": "r5_exec_smtputf8_test.go:386: EXEC09_SENT_WITHOUT_SMTPUTF8 MAIL=[\"MAIL FROM:<\u53d1\u9001\u8005@example.test>\"] RCPT=[\"RCPT TO:<reader@recipient.test>\"] DATA=1 body_bytes=298"
2026-10-09T04:14:54.3708099Z       },
2026-10-09T04:14:54.3708328Z       {
2026-10-09T04:14:54.3708817Z         "test": "TestExecSMTPUTF8RefreshAfterSTARTTLS/direct_starttls/final_capable=false/unicode_last_bcc",
2026-10-09T04:14:54.3709990Z         "wire": "r5_exec_smtputf8_test.go:365: EXEC09_SENT_WITHOUT_SMTPUTF8 MAIL=[\"MAIL FROM:<sender@example.test> BODY=8BITMIME\"] RCPT=[\"RCPT TO:<reader@recipient.test>\" \"RCPT TO:<\\\"\u4fe1\u7bb1 @ \u5e2e\u52a9\u53f0\\\"@recipient.test>\"] DATA=1 body_bytes=298"
2026-10-09T04:14:54.3710683Z       },
2026-10-09T04:14:54.3710927Z       {
2026-10-09T04:14:54.3711428Z         "test": "TestExecSMTPUTF8RefreshAfterSTARTTLS/relay_starttls/final_capable=false/unicode_last_bcc",
2026-10-09T04:14:54.3712668Z         "wire": "r5_exec_smtputf8_test.go:365: EXEC09_SENT_WITHOUT_SMTPUTF8 MAIL=[\"MAIL FROM:<sender@example.test> BODY=8BITMIME\"] RCPT=[\"RCPT TO:<reader@recipient.test>\" \"RCPT TO:<\\\"\u4fe1\u7bb1 @ \u5e2e\u52a9\u53f0\\\"@recipient.test>\"] DATA=1 body_bytes=298"
2026-10-09T04:14:54.3713410Z       },
2026-10-09T04:14:54.3713618Z       {
2026-10-09T04:14:54.3714098Z         "test": "TestExecSMTPUTF8SubmissionRecipientLedger/direct_plain/capable=false/bcc",
2026-10-09T04:14:54.3715141Z         "wire": "r5_exec_smtputf8_test.go:506: EXEC09_SENT_WITHOUT_SMTPUTF8 MAIL=[\"MAIL FROM:<sender@example.test> BODY=8BITMIME\"] RCPT=[\"RCPT TO:<\\\"\u4fe1\u7bb1 @ \u5e2e\u52a9\u53f0\\\"@recipient.test>\"] DATA=1 body_bytes=315"
2026-10-09T04:14:54.3715771Z       },
2026-10-09T04:14:54.3715988Z       {
2026-10-09T04:14:54.3716451Z         "test": "TestExecSMTPUTF8SubmissionRecipientLedger/direct_plain/capable=false/cc",
2026-10-09T04:14:54.3717486Z         "wire": "r5_exec_smtputf8_test.go:506: EXEC09_SENT_WITHOUT_SMTPUTF8 MAIL=[\"MAIL FROM:<sender@example.test> BODY=8BITMIME\"] RCPT=[\"RCPT TO:<\\\"\u4fe1\u7bb1 @ \u5e2e\u52a9\u53f0\\\"@recipient.test>\"] DATA=1 body_bytes=356"
2026-10-09T04:14:54.3718083Z       },
2026-10-09T04:14:54.3718307Z       {
2026-10-09T04:14:54.3718792Z         "test": "TestExecSMTPUTF8SubmissionRecipientLedger/direct_plain/capable=false/header",
2026-10-09T04:14:54.3719793Z         "wire": "r5_exec_smtputf8_test.go:506: EXEC09_SENT_WITHOUT_SMTPUTF8 MAIL=[\"MAIL FROM:<sender@example.test> BODY=8BITMIME\"] RCPT=[\"RCPT TO:<reader@recipient.test>\"] DATA=1 body_bytes=368"
2026-10-09T04:14:54.3720351Z       },
2026-10-09T04:14:54.3720590Z       {
2026-10-09T04:14:54.3721051Z         "test": "TestExecSMTPUTF8SubmissionRecipientLedger/direct_plain/capable=false/to",
2026-10-09T04:14:54.3722039Z         "wire": "r5_exec_smtputf8_test.go:506: EXEC09_SENT_WITHOUT_SMTPUTF8 MAIL=[\"MAIL FROM:<sender@example.test> BODY=8BITMIME\"] RCPT=[\"RCPT TO:<\\\"\u4fe1\u7bb1 @ \u5e2e\u52a9\u53f0\\\"@recipient.test>\"] DATA=1 body_bytes=356"
2026-10-09T04:14:54.3722700Z       },
2026-10-09T04:14:54.3722915Z       {
2026-10-09T04:14:54.3723409Z         "test": "TestExecSMTPUTF8SubmissionRecipientLedger/relay_plain/capable=false/bcc",
2026-10-09T04:14:54.3725635Z         "wire": "r5_exec_smtputf8_test.go:506: EXEC09_SENT_WITHOUT_SMTPUTF8 MAIL=[\"MAIL FROM:<sender@example.test> BODY=8BITMIME\"] RCPT=[\"RCPT TO:<\\\"\u4fe1\u7bb1 @ \u5e2e\u52a9\u53f0\\\"@recipient.test>\"] DATA=1 body_bytes=315"
2026-10-09T04:14:54.3726284Z       },
2026-10-09T04:14:54.3726512Z       {
2026-10-09T04:14:54.3726942Z         "test": "TestExecSMTPUTF8SubmissionRecipientLedger/relay_plain/capable=false/cc",
2026-10-09T04:14:54.3727920Z         "wire": "r5_exec_smtputf8_test.go:506: EXEC09_SENT_WITHOUT_SMTPUTF8 MAIL=[\"MAIL FROM:<sender@example.test> BODY=8BITMIME\"] RCPT=[\"RCPT TO:<\\\"\u4fe1\u7bb1 @ \u5e2e\u52a9\u53f0\\\"@recipient.test>\"] DATA=1 body_bytes=356"
2026-10-09T04:14:54.3728578Z       },
2026-10-09T04:14:54.3728809Z       {
2026-10-09T04:14:54.3729261Z         "test": "TestExecSMTPUTF8SubmissionRecipientLedger/relay_plain/capable=false/header",
2026-10-09T04:14:54.3730204Z         "wire": "r5_exec_smtputf8_test.go:506: EXEC09_SENT_WITHOUT_SMTPUTF8 MAIL=[\"MAIL FROM:<sender@example.test> BODY=8BITMIME\"] RCPT=[\"RCPT TO:<reader@recipient.test>\"] DATA=1 body_bytes=368"
2026-10-09T04:14:54.3730743Z       },
2026-10-09T04:14:54.3730975Z       {
2026-10-09T04:14:54.3731457Z         "test": "TestExecSMTPUTF8SubmissionRecipientLedger/relay_plain/capable=false/to",
2026-10-09T04:14:54.3732464Z         "wire": "r5_exec_smtputf8_test.go:506: EXEC09_SENT_WITHOUT_SMTPUTF8 MAIL=[\"MAIL FROM:<sender@example.test> BODY=8BITMIME\"] RCPT=[\"RCPT TO:<\\\"\u4fe1\u7bb1 @ \u5e2e\u52a9\u53f0\\\"@recipient.test>\"] DATA=1 body_bytes=356"
2026-10-09T04:14:54.3733045Z       },
2026-10-09T04:14:54.3733359Z       {
2026-10-09T04:14:54.3733792Z         "test": "TestExecSMTPUTF8TriesNextMXBeforeSending",
2026-10-09T04:14:54.3734724Z         "wire": "r5_exec_smtputf8_test.go:422: EXEC09_SENT_WITHOUT_SMTPUTF8 MAIL=[\"MAIL FROM:<sender@example.test> BODY=8BITMIME\"] RCPT=[\"RCPT TO:<\u6536\u4ef6\u4eba@recipient.test>\"] DATA=1 body_bytes=298"
2026-10-09T04:14:54.3735301Z       }
2026-10-09T04:14:54.3735499Z     ]
2026-10-09T04:14:54.3735735Z   }
2026-10-09T04:14:54.3735946Z }
2026-10-09T04:14:54.3736067Z 
2026-10-09T04:14:54.3736163Z EXEC09_RAW_END baseline/verified.json
2026-10-09T04:14:54.3736475Z EXEC09_RAW_BEGIN candidate/execution.json
2026-10-09T04:14:54.3736753Z {
2026-10-09T04:14:54.3737146Z   "before": {
2026-10-09T04:14:54.3737440Z     "commit": "e7f80316b25dba2cf0a35996bd45c00c62443668",
2026-10-09T04:14:54.3737802Z     "tree": "4034b36faa89a421f2a21b525cf35e93da4a1670",
2026-10-09T04:14:54.3738256Z     "test_sha256": "03047b4ba6b9c4590e032dfc58eeada6750e3b2e4c7aa80b96859ab98354e372"
2026-10-09T04:14:54.3738590Z   },
2026-10-09T04:14:54.3738822Z   "after": {
2026-10-09T04:14:54.3739101Z     "commit": "e7f80316b25dba2cf0a35996bd45c00c62443668",
2026-10-09T04:14:54.3739481Z     "tree": "4034b36faa89a421f2a21b525cf35e93da4a1670",
2026-10-09T04:14:54.3739897Z     "test_sha256": "03047b4ba6b9c4590e032dfc58eeada6750e3b2e4c7aa80b96859ab98354e372"
2026-10-09T04:14:54.3740226Z   },
2026-10-09T04:14:54.3740486Z   "command": [
2026-10-09T04:14:54.3740689Z     "go",
2026-10-09T04:14:54.3740915Z     "test",
2026-10-09T04:14:54.3741136Z     "-mod=readonly",
2026-10-09T04:14:54.3741418Z     "-json",
2026-10-09T04:14:54.3741687Z     "-race",
2026-10-09T04:14:54.3741881Z     "-p",
2026-10-09T04:14:54.3742101Z     "1",
2026-10-09T04:14:54.3742304Z     "-count=1",
2026-10-09T04:14:54.3742594Z     "-timeout=120s",
2026-10-09T04:14:54.3742820Z     "-run",
2026-10-09T04:14:54.3743035Z     "^TestExecSMTPUTF8",
2026-10-09T04:14:54.3743839Z     "./internal/outbound"
2026-10-09T04:14:54.3744111Z   ],
2026-10-09T04:14:54.3744353Z   "exit_code": 0,
2026-10-09T04:14:54.3744582Z   "timed_out": false,
2026-10-09T04:14:54.3744925Z   "stdout_sha256": "6aaeefbd54fc273e8e4dd269d8ae3f6c76b8c6433c452a4c85259999623b549f",
2026-10-09T04:14:54.3745456Z   "stderr_sha256": "e3b0c44298fc1c149afbf4c8996fb92427ae41e4649b934ca495991b7852b855"
2026-10-09T04:14:54.3745789Z }
2026-10-09T04:14:54.3745926Z 
2026-10-09T04:14:54.3746039Z EXEC09_RAW_END candidate/execution.json
2026-10-09T04:14:54.3746315Z EXEC09_RAW_BEGIN candidate/go-test.jsonl
2026-10-09T04:14:54.3746721Z {"Time":"2026-10-09T04:14:52.633103413Z","Action":"start","Package":"tabmail/internal/outbound"}
2026-10-09T04:14:54.3747287Z {"Time":"2026-10-09T04:14:52.651566047Z","Action":"run","Package":"tabmail/internal/outbound","Test":"TestExecSMTPUTF8Capabilities"}
2026-10-09T04:14:54.3748040Z {"Time":"2026-10-09T04:14:52.651587343Z","Action":"output","Package":"tabmail/internal/outbound","Test":"TestExecSMTPUTF8Capabilities","Output":"=== RUN   TestExecSMTPUTF8Capabilities\n"}
2026-10-09T04:14:54.3748889Z {"Time":"2026-10-09T04:14:52.651610122Z","Action":"run","Package":"tabmail/internal/outbound","Test":"TestExecSMTPUTF8Capabilities/relay_plain/capable=false/ascii_quoted_alabel"}
2026-10-09T04:14:54.3749929Z {"Time":"2026-10-09T04:14:52.651611909Z","Action":"output","Package":"tabmail/internal/outbound","Test":"TestExecSMTPUTF8Capabilities/relay_plain/capable=false/ascii_quoted_alabel","Output":"=== RUN   TestExecSMTPUTF8Capabilities/relay_plain/capable=false/ascii_quoted_alabel\n"}
2026-10-09T04:14:54.3751226Z {"Time":"2026-10-09T04:14:52.656236558Z","Action":"output","Package":"tabmail/internal/outbound","Test":"TestExecSMTPUTF8Capabilities/relay_plain/capable=false/ascii_quoted_alabel","Output":"--- PASS: TestExecSMTPUTF8Capabilities/relay_plain/capable=false/ascii_quoted_alabel (0.00s)\n"}
2026-10-09T04:14:54.3752340Z {"Time":"2026-10-09T04:14:52.656248688Z","Action":"pass","Package":"tabmail/internal/outbound","Test":"TestExecSMTPUTF8Capabilities/relay_plain/capable=false/ascii_quoted_alabel","Elapsed":0}
2026-10-09T04:14:54.3753200Z {"Time":"2026-10-09T04:14:52.656285645Z","Action":"run","Package":"tabmail/internal/outbound","Test":"TestExecSMTPUTF8Capabilities/relay_plain/capable=false/unicode_sender_envelope_only"}
2026-10-09T04:14:54.3754485Z {"Time":"2026-10-09T04:14:52.656287797Z","Action":"output","Package":"tabmail/internal/outbound","Test":"TestExecSMTPUTF8Capabilities/relay_plain/capable=false/unicode_sender_envelope_only","Output":"=== RUN   TestExecSMTPUTF8Capabilities/relay_plain/capable=false/unicode_sender_envelope_only\n"}
2026-10-09T04:14:54.3755839Z {"Time":"2026-10-09T04:14:52.658777005Z","Action":"output","Package":"tabmail/internal/outbound","Test":"TestExecSMTPUTF8Capabilities/relay_plain/capable=false/unicode_sender_envelope_only","Output":"--- PASS: TestExecSMTPUTF8Capabilities/relay_plain/capable=false/unicode_sender_envelope_only (0.00s)\n"}
2026-10-09T04:14:54.3757008Z {"Time":"2026-10-09T04:14:52.65878522Z","Action":"pass","Package":"tabmail/internal/outbound","Test":"TestExecSMTPUTF8Capabilities/relay_plain/capable=false/unicode_sender_envelope_only","Elapsed":0}
2026-10-09T04:14:54.3757895Z {"Time":"2026-10-09T04:14:52.658818466Z","Action":"run","Package":"tabmail/internal/outbound","Test":"TestExecSMTPUTF8Capabilities/relay_plain/capable=false/unicode_recipient_envelope_only"}
2026-10-09T04:14:54.3758994Z {"Time":"2026-10-09T04:14:52.658820921Z","Action":"output","Package":"tabmail/internal/outbound","Test":"TestExecSMTPUTF8Capabilities/relay_plain/capable=false/unicode_recipient_envelope_only","Output":"=== RUN   TestExecSMTPUTF8Capabilities/relay_plain/capable=false/unicode_recipient_envelope_only\n"}
2026-10-09T04:14:54.3760439Z {"Time":"2026-10-09T04:14:52.66130726Z","Action":"output","Package":"tabmail/internal/outbound","Test":"TestExecSMTPUTF8Capabilities/relay_plain/capable=false/unicode_recipient_envelope_only","Output":"--- PASS: TestExecSMTPUTF8Capabilities/relay_plain/capable=false/unicode_recipient_envelope_only (0.00s)\n"}
2026-10-09T04:14:54.3761623Z {"Time":"2026-10-09T04:14:52.661315894Z","Action":"pass","Package":"tabmail/internal/outbound","Test":"TestExecSMTPUTF8Capabilities/relay_plain/capable=false/unicode_recipient_envelope_only","Elapsed":0}
2026-10-09T04:14:54.3762622Z {"Time":"2026-10-09T04:14:52.661372252Z","Action":"run","Package":"tabmail/internal/outbound","Test":"TestExecSMTPUTF8Capabilities/relay_plain/capable=false/unicode_domain_envelope_only"}
2026-10-09T04:14:54.3763791Z {"Time":"2026-10-09T04:14:52.661375345Z","Action":"output","Package":"tabmail/internal/outbound","Test":"TestExecSMTPUTF8Capabilities/relay_plain/capable=false/unicode_domain_envelope_only","Output":"=== RUN   TestExecSMTPUTF8Capabilities/relay_plain/capable=false/unicode_domain_envelope_only\n"}
2026-10-09T04:14:54.3765140Z {"Time":"2026-10-09T04:14:52.663730399Z","Action":"output","Package":"tabmail/internal/outbound","Test":"TestExecSMTPUTF8Capabilities/relay_plain/capable=false/unicode_domain_envelope_only","Output":"--- PASS: TestExecSMTPUTF8Capabilities/relay_plain/capable=false/unicode_domain_envelope_only (0.00s)\n"}
2026-10-09T04:14:54.3766302Z {"Time":"2026-10-09T04:14:52.663755989Z","Action":"pass","Package":"tabmail/internal/outbound","Test":"TestExecSMTPUTF8Capabilities/relay_plain/capable=false/unicode_domain_envelope_only","Elapsed":0}
2026-10-09T04:14:54.3767154Z {"Time":"2026-10-09T04:14:52.663761421Z","Action":"run","Package":"tabmail/internal/outbound","Test":"TestExecSMTPUTF8Capabilities/relay_plain/capable=false/unicode_last_bcc"}
2026-10-09T04:14:54.3768239Z {"Time":"2026-10-09T04:14:52.663763483Z","Action":"output","Package":"tabmail/internal/outbound","Test":"TestExecSMTPUTF8Capabilities/relay_plain/capable=false/unicode_last_bcc","Output":"=== RUN   TestExecSMTPUTF8Capabilities/relay_plain/capable=false/unicode_last_bcc\n"}
2026-10-09T04:14:54.3769476Z {"Time":"2026-10-09T04:14:52.666172797Z","Action":"output","Package":"tabmail/internal/outbound","Test":"TestExecSMTPUTF8Capabilities/relay_plain/capable=false/unicode_last_bcc","Output":"--- PASS: TestExecSMTPUTF8Capabilities/relay_plain/capable=false/unicode_last_bcc (0.00s)\n"}
2026-10-09T04:14:54.3770628Z {"Time":"2026-10-09T04:14:52.666179519Z","Action":"pass","Package":"tabmail/internal/outbound","Test":"TestExecSMTPUTF8Capabilities/relay_plain/capable=false/unicode_last_bcc","Elapsed":0}
2026-10-09T04:14:54.3771516Z {"Time":"2026-10-09T04:14:52.666228544Z","Action":"run","Package":"tabmail/internal/outbound","Test":"TestExecSMTPUTF8Capabilities/relay_plain/capable=false/unicode_top_level_header"}
2026-10-09T04:14:54.3772626Z {"Time":"2026-10-09T04:14:52.666232462Z","Action":"output","Package":"tabmail/internal/outbound","Test":"TestExecSMTPUTF8Capabilities/relay_plain/capable=false/unicode_top_level_header","Output":"=== RUN   TestExecSMTPUTF8Capabilities/relay_plain/capable=false/unicode_top_level_header\n"}
2026-10-09T04:14:54.3774195Z {"Time":"2026-10-09T04:14:52.668589514Z","Action":"output","Package":"tabmail/internal/outbound","Test":"TestExecSMTPUTF8Capabilities/relay_plain/capable=false/unicode_top_level_header","Output":"--- PASS: TestExecSMTPUTF8Capabilities/relay_plain/capable=false/unicode_top_level_header (0.00s)\n"}
2026-10-09T04:14:54.3775290Z {"Time":"2026-10-09T04:14:52.668601486Z","Action":"pass","Package":"tabmail/internal/outbound","Test":"TestExecSMTPUTF8Capabilities/relay_plain/capable=false/unicode_top_level_header","Elapsed":0}
2026-10-09T04:14:54.3776177Z {"Time":"2026-10-09T04:14:52.668634476Z","Action":"run","Package":"tabmail/internal/outbound","Test":"TestExecSMTPUTF8Capabilities/relay_plain/capable=false/encoded_headers_body_and_attachment"}
2026-10-09T04:14:54.3777381Z {"Time":"2026-10-09T04:14:52.668637141Z","Action":"output","Package":"tabmail/internal/outbound","Test":"TestExecSMTPUTF8Capabilities/relay_plain/capable=false/encoded_headers_body_and_attachment","Output":"=== RUN   TestExecSMTPUTF8Capabilities/relay_plain/capable=false/encoded_headers_body_and_attachment\n"}
2026-10-09T04:14:54.3778769Z {"Time":"2026-10-09T04:14:52.671444443Z","Action":"output","Package":"tabmail/internal/outbound","Test":"TestExecSMTPUTF8Capabilities/relay_plain/capable=false/encoded_headers_body_and_attachment","Output":"--- PASS: TestExecSMTPUTF8Capabilities/relay_plain/capable=false/encoded_headers_body_and_attachment (0.00s)\n"}
2026-10-09T04:14:54.3779957Z {"Time":"2026-10-09T04:14:52.671461232Z","Action":"pass","Package":"tabmail/internal/outbound","Test":"TestExecSMTPUTF8Capabilities/relay_plain/capable=false/encoded_headers_body_and_attachment","Elapsed":0}
2026-10-09T04:14:54.3780831Z {"Time":"2026-10-09T04:14:52.671467075Z","Action":"run","Package":"tabmail/internal/outbound","Test":"TestExecSMTPUTF8Capabilities/relay_plain/capable=false/eight_bit_body_only"}
2026-10-09T04:14:54.3781858Z {"Time":"2026-10-09T04:14:52.671468945Z","Action":"output","Package":"tabmail/internal/outbound","Test":"TestExecSMTPUTF8Capabilities/relay_plain/capable=false/eight_bit_body_only","Output":"=== RUN   TestExecSMTPUTF8Capabilities/relay_plain/capable=false/eight_bit_body_only\n"}
2026-10-09T04:14:54.3783181Z {"Time":"2026-10-09T04:14:52.673842103Z","Action":"output","Package":"tabmail/internal/outbound","Test":"TestExecSMTPUTF8Capabilities/relay_plain/capable=false/eight_bit_body_only","Output":"--- PASS: TestExecSMTPUTF8Capabilities/relay_plain/capable=false/eight_bit_body_only (0.00s)\n"}
2026-10-09T04:14:54.3784609Z {"Time":"2026-10-09T04:14:52.673847595Z","Action":"pass","Package":"tabmail/internal/outbound","Test":"TestExecSMTPUTF8Capabilities/relay_plain/capable=false/eight_bit_body_only","Elapsed":0}
2026-10-09T04:14:54.3785489Z {"Time":"2026-10-09T04:14:52.673869051Z","Action":"run","Package":"tabmail/internal/outbound","Test":"TestExecSMTPUTF8Capabilities/relay_plain/capable=true/ascii_quoted_alabel"}
2026-10-09T04:14:54.3786538Z {"Time":"2026-10-09T04:14:52.673871401Z","Action":"output","Package":"tabmail/internal/outbound","Test":"TestExecSMTPUTF8Capabilities/relay_plain/capable=true/ascii_quoted_alabel","Output":"=== RUN   TestExecSMTPUTF8Capabilities/relay_plain/capable=true/ascii_quoted_alabel\n"}
2026-10-09T04:14:54.3787867Z {"Time":"2026-10-09T04:14:52.676293131Z","Action":"output","Package":"tabmail/internal/outbound","Test":"TestExecSMTPUTF8Capabilities/relay_plain/capable=true/ascii_quoted_alabel","Output":"--- PASS: TestExecSMTPUTF8Capabilities/relay_plain/capable=true/ascii_quoted_alabel (0.00s)\n"}
2026-10-09T04:14:54.3788975Z {"Time":"2026-10-09T04:14:52.676301552Z","Action":"pass","Package":"tabmail/internal/outbound","Test":"TestExecSMTPUTF8Capabilities/relay_plain/capable=true/ascii_quoted_alabel","Elapsed":0}
2026-10-09T04:14:54.3789832Z {"Time":"2026-10-09T04:14:52.676318121Z","Action":"run","Package":"tabmail/internal/outbound","Test":"TestExecSMTPUTF8Capabilities/relay_plain/capable=true/unicode_sender_envelope_only"}
2026-10-09T04:14:54.3790953Z {"Time":"2026-10-09T04:14:52.676320599Z","Action":"output","Package":"tabmail/internal/outbound","Test":"TestExecSMTPUTF8Capabilities/relay_plain/capable=true/unicode_sender_envelope_only","Output":"=== RUN   TestExecSMTPUTF8Capabilities/relay_plain/capable=true/unicode_sender_envelope_only\n"}
2026-10-09T04:14:54.3792304Z {"Time":"2026-10-09T04:14:52.678856566Z","Action":"output","Package":"tabmail/internal/outbound","Test":"TestExecSMTPUTF8Capabilities/relay_plain/capable=true/unicode_sender_envelope_only","Output":"--- PASS: TestExecSMTPUTF8Capabilities/relay_plain/capable=true/unicode_sender_envelope_only (0.00s)\n"}
2026-10-09T04:14:54.3793518Z {"Time":"2026-10-09T04:14:52.678871239Z","Action":"pass","Package":"tabmail/internal/outbound","Test":"TestExecSMTPUTF8Capabilities/relay_plain/capable=true/unicode_sender_envelope_only","Elapsed":0}
2026-10-09T04:14:54.3794545Z {"Time":"2026-10-09T04:14:52.678875247Z","Action":"run","Package":"tabmail/internal/outbound","Test":"TestExecSMTPUTF8Capabilities/relay_plain/capable=true/unicode_recipient_envelope_only"}
2026-10-09T04:14:54.3795635Z {"Time":"2026-10-09T04:14:52.678880102Z","Action":"output","Package":"tabmail/internal/outbound","Test":"TestExecSMTPUTF8Capabilities/relay_plain/capable=true/unicode_recipient_envelope_only","Output":"=== RUN   TestExecSMTPUTF8Capabilities/relay_plain/capable=true/unicode_recipient_envelope_only\n"}
2026-10-09T04:14:54.3797011Z {"Time":"2026-10-09T04:14:52.681352883Z","Action":"output","Package":"tabmail/internal/outbound","Test":"TestExecSMTPUTF8Capabilities/relay_plain/capable=true/unicode_recipient_envelope_only","Output":"--- PASS: TestExecSMTPUTF8Capabilities/relay_plain/capable=true/unicode_recipient_envelope_only (0.00s)\n"}
2026-10-09T04:14:54.3798167Z {"Time":"2026-10-09T04:14:52.681365685Z","Action":"pass","Package":"tabmail/internal/outbound","Test":"TestExecSMTPUTF8Capabilities/relay_plain/capable=true/unicode_recipient_envelope_only","Elapsed":0}
2026-10-09T04:14:54.3799067Z {"Time":"2026-10-09T04:14:52.681396682Z","Action":"run","Package":"tabmail/internal/outbound","Test":"TestExecSMTPUTF8Capabilities/relay_plain/capable=true/unicode_domain_envelope_only"}
2026-10-09T04:14:54.3800147Z {"Time":"2026-10-09T04:14:52.681399311Z","Action":"output","Package":"tabmail/internal/outbound","Test":"TestExecSMTPUTF8Capabilities/relay_plain/capable=true/unicode_domain_envelope_only","Output":"=== RUN   TestExecSMTPUTF8Capabilities/relay_plain/capable=true/unicode_domain_envelope_only\n"}
2026-10-09T04:14:54.3801457Z {"Time":"2026-10-09T04:14:52.683769383Z","Action":"output","Package":"tabmail/internal/outbound","Test":"TestExecSMTPUTF8Capabilities/relay_plain/capable=true/unicode_domain_envelope_only","Output":"--- PASS: TestExecSMTPUTF8Capabilities/relay_plain/capable=true/unicode_domain_envelope_only (0.00s)\n"}
2026-10-09T04:14:54.3802797Z {"Time":"2026-10-09T04:14:52.683783431Z","Action":"pass","Package":"tabmail/internal/outbound","Test":"TestExecSMTPUTF8Capabilities/relay_plain/capable=true/unicode_domain_envelope_only","Elapsed":0}
2026-10-09T04:14:54.3803704Z {"Time":"2026-10-09T04:14:52.68378735Z","Action":"run","Package":"tabmail/internal/outbound","Test":"TestExecSMTPUTF8Capabilities/relay_plain/capable=true/unicode_last_bcc"}
2026-10-09T04:14:54.3804803Z {"Time":"2026-10-09T04:14:52.683797506Z","Action":"output","Package":"tabmail/internal/outbound","Test":"TestExecSMTPUTF8Capabilities/relay_plain/capable=true/unicode_last_bcc","Output":"=== RUN   TestExecSMTPUTF8Capabilities/relay_plain/capable=true/unicode_last_bcc\n"}
2026-10-09T04:14:54.3806101Z {"Time":"2026-10-09T04:14:52.686255102Z","Action":"output","Package":"tabmail/internal/outbound","Test":"TestExecSMTPUTF8Capabilities/relay_plain/capable=true/unicode_last_bcc","Output":"--- PASS: TestExecSMTPUTF8Capabilities/relay_plain/capable=true/unicode_last_bcc (0.00s)\n"}
2026-10-09T04:14:54.3807129Z {"Time":"2026-10-09T04:14:52.686267674Z","Action":"pass","Package":"tabmail/internal/outbound","Test":"TestExecSMTPUTF8Capabilities/relay_plain/capable=true/unicode_last_bcc","Elapsed":0}
2026-10-09T04:14:54.3808060Z {"Time":"2026-10-09T04:14:52.686294013Z","Action":"run","Package":"tabmail/internal/outbound","Test":"TestExecSMTPUTF8Capabilities/relay_plain/capable=true/unicode_top_level_header"}
2026-10-09T04:14:54.3809145Z {"Time":"2026-10-09T04:14:52.686296743Z","Action":"output","Package":"tabmail/internal/outbound","Test":"TestExecSMTPUTF8Capabilities/relay_plain/capable=true/unicode_top_level_header","Output":"=== RUN   TestExecSMTPUTF8Capabilities/relay_plain/capable=true/unicode_top_level_header\n"}
2026-10-09T04:14:54.3810504Z {"Time":"2026-10-09T04:14:52.689373664Z","Action":"output","Package":"tabmail/internal/outbound","Test":"TestExecSMTPUTF8Capabilities/relay_plain/capable=true/unicode_top_level_header","Output":"--- PASS: TestExecSMTPUTF8Capabilities/relay_plain/capable=true/unicode_top_level_header (0.00s)\n"}
2026-10-09T04:14:54.3811669Z {"Time":"2026-10-09T04:14:52.68938959Z","Action":"pass","Package":"tabmail/internal/outbound","Test":"TestExecSMTPUTF8Capabilities/relay_plain/capable=true/unicode_top_level_header","Elapsed":0}
2026-10-09T04:14:54.3812569Z {"Time":"2026-10-09T04:14:52.689394557Z","Action":"run","Package":"tabmail/internal/outbound","Test":"TestExecSMTPUTF8Capabilities/relay_plain/capable=true/encoded_headers_body_and_attachment"}
2026-10-09T04:14:54.3813931Z {"Time":"2026-10-09T04:14:52.689396685Z","Action":"output","Package":"tabmail/internal/outbound","Test":"TestExecSMTPUTF8Capabilities/relay_plain/capable=true/encoded_headers_body_and_attachment","Output":"=== RUN   TestExecSMTPUTF8Capabilities/relay_plain/capable=true/encoded_headers_body_and_attachment\n"}
2026-10-09T04:14:54.3815337Z {"Time":"2026-10-09T04:14:52.692005012Z","Action":"output","Package":"tabmail/internal/outbound","Test":"TestExecSMTPUTF8Capabilities/relay_plain/capable=true/encoded_headers_body_and_attachment","Output":"--- PASS: TestExecSMTPUTF8Capabilities/relay_plain/capable=true/encoded_headers_body_and_attachment (0.00s)\n"}
2026-10-09T04:14:54.3816589Z {"Time":"2026-10-09T04:14:52.692019785Z","Action":"pass","Package":"tabmail/internal/outbound","Test":"TestExecSMTPUTF8Capabilities/relay_plain/capable=true/encoded_headers_body_and_attachment","Elapsed":0}
2026-10-09T04:14:54.3817477Z {"Time":"2026-10-09T04:14:52.692027144Z","Action":"run","Package":"tabmail/internal/outbound","Test":"TestExecSMTPUTF8Capabilities/relay_plain/capable=true/eight_bit_body_only"}
2026-10-09T04:14:54.3818539Z {"Time":"2026-10-09T04:14:52.692029653Z","Action":"output","Package":"tabmail/internal/outbound","Test":"TestExecSMTPUTF8Capabilities/relay_plain/capable=true/eight_bit_body_only","Output":"=== RUN   TestExecSMTPUTF8Capabilities/relay_plain/capable=true/eight_bit_body_only\n"}
2026-10-09T04:14:54.3819830Z {"Time":"2026-10-09T04:14:52.694482855Z","Action":"output","Package":"tabmail/internal/outbound","Test":"TestExecSMTPUTF8Capabilities/relay_plain/capable=true/eight_bit_body_only","Output":"--- PASS: TestExecSMTPUTF8Capabilities/relay_plain/capable=true/eight_bit_body_only (0.00s)\n"}
2026-10-09T04:14:54.3820902Z {"Time":"2026-10-09T04:14:52.694495772Z","Action":"pass","Package":"tabmail/internal/outbound","Test":"TestExecSMTPUTF8Capabilities/relay_plain/capable=true/eight_bit_body_only","Elapsed":0}
2026-10-09T04:14:54.3821811Z {"Time":"2026-10-09T04:14:52.694518627Z","Action":"run","Package":"tabmail/internal/outbound","Test":"TestExecSMTPUTF8Capabilities/relay_implicit_tls/capable=false/ascii_quoted_alabel"}
2026-10-09T04:14:54.3822965Z {"Time":"2026-10-09T04:14:52.694522551Z","Action":"output","Package":"tabmail/internal/outbound","Test":"TestExecSMTPUTF8Capabilities/relay_implicit_tls/capable=false/ascii_quoted_alabel","Output":"=== RUN   TestExecSMTPUTF8Capabilities/relay_implicit_tls/capable=false/ascii_quoted_alabel\n"}
2026-10-09T04:14:54.3824493Z {"Time":"2026-10-09T04:14:52.701754463Z","Action":"output","Package":"tabmail/internal/outbound","Test":"TestExecSMTPUTF8Capabilities/relay_implicit_tls/capable=false/ascii_quoted_alabel","Output":"--- PASS: TestExecSMTPUTF8Capabilities/relay_implicit_tls/capable=false/ascii_quoted_alabel (0.01s)\n"}
2026-10-09T04:14:54.3825661Z {"Time":"2026-10-09T04:14:52.701771132Z","Action":"pass","Package":"tabmail/internal/outbound","Test":"TestExecSMTPUTF8Capabilities/relay_implicit_tls/capable=false/ascii_quoted_alabel","Elapsed":0.01}
2026-10-09T04:14:54.3826584Z {"Time":"2026-10-09T04:14:52.701777373Z","Action":"run","Package":"tabmail/internal/outbound","Test":"TestExecSMTPUTF8Capabilities/relay_implicit_tls/capable=false/unicode_sender_envelope_only"}
2026-10-09T04:14:54.3827776Z {"Time":"2026-10-09T04:14:52.701779386Z","Action":"output","Package":"tabmail/internal/outbound","Test":"TestExecSMTPUTF8Capabilities/relay_implicit_tls/capable=false/unicode_sender_envelope_only","Output":"=== RUN   TestExecSMTPUTF8Capabilities/relay_implicit_tls/capable=false/unicode_sender_envelope_only\n"}
2026-10-09T04:14:54.3829251Z {"Time":"2026-10-09T04:14:52.708605832Z","Action":"output","Package":"tabmail/internal/outbound","Test":"TestExecSMTPUTF8Capabilities/relay_implicit_tls/capable=false/unicode_sender_envelope_only","Output":"--- PASS: TestExecSMTPUTF8Capabilities/relay_implicit_tls/capable=false/unicode_sender_envelope_only (0.01s)\n"}
2026-10-09T04:14:54.3830459Z {"Time":"2026-10-09T04:14:52.708619683Z","Action":"pass","Package":"tabmail/internal/outbound","Test":"TestExecSMTPUTF8Capabilities/relay_implicit_tls/capable=false/unicode_sender_envelope_only","Elapsed":0.01}
2026-10-09T04:14:54.3831412Z {"Time":"2026-10-09T04:14:52.708627327Z","Action":"run","Package":"tabmail/internal/outbound","Test":"TestExecSMTPUTF8Capabilities/relay_implicit_tls/capable=false/unicode_recipient_envelope_only"}
2026-10-09T04:14:54.3832609Z {"Time":"2026-10-09T04:14:52.708628974Z","Action":"output","Package":"tabmail/internal/outbound","Test":"TestExecSMTPUTF8Capabilities/relay_implicit_tls/capable=false/unicode_recipient_envelope_only","Output":"=== RUN   TestExecSMTPUTF8Capabilities/relay_implicit_tls/capable=false/unicode_recipient_envelope_only\n"}
2026-10-09T04:14:54.3834437Z {"Time":"2026-10-09T04:14:52.715350428Z","Action":"output","Package":"tabmail/internal/outbound","Test":"TestExecSMTPUTF8Capabilities/relay_implicit_tls/capable=false/unicode_recipient_envelope_only","Output":"--- PASS: TestExecSMTPUTF8Capabilities/relay_implicit_tls/capable=false/unicode_recipient_envelope_only (0.01s)\n"}
2026-10-09T04:14:54.3835647Z {"Time":"2026-10-09T04:14:52.715456961Z","Action":"pass","Package":"tabmail/internal/outbound","Test":"TestExecSMTPUTF8Capabilities/relay_implicit_tls/capable=false/unicode_recipient_envelope_only","Elapsed":0.01}
2026-10-09T04:14:54.3836644Z {"Time":"2026-10-09T04:14:52.71546397Z","Action":"run","Package":"tabmail/internal/outbound","Test":"TestExecSMTPUTF8Capabilities/relay_implicit_tls/capable=false/unicode_domain_envelope_only"}
2026-10-09T04:14:54.3837761Z {"Time":"2026-10-09T04:14:52.71546916Z","Action":"output","Package":"tabmail/internal/outbound","Test":"TestExecSMTPUTF8Capabilities/relay_implicit_tls/capable=false/unicode_domain_envelope_only","Output":"=== RUN   TestExecSMTPUTF8Capabilities/relay_implicit_tls/capable=false/unicode_domain_envelope_only\n"}
2026-10-09T04:14:54.3839167Z {"Time":"2026-10-09T04:14:52.72270812Z","Action":"output","Package":"tabmail/internal/outbound","Test":"TestExecSMTPUTF8Capabilities/relay_implicit_tls/capable=false/unicode_domain_envelope_only","Output":"--- PASS: TestExecSMTPUTF8Capabilities/relay_implicit_tls/capable=false/unicode_domain_envelope_only (0.01s)\n"}
2026-10-09T04:14:54.3840386Z {"Time":"2026-10-09T04:14:52.722748037Z","Action":"pass","Package":"tabmail/internal/outbound","Test":"TestExecSMTPUTF8Capabilities/relay_implicit_tls/capable=false/unicode_domain_envelope_only","Elapsed":0.01}
2026-10-09T04:14:54.3841293Z {"Time":"2026-10-09T04:14:52.722753961Z","Action":"run","Package":"tabmail/internal/outbound","Test":"TestExecSMTPUTF8Capabilities/relay_implicit_tls/capable=false/unicode_last_bcc"}
2026-10-09T04:14:54.3842375Z {"Time":"2026-10-09T04:14:52.722756882Z","Action":"output","Package":"tabmail/internal/outbound","Test":"TestExecSMTPUTF8Capabilities/relay_implicit_tls/capable=false/unicode_last_bcc","Output":"=== RUN   TestExecSMTPUTF8Capabilities/relay_implicit_tls/capable=false/unicode_last_bcc\n"}
2026-10-09T04:14:54.3843756Z {"Time":"2026-10-09T04:14:52.729453426Z","Action":"output","Package":"tabmail/internal/outbound","Test":"TestExecSMTPUTF8Capabilities/relay_implicit_tls/capable=false/unicode_last_bcc","Output":"--- PASS: TestExecSMTPUTF8Capabilities/relay_implicit_tls/capable=false/unicode_last_bcc (0.01s)\n"}
2026-10-09T04:14:54.3844844Z {"Time":"2026-10-09T04:14:52.729466527Z","Action":"pass","Package":"tabmail/internal/outbound","Test":"TestExecSMTPUTF8Capabilities/relay_implicit_tls/capable=false/unicode_last_bcc","Elapsed":0.01}
2026-10-09T04:14:54.3845787Z {"Time":"2026-10-09T04:14:52.729471428Z","Action":"run","Package":"tabmail/internal/outbound","Test":"TestExecSMTPUTF8Capabilities/relay_implicit_tls/capable=false/unicode_top_level_header"}
2026-10-09T04:14:54.3846936Z {"Time":"2026-10-09T04:14:52.729473354Z","Action":"output","Package":"tabmail/internal/outbound","Test":"TestExecSMTPUTF8Capabilities/relay_implicit_tls/capable=false/unicode_top_level_header","Output":"=== RUN   TestExecSMTPUTF8Capabilities/relay_implicit_tls/capable=false/unicode_top_level_header\n"}
2026-10-09T04:14:54.3848319Z {"Time":"2026-10-09T04:14:52.736882922Z","Action":"output","Package":"tabmail/internal/outbound","Test":"TestExecSMTPUTF8Capabilities/relay_implicit_tls/capable=false/unicode_top_level_header","Output":"--- PASS: TestExecSMTPUTF8Capabilities/relay_implicit_tls/capable=false/unicode_top_level_header (0.01s)\n"}
2026-10-09T04:14:54.3849516Z {"Time":"2026-10-09T04:14:52.736899474Z","Action":"pass","Package":"tabmail/internal/outbound","Test":"TestExecSMTPUTF8Capabilities/relay_implicit_tls/capable=false/unicode_top_level_header","Elapsed":0.01}
2026-10-09T04:14:54.3850433Z {"Time":"2026-10-09T04:14:52.736903794Z","Action":"run","Package":"tabmail/internal/outbound","Test":"TestExecSMTPUTF8Capabilities/relay_implicit_tls/capable=false/encoded_headers_body_and_attachment"}
2026-10-09T04:14:54.3851625Z {"Time":"2026-10-09T04:14:52.736905624Z","Action":"output","Package":"tabmail/internal/outbound","Test":"TestExecSMTPUTF8Capabilities/relay_implicit_tls/capable=false/encoded_headers_body_and_attachment","Output":"=== RUN   TestExecSMTPUTF8Capabilities/relay_implicit_tls/capable=false/encoded_headers_body_and_attachment\n"}
2026-10-09T04:14:54.3853363Z {"Time":"2026-10-09T04:14:52.743979342Z","Action":"output","Package":"tabmail/internal/outbound","Test":"TestExecSMTPUTF8Capabilities/relay_implicit_tls/capable=false/encoded_headers_body_and_attachment","Output":"--- PASS: TestExecSMTPUTF8Capabilities/relay_implicit_tls/capable=false/encoded_headers_body_and_attachment (0.01s)\n"}
2026-10-09T04:14:54.3854641Z {"Time":"2026-10-09T04:14:52.74399563Z","Action":"pass","Package":"tabmail/internal/outbound","Test":"TestExecSMTPUTF8Capabilities/relay_implicit_tls/capable=false/encoded_headers_body_and_attachment","Elapsed":0.01}
2026-10-09T04:14:54.3855550Z {"Time":"2026-10-09T04:14:52.744000101Z","Action":"run","Package":"tabmail/internal/outbound","Test":"TestExecSMTPUTF8Capabilities/relay_implicit_tls/capable=false/eight_bit_body_only"}
2026-10-09T04:14:54.3856683Z {"Time":"2026-10-09T04:14:52.744002319Z","Action":"output","Package":"tabmail/internal/outbound","Test":"TestExecSMTPUTF8Capabilities/relay_implicit_tls/capable=false/eight_bit_body_only","Output":"=== RUN   TestExecSMTPUTF8Capabilities/relay_implicit_tls/capable=false/eight_bit_body_only\n"}
2026-10-09T04:14:54.3858072Z {"Time":"2026-10-09T04:14:52.750869264Z","Action":"output","Package":"tabmail/internal/outbound","Test":"TestExecSMTPUTF8Capabilities/relay_implicit_tls/capable=false/eight_bit_body_only","Output":"--- PASS: TestExecSMTPUTF8Capabilities/relay_implicit_tls/capable=false/eight_bit_body_only (0.01s)\n"}
2026-10-09T04:14:54.3859194Z {"Time":"2026-10-09T04:14:52.750887962Z","Action":"pass","Package":"tabmail/internal/outbound","Test":"TestExecSMTPUTF8Capabilities/relay_implicit_tls/capable=false/eight_bit_body_only","Elapsed":0.01}
2026-10-09T04:14:54.3860134Z {"Time":"2026-10-09T04:14:52.750893158Z","Action":"run","Package":"tabmail/internal/outbound","Test":"TestExecSMTPUTF8Capabilities/relay_implicit_tls/capable=true/ascii_quoted_alabel"}
2026-10-09T04:14:54.3861247Z {"Time":"2026-10-09T04:14:52.750895894Z","Action":"output","Package":"tabmail/internal/outbound","Test":"TestExecSMTPUTF8Capabilities/relay_implicit_tls/capable=true/ascii_quoted_alabel","Output":"=== RUN   TestExecSMTPUTF8Capabilities/relay_implicit_tls/capable=true/ascii_quoted_alabel\n"}
2026-10-09T04:14:54.3862603Z {"Time":"2026-10-09T04:14:52.757718303Z","Action":"output","Package":"tabmail/internal/outbound","Test":"TestExecSMTPUTF8Capabilities/relay_implicit_tls/capable=true/ascii_quoted_alabel","Output":"--- PASS: TestExecSMTPUTF8Capabilities/relay_implicit_tls/capable=true/ascii_quoted_alabel (0.01s)\n"}
2026-10-09T04:14:54.3863921Z {"Time":"2026-10-09T04:14:52.757735794Z","Action":"pass","Package":"tabmail/internal/outbound","Test":"TestExecSMTPUTF8Capabilities/relay_implicit_tls/capable=true/ascii_quoted_alabel","Elapsed":0.01}
2026-10-09T04:14:54.3864834Z {"Time":"2026-10-09T04:14:52.757743353Z","Action":"run","Package":"tabmail/internal/outbound","Test":"TestExecSMTPUTF8Capabilities/relay_implicit_tls/capable=true/unicode_sender_envelope_only"}
2026-10-09T04:14:54.3866022Z {"Time":"2026-10-09T04:14:52.7577452Z","Action":"output","Package":"tabmail/internal/outbound","Test":"TestExecSMTPUTF8Capabilities/relay_implicit_tls/capable=true/unicode_sender_envelope_only","Output":"=== RUN   TestExecSMTPUTF8Capabilities/relay_implicit_tls/capable=true/unicode_sender_envelope_only\n"}
2026-10-09T04:14:54.3867401Z {"Time":"2026-10-09T04:14:52.764606895Z","Action":"output","Package":"tabmail/internal/outbound","Test":"TestExecSMTPUTF8Capabilities/relay_implicit_tls/capable=true/unicode_sender_envelope_only","Output":"--- PASS: TestExecSMTPUTF8Capabilities/relay_implicit_tls/capable=true/unicode_sender_envelope_only (0.01s)\n"}
2026-10-09T04:14:54.3868629Z {"Time":"2026-10-09T04:14:52.764622592Z","Action":"pass","Package":"tabmail/internal/outbound","Test":"TestExecSMTPUTF8Capabilities/relay_implicit_tls/capable=true/unicode_sender_envelope_only","Elapsed":0.01}
2026-10-09T04:14:54.3869569Z {"Time":"2026-10-09T04:14:52.764627481Z","Action":"run","Package":"tabmail/internal/outbound","Test":"TestExecSMTPUTF8Capabilities/relay_implicit_tls/capable=true/unicode_recipient_envelope_only"}
2026-10-09T04:14:54.3870710Z {"Time":"2026-10-09T04:14:52.764629683Z","Action":"output","Package":"tabmail/internal/outbound","Test":"TestExecSMTPUTF8Capabilities/relay_implicit_tls/capable=true/unicode_recipient_envelope_only","Output":"=== RUN   TestExecSMTPUTF8Capabilities/relay_implicit_tls/capable=true/unicode_recipient_envelope_only\n"}
2026-10-09T04:14:54.3872196Z {"Time":"2026-10-09T04:14:52.771749687Z","Action":"output","Package":"tabmail/internal/outbound","Test":"TestExecSMTPUTF8Capabilities/relay_implicit_tls/capable=true/unicode_recipient_envelope_only","Output":"--- PASS: TestExecSMTPUTF8Capabilities/relay_implicit_tls/capable=true/unicode_recipient_envelope_only (0.01s)\n"}
2026-10-09T04:14:54.3873504Z {"Time":"2026-10-09T04:14:52.771763972Z","Action":"pass","Package":"tabmail/internal/outbound","Test":"TestExecSMTPUTF8Capabilities/relay_implicit_tls/capable=true/unicode_recipient_envelope_only","Elapsed":0.01}
2026-10-09T04:14:54.3874553Z {"Time":"2026-10-09T04:14:52.771772476Z","Action":"run","Package":"tabmail/internal/outbound","Test":"TestExecSMTPUTF8Capabilities/relay_implicit_tls/capable=true/unicode_domain_envelope_only"}
2026-10-09T04:14:54.3875698Z {"Time":"2026-10-09T04:14:52.771775081Z","Action":"output","Package":"tabmail/internal/outbound","Test":"TestExecSMTPUTF8Capabilities/relay_implicit_tls/capable=true/unicode_domain_envelope_only","Output":"=== RUN   TestExecSMTPUTF8Capabilities/relay_implicit_tls/capable=true/unicode_domain_envelope_only\n"}
2026-10-09T04:14:54.3877143Z {"Time":"2026-10-09T04:14:52.77873729Z","Action":"output","Package":"tabmail/internal/outbound","Test":"TestExecSMTPUTF8Capabilities/relay_implicit_tls/capable=true/unicode_domain_envelope_only","Output":"--- PASS: TestExecSMTPUTF8Capabilities/relay_implicit_tls/capable=true/unicode_domain_envelope_only (0.01s)\n"}
2026-10-09T04:14:54.3878316Z {"Time":"2026-10-09T04:14:52.778748894Z","Action":"pass","Package":"tabmail/internal/outbound","Test":"TestExecSMTPUTF8Capabilities/relay_implicit_tls/capable=true/unicode_domain_envelope_only","Elapsed":0.01}
2026-10-09T04:14:54.3879195Z {"Time":"2026-10-09T04:14:52.778753545Z","Action":"run","Package":"tabmail/internal/outbound","Test":"TestExecSMTPUTF8Capabilities/relay_implicit_tls/capable=true/unicode_last_bcc"}
2026-10-09T04:14:54.3880339Z {"Time":"2026-10-09T04:14:52.778755552Z","Action":"output","Package":"tabmail/internal/outbound","Test":"TestExecSMTPUTF8Capabilities/relay_implicit_tls/capable=true/unicode_last_bcc","Output":"=== RUN   TestExecSMTPUTF8Capabilities/relay_implicit_tls/capable=true/unicode_last_bcc\n"}
2026-10-09T04:14:54.3881675Z {"Time":"2026-10-09T04:14:52.786220648Z","Action":"output","Package":"tabmail/internal/outbound","Test":"TestExecSMTPUTF8Capabilities/relay_implicit_tls/capable=true/unicode_last_bcc","Output":"--- PASS: TestExecSMTPUTF8Capabilities/relay_implicit_tls/capable=true/unicode_last_bcc (0.01s)\n"}
2026-10-09T04:14:54.3882834Z {"Time":"2026-10-09T04:14:52.786235308Z","Action":"pass","Package":"tabmail/internal/outbound","Test":"TestExecSMTPUTF8Capabilities/relay_implicit_tls/capable=true/unicode_last_bcc","Elapsed":0.01}
2026-10-09T04:14:54.3883791Z {"Time":"2026-10-09T04:14:52.786243005Z","Action":"run","Package":"tabmail/internal/outbound","Test":"TestExecSMTPUTF8Capabilities/relay_implicit_tls/capable=true/unicode_top_level_header"}
2026-10-09T04:14:54.3884917Z {"Time":"2026-10-09T04:14:52.786246079Z","Action":"output","Package":"tabmail/internal/outbound","Test":"TestExecSMTPUTF8Capabilities/relay_implicit_tls/capable=true/unicode_top_level_header","Output":"=== RUN   TestExecSMTPUTF8Capabilities/relay_implicit_tls/capable=true/unicode_top_level_header\n"}
2026-10-09T04:14:54.3886365Z {"Time":"2026-10-09T04:14:52.793121623Z","Action":"output","Package":"tabmail/internal/outbound","Test":"TestExecSMTPUTF8Capabilities/relay_implicit_tls/capable=true/unicode_top_level_header","Output":"--- PASS: TestExecSMTPUTF8Capabilities/relay_implicit_tls/capable=true/unicode_top_level_header (0.01s)\n"}
2026-10-09T04:14:54.3887523Z {"Time":"2026-10-09T04:14:52.79313955Z","Action":"pass","Package":"tabmail/internal/outbound","Test":"TestExecSMTPUTF8Capabilities/relay_implicit_tls/capable=true/unicode_top_level_header","Elapsed":0.01}
2026-10-09T04:14:54.3888515Z {"Time":"2026-10-09T04:14:52.793144294Z","Action":"run","Package":"tabmail/internal/outbound","Test":"TestExecSMTPUTF8Capabilities/relay_implicit_tls/capable=true/encoded_headers_body_and_attachment"}
2026-10-09T04:14:54.3889698Z {"Time":"2026-10-09T04:14:52.793146053Z","Action":"output","Package":"tabmail/internal/outbound","Test":"TestExecSMTPUTF8Capabilities/relay_implicit_tls/capable=true/encoded_headers_body_and_attachment","Output":"=== RUN   TestExecSMTPUTF8Capabilities/relay_implicit_tls/capable=true/encoded_headers_body_and_attachment\n"}
2026-10-09T04:14:54.3891255Z {"Time":"2026-10-09T04:14:52.800217381Z","Action":"output","Package":"tabmail/internal/outbound","Test":"TestExecSMTPUTF8Capabilities/relay_implicit_tls/capable=true/encoded_headers_body_and_attachment","Output":"--- PASS: TestExecSMTPUTF8Capabilities/relay_implicit_tls/capable=true/encoded_headers_body_and_attachment (0.01s)\n"}
2026-10-09T04:14:54.3892486Z {"Time":"2026-10-09T04:14:52.800229231Z","Action":"pass","Package":"tabmail/internal/outbound","Test":"TestExecSMTPUTF8Capabilities/relay_implicit_tls/capable=true/encoded_headers_body_and_attachment","Elapsed":0.01}
2026-10-09T04:14:54.3893475Z {"Time":"2026-10-09T04:14:52.800233975Z","Action":"run","Package":"tabmail/internal/outbound","Test":"TestExecSMTPUTF8Capabilities/relay_implicit_tls/capable=true/eight_bit_body_only"}
2026-10-09T04:14:54.3894618Z {"Time":"2026-10-09T04:14:52.800235484Z","Action":"output","Package":"tabmail/internal/outbound","Test":"TestExecSMTPUTF8Capabilities/relay_implicit_tls/capable=true/eight_bit_body_only","Output":"=== RUN   TestExecSMTPUTF8Capabilities/relay_implicit_tls/capable=true/eight_bit_body_only\n"}
2026-10-09T04:14:54.3895948Z {"Time":"2026-10-09T04:14:52.806924271Z","Action":"output","Package":"tabmail/internal/outbound","Test":"TestExecSMTPUTF8Capabilities/relay_implicit_tls/capable=true/eight_bit_body_only","Output":"--- PASS: TestExecSMTPUTF8Capabilities/relay_implicit_tls/capable=true/eight_bit_body_only (0.01s)\n"}
2026-10-09T04:14:54.3897118Z {"Time":"2026-10-09T04:14:52.806939267Z","Action":"pass","Package":"tabmail/internal/outbound","Test":"TestExecSMTPUTF8Capabilities/relay_implicit_tls/capable=true/eight_bit_body_only","Elapsed":0.01}
2026-10-09T04:14:54.3898055Z {"Time":"2026-10-09T04:14:52.806945396Z","Action":"run","Package":"tabmail/internal/outbound","Test":"TestExecSMTPUTF8Capabilities/relay_starttls/capable=false/ascii_quoted_alabel"}
2026-10-09T04:14:54.3899120Z {"Time":"2026-10-09T04:14:52.806947407Z","Action":"output","Package":"tabmail/internal/outbound","Test":"TestExecSMTPUTF8Capabilities/relay_starttls/capable=false/ascii_quoted_alabel","Output":"=== RUN   TestExecSMTPUTF8Capabilities/relay_starttls/capable=false/ascii_quoted_alabel\n"}
2026-10-09T04:14:54.3900491Z {"Time":"2026-10-09T04:14:52.813880628Z","Action":"output","Package":"tabmail/internal/outbound","Test":"TestExecSMTPUTF8Capabilities/relay_starttls/capable=false/ascii_quoted_alabel","Output":"--- PASS: TestExecSMTPUTF8Capabilities/relay_starttls/capable=false/ascii_quoted_alabel (0.01s)\n"}
2026-10-09T04:14:54.3901564Z {"Time":"2026-10-09T04:14:52.813898613Z","Action":"pass","Package":"tabmail/internal/outbound","Test":"TestExecSMTPUTF8Capabilities/relay_starttls/capable=false/ascii_quoted_alabel","Elapsed":0.01}
2026-10-09T04:14:54.3902459Z {"Time":"2026-10-09T04:14:52.813903094Z","Action":"run","Package":"tabmail/internal/outbound","Test":"TestExecSMTPUTF8Capabilities/relay_starttls/capable=false/unicode_sender_envelope_only"}
2026-10-09T04:14:54.3903714Z {"Time":"2026-10-09T04:14:52.813907221Z","Action":"output","Package":"tabmail/internal/outbound","Test":"TestExecSMTPUTF8Capabilities/relay_starttls/capable=false/unicode_sender_envelope_only","Output":"=== RUN   TestExecSMTPUTF8Capabilities/relay_starttls/capable=false/unicode_sender_envelope_only\n"}
2026-10-09T04:14:54.3905108Z {"Time":"2026-10-09T04:14:52.820597092Z","Action":"output","Package":"tabmail/internal/outbound","Test":"TestExecSMTPUTF8Capabilities/relay_starttls/capable=false/unicode_sender_envelope_only","Output":"--- PASS: TestExecSMTPUTF8Capabilities/relay_starttls/capable=false/unicode_sender_envelope_only (0.01s)\n"}
2026-10-09T04:14:54.3906304Z {"Time":"2026-10-09T04:14:52.820608717Z","Action":"pass","Package":"tabmail/internal/outbound","Test":"TestExecSMTPUTF8Capabilities/relay_starttls/capable=false/unicode_sender_envelope_only","Elapsed":0.01}
2026-10-09T04:14:54.3907202Z {"Time":"2026-10-09T04:14:52.82061614Z","Action":"run","Package":"tabmail/internal/outbound","Test":"TestExecSMTPUTF8Capabilities/relay_starttls/capable=false/unicode_recipient_envelope_only"}
2026-10-09T04:14:54.3908398Z {"Time":"2026-10-09T04:14:52.820619956Z","Action":"output","Package":"tabmail/internal/outbound","Test":"TestExecSMTPUTF8Capabilities/relay_starttls/capable=false/unicode_recipient_envelope_only","Output":"=== RUN   TestExecSMTPUTF8Capabilities/relay_starttls/capable=false/unicode_recipient_envelope_only\n"}
2026-10-09T04:14:54.3909779Z {"Time":"2026-10-09T04:14:52.827233553Z","Action":"output","Package":"tabmail/internal/outbound","Test":"TestExecSMTPUTF8Capabilities/relay_starttls/capable=false/unicode_recipient_envelope_only","Output":"--- PASS: TestExecSMTPUTF8Capabilities/relay_starttls/capable=false/unicode_recipient_envelope_only (0.01s)\n"}
2026-10-09T04:14:54.3911027Z {"Time":"2026-10-09T04:14:52.827246033Z","Action":"pass","Package":"tabmail/internal/outbound","Test":"TestExecSMTPUTF8Capabilities/relay_starttls/capable=false/unicode_recipient_envelope_only","Elapsed":0.01}
2026-10-09T04:14:54.3911957Z {"Time":"2026-10-09T04:14:52.827253733Z","Action":"run","Package":"tabmail/internal/outbound","Test":"TestExecSMTPUTF8Capabilities/relay_starttls/capable=false/unicode_domain_envelope_only"}
2026-10-09T04:14:54.3913088Z {"Time":"2026-10-09T04:14:52.827255809Z","Action":"output","Package":"tabmail/internal/outbound","Test":"TestExecSMTPUTF8Capabilities/relay_starttls/capable=false/unicode_domain_envelope_only","Output":"=== RUN   TestExecSMTPUTF8Capabilities/relay_starttls/capable=false/unicode_domain_envelope_only\n"}
2026-10-09T04:14:54.3914660Z {"Time":"2026-10-09T04:14:52.834681129Z","Action":"output","Package":"tabmail/internal/outbound","Test":"TestExecSMTPUTF8Capabilities/relay_starttls/capable=false/unicode_domain_envelope_only","Output":"--- PASS: TestExecSMTPUTF8Capabilities/relay_starttls/capable=false/unicode_domain_envelope_only (0.01s)\n"}
2026-10-09T04:14:54.3915890Z {"Time":"2026-10-09T04:14:52.834701186Z","Action":"pass","Package":"tabmail/internal/outbound","Test":"TestExecSMTPUTF8Capabilities/relay_starttls/capable=false/unicode_domain_envelope_only","Elapsed":0.01}
2026-10-09T04:14:54.3916768Z {"Time":"2026-10-09T04:14:52.834710769Z","Action":"run","Package":"tabmail/internal/outbound","Test":"TestExecSMTPUTF8Capabilities/relay_starttls/capable=false/unicode_last_bcc"}
2026-10-09T04:14:54.3917830Z {"Time":"2026-10-09T04:14:52.834713526Z","Action":"output","Package":"tabmail/internal/outbound","Test":"TestExecSMTPUTF8Capabilities/relay_starttls/capable=false/unicode_last_bcc","Output":"=== RUN   TestExecSMTPUTF8Capabilities/relay_starttls/capable=false/unicode_last_bcc\n"}
2026-10-09T04:14:54.3919111Z {"Time":"2026-10-09T04:14:52.841320214Z","Action":"output","Package":"tabmail/internal/outbound","Test":"TestExecSMTPUTF8Capabilities/relay_starttls/capable=false/unicode_last_bcc","Output":"--- PASS: TestExecSMTPUTF8Capabilities/relay_starttls/capable=false/unicode_last_bcc (0.01s)\n"}
2026-10-09T04:14:54.3920212Z {"Time":"2026-10-09T04:14:52.841355299Z","Action":"pass","Package":"tabmail/internal/outbound","Test":"TestExecSMTPUTF8Capabilities/relay_starttls/capable=false/unicode_last_bcc","Elapsed":0.01}
2026-10-09T04:14:54.3921128Z {"Time":"2026-10-09T04:14:52.841361076Z","Action":"run","Package":"tabmail/internal/outbound","Test":"TestExecSMTPUTF8Capabilities/relay_starttls/capable=false/unicode_top_level_header"}
2026-10-09T04:14:54.3922210Z {"Time":"2026-10-09T04:14:52.841363597Z","Action":"output","Package":"tabmail/internal/outbound","Test":"TestExecSMTPUTF8Capabilities/relay_starttls/capable=false/unicode_top_level_header","Output":"=== RUN   TestExecSMTPUTF8Capabilities/relay_starttls/capable=false/unicode_top_level_header\n"}
2026-10-09T04:14:54.3923702Z {"Time":"2026-10-09T04:14:52.847918265Z","Action":"output","Package":"tabmail/internal/outbound","Test":"TestExecSMTPUTF8Capabilities/relay_starttls/capable=false/unicode_top_level_header","Output":"--- PASS: TestExecSMTPUTF8Capabilities/relay_starttls/capable=false/unicode_top_level_header (0.01s)\n"}
2026-10-09T04:14:54.3924852Z {"Time":"2026-10-09T04:14:52.847935134Z","Action":"pass","Package":"tabmail/internal/outbound","Test":"TestExecSMTPUTF8Capabilities/relay_starttls/capable=false/unicode_top_level_header","Elapsed":0.01}
2026-10-09T04:14:54.3925873Z {"Time":"2026-10-09T04:14:52.847940115Z","Action":"run","Package":"tabmail/internal/outbound","Test":"TestExecSMTPUTF8Capabilities/relay_starttls/capable=false/encoded_headers_body_and_attachment"}
2026-10-09T04:14:54.3927070Z {"Time":"2026-10-09T04:14:52.847942303Z","Action":"output","Package":"tabmail/internal/outbound","Test":"TestExecSMTPUTF8Capabilities/relay_starttls/capable=false/encoded_headers_body_and_attachment","Output":"=== RUN   TestExecSMTPUTF8Capabilities/relay_starttls/capable=false/encoded_headers_body_and_attachment\n"}
2026-10-09T04:14:54.3928518Z {"Time":"2026-10-09T04:14:52.85506853Z","Action":"output","Package":"tabmail/internal/outbound","Test":"TestExecSMTPUTF8Capabilities/relay_starttls/capable=false/encoded_headers_body_and_attachment","Output":"--- PASS: TestExecSMTPUTF8Capabilities/relay_starttls/capable=false/encoded_headers_body_and_attachment (0.01s)\n"}
2026-10-09T04:14:54.3929749Z {"Time":"2026-10-09T04:14:52.855084659Z","Action":"pass","Package":"tabmail/internal/outbound","Test":"TestExecSMTPUTF8Capabilities/relay_starttls/capable=false/encoded_headers_body_and_attachment","Elapsed":0.01}
2026-10-09T04:14:54.3930651Z {"Time":"2026-10-09T04:14:52.855089667Z","Action":"run","Package":"tabmail/internal/outbound","Test":"TestExecSMTPUTF8Capabilities/relay_starttls/capable=false/eight_bit_body_only"}
2026-10-09T04:14:54.3931816Z {"Time":"2026-10-09T04:14:52.855091511Z","Action":"output","Package":"tabmail/internal/outbound","Test":"TestExecSMTPUTF8Capabilities/relay_starttls/capable=false/eight_bit_body_only","Output":"=== RUN   TestExecSMTPUTF8Capabilities/relay_starttls/capable=false/eight_bit_body_only\n"}
2026-10-09T04:14:54.3933090Z {"Time":"2026-10-09T04:14:52.861983075Z","Action":"output","Package":"tabmail/internal/outbound","Test":"TestExecSMTPUTF8Capabilities/relay_starttls/capable=false/eight_bit_body_only","Output":"--- PASS: TestExecSMTPUTF8Capabilities/relay_starttls/capable=false/eight_bit_body_only (0.01s)\n"}
2026-10-09T04:14:54.3934298Z {"Time":"2026-10-09T04:14:52.86199684Z","Action":"pass","Package":"tabmail/internal/outbound","Test":"TestExecSMTPUTF8Capabilities/relay_starttls/capable=false/eight_bit_body_only","Elapsed":0.01}
2026-10-09T04:14:54.3935177Z {"Time":"2026-10-09T04:14:52.862002971Z","Action":"run","Package":"tabmail/internal/outbound","Test":"TestExecSMTPUTF8Capabilities/relay_starttls/capable=true/ascii_quoted_alabel"}
2026-10-09T04:14:54.3936255Z {"Time":"2026-10-09T04:14:52.862005611Z","Action":"output","Package":"tabmail/internal/outbound","Test":"TestExecSMTPUTF8Capabilities/relay_starttls/capable=true/ascii_quoted_alabel","Output":"=== RUN   TestExecSMTPUTF8Capabilities/relay_starttls/capable=true/ascii_quoted_alabel\n"}
2026-10-09T04:14:54.3937615Z {"Time":"2026-10-09T04:14:52.868843587Z","Action":"output","Package":"tabmail/internal/outbound","Test":"TestExecSMTPUTF8Capabilities/relay_starttls/capable=true/ascii_quoted_alabel","Output":"--- PASS: TestExecSMTPUTF8Capabilities/relay_starttls/capable=true/ascii_quoted_alabel (0.01s)\n"}
2026-10-09T04:14:54.3938715Z {"Time":"2026-10-09T04:14:52.868859188Z","Action":"pass","Package":"tabmail/internal/outbound","Test":"TestExecSMTPUTF8Capabilities/relay_starttls/capable=true/ascii_quoted_alabel","Elapsed":0.01}
2026-10-09T04:14:54.3939630Z {"Time":"2026-10-09T04:14:52.868869544Z","Action":"run","Package":"tabmail/internal/outbound","Test":"TestExecSMTPUTF8Capabilities/relay_starttls/capable=true/unicode_sender_envelope_only"}
2026-10-09T04:14:54.3940738Z {"Time":"2026-10-09T04:14:52.86887191Z","Action":"output","Package":"tabmail/internal/outbound","Test":"TestExecSMTPUTF8Capabilities/relay_starttls/capable=true/unicode_sender_envelope_only","Output":"=== RUN   TestExecSMTPUTF8Capabilities/relay_starttls/capable=true/unicode_sender_envelope_only\n"}
2026-10-09T04:14:54.3942088Z {"Time":"2026-10-09T04:14:52.876219734Z","Action":"output","Package":"tabmail/internal/outbound","Test":"TestExecSMTPUTF8Capabilities/relay_starttls/capable=true/unicode_sender_envelope_only","Output":"--- PASS: TestExecSMTPUTF8Capabilities/relay_starttls/capable=true/unicode_sender_envelope_only (0.01s)\n"}
2026-10-09T04:14:54.3943498Z {"Time":"2026-10-09T04:14:52.876238237Z","Action":"pass","Package":"tabmail/internal/outbound","Test":"TestExecSMTPUTF8Capabilities/relay_starttls/capable=true/unicode_sender_envelope_only","Elapsed":0.01}
2026-10-09T04:14:54.3944415Z {"Time":"2026-10-09T04:14:52.876264424Z","Action":"run","Package":"tabmail/internal/outbound","Test":"TestExecSMTPUTF8Capabilities/relay_starttls/capable=true/unicode_recipient_envelope_only"}
2026-10-09T04:14:54.3945592Z {"Time":"2026-10-09T04:14:52.876267757Z","Action":"output","Package":"tabmail/internal/outbound","Test":"TestExecSMTPUTF8Capabilities/relay_starttls/capable=true/unicode_recipient_envelope_only","Output":"=== RUN   TestExecSMTPUTF8Capabilities/relay_starttls/capable=true/unicode_recipient_envelope_only\n"}
2026-10-09T04:14:54.3946998Z {"Time":"2026-10-09T04:14:52.88308983Z","Action":"output","Package":"tabmail/internal/outbound","Test":"TestExecSMTPUTF8Capabilities/relay_starttls/capable=true/unicode_recipient_envelope_only","Output":"--- PASS: TestExecSMTPUTF8Capabilities/relay_starttls/capable=true/unicode_recipient_envelope_only (0.01s)\n"}
2026-10-09T04:14:54.3948205Z {"Time":"2026-10-09T04:14:52.883106605Z","Action":"pass","Package":"tabmail/internal/outbound","Test":"TestExecSMTPUTF8Capabilities/relay_starttls/capable=true/unicode_recipient_envelope_only","Elapsed":0.01}
2026-10-09T04:14:54.3949162Z {"Time":"2026-10-09T04:14:52.883114496Z","Action":"run","Package":"tabmail/internal/outbound","Test":"TestExecSMTPUTF8Capabilities/relay_starttls/capable=true/unicode_domain_envelope_only"}
2026-10-09T04:14:54.3950250Z {"Time":"2026-10-09T04:14:52.883117482Z","Action":"output","Package":"tabmail/internal/outbound","Test":"TestExecSMTPUTF8Capabilities/relay_starttls/capable=true/unicode_domain_envelope_only","Output":"=== RUN   TestExecSMTPUTF8Capabilities/relay_starttls/capable=true/unicode_domain_envelope_only\n"}
2026-10-09T04:14:54.3951691Z {"Time":"2026-10-09T04:14:52.889914519Z","Action":"output","Package":"tabmail/internal/outbound","Test":"TestExecSMTPUTF8Capabilities/relay_starttls/capable=true/unicode_domain_envelope_only","Output":"--- PASS: TestExecSMTPUTF8Capabilities/relay_starttls/capable=true/unicode_domain_envelope_only (0.01s)\n"}
2026-10-09T04:14:54.3952834Z {"Time":"2026-10-09T04:14:52.889931202Z","Action":"pass","Package":"tabmail/internal/outbound","Test":"TestExecSMTPUTF8Capabilities/relay_starttls/capable=true/unicode_domain_envelope_only","Elapsed":0.01}
2026-10-09T04:14:54.3953866Z {"Time":"2026-10-09T04:14:52.889935848Z","Action":"run","Package":"tabmail/internal/outbound","Test":"TestExecSMTPUTF8Capabilities/relay_starttls/capable=true/unicode_last_bcc"}
2026-10-09T04:14:54.3954897Z {"Time":"2026-10-09T04:14:52.889937491Z","Action":"output","Package":"tabmail/internal/outbound","Test":"TestExecSMTPUTF8Capabilities/relay_starttls/capable=true/unicode_last_bcc","Output":"=== RUN   TestExecSMTPUTF8Capabilities/relay_starttls/capable=true/unicode_last_bcc\n"}
2026-10-09T04:14:54.3956141Z {"Time":"2026-10-09T04:14:52.896815687Z","Action":"output","Package":"tabmail/internal/outbound","Test":"TestExecSMTPUTF8Capabilities/relay_starttls/capable=true/unicode_last_bcc","Output":"--- PASS: TestExecSMTPUTF8Capabilities/relay_starttls/capable=true/unicode_last_bcc (0.01s)\n"}
2026-10-09T04:14:54.3957294Z {"Time":"2026-10-09T04:14:52.896832021Z","Action":"pass","Package":"tabmail/internal/outbound","Test":"TestExecSMTPUTF8Capabilities/relay_starttls/capable=true/unicode_last_bcc","Elapsed":0.01}
2026-10-09T04:14:54.3958153Z {"Time":"2026-10-09T04:14:52.896842517Z","Action":"run","Package":"tabmail/internal/outbound","Test":"TestExecSMTPUTF8Capabilities/relay_starttls/capable=true/unicode_top_level_header"}
2026-10-09T04:14:54.3959300Z {"Time":"2026-10-09T04:14:52.896844735Z","Action":"output","Package":"tabmail/internal/outbound","Test":"TestExecSMTPUTF8Capabilities/relay_starttls/capable=true/unicode_top_level_header","Output":"=== RUN   TestExecSMTPUTF8Capabilities/relay_starttls/capable=true/unicode_top_level_header\n"}
2026-10-09T04:14:54.3960686Z {"Time":"2026-10-09T04:14:52.903702906Z","Action":"output","Package":"tabmail/internal/outbound","Test":"TestExecSMTPUTF8Capabilities/relay_starttls/capable=true/unicode_top_level_header","Output":"--- PASS: TestExecSMTPUTF8Capabilities/relay_starttls/capable=true/unicode_top_level_header (0.01s)\n"}
2026-10-09T04:14:54.3961894Z {"Time":"2026-10-09T04:14:52.903716978Z","Action":"pass","Package":"tabmail/internal/outbound","Test":"TestExecSMTPUTF8Capabilities/relay_starttls/capable=true/unicode_top_level_header","Elapsed":0.01}
2026-10-09T04:14:54.3962848Z {"Time":"2026-10-09T04:14:52.903724251Z","Action":"run","Package":"tabmail/internal/outbound","Test":"TestExecSMTPUTF8Capabilities/relay_starttls/capable=true/encoded_headers_body_and_attachment"}
2026-10-09T04:14:54.3964067Z {"Time":"2026-10-09T04:14:52.903731165Z","Action":"output","Package":"tabmail/internal/outbound","Test":"TestExecSMTPUTF8Capabilities/relay_starttls/capable=true/encoded_headers_body_and_attachment","Output":"=== RUN   TestExecSMTPUTF8Capabilities/relay_starttls/capable=true/encoded_headers_body_and_attachment\n"}
2026-10-09T04:14:54.3965569Z {"Time":"2026-10-09T04:14:52.910732706Z","Action":"output","Package":"tabmail/internal/outbound","Test":"TestExecSMTPUTF8Capabilities/relay_starttls/capable=true/encoded_headers_body_and_attachment","Output":"--- PASS: TestExecSMTPUTF8Capabilities/relay_starttls/capable=true/encoded_headers_body_and_attachment (0.01s)\n"}
2026-10-09T04:14:54.3966829Z {"Time":"2026-10-09T04:14:52.910751422Z","Action":"pass","Package":"tabmail/internal/outbound","Test":"TestExecSMTPUTF8Capabilities/relay_starttls/capable=true/encoded_headers_body_and_attachment","Elapsed":0.01}
2026-10-09T04:14:54.3967747Z {"Time":"2026-10-09T04:14:52.910761369Z","Action":"run","Package":"tabmail/internal/outbound","Test":"TestExecSMTPUTF8Capabilities/relay_starttls/capable=true/eight_bit_body_only"}
2026-10-09T04:14:54.3968828Z {"Time":"2026-10-09T04:14:52.910763935Z","Action":"output","Package":"tabmail/internal/outbound","Test":"TestExecSMTPUTF8Capabilities/relay_starttls/capable=true/eight_bit_body_only","Output":"=== RUN   TestExecSMTPUTF8Capabilities/relay_starttls/capable=true/eight_bit_body_only\n"}
2026-10-09T04:14:54.3970135Z {"Time":"2026-10-09T04:14:52.918220512Z","Action":"output","Package":"tabmail/internal/outbound","Test":"TestExecSMTPUTF8Capabilities/relay_starttls/capable=true/eight_bit_body_only","Output":"--- PASS: TestExecSMTPUTF8Capabilities/relay_starttls/capable=true/eight_bit_body_only (0.01s)\n"}
2026-10-09T04:14:54.3971265Z {"Time":"2026-10-09T04:14:52.918237301Z","Action":"pass","Package":"tabmail/internal/outbound","Test":"TestExecSMTPUTF8Capabilities/relay_starttls/capable=true/eight_bit_body_only","Elapsed":0.01}
2026-10-09T04:14:54.3972191Z {"Time":"2026-10-09T04:14:52.918253453Z","Action":"run","Package":"tabmail/internal/outbound","Test":"TestExecSMTPUTF8Capabilities/direct_plain/capable=false/ascii_quoted_alabel"}
2026-10-09T04:14:54.3973293Z {"Time":"2026-10-09T04:14:52.918255696Z","Action":"output","Package":"tabmail/internal/outbound","Test":"TestExecSMTPUTF8Capabilities/direct_plain/capable=false/ascii_quoted_alabel","Output":"=== RUN   TestExecSMTPUTF8Capabilities/direct_plain/capable=false/ascii_quoted_alabel\n"}
2026-10-09T04:14:54.3974573Z {"Time":"2026-10-09T04:14:52.920621604Z","Action":"output","Package":"tabmail/internal/outbound","Test":"TestExecSMTPUTF8Capabilities/direct_plain/capable=false/ascii_quoted_alabel","Output":"--- PASS: TestExecSMTPUTF8Capabilities/direct_plain/capable=false/ascii_quoted_alabel (0.00s)\n"}
2026-10-09T04:14:54.3975664Z {"Time":"2026-10-09T04:14:52.920629066Z","Action":"pass","Package":"tabmail/internal/outbound","Test":"TestExecSMTPUTF8Capabilities/direct_plain/capable=false/ascii_quoted_alabel","Elapsed":0}
2026-10-09T04:14:54.3976561Z {"Time":"2026-10-09T04:14:52.920657659Z","Action":"run","Package":"tabmail/internal/outbound","Test":"TestExecSMTPUTF8Capabilities/direct_plain/capable=false/unicode_sender_envelope_only"}
2026-10-09T04:14:54.3977696Z {"Time":"2026-10-09T04:14:52.920664646Z","Action":"output","Package":"tabmail/internal/outbound","Test":"TestExecSMTPUTF8Capabilities/direct_plain/capable=false/unicode_sender_envelope_only","Output":"=== RUN   TestExecSMTPUTF8Capabilities/direct_plain/capable=false/unicode_sender_envelope_only\n"}
2026-10-09T04:14:54.3979035Z {"Time":"2026-10-09T04:14:52.92281672Z","Action":"output","Package":"tabmail/internal/outbound","Test":"TestExecSMTPUTF8Capabilities/direct_plain/capable=false/unicode_sender_envelope_only","Output":"--- PASS: TestExecSMTPUTF8Capabilities/direct_plain/capable=false/unicode_sender_envelope_only (0.00s)\n"}
2026-10-09T04:14:54.3980189Z {"Time":"2026-10-09T04:14:52.922839385Z","Action":"pass","Package":"tabmail/internal/outbound","Test":"TestExecSMTPUTF8Capabilities/direct_plain/capable=false/unicode_sender_envelope_only","Elapsed":0}
2026-10-09T04:14:54.3981072Z {"Time":"2026-10-09T04:14:52.922865856Z","Action":"run","Package":"tabmail/internal/outbound","Test":"TestExecSMTPUTF8Capabilities/direct_plain/capable=false/unicode_recipient_envelope_only"}
2026-10-09T04:14:54.3982216Z {"Time":"2026-10-09T04:14:52.922868074Z","Action":"output","Package":"tabmail/internal/outbound","Test":"TestExecSMTPUTF8Capabilities/direct_plain/capable=false/unicode_recipient_envelope_only","Output":"=== RUN   TestExecSMTPUTF8Capabilities/direct_plain/capable=false/unicode_recipient_envelope_only\n"}
2026-10-09T04:14:54.3983822Z {"Time":"2026-10-09T04:14:52.925044453Z","Action":"output","Package":"tabmail/internal/outbound","Test":"TestExecSMTPUTF8Capabilities/direct_plain/capable=false/unicode_recipient_envelope_only","Output":"--- PASS: TestExecSMTPUTF8Capabilities/direct_plain/capable=false/unicode_recipient_envelope_only (0.00s)\n"}
2026-10-09T04:14:54.3984992Z {"Time":"2026-10-09T04:14:52.925051615Z","Action":"pass","Package":"tabmail/internal/outbound","Test":"TestExecSMTPUTF8Capabilities/direct_plain/capable=false/unicode_recipient_envelope_only","Elapsed":0}
2026-10-09T04:14:54.3985899Z {"Time":"2026-10-09T04:14:52.925078698Z","Action":"run","Package":"tabmail/internal/outbound","Test":"TestExecSMTPUTF8Capabilities/direct_plain/capable=false/unicode_domain_envelope_only"}
2026-10-09T04:14:54.3986998Z {"Time":"2026-10-09T04:14:52.925080724Z","Action":"output","Package":"tabmail/internal/outbound","Test":"TestExecSMTPUTF8Capabilities/direct_plain/capable=false/unicode_domain_envelope_only","Output":"=== RUN   TestExecSMTPUTF8Capabilities/direct_plain/capable=false/unicode_domain_envelope_only\n"}
2026-10-09T04:14:54.3988356Z {"Time":"2026-10-09T04:14:52.927244501Z","Action":"output","Package":"tabmail/internal/outbound","Test":"TestExecSMTPUTF8Capabilities/direct_plain/capable=false/unicode_domain_envelope_only","Output":"--- PASS: TestExecSMTPUTF8Capabilities/direct_plain/capable=false/unicode_domain_envelope_only (0.00s)\n"}
2026-10-09T04:14:54.3989488Z {"Time":"2026-10-09T04:14:52.927249551Z","Action":"pass","Package":"tabmail/internal/outbound","Test":"TestExecSMTPUTF8Capabilities/direct_plain/capable=false/unicode_domain_envelope_only","Elapsed":0}
2026-10-09T04:14:54.3990345Z {"Time":"2026-10-09T04:14:52.927284734Z","Action":"run","Package":"tabmail/internal/outbound","Test":"TestExecSMTPUTF8Capabilities/direct_plain/capable=false/unicode_last_bcc"}
2026-10-09T04:14:54.3991392Z {"Time":"2026-10-09T04:14:52.927291157Z","Action":"output","Package":"tabmail/internal/outbound","Test":"TestExecSMTPUTF8Capabilities/direct_plain/capable=false/unicode_last_bcc","Output":"=== RUN   TestExecSMTPUTF8Capabilities/direct_plain/capable=false/unicode_last_bcc\n"}
2026-10-09T04:14:54.3992629Z {"Time":"2026-10-09T04:14:52.929489974Z","Action":"output","Package":"tabmail/internal/outbound","Test":"TestExecSMTPUTF8Capabilities/direct_plain/capable=false/unicode_last_bcc","Output":"--- PASS: TestExecSMTPUTF8Capabilities/direct_plain/capable=false/unicode_last_bcc (0.00s)\n"}
2026-10-09T04:14:54.3993995Z {"Time":"2026-10-09T04:14:52.929498259Z","Action":"pass","Package":"tabmail/internal/outbound","Test":"TestExecSMTPUTF8Capabilities/direct_plain/capable=false/unicode_last_bcc","Elapsed":0}
2026-10-09T04:14:54.3994846Z {"Time":"2026-10-09T04:14:52.92954777Z","Action":"run","Package":"tabmail/internal/outbound","Test":"TestExecSMTPUTF8Capabilities/direct_plain/capable=false/unicode_top_level_header"}
2026-10-09T04:14:54.3995977Z {"Time":"2026-10-09T04:14:52.929550553Z","Action":"output","Package":"tabmail/internal/outbound","Test":"TestExecSMTPUTF8Capabilities/direct_plain/capable=false/unicode_top_level_header","Output":"=== RUN   TestExecSMTPUTF8Capabilities/direct_plain/capable=false/unicode_top_level_header\n"}
2026-10-09T04:14:54.3997328Z {"Time":"2026-10-09T04:14:52.931681719Z","Action":"output","Package":"tabmail/internal/outbound","Test":"TestExecSMTPUTF8Capabilities/direct_plain/capable=false/unicode_top_level_header","Output":"--- PASS: TestExecSMTPUTF8Capabilities/direct_plain/capable=false/unicode_top_level_header (0.00s)\n"}
2026-10-09T04:14:54.3998446Z {"Time":"2026-10-09T04:14:52.931688855Z","Action":"pass","Package":"tabmail/internal/outbound","Test":"TestExecSMTPUTF8Capabilities/direct_plain/capable=false/unicode_top_level_header","Elapsed":0}
2026-10-09T04:14:54.3999377Z {"Time":"2026-10-09T04:14:52.931720999Z","Action":"run","Package":"tabmail/internal/outbound","Test":"TestExecSMTPUTF8Capabilities/direct_plain/capable=false/encoded_headers_body_and_attachment"}
2026-10-09T04:14:54.4000954Z {"Time":"2026-10-09T04:14:52.931725078Z","Action":"output","Package":"tabmail/internal/outbound","Test":"TestExecSMTPUTF8Capabilities/direct_plain/capable=false/encoded_headers_body_and_attachment","Output":"=== RUN   TestExecSMTPUTF8Capabilities/direct_plain/capable=false/encoded_headers_body_and_attachment\n"}
2026-10-09T04:14:54.4002450Z {"Time":"2026-10-09T04:14:52.934130696Z","Action":"output","Package":"tabmail/internal/outbound","Test":"TestExecSMTPUTF8Capabilities/direct_plain/capable=false/encoded_headers_body_and_attachment","Output":"--- PASS: TestExecSMTPUTF8Capabilities/direct_plain/capable=false/encoded_headers_body_and_attachment (0.00s)\n"}
2026-10-09T04:14:54.4004185Z {"Time":"2026-10-09T04:14:52.934135671Z","Action":"pass","Package":"tabmail/internal/outbound","Test":"TestExecSMTPUTF8Capabilities/direct_plain/capable=false/encoded_headers_body_and_attachment","Elapsed":0}
2026-10-09T04:14:54.4005064Z {"Time":"2026-10-09T04:14:52.934173537Z","Action":"run","Package":"tabmail/internal/outbound","Test":"TestExecSMTPUTF8Capabilities/direct_plain/capable=false/eight_bit_body_only"}
2026-10-09T04:14:54.4006122Z {"Time":"2026-10-09T04:14:52.934175611Z","Action":"output","Package":"tabmail/internal/outbound","Test":"TestExecSMTPUTF8Capabilities/direct_plain/capable=false/eight_bit_body_only","Output":"=== RUN   TestExecSMTPUTF8Capabilities/direct_plain/capable=false/eight_bit_body_only\n"}
2026-10-09T04:14:54.4006786Z {"Time":"2026-10-09T04:14:52.936437082Z","Action":"output","Package":"tabmail/internal/outbound","Test":"TestExecSMTPUTF8Capabilities/direct_plain/capable=false/eight_bit_body_only","Output":"--- PASS: TestExecSMTPUTF8Capabilities/direct_plain/capable=false/eight_bit_body_only (0.00s)\n"}
2026-10-09T04:14:54.4007183Z {"Time":"2026-10-09T04:14:52.936442375Z","Action":"pass","Package":"tabmail/internal/outbound","Test":"TestExecSMTPUTF8Capabilities/direct_plain/capable=false/eight_bit_body_only","Elapsed":0}
2026-10-09T04:14:54.4007581Z {"Time":"2026-10-09T04:14:52.936446985Z","Action":"run","Package":"tabmail/internal/outbound","Test":"TestExecSMTPUTF8Capabilities/direct_plain/capable=true/ascii_quoted_alabel"}
2026-10-09T04:14:54.4008194Z {"Time":"2026-10-09T04:14:52.936448512Z","Action":"output","Package":"tabmail/internal/outbound","Test":"TestExecSMTPUTF8Capabilities/direct_plain/capable=true/ascii_quoted_alabel","Output":"=== RUN   TestExecSMTPUTF8Capabilities/direct_plain/capable=true/ascii_quoted_alabel\n"}
2026-10-09T04:14:54.4008896Z {"Time":"2026-10-09T04:14:52.938809415Z","Action":"output","Package":"tabmail/internal/outbound","Test":"TestExecSMTPUTF8Capabilities/direct_plain/capable=true/ascii_quoted_alabel","Output":"--- PASS: TestExecSMTPUTF8Capabilities/direct_plain/capable=true/ascii_quoted_alabel (0.00s)\n"}
2026-10-09T04:14:54.4009302Z {"Time":"2026-10-09T04:14:52.938814579Z","Action":"pass","Package":"tabmail/internal/outbound","Test":"TestExecSMTPUTF8Capabilities/direct_plain/capable=true/ascii_quoted_alabel","Elapsed":0}
2026-10-09T04:14:54.4009724Z {"Time":"2026-10-09T04:14:52.938855781Z","Action":"run","Package":"tabmail/internal/outbound","Test":"TestExecSMTPUTF8Capabilities/direct_plain/capable=true/unicode_sender_envelope_only"}
2026-10-09T04:14:54.4010396Z {"Time":"2026-10-09T04:14:52.938857775Z","Action":"output","Package":"tabmail/internal/outbound","Test":"TestExecSMTPUTF8Capabilities/direct_plain/capable=true/unicode_sender_envelope_only","Output":"=== RUN   TestExecSMTPUTF8Capabilities/direct_plain/capable=true/unicode_sender_envelope_only\n"}
2026-10-09T04:14:54.4011068Z {"Time":"2026-10-09T04:14:52.941528596Z","Action":"output","Package":"tabmail/internal/outbound","Test":"TestExecSMTPUTF8Capabilities/direct_plain/capable=true/unicode_sender_envelope_only","Output":"--- PASS: TestExecSMTPUTF8Capabilities/direct_plain/capable=true/unicode_sender_envelope_only (0.00s)\n"}
2026-10-09T04:14:54.4011498Z {"Time":"2026-10-09T04:14:52.941535017Z","Action":"pass","Package":"tabmail/internal/outbound","Test":"TestExecSMTPUTF8Capabilities/direct_plain/capable=true/unicode_sender_envelope_only","Elapsed":0}
2026-10-09T04:14:54.4011978Z {"Time":"2026-10-09T04:14:52.941538268Z","Action":"run","Package":"tabmail/internal/outbound","Test":"TestExecSMTPUTF8Capabilities/direct_plain/capable=true/unicode_recipient_envelope_only"}
2026-10-09T04:14:54.4012654Z {"Time":"2026-10-09T04:14:52.941540233Z","Action":"output","Package":"tabmail/internal/outbound","Test":"TestExecSMTPUTF8Capabilities/direct_plain/capable=true/unicode_recipient_envelope_only","Output":"=== RUN   TestExecSMTPUTF8Capabilities/direct_plain/capable=true/unicode_recipient_envelope_only\n"}
2026-10-09T04:14:54.4013410Z {"Time":"2026-10-09T04:14:52.943873377Z","Action":"output","Package":"tabmail/internal/outbound","Test":"TestExecSMTPUTF8Capabilities/direct_plain/capable=true/unicode_recipient_envelope_only","Output":"--- PASS: TestExecSMTPUTF8Capabilities/direct_plain/capable=true/unicode_recipient_envelope_only (0.00s)\n"}
2026-10-09T04:14:54.4013831Z {"Time":"2026-10-09T04:14:52.943893643Z","Action":"pass","Package":"tabmail/internal/outbound","Test":"TestExecSMTPUTF8Capabilities/direct_plain/capable=true/unicode_recipient_envelope_only","Elapsed":0}
2026-10-09T04:14:54.4015034Z {"Time":"2026-10-09T04:14:52.943899183Z","Action":"run","Package":"tabmail/internal/outbound","Test":"TestExecSMTPUTF8Capabilities/direct_plain/capable=true/unicode_domain_envelope_only"}
2026-10-09T04:14:54.4015712Z {"Time":"2026-10-09T04:14:52.943901217Z","Action":"output","Package":"tabmail/internal/outbound","Test":"TestExecSMTPUTF8Capabilities/direct_plain/capable=true/unicode_domain_envelope_only","Output":"=== RUN   TestExecSMTPUTF8Capabilities/direct_plain/capable=true/unicode_domain_envelope_only\n"}
2026-10-09T04:14:54.4016394Z {"Time":"2026-10-09T04:14:52.946231057Z","Action":"output","Package":"tabmail/internal/outbound","Test":"TestExecSMTPUTF8Capabilities/direct_plain/capable=true/unicode_domain_envelope_only","Output":"--- PASS: TestExecSMTPUTF8Capabilities/direct_plain/capable=true/unicode_domain_envelope_only (0.00s)\n"}
2026-10-09T04:14:54.4016818Z {"Time":"2026-10-09T04:14:52.946238077Z","Action":"pass","Package":"tabmail/internal/outbound","Test":"TestExecSMTPUTF8Capabilities/direct_plain/capable=true/unicode_domain_envelope_only","Elapsed":0}
2026-10-09T04:14:54.4017206Z {"Time":"2026-10-09T04:14:52.946263754Z","Action":"run","Package":"tabmail/internal/outbound","Test":"TestExecSMTPUTF8Capabilities/direct_plain/capable=true/unicode_last_bcc"}
2026-10-09T04:14:54.4017842Z {"Time":"2026-10-09T04:14:52.94628Z","Action":"output","Package":"tabmail/internal/outbound","Test":"TestExecSMTPUTF8Capabilities/direct_plain/capable=true/unicode_last_bcc","Output":"=== RUN   TestExecSMTPUTF8Capabilities/direct_plain/capable=true/unicode_last_bcc\n"}
2026-10-09T04:14:54.4018469Z {"Time":"2026-10-09T04:14:52.948645403Z","Action":"output","Package":"tabmail/internal/outbound","Test":"TestExecSMTPUTF8Capabilities/direct_plain/capable=true/unicode_last_bcc","Output":"--- PASS: TestExecSMTPUTF8Capabilities/direct_plain/capable=true/unicode_last_bcc (0.00s)\n"}
2026-10-09T04:14:54.4018858Z {"Time":"2026-10-09T04:14:52.948657399Z","Action":"pass","Package":"tabmail/internal/outbound","Test":"TestExecSMTPUTF8Capabilities/direct_plain/capable=true/unicode_last_bcc","Elapsed":0}
2026-10-09T04:14:54.4019255Z {"Time":"2026-10-09T04:14:52.948686351Z","Action":"run","Package":"tabmail/internal/outbound","Test":"TestExecSMTPUTF8Capabilities/direct_plain/capable=true/unicode_top_level_header"}
2026-10-09T04:14:54.4019930Z {"Time":"2026-10-09T04:14:52.948689178Z","Action":"output","Package":"tabmail/internal/outbound","Test":"TestExecSMTPUTF8Capabilities/direct_plain/capable=true/unicode_top_level_header","Output":"=== RUN   TestExecSMTPUTF8Capabilities/direct_plain/capable=true/unicode_top_level_header\n"}
2026-10-09T04:14:54.4020558Z {"Time":"2026-10-09T04:14:52.95103039Z","Action":"output","Package":"tabmail/internal/outbound","Test":"TestExecSMTPUTF8Capabilities/direct_plain/capable=true/unicode_top_level_header","Output":"--- PASS: TestExecSMTPUTF8Capabilities/direct_plain/capable=true/unicode_top_level_header (0.00s)\n"}
2026-10-09T04:14:54.4021029Z {"Time":"2026-10-09T04:14:52.95105012Z","Action":"pass","Package":"tabmail/internal/outbound","Test":"TestExecSMTPUTF8Capabilities/direct_plain/capable=true/unicode_top_level_header","Elapsed":0}
2026-10-09T04:14:54.4021460Z {"Time":"2026-10-09T04:14:52.951054446Z","Action":"run","Package":"tabmail/internal/outbound","Test":"TestExecSMTPUTF8Capabilities/direct_plain/capable=true/encoded_headers_body_and_attachment"}
2026-10-09T04:14:54.4022161Z {"Time":"2026-10-09T04:14:52.951056209Z","Action":"output","Package":"tabmail/internal/outbound","Test":"TestExecSMTPUTF8Capabilities/direct_plain/capable=true/encoded_headers_body_and_attachment","Output":"=== RUN   TestExecSMTPUTF8Capabilities/direct_plain/capable=true/encoded_headers_body_and_attachment\n"}
2026-10-09T04:14:54.4022856Z {"Time":"2026-10-09T04:14:52.954118922Z","Action":"output","Package":"tabmail/internal/outbound","Test":"TestExecSMTPUTF8Capabilities/direct_plain/capable=true/encoded_headers_body_and_attachment","Output":"--- PASS: TestExecSMTPUTF8Capabilities/direct_plain/capable=true/encoded_headers_body_and_attachment (0.00s)\n"}
2026-10-09T04:14:54.4023448Z {"Time":"2026-10-09T04:14:52.954127256Z","Action":"pass","Package":"tabmail/internal/outbound","Test":"TestExecSMTPUTF8Capabilities/direct_plain/capable=true/encoded_headers_body_and_attachment","Elapsed":0}
2026-10-09T04:14:54.4023852Z {"Time":"2026-10-09T04:14:52.954133155Z","Action":"run","Package":"tabmail/internal/outbound","Test":"TestExecSMTPUTF8Capabilities/direct_plain/capable=true/eight_bit_body_only"}
2026-10-09T04:14:54.4024461Z {"Time":"2026-10-09T04:14:52.954134947Z","Action":"output","Package":"tabmail/internal/outbound","Test":"TestExecSMTPUTF8Capabilities/direct_plain/capable=true/eight_bit_body_only","Output":"=== RUN   TestExecSMTPUTF8Capabilities/direct_plain/capable=true/eight_bit_body_only\n"}
2026-10-09T04:14:54.4025100Z {"Time":"2026-10-09T04:14:52.956401488Z","Action":"output","Package":"tabmail/internal/outbound","Test":"TestExecSMTPUTF8Capabilities/direct_plain/capable=true/eight_bit_body_only","Output":"--- PASS: TestExecSMTPUTF8Capabilities/direct_plain/capable=true/eight_bit_body_only (0.00s)\n"}
2026-10-09T04:14:54.4025531Z {"Time":"2026-10-09T04:14:52.956413576Z","Action":"pass","Package":"tabmail/internal/outbound","Test":"TestExecSMTPUTF8Capabilities/direct_plain/capable=true/eight_bit_body_only","Elapsed":0}
2026-10-09T04:14:54.4025979Z {"Time":"2026-10-09T04:14:52.956438952Z","Action":"run","Package":"tabmail/internal/outbound","Test":"TestExecSMTPUTF8Capabilities/direct_starttls/capable=false/ascii_quoted_alabel"}
2026-10-09T04:14:54.4026615Z {"Time":"2026-10-09T04:14:52.956442123Z","Action":"output","Package":"tabmail/internal/outbound","Test":"TestExecSMTPUTF8Capabilities/direct_starttls/capable=false/ascii_quoted_alabel","Output":"=== RUN   TestExecSMTPUTF8Capabilities/direct_starttls/capable=false/ascii_quoted_alabel\n"}
2026-10-09T04:14:54.4027225Z {"Time":"2026-10-09T04:14:52.963296607Z","Action":"output","Package":"tabmail/internal/outbound","Test":"TestExecSMTPUTF8Capabilities/direct_starttls/capable=false/ascii_quoted_alabel","Output":"--- PASS: TestExecSMTPUTF8Capabilities/direct_starttls/capable=false/ascii_quoted_alabel (0.01s)\n"}
2026-10-09T04:14:54.4027679Z {"Time":"2026-10-09T04:14:52.96331287Z","Action":"pass","Package":"tabmail/internal/outbound","Test":"TestExecSMTPUTF8Capabilities/direct_starttls/capable=false/ascii_quoted_alabel","Elapsed":0.01}
2026-10-09T04:14:54.4028108Z {"Time":"2026-10-09T04:14:52.963318307Z","Action":"run","Package":"tabmail/internal/outbound","Test":"TestExecSMTPUTF8Capabilities/direct_starttls/capable=false/unicode_sender_envelope_only"}
2026-10-09T04:14:54.4028779Z {"Time":"2026-10-09T04:14:52.963320219Z","Action":"output","Package":"tabmail/internal/outbound","Test":"TestExecSMTPUTF8Capabilities/direct_starttls/capable=false/unicode_sender_envelope_only","Output":"=== RUN   TestExecSMTPUTF8Capabilities/direct_starttls/capable=false/unicode_sender_envelope_only\n"}
2026-10-09T04:14:54.4029500Z {"Time":"2026-10-09T04:14:52.97011467Z","Action":"output","Package":"tabmail/internal/outbound","Test":"TestExecSMTPUTF8Capabilities/direct_starttls/capable=false/unicode_sender_envelope_only","Output":"--- PASS: TestExecSMTPUTF8Capabilities/direct_starttls/capable=false/unicode_sender_envelope_only (0.01s)\n"}
2026-10-09T04:14:54.4029965Z {"Time":"2026-10-09T04:14:52.970127444Z","Action":"pass","Package":"tabmail/internal/outbound","Test":"TestExecSMTPUTF8Capabilities/direct_starttls/capable=false/unicode_sender_envelope_only","Elapsed":0.01}
2026-10-09T04:14:54.4030408Z {"Time":"2026-10-09T04:14:52.970138531Z","Action":"run","Package":"tabmail/internal/outbound","Test":"TestExecSMTPUTF8Capabilities/direct_starttls/capable=false/unicode_recipient_envelope_only"}
2026-10-09T04:14:54.4031092Z {"Time":"2026-10-09T04:14:52.970141667Z","Action":"output","Package":"tabmail/internal/outbound","Test":"TestExecSMTPUTF8Capabilities/direct_starttls/capable=false/unicode_recipient_envelope_only","Output":"=== RUN   TestExecSMTPUTF8Capabilities/direct_starttls/capable=false/unicode_recipient_envelope_only\n"}
2026-10-09T04:14:54.4031776Z {"Time":"2026-10-09T04:14:52.976715781Z","Action":"output","Package":"tabmail/internal/outbound","Test":"TestExecSMTPUTF8Capabilities/direct_starttls/capable=false/unicode_recipient_envelope_only","Output":"--- PASS: TestExecSMTPUTF8Capabilities/direct_starttls/capable=false/unicode_recipient_envelope_only (0.01s)\n"}
2026-10-09T04:14:54.4032234Z {"Time":"2026-10-09T04:14:52.976733052Z","Action":"pass","Package":"tabmail/internal/outbound","Test":"TestExecSMTPUTF8Capabilities/direct_starttls/capable=false/unicode_recipient_envelope_only","Elapsed":0.01}
2026-10-09T04:14:54.4032679Z {"Time":"2026-10-09T04:14:52.976737971Z","Action":"run","Package":"tabmail/internal/outbound","Test":"TestExecSMTPUTF8Capabilities/direct_starttls/capable=false/unicode_domain_envelope_only"}
2026-10-09T04:14:54.4033432Z {"Time":"2026-10-09T04:14:52.976740326Z","Action":"output","Package":"tabmail/internal/outbound","Test":"TestExecSMTPUTF8Capabilities/direct_starttls/capable=false/unicode_domain_envelope_only","Output":"=== RUN   TestExecSMTPUTF8Capabilities/direct_starttls/capable=false/unicode_domain_envelope_only\n"}
2026-10-09T04:14:54.4034103Z {"Time":"2026-10-09T04:14:52.983344831Z","Action":"output","Package":"tabmail/internal/outbound","Test":"TestExecSMTPUTF8Capabilities/direct_starttls/capable=false/unicode_domain_envelope_only","Output":"--- PASS: TestExecSMTPUTF8Capabilities/direct_starttls/capable=false/unicode_domain_envelope_only (0.01s)\n"}
2026-10-09T04:14:54.4034668Z {"Time":"2026-10-09T04:14:52.983363565Z","Action":"pass","Package":"tabmail/internal/outbound","Test":"TestExecSMTPUTF8Capabilities/direct_starttls/capable=false/unicode_domain_envelope_only","Elapsed":0.01}
2026-10-09T04:14:54.4035073Z {"Time":"2026-10-09T04:14:52.983373527Z","Action":"run","Package":"tabmail/internal/outbound","Test":"TestExecSMTPUTF8Capabilities/direct_starttls/capable=false/unicode_last_bcc"}
2026-10-09T04:14:54.4035706Z {"Time":"2026-10-09T04:14:52.983383625Z","Action":"output","Package":"tabmail/internal/outbound","Test":"TestExecSMTPUTF8Capabilities/direct_starttls/capable=false/unicode_last_bcc","Output":"=== RUN   TestExecSMTPUTF8Capabilities/direct_starttls/capable=false/unicode_last_bcc\n"}
2026-10-09T04:14:54.4036324Z {"Time":"2026-10-09T04:14:52.990025554Z","Action":"output","Package":"tabmail/internal/outbound","Test":"TestExecSMTPUTF8Capabilities/direct_starttls/capable=false/unicode_last_bcc","Output":"--- PASS: TestExecSMTPUTF8Capabilities/direct_starttls/capable=false/unicode_last_bcc (0.01s)\n"}
2026-10-09T04:14:54.4036758Z {"Time":"2026-10-09T04:14:52.990043163Z","Action":"pass","Package":"tabmail/internal/outbound","Test":"TestExecSMTPUTF8Capabilities/direct_starttls/capable=false/unicode_last_bcc","Elapsed":0.01}
2026-10-09T04:14:54.4037199Z {"Time":"2026-10-09T04:14:52.990047233Z","Action":"run","Package":"tabmail/internal/outbound","Test":"TestExecSMTPUTF8Capabilities/direct_starttls/capable=false/unicode_top_level_header"}
2026-10-09T04:14:54.4037886Z {"Time":"2026-10-09T04:14:52.990048972Z","Action":"output","Package":"tabmail/internal/outbound","Test":"TestExecSMTPUTF8Capabilities/direct_starttls/capable=false/unicode_top_level_header","Output":"=== RUN   TestExecSMTPUTF8Capabilities/direct_starttls/capable=false/unicode_top_level_header\n"}
2026-10-09T04:14:54.4038564Z {"Time":"2026-10-09T04:14:52.996708707Z","Action":"output","Package":"tabmail/internal/outbound","Test":"TestExecSMTPUTF8Capabilities/direct_starttls/capable=false/unicode_top_level_header","Output":"--- PASS: TestExecSMTPUTF8Capabilities/direct_starttls/capable=false/unicode_top_level_header (0.01s)\n"}
2026-10-09T04:14:54.4039019Z {"Time":"2026-10-09T04:14:52.996725123Z","Action":"pass","Package":"tabmail/internal/outbound","Test":"TestExecSMTPUTF8Capabilities/direct_starttls/capable=false/unicode_top_level_header","Elapsed":0.01}
2026-10-09T04:14:54.4039459Z {"Time":"2026-10-09T04:14:52.996734537Z","Action":"run","Package":"tabmail/internal/outbound","Test":"TestExecSMTPUTF8Capabilities/direct_starttls/capable=false/encoded_headers_body_and_attachment"}
2026-10-09T04:14:54.4040169Z {"Time":"2026-10-09T04:14:52.996735997Z","Action":"output","Package":"tabmail/internal/outbound","Test":"TestExecSMTPUTF8Capabilities/direct_starttls/capable=false/encoded_headers_body_and_attachment","Output":"=== RUN   TestExecSMTPUTF8Capabilities/direct_starttls/capable=false/encoded_headers_body_and_attachment\n"}
2026-10-09T04:14:54.4040872Z {"Time":"2026-10-09T04:14:53.00453624Z","Action":"output","Package":"tabmail/internal/outbound","Test":"TestExecSMTPUTF8Capabilities/direct_starttls/capable=false/encoded_headers_body_and_attachment","Output":"--- PASS: TestExecSMTPUTF8Capabilities/direct_starttls/capable=false/encoded_headers_body_and_attachment (0.01s)\n"}
2026-10-09T04:14:54.4041358Z {"Time":"2026-10-09T04:14:53.004554917Z","Action":"pass","Package":"tabmail/internal/outbound","Test":"TestExecSMTPUTF8Capabilities/direct_starttls/capable=false/encoded_headers_body_and_attachment","Elapsed":0.01}
2026-10-09T04:14:54.4041762Z {"Time":"2026-10-09T04:14:53.004559907Z","Action":"run","Package":"tabmail/internal/outbound","Test":"TestExecSMTPUTF8Capabilities/direct_starttls/capable=false/eight_bit_body_only"}
2026-10-09T04:14:54.4042394Z {"Time":"2026-10-09T04:14:53.004561887Z","Action":"output","Package":"tabmail/internal/outbound","Test":"TestExecSMTPUTF8Capabilities/direct_starttls/capable=false/eight_bit_body_only","Output":"=== RUN   TestExecSMTPUTF8Capabilities/direct_starttls/capable=false/eight_bit_body_only\n"}
2026-10-09T04:14:54.4043063Z {"Time":"2026-10-09T04:14:53.011563784Z","Action":"output","Package":"tabmail/internal/outbound","Test":"TestExecSMTPUTF8Capabilities/direct_starttls/capable=false/eight_bit_body_only","Output":"--- PASS: TestExecSMTPUTF8Capabilities/direct_starttls/capable=false/eight_bit_body_only (0.01s)\n"}
2026-10-09T04:14:54.4043613Z {"Time":"2026-10-09T04:14:53.011581264Z","Action":"pass","Package":"tabmail/internal/outbound","Test":"TestExecSMTPUTF8Capabilities/direct_starttls/capable=false/eight_bit_body_only","Elapsed":0.01}
2026-10-09T04:14:54.4044016Z {"Time":"2026-10-09T04:14:53.011588934Z","Action":"run","Package":"tabmail/internal/outbound","Test":"TestExecSMTPUTF8Capabilities/direct_starttls/capable=true/ascii_quoted_alabel"}
2026-10-09T04:14:54.4044648Z {"Time":"2026-10-09T04:14:53.011590684Z","Action":"output","Package":"tabmail/internal/outbound","Test":"TestExecSMTPUTF8Capabilities/direct_starttls/capable=true/ascii_quoted_alabel","Output":"=== RUN   TestExecSMTPUTF8Capabilities/direct_starttls/capable=true/ascii_quoted_alabel\n"}
2026-10-09T04:14:54.4045251Z {"Time":"2026-10-09T04:14:53.018366282Z","Action":"output","Package":"tabmail/internal/outbound","Test":"TestExecSMTPUTF8Capabilities/direct_starttls/capable=true/ascii_quoted_alabel","Output":"--- PASS: TestExecSMTPUTF8Capabilities/direct_starttls/capable=true/ascii_quoted_alabel (0.01s)\n"}
2026-10-09T04:14:54.4045770Z {"Time":"2026-10-09T04:14:53.018385301Z","Action":"pass","Package":"tabmail/internal/outbound","Test":"TestExecSMTPUTF8Capabilities/direct_starttls/capable=true/ascii_quoted_alabel","Elapsed":0.01}
2026-10-09T04:14:54.4046196Z {"Time":"2026-10-09T04:14:53.018401573Z","Action":"run","Package":"tabmail/internal/outbound","Test":"TestExecSMTPUTF8Capabilities/direct_starttls/capable=true/unicode_sender_envelope_only"}
2026-10-09T04:14:54.4046880Z {"Time":"2026-10-09T04:14:53.018404359Z","Action":"output","Package":"tabmail/internal/outbound","Test":"TestExecSMTPUTF8Capabilities/direct_starttls/capable=true/unicode_sender_envelope_only","Output":"=== RUN   TestExecSMTPUTF8Capabilities/direct_starttls/capable=true/unicode_sender_envelope_only\n"}
2026-10-09T04:14:54.4047545Z {"Time":"2026-10-09T04:14:53.025261799Z","Action":"output","Package":"tabmail/internal/outbound","Test":"TestExecSMTPUTF8Capabilities/direct_starttls/capable=true/unicode_sender_envelope_only","Output":"--- PASS: TestExecSMTPUTF8Capabilities/direct_starttls/capable=true/unicode_sender_envelope_only (0.01s)\n"}
2026-10-09T04:14:54.4048028Z {"Time":"2026-10-09T04:14:53.025276893Z","Action":"pass","Package":"tabmail/internal/outbound","Test":"TestExecSMTPUTF8Capabilities/direct_starttls/capable=true/unicode_sender_envelope_only","Elapsed":0.01}
2026-10-09T04:14:54.4048469Z {"Time":"2026-10-09T04:14:53.025285922Z","Action":"run","Package":"tabmail/internal/outbound","Test":"TestExecSMTPUTF8Capabilities/direct_starttls/capable=true/unicode_recipient_envelope_only"}
2026-10-09T04:14:54.4049175Z {"Time":"2026-10-09T04:14:53.025287432Z","Action":"output","Package":"tabmail/internal/outbound","Test":"TestExecSMTPUTF8Capabilities/direct_starttls/capable=true/unicode_recipient_envelope_only","Output":"=== RUN   TestExecSMTPUTF8Capabilities/direct_starttls/capable=true/unicode_recipient_envelope_only\n"}
2026-10-09T04:14:54.4049848Z {"Time":"2026-10-09T04:14:53.032076147Z","Action":"output","Package":"tabmail/internal/outbound","Test":"TestExecSMTPUTF8Capabilities/direct_starttls/capable=true/unicode_recipient_envelope_only","Output":"--- PASS: TestExecSMTPUTF8Capabilities/direct_starttls/capable=true/unicode_recipient_envelope_only (0.01s)\n"}
2026-10-09T04:14:54.4050301Z {"Time":"2026-10-09T04:14:53.032093862Z","Action":"pass","Package":"tabmail/internal/outbound","Test":"TestExecSMTPUTF8Capabilities/direct_starttls/capable=true/unicode_recipient_envelope_only","Elapsed":0.01}
2026-10-09T04:14:54.4050792Z {"Time":"2026-10-09T04:14:53.032099693Z","Action":"run","Package":"tabmail/internal/outbound","Test":"TestExecSMTPUTF8Capabilities/direct_starttls/capable=true/unicode_domain_envelope_only"}
2026-10-09T04:14:54.4051469Z {"Time":"2026-10-09T04:14:53.032101725Z","Action":"output","Package":"tabmail/internal/outbound","Test":"TestExecSMTPUTF8Capabilities/direct_starttls/capable=true/unicode_domain_envelope_only","Output":"=== RUN   TestExecSMTPUTF8Capabilities/direct_starttls/capable=true/unicode_domain_envelope_only\n"}
2026-10-09T04:14:54.4052133Z {"Time":"2026-10-09T04:14:53.038944575Z","Action":"output","Package":"tabmail/internal/outbound","Test":"TestExecSMTPUTF8Capabilities/direct_starttls/capable=true/unicode_domain_envelope_only","Output":"--- PASS: TestExecSMTPUTF8Capabilities/direct_starttls/capable=true/unicode_domain_envelope_only (0.01s)\n"}
2026-10-09T04:14:54.4052614Z {"Time":"2026-10-09T04:14:53.038958639Z","Action":"pass","Package":"tabmail/internal/outbound","Test":"TestExecSMTPUTF8Capabilities/direct_starttls/capable=true/unicode_domain_envelope_only","Elapsed":0.01}
2026-10-09T04:14:54.4053024Z {"Time":"2026-10-09T04:14:53.038963687Z","Action":"run","Package":"tabmail/internal/outbound","Test":"TestExecSMTPUTF8Capabilities/direct_starttls/capable=true/unicode_last_bcc"}
2026-10-09T04:14:54.4053722Z {"Time":"2026-10-09T04:14:53.038965673Z","Action":"output","Package":"tabmail/internal/outbound","Test":"TestExecSMTPUTF8Capabilities/direct_starttls/capable=true/unicode_last_bcc","Output":"=== RUN   TestExecSMTPUTF8Capabilities/direct_starttls/capable=true/unicode_last_bcc\n"}
2026-10-09T04:14:54.4054386Z {"Time":"2026-10-09T04:14:53.046655139Z","Action":"output","Package":"tabmail/internal/outbound","Test":"TestExecSMTPUTF8Capabilities/direct_starttls/capable=true/unicode_last_bcc","Output":"--- PASS: TestExecSMTPUTF8Capabilities/direct_starttls/capable=true/unicode_last_bcc (0.01s)\n"}
2026-10-09T04:14:54.4054827Z {"Time":"2026-10-09T04:14:53.046672662Z","Action":"pass","Package":"tabmail/internal/outbound","Test":"TestExecSMTPUTF8Capabilities/direct_starttls/capable=true/unicode_last_bcc","Elapsed":0.01}
2026-10-09T04:14:54.4055286Z {"Time":"2026-10-09T04:14:53.046701387Z","Action":"run","Package":"tabmail/internal/outbound","Test":"TestExecSMTPUTF8Capabilities/direct_starttls/capable=true/unicode_top_level_header"}
2026-10-09T04:14:54.4055985Z {"Time":"2026-10-09T04:14:53.046704214Z","Action":"output","Package":"tabmail/internal/outbound","Test":"TestExecSMTPUTF8Capabilities/direct_starttls/capable=true/unicode_top_level_header","Output":"=== RUN   TestExecSMTPUTF8Capabilities/direct_starttls/capable=true/unicode_top_level_header\n"}
2026-10-09T04:14:54.4056652Z {"Time":"2026-10-09T04:14:53.053555411Z","Action":"output","Package":"tabmail/internal/outbound","Test":"TestExecSMTPUTF8Capabilities/direct_starttls/capable=true/unicode_top_level_header","Output":"--- PASS: TestExecSMTPUTF8Capabilities/direct_starttls/capable=true/unicode_top_level_header (0.01s)\n"}
2026-10-09T04:14:54.4057143Z {"Time":"2026-10-09T04:14:53.053570163Z","Action":"pass","Package":"tabmail/internal/outbound","Test":"TestExecSMTPUTF8Capabilities/direct_starttls/capable=true/unicode_top_level_header","Elapsed":0.01}
2026-10-09T04:14:54.4057585Z {"Time":"2026-10-09T04:14:53.053574971Z","Action":"run","Package":"tabmail/internal/outbound","Test":"TestExecSMTPUTF8Capabilities/direct_starttls/capable=true/encoded_headers_body_and_attachment"}
2026-10-09T04:14:54.4058308Z {"Time":"2026-10-09T04:14:53.053584803Z","Action":"output","Package":"tabmail/internal/outbound","Test":"TestExecSMTPUTF8Capabilities/direct_starttls/capable=true/encoded_headers_body_and_attachment","Output":"=== RUN   TestExecSMTPUTF8Capabilities/direct_starttls/capable=true/encoded_headers_body_and_attachment\n"}
2026-10-09T04:14:54.4059040Z {"Time":"2026-10-09T04:14:53.060662871Z","Action":"output","Package":"tabmail/internal/outbound","Test":"TestExecSMTPUTF8Capabilities/direct_starttls/capable=true/encoded_headers_body_and_attachment","Output":"--- PASS: TestExecSMTPUTF8Capabilities/direct_starttls/capable=true/encoded_headers_body_and_attachment (0.01s)\n"}
2026-10-09T04:14:54.4059577Z {"Time":"2026-10-09T04:14:53.060674697Z","Action":"pass","Package":"tabmail/internal/outbound","Test":"TestExecSMTPUTF8Capabilities/direct_starttls/capable=true/encoded_headers_body_and_attachment","Elapsed":0.01}
2026-10-09T04:14:54.4059999Z {"Time":"2026-10-09T04:14:53.060679625Z","Action":"run","Package":"tabmail/internal/outbound","Test":"TestExecSMTPUTF8Capabilities/direct_starttls/capable=true/eight_bit_body_only"}
2026-10-09T04:14:54.4060637Z {"Time":"2026-10-09T04:14:53.060681087Z","Action":"output","Package":"tabmail/internal/outbound","Test":"TestExecSMTPUTF8Capabilities/direct_starttls/capable=true/eight_bit_body_only","Output":"=== RUN   TestExecSMTPUTF8Capabilities/direct_starttls/capable=true/eight_bit_body_only\n"}
2026-10-09T04:14:54.4061323Z {"Time":"2026-10-09T04:14:53.067472427Z","Action":"output","Package":"tabmail/internal/outbound","Test":"TestExecSMTPUTF8Capabilities/direct_starttls/capable=true/eight_bit_body_only","Output":"--- PASS: TestExecSMTPUTF8Capabilities/direct_starttls/capable=true/eight_bit_body_only (0.01s)\n"}
2026-10-09T04:14:54.4061810Z {"Time":"2026-10-09T04:14:53.067489881Z","Action":"pass","Package":"tabmail/internal/outbound","Test":"TestExecSMTPUTF8Capabilities/direct_starttls/capable=true/eight_bit_body_only","Elapsed":0.01}
2026-10-09T04:14:54.4062289Z {"Time":"2026-10-09T04:14:53.067496277Z","Action":"output","Package":"tabmail/internal/outbound","Test":"TestExecSMTPUTF8Capabilities","Output":"--- PASS: TestExecSMTPUTF8Capabilities (0.42s)\n"}
2026-10-09T04:14:54.4062648Z {"Time":"2026-10-09T04:14:53.067500281Z","Action":"pass","Package":"tabmail/internal/outbound","Test":"TestExecSMTPUTF8Capabilities","Elapsed":0.42}
2026-10-09T04:14:54.4062971Z {"Time":"2026-10-09T04:14:53.067504713Z","Action":"run","Package":"tabmail/internal/outbound","Test":"TestExecSMTPUTF8RefreshAfterSTARTTLS"}
2026-10-09T04:14:54.4063616Z {"Time":"2026-10-09T04:14:53.067507417Z","Action":"output","Package":"tabmail/internal/outbound","Test":"TestExecSMTPUTF8RefreshAfterSTARTTLS","Output":"=== RUN   TestExecSMTPUTF8RefreshAfterSTARTTLS\n"}
2026-10-09T04:14:54.4064064Z {"Time":"2026-10-09T04:14:53.067569584Z","Action":"run","Package":"tabmail/internal/outbound","Test":"TestExecSMTPUTF8RefreshAfterSTARTTLS/relay_starttls/final_capable=false/unicode_last_bcc"}
2026-10-09T04:14:54.4064737Z {"Time":"2026-10-09T04:14:53.067574241Z","Action":"output","Package":"tabmail/internal/outbound","Test":"TestExecSMTPUTF8RefreshAfterSTARTTLS/relay_starttls/final_capable=false/unicode_last_bcc","Output":"=== RUN   TestExecSMTPUTF8RefreshAfterSTARTTLS/relay_starttls/final_capable=false/unicode_last_bcc\n"}
2026-10-09T04:14:54.4065472Z {"Time":"2026-10-09T04:14:53.074164848Z","Action":"output","Package":"tabmail/internal/outbound","Test":"TestExecSMTPUTF8RefreshAfterSTARTTLS/relay_starttls/final_capable=false/unicode_last_bcc","Output":"--- PASS: TestExecSMTPUTF8RefreshAfterSTARTTLS/relay_starttls/final_capable=false/unicode_last_bcc (0.01s)\n"}
2026-10-09T04:14:54.4065959Z {"Time":"2026-10-09T04:14:53.074178022Z","Action":"pass","Package":"tabmail/internal/outbound","Test":"TestExecSMTPUTF8RefreshAfterSTARTTLS/relay_starttls/final_capable=false/unicode_last_bcc","Elapsed":0.01}
2026-10-09T04:14:54.4066473Z {"Time":"2026-10-09T04:14:53.07418262Z","Action":"run","Package":"tabmail/internal/outbound","Test":"TestExecSMTPUTF8RefreshAfterSTARTTLS/relay_starttls/final_capable=false/encoded_headers_body_and_attachment"}
2026-10-09T04:14:54.4067243Z {"Time":"2026-10-09T04:14:53.074184301Z","Action":"output","Package":"tabmail/internal/outbound","Test":"TestExecSMTPUTF8RefreshAfterSTARTTLS/relay_starttls/final_capable=false/encoded_headers_body_and_attachment","Output":"=== RUN   TestExecSMTPUTF8RefreshAfterSTARTTLS/relay_starttls/final_capable=false/encoded_headers_body_and_attachment\n"}
2026-10-09T04:14:54.4068106Z {"Time":"2026-10-09T04:14:53.081179024Z","Action":"output","Package":"tabmail/internal/outbound","Test":"TestExecSMTPUTF8RefreshAfterSTARTTLS/relay_starttls/final_capable=false/encoded_headers_body_and_attachment","Output":"--- PASS: TestExecSMTPUTF8RefreshAfterSTARTTLS/relay_starttls/final_capable=false/encoded_headers_body_and_attachment (0.01s)\n"}
2026-10-09T04:14:54.4068619Z {"Time":"2026-10-09T04:14:53.081195229Z","Action":"pass","Package":"tabmail/internal/outbound","Test":"TestExecSMTPUTF8RefreshAfterSTARTTLS/relay_starttls/final_capable=false/encoded_headers_body_and_attachment","Elapsed":0.01}
2026-10-09T04:14:54.4069099Z {"Time":"2026-10-09T04:14:53.081205864Z","Action":"run","Package":"tabmail/internal/outbound","Test":"TestExecSMTPUTF8RefreshAfterSTARTTLS/relay_starttls/final_capable=true/unicode_last_bcc"}
2026-10-09T04:14:54.4069758Z {"Time":"2026-10-09T04:14:53.081209249Z","Action":"output","Package":"tabmail/internal/outbound","Test":"TestExecSMTPUTF8RefreshAfterSTARTTLS/relay_starttls/final_capable=true/unicode_last_bcc","Output":"=== RUN   TestExecSMTPUTF8RefreshAfterSTARTTLS/relay_starttls/final_capable=true/unicode_last_bcc\n"}
2026-10-09T04:14:54.4070478Z {"Time":"2026-10-09T04:14:53.088777457Z","Action":"output","Package":"tabmail/internal/outbound","Test":"TestExecSMTPUTF8RefreshAfterSTARTTLS/relay_starttls/final_capable=true/unicode_last_bcc","Output":"--- PASS: TestExecSMTPUTF8RefreshAfterSTARTTLS/relay_starttls/final_capable=true/unicode_last_bcc (0.01s)\n"}
2026-10-09T04:14:54.4071008Z {"Time":"2026-10-09T04:14:53.088791907Z","Action":"pass","Package":"tabmail/internal/outbound","Test":"TestExecSMTPUTF8RefreshAfterSTARTTLS/relay_starttls/final_capable=true/unicode_last_bcc","Elapsed":0.01}
2026-10-09T04:14:54.4071511Z {"Time":"2026-10-09T04:14:53.088797156Z","Action":"run","Package":"tabmail/internal/outbound","Test":"TestExecSMTPUTF8RefreshAfterSTARTTLS/relay_starttls/final_capable=true/encoded_headers_body_and_attachment"}
2026-10-09T04:14:54.4072267Z {"Time":"2026-10-09T04:14:53.088801291Z","Action":"output","Package":"tabmail/internal/outbound","Test":"TestExecSMTPUTF8RefreshAfterSTARTTLS/relay_starttls/final_capable=true/encoded_headers_body_and_attachment","Output":"=== RUN   TestExecSMTPUTF8RefreshAfterSTARTTLS/relay_starttls/final_capable=true/encoded_headers_body_and_attachment\n"}
2026-10-09T04:14:54.4073064Z {"Time":"2026-10-09T04:14:53.095762029Z","Action":"output","Package":"tabmail/internal/outbound","Test":"TestExecSMTPUTF8RefreshAfterSTARTTLS/relay_starttls/final_capable=true/encoded_headers_body_and_attachment","Output":"--- PASS: TestExecSMTPUTF8RefreshAfterSTARTTLS/relay_starttls/final_capable=true/encoded_headers_body_and_attachment (0.01s)\n"}
2026-10-09T04:14:54.4073817Z {"Time":"2026-10-09T04:14:53.095776859Z","Action":"pass","Package":"tabmail/internal/outbound","Test":"TestExecSMTPUTF8RefreshAfterSTARTTLS/relay_starttls/final_capable=true/encoded_headers_body_and_attachment","Elapsed":0.01}
2026-10-09T04:14:54.4074254Z {"Time":"2026-10-09T04:14:53.095785428Z","Action":"run","Package":"tabmail/internal/outbound","Test":"TestExecSMTPUTF8RefreshAfterSTARTTLS/direct_starttls/final_capable=false/unicode_last_bcc"}
2026-10-09T04:14:54.4074949Z {"Time":"2026-10-09T04:14:53.09578817Z","Action":"output","Package":"tabmail/internal/outbound","Test":"TestExecSMTPUTF8RefreshAfterSTARTTLS/direct_starttls/final_capable=false/unicode_last_bcc","Output":"=== RUN   TestExecSMTPUTF8RefreshAfterSTARTTLS/direct_starttls/final_capable=false/unicode_last_bcc\n"}
2026-10-09T04:14:54.4075736Z {"Time":"2026-10-09T04:14:53.102371567Z","Action":"output","Package":"tabmail/internal/outbound","Test":"TestExecSMTPUTF8RefreshAfterSTARTTLS/direct_starttls/final_capable=false/unicode_last_bcc","Output":"--- PASS: TestExecSMTPUTF8RefreshAfterSTARTTLS/direct_starttls/final_capable=false/unicode_last_bcc (0.01s)\n"}
2026-10-09T04:14:54.4076207Z {"Time":"2026-10-09T04:14:53.102388254Z","Action":"pass","Package":"tabmail/internal/outbound","Test":"TestExecSMTPUTF8RefreshAfterSTARTTLS/direct_starttls/final_capable=false/unicode_last_bcc","Elapsed":0.01}
2026-10-09T04:14:54.4076745Z {"Time":"2026-10-09T04:14:53.102405758Z","Action":"run","Package":"tabmail/internal/outbound","Test":"TestExecSMTPUTF8RefreshAfterSTARTTLS/direct_starttls/final_capable=false/encoded_headers_body_and_attachment"}
2026-10-09T04:14:54.4077531Z {"Time":"2026-10-09T04:14:53.102408482Z","Action":"output","Package":"tabmail/internal/outbound","Test":"TestExecSMTPUTF8RefreshAfterSTARTTLS/direct_starttls/final_capable=false/encoded_headers_body_and_attachment","Output":"=== RUN   TestExecSMTPUTF8RefreshAfterSTARTTLS/direct_starttls/final_capable=false/encoded_headers_body_and_attachment\n"}
2026-10-09T04:14:54.4078315Z {"Time":"2026-10-09T04:14:53.109314151Z","Action":"output","Package":"tabmail/internal/outbound","Test":"TestExecSMTPUTF8RefreshAfterSTARTTLS/direct_starttls/final_capable=false/encoded_headers_body_and_attachment","Output":"--- PASS: TestExecSMTPUTF8RefreshAfterSTARTTLS/direct_starttls/final_capable=false/encoded_headers_body_and_attachment (0.01s)\n"}
2026-10-09T04:14:54.4078833Z {"Time":"2026-10-09T04:14:53.109342373Z","Action":"pass","Package":"tabmail/internal/outbound","Test":"TestExecSMTPUTF8RefreshAfterSTARTTLS/direct_starttls/final_capable=false/encoded_headers_body_and_attachment","Elapsed":0.01}
2026-10-09T04:14:54.4079265Z {"Time":"2026-10-09T04:14:53.10934771Z","Action":"run","Package":"tabmail/internal/outbound","Test":"TestExecSMTPUTF8RefreshAfterSTARTTLS/direct_starttls/final_capable=true/unicode_last_bcc"}
2026-10-09T04:14:54.4079980Z {"Time":"2026-10-09T04:14:53.109350048Z","Action":"output","Package":"tabmail/internal/outbound","Test":"TestExecSMTPUTF8RefreshAfterSTARTTLS/direct_starttls/final_capable=true/unicode_last_bcc","Output":"=== RUN   TestExecSMTPUTF8RefreshAfterSTARTTLS/direct_starttls/final_capable=true/unicode_last_bcc\n"}
2026-10-09T04:14:54.4080668Z {"Time":"2026-10-09T04:14:53.116207418Z","Action":"output","Package":"tabmail/internal/outbound","Test":"TestExecSMTPUTF8RefreshAfterSTARTTLS/direct_starttls/final_capable=true/unicode_last_bcc","Output":"--- PASS: TestExecSMTPUTF8RefreshAfterSTARTTLS/direct_starttls/final_capable=true/unicode_last_bcc (0.01s)\n"}
2026-10-09T04:14:54.4081146Z {"Time":"2026-10-09T04:14:53.116223167Z","Action":"pass","Package":"tabmail/internal/outbound","Test":"TestExecSMTPUTF8RefreshAfterSTARTTLS/direct_starttls/final_capable=true/unicode_last_bcc","Elapsed":0.01}
2026-10-09T04:14:54.4081632Z {"Time":"2026-10-09T04:14:53.116228197Z","Action":"run","Package":"tabmail/internal/outbound","Test":"TestExecSMTPUTF8RefreshAfterSTARTTLS/direct_starttls/final_capable=true/encoded_headers_body_and_attachment"}
2026-10-09T04:14:54.4082399Z {"Time":"2026-10-09T04:14:53.116230015Z","Action":"output","Package":"tabmail/internal/outbound","Test":"TestExecSMTPUTF8RefreshAfterSTARTTLS/direct_starttls/final_capable=true/encoded_headers_body_and_attachment","Output":"=== RUN   TestExecSMTPUTF8RefreshAfterSTARTTLS/direct_starttls/final_capable=true/encoded_headers_body_and_attachment\n"}
2026-10-09T04:14:54.4083152Z {"Time":"2026-10-09T04:14:53.12311557Z","Action":"output","Package":"tabmail/internal/outbound","Test":"TestExecSMTPUTF8RefreshAfterSTARTTLS/direct_starttls/final_capable=true/encoded_headers_body_and_attachment","Output":"--- PASS: TestExecSMTPUTF8RefreshAfterSTARTTLS/direct_starttls/final_capable=true/encoded_headers_body_and_attachment (0.01s)\n"}
2026-10-09T04:14:54.4083757Z {"Time":"2026-10-09T04:14:53.123135137Z","Action":"pass","Package":"tabmail/internal/outbound","Test":"TestExecSMTPUTF8RefreshAfterSTARTTLS/direct_starttls/final_capable=true/encoded_headers_body_and_attachment","Elapsed":0.01}
2026-10-09T04:14:54.4084457Z {"Time":"2026-10-09T04:14:53.123140445Z","Action":"output","Package":"tabmail/internal/outbound","Test":"TestExecSMTPUTF8RefreshAfterSTARTTLS","Output":"--- PASS: TestExecSMTPUTF8RefreshAfterSTARTTLS (0.06s)\n"}
2026-10-09T04:14:54.4084815Z {"Time":"2026-10-09T04:14:53.123164057Z","Action":"pass","Package":"tabmail/internal/outbound","Test":"TestExecSMTPUTF8RefreshAfterSTARTTLS","Elapsed":0.06}
2026-10-09T04:14:54.4085181Z {"Time":"2026-10-09T04:14:53.123186675Z","Action":"run","Package":"tabmail/internal/outbound","Test":"TestExecSMTPUTF8HELOFallback"}
2026-10-09T04:14:54.4085677Z {"Time":"2026-10-09T04:14:53.123189285Z","Action":"output","Package":"tabmail/internal/outbound","Test":"TestExecSMTPUTF8HELOFallback","Output":"=== RUN   TestExecSMTPUTF8HELOFallback\n"}
2026-10-09T04:14:54.4086070Z {"Time":"2026-10-09T04:14:53.123241313Z","Action":"run","Package":"tabmail/internal/outbound","Test":"TestExecSMTPUTF8HELOFallback/relay_plain/ascii_quoted_alabel"}
2026-10-09T04:14:54.4086601Z {"Time":"2026-10-09T04:14:53.123244336Z","Action":"output","Package":"tabmail/internal/outbound","Test":"TestExecSMTPUTF8HELOFallback/relay_plain/ascii_quoted_alabel","Output":"=== RUN   TestExecSMTPUTF8HELOFallback/relay_plain/ascii_quoted_alabel\n"}
2026-10-09T04:14:54.4087169Z {"Time":"2026-10-09T04:14:53.125600619Z","Action":"output","Package":"tabmail/internal/outbound","Test":"TestExecSMTPUTF8HELOFallback/relay_plain/ascii_quoted_alabel","Output":"--- PASS: TestExecSMTPUTF8HELOFallback/relay_plain/ascii_quoted_alabel (0.00s)\n"}
2026-10-09T04:14:54.4087551Z {"Time":"2026-10-09T04:14:53.125618467Z","Action":"pass","Package":"tabmail/internal/outbound","Test":"TestExecSMTPUTF8HELOFallback/relay_plain/ascii_quoted_alabel","Elapsed":0}
2026-10-09T04:14:54.4088042Z {"Time":"2026-10-09T04:14:53.125644306Z","Action":"run","Package":"tabmail/internal/outbound","Test":"TestExecSMTPUTF8HELOFallback/relay_plain/unicode_sender_envelope_only"}
2026-10-09T04:14:54.4088690Z {"Time":"2026-10-09T04:14:53.125647781Z","Action":"output","Package":"tabmail/internal/outbound","Test":"TestExecSMTPUTF8HELOFallback/relay_plain/unicode_sender_envelope_only","Output":"=== RUN   TestExecSMTPUTF8HELOFallback/relay_plain/unicode_sender_envelope_only\n"}
2026-10-09T04:14:54.4089306Z {"Time":"2026-10-09T04:14:53.127867749Z","Action":"output","Package":"tabmail/internal/outbound","Test":"TestExecSMTPUTF8HELOFallback/relay_plain/unicode_sender_envelope_only","Output":"--- PASS: TestExecSMTPUTF8HELOFallback/relay_plain/unicode_sender_envelope_only (0.00s)\n"}
2026-10-09T04:14:54.4089749Z {"Time":"2026-10-09T04:14:53.127883072Z","Action":"pass","Package":"tabmail/internal/outbound","Test":"TestExecSMTPUTF8HELOFallback/relay_plain/unicode_sender_envelope_only","Elapsed":0}
2026-10-09T04:14:54.4090115Z {"Time":"2026-10-09T04:14:53.127887404Z","Action":"run","Package":"tabmail/internal/outbound","Test":"TestExecSMTPUTF8HELOFallback/direct_plain/ascii_quoted_alabel"}
2026-10-09T04:14:54.4090673Z {"Time":"2026-10-09T04:14:53.127889317Z","Action":"output","Package":"tabmail/internal/outbound","Test":"TestExecSMTPUTF8HELOFallback/direct_plain/ascii_quoted_alabel","Output":"=== RUN   TestExecSMTPUTF8HELOFallback/direct_plain/ascii_quoted_alabel\n"}
2026-10-09T04:14:54.4091250Z {"Time":"2026-10-09T04:14:53.130190818Z","Action":"output","Package":"tabmail/internal/outbound","Test":"TestExecSMTPUTF8HELOFallback/direct_plain/ascii_quoted_alabel","Output":"--- PASS: TestExecSMTPUTF8HELOFallback/direct_plain/ascii_quoted_alabel (0.00s)\n"}
2026-10-09T04:14:54.4091652Z {"Time":"2026-10-09T04:14:53.130203489Z","Action":"pass","Package":"tabmail/internal/outbound","Test":"TestExecSMTPUTF8HELOFallback/direct_plain/ascii_quoted_alabel","Elapsed":0}
2026-10-09T04:14:54.4092046Z {"Time":"2026-10-09T04:14:53.130223538Z","Action":"run","Package":"tabmail/internal/outbound","Test":"TestExecSMTPUTF8HELOFallback/direct_plain/unicode_sender_envelope_only"}
2026-10-09T04:14:54.4092623Z {"Time":"2026-10-09T04:14:53.130226552Z","Action":"output","Package":"tabmail/internal/outbound","Test":"TestExecSMTPUTF8HELOFallback/direct_plain/unicode_sender_envelope_only","Output":"=== RUN   TestExecSMTPUTF8HELOFallback/direct_plain/unicode_sender_envelope_only\n"}
2026-10-09T04:14:54.4093320Z {"Time":"2026-10-09T04:14:53.132932407Z","Action":"output","Package":"tabmail/internal/outbound","Test":"TestExecSMTPUTF8HELOFallback/direct_plain/unicode_sender_envelope_only","Output":"--- PASS: TestExecSMTPUTF8HELOFallback/direct_plain/unicode_sender_envelope_only (0.00s)\n"}
2026-10-09T04:14:54.4093772Z {"Time":"2026-10-09T04:14:53.132950574Z","Action":"pass","Package":"tabmail/internal/outbound","Test":"TestExecSMTPUTF8HELOFallback/direct_plain/unicode_sender_envelope_only","Elapsed":0}
2026-10-09T04:14:54.4094195Z {"Time":"2026-10-09T04:14:53.132956674Z","Action":"output","Package":"tabmail/internal/outbound","Test":"TestExecSMTPUTF8HELOFallback","Output":"--- PASS: TestExecSMTPUTF8HELOFallback (0.01s)\n"}
2026-10-09T04:14:54.4094556Z {"Time":"2026-10-09T04:14:53.132959709Z","Action":"pass","Package":"tabmail/internal/outbound","Test":"TestExecSMTPUTF8HELOFallback","Elapsed":0.01}
2026-10-09T04:14:54.4094879Z {"Time":"2026-10-09T04:14:53.132984022Z","Action":"run","Package":"tabmail/internal/outbound","Test":"TestExecSMTPUTF8TriesNextMXBeforeSending"}
2026-10-09T04:14:54.4095363Z {"Time":"2026-10-09T04:14:53.132987144Z","Action":"output","Package":"tabmail/internal/outbound","Test":"TestExecSMTPUTF8TriesNextMXBeforeSending","Output":"=== RUN   TestExecSMTPUTF8TriesNextMXBeforeSending\n"}
2026-10-09T04:14:54.4095828Z {"Time":"2026-10-09T04:14:53.137358448Z","Action":"output","Package":"tabmail/internal/outbound","Test":"TestExecSMTPUTF8TriesNextMXBeforeSending","Output":"--- PASS: TestExecSMTPUTF8TriesNextMXBeforeSending (0.00s)\n"}
2026-10-09T04:14:54.4096202Z {"Time":"2026-10-09T04:14:53.137377083Z","Action":"pass","Package":"tabmail/internal/outbound","Test":"TestExecSMTPUTF8TriesNextMXBeforeSending","Elapsed":0}
2026-10-09T04:14:54.4096573Z {"Time":"2026-10-09T04:14:53.137381309Z","Action":"run","Package":"tabmail/internal/outbound","Test":"TestExecSMTPUTF8SubmissionRecipientLedger"}
2026-10-09T04:14:54.4097025Z {"Time":"2026-10-09T04:14:53.137382967Z","Action":"output","Package":"tabmail/internal/outbound","Test":"TestExecSMTPUTF8SubmissionRecipientLedger","Output":"=== RUN   TestExecSMTPUTF8SubmissionRecipientLedger\n"}
2026-10-09T04:14:54.4097420Z {"Time":"2026-10-09T04:14:53.137434732Z","Action":"run","Package":"tabmail/internal/outbound","Test":"TestExecSMTPUTF8SubmissionRecipientLedger/relay_plain/capable=false/to"}
2026-10-09T04:14:54.4098051Z {"Time":"2026-10-09T04:14:53.137437193Z","Action":"output","Package":"tabmail/internal/outbound","Test":"TestExecSMTPUTF8SubmissionRecipientLedger/relay_plain/capable=false/to","Output":"=== RUN   TestExecSMTPUTF8SubmissionRecipientLedger/relay_plain/capable=false/to\n"}
2026-10-09T04:14:54.4098709Z {"Time":"2026-10-09T04:14:53.140300736Z","Action":"output","Package":"tabmail/internal/outbound","Test":"TestExecSMTPUTF8SubmissionRecipientLedger/relay_plain/capable=false/to","Output":"--- PASS: TestExecSMTPUTF8SubmissionRecipientLedger/relay_plain/capable=false/to (0.00s)\n"}
2026-10-09T04:14:54.4099112Z {"Time":"2026-10-09T04:14:53.140312371Z","Action":"pass","Package":"tabmail/internal/outbound","Test":"TestExecSMTPUTF8SubmissionRecipientLedger/relay_plain/capable=false/to","Elapsed":0}
2026-10-09T04:14:54.4099502Z {"Time":"2026-10-09T04:14:53.140348392Z","Action":"run","Package":"tabmail/internal/outbound","Test":"TestExecSMTPUTF8SubmissionRecipientLedger/relay_plain/capable=false/cc"}
2026-10-09T04:14:54.4100102Z {"Time":"2026-10-09T04:14:53.14035256Z","Action":"output","Package":"tabmail/internal/outbound","Test":"TestExecSMTPUTF8SubmissionRecipientLedger/relay_plain/capable=false/cc","Output":"=== RUN   TestExecSMTPUTF8SubmissionRecipientLedger/relay_plain/capable=false/cc\n"}
2026-10-09T04:14:54.4100758Z {"Time":"2026-10-09T04:14:53.142890653Z","Action":"output","Package":"tabmail/internal/outbound","Test":"TestExecSMTPUTF8SubmissionRecipientLedger/relay_plain/capable=false/cc","Output":"--- PASS: TestExecSMTPUTF8SubmissionRecipientLedger/relay_plain/capable=false/cc (0.00s)\n"}
2026-10-09T04:14:54.4101152Z {"Time":"2026-10-09T04:14:53.142908117Z","Action":"pass","Package":"tabmail/internal/outbound","Test":"TestExecSMTPUTF8SubmissionRecipientLedger/relay_plain/capable=false/cc","Elapsed":0}
2026-10-09T04:14:54.4101553Z {"Time":"2026-10-09T04:14:53.142912573Z","Action":"run","Package":"tabmail/internal/outbound","Test":"TestExecSMTPUTF8SubmissionRecipientLedger/relay_plain/capable=false/bcc"}
2026-10-09T04:14:54.4102214Z {"Time":"2026-10-09T04:14:53.142915173Z","Action":"output","Package":"tabmail/internal/outbound","Test":"TestExecSMTPUTF8SubmissionRecipientLedger/relay_plain/capable=false/bcc","Output":"=== RUN   TestExecSMTPUTF8SubmissionRecipientLedger/relay_plain/capable=false/bcc\n"}
2026-10-09T04:14:54.4102912Z {"Time":"2026-10-09T04:14:53.145451598Z","Action":"output","Package":"tabmail/internal/outbound","Test":"TestExecSMTPUTF8SubmissionRecipientLedger/relay_plain/capable=false/bcc","Output":"--- PASS: TestExecSMTPUTF8SubmissionRecipientLedger/relay_plain/capable=false/bcc (0.00s)\n"}
2026-10-09T04:14:54.4103447Z {"Time":"2026-10-09T04:14:53.145465442Z","Action":"pass","Package":"tabmail/internal/outbound","Test":"TestExecSMTPUTF8SubmissionRecipientLedger/relay_plain/capable=false/bcc","Elapsed":0}
2026-10-09T04:14:54.4103857Z {"Time":"2026-10-09T04:14:53.145473995Z","Action":"run","Package":"tabmail/internal/outbound","Test":"TestExecSMTPUTF8SubmissionRecipientLedger/relay_plain/capable=false/header"}
2026-10-09T04:14:54.4104499Z {"Time":"2026-10-09T04:14:53.145476332Z","Action":"output","Package":"tabmail/internal/outbound","Test":"TestExecSMTPUTF8SubmissionRecipientLedger/relay_plain/capable=false/header","Output":"=== RUN   TestExecSMTPUTF8SubmissionRecipientLedger/relay_plain/capable=false/header\n"}
2026-10-09T04:14:54.4105179Z {"Time":"2026-10-09T04:14:53.148080836Z","Action":"output","Package":"tabmail/internal/outbound","Test":"TestExecSMTPUTF8SubmissionRecipientLedger/relay_plain/capable=false/header","Output":"--- PASS: TestExecSMTPUTF8SubmissionRecipientLedger/relay_plain/capable=false/header (0.00s)\n"}
2026-10-09T04:14:54.4105596Z {"Time":"2026-10-09T04:14:53.148093139Z","Action":"pass","Package":"tabmail/internal/outbound","Test":"TestExecSMTPUTF8SubmissionRecipientLedger/relay_plain/capable=false/header","Elapsed":0}
2026-10-09T04:14:54.4105991Z {"Time":"2026-10-09T04:14:53.148109407Z","Action":"run","Package":"tabmail/internal/outbound","Test":"TestExecSMTPUTF8SubmissionRecipientLedger/relay_plain/capable=true/to"}
2026-10-09T04:14:54.4106599Z {"Time":"2026-10-09T04:14:53.148112426Z","Action":"output","Package":"tabmail/internal/outbound","Test":"TestExecSMTPUTF8SubmissionRecipientLedger/relay_plain/capable=true/to","Output":"=== RUN   TestExecSMTPUTF8SubmissionRecipientLedger/relay_plain/capable=true/to\n"}
2026-10-09T04:14:54.4107280Z {"Time":"2026-10-09T04:14:53.15088927Z","Action":"output","Package":"tabmail/internal/outbound","Test":"TestExecSMTPUTF8SubmissionRecipientLedger/relay_plain/capable=true/to","Output":"--- PASS: TestExecSMTPUTF8SubmissionRecipientLedger/relay_plain/capable=true/to (0.00s)\n"}
2026-10-09T04:14:54.4107698Z {"Time":"2026-10-09T04:14:53.150906215Z","Action":"pass","Package":"tabmail/internal/outbound","Test":"TestExecSMTPUTF8SubmissionRecipientLedger/relay_plain/capable=true/to","Elapsed":0}
2026-10-09T04:14:54.4108125Z {"Time":"2026-10-09T04:14:53.150909943Z","Action":"run","Package":"tabmail/internal/outbound","Test":"TestExecSMTPUTF8SubmissionRecipientLedger/relay_plain/capable=true/cc"}
2026-10-09T04:14:54.4108752Z {"Time":"2026-10-09T04:14:53.150911686Z","Action":"output","Package":"tabmail/internal/outbound","Test":"TestExecSMTPUTF8SubmissionRecipientLedger/relay_plain/capable=true/cc","Output":"=== RUN   TestExecSMTPUTF8SubmissionRecipientLedger/relay_plain/capable=true/cc\n"}
2026-10-09T04:14:54.4109380Z {"Time":"2026-10-09T04:14:53.153581613Z","Action":"output","Package":"tabmail/internal/outbound","Test":"TestExecSMTPUTF8SubmissionRecipientLedger/relay_plain/capable=true/cc","Output":"--- PASS: TestExecSMTPUTF8SubmissionRecipientLedger/relay_plain/capable=true/cc (0.00s)\n"}
2026-10-09T04:14:54.4109815Z {"Time":"2026-10-09T04:14:53.15359791Z","Action":"pass","Package":"tabmail/internal/outbound","Test":"TestExecSMTPUTF8SubmissionRecipientLedger/relay_plain/capable=true/cc","Elapsed":0}
2026-10-09T04:14:54.4110207Z {"Time":"2026-10-09T04:14:53.153604589Z","Action":"run","Package":"tabmail/internal/outbound","Test":"TestExecSMTPUTF8SubmissionRecipientLedger/relay_plain/capable=true/bcc"}
2026-10-09T04:14:54.4110885Z {"Time":"2026-10-09T04:14:53.153607651Z","Action":"output","Package":"tabmail/internal/outbound","Test":"TestExecSMTPUTF8SubmissionRecipientLedger/relay_plain/capable=true/bcc","Output":"=== RUN   TestExecSMTPUTF8SubmissionRecipientLedger/relay_plain/capable=true/bcc\n"}
2026-10-09T04:14:54.4111493Z {"Time":"2026-10-09T04:14:53.156270005Z","Action":"output","Package":"tabmail/internal/outbound","Test":"TestExecSMTPUTF8SubmissionRecipientLedger/relay_plain/capable=true/bcc","Output":"--- PASS: TestExecSMTPUTF8SubmissionRecipientLedger/relay_plain/capable=true/bcc (0.00s)\n"}
2026-10-09T04:14:54.4111955Z {"Time":"2026-10-09T04:14:53.156287992Z","Action":"pass","Package":"tabmail/internal/outbound","Test":"TestExecSMTPUTF8SubmissionRecipientLedger/relay_plain/capable=true/bcc","Elapsed":0}
2026-10-09T04:14:54.4112353Z {"Time":"2026-10-09T04:14:53.156291976Z","Action":"run","Package":"tabmail/internal/outbound","Test":"TestExecSMTPUTF8SubmissionRecipientLedger/relay_plain/capable=true/header"}
2026-10-09T04:14:54.4113019Z {"Time":"2026-10-09T04:14:53.156294673Z","Action":"output","Package":"tabmail/internal/outbound","Test":"TestExecSMTPUTF8SubmissionRecipientLedger/relay_plain/capable=true/header","Output":"=== RUN   TestExecSMTPUTF8SubmissionRecipientLedger/relay_plain/capable=true/header\n"}
2026-10-09T04:14:54.4113762Z {"Time":"2026-10-09T04:14:53.159120237Z","Action":"output","Package":"tabmail/internal/outbound","Test":"TestExecSMTPUTF8SubmissionRecipientLedger/relay_plain/capable=true/header","Output":"--- PASS: TestExecSMTPUTF8SubmissionRecipientLedger/relay_plain/capable=true/header (0.00s)\n"}
2026-10-09T04:14:54.4114211Z {"Time":"2026-10-09T04:14:53.159135259Z","Action":"pass","Package":"tabmail/internal/outbound","Test":"TestExecSMTPUTF8SubmissionRecipientLedger/relay_plain/capable=true/header","Elapsed":0}
2026-10-09T04:14:54.4114625Z {"Time":"2026-10-09T04:14:53.159143274Z","Action":"run","Package":"tabmail/internal/outbound","Test":"TestExecSMTPUTF8SubmissionRecipientLedger/direct_plain/capable=false/to"}
2026-10-09T04:14:54.4115256Z {"Time":"2026-10-09T04:14:53.159147359Z","Action":"output","Package":"tabmail/internal/outbound","Test":"TestExecSMTPUTF8SubmissionRecipientLedger/direct_plain/capable=false/to","Output":"=== RUN   TestExecSMTPUTF8SubmissionRecipientLedger/direct_plain/capable=false/to\n"}
2026-10-09T04:14:54.4115888Z {"Time":"2026-10-09T04:14:53.16164675Z","Action":"output","Package":"tabmail/internal/outbound","Test":"TestExecSMTPUTF8SubmissionRecipientLedger/direct_plain/capable=false/to","Output":"--- PASS: TestExecSMTPUTF8SubmissionRecipientLedger/direct_plain/capable=false/to (0.00s)\n"}
2026-10-09T04:14:54.4116344Z {"Time":"2026-10-09T04:14:53.161658952Z","Action":"pass","Package":"tabmail/internal/outbound","Test":"TestExecSMTPUTF8SubmissionRecipientLedger/direct_plain/capable=false/to","Elapsed":0}
2026-10-09T04:14:54.4116753Z {"Time":"2026-10-09T04:14:53.161675414Z","Action":"run","Package":"tabmail/internal/outbound","Test":"TestExecSMTPUTF8SubmissionRecipientLedger/direct_plain/capable=false/cc"}
2026-10-09T04:14:54.4117349Z {"Time":"2026-10-09T04:14:53.161678053Z","Action":"output","Package":"tabmail/internal/outbound","Test":"TestExecSMTPUTF8SubmissionRecipientLedger/direct_plain/capable=false/cc","Output":"=== RUN   TestExecSMTPUTF8SubmissionRecipientLedger/direct_plain/capable=false/cc\n"}
2026-10-09T04:14:54.4117998Z {"Time":"2026-10-09T04:14:53.164201131Z","Action":"output","Package":"tabmail/internal/outbound","Test":"TestExecSMTPUTF8SubmissionRecipientLedger/direct_plain/capable=false/cc","Output":"--- PASS: TestExecSMTPUTF8SubmissionRecipientLedger/direct_plain/capable=false/cc (0.00s)\n"}
2026-10-09T04:14:54.4118470Z {"Time":"2026-10-09T04:14:53.164215652Z","Action":"pass","Package":"tabmail/internal/outbound","Test":"TestExecSMTPUTF8SubmissionRecipientLedger/direct_plain/capable=false/cc","Elapsed":0}
2026-10-09T04:14:54.4118931Z {"Time":"2026-10-09T04:14:53.164220401Z","Action":"run","Package":"tabmail/internal/outbound","Test":"TestExecSMTPUTF8SubmissionRecipientLedger/direct_plain/capable=false/bcc"}
2026-10-09T04:14:54.4119531Z {"Time":"2026-10-09T04:14:53.164222246Z","Action":"output","Package":"tabmail/internal/outbound","Test":"TestExecSMTPUTF8SubmissionRecipientLedger/direct_plain/capable=false/bcc","Output":"=== RUN   TestExecSMTPUTF8SubmissionRecipientLedger/direct_plain/capable=false/bcc\n"}
2026-10-09T04:14:54.4120176Z {"Time":"2026-10-09T04:14:53.166899271Z","Action":"output","Package":"tabmail/internal/outbound","Test":"TestExecSMTPUTF8SubmissionRecipientLedger/direct_plain/capable=false/bcc","Output":"--- PASS: TestExecSMTPUTF8SubmissionRecipientLedger/direct_plain/capable=false/bcc (0.00s)\n"}
2026-10-09T04:14:54.4120655Z {"Time":"2026-10-09T04:14:53.166907402Z","Action":"pass","Package":"tabmail/internal/outbound","Test":"TestExecSMTPUTF8SubmissionRecipientLedger/direct_plain/capable=false/bcc","Elapsed":0}
2026-10-09T04:14:54.4121083Z {"Time":"2026-10-09T04:14:53.166913803Z","Action":"run","Package":"tabmail/internal/outbound","Test":"TestExecSMTPUTF8SubmissionRecipientLedger/direct_plain/capable=false/header"}
2026-10-09T04:14:54.4121702Z {"Time":"2026-10-09T04:14:53.166915318Z","Action":"output","Package":"tabmail/internal/outbound","Test":"TestExecSMTPUTF8SubmissionRecipientLedger/direct_plain/capable=false/header","Output":"=== RUN   TestExecSMTPUTF8SubmissionRecipientLedger/direct_plain/capable=false/header\n"}
2026-10-09T04:14:54.4122435Z {"Time":"2026-10-09T04:14:53.170386892Z","Action":"output","Package":"tabmail/internal/outbound","Test":"TestExecSMTPUTF8SubmissionRecipientLedger/direct_plain/capable=false/header","Output":"--- PASS: TestExecSMTPUTF8SubmissionRecipientLedger/direct_plain/capable=false/header (0.00s)\n"}
2026-10-09T04:14:54.4122879Z {"Time":"2026-10-09T04:14:53.170403603Z","Action":"pass","Package":"tabmail/internal/outbound","Test":"TestExecSMTPUTF8SubmissionRecipientLedger/direct_plain/capable=false/header","Elapsed":0}
2026-10-09T04:14:54.4123377Z {"Time":"2026-10-09T04:14:53.17041317Z","Action":"run","Package":"tabmail/internal/outbound","Test":"TestExecSMTPUTF8SubmissionRecipientLedger/direct_plain/capable=true/to"}
2026-10-09T04:14:54.4123975Z {"Time":"2026-10-09T04:14:53.170416125Z","Action":"output","Package":"tabmail/internal/outbound","Test":"TestExecSMTPUTF8SubmissionRecipientLedger/direct_plain/capable=true/to","Output":"=== RUN   TestExecSMTPUTF8SubmissionRecipientLedger/direct_plain/capable=true/to\n"}
2026-10-09T04:14:54.4124633Z {"Time":"2026-10-09T04:14:53.173128758Z","Action":"output","Package":"tabmail/internal/outbound","Test":"TestExecSMTPUTF8SubmissionRecipientLedger/direct_plain/capable=true/to","Output":"--- PASS: TestExecSMTPUTF8SubmissionRecipientLedger/direct_plain/capable=true/to (0.00s)\n"}
2026-10-09T04:14:54.4125050Z {"Time":"2026-10-09T04:14:53.173150951Z","Action":"pass","Package":"tabmail/internal/outbound","Test":"TestExecSMTPUTF8SubmissionRecipientLedger/direct_plain/capable=true/to","Elapsed":0}
2026-10-09T04:14:54.4125510Z {"Time":"2026-10-09T04:14:53.173156721Z","Action":"run","Package":"tabmail/internal/outbound","Test":"TestExecSMTPUTF8SubmissionRecipientLedger/direct_plain/capable=true/cc"}
2026-10-09T04:14:54.4126098Z {"Time":"2026-10-09T04:14:53.173159239Z","Action":"output","Package":"tabmail/internal/outbound","Test":"TestExecSMTPUTF8SubmissionRecipientLedger/direct_plain/capable=true/cc","Output":"=== RUN   TestExecSMTPUTF8SubmissionRecipientLedger/direct_plain/capable=true/cc\n"}
2026-10-09T04:14:54.4126748Z {"Time":"2026-10-09T04:14:53.175838173Z","Action":"output","Package":"tabmail/internal/outbound","Test":"TestExecSMTPUTF8SubmissionRecipientLedger/direct_plain/capable=true/cc","Output":"--- PASS: TestExecSMTPUTF8SubmissionRecipientLedger/direct_plain/capable=true/cc (0.00s)\n"}
2026-10-09T04:14:54.4127184Z {"Time":"2026-10-09T04:14:53.175857023Z","Action":"pass","Package":"tabmail/internal/outbound","Test":"TestExecSMTPUTF8SubmissionRecipientLedger/direct_plain/capable=true/cc","Elapsed":0}
2026-10-09T04:14:54.4127644Z {"Time":"2026-10-09T04:14:53.175862443Z","Action":"run","Package":"tabmail/internal/outbound","Test":"TestExecSMTPUTF8SubmissionRecipientLedger/direct_plain/capable=true/bcc"}
2026-10-09T04:14:54.4128253Z {"Time":"2026-10-09T04:14:53.17586515Z","Action":"output","Package":"tabmail/internal/outbound","Test":"TestExecSMTPUTF8SubmissionRecipientLedger/direct_plain/capable=true/bcc","Output":"=== RUN   TestExecSMTPUTF8SubmissionRecipientLedger/direct_plain/capable=true/bcc\n"}
2026-10-09T04:14:54.4128903Z {"Time":"2026-10-09T04:14:53.178570909Z","Action":"output","Package":"tabmail/internal/outbound","Test":"TestExecSMTPUTF8SubmissionRecipientLedger/direct_plain/capable=true/bcc","Output":"--- PASS: TestExecSMTPUTF8SubmissionRecipientLedger/direct_plain/capable=true/bcc (0.00s)\n"}
2026-10-09T04:14:54.4129341Z {"Time":"2026-10-09T04:14:53.178587847Z","Action":"pass","Package":"tabmail/internal/outbound","Test":"TestExecSMTPUTF8SubmissionRecipientLedger/direct_plain/capable=true/bcc","Elapsed":0}
2026-10-09T04:14:54.4129742Z {"Time":"2026-10-09T04:14:53.178592647Z","Action":"run","Package":"tabmail/internal/outbound","Test":"TestExecSMTPUTF8SubmissionRecipientLedger/direct_plain/capable=true/header"}
2026-10-09T04:14:54.4130387Z {"Time":"2026-10-09T04:14:53.178594749Z","Action":"output","Package":"tabmail/internal/outbound","Test":"TestExecSMTPUTF8SubmissionRecipientLedger/direct_plain/capable=true/header","Output":"=== RUN   TestExecSMTPUTF8SubmissionRecipientLedger/direct_plain/capable=true/header\n"}
2026-10-09T04:14:54.4131119Z {"Time":"2026-10-09T04:14:53.181491619Z","Action":"output","Package":"tabmail/internal/outbound","Test":"TestExecSMTPUTF8SubmissionRecipientLedger/direct_plain/capable=true/header","Output":"--- PASS: TestExecSMTPUTF8SubmissionRecipientLedger/direct_plain/capable=true/header (0.00s)\n"}
2026-10-09T04:14:54.4131565Z {"Time":"2026-10-09T04:14:53.181501261Z","Action":"pass","Package":"tabmail/internal/outbound","Test":"TestExecSMTPUTF8SubmissionRecipientLedger/direct_plain/capable=true/header","Elapsed":0}
2026-10-09T04:14:54.4132047Z {"Time":"2026-10-09T04:14:53.181506466Z","Action":"output","Package":"tabmail/internal/outbound","Test":"TestExecSMTPUTF8SubmissionRecipientLedger","Output":"--- PASS: TestExecSMTPUTF8SubmissionRecipientLedger (0.04s)\n"}
2026-10-09T04:14:54.4132415Z {"Time":"2026-10-09T04:14:53.181526112Z","Action":"pass","Package":"tabmail/internal/outbound","Test":"TestExecSMTPUTF8SubmissionRecipientLedger","Elapsed":0.04}
2026-10-09T04:14:54.4132720Z {"Time":"2026-10-09T04:14:53.18169172Z","Action":"output","Package":"tabmail/internal/outbound","Output":"PASS\n"}
2026-10-09T04:14:54.4133058Z {"Time":"2026-10-09T04:14:54.183510478Z","Action":"output","Package":"tabmail/internal/outbound","Output":"ok  \ttabmail/internal/outbound\t1.550s\n"}
2026-10-09T04:14:54.4133379Z {"Time":"2026-10-09T04:14:54.18354366Z","Action":"pass","Package":"tabmail/internal/outbound","Elapsed":1.55}
2026-10-09T04:14:54.4133390Z 
2026-10-09T04:14:54.4133546Z EXEC09_RAW_END candidate/go-test.jsonl
2026-10-09T04:14:54.4133693Z EXEC09_RAW_BEGIN candidate/go-test.stderr
2026-10-09T04:14:54.4133697Z 
2026-10-09T04:14:54.4133824Z EXEC09_RAW_END candidate/go-test.stderr
2026-10-09T04:14:54.4133966Z EXEC09_RAW_BEGIN candidate/verified.json
2026-10-09T04:14:54.4134084Z {
2026-10-09T04:14:54.4134177Z   "before": {
2026-10-09T04:14:54.4134383Z     "commit": "e7f80316b25dba2cf0a35996bd45c00c62443668",
2026-10-09T04:14:54.4134558Z     "tree": "4034b36faa89a421f2a21b525cf35e93da4a1670",
2026-10-09T04:14:54.4134838Z     "test_sha256": "03047b4ba6b9c4590e032dfc58eeada6750e3b2e4c7aa80b96859ab98354e372"
2026-10-09T04:14:54.4134971Z   },
2026-10-09T04:14:54.4135061Z   "after": {
2026-10-09T04:14:54.4135257Z     "commit": "e7f80316b25dba2cf0a35996bd45c00c62443668",
2026-10-09T04:14:54.4135461Z     "tree": "4034b36faa89a421f2a21b525cf35e93da4a1670",
2026-10-09T04:14:54.4135696Z     "test_sha256": "03047b4ba6b9c4590e032dfc58eeada6750e3b2e4c7aa80b96859ab98354e372"
2026-10-09T04:14:54.4135811Z   },
2026-10-09T04:14:54.4135924Z   "command": [
2026-10-09T04:14:54.4136031Z     "go",
2026-10-09T04:14:54.4136179Z     "test",
2026-10-09T04:14:54.4136403Z     "-mod=readonly",
2026-10-09T04:14:54.4136500Z     "-json",
2026-10-09T04:14:54.4136609Z     "-race",
2026-10-09T04:14:54.4136717Z     "-p",
2026-10-09T04:14:54.4136854Z     "1",
2026-10-09T04:14:54.4136985Z     "-count=1",
2026-10-09T04:14:54.4137093Z     "-timeout=120s",
2026-10-09T04:14:54.4137205Z     "-run",
2026-10-09T04:14:54.4137382Z     "^TestExecSMTPUTF8",
2026-10-09T04:14:54.4137512Z     "./internal/outbound"
2026-10-09T04:14:54.4137630Z   ],
2026-10-09T04:14:54.4137724Z   "exit_code": 0,
2026-10-09T04:14:54.4137840Z   "timed_out": false,
2026-10-09T04:14:54.4138126Z   "stdout_sha256": "6aaeefbd54fc273e8e4dd269d8ae3f6c76b8c6433c452a4c85259999623b549f",
2026-10-09T04:14:54.4138339Z   "stderr_sha256": "e3b0c44298fc1c149afbf4c8996fb92427ae41e4649b934ca495991b7852b855",
2026-10-09T04:14:54.4138469Z   "results": {
2026-10-09T04:14:54.4138605Z     "started_ids": [
2026-10-09T04:14:54.4138736Z       "TestExecSMTPUTF8Capabilities",
2026-10-09T04:14:54.4139076Z       "TestExecSMTPUTF8Capabilities/direct_plain/capable=false/ascii_quoted_alabel",
2026-10-09T04:14:54.4139371Z       "TestExecSMTPUTF8Capabilities/direct_plain/capable=false/eight_bit_body_only",
2026-10-09T04:14:54.4139686Z       "TestExecSMTPUTF8Capabilities/direct_plain/capable=false/encoded_headers_body_and_attachment",
2026-10-09T04:14:54.4140064Z       "TestExecSMTPUTF8Capabilities/direct_plain/capable=false/unicode_domain_envelope_only",
2026-10-09T04:14:54.4140356Z       "TestExecSMTPUTF8Capabilities/direct_plain/capable=false/unicode_last_bcc",
2026-10-09T04:14:54.4140669Z       "TestExecSMTPUTF8Capabilities/direct_plain/capable=false/unicode_recipient_envelope_only",
2026-10-09T04:14:54.4140996Z       "TestExecSMTPUTF8Capabilities/direct_plain/capable=false/unicode_sender_envelope_only",
2026-10-09T04:14:54.4141307Z       "TestExecSMTPUTF8Capabilities/direct_plain/capable=false/unicode_top_level_header",
2026-10-09T04:14:54.4141563Z       "TestExecSMTPUTF8Capabilities/direct_plain/capable=true/ascii_quoted_alabel",
2026-10-09T04:14:54.4141868Z       "TestExecSMTPUTF8Capabilities/direct_plain/capable=true/eight_bit_body_only",
2026-10-09T04:14:54.4142225Z       "TestExecSMTPUTF8Capabilities/direct_plain/capable=true/encoded_headers_body_and_attachment",
2026-10-09T04:14:54.4142513Z       "TestExecSMTPUTF8Capabilities/direct_plain/capable=true/unicode_domain_envelope_only",
2026-10-09T04:14:54.4142799Z       "TestExecSMTPUTF8Capabilities/direct_plain/capable=true/unicode_last_bcc",
2026-10-09T04:14:54.4143112Z       "TestExecSMTPUTF8Capabilities/direct_plain/capable=true/unicode_recipient_envelope_only",
2026-10-09T04:14:54.4143487Z       "TestExecSMTPUTF8Capabilities/direct_plain/capable=true/unicode_sender_envelope_only",
2026-10-09T04:14:54.4143814Z       "TestExecSMTPUTF8Capabilities/direct_plain/capable=true/unicode_top_level_header",
2026-10-09T04:14:54.4144116Z       "TestExecSMTPUTF8Capabilities/direct_starttls/capable=false/ascii_quoted_alabel",
2026-10-09T04:14:54.4144389Z       "TestExecSMTPUTF8Capabilities/direct_starttls/capable=false/eight_bit_body_only",
2026-10-09T04:14:54.4144728Z       "TestExecSMTPUTF8Capabilities/direct_starttls/capable=false/encoded_headers_body_and_attachment",
2026-10-09T04:14:54.4145109Z       "TestExecSMTPUTF8Capabilities/direct_starttls/capable=false/unicode_domain_envelope_only",
2026-10-09T04:14:54.4145368Z       "TestExecSMTPUTF8Capabilities/direct_starttls/capable=false/unicode_last_bcc",
2026-10-09T04:14:54.4145708Z       "TestExecSMTPUTF8Capabilities/direct_starttls/capable=false/unicode_recipient_envelope_only",
2026-10-09T04:14:54.4146034Z       "TestExecSMTPUTF8Capabilities/direct_starttls/capable=false/unicode_sender_envelope_only",
2026-10-09T04:14:54.4146298Z       "TestExecSMTPUTF8Capabilities/direct_starttls/capable=false/unicode_top_level_header",
2026-10-09T04:14:54.4146629Z       "TestExecSMTPUTF8Capabilities/direct_starttls/capable=true/ascii_quoted_alabel",
2026-10-09T04:14:54.4146979Z       "TestExecSMTPUTF8Capabilities/direct_starttls/capable=true/eight_bit_body_only",
2026-10-09T04:14:54.4147297Z       "TestExecSMTPUTF8Capabilities/direct_starttls/capable=true/encoded_headers_body_and_attachment",
2026-10-09T04:14:54.4147644Z       "TestExecSMTPUTF8Capabilities/direct_starttls/capable=true/unicode_domain_envelope_only",
2026-10-09T04:14:54.4147937Z       "TestExecSMTPUTF8Capabilities/direct_starttls/capable=true/unicode_last_bcc",
2026-10-09T04:14:54.4148252Z       "TestExecSMTPUTF8Capabilities/direct_starttls/capable=true/unicode_recipient_envelope_only",
2026-10-09T04:14:54.4148576Z       "TestExecSMTPUTF8Capabilities/direct_starttls/capable=true/unicode_sender_envelope_only",
2026-10-09T04:14:54.4148895Z       "TestExecSMTPUTF8Capabilities/direct_starttls/capable=true/unicode_top_level_header",
2026-10-09T04:14:54.4149175Z       "TestExecSMTPUTF8Capabilities/relay_implicit_tls/capable=false/ascii_quoted_alabel",
2026-10-09T04:14:54.4149482Z       "TestExecSMTPUTF8Capabilities/relay_implicit_tls/capable=false/eight_bit_body_only",
2026-10-09T04:14:54.4149861Z       "TestExecSMTPUTF8Capabilities/relay_implicit_tls/capable=false/encoded_headers_body_and_attachment",
2026-10-09T04:14:54.4150171Z       "TestExecSMTPUTF8Capabilities/relay_implicit_tls/capable=false/unicode_domain_envelope_only",
2026-10-09T04:14:54.4150538Z       "TestExecSMTPUTF8Capabilities/relay_implicit_tls/capable=false/unicode_last_bcc",
2026-10-09T04:14:54.4150873Z       "TestExecSMTPUTF8Capabilities/relay_implicit_tls/capable=false/unicode_recipient_envelope_only",
2026-10-09T04:14:54.4151241Z       "TestExecSMTPUTF8Capabilities/relay_implicit_tls/capable=false/unicode_sender_envelope_only",
2026-10-09T04:14:54.4151530Z       "TestExecSMTPUTF8Capabilities/relay_implicit_tls/capable=false/unicode_top_level_header",
2026-10-09T04:14:54.4151835Z       "TestExecSMTPUTF8Capabilities/relay_implicit_tls/capable=true/ascii_quoted_alabel",
2026-10-09T04:14:54.4152107Z       "TestExecSMTPUTF8Capabilities/relay_implicit_tls/capable=true/eight_bit_body_only",
2026-10-09T04:14:54.4152452Z       "TestExecSMTPUTF8Capabilities/relay_implicit_tls/capable=true/encoded_headers_body_and_attachment",
2026-10-09T04:14:54.4152808Z       "TestExecSMTPUTF8Capabilities/relay_implicit_tls/capable=true/unicode_domain_envelope_only",
2026-10-09T04:14:54.4153106Z       "TestExecSMTPUTF8Capabilities/relay_implicit_tls/capable=true/unicode_last_bcc",
2026-10-09T04:14:54.4153678Z       "TestExecSMTPUTF8Capabilities/relay_implicit_tls/capable=true/unicode_recipient_envelope_only",
2026-10-09T04:14:54.4154017Z       "TestExecSMTPUTF8Capabilities/relay_implicit_tls/capable=true/unicode_sender_envelope_only",
2026-10-09T04:14:54.4154338Z       "TestExecSMTPUTF8Capabilities/relay_implicit_tls/capable=true/unicode_top_level_header",
2026-10-09T04:14:54.4154608Z       "TestExecSMTPUTF8Capabilities/relay_plain/capable=false/ascii_quoted_alabel",
2026-10-09T04:14:54.4154897Z       "TestExecSMTPUTF8Capabilities/relay_plain/capable=false/eight_bit_body_only",
2026-10-09T04:14:54.4155238Z       "TestExecSMTPUTF8Capabilities/relay_plain/capable=false/encoded_headers_body_and_attachment",
2026-10-09T04:14:54.4155522Z       "TestExecSMTPUTF8Capabilities/relay_plain/capable=false/unicode_domain_envelope_only",
2026-10-09T04:14:54.4155804Z       "TestExecSMTPUTF8Capabilities/relay_plain/capable=false/unicode_last_bcc",
2026-10-09T04:14:54.4156145Z       "TestExecSMTPUTF8Capabilities/relay_plain/capable=false/unicode_recipient_envelope_only",
2026-10-09T04:14:54.4156444Z       "TestExecSMTPUTF8Capabilities/relay_plain/capable=false/unicode_sender_envelope_only",
2026-10-09T04:14:54.4156752Z       "TestExecSMTPUTF8Capabilities/relay_plain/capable=false/unicode_top_level_header",
2026-10-09T04:14:54.4157042Z       "TestExecSMTPUTF8Capabilities/relay_plain/capable=true/ascii_quoted_alabel",
2026-10-09T04:14:54.4157307Z       "TestExecSMTPUTF8Capabilities/relay_plain/capable=true/eight_bit_body_only",
2026-10-09T04:14:54.4157660Z       "TestExecSMTPUTF8Capabilities/relay_plain/capable=true/encoded_headers_body_and_attachment",
2026-10-09T04:14:54.4158032Z       "TestExecSMTPUTF8Capabilities/relay_plain/capable=true/unicode_domain_envelope_only",
2026-10-09T04:14:54.4158277Z       "TestExecSMTPUTF8Capabilities/relay_plain/capable=true/unicode_last_bcc",
2026-10-09T04:14:54.4158586Z       "TestExecSMTPUTF8Capabilities/relay_plain/capable=true/unicode_recipient_envelope_only",
2026-10-09T04:14:54.4158968Z       "TestExecSMTPUTF8Capabilities/relay_plain/capable=true/unicode_sender_envelope_only",
2026-10-09T04:14:54.4159241Z       "TestExecSMTPUTF8Capabilities/relay_plain/capable=true/unicode_top_level_header",
2026-10-09T04:14:54.4159520Z       "TestExecSMTPUTF8Capabilities/relay_starttls/capable=false/ascii_quoted_alabel",
2026-10-09T04:14:54.4159803Z       "TestExecSMTPUTF8Capabilities/relay_starttls/capable=false/eight_bit_body_only",
2026-10-09T04:14:54.4160095Z       "TestExecSMTPUTF8Capabilities/relay_starttls/capable=false/encoded_headers_body_and_attachment",
2026-10-09T04:14:54.4160428Z       "TestExecSMTPUTF8Capabilities/relay_starttls/capable=false/unicode_domain_envelope_only",
2026-10-09T04:14:54.4160701Z       "TestExecSMTPUTF8Capabilities/relay_starttls/capable=false/unicode_last_bcc",
2026-10-09T04:14:54.4160995Z       "TestExecSMTPUTF8Capabilities/relay_starttls/capable=false/unicode_recipient_envelope_only",
2026-10-09T04:14:54.4161401Z       "TestExecSMTPUTF8Capabilities/relay_starttls/capable=false/unicode_sender_envelope_only",
2026-10-09T04:14:54.4161710Z       "TestExecSMTPUTF8Capabilities/relay_starttls/capable=false/unicode_top_level_header",
2026-10-09T04:14:54.4161987Z       "TestExecSMTPUTF8Capabilities/relay_starttls/capable=true/ascii_quoted_alabel",
2026-10-09T04:14:54.4162270Z       "TestExecSMTPUTF8Capabilities/relay_starttls/capable=true/eight_bit_body_only",
2026-10-09T04:14:54.4162600Z       "TestExecSMTPUTF8Capabilities/relay_starttls/capable=true/encoded_headers_body_and_attachment",
2026-10-09T04:14:54.4162883Z       "TestExecSMTPUTF8Capabilities/relay_starttls/capable=true/unicode_domain_envelope_only",
2026-10-09T04:14:54.4163160Z       "TestExecSMTPUTF8Capabilities/relay_starttls/capable=true/unicode_last_bcc",
2026-10-09T04:14:54.4163578Z       "TestExecSMTPUTF8Capabilities/relay_starttls/capable=true/unicode_recipient_envelope_only",
2026-10-09T04:14:54.4163855Z       "TestExecSMTPUTF8Capabilities/relay_starttls/capable=true/unicode_sender_envelope_only",
2026-10-09T04:14:54.4164154Z       "TestExecSMTPUTF8Capabilities/relay_starttls/capable=true/unicode_top_level_header",
2026-10-09T04:14:54.4164308Z       "TestExecSMTPUTF8HELOFallback",
2026-10-09T04:14:54.4164553Z       "TestExecSMTPUTF8HELOFallback/direct_plain/ascii_quoted_alabel",
2026-10-09T04:14:54.4164830Z       "TestExecSMTPUTF8HELOFallback/direct_plain/unicode_sender_envelope_only",
2026-10-09T04:14:54.4165066Z       "TestExecSMTPUTF8HELOFallback/relay_plain/ascii_quoted_alabel",
2026-10-09T04:14:54.4165302Z       "TestExecSMTPUTF8HELOFallback/relay_plain/unicode_sender_envelope_only",
2026-10-09T04:14:54.4165471Z       "TestExecSMTPUTF8RefreshAfterSTARTTLS",
2026-10-09T04:14:54.4165880Z       "TestExecSMTPUTF8RefreshAfterSTARTTLS/direct_starttls/final_capable=false/encoded_headers_body_and_attachment",
2026-10-09T04:14:54.4166177Z       "TestExecSMTPUTF8RefreshAfterSTARTTLS/direct_starttls/final_capable=false/unicode_last_bcc",
2026-10-09T04:14:54.4166560Z       "TestExecSMTPUTF8RefreshAfterSTARTTLS/direct_starttls/final_capable=true/encoded_headers_body_and_attachment",
2026-10-09T04:14:54.4166883Z       "TestExecSMTPUTF8RefreshAfterSTARTTLS/direct_starttls/final_capable=true/unicode_last_bcc",
2026-10-09T04:14:54.4167221Z       "TestExecSMTPUTF8RefreshAfterSTARTTLS/relay_starttls/final_capable=false/encoded_headers_body_and_attachment",
2026-10-09T04:14:54.4167582Z       "TestExecSMTPUTF8RefreshAfterSTARTTLS/relay_starttls/final_capable=false/unicode_last_bcc",
2026-10-09T04:14:54.4167961Z       "TestExecSMTPUTF8RefreshAfterSTARTTLS/relay_starttls/final_capable=true/encoded_headers_body_and_attachment",
2026-10-09T04:14:54.4168299Z       "TestExecSMTPUTF8RefreshAfterSTARTTLS/relay_starttls/final_capable=true/unicode_last_bcc",
2026-10-09T04:14:54.4168498Z       "TestExecSMTPUTF8SubmissionRecipientLedger",
2026-10-09T04:14:54.4168776Z       "TestExecSMTPUTF8SubmissionRecipientLedger/direct_plain/capable=false/bcc",
2026-10-09T04:14:54.4169039Z       "TestExecSMTPUTF8SubmissionRecipientLedger/direct_plain/capable=false/cc",
2026-10-09T04:14:54.4169390Z       "TestExecSMTPUTF8SubmissionRecipientLedger/direct_plain/capable=false/header",
2026-10-09T04:14:54.4169677Z       "TestExecSMTPUTF8SubmissionRecipientLedger/direct_plain/capable=false/to",
2026-10-09T04:14:54.4169949Z       "TestExecSMTPUTF8SubmissionRecipientLedger/direct_plain/capable=true/bcc",
2026-10-09T04:14:54.4170229Z       "TestExecSMTPUTF8SubmissionRecipientLedger/direct_plain/capable=true/cc",
2026-10-09T04:14:54.4170538Z       "TestExecSMTPUTF8SubmissionRecipientLedger/direct_plain/capable=true/header",
2026-10-09T04:14:54.4170795Z       "TestExecSMTPUTF8SubmissionRecipientLedger/direct_plain/capable=true/to",
2026-10-09T04:14:54.4171082Z       "TestExecSMTPUTF8SubmissionRecipientLedger/relay_plain/capable=false/bcc",
2026-10-09T04:14:54.4171351Z       "TestExecSMTPUTF8SubmissionRecipientLedger/relay_plain/capable=false/cc",
2026-10-09T04:14:54.4171620Z       "TestExecSMTPUTF8SubmissionRecipientLedger/relay_plain/capable=false/header",
2026-10-09T04:14:54.4171962Z       "TestExecSMTPUTF8SubmissionRecipientLedger/relay_plain/capable=false/to",
2026-10-09T04:14:54.4172263Z       "TestExecSMTPUTF8SubmissionRecipientLedger/relay_plain/capable=true/bcc",
2026-10-09T04:14:54.4172516Z       "TestExecSMTPUTF8SubmissionRecipientLedger/relay_plain/capable=true/cc",
2026-10-09T04:14:54.4172796Z       "TestExecSMTPUTF8SubmissionRecipientLedger/relay_plain/capable=true/header",
2026-10-09T04:14:54.4173106Z       "TestExecSMTPUTF8SubmissionRecipientLedger/relay_plain/capable=true/to",
2026-10-09T04:14:54.4173350Z       "TestExecSMTPUTF8TriesNextMXBeforeSending"
2026-10-09T04:14:54.4173485Z     ],
2026-10-09T04:14:54.4173629Z     "leaf_ids": [
2026-10-09T04:14:54.4173872Z       "TestExecSMTPUTF8Capabilities/direct_plain/capable=false/ascii_quoted_alabel",
2026-10-09T04:14:54.4174193Z       "TestExecSMTPUTF8Capabilities/direct_plain/capable=false/eight_bit_body_only",
2026-10-09T04:14:54.4174536Z       "TestExecSMTPUTF8Capabilities/direct_plain/capable=false/encoded_headers_body_and_attachment",
2026-10-09T04:14:54.4174840Z       "TestExecSMTPUTF8Capabilities/direct_plain/capable=false/unicode_domain_envelope_only",
2026-10-09T04:14:54.4175125Z       "TestExecSMTPUTF8Capabilities/direct_plain/capable=false/unicode_last_bcc",
2026-10-09T04:14:54.4175451Z       "TestExecSMTPUTF8Capabilities/direct_plain/capable=false/unicode_recipient_envelope_only",
2026-10-09T04:14:54.4175751Z       "TestExecSMTPUTF8Capabilities/direct_plain/capable=false/unicode_sender_envelope_only",
2026-10-09T04:14:54.4176055Z       "TestExecSMTPUTF8Capabilities/direct_plain/capable=false/unicode_top_level_header",
2026-10-09T04:14:54.4176348Z       "TestExecSMTPUTF8Capabilities/direct_plain/capable=true/ascii_quoted_alabel",
2026-10-09T04:14:54.4176600Z       "TestExecSMTPUTF8Capabilities/direct_plain/capable=true/eight_bit_body_only",
2026-10-09T04:14:54.4176933Z       "TestExecSMTPUTF8Capabilities/direct_plain/capable=true/encoded_headers_body_and_attachment",
2026-10-09T04:14:54.4177266Z       "TestExecSMTPUTF8Capabilities/direct_plain/capable=true/unicode_domain_envelope_only",
2026-10-09T04:14:54.4177533Z       "TestExecSMTPUTF8Capabilities/direct_plain/capable=true/unicode_last_bcc",
2026-10-09T04:14:54.4177859Z       "TestExecSMTPUTF8Capabilities/direct_plain/capable=true/unicode_recipient_envelope_only",
2026-10-09T04:14:54.4178160Z       "TestExecSMTPUTF8Capabilities/direct_plain/capable=true/unicode_sender_envelope_only",
2026-10-09T04:14:54.4178441Z       "TestExecSMTPUTF8Capabilities/direct_plain/capable=true/unicode_top_level_header",
2026-10-09T04:14:54.4178758Z       "TestExecSMTPUTF8Capabilities/direct_starttls/capable=false/ascii_quoted_alabel",
2026-10-09T04:14:54.4179116Z       "TestExecSMTPUTF8Capabilities/direct_starttls/capable=false/eight_bit_body_only",
2026-10-09T04:14:54.4179433Z       "TestExecSMTPUTF8Capabilities/direct_starttls/capable=false/encoded_headers_body_and_attachment",
2026-10-09T04:14:54.4179751Z       "TestExecSMTPUTF8Capabilities/direct_starttls/capable=false/unicode_domain_envelope_only",
2026-10-09T04:14:54.4180068Z       "TestExecSMTPUTF8Capabilities/direct_starttls/capable=false/unicode_last_bcc",
2026-10-09T04:14:54.4180390Z       "TestExecSMTPUTF8Capabilities/direct_starttls/capable=false/unicode_recipient_envelope_only",
2026-10-09T04:14:54.4180719Z       "TestExecSMTPUTF8Capabilities/direct_starttls/capable=false/unicode_sender_envelope_only",
2026-10-09T04:14:54.4181036Z       "TestExecSMTPUTF8Capabilities/direct_starttls/capable=false/unicode_top_level_header",
2026-10-09T04:14:54.4181283Z       "TestExecSMTPUTF8Capabilities/direct_starttls/capable=true/ascii_quoted_alabel",
2026-10-09T04:14:54.4181610Z       "TestExecSMTPUTF8Capabilities/direct_starttls/capable=true/eight_bit_body_only",
2026-10-09T04:14:54.4181961Z       "TestExecSMTPUTF8Capabilities/direct_starttls/capable=true/encoded_headers_body_and_attachment",
2026-10-09T04:14:54.4182258Z       "TestExecSMTPUTF8Capabilities/direct_starttls/capable=true/unicode_domain_envelope_only",
2026-10-09T04:14:54.4182599Z       "TestExecSMTPUTF8Capabilities/direct_starttls/capable=true/unicode_last_bcc",
2026-10-09T04:14:54.4182929Z       "TestExecSMTPUTF8Capabilities/direct_starttls/capable=true/unicode_recipient_envelope_only",
2026-10-09T04:14:54.4183388Z       "TestExecSMTPUTF8Capabilities/direct_starttls/capable=true/unicode_sender_envelope_only",
2026-10-09T04:14:54.4183711Z       "TestExecSMTPUTF8Capabilities/direct_starttls/capable=true/unicode_top_level_header",
2026-10-09T04:14:54.4184026Z       "TestExecSMTPUTF8Capabilities/relay_implicit_tls/capable=false/ascii_quoted_alabel",
2026-10-09T04:14:54.4184302Z       "TestExecSMTPUTF8Capabilities/relay_implicit_tls/capable=false/eight_bit_body_only",
2026-10-09T04:14:54.4184662Z       "TestExecSMTPUTF8Capabilities/relay_implicit_tls/capable=false/encoded_headers_body_and_attachment",
2026-10-09T04:14:54.4185014Z       "TestExecSMTPUTF8Capabilities/relay_implicit_tls/capable=false/unicode_domain_envelope_only",
2026-10-09T04:14:54.4185281Z       "TestExecSMTPUTF8Capabilities/relay_implicit_tls/capable=false/unicode_last_bcc",
2026-10-09T04:14:54.4185627Z       "TestExecSMTPUTF8Capabilities/relay_implicit_tls/capable=false/unicode_recipient_envelope_only",
2026-10-09T04:14:54.4185943Z       "TestExecSMTPUTF8Capabilities/relay_implicit_tls/capable=false/unicode_sender_envelope_only",
2026-10-09T04:14:54.4186274Z       "TestExecSMTPUTF8Capabilities/relay_implicit_tls/capable=false/unicode_top_level_header",
2026-10-09T04:14:54.4186601Z       "TestExecSMTPUTF8Capabilities/relay_implicit_tls/capable=true/ascii_quoted_alabel",
2026-10-09T04:14:54.4186906Z       "TestExecSMTPUTF8Capabilities/relay_implicit_tls/capable=true/eight_bit_body_only",
2026-10-09T04:14:54.4187227Z       "TestExecSMTPUTF8Capabilities/relay_implicit_tls/capable=true/encoded_headers_body_and_attachment",
2026-10-09T04:14:54.4187547Z       "TestExecSMTPUTF8Capabilities/relay_implicit_tls/capable=true/unicode_domain_envelope_only",
2026-10-09T04:14:54.4187883Z       "TestExecSMTPUTF8Capabilities/relay_implicit_tls/capable=true/unicode_last_bcc",
2026-10-09T04:14:54.4188194Z       "TestExecSMTPUTF8Capabilities/relay_implicit_tls/capable=true/unicode_recipient_envelope_only",
2026-10-09T04:14:54.4188527Z       "TestExecSMTPUTF8Capabilities/relay_implicit_tls/capable=true/unicode_sender_envelope_only",
2026-10-09T04:14:54.4188845Z       "TestExecSMTPUTF8Capabilities/relay_implicit_tls/capable=true/unicode_top_level_header",
2026-10-09T04:14:54.4189080Z       "TestExecSMTPUTF8Capabilities/relay_plain/capable=false/ascii_quoted_alabel",
2026-10-09T04:14:54.4189414Z       "TestExecSMTPUTF8Capabilities/relay_plain/capable=false/eight_bit_body_only",
2026-10-09T04:14:54.4189799Z       "TestExecSMTPUTF8Capabilities/relay_plain/capable=false/encoded_headers_body_and_attachment",
2026-10-09T04:14:54.4190079Z       "TestExecSMTPUTF8Capabilities/relay_plain/capable=false/unicode_domain_envelope_only",
2026-10-09T04:14:54.4190359Z       "TestExecSMTPUTF8Capabilities/relay_plain/capable=false/unicode_last_bcc",
2026-10-09T04:14:54.4190681Z       "TestExecSMTPUTF8Capabilities/relay_plain/capable=false/unicode_recipient_envelope_only",
2026-10-09T04:14:54.4190977Z       "TestExecSMTPUTF8Capabilities/relay_plain/capable=false/unicode_sender_envelope_only",
2026-10-09T04:14:54.4191280Z       "TestExecSMTPUTF8Capabilities/relay_plain/capable=false/unicode_top_level_header",
2026-10-09T04:14:54.4191570Z       "TestExecSMTPUTF8Capabilities/relay_plain/capable=true/ascii_quoted_alabel",
2026-10-09T04:14:54.4191840Z       "TestExecSMTPUTF8Capabilities/relay_plain/capable=true/eight_bit_body_only",
2026-10-09T04:14:54.4192168Z       "TestExecSMTPUTF8Capabilities/relay_plain/capable=true/encoded_headers_body_and_attachment",
2026-10-09T04:14:54.4192500Z       "TestExecSMTPUTF8Capabilities/relay_plain/capable=true/unicode_domain_envelope_only",
2026-10-09T04:14:54.4192739Z       "TestExecSMTPUTF8Capabilities/relay_plain/capable=true/unicode_last_bcc",
2026-10-09T04:14:54.4193111Z       "TestExecSMTPUTF8Capabilities/relay_plain/capable=true/unicode_recipient_envelope_only",
2026-10-09T04:14:54.4193491Z       "TestExecSMTPUTF8Capabilities/relay_plain/capable=true/unicode_sender_envelope_only",
2026-10-09T04:14:54.4193775Z       "TestExecSMTPUTF8Capabilities/relay_plain/capable=true/unicode_top_level_header",
2026-10-09T04:14:54.4194082Z       "TestExecSMTPUTF8Capabilities/relay_starttls/capable=false/ascii_quoted_alabel",
2026-10-09T04:14:54.4194392Z       "TestExecSMTPUTF8Capabilities/relay_starttls/capable=false/eight_bit_body_only",
2026-10-09T04:14:54.4194708Z       "TestExecSMTPUTF8Capabilities/relay_starttls/capable=false/encoded_headers_body_and_attachment",
2026-10-09T04:14:54.4195022Z       "TestExecSMTPUTF8Capabilities/relay_starttls/capable=false/unicode_domain_envelope_only",
2026-10-09T04:14:54.4195335Z       "TestExecSMTPUTF8Capabilities/relay_starttls/capable=false/unicode_last_bcc",
2026-10-09T04:14:54.4195631Z       "TestExecSMTPUTF8Capabilities/relay_starttls/capable=false/unicode_recipient_envelope_only",
2026-10-09T04:14:54.4195955Z       "TestExecSMTPUTF8Capabilities/relay_starttls/capable=false/unicode_sender_envelope_only",
2026-10-09T04:14:54.4196267Z       "TestExecSMTPUTF8Capabilities/relay_starttls/capable=false/unicode_top_level_header",
2026-10-09T04:14:54.4196507Z       "TestExecSMTPUTF8Capabilities/relay_starttls/capable=true/ascii_quoted_alabel",
2026-10-09T04:14:54.4196826Z       "TestExecSMTPUTF8Capabilities/relay_starttls/capable=true/eight_bit_body_only",
2026-10-09T04:14:54.4197171Z       "TestExecSMTPUTF8Capabilities/relay_starttls/capable=true/encoded_headers_body_and_attachment",
2026-10-09T04:14:54.4197476Z       "TestExecSMTPUTF8Capabilities/relay_starttls/capable=true/unicode_domain_envelope_only",
2026-10-09T04:14:54.4197763Z       "TestExecSMTPUTF8Capabilities/relay_starttls/capable=true/unicode_last_bcc",
2026-10-09T04:14:54.4198095Z       "TestExecSMTPUTF8Capabilities/relay_starttls/capable=true/unicode_recipient_envelope_only",
2026-10-09T04:14:54.4198431Z       "TestExecSMTPUTF8Capabilities/relay_starttls/capable=true/unicode_sender_envelope_only",
2026-10-09T04:14:54.4198711Z       "TestExecSMTPUTF8Capabilities/relay_starttls/capable=true/unicode_top_level_header",
2026-10-09T04:14:54.4198969Z       "TestExecSMTPUTF8HELOFallback/direct_plain/ascii_quoted_alabel",
2026-10-09T04:14:54.4199214Z       "TestExecSMTPUTF8HELOFallback/direct_plain/unicode_sender_envelope_only",
2026-10-09T04:14:54.4199461Z       "TestExecSMTPUTF8HELOFallback/relay_plain/ascii_quoted_alabel",
2026-10-09T04:14:54.4199752Z       "TestExecSMTPUTF8HELOFallback/relay_plain/unicode_sender_envelope_only",
2026-10-09T04:14:54.4200192Z       "TestExecSMTPUTF8RefreshAfterSTARTTLS/direct_starttls/final_capable=false/encoded_headers_body_and_attachment",
2026-10-09T04:14:54.4200537Z       "TestExecSMTPUTF8RefreshAfterSTARTTLS/direct_starttls/final_capable=false/unicode_last_bcc",
2026-10-09T04:14:54.4200919Z       "TestExecSMTPUTF8RefreshAfterSTARTTLS/direct_starttls/final_capable=true/encoded_headers_body_and_attachment",
2026-10-09T04:14:54.4201293Z       "TestExecSMTPUTF8RefreshAfterSTARTTLS/direct_starttls/final_capable=true/unicode_last_bcc",
2026-10-09T04:14:54.4201647Z       "TestExecSMTPUTF8RefreshAfterSTARTTLS/relay_starttls/final_capable=false/encoded_headers_body_and_attachment",
2026-10-09T04:14:54.4201987Z       "TestExecSMTPUTF8RefreshAfterSTARTTLS/relay_starttls/final_capable=false/unicode_last_bcc",
2026-10-09T04:14:54.4202372Z       "TestExecSMTPUTF8RefreshAfterSTARTTLS/relay_starttls/final_capable=true/encoded_headers_body_and_attachment",
2026-10-09T04:14:54.4202655Z       "TestExecSMTPUTF8RefreshAfterSTARTTLS/relay_starttls/final_capable=true/unicode_last_bcc",
2026-10-09T04:14:54.4202980Z       "TestExecSMTPUTF8SubmissionRecipientLedger/direct_plain/capable=false/bcc",
2026-10-09T04:14:54.4203353Z       "TestExecSMTPUTF8SubmissionRecipientLedger/direct_plain/capable=false/cc",
2026-10-09T04:14:54.4203634Z       "TestExecSMTPUTF8SubmissionRecipientLedger/direct_plain/capable=false/header",
2026-10-09T04:14:54.4203985Z       "TestExecSMTPUTF8SubmissionRecipientLedger/direct_plain/capable=false/to",
2026-10-09T04:14:54.4204309Z       "TestExecSMTPUTF8SubmissionRecipientLedger/direct_plain/capable=true/bcc",
2026-10-09T04:14:54.4204583Z       "TestExecSMTPUTF8SubmissionRecipientLedger/direct_plain/capable=true/cc",
2026-10-09T04:14:54.4204879Z       "TestExecSMTPUTF8SubmissionRecipientLedger/direct_plain/capable=true/header",
2026-10-09T04:14:54.4205166Z       "TestExecSMTPUTF8SubmissionRecipientLedger/direct_plain/capable=true/to",
2026-10-09T04:14:54.4205416Z       "TestExecSMTPUTF8SubmissionRecipientLedger/relay_plain/capable=false/bcc",
2026-10-09T04:14:54.4205701Z       "TestExecSMTPUTF8SubmissionRecipientLedger/relay_plain/capable=false/cc",
2026-10-09T04:14:54.4206030Z       "TestExecSMTPUTF8SubmissionRecipientLedger/relay_plain/capable=false/header",
2026-10-09T04:14:54.4206278Z       "TestExecSMTPUTF8SubmissionRecipientLedger/relay_plain/capable=false/to",
2026-10-09T04:14:54.4206574Z       "TestExecSMTPUTF8SubmissionRecipientLedger/relay_plain/capable=true/bcc",
2026-10-09T04:14:54.4206846Z       "TestExecSMTPUTF8SubmissionRecipientLedger/relay_plain/capable=true/cc",
2026-10-09T04:14:54.4207118Z       "TestExecSMTPUTF8SubmissionRecipientLedger/relay_plain/capable=true/header",
2026-10-09T04:14:54.4207414Z       "TestExecSMTPUTF8SubmissionRecipientLedger/relay_plain/capable=true/to",
2026-10-09T04:14:54.4207620Z       "TestExecSMTPUTF8TriesNextMXBeforeSending"
2026-10-09T04:14:54.4207714Z     ],
2026-10-09T04:14:54.4207839Z     "leaf_count": 109,
2026-10-09T04:14:54.4207972Z     "passed": 109,
2026-10-09T04:14:54.4208121Z     "failed": 0,
2026-10-09T04:14:54.4208261Z     "skipped": 0,
2026-10-09T04:14:54.4208362Z     "exit_code": 0,
2026-10-09T04:14:54.4208510Z     "actual_wire_observations": []
2026-10-09T04:14:54.4208659Z   }
2026-10-09T04:14:54.4208743Z }
2026-10-09T04:14:54.4208749Z 
2026-10-09T04:14:54.4208900Z EXEC09_RAW_END candidate/verified.json
2026-10-09T04:14:54.4209037Z EXEC09_RAW_BEGIN summary.json
2026-10-09T04:14:54.4209102Z {
2026-10-09T04:14:54.4209339Z   "baseline": "ff43326e81f262daaac7b3dfd8b3047a8f51743b",
2026-10-09T04:14:54.4209593Z   "test_sha256": "03047b4ba6b9c4590e032dfc58eeada6750e3b2e4c7aa80b96859ab98354e372",
2026-10-09T04:14:54.4209690Z   "results": {
2026-10-09T04:14:54.4209820Z     "baseline": {
2026-10-09T04:14:54.4209908Z       "before": {
2026-10-09T04:14:54.4210164Z         "commit": "388d1b53d1351744d24dd5716fbcdf56137bb6ff",
2026-10-09T04:14:54.4210391Z         "tree": "3a3121e5aaffc5240894b9a18f3941c957330929",
2026-10-09T04:14:54.4210678Z         "test_sha256": "03047b4ba6b9c4590e032dfc58eeada6750e3b2e4c7aa80b96859ab98354e372"
2026-10-09T04:14:54.4210875Z       },
2026-10-09T04:14:54.4211020Z       "after": {
2026-10-09T04:14:54.4211229Z         "commit": "388d1b53d1351744d24dd5716fbcdf56137bb6ff",
2026-10-09T04:14:54.4211451Z         "tree": "3a3121e5aaffc5240894b9a18f3941c957330929",
2026-10-09T04:14:54.4211771Z         "test_sha256": "03047b4ba6b9c4590e032dfc58eeada6750e3b2e4c7aa80b96859ab98354e372"
2026-10-09T04:14:54.4211865Z       },
2026-10-09T04:14:54.4212006Z       "command": [
2026-10-09T04:14:54.4212155Z         "go",
2026-10-09T04:14:54.4212258Z         "test",
2026-10-09T04:14:54.4212437Z         "-mod=readonly",
2026-10-09T04:14:54.4212538Z         "-json",
2026-10-09T04:14:54.4212680Z         "-race",
2026-10-09T04:14:54.4212827Z         "-p",
2026-10-09T04:14:54.4212922Z         "1",
2026-10-09T04:14:54.4213070Z         "-count=1",
2026-10-09T04:14:54.4213207Z         "-timeout=120s",
2026-10-09T04:14:54.4213406Z         "-run",
2026-10-09T04:14:54.4213589Z         "^TestExecSMTPUTF8",
2026-10-09T04:14:54.4213761Z         "./internal/outbound"
2026-10-09T04:14:54.4213868Z       ],
2026-10-09T04:14:54.4214004Z       "exit_code": 1,
2026-10-09T04:14:54.4214141Z       "timed_out": false,
2026-10-09T04:14:54.4214468Z       "stdout_sha256": "e759649dcfc657ccc30e23199ea543eded915559bce0d0ca44caaa3457fe05a4",
2026-10-09T04:14:54.4214819Z       "stderr_sha256": "e3b0c44298fc1c149afbf4c8996fb92427ae41e4649b934ca495991b7852b855",
2026-10-09T04:14:54.4214922Z       "results": {
2026-10-09T04:14:54.4215058Z         "started_ids": [
2026-10-09T04:14:54.4215287Z           "TestExecSMTPUTF8Capabilities",
2026-10-09T04:14:54.4215596Z           "TestExecSMTPUTF8Capabilities/direct_plain/capable=false/ascii_quoted_alabel",
2026-10-09T04:14:54.4215961Z           "TestExecSMTPUTF8Capabilities/direct_plain/capable=false/eight_bit_body_only",
2026-10-09T04:14:54.4216369Z           "TestExecSMTPUTF8Capabilities/direct_plain/capable=false/encoded_headers_body_and_attachment",
2026-10-09T04:14:54.4216700Z           "TestExecSMTPUTF8Capabilities/direct_plain/capable=false/unicode_domain_envelope_only",
2026-10-09T04:14:54.4217059Z           "TestExecSMTPUTF8Capabilities/direct_plain/capable=false/unicode_last_bcc",
2026-10-09T04:14:54.4217443Z           "TestExecSMTPUTF8Capabilities/direct_plain/capable=false/unicode_recipient_envelope_only",
2026-10-09T04:14:54.4217784Z           "TestExecSMTPUTF8Capabilities/direct_plain/capable=false/unicode_sender_envelope_only",
2026-10-09T04:14:54.4218154Z           "TestExecSMTPUTF8Capabilities/direct_plain/capable=false/unicode_top_level_header",
2026-10-09T04:14:54.4218493Z           "TestExecSMTPUTF8Capabilities/direct_plain/capable=true/ascii_quoted_alabel",
2026-10-09T04:14:54.4218811Z           "TestExecSMTPUTF8Capabilities/direct_plain/capable=true/eight_bit_body_only",
2026-10-09T04:14:54.4219229Z           "TestExecSMTPUTF8Capabilities/direct_plain/capable=true/encoded_headers_body_and_attachment",
2026-10-09T04:14:54.4219603Z           "TestExecSMTPUTF8Capabilities/direct_plain/capable=true/unicode_domain_envelope_only",
2026-10-09T04:14:54.4219897Z           "TestExecSMTPUTF8Capabilities/direct_plain/capable=true/unicode_last_bcc",
2026-10-09T04:14:54.4220277Z           "TestExecSMTPUTF8Capabilities/direct_plain/capable=true/unicode_recipient_envelope_only",
2026-10-09T04:14:54.4220662Z           "TestExecSMTPUTF8Capabilities/direct_plain/capable=true/unicode_sender_envelope_only",
2026-10-09T04:14:54.4220985Z           "TestExecSMTPUTF8Capabilities/direct_plain/capable=true/unicode_top_level_header",
2026-10-09T04:14:54.4221336Z           "TestExecSMTPUTF8Capabilities/direct_starttls/capable=false/ascii_quoted_alabel",
2026-10-09T04:14:54.4221673Z           "TestExecSMTPUTF8Capabilities/direct_starttls/capable=false/eight_bit_body_only",
2026-10-09T04:14:54.4222066Z           "TestExecSMTPUTF8Capabilities/direct_starttls/capable=false/encoded_headers_body_and_attachment",
2026-10-09T04:14:54.4222482Z           "TestExecSMTPUTF8Capabilities/direct_starttls/capable=false/unicode_domain_envelope_only",
2026-10-09T04:14:54.4222883Z           "TestExecSMTPUTF8Capabilities/direct_starttls/capable=false/unicode_last_bcc",
2026-10-09T04:14:54.4223376Z           "TestExecSMTPUTF8Capabilities/direct_starttls/capable=false/unicode_recipient_envelope_only",
2026-10-09T04:14:54.4223752Z           "TestExecSMTPUTF8Capabilities/direct_starttls/capable=false/unicode_sender_envelope_only",
2026-10-09T04:14:54.4224150Z           "TestExecSMTPUTF8Capabilities/direct_starttls/capable=false/unicode_top_level_header",
2026-10-09T04:14:54.4224463Z           "TestExecSMTPUTF8Capabilities/direct_starttls/capable=true/ascii_quoted_alabel",
2026-10-09T04:14:54.4224806Z           "TestExecSMTPUTF8Capabilities/direct_starttls/capable=true/eight_bit_body_only",
2026-10-09T04:14:54.4225212Z           "TestExecSMTPUTF8Capabilities/direct_starttls/capable=true/encoded_headers_body_and_attachment",
2026-10-09T04:14:54.4225592Z           "TestExecSMTPUTF8Capabilities/direct_starttls/capable=true/unicode_domain_envelope_only",
2026-10-09T04:14:54.4225925Z           "TestExecSMTPUTF8Capabilities/direct_starttls/capable=true/unicode_last_bcc",
2026-10-09T04:14:54.4226317Z           "TestExecSMTPUTF8Capabilities/direct_starttls/capable=true/unicode_recipient_envelope_only",
2026-10-09T04:14:54.4226655Z           "TestExecSMTPUTF8Capabilities/direct_starttls/capable=true/unicode_sender_envelope_only",
2026-10-09T04:14:54.4227078Z           "TestExecSMTPUTF8Capabilities/direct_starttls/capable=true/unicode_top_level_header",
2026-10-09T04:14:54.4227433Z           "TestExecSMTPUTF8Capabilities/relay_implicit_tls/capable=false/ascii_quoted_alabel",
2026-10-09T04:14:54.4227820Z           "TestExecSMTPUTF8Capabilities/relay_implicit_tls/capable=false/eight_bit_body_only",
2026-10-09T04:14:54.4228209Z           "TestExecSMTPUTF8Capabilities/relay_implicit_tls/capable=false/encoded_headers_body_and_attachment",
2026-10-09T04:14:54.4228607Z           "TestExecSMTPUTF8Capabilities/relay_implicit_tls/capable=false/unicode_domain_envelope_only",
2026-10-09T04:14:54.4228947Z           "TestExecSMTPUTF8Capabilities/relay_implicit_tls/capable=false/unicode_last_bcc",
2026-10-09T04:14:54.4229342Z           "TestExecSMTPUTF8Capabilities/relay_implicit_tls/capable=false/unicode_recipient_envelope_only",
2026-10-09T04:14:54.4229744Z           "TestExecSMTPUTF8Capabilities/relay_implicit_tls/capable=false/unicode_sender_envelope_only",
2026-10-09T04:14:54.4230124Z           "TestExecSMTPUTF8Capabilities/relay_implicit_tls/capable=false/unicode_top_level_header",
2026-10-09T04:14:54.4230444Z           "TestExecSMTPUTF8Capabilities/relay_implicit_tls/capable=true/ascii_quoted_alabel",
2026-10-09T04:14:54.4230789Z           "TestExecSMTPUTF8Capabilities/relay_implicit_tls/capable=true/eight_bit_body_only",
2026-10-09T04:14:54.4231232Z           "TestExecSMTPUTF8Capabilities/relay_implicit_tls/capable=true/encoded_headers_body_and_attachment",
2026-10-09T04:14:54.4231584Z           "TestExecSMTPUTF8Capabilities/relay_implicit_tls/capable=true/unicode_domain_envelope_only",
2026-10-09T04:14:54.4232843Z           "TestExecSMTPUTF8Capabilities/relay_implicit_tls/capable=true/unicode_last_bcc",
2026-10-09T04:14:54.4233478Z           "TestExecSMTPUTF8Capabilities/relay_implicit_tls/capable=true/unicode_recipient_envelope_only",
2026-10-09T04:14:54.4233846Z           "TestExecSMTPUTF8Capabilities/relay_implicit_tls/capable=true/unicode_sender_envelope_only",
2026-10-09T04:14:54.4234253Z           "TestExecSMTPUTF8Capabilities/relay_implicit_tls/capable=true/unicode_top_level_header",
2026-10-09T04:14:54.4234584Z           "TestExecSMTPUTF8Capabilities/relay_plain/capable=false/ascii_quoted_alabel",
2026-10-09T04:14:54.4234976Z           "TestExecSMTPUTF8Capabilities/relay_plain/capable=false/eight_bit_body_only",
2026-10-09T04:14:54.4235424Z           "TestExecSMTPUTF8Capabilities/relay_plain/capable=false/encoded_headers_body_and_attachment",
2026-10-09T04:14:54.4235800Z           "TestExecSMTPUTF8Capabilities/relay_plain/capable=false/unicode_domain_envelope_only",
2026-10-09T04:14:54.4236173Z           "TestExecSMTPUTF8Capabilities/relay_plain/capable=false/unicode_last_bcc",
2026-10-09T04:14:54.4236550Z           "TestExecSMTPUTF8Capabilities/relay_plain/capable=false/unicode_recipient_envelope_only",
2026-10-09T04:14:54.4236932Z           "TestExecSMTPUTF8Capabilities/relay_plain/capable=false/unicode_sender_envelope_only",
2026-10-09T04:14:54.4237250Z           "TestExecSMTPUTF8Capabilities/relay_plain/capable=false/unicode_top_level_header",
2026-10-09T04:14:54.4237576Z           "TestExecSMTPUTF8Capabilities/relay_plain/capable=true/ascii_quoted_alabel",
2026-10-09T04:14:54.4237924Z           "TestExecSMTPUTF8Capabilities/relay_plain/capable=true/eight_bit_body_only",
2026-10-09T04:14:54.4238280Z           "TestExecSMTPUTF8Capabilities/relay_plain/capable=true/encoded_headers_body_and_attachment",
2026-10-09T04:14:54.4238645Z           "TestExecSMTPUTF8Capabilities/relay_plain/capable=true/unicode_domain_envelope_only",
2026-10-09T04:14:54.4238953Z           "TestExecSMTPUTF8Capabilities/relay_plain/capable=true/unicode_last_bcc",
2026-10-09T04:14:54.4239304Z           "TestExecSMTPUTF8Capabilities/relay_plain/capable=true/unicode_recipient_envelope_only",
2026-10-09T04:14:54.4239687Z           "TestExecSMTPUTF8Capabilities/relay_plain/capable=true/unicode_sender_envelope_only",
2026-10-09T04:14:54.4240108Z           "TestExecSMTPUTF8Capabilities/relay_plain/capable=true/unicode_top_level_header",
2026-10-09T04:14:54.4240426Z           "TestExecSMTPUTF8Capabilities/relay_starttls/capable=false/ascii_quoted_alabel",
2026-10-09T04:14:54.4240767Z           "TestExecSMTPUTF8Capabilities/relay_starttls/capable=false/eight_bit_body_only",
2026-10-09T04:14:54.4241196Z           "TestExecSMTPUTF8Capabilities/relay_starttls/capable=false/encoded_headers_body_and_attachment",
2026-10-09T04:14:54.4241585Z           "TestExecSMTPUTF8Capabilities/relay_starttls/capable=false/unicode_domain_envelope_only",
2026-10-09T04:14:54.4241912Z           "TestExecSMTPUTF8Capabilities/relay_starttls/capable=false/unicode_last_bcc",
2026-10-09T04:14:54.4242289Z           "TestExecSMTPUTF8Capabilities/relay_starttls/capable=false/unicode_recipient_envelope_only",
2026-10-09T04:14:54.4242610Z           "TestExecSMTPUTF8Capabilities/relay_starttls/capable=false/unicode_sender_envelope_only",
2026-10-09T04:14:54.4242995Z           "TestExecSMTPUTF8Capabilities/relay_starttls/capable=false/unicode_top_level_header",
2026-10-09T04:14:54.4243403Z           "TestExecSMTPUTF8Capabilities/relay_starttls/capable=true/ascii_quoted_alabel",
2026-10-09T04:14:54.4243714Z           "TestExecSMTPUTF8Capabilities/relay_starttls/capable=true/eight_bit_body_only",
2026-10-09T04:14:54.4244100Z           "TestExecSMTPUTF8Capabilities/relay_starttls/capable=true/encoded_headers_body_and_attachment",
2026-10-09T04:14:54.4244463Z           "TestExecSMTPUTF8Capabilities/relay_starttls/capable=true/unicode_domain_envelope_only",
2026-10-09T04:14:54.4244767Z           "TestExecSMTPUTF8Capabilities/relay_starttls/capable=true/unicode_last_bcc",
2026-10-09T04:14:54.4245141Z           "TestExecSMTPUTF8Capabilities/relay_starttls/capable=true/unicode_recipient_envelope_only",
2026-10-09T04:14:54.4245500Z           "TestExecSMTPUTF8Capabilities/relay_starttls/capable=true/unicode_sender_envelope_only",
2026-10-09T04:14:54.4245823Z           "TestExecSMTPUTF8Capabilities/relay_starttls/capable=true/unicode_top_level_header",
2026-10-09T04:14:54.4246023Z           "TestExecSMTPUTF8HELOFallback",
2026-10-09T04:14:54.4246319Z           "TestExecSMTPUTF8HELOFallback/direct_plain/ascii_quoted_alabel",
2026-10-09T04:14:54.4246614Z           "TestExecSMTPUTF8HELOFallback/direct_plain/unicode_sender_envelope_only",
2026-10-09T04:14:54.4246888Z           "TestExecSMTPUTF8HELOFallback/relay_plain/ascii_quoted_alabel",
2026-10-09T04:14:54.4247187Z           "TestExecSMTPUTF8HELOFallback/relay_plain/unicode_sender_envelope_only",
2026-10-09T04:14:54.4247385Z           "TestExecSMTPUTF8RefreshAfterSTARTTLS",
2026-10-09T04:14:54.4247894Z           "TestExecSMTPUTF8RefreshAfterSTARTTLS/direct_starttls/final_capable=false/encoded_headers_body_and_attachment",
2026-10-09T04:14:54.4248270Z           "TestExecSMTPUTF8RefreshAfterSTARTTLS/direct_starttls/final_capable=false/unicode_last_bcc",
2026-10-09T04:14:54.4248685Z           "TestExecSMTPUTF8RefreshAfterSTARTTLS/direct_starttls/final_capable=true/encoded_headers_body_and_attachment",
2026-10-09T04:14:54.4249051Z           "TestExecSMTPUTF8RefreshAfterSTARTTLS/direct_starttls/final_capable=true/unicode_last_bcc",
2026-10-09T04:14:54.4249534Z           "TestExecSMTPUTF8RefreshAfterSTARTTLS/relay_starttls/final_capable=false/encoded_headers_body_and_attachment",
2026-10-09T04:14:54.4249881Z           "TestExecSMTPUTF8RefreshAfterSTARTTLS/relay_starttls/final_capable=false/unicode_last_bcc",
2026-10-09T04:14:54.4250317Z           "TestExecSMTPUTF8RefreshAfterSTARTTLS/relay_starttls/final_capable=true/encoded_headers_body_and_attachment",
2026-10-09T04:14:54.4250693Z           "TestExecSMTPUTF8RefreshAfterSTARTTLS/relay_starttls/final_capable=true/unicode_last_bcc",
2026-10-09T04:14:54.4250936Z           "TestExecSMTPUTF8SubmissionRecipientLedger",
2026-10-09T04:14:54.4251242Z           "TestExecSMTPUTF8SubmissionRecipientLedger/direct_plain/capable=false/bcc",
2026-10-09T04:14:54.4251563Z           "TestExecSMTPUTF8SubmissionRecipientLedger/direct_plain/capable=false/cc",
2026-10-09T04:14:54.4252000Z           "TestExecSMTPUTF8SubmissionRecipientLedger/direct_plain/capable=false/header",
2026-10-09T04:14:54.4252295Z           "TestExecSMTPUTF8SubmissionRecipientLedger/direct_plain/capable=false/to",
2026-10-09T04:14:54.4252638Z           "TestExecSMTPUTF8SubmissionRecipientLedger/direct_plain/capable=true/bcc",
2026-10-09T04:14:54.4252981Z           "TestExecSMTPUTF8SubmissionRecipientLedger/direct_plain/capable=true/cc",
2026-10-09T04:14:54.4253366Z           "TestExecSMTPUTF8SubmissionRecipientLedger/direct_plain/capable=true/header",
2026-10-09T04:14:54.4253709Z           "TestExecSMTPUTF8SubmissionRecipientLedger/direct_plain/capable=true/to",
2026-10-09T04:14:54.4254006Z           "TestExecSMTPUTF8SubmissionRecipientLedger/relay_plain/capable=false/bcc",
2026-10-09T04:14:54.4254331Z           "TestExecSMTPUTF8SubmissionRecipientLedger/relay_plain/capable=false/cc",
2026-10-09T04:14:54.4254686Z           "TestExecSMTPUTF8SubmissionRecipientLedger/relay_plain/capable=false/header",
2026-10-09T04:14:54.4255010Z           "TestExecSMTPUTF8SubmissionRecipientLedger/relay_plain/capable=false/to",
2026-10-09T04:14:54.4255299Z           "TestExecSMTPUTF8SubmissionRecipientLedger/relay_plain/capable=true/bcc",
2026-10-09T04:14:54.4255612Z           "TestExecSMTPUTF8SubmissionRecipientLedger/relay_plain/capable=true/cc",
2026-10-09T04:14:54.4255986Z           "TestExecSMTPUTF8SubmissionRecipientLedger/relay_plain/capable=true/header",
2026-10-09T04:14:54.4256276Z           "TestExecSMTPUTF8SubmissionRecipientLedger/relay_plain/capable=true/to",
2026-10-09T04:14:54.4256513Z           "TestExecSMTPUTF8TriesNextMXBeforeSending"
2026-10-09T04:14:54.4256613Z         ],
2026-10-09T04:14:54.4256753Z         "leaf_ids": [
2026-10-09T04:14:54.4257122Z           "TestExecSMTPUTF8Capabilities/direct_plain/capable=false/ascii_quoted_alabel",
2026-10-09T04:14:54.4257427Z           "TestExecSMTPUTF8Capabilities/direct_plain/capable=false/eight_bit_body_only",
2026-10-09T04:14:54.4257828Z           "TestExecSMTPUTF8Capabilities/direct_plain/capable=false/encoded_headers_body_and_attachment",
2026-10-09T04:14:54.4258206Z           "TestExecSMTPUTF8Capabilities/direct_plain/capable=false/unicode_domain_envelope_only",
2026-10-09T04:14:54.4258503Z           "TestExecSMTPUTF8Capabilities/direct_plain/capable=false/unicode_last_bcc",
2026-10-09T04:14:54.4258913Z           "TestExecSMTPUTF8Capabilities/direct_plain/capable=false/unicode_recipient_envelope_only",
2026-10-09T04:14:54.4259283Z           "TestExecSMTPUTF8Capabilities/direct_plain/capable=false/unicode_sender_envelope_only",
2026-10-09T04:14:54.4259659Z           "TestExecSMTPUTF8Capabilities/direct_plain/capable=false/unicode_top_level_header",
2026-10-09T04:14:54.4259989Z           "TestExecSMTPUTF8Capabilities/direct_plain/capable=true/ascii_quoted_alabel",
2026-10-09T04:14:54.4260329Z           "TestExecSMTPUTF8Capabilities/direct_plain/capable=true/eight_bit_body_only",
2026-10-09T04:14:54.4260700Z           "TestExecSMTPUTF8Capabilities/direct_plain/capable=true/encoded_headers_body_and_attachment",
2026-10-09T04:14:54.4261067Z           "TestExecSMTPUTF8Capabilities/direct_plain/capable=true/unicode_domain_envelope_only",
2026-10-09T04:14:54.4261451Z           "TestExecSMTPUTF8Capabilities/direct_plain/capable=true/unicode_last_bcc",
2026-10-09T04:14:54.4261800Z           "TestExecSMTPUTF8Capabilities/direct_plain/capable=true/unicode_recipient_envelope_only",
2026-10-09T04:14:54.4262169Z           "TestExecSMTPUTF8Capabilities/direct_plain/capable=true/unicode_sender_envelope_only",
2026-10-09T04:14:54.4262540Z           "TestExecSMTPUTF8Capabilities/direct_plain/capable=true/unicode_top_level_header",
2026-10-09T04:14:54.4262859Z           "TestExecSMTPUTF8Capabilities/direct_starttls/capable=false/ascii_quoted_alabel",
2026-10-09T04:14:54.4263213Z           "TestExecSMTPUTF8Capabilities/direct_starttls/capable=false/eight_bit_body_only",
2026-10-09T04:14:54.4263807Z           "TestExecSMTPUTF8Capabilities/direct_starttls/capable=false/encoded_headers_body_and_attachment",
2026-10-09T04:14:54.4264216Z           "TestExecSMTPUTF8Capabilities/direct_starttls/capable=false/unicode_domain_envelope_only",
2026-10-09T04:14:54.4264521Z           "TestExecSMTPUTF8Capabilities/direct_starttls/capable=false/unicode_last_bcc",
2026-10-09T04:14:54.4264937Z           "TestExecSMTPUTF8Capabilities/direct_starttls/capable=false/unicode_recipient_envelope_only",
2026-10-09T04:14:54.4265318Z           "TestExecSMTPUTF8Capabilities/direct_starttls/capable=false/unicode_sender_envelope_only",
2026-10-09T04:14:54.4265633Z           "TestExecSMTPUTF8Capabilities/direct_starttls/capable=false/unicode_top_level_header",
2026-10-09T04:14:54.4266012Z           "TestExecSMTPUTF8Capabilities/direct_starttls/capable=true/ascii_quoted_alabel",
2026-10-09T04:14:54.4266358Z           "TestExecSMTPUTF8Capabilities/direct_starttls/capable=true/eight_bit_body_only",
2026-10-09T04:14:54.4266724Z           "TestExecSMTPUTF8Capabilities/direct_starttls/capable=true/encoded_headers_body_and_attachment",
2026-10-09T04:14:54.4267110Z           "TestExecSMTPUTF8Capabilities/direct_starttls/capable=true/unicode_domain_envelope_only",
2026-10-09T04:14:54.4267438Z           "TestExecSMTPUTF8Capabilities/direct_starttls/capable=true/unicode_last_bcc",
2026-10-09T04:14:54.4267810Z           "TestExecSMTPUTF8Capabilities/direct_starttls/capable=true/unicode_recipient_envelope_only",
2026-10-09T04:14:54.4268196Z           "TestExecSMTPUTF8Capabilities/direct_starttls/capable=true/unicode_sender_envelope_only",
2026-10-09T04:14:54.4268563Z           "TestExecSMTPUTF8Capabilities/direct_starttls/capable=true/unicode_top_level_header",
2026-10-09T04:14:54.4268889Z           "TestExecSMTPUTF8Capabilities/relay_implicit_tls/capable=false/ascii_quoted_alabel",
2026-10-09T04:14:54.4269258Z           "TestExecSMTPUTF8Capabilities/relay_implicit_tls/capable=false/eight_bit_body_only",
2026-10-09T04:14:54.4269688Z           "TestExecSMTPUTF8Capabilities/relay_implicit_tls/capable=false/encoded_headers_body_and_attachment",
2026-10-09T04:14:54.4270053Z           "TestExecSMTPUTF8Capabilities/relay_implicit_tls/capable=false/unicode_domain_envelope_only",
2026-10-09T04:14:54.4270399Z           "TestExecSMTPUTF8Capabilities/relay_implicit_tls/capable=false/unicode_last_bcc",
2026-10-09T04:14:54.4270790Z           "TestExecSMTPUTF8Capabilities/relay_implicit_tls/capable=false/unicode_recipient_envelope_only",
2026-10-09T04:14:54.4271159Z           "TestExecSMTPUTF8Capabilities/relay_implicit_tls/capable=false/unicode_sender_envelope_only",
2026-10-09T04:14:54.4271556Z           "TestExecSMTPUTF8Capabilities/relay_implicit_tls/capable=false/unicode_top_level_header",
2026-10-09T04:14:54.4271977Z           "TestExecSMTPUTF8Capabilities/relay_implicit_tls/capable=true/ascii_quoted_alabel",
2026-10-09T04:14:54.4272297Z           "TestExecSMTPUTF8Capabilities/relay_implicit_tls/capable=true/eight_bit_body_only",
2026-10-09T04:14:54.4272704Z           "TestExecSMTPUTF8Capabilities/relay_implicit_tls/capable=true/encoded_headers_body_and_attachment",
2026-10-09T04:14:54.4273127Z           "TestExecSMTPUTF8Capabilities/relay_implicit_tls/capable=true/unicode_domain_envelope_only",
2026-10-09T04:14:54.4273525Z           "TestExecSMTPUTF8Capabilities/relay_implicit_tls/capable=true/unicode_last_bcc",
2026-10-09T04:14:54.4273934Z           "TestExecSMTPUTF8Capabilities/relay_implicit_tls/capable=true/unicode_recipient_envelope_only",
2026-10-09T04:14:54.4274320Z           "TestExecSMTPUTF8Capabilities/relay_implicit_tls/capable=true/unicode_sender_envelope_only",
2026-10-09T04:14:54.4274652Z           "TestExecSMTPUTF8Capabilities/relay_implicit_tls/capable=true/unicode_top_level_header",
2026-10-09T04:14:54.4275037Z           "TestExecSMTPUTF8Capabilities/relay_plain/capable=false/ascii_quoted_alabel",
2026-10-09T04:14:54.4275378Z           "TestExecSMTPUTF8Capabilities/relay_plain/capable=false/eight_bit_body_only",
2026-10-09T04:14:54.4275743Z           "TestExecSMTPUTF8Capabilities/relay_plain/capable=false/encoded_headers_body_and_attachment",
2026-10-09T04:14:54.4276174Z           "TestExecSMTPUTF8Capabilities/relay_plain/capable=false/unicode_domain_envelope_only",
2026-10-09T04:14:54.4276497Z           "TestExecSMTPUTF8Capabilities/relay_plain/capable=false/unicode_last_bcc",
2026-10-09T04:14:54.4276856Z           "TestExecSMTPUTF8Capabilities/relay_plain/capable=false/unicode_recipient_envelope_only",
2026-10-09T04:14:54.4277226Z           "TestExecSMTPUTF8Capabilities/relay_plain/capable=false/unicode_sender_envelope_only",
2026-10-09T04:14:54.4277585Z           "TestExecSMTPUTF8Capabilities/relay_plain/capable=false/unicode_top_level_header",
2026-10-09T04:14:54.4277881Z           "TestExecSMTPUTF8Capabilities/relay_plain/capable=true/ascii_quoted_alabel",
2026-10-09T04:14:54.4278233Z           "TestExecSMTPUTF8Capabilities/relay_plain/capable=true/eight_bit_body_only",
2026-10-09T04:14:54.4278635Z           "TestExecSMTPUTF8Capabilities/relay_plain/capable=true/encoded_headers_body_and_attachment",
2026-10-09T04:14:54.4278964Z           "TestExecSMTPUTF8Capabilities/relay_plain/capable=true/unicode_domain_envelope_only",
2026-10-09T04:14:54.4279289Z           "TestExecSMTPUTF8Capabilities/relay_plain/capable=true/unicode_last_bcc",
2026-10-09T04:14:54.4279649Z           "TestExecSMTPUTF8Capabilities/relay_plain/capable=true/unicode_recipient_envelope_only",
2026-10-09T04:14:54.4279994Z           "TestExecSMTPUTF8Capabilities/relay_plain/capable=true/unicode_sender_envelope_only",
2026-10-09T04:14:54.4280363Z           "TestExecSMTPUTF8Capabilities/relay_plain/capable=true/unicode_top_level_header",
2026-10-09T04:14:54.4280712Z           "TestExecSMTPUTF8Capabilities/relay_starttls/capable=false/ascii_quoted_alabel",
2026-10-09T04:14:54.4281019Z           "TestExecSMTPUTF8Capabilities/relay_starttls/capable=false/eight_bit_body_only",
2026-10-09T04:14:54.4281409Z           "TestExecSMTPUTF8Capabilities/relay_starttls/capable=false/encoded_headers_body_and_attachment",
2026-10-09T04:14:54.4281831Z           "TestExecSMTPUTF8Capabilities/relay_starttls/capable=false/unicode_domain_envelope_only",
2026-10-09T04:14:54.4282131Z           "TestExecSMTPUTF8Capabilities/relay_starttls/capable=false/unicode_last_bcc",
2026-10-09T04:14:54.4282520Z           "TestExecSMTPUTF8Capabilities/relay_starttls/capable=false/unicode_recipient_envelope_only",
2026-10-09T04:14:54.4282895Z           "TestExecSMTPUTF8Capabilities/relay_starttls/capable=false/unicode_sender_envelope_only",
2026-10-09T04:14:54.4283335Z           "TestExecSMTPUTF8Capabilities/relay_starttls/capable=false/unicode_top_level_header",
2026-10-09T04:14:54.4283728Z           "TestExecSMTPUTF8Capabilities/relay_starttls/capable=true/ascii_quoted_alabel",
2026-10-09T04:14:54.4284064Z           "TestExecSMTPUTF8Capabilities/relay_starttls/capable=true/eight_bit_body_only",
2026-10-09T04:14:54.4284474Z           "TestExecSMTPUTF8Capabilities/relay_starttls/capable=true/encoded_headers_body_and_attachment",
2026-10-09T04:14:54.4284840Z           "TestExecSMTPUTF8Capabilities/relay_starttls/capable=true/unicode_domain_envelope_only",
2026-10-09T04:14:54.4285176Z           "TestExecSMTPUTF8Capabilities/relay_starttls/capable=true/unicode_last_bcc",
2026-10-09T04:14:54.4285579Z           "TestExecSMTPUTF8Capabilities/relay_starttls/capable=true/unicode_recipient_envelope_only",
2026-10-09T04:14:54.4285922Z           "TestExecSMTPUTF8Capabilities/relay_starttls/capable=true/unicode_sender_envelope_only",
2026-10-09T04:14:54.4286293Z           "TestExecSMTPUTF8Capabilities/relay_starttls/capable=true/unicode_top_level_header",
2026-10-09T04:14:54.4286574Z           "TestExecSMTPUTF8HELOFallback/direct_plain/ascii_quoted_alabel",
2026-10-09T04:14:54.4286878Z           "TestExecSMTPUTF8HELOFallback/direct_plain/unicode_sender_envelope_only",
2026-10-09T04:14:54.4287182Z           "TestExecSMTPUTF8HELOFallback/relay_plain/ascii_quoted_alabel",
2026-10-09T04:14:54.4287504Z           "TestExecSMTPUTF8HELOFallback/relay_plain/unicode_sender_envelope_only",
2026-10-09T04:14:54.4287993Z           "TestExecSMTPUTF8RefreshAfterSTARTTLS/direct_starttls/final_capable=false/encoded_headers_body_and_attachment",
2026-10-09T04:14:54.4288380Z           "TestExecSMTPUTF8RefreshAfterSTARTTLS/direct_starttls/final_capable=false/unicode_last_bcc",
2026-10-09T04:14:54.4288867Z           "TestExecSMTPUTF8RefreshAfterSTARTTLS/direct_starttls/final_capable=true/encoded_headers_body_and_attachment",
2026-10-09T04:14:54.4289219Z           "TestExecSMTPUTF8RefreshAfterSTARTTLS/direct_starttls/final_capable=true/unicode_last_bcc",
2026-10-09T04:14:54.4289678Z           "TestExecSMTPUTF8RefreshAfterSTARTTLS/relay_starttls/final_capable=false/encoded_headers_body_and_attachment",
2026-10-09T04:14:54.4290066Z           "TestExecSMTPUTF8RefreshAfterSTARTTLS/relay_starttls/final_capable=false/unicode_last_bcc",
2026-10-09T04:14:54.4290472Z           "TestExecSMTPUTF8RefreshAfterSTARTTLS/relay_starttls/final_capable=true/encoded_headers_body_and_attachment",
2026-10-09T04:14:54.4290888Z           "TestExecSMTPUTF8RefreshAfterSTARTTLS/relay_starttls/final_capable=true/unicode_last_bcc",
2026-10-09T04:14:54.4291222Z           "TestExecSMTPUTF8SubmissionRecipientLedger/direct_plain/capable=false/bcc",
2026-10-09T04:14:54.4291538Z           "TestExecSMTPUTF8SubmissionRecipientLedger/direct_plain/capable=false/cc",
2026-10-09T04:14:54.4291891Z           "TestExecSMTPUTF8SubmissionRecipientLedger/direct_plain/capable=false/header",
2026-10-09T04:14:54.4292231Z           "TestExecSMTPUTF8SubmissionRecipientLedger/direct_plain/capable=false/to",
2026-10-09T04:14:54.4292543Z           "TestExecSMTPUTF8SubmissionRecipientLedger/direct_plain/capable=true/bcc",
2026-10-09T04:14:54.4292881Z           "TestExecSMTPUTF8SubmissionRecipientLedger/direct_plain/capable=true/cc",
2026-10-09T04:14:54.4293225Z           "TestExecSMTPUTF8SubmissionRecipientLedger/direct_plain/capable=true/header",
2026-10-09T04:14:54.4293590Z           "TestExecSMTPUTF8SubmissionRecipientLedger/direct_plain/capable=true/to",
2026-10-09T04:14:54.4293928Z           "TestExecSMTPUTF8SubmissionRecipientLedger/relay_plain/capable=false/bcc",
2026-10-09T04:14:54.4294265Z           "TestExecSMTPUTF8SubmissionRecipientLedger/relay_plain/capable=false/cc",
2026-10-09T04:14:54.4294589Z           "TestExecSMTPUTF8SubmissionRecipientLedger/relay_plain/capable=false/header",
2026-10-09T04:14:54.4294920Z           "TestExecSMTPUTF8SubmissionRecipientLedger/relay_plain/capable=false/to",
2026-10-09T04:14:54.4295233Z           "TestExecSMTPUTF8SubmissionRecipientLedger/relay_plain/capable=true/bcc",
2026-10-09T04:14:54.4295539Z           "TestExecSMTPUTF8SubmissionRecipientLedger/relay_plain/capable=true/cc",
2026-10-09T04:14:54.4296009Z           "TestExecSMTPUTF8SubmissionRecipientLedger/relay_plain/capable=true/header",
2026-10-09T04:14:54.4296340Z           "TestExecSMTPUTF8SubmissionRecipientLedger/relay_plain/capable=true/to",
2026-10-09T04:14:54.4296546Z           "TestExecSMTPUTF8TriesNextMXBeforeSending"
2026-10-09T04:14:54.4296672Z         ],
2026-10-09T04:14:54.4296873Z         "leaf_count": 109,
2026-10-09T04:14:54.4297006Z         "passed": 71,
2026-10-09T04:14:54.4297152Z         "failed": 38,
2026-10-09T04:14:54.4297265Z         "skipped": 0,
2026-10-09T04:14:54.4297401Z         "exit_code": 1,
2026-10-09T04:14:54.4297608Z         "actual_wire_observations": [
2026-10-09T04:14:54.4297740Z           {
2026-10-09T04:14:54.4298183Z             "test": "TestExecSMTPUTF8Capabilities/direct_plain/capable=false/unicode_domain_envelope_only",
2026-10-09T04:14:54.4299039Z             "wire": "r5_exec_smtputf8_test.go:340: EXEC09_SENT_WITHOUT_SMTPUTF8 MAIL=[\"MAIL FROM:<sender@example.test> BODY=8BITMIME\"] RCPT=[\"RCPT TO:<reader@\u4f8b\u5b50.test>\"] DATA=1 body_bytes=298"
2026-10-09T04:14:54.4299125Z           },
2026-10-09T04:14:54.4299301Z           {
2026-10-09T04:14:54.4299689Z             "test": "TestExecSMTPUTF8Capabilities/direct_plain/capable=false/unicode_last_bcc",
2026-10-09T04:14:54.4300709Z             "wire": "r5_exec_smtputf8_test.go:340: EXEC09_SENT_WITHOUT_SMTPUTF8 MAIL=[\"MAIL FROM:<sender@example.test> BODY=8BITMIME\"] RCPT=[\"RCPT TO:<reader@recipient.test>\" \"RCPT TO:<\\\"\u4fe1\u7bb1 @ \u5e2e\u52a9\u53f0\\\"@recipient.test>\"] DATA=1 body_bytes=298"
2026-10-09T04:14:54.4300905Z           },
2026-10-09T04:14:54.4301062Z           {
2026-10-09T04:14:54.4301510Z             "test": "TestExecSMTPUTF8Capabilities/direct_plain/capable=false/unicode_recipient_envelope_only",
2026-10-09T04:14:54.4302378Z             "wire": "r5_exec_smtputf8_test.go:340: EXEC09_SENT_WITHOUT_SMTPUTF8 MAIL=[\"MAIL FROM:<sender@example.test> BODY=8BITMIME\"] RCPT=[\"RCPT TO:<\u6536\u4ef6\u4eba@recipient.test>\"] DATA=1 body_bytes=298"
2026-10-09T04:14:54.4302534Z           },
2026-10-09T04:14:54.4302634Z           {
2026-10-09T04:14:54.4303104Z             "test": "TestExecSMTPUTF8Capabilities/direct_plain/capable=false/unicode_sender_envelope_only",
2026-10-09T04:14:54.4304110Z             "wire": "r5_exec_smtputf8_test.go:340: EXEC09_SENT_WITHOUT_SMTPUTF8 MAIL=[\"MAIL FROM:<\u53d1\u9001\u8005@example.test> BODY=8BITMIME\"] RCPT=[\"RCPT TO:<reader@recipient.test>\"] DATA=1 body_bytes=298"
2026-10-09T04:14:54.4304207Z           },
2026-10-09T04:14:54.4304326Z           {
2026-10-09T04:14:54.4304702Z             "test": "TestExecSMTPUTF8Capabilities/direct_plain/capable=false/unicode_top_level_header",
2026-10-09T04:14:54.4305485Z             "wire": "r5_exec_smtputf8_test.go:340: EXEC09_SENT_WITHOUT_SMTPUTF8 MAIL=[\"MAIL FROM:<sender@example.test> BODY=8BITMIME\"] RCPT=[\"RCPT TO:<reader@recipient.test>\"] DATA=1 body_bytes=324"
2026-10-09T04:14:54.4305620Z           },
2026-10-09T04:14:54.4305742Z           {
2026-10-09T04:14:54.4306147Z             "test": "TestExecSMTPUTF8Capabilities/direct_starttls/capable=false/unicode_domain_envelope_only",
2026-10-09T04:14:54.4306904Z             "wire": "r5_exec_smtputf8_test.go:340: EXEC09_SENT_WITHOUT_SMTPUTF8 MAIL=[\"MAIL FROM:<sender@example.test> BODY=8BITMIME\"] RCPT=[\"RCPT TO:<reader@\u4f8b\u5b50.test>\"] DATA=1 body_bytes=298"
2026-10-09T04:14:54.4307043Z           },
2026-10-09T04:14:54.4307132Z           {
2026-10-09T04:14:54.4307513Z             "test": "TestExecSMTPUTF8Capabilities/direct_starttls/capable=false/unicode_last_bcc",
2026-10-09T04:14:54.4308502Z             "wire": "r5_exec_smtputf8_test.go:340: EXEC09_SENT_WITHOUT_SMTPUTF8 MAIL=[\"MAIL FROM:<sender@example.test> BODY=8BITMIME\"] RCPT=[\"RCPT TO:<reader@recipient.test>\" \"RCPT TO:<\\\"\u4fe1\u7bb1 @ \u5e2e\u52a9\u53f0\\\"@recipient.test>\"] DATA=1 body_bytes=298"
2026-10-09T04:14:54.4308620Z           },
2026-10-09T04:14:54.4308719Z           {
2026-10-09T04:14:54.4309204Z             "test": "TestExecSMTPUTF8Capabilities/direct_starttls/capable=false/unicode_recipient_envelope_only",
2026-10-09T04:14:54.4309967Z             "wire": "r5_exec_smtputf8_test.go:340: EXEC09_SENT_WITHOUT_SMTPUTF8 MAIL=[\"MAIL FROM:<sender@example.test> BODY=8BITMIME\"] RCPT=[\"RCPT TO:<\u6536\u4ef6\u4eba@recipient.test>\"] DATA=1 body_bytes=298"
2026-10-09T04:14:54.4310106Z           },
2026-10-09T04:14:54.4310223Z           {
2026-10-09T04:14:54.4310633Z             "test": "TestExecSMTPUTF8Capabilities/direct_starttls/capable=false/unicode_sender_envelope_only",
2026-10-09T04:14:54.4311421Z             "wire": "r5_exec_smtputf8_test.go:340: EXEC09_SENT_WITHOUT_SMTPUTF8 MAIL=[\"MAIL FROM:<\u53d1\u9001\u8005@example.test> BODY=8BITMIME\"] RCPT=[\"RCPT TO:<reader@recipient.test>\"] DATA=1 body_bytes=298"
2026-10-09T04:14:54.4311540Z           },
2026-10-09T04:14:54.4311633Z           {
2026-10-09T04:14:54.4312037Z             "test": "TestExecSMTPUTF8Capabilities/direct_starttls/capable=false/unicode_top_level_header",
2026-10-09T04:14:54.4312784Z             "wire": "r5_exec_smtputf8_test.go:340: EXEC09_SENT_WITHOUT_SMTPUTF8 MAIL=[\"MAIL FROM:<sender@example.test> BODY=8BITMIME\"] RCPT=[\"RCPT TO:<reader@recipient.test>\"] DATA=1 body_bytes=324"
2026-10-09T04:14:54.4312901Z           },
2026-10-09T04:14:54.4313006Z           {
2026-10-09T04:14:54.4313683Z             "test": "TestExecSMTPUTF8Capabilities/relay_implicit_tls/capable=false/unicode_domain_envelope_only",
2026-10-09T04:14:54.4314457Z             "wire": "r5_exec_smtputf8_test.go:340: EXEC09_SENT_WITHOUT_SMTPUTF8 MAIL=[\"MAIL FROM:<sender@example.test> BODY=8BITMIME\"] RCPT=[\"RCPT TO:<reader@\u4f8b\u5b50.test>\"] DATA=1 body_bytes=298"
2026-10-09T04:14:54.4314546Z           },
2026-10-09T04:14:54.4314662Z           {
2026-10-09T04:14:54.4315022Z             "test": "TestExecSMTPUTF8Capabilities/relay_implicit_tls/capable=false/unicode_last_bcc",
2026-10-09T04:14:54.4315997Z             "wire": "r5_exec_smtputf8_test.go:340: EXEC09_SENT_WITHOUT_SMTPUTF8 MAIL=[\"MAIL FROM:<sender@example.test> BODY=8BITMIME\"] RCPT=[\"RCPT TO:<reader@recipient.test>\" \"RCPT TO:<\\\"\u4fe1\u7bb1 @ \u5e2e\u52a9\u53f0\\\"@recipient.test>\"] DATA=1 body_bytes=298"
2026-10-09T04:14:54.4316135Z           },
2026-10-09T04:14:54.4316267Z           {
2026-10-09T04:14:54.4316690Z             "test": "TestExecSMTPUTF8Capabilities/relay_implicit_tls/capable=false/unicode_recipient_envelope_only",
2026-10-09T04:14:54.4317485Z             "wire": "r5_exec_smtputf8_test.go:340: EXEC09_SENT_WITHOUT_SMTPUTF8 MAIL=[\"MAIL FROM:<sender@example.test> BODY=8BITMIME\"] RCPT=[\"RCPT TO:<\u6536\u4ef6\u4eba@recipient.test>\"] DATA=1 body_bytes=298"
2026-10-09T04:14:54.4317598Z           },
2026-10-09T04:14:54.4317695Z           {
2026-10-09T04:14:54.4318127Z             "test": "TestExecSMTPUTF8Capabilities/relay_implicit_tls/capable=false/unicode_sender_envelope_only",
2026-10-09T04:14:54.4318914Z             "wire": "r5_exec_smtputf8_test.go:340: EXEC09_SENT_WITHOUT_SMTPUTF8 MAIL=[\"MAIL FROM:<\u53d1\u9001\u8005@example.test> BODY=8BITMIME\"] RCPT=[\"RCPT TO:<reader@recipient.test>\"] DATA=1 body_bytes=298"
2026-10-09T04:14:54.4319005Z           },
2026-10-09T04:14:54.4319117Z           {
2026-10-09T04:14:54.4319543Z             "test": "TestExecSMTPUTF8Capabilities/relay_implicit_tls/capable=false/unicode_top_level_header",
2026-10-09T04:14:54.4320272Z             "wire": "r5_exec_smtputf8_test.go:340: EXEC09_SENT_WITHOUT_SMTPUTF8 MAIL=[\"MAIL FROM:<sender@example.test> BODY=8BITMIME\"] RCPT=[\"RCPT TO:<reader@recipient.test>\"] DATA=1 body_bytes=324"
2026-10-09T04:14:54.4320390Z           },
2026-10-09T04:14:54.4320494Z           {
2026-10-09T04:14:54.4320890Z             "test": "TestExecSMTPUTF8Capabilities/relay_plain/capable=false/unicode_domain_envelope_only",
2026-10-09T04:14:54.4321643Z             "wire": "r5_exec_smtputf8_test.go:340: EXEC09_SENT_WITHOUT_SMTPUTF8 MAIL=[\"MAIL FROM:<sender@example.test> BODY=8BITMIME\"] RCPT=[\"RCPT TO:<reader@\u4f8b\u5b50.test>\"] DATA=1 body_bytes=298"
2026-10-09T04:14:54.4321761Z           },
2026-10-09T04:14:54.4321896Z           {
2026-10-09T04:14:54.4322247Z             "test": "TestExecSMTPUTF8Capabilities/relay_plain/capable=false/unicode_last_bcc",
2026-10-09T04:14:54.4323339Z             "wire": "r5_exec_smtputf8_test.go:340: EXEC09_SENT_WITHOUT_SMTPUTF8 MAIL=[\"MAIL FROM:<sender@example.test> BODY=8BITMIME\"] RCPT=[\"RCPT TO:<reader@recipient.test>\" \"RCPT TO:<\\\"\u4fe1\u7bb1 @ \u5e2e\u52a9\u53f0\\\"@recipient.test>\"] DATA=1 body_bytes=298"
2026-10-09T04:14:54.4323443Z           },
2026-10-09T04:14:54.4323556Z           {
2026-10-09T04:14:54.4323974Z             "test": "TestExecSMTPUTF8Capabilities/relay_plain/capable=false/unicode_recipient_envelope_only",
2026-10-09T04:14:54.4324763Z             "wire": "r5_exec_smtputf8_test.go:340: EXEC09_SENT_WITHOUT_SMTPUTF8 MAIL=[\"MAIL FROM:<sender@example.test> BODY=8BITMIME\"] RCPT=[\"RCPT TO:<\u6536\u4ef6\u4eba@recipient.test>\"] DATA=1 body_bytes=298"
2026-10-09T04:14:54.4324905Z           },
2026-10-09T04:14:54.4325021Z           {
2026-10-09T04:14:54.4325402Z             "test": "TestExecSMTPUTF8Capabilities/relay_plain/capable=false/unicode_sender_envelope_only",
2026-10-09T04:14:54.4326188Z             "wire": "r5_exec_smtputf8_test.go:340: EXEC09_SENT_WITHOUT_SMTPUTF8 MAIL=[\"MAIL FROM:<\u53d1\u9001\u8005@example.test> BODY=8BITMIME\"] RCPT=[\"RCPT TO:<reader@recipient.test>\"] DATA=1 body_bytes=298"
2026-10-09T04:14:54.4326364Z           },
2026-10-09T04:14:54.4326463Z           {
2026-10-09T04:14:54.4326858Z             "test": "TestExecSMTPUTF8Capabilities/relay_plain/capable=false/unicode_top_level_header",
2026-10-09T04:14:54.4327608Z             "wire": "r5_exec_smtputf8_test.go:340: EXEC09_SENT_WITHOUT_SMTPUTF8 MAIL=[\"MAIL FROM:<sender@example.test> BODY=8BITMIME\"] RCPT=[\"RCPT TO:<reader@recipient.test>\"] DATA=1 body_bytes=324"
2026-10-09T04:14:54.4327700Z           },
2026-10-09T04:14:54.4327816Z           {
2026-10-09T04:14:54.4328243Z             "test": "TestExecSMTPUTF8Capabilities/relay_starttls/capable=false/unicode_domain_envelope_only",
2026-10-09T04:14:54.4328969Z             "wire": "r5_exec_smtputf8_test.go:340: EXEC09_SENT_WITHOUT_SMTPUTF8 MAIL=[\"MAIL FROM:<sender@example.test> BODY=8BITMIME\"] RCPT=[\"RCPT TO:<reader@\u4f8b\u5b50.test>\"] DATA=1 body_bytes=298"
2026-10-09T04:14:54.4329087Z           },
2026-10-09T04:14:54.4329191Z           {
2026-10-09T04:14:54.4329561Z             "test": "TestExecSMTPUTF8Capabilities/relay_starttls/capable=false/unicode_last_bcc",
2026-10-09T04:14:54.4330563Z             "wire": "r5_exec_smtputf8_test.go:340: EXEC09_SENT_WITHOUT_SMTPUTF8 MAIL=[\"MAIL FROM:<sender@example.test> BODY=8BITMIME\"] RCPT=[\"RCPT TO:<reader@recipient.test>\" \"RCPT TO:<\\\"\u4fe1\u7bb1 @ \u5e2e\u52a9\u53f0\\\"@recipient.test>\"] DATA=1 body_bytes=298"
2026-10-09T04:14:54.4330679Z           },
2026-10-09T04:14:54.4330766Z           {
2026-10-09T04:14:54.4331179Z             "test": "TestExecSMTPUTF8Capabilities/relay_starttls/capable=false/unicode_recipient_envelope_only",
2026-10-09T04:14:54.4331991Z             "wire": "r5_exec_smtputf8_test.go:340: EXEC09_SENT_WITHOUT_SMTPUTF8 MAIL=[\"MAIL FROM:<sender@example.test> BODY=8BITMIME\"] RCPT=[\"RCPT TO:<\u6536\u4ef6\u4eba@recipient.test>\"] DATA=1 body_bytes=298"
2026-10-09T04:14:54.4332081Z           },
2026-10-09T04:14:54.4332196Z           {
2026-10-09T04:14:54.4332617Z             "test": "TestExecSMTPUTF8Capabilities/relay_starttls/capable=false/unicode_sender_envelope_only",
2026-10-09T04:14:54.4333444Z             "wire": "r5_exec_smtputf8_test.go:340: EXEC09_SENT_WITHOUT_SMTPUTF8 MAIL=[\"MAIL FROM:<\u53d1\u9001\u8005@example.test> BODY=8BITMIME\"] RCPT=[\"RCPT TO:<reader@recipient.test>\"] DATA=1 body_bytes=298"
2026-10-09T04:14:54.4333593Z           },
2026-10-09T04:14:54.4333710Z           {
2026-10-09T04:14:54.4334086Z             "test": "TestExecSMTPUTF8Capabilities/relay_starttls/capable=false/unicode_top_level_header",
2026-10-09T04:14:54.4334923Z             "wire": "r5_exec_smtputf8_test.go:340: EXEC09_SENT_WITHOUT_SMTPUTF8 MAIL=[\"MAIL FROM:<sender@example.test> BODY=8BITMIME\"] RCPT=[\"RCPT TO:<reader@recipient.test>\"] DATA=1 body_bytes=324"
2026-10-09T04:14:54.4335043Z           },
2026-10-09T04:14:54.4335140Z           {
2026-10-09T04:14:54.4335501Z             "test": "TestExecSMTPUTF8HELOFallback/direct_plain/unicode_sender_envelope_only",
2026-10-09T04:14:54.4336247Z             "wire": "r5_exec_smtputf8_test.go:386: EXEC09_SENT_WITHOUT_SMTPUTF8 MAIL=[\"MAIL FROM:<\u53d1\u9001\u8005@example.test>\"] RCPT=[\"RCPT TO:<reader@recipient.test>\"] DATA=1 body_bytes=298"
2026-10-09T04:14:54.4336336Z           },
2026-10-09T04:14:54.4336451Z           {
2026-10-09T04:14:54.4336817Z             "test": "TestExecSMTPUTF8HELOFallback/relay_plain/unicode_sender_envelope_only",
2026-10-09T04:14:54.4337530Z             "wire": "r5_exec_smtputf8_test.go:386: EXEC09_SENT_WITHOUT_SMTPUTF8 MAIL=[\"MAIL FROM:<\u53d1\u9001\u8005@example.test>\"] RCPT=[\"RCPT TO:<reader@recipient.test>\"] DATA=1 body_bytes=298"
2026-10-09T04:14:54.4337651Z           },
2026-10-09T04:14:54.4337757Z           {
2026-10-09T04:14:54.4338176Z             "test": "TestExecSMTPUTF8RefreshAfterSTARTTLS/direct_starttls/final_capable=false/unicode_last_bcc",
2026-10-09T04:14:54.4339170Z             "wire": "r5_exec_smtputf8_test.go:365: EXEC09_SENT_WITHOUT_SMTPUTF8 MAIL=[\"MAIL FROM:<sender@example.test> BODY=8BITMIME\"] RCPT=[\"RCPT TO:<reader@recipient.test>\" \"RCPT TO:<\\\"\u4fe1\u7bb1 @ \u5e2e\u52a9\u53f0\\\"@recipient.test>\"] DATA=1 body_bytes=298"
2026-10-09T04:14:54.4339350Z           },
2026-10-09T04:14:54.4339436Z           {
2026-10-09T04:14:54.4339856Z             "test": "TestExecSMTPUTF8RefreshAfterSTARTTLS/relay_starttls/final_capable=false/unicode_last_bcc",
2026-10-09T04:14:54.4340879Z             "wire": "r5_exec_smtputf8_test.go:365: EXEC09_SENT_WITHOUT_SMTPUTF8 MAIL=[\"MAIL FROM:<sender@example.test> BODY=8BITMIME\"] RCPT=[\"RCPT TO:<reader@recipient.test>\" \"RCPT TO:<\\\"\u4fe1\u7bb1 @ \u5e2e\u52a9\u53f0\\\"@recipient.test>\"] DATA=1 body_bytes=298"
2026-10-09T04:14:54.4340967Z           },
2026-10-09T04:14:54.4341085Z           {
2026-10-09T04:14:54.4341464Z             "test": "TestExecSMTPUTF8SubmissionRecipientLedger/direct_plain/capable=false/bcc",
2026-10-09T04:14:54.4342281Z             "wire": "r5_exec_smtputf8_test.go:506: EXEC09_SENT_WITHOUT_SMTPUTF8 MAIL=[\"MAIL FROM:<sender@example.test> BODY=8BITMIME\"] RCPT=[\"RCPT TO:<\\\"\u4fe1\u7bb1 @ \u5e2e\u52a9\u53f0\\\"@recipient.test>\"] DATA=1 body_bytes=315"
2026-10-09T04:14:54.4342419Z           },
2026-10-09T04:14:54.4342551Z           {
2026-10-09T04:14:54.4342896Z             "test": "TestExecSMTPUTF8SubmissionRecipientLedger/direct_plain/capable=false/cc",
2026-10-09T04:14:54.4343914Z             "wire": "r5_exec_smtputf8_test.go:506: EXEC09_SENT_WITHOUT_SMTPUTF8 MAIL=[\"MAIL FROM:<sender@example.test> BODY=8BITMIME\"] RCPT=[\"RCPT TO:<\\\"\u4fe1\u7bb1 @ \u5e2e\u52a9\u53f0\\\"@recipient.test>\"] DATA=1 body_bytes=356"
2026-10-09T04:14:54.4344040Z           },
2026-10-09T04:14:54.4344139Z           {
2026-10-09T04:14:54.4344533Z             "test": "TestExecSMTPUTF8SubmissionRecipientLedger/direct_plain/capable=false/header",
2026-10-09T04:14:54.4345352Z             "wire": "r5_exec_smtputf8_test.go:506: EXEC09_SENT_WITHOUT_SMTPUTF8 MAIL=[\"MAIL FROM:<sender@example.test> BODY=8BITMIME\"] RCPT=[\"RCPT TO:<reader@recipient.test>\"] DATA=1 body_bytes=368"
2026-10-09T04:14:54.4345451Z           },
2026-10-09T04:14:54.4345579Z           {
2026-10-09T04:14:54.4345981Z             "test": "TestExecSMTPUTF8SubmissionRecipientLedger/direct_plain/capable=false/to",
2026-10-09T04:14:54.4346856Z             "wire": "r5_exec_smtputf8_test.go:506: EXEC09_SENT_WITHOUT_SMTPUTF8 MAIL=[\"MAIL FROM:<sender@example.test> BODY=8BITMIME\"] RCPT=[\"RCPT TO:<\\\"\u4fe1\u7bb1 @ \u5e2e\u52a9\u53f0\\\"@recipient.test>\"] DATA=1 body_bytes=356"
2026-10-09T04:14:54.4346988Z           },
2026-10-09T04:14:54.4347103Z           {
2026-10-09T04:14:54.4347472Z             "test": "TestExecSMTPUTF8SubmissionRecipientLedger/relay_plain/capable=false/bcc",
2026-10-09T04:14:54.4348420Z             "wire": "r5_exec_smtputf8_test.go:506: EXEC09_SENT_WITHOUT_SMTPUTF8 MAIL=[\"MAIL FROM:<sender@example.test> BODY=8BITMIME\"] RCPT=[\"RCPT TO:<\\\"\u4fe1\u7bb1 @ \u5e2e\u52a9\u53f0\\\"@recipient.test>\"] DATA=1 body_bytes=315"
2026-10-09T04:14:54.4348555Z           },
2026-10-09T04:14:54.4348652Z           {
2026-10-09T04:14:54.4349015Z             "test": "TestExecSMTPUTF8SubmissionRecipientLedger/relay_plain/capable=false/cc",
2026-10-09T04:14:54.4349937Z             "wire": "r5_exec_smtputf8_test.go:506: EXEC09_SENT_WITHOUT_SMTPUTF8 MAIL=[\"MAIL FROM:<sender@example.test> BODY=8BITMIME\"] RCPT=[\"RCPT TO:<\\\"\u4fe1\u7bb1 @ \u5e2e\u52a9\u53f0\\\"@recipient.test>\"] DATA=1 body_bytes=356"
2026-10-09T04:14:54.4350033Z           },
2026-10-09T04:14:54.4350158Z           {
2026-10-09T04:14:54.4350554Z             "test": "TestExecSMTPUTF8SubmissionRecipientLedger/relay_plain/capable=false/header",
2026-10-09T04:14:54.4351268Z             "wire": "r5_exec_smtputf8_test.go:506: EXEC09_SENT_WITHOUT_SMTPUTF8 MAIL=[\"MAIL FROM:<sender@example.test> BODY=8BITMIME\"] RCPT=[\"RCPT TO:<reader@recipient.test>\"] DATA=1 body_bytes=368"
2026-10-09T04:14:54.4351428Z           },
2026-10-09T04:14:54.4351553Z           {
2026-10-09T04:14:54.4351894Z             "test": "TestExecSMTPUTF8SubmissionRecipientLedger/relay_plain/capable=false/to",
2026-10-09T04:14:54.4352815Z             "wire": "r5_exec_smtputf8_test.go:506: EXEC09_SENT_WITHOUT_SMTPUTF8 MAIL=[\"MAIL FROM:<sender@example.test> BODY=8BITMIME\"] RCPT=[\"RCPT TO:<\\\"\u4fe1\u7bb1 @ \u5e2e\u52a9\u53f0\\\"@recipient.test>\"] DATA=1 body_bytes=356"
2026-10-09T04:14:54.4352957Z           },
2026-10-09T04:14:54.4353068Z           {
2026-10-09T04:14:54.4353429Z             "test": "TestExecSMTPUTF8TriesNextMXBeforeSending",
2026-10-09T04:14:54.4354248Z             "wire": "r5_exec_smtputf8_test.go:422: EXEC09_SENT_WITHOUT_SMTPUTF8 MAIL=[\"MAIL FROM:<sender@example.test> BODY=8BITMIME\"] RCPT=[\"RCPT TO:<\u6536\u4ef6\u4eba@recipient.test>\"] DATA=1 body_bytes=298"
2026-10-09T04:14:54.4354344Z           }
2026-10-09T04:14:54.4354476Z         ]
2026-10-09T04:14:54.4354615Z       }
2026-10-09T04:14:54.4354705Z     },
2026-10-09T04:14:54.4354842Z     "candidate": {
2026-10-09T04:14:54.4354966Z       "before": {
2026-10-09T04:14:54.4355204Z         "commit": "e7f80316b25dba2cf0a35996bd45c00c62443668",
2026-10-09T04:14:54.4355445Z         "tree": "4034b36faa89a421f2a21b525cf35e93da4a1670",
2026-10-09T04:14:54.4355731Z         "test_sha256": "03047b4ba6b9c4590e032dfc58eeada6750e3b2e4c7aa80b96859ab98354e372"
2026-10-09T04:14:54.4355863Z       },
2026-10-09T04:14:54.4355981Z       "after": {
2026-10-09T04:14:54.4356193Z         "commit": "e7f80316b25dba2cf0a35996bd45c00c62443668",
2026-10-09T04:14:54.4356434Z         "tree": "4034b36faa89a421f2a21b525cf35e93da4a1670",
2026-10-09T04:14:54.4356753Z         "test_sha256": "03047b4ba6b9c4590e032dfc58eeada6750e3b2e4c7aa80b96859ab98354e372"
2026-10-09T04:14:54.4356845Z       },
2026-10-09T04:14:54.4356985Z       "command": [
2026-10-09T04:14:54.4357152Z         "go",
2026-10-09T04:14:54.4357254Z         "test",
2026-10-09T04:14:54.4357412Z         "-mod=readonly",
2026-10-09T04:14:54.4357548Z         "-json",
2026-10-09T04:14:54.4357649Z         "-race",
2026-10-09T04:14:54.4357814Z         "-p",
2026-10-09T04:14:54.4357908Z         "1",
2026-10-09T04:14:54.4358056Z         "-count=1",
2026-10-09T04:14:54.4358224Z         "-timeout=120s",
2026-10-09T04:14:54.4358309Z         "-run",
2026-10-09T04:14:54.4358504Z         "^TestExecSMTPUTF8",
2026-10-09T04:14:54.4358666Z         "./internal/outbound"
2026-10-09T04:14:54.4358756Z       ],
2026-10-09T04:14:54.4358898Z       "exit_code": 0,
2026-10-09T04:14:54.4359047Z       "timed_out": false,
2026-10-09T04:14:54.4359347Z       "stdout_sha256": "6aaeefbd54fc273e8e4dd269d8ae3f6c76b8c6433c452a4c85259999623b549f",
2026-10-09T04:14:54.4359651Z       "stderr_sha256": "e3b0c44298fc1c149afbf4c8996fb92427ae41e4649b934ca495991b7852b855",
2026-10-09T04:14:54.4359754Z       "results": {
2026-10-09T04:14:54.4359985Z         "started_ids": [
2026-10-09T04:14:54.4360183Z           "TestExecSMTPUTF8Capabilities",
2026-10-09T04:14:54.4360509Z           "TestExecSMTPUTF8Capabilities/direct_plain/capable=false/ascii_quoted_alabel",
2026-10-09T04:14:54.4360857Z           "TestExecSMTPUTF8Capabilities/direct_plain/capable=false/eight_bit_body_only",
2026-10-09T04:14:54.4361315Z           "TestExecSMTPUTF8Capabilities/direct_plain/capable=false/encoded_headers_body_and_attachment",
2026-10-09T04:14:54.4361663Z           "TestExecSMTPUTF8Capabilities/direct_plain/capable=false/unicode_domain_envelope_only",
2026-10-09T04:14:54.4361994Z           "TestExecSMTPUTF8Capabilities/direct_plain/capable=false/unicode_last_bcc",
2026-10-09T04:14:54.4362393Z           "TestExecSMTPUTF8Capabilities/direct_plain/capable=false/unicode_recipient_envelope_only",
2026-10-09T04:14:54.4362727Z           "TestExecSMTPUTF8Capabilities/direct_plain/capable=false/unicode_sender_envelope_only",
2026-10-09T04:14:54.4363112Z           "TestExecSMTPUTF8Capabilities/direct_plain/capable=false/unicode_top_level_header",
2026-10-09T04:14:54.4363511Z           "TestExecSMTPUTF8Capabilities/direct_plain/capable=true/ascii_quoted_alabel",
2026-10-09T04:14:54.4363831Z           "TestExecSMTPUTF8Capabilities/direct_plain/capable=true/eight_bit_body_only",
2026-10-09T04:14:54.4364301Z           "TestExecSMTPUTF8Capabilities/direct_plain/capable=true/encoded_headers_body_and_attachment",
2026-10-09T04:14:54.4364665Z           "TestExecSMTPUTF8Capabilities/direct_plain/capable=true/unicode_domain_envelope_only",
2026-10-09T04:14:54.4364958Z           "TestExecSMTPUTF8Capabilities/direct_plain/capable=true/unicode_last_bcc",
2026-10-09T04:14:54.4365323Z           "TestExecSMTPUTF8Capabilities/direct_plain/capable=true/unicode_recipient_envelope_only",
2026-10-09T04:14:54.4365728Z           "TestExecSMTPUTF8Capabilities/direct_plain/capable=true/unicode_sender_envelope_only",
2026-10-09T04:14:54.4366101Z           "TestExecSMTPUTF8Capabilities/direct_plain/capable=true/unicode_top_level_header",
2026-10-09T04:14:54.4366418Z           "TestExecSMTPUTF8Capabilities/direct_starttls/capable=false/ascii_quoted_alabel",
2026-10-09T04:14:54.4366771Z           "TestExecSMTPUTF8Capabilities/direct_starttls/capable=false/eight_bit_body_only",
2026-10-09T04:14:54.4367189Z           "TestExecSMTPUTF8Capabilities/direct_starttls/capable=false/encoded_headers_body_and_attachment",
2026-10-09T04:14:54.4367561Z           "TestExecSMTPUTF8Capabilities/direct_starttls/capable=false/unicode_domain_envelope_only",
2026-10-09T04:14:54.4367901Z           "TestExecSMTPUTF8Capabilities/direct_starttls/capable=false/unicode_last_bcc",
2026-10-09T04:14:54.4368295Z           "TestExecSMTPUTF8Capabilities/direct_starttls/capable=false/unicode_recipient_envelope_only",
2026-10-09T04:14:54.4368643Z           "TestExecSMTPUTF8Capabilities/direct_starttls/capable=false/unicode_sender_envelope_only",
2026-10-09T04:14:54.4369013Z           "TestExecSMTPUTF8Capabilities/direct_starttls/capable=false/unicode_top_level_header",
2026-10-09T04:14:54.4369389Z           "TestExecSMTPUTF8Capabilities/direct_starttls/capable=true/ascii_quoted_alabel",
2026-10-09T04:14:54.4369702Z           "TestExecSMTPUTF8Capabilities/direct_starttls/capable=true/eight_bit_body_only",
2026-10-09T04:14:54.4370112Z           "TestExecSMTPUTF8Capabilities/direct_starttls/capable=true/encoded_headers_body_and_attachment",
2026-10-09T04:14:54.4370476Z           "TestExecSMTPUTF8Capabilities/direct_starttls/capable=true/unicode_domain_envelope_only",
2026-10-09T04:14:54.4370789Z           "TestExecSMTPUTF8Capabilities/direct_starttls/capable=true/unicode_last_bcc",
2026-10-09T04:14:54.4371195Z           "TestExecSMTPUTF8Capabilities/direct_starttls/capable=true/unicode_recipient_envelope_only",
2026-10-09T04:14:54.4371570Z           "TestExecSMTPUTF8Capabilities/direct_starttls/capable=true/unicode_sender_envelope_only",
2026-10-09T04:14:54.4371954Z           "TestExecSMTPUTF8Capabilities/direct_starttls/capable=true/unicode_top_level_header",
2026-10-09T04:14:54.4372298Z           "TestExecSMTPUTF8Capabilities/relay_implicit_tls/capable=false/ascii_quoted_alabel",
2026-10-09T04:14:54.4372705Z           "TestExecSMTPUTF8Capabilities/relay_implicit_tls/capable=false/eight_bit_body_only",
2026-10-09T04:14:54.4373097Z           "TestExecSMTPUTF8Capabilities/relay_implicit_tls/capable=false/encoded_headers_body_and_attachment",
2026-10-09T04:14:54.4373575Z           "TestExecSMTPUTF8Capabilities/relay_implicit_tls/capable=false/unicode_domain_envelope_only",
2026-10-09T04:14:54.4373929Z           "TestExecSMTPUTF8Capabilities/relay_implicit_tls/capable=false/unicode_last_bcc",
2026-10-09T04:14:54.4374290Z           "TestExecSMTPUTF8Capabilities/relay_implicit_tls/capable=false/unicode_recipient_envelope_only",
2026-10-09T04:14:54.4374711Z           "TestExecSMTPUTF8Capabilities/relay_implicit_tls/capable=false/unicode_sender_envelope_only",
2026-10-09T04:14:54.4375091Z           "TestExecSMTPUTF8Capabilities/relay_implicit_tls/capable=false/unicode_top_level_header",
2026-10-09T04:14:54.4375417Z           "TestExecSMTPUTF8Capabilities/relay_implicit_tls/capable=true/ascii_quoted_alabel",
2026-10-09T04:14:54.4375771Z           "TestExecSMTPUTF8Capabilities/relay_implicit_tls/capable=true/eight_bit_body_only",
2026-10-09T04:14:54.4376245Z           "TestExecSMTPUTF8Capabilities/relay_implicit_tls/capable=true/encoded_headers_body_and_attachment",
2026-10-09T04:14:54.4376614Z           "TestExecSMTPUTF8Capabilities/relay_implicit_tls/capable=true/unicode_domain_envelope_only",
2026-10-09T04:14:54.4376962Z           "TestExecSMTPUTF8Capabilities/relay_implicit_tls/capable=true/unicode_last_bcc",
2026-10-09T04:14:54.4377368Z           "TestExecSMTPUTF8Capabilities/relay_implicit_tls/capable=true/unicode_recipient_envelope_only",
2026-10-09T04:14:54.4377720Z           "TestExecSMTPUTF8Capabilities/relay_implicit_tls/capable=true/unicode_sender_envelope_only",
2026-10-09T04:14:54.4378102Z           "TestExecSMTPUTF8Capabilities/relay_implicit_tls/capable=true/unicode_top_level_header",
2026-10-09T04:14:54.4378451Z           "TestExecSMTPUTF8Capabilities/relay_plain/capable=false/ascii_quoted_alabel",
2026-10-09T04:14:54.4378754Z           "TestExecSMTPUTF8Capabilities/relay_plain/capable=false/eight_bit_body_only",
2026-10-09T04:14:54.4379154Z           "TestExecSMTPUTF8Capabilities/relay_plain/capable=false/encoded_headers_body_and_attachment",
2026-10-09T04:14:54.4379525Z           "TestExecSMTPUTF8Capabilities/relay_plain/capable=false/unicode_domain_envelope_only",
2026-10-09T04:14:54.4379835Z           "TestExecSMTPUTF8Capabilities/relay_plain/capable=false/unicode_last_bcc",
2026-10-09T04:14:54.4380228Z           "TestExecSMTPUTF8Capabilities/relay_plain/capable=false/unicode_recipient_envelope_only",
2026-10-09T04:14:54.4380595Z           "TestExecSMTPUTF8Capabilities/relay_plain/capable=false/unicode_sender_envelope_only",
2026-10-09T04:14:54.4380913Z           "TestExecSMTPUTF8Capabilities/relay_plain/capable=false/unicode_top_level_header",
2026-10-09T04:14:54.4381229Z           "TestExecSMTPUTF8Capabilities/relay_plain/capable=true/ascii_quoted_alabel",
2026-10-09T04:14:54.4381592Z           "TestExecSMTPUTF8Capabilities/relay_plain/capable=true/eight_bit_body_only",
2026-10-09T04:14:54.4381944Z           "TestExecSMTPUTF8Capabilities/relay_plain/capable=true/encoded_headers_body_and_attachment",
2026-10-09T04:14:54.4382322Z           "TestExecSMTPUTF8Capabilities/relay_plain/capable=true/unicode_domain_envelope_only",
2026-10-09T04:14:54.4382667Z           "TestExecSMTPUTF8Capabilities/relay_plain/capable=true/unicode_last_bcc",
2026-10-09T04:14:54.4383000Z           "TestExecSMTPUTF8Capabilities/relay_plain/capable=true/unicode_recipient_envelope_only",
2026-10-09T04:14:54.4383551Z           "TestExecSMTPUTF8Capabilities/relay_plain/capable=true/unicode_sender_envelope_only",
2026-10-09T04:14:54.4383913Z           "TestExecSMTPUTF8Capabilities/relay_plain/capable=true/unicode_top_level_header",
2026-10-09T04:14:54.4384286Z           "TestExecSMTPUTF8Capabilities/relay_starttls/capable=false/ascii_quoted_alabel",
2026-10-09T04:14:54.4384635Z           "TestExecSMTPUTF8Capabilities/relay_starttls/capable=false/eight_bit_body_only",
2026-10-09T04:14:54.4385044Z           "TestExecSMTPUTF8Capabilities/relay_starttls/capable=false/encoded_headers_body_and_attachment",
2026-10-09T04:14:54.4385413Z           "TestExecSMTPUTF8Capabilities/relay_starttls/capable=false/unicode_domain_envelope_only",
2026-10-09T04:14:54.4385742Z           "TestExecSMTPUTF8Capabilities/relay_starttls/capable=false/unicode_last_bcc",
2026-10-09T04:14:54.4386149Z           "TestExecSMTPUTF8Capabilities/relay_starttls/capable=false/unicode_recipient_envelope_only",
2026-10-09T04:14:54.4386491Z           "TestExecSMTPUTF8Capabilities/relay_starttls/capable=false/unicode_sender_envelope_only",
2026-10-09T04:14:54.4386857Z           "TestExecSMTPUTF8Capabilities/relay_starttls/capable=false/unicode_top_level_header",
2026-10-09T04:14:54.4387215Z           "TestExecSMTPUTF8Capabilities/relay_starttls/capable=true/ascii_quoted_alabel",
2026-10-09T04:14:54.4387567Z           "TestExecSMTPUTF8Capabilities/relay_starttls/capable=true/eight_bit_body_only",
2026-10-09T04:14:54.4387936Z           "TestExecSMTPUTF8Capabilities/relay_starttls/capable=true/encoded_headers_body_and_attachment",
2026-10-09T04:14:54.4388346Z           "TestExecSMTPUTF8Capabilities/relay_starttls/capable=true/unicode_domain_envelope_only",
2026-10-09T04:14:54.4388705Z           "TestExecSMTPUTF8Capabilities/relay_starttls/capable=true/unicode_last_bcc",
2026-10-09T04:14:54.4389060Z           "TestExecSMTPUTF8Capabilities/relay_starttls/capable=true/unicode_recipient_envelope_only",
2026-10-09T04:14:54.4389448Z           "TestExecSMTPUTF8Capabilities/relay_starttls/capable=true/unicode_sender_envelope_only",
2026-10-09T04:14:54.4389812Z           "TestExecSMTPUTF8Capabilities/relay_starttls/capable=true/unicode_top_level_header",
2026-10-09T04:14:54.4389964Z           "TestExecSMTPUTF8HELOFallback",
2026-10-09T04:14:54.4390288Z           "TestExecSMTPUTF8HELOFallback/direct_plain/ascii_quoted_alabel",
2026-10-09T04:14:54.4390615Z           "TestExecSMTPUTF8HELOFallback/direct_plain/unicode_sender_envelope_only",
2026-10-09T04:14:54.4390874Z           "TestExecSMTPUTF8HELOFallback/relay_plain/ascii_quoted_alabel",
2026-10-09T04:14:54.4391207Z           "TestExecSMTPUTF8HELOFallback/relay_plain/unicode_sender_envelope_only",
2026-10-09T04:14:54.4391428Z           "TestExecSMTPUTF8RefreshAfterSTARTTLS",
2026-10-09T04:14:54.4391876Z           "TestExecSMTPUTF8RefreshAfterSTARTTLS/direct_starttls/final_capable=false/encoded_headers_body_and_attachment",
2026-10-09T04:14:54.4392288Z           "TestExecSMTPUTF8RefreshAfterSTARTTLS/direct_starttls/final_capable=false/unicode_last_bcc",
2026-10-09T04:14:54.4392750Z           "TestExecSMTPUTF8RefreshAfterSTARTTLS/direct_starttls/final_capable=true/encoded_headers_body_and_attachment",
2026-10-09T04:14:54.4393110Z           "TestExecSMTPUTF8RefreshAfterSTARTTLS/direct_starttls/final_capable=true/unicode_last_bcc",
2026-10-09T04:14:54.4394039Z           "TestExecSMTPUTF8RefreshAfterSTARTTLS/relay_starttls/final_capable=false/encoded_headers_body_and_attachment",
2026-10-09T04:14:54.4394447Z           "TestExecSMTPUTF8RefreshAfterSTARTTLS/relay_starttls/final_capable=false/unicode_last_bcc",
2026-10-09T04:14:54.4394873Z           "TestExecSMTPUTF8RefreshAfterSTARTTLS/relay_starttls/final_capable=true/encoded_headers_body_and_attachment",
2026-10-09T04:14:54.4395257Z           "TestExecSMTPUTF8RefreshAfterSTARTTLS/relay_starttls/final_capable=true/unicode_last_bcc",
2026-10-09T04:14:54.4395486Z           "TestExecSMTPUTF8SubmissionRecipientLedger",
2026-10-09T04:14:54.4395801Z           "TestExecSMTPUTF8SubmissionRecipientLedger/direct_plain/capable=false/bcc",
2026-10-09T04:14:54.4396167Z           "TestExecSMTPUTF8SubmissionRecipientLedger/direct_plain/capable=false/cc",
2026-10-09T04:14:54.4396515Z           "TestExecSMTPUTF8SubmissionRecipientLedger/direct_plain/capable=false/header",
2026-10-09T04:14:54.4396867Z           "TestExecSMTPUTF8SubmissionRecipientLedger/direct_plain/capable=false/to",
2026-10-09T04:14:54.4397221Z           "TestExecSMTPUTF8SubmissionRecipientLedger/direct_plain/capable=true/bcc",
2026-10-09T04:14:54.4397564Z           "TestExecSMTPUTF8SubmissionRecipientLedger/direct_plain/capable=true/cc",
2026-10-09T04:14:54.4397869Z           "TestExecSMTPUTF8SubmissionRecipientLedger/direct_plain/capable=true/header",
2026-10-09T04:14:54.4398183Z           "TestExecSMTPUTF8SubmissionRecipientLedger/direct_plain/capable=true/to",
2026-10-09T04:14:54.4398498Z           "TestExecSMTPUTF8SubmissionRecipientLedger/relay_plain/capable=false/bcc",
2026-10-09T04:14:54.4398773Z           "TestExecSMTPUTF8SubmissionRecipientLedger/relay_plain/capable=false/cc",
2026-10-09T04:14:54.4399140Z           "TestExecSMTPUTF8SubmissionRecipientLedger/relay_plain/capable=false/header",
2026-10-09T04:14:54.4399453Z           "TestExecSMTPUTF8SubmissionRecipientLedger/relay_plain/capable=false/to",
2026-10-09T04:14:54.4399739Z           "TestExecSMTPUTF8SubmissionRecipientLedger/relay_plain/capable=true/bcc",
2026-10-09T04:14:54.4400055Z           "TestExecSMTPUTF8SubmissionRecipientLedger/relay_plain/capable=true/cc",
2026-10-09T04:14:54.4400434Z           "TestExecSMTPUTF8SubmissionRecipientLedger/relay_plain/capable=true/header",
2026-10-09T04:14:54.4400734Z           "TestExecSMTPUTF8SubmissionRecipientLedger/relay_plain/capable=true/to",
2026-10-09T04:14:54.4400958Z           "TestExecSMTPUTF8TriesNextMXBeforeSending"
2026-10-09T04:14:54.4401075Z         ],
2026-10-09T04:14:54.4401181Z         "leaf_ids": [
2026-10-09T04:14:54.4401518Z           "TestExecSMTPUTF8Capabilities/direct_plain/capable=false/ascii_quoted_alabel",
2026-10-09T04:14:54.4401862Z           "TestExecSMTPUTF8Capabilities/direct_plain/capable=false/eight_bit_body_only",
2026-10-09T04:14:54.4402224Z           "TestExecSMTPUTF8Capabilities/direct_plain/capable=false/encoded_headers_body_and_attachment",
2026-10-09T04:14:54.4402591Z           "TestExecSMTPUTF8Capabilities/direct_plain/capable=false/unicode_domain_envelope_only",
2026-10-09T04:14:54.4402894Z           "TestExecSMTPUTF8Capabilities/direct_plain/capable=false/unicode_last_bcc",
2026-10-09T04:14:54.4403317Z           "TestExecSMTPUTF8Capabilities/direct_plain/capable=false/unicode_recipient_envelope_only",
2026-10-09T04:14:54.4403697Z           "TestExecSMTPUTF8Capabilities/direct_plain/capable=false/unicode_sender_envelope_only",
2026-10-09T04:14:54.4404040Z           "TestExecSMTPUTF8Capabilities/direct_plain/capable=false/unicode_top_level_header",
2026-10-09T04:14:54.4404333Z           "TestExecSMTPUTF8Capabilities/direct_plain/capable=true/ascii_quoted_alabel",
2026-10-09T04:14:54.4404660Z           "TestExecSMTPUTF8Capabilities/direct_plain/capable=true/eight_bit_body_only",
2026-10-09T04:14:54.4405063Z           "TestExecSMTPUTF8Capabilities/direct_plain/capable=true/encoded_headers_body_and_attachment",
2026-10-09T04:14:54.4405392Z           "TestExecSMTPUTF8Capabilities/direct_plain/capable=true/unicode_domain_envelope_only",
2026-10-09T04:14:54.4405698Z           "TestExecSMTPUTF8Capabilities/direct_plain/capable=true/unicode_last_bcc",
2026-10-09T04:14:54.4406064Z           "TestExecSMTPUTF8Capabilities/direct_plain/capable=true/unicode_recipient_envelope_only",
2026-10-09T04:14:54.4406378Z           "TestExecSMTPUTF8Capabilities/direct_plain/capable=true/unicode_sender_envelope_only",
2026-10-09T04:14:54.4406744Z           "TestExecSMTPUTF8Capabilities/direct_plain/capable=true/unicode_top_level_header",
2026-10-09T04:14:54.4407080Z           "TestExecSMTPUTF8Capabilities/direct_starttls/capable=false/ascii_quoted_alabel",
2026-10-09T04:14:54.4407442Z           "TestExecSMTPUTF8Capabilities/direct_starttls/capable=false/eight_bit_body_only",
2026-10-09T04:14:54.4407868Z           "TestExecSMTPUTF8Capabilities/direct_starttls/capable=false/encoded_headers_body_and_attachment",
2026-10-09T04:14:54.4408300Z           "TestExecSMTPUTF8Capabilities/direct_starttls/capable=false/unicode_domain_envelope_only",
2026-10-09T04:14:54.4408617Z           "TestExecSMTPUTF8Capabilities/direct_starttls/capable=false/unicode_last_bcc",
2026-10-09T04:14:54.4409008Z           "TestExecSMTPUTF8Capabilities/direct_starttls/capable=false/unicode_recipient_envelope_only",
2026-10-09T04:14:54.4409393Z           "TestExecSMTPUTF8Capabilities/direct_starttls/capable=false/unicode_sender_envelope_only",
2026-10-09T04:14:54.4409729Z           "TestExecSMTPUTF8Capabilities/direct_starttls/capable=false/unicode_top_level_header",
2026-10-09T04:14:54.4410104Z           "TestExecSMTPUTF8Capabilities/direct_starttls/capable=true/ascii_quoted_alabel",
2026-10-09T04:14:54.4410467Z           "TestExecSMTPUTF8Capabilities/direct_starttls/capable=true/eight_bit_body_only",
2026-10-09T04:14:54.4410832Z           "TestExecSMTPUTF8Capabilities/direct_starttls/capable=true/encoded_headers_body_and_attachment",
2026-10-09T04:14:54.4411236Z           "TestExecSMTPUTF8Capabilities/direct_starttls/capable=true/unicode_domain_envelope_only",
2026-10-09T04:14:54.4411557Z           "TestExecSMTPUTF8Capabilities/direct_starttls/capable=true/unicode_last_bcc",
2026-10-09T04:14:54.4411923Z           "TestExecSMTPUTF8Capabilities/direct_starttls/capable=true/unicode_recipient_envelope_only",
2026-10-09T04:14:54.4412364Z           "TestExecSMTPUTF8Capabilities/direct_starttls/capable=true/unicode_sender_envelope_only",
2026-10-09T04:14:54.4412731Z           "TestExecSMTPUTF8Capabilities/direct_starttls/capable=true/unicode_top_level_header",
2026-10-09T04:14:54.4413055Z           "TestExecSMTPUTF8Capabilities/relay_implicit_tls/capable=false/ascii_quoted_alabel",
2026-10-09T04:14:54.4413482Z           "TestExecSMTPUTF8Capabilities/relay_implicit_tls/capable=false/eight_bit_body_only",
2026-10-09T04:14:54.4413936Z           "TestExecSMTPUTF8Capabilities/relay_implicit_tls/capable=false/encoded_headers_body_and_attachment",
2026-10-09T04:14:54.4414301Z           "TestExecSMTPUTF8Capabilities/relay_implicit_tls/capable=false/unicode_domain_envelope_only",
2026-10-09T04:14:54.4414669Z           "TestExecSMTPUTF8Capabilities/relay_implicit_tls/capable=false/unicode_last_bcc",
2026-10-09T04:14:54.4415071Z           "TestExecSMTPUTF8Capabilities/relay_implicit_tls/capable=false/unicode_recipient_envelope_only",
2026-10-09T04:14:54.4415414Z           "TestExecSMTPUTF8Capabilities/relay_implicit_tls/capable=false/unicode_sender_envelope_only",
2026-10-09T04:14:54.4415827Z           "TestExecSMTPUTF8Capabilities/relay_implicit_tls/capable=false/unicode_top_level_header",
2026-10-09T04:14:54.4416188Z           "TestExecSMTPUTF8Capabilities/relay_implicit_tls/capable=true/ascii_quoted_alabel",
2026-10-09T04:14:54.4416505Z           "TestExecSMTPUTF8Capabilities/relay_implicit_tls/capable=true/eight_bit_body_only",
2026-10-09T04:14:54.4416923Z           "TestExecSMTPUTF8Capabilities/relay_implicit_tls/capable=true/encoded_headers_body_and_attachment",
2026-10-09T04:14:54.4417313Z           "TestExecSMTPUTF8Capabilities/relay_implicit_tls/capable=true/unicode_domain_envelope_only",
2026-10-09T04:14:54.4417638Z           "TestExecSMTPUTF8Capabilities/relay_implicit_tls/capable=true/unicode_last_bcc",
2026-10-09T04:14:54.4418051Z           "TestExecSMTPUTF8Capabilities/relay_implicit_tls/capable=true/unicode_recipient_envelope_only",
2026-10-09T04:14:54.4418442Z           "TestExecSMTPUTF8Capabilities/relay_implicit_tls/capable=true/unicode_sender_envelope_only",
2026-10-09T04:14:54.4418788Z           "TestExecSMTPUTF8Capabilities/relay_implicit_tls/capable=true/unicode_top_level_header",
2026-10-09T04:14:54.4419121Z           "TestExecSMTPUTF8Capabilities/relay_plain/capable=false/ascii_quoted_alabel",
2026-10-09T04:14:54.4419471Z           "TestExecSMTPUTF8Capabilities/relay_plain/capable=false/eight_bit_body_only",
2026-10-09T04:14:54.4419828Z           "TestExecSMTPUTF8Capabilities/relay_plain/capable=false/encoded_headers_body_and_attachment",
2026-10-09T04:14:54.4420251Z           "TestExecSMTPUTF8Capabilities/relay_plain/capable=false/unicode_domain_envelope_only",
2026-10-09T04:14:54.4420560Z           "TestExecSMTPUTF8Capabilities/relay_plain/capable=false/unicode_last_bcc",
2026-10-09T04:14:54.4420982Z           "TestExecSMTPUTF8Capabilities/relay_plain/capable=false/unicode_recipient_envelope_only",
2026-10-09T04:14:54.4421319Z           "TestExecSMTPUTF8Capabilities/relay_plain/capable=false/unicode_sender_envelope_only",
2026-10-09T04:14:54.4421676Z           "TestExecSMTPUTF8Capabilities/relay_plain/capable=false/unicode_top_level_header",
2026-10-09T04:14:54.4422008Z           "TestExecSMTPUTF8Capabilities/relay_plain/capable=true/ascii_quoted_alabel",
2026-10-09T04:14:54.4422293Z           "TestExecSMTPUTF8Capabilities/relay_plain/capable=true/eight_bit_body_only",
2026-10-09T04:14:54.4422715Z           "TestExecSMTPUTF8Capabilities/relay_plain/capable=true/encoded_headers_body_and_attachment",
2026-10-09T04:14:54.4423082Z           "TestExecSMTPUTF8Capabilities/relay_plain/capable=true/unicode_domain_envelope_only",
2026-10-09T04:14:54.4423527Z           "TestExecSMTPUTF8Capabilities/relay_plain/capable=true/unicode_last_bcc",
2026-10-09T04:14:54.4423912Z           "TestExecSMTPUTF8Capabilities/relay_plain/capable=true/unicode_recipient_envelope_only",
2026-10-09T04:14:54.4424272Z           "TestExecSMTPUTF8Capabilities/relay_plain/capable=true/unicode_sender_envelope_only",
2026-10-09T04:14:54.4424686Z           "TestExecSMTPUTF8Capabilities/relay_plain/capable=true/unicode_top_level_header",
2026-10-09T04:14:54.4425030Z           "TestExecSMTPUTF8Capabilities/relay_starttls/capable=false/ascii_quoted_alabel",
2026-10-09T04:14:54.4425372Z           "TestExecSMTPUTF8Capabilities/relay_starttls/capable=false/eight_bit_body_only",
2026-10-09T04:14:54.4425743Z           "TestExecSMTPUTF8Capabilities/relay_starttls/capable=false/encoded_headers_body_and_attachment",
2026-10-09T04:14:54.4426117Z           "TestExecSMTPUTF8Capabilities/relay_starttls/capable=false/unicode_domain_envelope_only",
2026-10-09T04:14:54.4426468Z           "TestExecSMTPUTF8Capabilities/relay_starttls/capable=false/unicode_last_bcc",
2026-10-09T04:14:54.4426825Z           "TestExecSMTPUTF8Capabilities/relay_starttls/capable=false/unicode_recipient_envelope_only",
2026-10-09T04:14:54.4427202Z           "TestExecSMTPUTF8Capabilities/relay_starttls/capable=false/unicode_sender_envelope_only",
2026-10-09T04:14:54.4427554Z           "TestExecSMTPUTF8Capabilities/relay_starttls/capable=false/unicode_top_level_header",
2026-10-09T04:14:54.4427892Z           "TestExecSMTPUTF8Capabilities/relay_starttls/capable=true/ascii_quoted_alabel",
2026-10-09T04:14:54.4428281Z           "TestExecSMTPUTF8Capabilities/relay_starttls/capable=true/eight_bit_body_only",
2026-10-09T04:14:54.4428668Z           "TestExecSMTPUTF8Capabilities/relay_starttls/capable=true/encoded_headers_body_and_attachment",
2026-10-09T04:14:54.4429004Z           "TestExecSMTPUTF8Capabilities/relay_starttls/capable=true/unicode_domain_envelope_only",
2026-10-09T04:14:54.4429313Z           "TestExecSMTPUTF8Capabilities/relay_starttls/capable=true/unicode_last_bcc",
2026-10-09T04:14:54.4429703Z           "TestExecSMTPUTF8Capabilities/relay_starttls/capable=true/unicode_recipient_envelope_only",
2026-10-09T04:14:54.4430032Z           "TestExecSMTPUTF8Capabilities/relay_starttls/capable=true/unicode_sender_envelope_only",
2026-10-09T04:14:54.4430383Z           "TestExecSMTPUTF8Capabilities/relay_starttls/capable=true/unicode_top_level_header",
2026-10-09T04:14:54.4430666Z           "TestExecSMTPUTF8HELOFallback/direct_plain/ascii_quoted_alabel",
2026-10-09T04:14:54.4430956Z           "TestExecSMTPUTF8HELOFallback/direct_plain/unicode_sender_envelope_only",
2026-10-09T04:14:54.4431256Z           "TestExecSMTPUTF8HELOFallback/relay_plain/ascii_quoted_alabel",
2026-10-09T04:14:54.4431563Z           "TestExecSMTPUTF8HELOFallback/relay_plain/unicode_sender_envelope_only",
2026-10-09T04:14:54.4431980Z           "TestExecSMTPUTF8RefreshAfterSTARTTLS/direct_starttls/final_capable=false/encoded_headers_body_and_attachment",
2026-10-09T04:14:54.4432405Z           "TestExecSMTPUTF8RefreshAfterSTARTTLS/direct_starttls/final_capable=false/unicode_last_bcc",
2026-10-09T04:14:54.4432839Z           "TestExecSMTPUTF8RefreshAfterSTARTTLS/direct_starttls/final_capable=true/encoded_headers_body_and_attachment",
2026-10-09T04:14:54.4433199Z           "TestExecSMTPUTF8RefreshAfterSTARTTLS/direct_starttls/final_capable=true/unicode_last_bcc",
2026-10-09T04:14:54.4433724Z           "TestExecSMTPUTF8RefreshAfterSTARTTLS/relay_starttls/final_capable=false/encoded_headers_body_and_attachment",
2026-10-09T04:14:54.4434119Z           "TestExecSMTPUTF8RefreshAfterSTARTTLS/relay_starttls/final_capable=false/unicode_last_bcc",
2026-10-09T04:14:54.4434526Z           "TestExecSMTPUTF8RefreshAfterSTARTTLS/relay_starttls/final_capable=true/encoded_headers_body_and_attachment",
2026-10-09T04:14:54.4434908Z           "TestExecSMTPUTF8RefreshAfterSTARTTLS/relay_starttls/final_capable=true/unicode_last_bcc",
2026-10-09T04:14:54.4435243Z           "TestExecSMTPUTF8SubmissionRecipientLedger/direct_plain/capable=false/bcc",
2026-10-09T04:14:54.4435531Z           "TestExecSMTPUTF8SubmissionRecipientLedger/direct_plain/capable=false/cc",
2026-10-09T04:14:54.4435866Z           "TestExecSMTPUTF8SubmissionRecipientLedger/direct_plain/capable=false/header",
2026-10-09T04:14:54.4436223Z           "TestExecSMTPUTF8SubmissionRecipientLedger/direct_plain/capable=false/to",
2026-10-09T04:14:54.4436525Z           "TestExecSMTPUTF8SubmissionRecipientLedger/direct_plain/capable=true/bcc",
2026-10-09T04:14:54.4437477Z           "TestExecSMTPUTF8SubmissionRecipientLedger/direct_plain/capable=true/cc",
2026-10-09T04:14:54.4437820Z           "TestExecSMTPUTF8SubmissionRecipientLedger/direct_plain/capable=true/header",
2026-10-09T04:14:54.4438108Z           "TestExecSMTPUTF8SubmissionRecipientLedger/direct_plain/capable=true/to",
2026-10-09T04:14:54.4438417Z           "TestExecSMTPUTF8SubmissionRecipientLedger/relay_plain/capable=false/bcc",
2026-10-09T04:14:54.4438757Z           "TestExecSMTPUTF8SubmissionRecipientLedger/relay_plain/capable=false/cc",
2026-10-09T04:14:54.4439052Z           "TestExecSMTPUTF8SubmissionRecipientLedger/relay_plain/capable=false/header",
2026-10-09T04:14:54.4439363Z           "TestExecSMTPUTF8SubmissionRecipientLedger/relay_plain/capable=false/to",
2026-10-09T04:14:54.4439677Z           "TestExecSMTPUTF8SubmissionRecipientLedger/relay_plain/capable=true/bcc",
2026-10-09T04:14:54.4439948Z           "TestExecSMTPUTF8SubmissionRecipientLedger/relay_plain/capable=true/cc",
2026-10-09T04:14:54.4440302Z           "TestExecSMTPUTF8SubmissionRecipientLedger/relay_plain/capable=true/header",
2026-10-09T04:14:54.4440632Z           "TestExecSMTPUTF8SubmissionRecipientLedger/relay_plain/capable=true/to",
2026-10-09T04:14:54.4440831Z           "TestExecSMTPUTF8TriesNextMXBeforeSending"
2026-10-09T04:14:54.4440952Z         ],
2026-10-09T04:14:54.4441101Z         "leaf_count": 109,
2026-10-09T04:14:54.4441225Z         "passed": 109,
2026-10-09T04:14:54.4441356Z         "failed": 0,
2026-10-09T04:14:54.4441493Z         "skipped": 0,
2026-10-09T04:14:54.4441602Z         "exit_code": 0,
2026-10-09T04:14:54.4441771Z         "actual_wire_observations": []
2026-10-09T04:14:54.4441892Z       }
2026-10-09T04:14:54.4441983Z     }
2026-10-09T04:14:54.4442088Z   },
2026-10-09T04:14:54.4442177Z   "errors": {}
2026-10-09T04:14:54.4442283Z }
2026-10-09T04:14:54.4442290Z 
2026-10-09T04:14:54.4442422Z EXEC09_RAW_END summary.json
2026-10-09T04:14:54.4512787Z ##[group]Run actions/upload-artifact@v4
2026-10-09T04:14:54.4512890Z with:
2026-10-09T04:14:54.4513021Z   name: smtputf8-recovery-evidence
2026-10-09T04:14:54.4513180Z   path: /home/runner/work/_temp/tabmail-smtputf8-evidence
2026-10-09T04:14:54.4513467Z   if-no-files-found: error
2026-10-09T04:14:54.4513601Z   retention-days: 14
2026-10-09T04:14:54.4513746Z   compression-level: 6
2026-10-09T04:14:54.4513826Z   overwrite: false
2026-10-09T04:14:54.4513941Z   include-hidden-files: false
2026-10-09T04:14:54.4514040Z ##[endgroup]
2026-10-09T04:14:54.5718970Z (node:2696) [DEP0040] DeprecationWarning: The `punycode` module is deprecated. Please use a userland alternative instead.
2026-10-09T04:14:54.5719593Z (Use `node --trace-deprecation ...` to show where the warning was created)
2026-10-09T04:14:54.5771041Z With the provided path, there will be 9 files uploaded
2026-10-09T04:14:54.5774778Z Artifact name is valid!
2026-10-09T04:14:54.5775643Z Root directory input is valid!
2026-10-09T04:14:54.8669696Z Beginning upload of artifact content to blob storage
2026-10-09T04:14:54.8912362Z (node:2696) [DEP0169] DeprecationWarning: `url.parse()` behavior is not standardized and prone to errors that have security implications. Use the WHATWG URL API instead. CVEs are not issued for `url.parse()` vulnerabilities.
2026-10-09T04:14:55.0698180Z Uploaded bytes 25074
2026-10-09T04:14:55.1163589Z Finished uploading artifact content to blob storage!
2026-10-09T04:14:55.1164309Z SHA256 digest of uploaded artifact zip is ca140be0e2ea51e3c19e021b21d0dc6a1fa8c49a8fa7dfda9bab925769204bc3
2026-10-09T04:14:55.1165709Z Finalizing artifact upload
2026-10-09T04:14:55.3555020Z Artifact smtputf8-recovery-evidence.zip successfully finalized. Artifact ID 11595153312
2026-10-09T04:14:55.3555755Z Artifact smtputf8-recovery-evidence has been successfully uploaded! Final size is 25074 bytes. Artifact ID is 11595153312
2026-10-09T04:14:55.3560232Z Artifact download URL: https://github.com/jyqj/tabmail/actions/runs/37882924594/artifacts/11595153312
2026-10-09T04:14:55.3685687Z Post job cleanup.
2026-10-09T04:14:55.4581804Z (node:2708) [DEP0040] DeprecationWarning: The `punycode` module is deprecated. Please use a userland alternative instead.
2026-10-09T04:14:55.4582441Z (Use `node --trace-deprecation ...` to show where the warning was created)
2026-10-09T04:14:55.4623171Z [command]/opt/hostedtoolcache/go/1.25.7/x64/bin/go env GOMODCACHE
2026-10-09T04:14:55.4650209Z [command]/opt/hostedtoolcache/go/1.25.7/x64/bin/go env GOCACHE
2026-10-09T04:14:55.4668692Z /home/runner/go/pkg/mod
2026-10-09T04:14:55.4685286Z /home/runner/.cache/go-build
2026-10-09T04:14:55.4688299Z Cache hit occurred on the primary key setup-go-Linux-x64-ubuntu24-go-1.25.7-4513745f7b95ab0bc8e1f9edd24c294514fb4a9ee51f2290b342654582d5d782, not saving cache.
2026-10-09T04:14:55.5001423Z Post job cleanup.
2026-10-09T04:14:55.5600843Z [command]/usr/bin/git version
2026-10-09T04:14:55.5626028Z git version 2.55.0
2026-10-09T04:14:55.5648677Z Temporarily overriding HOME='/home/runner/work/_temp/c3f9cd8f-f2c4-4fae-aa12-c207a0d0d110' before making global git config changes
2026-10-09T04:14:55.5649379Z Adding repository directory to the temporary git global config as a safe directory
2026-10-09T04:14:55.5652146Z [command]/usr/bin/git config --global --add safe.directory /home/runner/work/tabmail/tabmail
2026-10-09T04:14:55.5677676Z [command]/usr/bin/git config --local --name-only --get-regexp core\.sshCommand
2026-10-09T04:14:55.5702250Z [command]/usr/bin/git submodule foreach --recursive sh -c "git config --local --name-only --get-regexp 'core\.sshCommand' && git config --local --unset-all 'core.sshCommand' || :"
2026-10-09T04:14:55.5848569Z [command]/usr/bin/git config --local --name-only --get-regexp http\.https\:\/\/github\.com\/\.extraheader
2026-10-09T04:14:55.5869302Z [command]/usr/bin/git submodule foreach --recursive sh -c "git config --local --name-only --get-regexp 'http\.https\:\/\/github\.com\/\.extraheader' && git config --local --unset-all 'http.https://github.com/.extraheader' || :"
2026-10-09T04:14:55.6009245Z [command]/usr/bin/git config --local --name-only --get-regexp ^includeIf\.gitdir:
2026-10-09T04:14:55.6029293Z [command]/usr/bin/git submodule foreach --recursive git config --local --show-origin --name-only --get-regexp remote.origin.url
2026-10-09T04:14:55.6275566Z Cleaning up orphan processes
2026-10-09T04:14:55.6439816Z ##[warning]Node.js 20 is deprecated. The following actions target Node.js 20 but are being forced to run on Node.js 24: actions/checkout@v4, actions/setup-go@v5, actions/upload-artifact@v4. For more information see: https://github.blog/changelog/2025-09-19-deprecation-of-node-20-on-github-actions-runners/
