2026-10-09T03:21:39.0051467Z Current runner version: '2.337.0'
2026-10-09T03:21:39.0082890Z ##[group]Runner Image Provisioner
2026-10-09T03:21:39.0083872Z Hosted Compute Agent
2026-10-09T03:21:39.0084815Z Version: 20261002.596
2026-10-09T03:21:39.0085575Z Commit: c3d12f3313a95f25162a1503be624f3b0617f8c0
2026-10-09T03:21:39.0086483Z Build Date: 2026-10-02T22:28:27Z
2026-10-09T03:21:39.0087454Z Worker ID: {253d8bf1-fd3b-4cd7-9110-5b178daa05e1}
2026-10-09T03:21:39.0088310Z Region: eastus
2026-10-09T03:21:39.0089033Z Cloud: Azure
2026-10-09T03:21:39.0089677Z ##[endgroup]
2026-10-09T03:21:39.0091531Z ##[group]Operating System
2026-10-09T03:21:39.0092342Z Ubuntu
2026-10-09T03:21:39.0092957Z 24.04.5
2026-10-09T03:21:39.0093724Z LTS
2026-10-09T03:21:39.0094324Z ##[endgroup]
2026-10-09T03:21:39.0095125Z ##[group]Runner Image
2026-10-09T03:21:39.0095959Z Image: ubuntu-24.04
2026-10-09T03:21:39.0096616Z Version: 20261004.327.1
2026-10-09T03:21:39.0098196Z Included Software: https://github.com/actions/runner-images/blob/ubuntu24/20261004.327/images/ubuntu/Ubuntu2404-Readme.md
2026-10-09T03:21:39.0100205Z Image Release: https://github.com/actions/runner-images/releases/tag/ubuntu24%2F20261004.327
2026-10-09T03:21:39.0101425Z ##[endgroup]
2026-10-09T03:21:39.0102819Z ##[group]GITHUB_TOKEN Permissions
2026-10-09T03:21:39.0105397Z Contents: read
2026-10-09T03:21:39.0106060Z Metadata: read
2026-10-09T03:21:39.0106928Z ##[endgroup]
2026-10-09T03:21:39.0109293Z Secret source: Actions
2026-10-09T03:21:39.0110438Z Cache mode: write
2026-10-09T03:21:39.0111248Z Prepare workflow directory
2026-10-09T03:21:39.0484804Z Prepare all required actions
2026-10-09T03:21:39.0541339Z Getting action download info
2026-10-09T03:21:39.2133253Z Download action repository 'actions/checkout@v4' (SHA:11d5960a326750d5838078e36cf38b85af677262)
2026-10-09T03:21:39.3786133Z Download action repository 'actions/setup-go@v5' (SHA:40f1582b2485089dde7abd97c1529aa768e1baff)
2026-10-09T03:21:39.6244882Z Download action repository 'actions/upload-artifact@v4' (SHA:ea165f8d65b6e75b540449e92b4886f43607fa02)
2026-10-09T03:21:39.8482167Z Complete job name: go-regressions
2026-10-09T03:21:39.9113941Z ##[group]Run actions/checkout@v4
2026-10-09T03:21:39.9114746Z with:
2026-10-09T03:21:39.9115146Z   persist-credentials: false
2026-10-09T03:21:39.9115551Z   fetch-depth: 0
2026-10-09T03:21:39.9115906Z   repository: jyqj/tabmail
2026-10-09T03:21:39.9118916Z   token: ***
2026-10-09T03:21:39.9119258Z   ssh-strict: true
2026-10-09T03:21:39.9119598Z   ssh-user: git
2026-10-09T03:21:39.9120009Z   clean: true
2026-10-09T03:21:39.9120356Z   sparse-checkout-cone-mode: true
2026-10-09T03:21:39.9120767Z   fetch-tags: false
2026-10-09T03:21:39.9121116Z   show-progress: true
2026-10-09T03:21:39.9121461Z   lfs: false
2026-10-09T03:21:39.9121782Z   submodules: false
2026-10-09T03:21:39.9122138Z   set-safe-directory: true
2026-10-09T03:21:39.9122533Z   allow-unsafe-pr-checkout: false
2026-10-09T03:21:39.9123092Z ##[endgroup]
2026-10-09T03:21:39.9987369Z Syncing repository: jyqj/tabmail
2026-10-09T03:21:39.9988873Z ##[group]Getting Git version info
2026-10-09T03:21:39.9989511Z Working directory is '/home/runner/work/tabmail/tabmail'
2026-10-09T03:21:39.9990333Z [command]/usr/bin/git version
2026-10-09T03:21:40.0094921Z git version 2.55.0
2026-10-09T03:21:40.0112235Z ##[endgroup]
2026-10-09T03:21:40.0126978Z Temporarily overriding HOME='/home/runner/work/_temp/4677777e-8992-424c-9543-078e82b074a7' before making global git config changes
2026-10-09T03:21:40.0128709Z Adding repository directory to the temporary git global config as a safe directory
2026-10-09T03:21:40.0133307Z [command]/usr/bin/git config --global --add safe.directory /home/runner/work/tabmail/tabmail
2026-10-09T03:21:40.0177994Z Deleting the contents of '/home/runner/work/tabmail/tabmail'
2026-10-09T03:21:40.0185395Z ##[group]Initializing the repository
2026-10-09T03:21:40.0192999Z [command]/usr/bin/git init /home/runner/work/tabmail/tabmail
2026-10-09T03:21:40.0265403Z hint: Using 'master' as the name for the initial branch. This default branch name
2026-10-09T03:21:40.0266882Z hint: will change to "main" in Git 3.0. To configure the initial branch name
2026-10-09T03:21:40.0269133Z hint: to use in all of your new repositories, which will suppress this warning,
2026-10-09T03:21:40.0269806Z hint: call:
2026-10-09T03:21:40.0270212Z hint:
2026-10-09T03:21:40.0270732Z hint: 	git config --global init.defaultBranch <name>
2026-10-09T03:21:40.0271308Z hint:
2026-10-09T03:21:40.0271842Z hint: Names commonly chosen instead of 'master' are 'main', 'trunk' and
2026-10-09T03:21:40.0272654Z hint: 'development'. The just-created branch can be renamed via this command:
2026-10-09T03:21:40.0273305Z hint:
2026-10-09T03:21:40.0273712Z hint: 	git branch -m <name>
2026-10-09T03:21:40.0274174Z hint:
2026-10-09T03:21:40.0275299Z hint: Disable this message with "git config set advice.defaultBranchName false"
2026-10-09T03:21:40.0276424Z Initialized empty Git repository in /home/runner/work/tabmail/tabmail/.git/
2026-10-09T03:21:40.0278478Z [command]/usr/bin/git remote add origin https://github.com/jyqj/tabmail
2026-10-09T03:21:40.0327884Z ##[endgroup]
2026-10-09T03:21:40.0332110Z ##[group]Disabling automatic garbage collection
2026-10-09T03:21:40.0332988Z [command]/usr/bin/git config --local gc.auto 0
2026-10-09T03:21:40.0364668Z ##[endgroup]
2026-10-09T03:21:40.0365626Z ##[group]Setting up auth
2026-10-09T03:21:40.0371324Z [command]/usr/bin/git config --local --name-only --get-regexp core\.sshCommand
2026-10-09T03:21:40.0404832Z [command]/usr/bin/git submodule foreach --recursive sh -c "git config --local --name-only --get-regexp 'core\.sshCommand' && git config --local --unset-all 'core.sshCommand' || :"
2026-10-09T03:21:40.0959159Z [command]/usr/bin/git config --local --name-only --get-regexp http\.https\:\/\/github\.com\/\.extraheader
2026-10-09T03:21:40.1001616Z [command]/usr/bin/git submodule foreach --recursive sh -c "git config --local --name-only --get-regexp 'http\.https\:\/\/github\.com\/\.extraheader' && git config --local --unset-all 'http.https://github.com/.extraheader' || :"
2026-10-09T03:21:40.1193639Z [command]/usr/bin/git config --local --name-only --get-regexp ^includeIf\.gitdir:
2026-10-09T03:21:40.1221173Z [command]/usr/bin/git submodule foreach --recursive git config --local --show-origin --name-only --get-regexp remote.origin.url
2026-10-09T03:21:40.1415999Z [command]/usr/bin/git config --local http.https://github.com/.extraheader AUTHORIZATION: basic ***
2026-10-09T03:21:40.1448323Z ##[endgroup]
2026-10-09T03:21:40.1449808Z ##[group]Fetching the repository
2026-10-09T03:21:40.1457602Z [command]/usr/bin/git -c protocol.version=2 fetch --prune --no-recurse-submodules origin +refs/heads/*:refs/remotes/origin/* +refs/tags/*:refs/tags/* +872d7c4a885e0b3879f250f7e5d07455792a5a08:refs/remotes/pull/223/merge
2026-10-09T03:21:43.9186750Z From https://github.com/jyqj/tabmail
2026-10-09T03:21:43.9196374Z  * [new branch]      audit-pr21-41b015c                       -> origin/audit-pr21-41b015c
2026-10-09T03:21:43.9198002Z  * [new branch]      candidate/r5-consumer-adapter-20261004   -> origin/candidate/r5-consumer-adapter-20261004
2026-10-09T03:21:43.9199909Z  * [new branch]      candidate/r5-consumer-adapter-corrected-20261004 -> origin/candidate/r5-consumer-adapter-corrected-20261004
2026-10-09T03:21:43.9201949Z  * [new branch]      candidate/r5-consumer-classifier-contract-20261004 -> origin/candidate/r5-consumer-classifier-contract-20261004
2026-10-09T03:21:43.9203947Z  * [new branch]      candidate/r5-consumer-generated-provenance-20261004 -> origin/candidate/r5-consumer-generated-provenance-20261004
2026-10-09T03:21:43.9205830Z  * [new branch]      candidate/r5-runtime-v3-20261004         -> origin/candidate/r5-runtime-v3-20261004
2026-10-09T03:21:43.9207250Z  * [new branch]      candidate/r5-slice4-batch-20261004       -> origin/candidate/r5-slice4-batch-20261004
2026-10-09T03:21:43.9208827Z  * [new branch]      candidate/slice4-bridge-caller-20261004  -> origin/candidate/slice4-bridge-caller-20261004
2026-10-09T03:21:43.9209934Z  * [new branch]      chore/company-mail-r5-checkpoint-20260930 -> origin/chore/company-mail-r5-checkpoint-20260930
2026-10-09T03:21:43.9211393Z  * [new branch]      chore/selected-v3-metadata-gate-20261004-pnkZA9ce -> origin/chore/selected-v3-metadata-gate-20261004-pnkZA9ce
2026-10-09T03:21:43.9212501Z  * [new branch]      ci/company-mail-r5-wiring-20261003       -> origin/ci/company-mail-r5-wiring-20261003
2026-10-09T03:21:43.9213462Z  * [new branch]      cloud/r5-source-integration-20261004     -> origin/cloud/r5-source-integration-20261004
2026-10-09T03:21:43.9215333Z  * [new branch]      cloud/r5-union-components-f52-20261004-prestart-c741 -> origin/cloud/r5-union-components-f52-20261004-prestart-c741
2026-10-09T03:21:43.9216834Z  * [new branch]      cloud/r5-union-dbhttp-f52-20261004-0449  -> origin/cloud/r5-union-dbhttp-f52-20261004-0449
2026-10-09T03:21:43.9217917Z  * [new branch]      cloud/r5-union-default-f52-20261004-0441 -> origin/cloud/r5-union-default-f52-20261004-0441
2026-10-09T03:21:43.9218853Z  * [new branch]      codex/pe-independent-review              -> origin/codex/pe-independent-review
2026-10-09T03:21:43.9219716Z  * [new branch]      codex/pe-shared-adapter                  -> origin/codex/pe-shared-adapter
2026-10-09T03:21:43.9220739Z  * [new branch]      codex/r5-approved-catalog-reconciliation-20261004 -> origin/codex/r5-approved-catalog-reconciliation-20261004
2026-10-09T03:21:43.9221848Z  * [new branch]      codex/r5-compatibility-source-boundary   -> origin/codex/r5-compatibility-source-boundary
2026-10-09T03:21:43.9222820Z  * [new branch]      codex/r5-compile-stability-20261004      -> origin/codex/r5-compile-stability-20261004
2026-10-09T03:21:43.9223731Z  * [new branch]      codex/r5-current-wire-20261003           -> origin/codex/r5-current-wire-20261003
2026-10-09T03:21:43.9224826Z  * [new branch]      codex/r5-env-evidence-20261004           -> origin/codex/r5-env-evidence-20261004
2026-10-09T03:21:43.9225743Z  * [new branch]      codex/r5-external-runtime-20261003       -> origin/codex/r5-external-runtime-20261003
2026-10-09T03:21:43.9226866Z  * [new branch]      codex/r5-v3-preparation-slice2           -> origin/codex/r5-v3-preparation-slice2
2026-10-09T03:21:43.9227840Z  * [new branch]      design/r5-v3-consumer-opt-in-20261004    -> origin/design/r5-v3-consumer-opt-in-20261004
2026-10-09T03:21:43.9228742Z  * [new branch]      docs/r5-archive-boundary-v1              -> origin/docs/r5-archive-boundary-v1
2026-10-09T03:21:43.9229710Z  * [new branch]      evidence/r5-catalog-rev11-3a-20261008-b8f95a -> origin/evidence/r5-catalog-rev11-3a-20261008-b8f95a
2026-10-09T03:21:43.9230808Z  * [new branch]      experiment/goose-buffer-64k              -> origin/experiment/goose-buffer-64k
2026-10-09T03:21:43.9231794Z  * [new branch]      feat/r5-archive-boundary-v1              -> origin/feat/r5-archive-boundary-v1
2026-10-09T03:21:43.9232786Z  * [new branch]      feat/runtime-batch-validation            -> origin/feat/runtime-batch-validation
2026-10-09T03:21:43.9233740Z  * [new branch]      fix/auth-body-limit-20261005             -> origin/fix/auth-body-limit-20261005
2026-10-09T03:21:43.9234901Z  * [new branch]      fix/batch-supervisor-lifecycle-20261004  -> origin/fix/batch-supervisor-lifecycle-20261004
2026-10-09T03:21:43.9235915Z  * [new branch]      fix/browser-reply-journey-20261003       -> origin/fix/browser-reply-journey-20261003
2026-10-09T03:21:43.9236977Z  * [new branch]      fix/compose-query-completion-20261005    -> origin/fix/compose-query-completion-20261005
2026-10-09T03:21:43.9238538Z  * [new branch]      fix/compose-send-lifecycle-20261005      -> origin/fix/compose-send-lifecycle-20261005
2026-10-09T03:21:43.9239978Z  * [new branch]      fix/direct-null-mx-20261006              -> origin/fix/direct-null-mx-20261006
2026-10-09T03:21:43.9241421Z  * [new branch]      fix/draft-reload-serialization-20261005  -> origin/fix/draft-reload-serialization-20261005
2026-10-09T03:21:43.9242894Z  * [new branch]      fix/editor-opening-ownership-20261005    -> origin/fix/editor-opening-ownership-20261005
2026-10-09T03:21:43.9245783Z  * [new branch]      fix/lf01-frozen-offboarding              -> origin/fix/lf01-frozen-offboarding
2026-10-09T03:21:43.9246860Z  * [new branch]      fix/live-content-refresh-20261005        -> origin/fix/live-content-refresh-20261005
2026-10-09T03:21:43.9247939Z  * [new branch]      fix/mail-reader-invalidation-20261004    -> origin/fix/mail-reader-invalidation-20261004
2026-10-09T03:21:43.9249321Z  * [new branch]      fix/message-action-reconciliation-20261005 -> origin/fix/message-action-reconciliation-20261005
2026-10-09T03:21:43.9250338Z  * [new branch]      fix/offboarding-successor-authz          -> origin/fix/offboarding-successor-authz
2026-10-09T03:21:43.9251218Z  * [new branch]      fix/pr21-client-inventory                -> origin/fix/pr21-client-inventory
2026-10-09T03:21:43.9252073Z  * [new branch]      fix/pr21-harness-lint-41b015c            -> origin/fix/pr21-harness-lint-41b015c
2026-10-09T03:21:43.9253364Z  * [new branch]      fix/profile-refresh-three-way-20261003   -> origin/fix/profile-refresh-three-way-20261003
2026-10-09T03:21:43.9254407Z  * [new branch]      fix/r5-benchmark-strict-evidence-20261001 -> origin/fix/r5-benchmark-strict-evidence-20261001
2026-10-09T03:21:43.9255539Z  * [new branch]      fix/r5-descriptor-tests                  -> origin/fix/r5-descriptor-tests
2026-10-09T03:21:43.9256355Z  * [new branch]      fix/r5-excluded-metadata                 -> origin/fix/r5-excluded-metadata
2026-10-09T03:21:43.9322316Z  * [new branch]      fix/r5-fixture-owner-join                -> origin/fix/r5-fixture-owner-join
2026-10-09T03:21:43.9324385Z  * [new branch]      fix/r5-legacy-recipients-alias-20261003  -> origin/fix/r5-legacy-recipients-alias-20261003
2026-10-09T03:21:43.9325542Z  * [new branch]      fix/r5-pe-seed-f875                      -> origin/fix/r5-pe-seed-f875
2026-10-09T03:21:43.9326424Z  * [new branch]      fix/r5-rc-receipt-contract-20261003      -> origin/fix/r5-rc-receipt-contract-20261003
2026-10-09T03:21:43.9327412Z  * [new branch]      fix/r5-receipt-inspection-test-gate      -> origin/fix/r5-receipt-inspection-test-gate
2026-10-09T03:21:43.9328852Z  * [new branch]      fix/r5-receipt-surface-contract-20261003 -> origin/fix/r5-receipt-surface-contract-20261003
2026-10-09T03:21:43.9329798Z  * [new branch]      fix/r5-router-touch-oracle               -> origin/fix/r5-router-touch-oracle
2026-10-09T03:21:43.9330688Z  * [new branch]      fix/r5-schema16-benchmark-fixtures       -> origin/fix/r5-schema16-benchmark-fixtures
2026-10-09T03:21:43.9331656Z  * [new branch]      fix/r5-selected-source-binding-20261003  -> origin/fix/r5-selected-source-binding-20261003
2026-10-09T03:21:43.9332635Z  * [new branch]      fix/r5-shared-receipt-legacy-20261003    -> origin/fix/r5-shared-receipt-legacy-20261003
2026-10-09T03:21:43.9333623Z  * [new branch]      fix/r5-source-excluded-metadata-20261003 -> origin/fix/r5-source-excluded-metadata-20261003
2026-10-09T03:21:43.9334778Z  * [new branch]      fix/r5-source-runner-preparation         -> origin/fix/r5-source-runner-preparation
2026-10-09T03:21:43.9335693Z  * [new branch]      fix/r5-stream-transport                  -> origin/fix/r5-stream-transport
2026-10-09T03:21:43.9336567Z  * [new branch]      fix/r5-transaction-inventory             -> origin/fix/r5-transaction-inventory
2026-10-09T03:21:43.9337530Z  * [new branch]      fix/r5-v3-producer-path-20261004         -> origin/fix/r5-v3-producer-path-20261004
2026-10-09T03:21:43.9338482Z  * [new branch]      fix/r5-v3-rejection-evidence-20261004    -> origin/fix/r5-v3-rejection-evidence-20261004
2026-10-09T03:21:43.9339468Z  * [new branch]      fix/receipt-aggregate-refresh-20261005   -> origin/fix/receipt-aggregate-refresh-20261005
2026-10-09T03:21:43.9340460Z  * [new branch]      fix/recipient-reload-display-20261005    -> origin/fix/recipient-reload-display-20261005
2026-10-09T03:21:43.9341461Z  * [new branch]      fix/selected-attestation-stable-capture  -> origin/fix/selected-attestation-stable-capture
2026-10-09T03:21:43.9342434Z  * [new branch]      fix/sent-action-lifecycle-20261005       -> origin/fix/sent-action-lifecycle-20261005
2026-10-09T03:21:43.9343471Z  * [new branch]      fix/smtp-data-cause-20261006             -> origin/fix/smtp-data-cause-20261006
2026-10-09T03:21:43.9344309Z  * [new branch]      fix/smtp-owner-logger-gate               -> origin/fix/smtp-owner-logger-gate
2026-10-09T03:21:43.9345209Z  * [new branch]      fix/sse-framing-20261004                 -> origin/fix/sse-framing-20261004
2026-10-09T03:21:43.9346088Z  * [new branch]      fix/subject-wire-encoding-20261006       -> origin/fix/subject-wire-encoding-20261006
2026-10-09T03:21:43.9347001Z  * [new branch]      fix/tabmail-exec-round2-20261009         -> origin/fix/tabmail-exec-round2-20261009
2026-10-09T03:21:43.9347946Z  * [new branch]      fix/tabmail-followup-recovery-20261008   -> origin/fix/tabmail-followup-recovery-20261008
2026-10-09T03:21:43.9348926Z  * [new branch]      integration/catalog-v3-frozen-20261004   -> origin/integration/catalog-v3-frozen-20261004
2026-10-09T03:21:43.9349896Z  * [new branch]      integration/company-mail-r5-20261003     -> origin/integration/company-mail-r5-20261003
2026-10-09T03:21:43.9350894Z  * [new branch]      integration/company-mail-r5-batch2-20261003 -> origin/integration/company-mail-r5-batch2-20261003
2026-10-09T03:21:43.9351936Z  * [new branch]      integration/company-mail-r5-batch3-20261003 -> origin/integration/company-mail-r5-batch3-20261003
2026-10-09T03:21:43.9352974Z  * [new branch]      integration/company-mail-r5-batch4-20261003 -> origin/integration/company-mail-r5-batch4-20261003
2026-10-09T03:21:43.9353997Z  * [new branch]      integration/company-mail-r5-batch5-20261003 -> origin/integration/company-mail-r5-batch5-20261003
2026-10-09T03:21:43.9355197Z  * [new branch]      integration/company-mail-r5-pr-management-20261007 -> origin/integration/company-mail-r5-pr-management-20261007
2026-10-09T03:21:43.9356273Z  * [new branch]      integration/pe-lf-components-20261004    -> origin/integration/pe-lf-components-20261004
2026-10-09T03:21:43.9357395Z  * [new branch]      integration/r5-consumer-slices23-20261004 -> origin/integration/r5-consumer-slices23-20261004
2026-10-09T03:21:43.9358401Z  * [new branch]      integration/r5-slice4-combined-20261004  -> origin/integration/r5-slice4-combined-20261004
2026-10-09T03:21:43.9359380Z  * [new branch]      integration/r5-source-combined-20261003  -> origin/integration/r5-source-combined-20261003
2026-10-09T03:21:43.9360322Z  * [new branch]      investigate/pe03-profile-editor          -> origin/investigate/pe03-profile-editor
2026-10-09T03:21:43.9361073Z  * [new branch]      main                                     -> origin/main
2026-10-09T03:21:43.9361795Z  * [new branch]      prep/source-policy-20261003              -> origin/prep/source-policy-20261003
2026-10-09T03:21:43.9362637Z  * [new branch]      r5-cloud-background-20261003             -> origin/r5-cloud-background-20261003
2026-10-09T03:21:43.9363487Z  * [new branch]      r5-cloud-smtp-owner-20261003             -> origin/r5-cloud-smtp-owner-20261003
2026-10-09T03:21:43.9364362Z  * [new branch]      r5-permission-audit-20261003             -> origin/r5-permission-audit-20261003
2026-10-09T03:21:43.9365360Z  * [new branch]      r5-source-v3-pure-isolated-20261003      -> origin/r5-source-v3-pure-isolated-20261003
2026-10-09T03:21:43.9366292Z  * [new branch]      r5/formal-components-f875-20261004       -> origin/r5/formal-components-f875-20261004
2026-10-09T03:21:43.9367287Z  * [new branch]      review/external-batch-independent-20261004 -> origin/review/external-batch-independent-20261004
2026-10-09T03:21:43.9368292Z  * [new branch]      review/independent-frontend-7a43654      -> origin/review/independent-frontend-7a43654
2026-10-09T03:21:43.9369333Z  * [new branch]      review/offboarding-pair-independent-20261004 -> origin/review/offboarding-pair-independent-20261004
2026-10-09T03:21:43.9370337Z  * [new branch]      review/r5-archive-fixed-0c1f4f6          -> origin/review/r5-archive-fixed-0c1f4f6
2026-10-09T03:21:43.9371351Z  * [new branch]      review/r5-catalog-independent-cloud-20261004 -> origin/review/r5-catalog-independent-cloud-20261004
2026-10-09T03:21:43.9372521Z  * [new branch]      review/r5-classifier-independent-20261004 -> origin/review/r5-classifier-independent-20261004
2026-10-09T03:21:43.9373533Z  * [new branch]      review/r5-corrected-independent-20261004 -> origin/review/r5-corrected-independent-20261004
2026-10-09T03:21:43.9374700Z  * [new branch]      review/r5-env-independent-20261004       -> origin/review/r5-env-independent-20261004
2026-10-09T03:21:43.9375797Z  * [new branch]      review/r5-env-p2-delta-independent-20261004 -> origin/review/r5-env-p2-delta-independent-20261004
2026-10-09T03:21:43.9376840Z  * [new branch]      review/r5-generated-independent-20261004 -> origin/review/r5-generated-independent-20261004
2026-10-09T03:21:43.9377790Z  * [new branch]      review/r5-independent-20261004           -> origin/review/r5-independent-20261004
2026-10-09T03:21:43.9378845Z  * [new branch]      review/r5-preparation-slice2-independent-20261004 -> origin/review/r5-preparation-slice2-independent-20261004
2026-10-09T03:21:43.9380026Z  * [new branch]      review/r5-runtime-v3-slice3-independent-20261004 -> origin/review/r5-runtime-v3-slice3-independent-20261004
2026-10-09T03:21:43.9381121Z  * [new branch]      review/r5-slice4-batch-independent-20261004 -> origin/review/r5-slice4-batch-independent-20261004
2026-10-09T03:21:43.9382126Z  * [new branch]      review/r5-slice5-independent-20261004    -> origin/review/r5-slice5-independent-20261004
2026-10-09T03:21:43.9383223Z  * [new branch]      review/selected-attestation-v1-independent-20261003 -> origin/review/selected-attestation-v1-independent-20261003
2026-10-09T03:21:43.9384356Z  * [new branch]      review/slice4-bridge-independent-20261004 -> origin/review/slice4-bridge-independent-20261004
2026-10-09T03:21:43.9385601Z  * [new branch]      review/source-excluded-independent-20261003 -> origin/review/source-excluded-independent-20261003
2026-10-09T03:21:43.9386767Z  * [new branch]      tooling/selected-binding-v3-20261004     -> origin/tooling/selected-binding-v3-20261004
2026-10-09T03:21:43.9387774Z  * [new branch]      verification/r5-slice5-closure-20261004  -> origin/verification/r5-slice5-closure-20261004
2026-10-09T03:21:43.9389060Z  * [new branch]      verification/r5-slice5-physical-plan-v2-20261004 -> origin/verification/r5-slice5-physical-plan-v2-20261004
2026-10-09T03:21:43.9390097Z  * [new branch]      work/company-mail-r5-goal-20260930       -> origin/work/company-mail-r5-goal-20260930
2026-10-09T03:21:43.9391053Z  * [new branch]      work/r5-followup-round3-source-20261007  -> origin/work/r5-followup-round3-source-20261007
2026-10-09T03:21:43.9391928Z  * [new tag]         archive/codex-deep-authz                 -> archive/codex-deep-authz
2026-10-09T03:21:43.9392742Z  * [new tag]         archive/ingress-operations-console       -> archive/ingress-operations-console
2026-10-09T03:21:43.9393587Z  * [new tag]         baseline/company-mail-r4-20260928        -> baseline/company-mail-r4-20260928
2026-10-09T03:21:43.9394566Z  * [new tag]         baseline/company-mail-r5-b01u-20260930   -> baseline/company-mail-r5-b01u-20260930
2026-10-09T03:21:43.9395295Z  * [new tag]         v1.0.0                                   -> v1.0.0
2026-10-09T03:21:43.9395914Z  * [new ref]         872d7c4a885e0b3879f250f7e5d07455792a5a08 -> pull/223/merge
2026-10-09T03:21:43.9397473Z ##[endgroup]
2026-10-09T03:21:43.9398035Z ##[group]Determining the checkout info
2026-10-09T03:21:43.9398653Z ##[endgroup]
2026-10-09T03:21:43.9399026Z [command]/usr/bin/git sparse-checkout disable
2026-10-09T03:21:43.9400047Z [command]/usr/bin/git config --local --unset-all extensions.worktreeConfig
2026-10-09T03:21:43.9401262Z ##[group]Checking out the ref
2026-10-09T03:21:43.9401816Z [command]/usr/bin/git checkout --progress --force refs/remotes/pull/223/merge
2026-10-09T03:21:44.2511035Z Note: switching to 'refs/remotes/pull/223/merge'.
2026-10-09T03:21:44.2512211Z 
2026-10-09T03:21:44.2512702Z You are in 'detached HEAD' state. You can look around, make experimental
2026-10-09T03:21:44.2514067Z changes and commit them, and you can discard any commits you make in this
2026-10-09T03:21:44.2515235Z state without impacting any branches by switching back to a branch.
2026-10-09T03:21:44.2515814Z 
2026-10-09T03:21:44.2516207Z If you want to create a new branch to retain commits you create, you may
2026-10-09T03:21:44.2517145Z do so (now or later) by using -c with the switch command. Example:
2026-10-09T03:21:44.2517725Z 
2026-10-09T03:21:44.2518001Z   git switch -c <new-branch-name>
2026-10-09T03:21:44.2518426Z 
2026-10-09T03:21:44.2518719Z Or undo this operation with:
2026-10-09T03:21:44.2519104Z 
2026-10-09T03:21:44.2519350Z   git switch -
2026-10-09T03:21:44.2519675Z 
2026-10-09T03:21:44.2520259Z Turn off this advice by setting config variable advice.detachedHead to false
2026-10-09T03:21:44.2521032Z 
2026-10-09T03:21:44.2521890Z HEAD is now at 872d7c4 Merge 419848e51b2d5e509898c355ace1c0deffe47fd4 into 602b17544d0cd12c04f1b90c116814ae0522199a
2026-10-09T03:21:44.2539458Z ##[endgroup]
2026-10-09T03:21:44.2575918Z [command]/usr/bin/git log -1 --format=%H
2026-10-09T03:21:44.2595716Z 872d7c4a885e0b3879f250f7e5d07455792a5a08
2026-10-09T03:21:44.2605765Z ##[group]Removing auth
2026-10-09T03:21:44.2608942Z [command]/usr/bin/git config --local --name-only --get-regexp core\.sshCommand
2026-10-09T03:21:44.2633943Z [command]/usr/bin/git submodule foreach --recursive sh -c "git config --local --name-only --get-regexp 'core\.sshCommand' && git config --local --unset-all 'core.sshCommand' || :"
2026-10-09T03:21:44.2825960Z [command]/usr/bin/git config --local --name-only --get-regexp http\.https\:\/\/github\.com\/\.extraheader
2026-10-09T03:21:44.2847076Z http.https://github.com/.extraheader
2026-10-09T03:21:44.2855557Z [command]/usr/bin/git config --local --unset-all http.https://github.com/.extraheader
2026-10-09T03:21:44.2885733Z [command]/usr/bin/git submodule foreach --recursive sh -c "git config --local --name-only --get-regexp 'http\.https\:\/\/github\.com\/\.extraheader' && git config --local --unset-all 'http.https://github.com/.extraheader' || :"
2026-10-09T03:21:44.3074936Z [command]/usr/bin/git config --local --name-only --get-regexp ^includeIf\.gitdir:
2026-10-09T03:21:44.3102190Z [command]/usr/bin/git submodule foreach --recursive git config --local --show-origin --name-only --get-regexp remote.origin.url
2026-10-09T03:21:44.3293758Z ##[endgroup]
2026-10-09T03:21:44.3579398Z ##[group]Run actions/setup-go@v5
2026-10-09T03:21:44.3580244Z with:
2026-10-09T03:21:44.3580869Z   go-version-file: go.mod
2026-10-09T03:21:44.3581620Z   check-latest: false
2026-10-09T03:21:44.3588852Z   token: ***
2026-10-09T03:21:44.3589488Z   cache: true
2026-10-09T03:21:44.3590151Z ##[endgroup]
2026-10-09T03:21:44.4686686Z Setup go version spec 1.25.7
2026-10-09T03:21:44.4696000Z Attempting to download 1.25.7...
2026-10-09T03:21:44.4784079Z (node:2171) [DEP0040] DeprecationWarning: The `punycode` module is deprecated. Please use a userland alternative instead.
2026-10-09T03:21:44.4786959Z (Use `node --trace-deprecation ...` to show where the warning was created)
2026-10-09T03:21:44.8909649Z matching 1.25.7...
2026-10-09T03:21:44.8942303Z Acquiring 1.25.7 from https://github.com/actions/go-versions/releases/download/1.25.7-21696103256/go-1.25.7-linux-x64.tar.gz
2026-10-09T03:21:45.2776635Z Extracting Go...
2026-10-09T03:21:45.2882045Z [command]/usr/bin/tar xz --warning=no-unknown-keyword --overwrite -C /home/runner/work/_temp/0fe70c07-a1e9-484c-9d1a-ab857d42d54e -f /home/runner/work/_temp/2f0ebb74-b2d7-4750-83ec-5b2d44efce4c
2026-10-09T03:21:46.5204620Z Successfully extracted go to /home/runner/work/_temp/0fe70c07-a1e9-484c-9d1a-ab857d42d54e
2026-10-09T03:21:46.5209719Z Adding to the cache ...
2026-10-09T03:21:55.1078119Z Successfully cached go to /opt/hostedtoolcache/go/1.25.7/x64
2026-10-09T03:21:55.1079039Z Added go to the path
2026-10-09T03:21:55.1105330Z Successfully set up Go version 1.25.7
2026-10-09T03:21:55.1263768Z [command]/opt/hostedtoolcache/go/1.25.7/x64/bin/go env GOMODCACHE
2026-10-09T03:21:55.1298181Z [command]/opt/hostedtoolcache/go/1.25.7/x64/bin/go env GOCACHE
2026-10-09T03:21:55.1329843Z /home/runner/go/pkg/mod
2026-10-09T03:21:55.1343096Z /home/runner/.cache/go-build
2026-10-09T03:21:55.2480138Z Cache hit for: setup-go-Linux-x64-ubuntu24-go-1.25.7-4513745f7b95ab0bc8e1f9edd24c294514fb4a9ee51f2290b342654582d5d782
2026-10-09T03:21:55.2569591Z (node:2171) [DEP0169] DeprecationWarning: `url.parse()` behavior is not standardized and prone to errors that have security implications. Use the WHATWG URL API instead. CVEs are not issued for `url.parse()` vulnerabilities.
2026-10-09T03:21:56.3017679Z Received 260046848 of 266857975 (97.4%), 247.8 MBs/sec
2026-10-09T03:21:56.4064328Z Received 266857975 of 266857975 (100.0%), 230.1 MBs/sec
2026-10-09T03:21:56.4064954Z Cache Size: ~254 MB (266857975 B)
2026-10-09T03:21:56.4090225Z [command]/usr/bin/tar -xf /home/runner/work/_temp/0fec5d94-8ff2-4de2-9b2a-653f815b7143/cache.tzst -P -C /home/runner/work/tabmail/tabmail --use-compress-program unzstd
2026-10-09T03:21:57.7770457Z Cache restored successfully
2026-10-09T03:21:57.7883901Z Cache restored from key: setup-go-Linux-x64-ubuntu24-go-1.25.7-4513745f7b95ab0bc8e1f9edd24c294514fb4a9ee51f2290b342654582d5d782
2026-10-09T03:21:57.7909807Z go version go1.25.7 linux/amd64
2026-10-09T03:21:57.7910085Z 
2026-10-09T03:21:57.7910375Z ##[group]go env
2026-10-09T03:21:57.8015243Z AR='ar'
2026-10-09T03:21:57.8015653Z CC='gcc'
2026-10-09T03:21:57.8016016Z CGO_CFLAGS='-O2 -g'
2026-10-09T03:21:57.8016356Z CGO_CPPFLAGS=''
2026-10-09T03:21:57.8016685Z CGO_CXXFLAGS='-O2 -g'
2026-10-09T03:21:57.8017018Z CGO_ENABLED='1'
2026-10-09T03:21:57.8017361Z CGO_FFLAGS='-O2 -g'
2026-10-09T03:21:57.8017662Z CGO_LDFLAGS='-O2 -g'
2026-10-09T03:21:57.8017991Z CXX='g++'
2026-10-09T03:21:57.8018331Z GCCGO='gccgo'
2026-10-09T03:21:57.8018592Z GO111MODULE=''
2026-10-09T03:21:57.8018837Z GOAMD64='v1'
2026-10-09T03:21:57.8019076Z GOARCH='amd64'
2026-10-09T03:21:57.8019313Z GOAUTH='netrc'
2026-10-09T03:21:57.8019562Z GOBIN=''
2026-10-09T03:21:57.8019753Z GOCACHE='/home/runner/.cache/go-build'
2026-10-09T03:21:57.8019994Z GOCACHEPROG=''
2026-10-09T03:21:57.8020165Z GODEBUG=''
2026-10-09T03:21:57.8020345Z GOENV='/home/runner/.config/go/env'
2026-10-09T03:21:57.8020559Z GOEXE=''
2026-10-09T03:21:57.8020718Z GOEXPERIMENT=''
2026-10-09T03:21:57.8020886Z GOFIPS140='off'
2026-10-09T03:21:57.8021052Z GOFLAGS=''
2026-10-09T03:21:57.8021872Z GOGCCFLAGS='-fPIC -m64 -pthread -Wl,--no-gc-sections -fmessage-length=0 -ffile-prefix-map=/tmp/go-build1710329901=/tmp/go-build -gno-record-gcc-switches'
2026-10-09T03:21:57.8022383Z GOHOSTARCH='amd64'
2026-10-09T03:21:57.8022568Z GOHOSTOS='linux'
2026-10-09T03:21:57.8022737Z GOINSECURE=''
2026-10-09T03:21:57.8022943Z GOMOD='/home/runner/work/tabmail/tabmail/go.mod'
2026-10-09T03:21:57.8023204Z GOMODCACHE='/home/runner/go/pkg/mod'
2026-10-09T03:21:57.8023420Z GONOPROXY=''
2026-10-09T03:21:57.8023587Z GONOSUMDB=''
2026-10-09T03:21:57.8023744Z GOOS='linux'
2026-10-09T03:21:57.8023934Z GOPATH='/home/runner/go'
2026-10-09T03:21:57.8024121Z GOPRIVATE=''
2026-10-09T03:21:57.8024341Z GOPROXY='https://proxy.golang.org,direct'
2026-10-09T03:21:57.8024791Z GOROOT='/opt/hostedtoolcache/go/1.25.7/x64'
2026-10-09T03:21:57.8025045Z GOSUMDB='sum.golang.org'
2026-10-09T03:21:57.8025235Z GOTELEMETRY='local'
2026-10-09T03:21:57.8025450Z GOTELEMETRYDIR='/home/runner/.config/go/telemetry'
2026-10-09T03:21:57.8025702Z GOTMPDIR=''
2026-10-09T03:21:57.8025877Z GOTOOLCHAIN='auto'
2026-10-09T03:21:57.8026137Z GOTOOLDIR='/opt/hostedtoolcache/go/1.25.7/x64/pkg/tool/linux_amd64'
2026-10-09T03:21:57.8026417Z GOVCS=''
2026-10-09T03:21:57.8026577Z GOVERSION='go1.25.7'
2026-10-09T03:21:57.8026761Z GOWORK=''
2026-10-09T03:21:57.8026960Z PKG_CONFIG='pkg-config'
2026-10-09T03:21:57.8027080Z 
2026-10-09T03:21:57.8027398Z ##[endgroup]
2026-10-09T03:21:57.8271200Z ##[group]Run mkdir exec-evidence
2026-10-09T03:21:57.8271511Z [36;1mmkdir exec-evidence[0m
2026-10-09T03:21:57.8271822Z [36;1mgit rev-parse HEAD HEAD^{tree} | tee exec-evidence/source.txt[0m
2026-10-09T03:21:57.8272352Z [36;1mgo version > exec-evidence/go-version.txt[0m
2026-10-09T03:21:57.8517589Z shell: /usr/bin/bash -e {0}
2026-10-09T03:21:57.8517854Z ##[endgroup]
2026-10-09T03:21:57.8724728Z 872d7c4a885e0b3879f250f7e5d07455792a5a08
2026-10-09T03:21:57.8725169Z a5d05c981558239810bb4dd1022fc52b32e16c90
2026-10-09T03:21:57.8795799Z ##[group]Run set -euo pipefail
2026-10-09T03:21:57.8796083Z [36;1mset -euo pipefail[0m
2026-10-09T03:21:57.8796371Z [36;1mgo test -mod=readonly -race -p 1 -count=1 -timeout=120s -json \[0m
2026-10-09T03:21:57.8796821Z [36;1m  ./internal/company ./internal/app/templates ./internal/app/admin ./internal/smtp \[0m
2026-10-09T03:21:57.8797289Z [36;1m  github.com/emersion/go-smtp/... | tee exec-evidence/packages.jsonl[0m
2026-10-09T03:21:57.8857466Z shell: /usr/bin/bash -e {0}
2026-10-09T03:21:57.8857700Z ##[endgroup]
2026-10-09T03:21:59.2104636Z {"Time":"2026-10-09T03:21:59.210198897Z","Action":"start","Package":"tabmail/internal/company"}
2026-10-09T03:21:59.2292680Z {"Time":"2026-10-09T03:21:59.228997361Z","Action":"run","Package":"tabmail/internal/company","Test":"TestOutboundInspectionExplicitAllowlist"}
2026-10-09T03:21:59.2293813Z {"Time":"2026-10-09T03:21:59.229059974Z","Action":"output","Package":"tabmail/internal/company","Test":"TestOutboundInspectionExplicitAllowlist","Output":"=== RUN   TestOutboundInspectionExplicitAllowlist\n"}
2026-10-09T03:21:59.2302262Z {"Time":"2026-10-09T03:21:59.230050299Z","Action":"output","Package":"tabmail/internal/company","Test":"TestOutboundInspectionExplicitAllowlist","Output":"--- PASS: TestOutboundInspectionExplicitAllowlist (0.00s)\n"}
2026-10-09T03:21:59.2303987Z {"Time":"2026-10-09T03:21:59.230064491Z","Action":"pass","Package":"tabmail/internal/company","Test":"TestOutboundInspectionExplicitAllowlist","Elapsed":0}
2026-10-09T03:21:59.2305495Z {"Time":"2026-10-09T03:21:59.230072262Z","Action":"run","Package":"tabmail/internal/company","Test":"TestOutboundInspectionFullLedgerStatusEvidence"}
2026-10-09T03:21:59.2307206Z {"Time":"2026-10-09T03:21:59.230075217Z","Action":"output","Package":"tabmail/internal/company","Test":"TestOutboundInspectionFullLedgerStatusEvidence","Output":"=== RUN   TestOutboundInspectionFullLedgerStatusEvidence\n"}
2026-10-09T03:21:59.2309076Z {"Time":"2026-10-09T03:21:59.230141365Z","Action":"run","Package":"tabmail/internal/company","Test":"TestOutboundInspectionFullLedgerStatusEvidence/next-hop-not-final-delivery"}
2026-10-09T03:21:59.2311289Z {"Time":"2026-10-09T03:21:59.230148807Z","Action":"output","Package":"tabmail/internal/company","Test":"TestOutboundInspectionFullLedgerStatusEvidence/next-hop-not-final-delivery","Output":"=== RUN   TestOutboundInspectionFullLedgerStatusEvidence/next-hop-not-final-delivery\n"}
2026-10-09T03:21:59.2314045Z {"Time":"2026-10-09T03:21:59.230222056Z","Action":"output","Package":"tabmail/internal/company","Test":"TestOutboundInspectionFullLedgerStatusEvidence/next-hop-not-final-delivery","Output":"--- PASS: TestOutboundInspectionFullLedgerStatusEvidence/next-hop-not-final-delivery (0.00s)\n"}
2026-10-09T03:21:59.2316655Z {"Time":"2026-10-09T03:21:59.230236627Z","Action":"pass","Package":"tabmail/internal/company","Test":"TestOutboundInspectionFullLedgerStatusEvidence/next-hop-not-final-delivery","Elapsed":0}
2026-10-09T03:21:59.2318268Z {"Time":"2026-10-09T03:21:59.230242196Z","Action":"run","Package":"tabmail/internal/company","Test":"TestOutboundInspectionFullLedgerStatusEvidence/private-failure"}
2026-10-09T03:21:59.2320159Z {"Time":"2026-10-09T03:21:59.230245511Z","Action":"output","Package":"tabmail/internal/company","Test":"TestOutboundInspectionFullLedgerStatusEvidence/private-failure","Output":"=== RUN   TestOutboundInspectionFullLedgerStatusEvidence/private-failure\n"}
2026-10-09T03:21:59.2322636Z {"Time":"2026-10-09T03:21:59.230306021Z","Action":"output","Package":"tabmail/internal/company","Test":"TestOutboundInspectionFullLedgerStatusEvidence/private-failure","Output":"--- PASS: TestOutboundInspectionFullLedgerStatusEvidence/private-failure (0.00s)\n"}
2026-10-09T03:21:59.2325354Z {"Time":"2026-10-09T03:21:59.230314563Z","Action":"pass","Package":"tabmail/internal/company","Test":"TestOutboundInspectionFullLedgerStatusEvidence/private-failure","Elapsed":0}
2026-10-09T03:21:59.2327316Z {"Time":"2026-10-09T03:21:59.230335795Z","Action":"run","Package":"tabmail/internal/company","Test":"TestOutboundInspectionFullLedgerStatusEvidence/private-uncertainty"}
2026-10-09T03:21:59.2329313Z {"Time":"2026-10-09T03:21:59.230347653Z","Action":"output","Package":"tabmail/internal/company","Test":"TestOutboundInspectionFullLedgerStatusEvidence/private-uncertainty","Output":"=== RUN   TestOutboundInspectionFullLedgerStatusEvidence/private-uncertainty\n"}
2026-10-09T03:21:59.2332105Z {"Time":"2026-10-09T03:21:59.231480109Z","Action":"output","Package":"tabmail/internal/company","Test":"TestOutboundInspectionFullLedgerStatusEvidence/private-uncertainty","Output":"--- PASS: TestOutboundInspectionFullLedgerStatusEvidence/private-uncertainty (0.00s)\n"}
2026-10-09T03:21:59.2334552Z {"Time":"2026-10-09T03:21:59.231491336Z","Action":"pass","Package":"tabmail/internal/company","Test":"TestOutboundInspectionFullLedgerStatusEvidence/private-uncertainty","Elapsed":0}
2026-10-09T03:21:59.2336323Z {"Time":"2026-10-09T03:21:59.231495422Z","Action":"run","Package":"tabmail/internal/company","Test":"TestOutboundInspectionFullLedgerStatusEvidence/truncated"}
2026-10-09T03:21:59.2338176Z {"Time":"2026-10-09T03:21:59.231498877Z","Action":"output","Package":"tabmail/internal/company","Test":"TestOutboundInspectionFullLedgerStatusEvidence/truncated","Output":"=== RUN   TestOutboundInspectionFullLedgerStatusEvidence/truncated\n"}
2026-10-09T03:21:59.2340540Z {"Time":"2026-10-09T03:21:59.231503044Z","Action":"output","Package":"tabmail/internal/company","Test":"TestOutboundInspectionFullLedgerStatusEvidence/truncated","Output":"--- PASS: TestOutboundInspectionFullLedgerStatusEvidence/truncated (0.00s)\n"}
2026-10-09T03:21:59.2342533Z {"Time":"2026-10-09T03:21:59.23150727Z","Action":"pass","Package":"tabmail/internal/company","Test":"TestOutboundInspectionFullLedgerStatusEvidence/truncated","Elapsed":0}
2026-10-09T03:21:59.2344018Z {"Time":"2026-10-09T03:21:59.231510284Z","Action":"run","Package":"tabmail/internal/company","Test":"TestOutboundInspectionFullLedgerStatusEvidence/wrong-address"}
2026-10-09T03:21:59.2346190Z {"Time":"2026-10-09T03:21:59.231512928Z","Action":"output","Package":"tabmail/internal/company","Test":"TestOutboundInspectionFullLedgerStatusEvidence/wrong-address","Output":"=== RUN   TestOutboundInspectionFullLedgerStatusEvidence/wrong-address\n"}
2026-10-09T03:21:59.2348552Z {"Time":"2026-10-09T03:21:59.231516273Z","Action":"output","Package":"tabmail/internal/company","Test":"TestOutboundInspectionFullLedgerStatusEvidence/wrong-address","Output":"--- PASS: TestOutboundInspectionFullLedgerStatusEvidence/wrong-address (0.00s)\n"}
2026-10-09T03:21:59.2350504Z {"Time":"2026-10-09T03:21:59.231519468Z","Action":"pass","Package":"tabmail/internal/company","Test":"TestOutboundInspectionFullLedgerStatusEvidence/wrong-address","Elapsed":0}
2026-10-09T03:21:59.2351984Z {"Time":"2026-10-09T03:21:59.231526459Z","Action":"run","Package":"tabmail/internal/company","Test":"TestOutboundInspectionFullLedgerStatusEvidence/duplicate"}
2026-10-09T03:21:59.2353788Z {"Time":"2026-10-09T03:21:59.231528692Z","Action":"output","Package":"tabmail/internal/company","Test":"TestOutboundInspectionFullLedgerStatusEvidence/duplicate","Output":"=== RUN   TestOutboundInspectionFullLedgerStatusEvidence/duplicate\n"}
2026-10-09T03:21:59.2356201Z {"Time":"2026-10-09T03:21:59.231532207Z","Action":"output","Package":"tabmail/internal/company","Test":"TestOutboundInspectionFullLedgerStatusEvidence/duplicate","Output":"--- PASS: TestOutboundInspectionFullLedgerStatusEvidence/duplicate (0.00s)\n"}
2026-10-09T03:21:59.2358129Z {"Time":"2026-10-09T03:21:59.231535111Z","Action":"pass","Package":"tabmail/internal/company","Test":"TestOutboundInspectionFullLedgerStatusEvidence/duplicate","Elapsed":0}
2026-10-09T03:21:59.2359758Z {"Time":"2026-10-09T03:21:59.231538056Z","Action":"run","Package":"tabmail/internal/company","Test":"TestOutboundInspectionFullLedgerStatusEvidence/empty"}
2026-10-09T03:21:59.2361707Z {"Time":"2026-10-09T03:21:59.23154073Z","Action":"output","Package":"tabmail/internal/company","Test":"TestOutboundInspectionFullLedgerStatusEvidence/empty","Output":"=== RUN   TestOutboundInspectionFullLedgerStatusEvidence/empty\n"}
2026-10-09T03:21:59.2363928Z {"Time":"2026-10-09T03:21:59.231545637Z","Action":"output","Package":"tabmail/internal/company","Test":"TestOutboundInspectionFullLedgerStatusEvidence/empty","Output":"--- PASS: TestOutboundInspectionFullLedgerStatusEvidence/empty (0.00s)\n"}
2026-10-09T03:21:59.2365940Z {"Time":"2026-10-09T03:21:59.231548732Z","Action":"pass","Package":"tabmail/internal/company","Test":"TestOutboundInspectionFullLedgerStatusEvidence/empty","Elapsed":0}
2026-10-09T03:21:59.2367413Z {"Time":"2026-10-09T03:21:59.231551826Z","Action":"run","Package":"tabmail/internal/company","Test":"TestOutboundInspectionFullLedgerStatusEvidence/unknown-state"}
2026-10-09T03:21:59.2369326Z {"Time":"2026-10-09T03:21:59.23155424Z","Action":"output","Package":"tabmail/internal/company","Test":"TestOutboundInspectionFullLedgerStatusEvidence/unknown-state","Output":"=== RUN   TestOutboundInspectionFullLedgerStatusEvidence/unknown-state\n"}
2026-10-09T03:21:59.2371693Z {"Time":"2026-10-09T03:21:59.231557595Z","Action":"output","Package":"tabmail/internal/company","Test":"TestOutboundInspectionFullLedgerStatusEvidence/unknown-state","Output":"--- PASS: TestOutboundInspectionFullLedgerStatusEvidence/unknown-state (0.00s)\n"}
2026-10-09T03:21:59.2373665Z {"Time":"2026-10-09T03:21:59.231560679Z","Action":"pass","Package":"tabmail/internal/company","Test":"TestOutboundInspectionFullLedgerStatusEvidence/unknown-state","Elapsed":0}
2026-10-09T03:21:59.2375649Z {"Time":"2026-10-09T03:21:59.231563994Z","Action":"output","Package":"tabmail/internal/company","Test":"TestOutboundInspectionFullLedgerStatusEvidence","Output":"--- PASS: TestOutboundInspectionFullLedgerStatusEvidence (0.00s)\n"}
2026-10-09T03:21:59.2377170Z {"Time":"2026-10-09T03:21:59.231567089Z","Action":"pass","Package":"tabmail/internal/company","Test":"TestOutboundInspectionFullLedgerStatusEvidence","Elapsed":0}
2026-10-09T03:21:59.2377950Z {"Time":"2026-10-09T03:21:59.231570224Z","Action":"run","Package":"tabmail/internal/company","Test":"TestOutboundInspectionHeadersFailClosed"}
2026-10-09T03:21:59.2378833Z {"Time":"2026-10-09T03:21:59.231572778Z","Action":"output","Package":"tabmail/internal/company","Test":"TestOutboundInspectionHeadersFailClosed","Output":"=== RUN   TestOutboundInspectionHeadersFailClosed\n"}
2026-10-09T03:21:59.2379893Z {"Time":"2026-10-09T03:21:59.231576603Z","Action":"output","Package":"tabmail/internal/company","Test":"TestOutboundInspectionHeadersFailClosed","Output":"--- PASS: TestOutboundInspectionHeadersFailClosed (0.00s)\n"}
2026-10-09T03:21:59.2381023Z {"Time":"2026-10-09T03:21:59.231579838Z","Action":"pass","Package":"tabmail/internal/company","Test":"TestOutboundInspectionHeadersFailClosed","Elapsed":0}
2026-10-09T03:21:59.2381881Z {"Time":"2026-10-09T03:21:59.231582802Z","Action":"run","Package":"tabmail/internal/company","Test":"TestOutboundInspectionEnhancedCodeOnly"}
2026-10-09T03:21:59.2382750Z {"Time":"2026-10-09T03:21:59.231585376Z","Action":"output","Package":"tabmail/internal/company","Test":"TestOutboundInspectionEnhancedCodeOnly","Output":"=== RUN   TestOutboundInspectionEnhancedCodeOnly\n"}
2026-10-09T03:21:59.2383788Z {"Time":"2026-10-09T03:21:59.231588451Z","Action":"output","Package":"tabmail/internal/company","Test":"TestOutboundInspectionEnhancedCodeOnly","Output":"--- PASS: TestOutboundInspectionEnhancedCodeOnly (0.00s)\n"}
2026-10-09T03:21:59.2385287Z {"Time":"2026-10-09T03:21:59.231593208Z","Action":"pass","Package":"tabmail/internal/company","Test":"TestOutboundInspectionEnhancedCodeOnly","Elapsed":0}
2026-10-09T03:21:59.2386430Z {"Time":"2026-10-09T03:21:59.231596333Z","Action":"run","Package":"tabmail/internal/company","Test":"TestPermissionEditorDecodeIntent"}
2026-10-09T03:21:59.2387387Z {"Time":"2026-10-09T03:21:59.231598676Z","Action":"output","Package":"tabmail/internal/company","Test":"TestPermissionEditorDecodeIntent","Output":"=== RUN   TestPermissionEditorDecodeIntent\n"}
2026-10-09T03:21:59.2388467Z {"Time":"2026-10-09T03:21:59.232475272Z","Action":"output","Package":"tabmail/internal/company","Test":"TestPermissionEditorDecodeIntent","Output":"--- PASS: TestPermissionEditorDecodeIntent (0.00s)\n"}
2026-10-09T03:21:59.2389343Z {"Time":"2026-10-09T03:21:59.232484786Z","Action":"pass","Package":"tabmail/internal/company","Test":"TestPermissionEditorDecodeIntent","Elapsed":0}
2026-10-09T03:21:59.2390470Z {"Time":"2026-10-09T03:21:59.232507721Z","Action":"run","Package":"tabmail/internal/company","Test":"TestPermissionEditorDecodeRejectsAmbiguity"}
2026-10-09T03:21:59.2391744Z {"Time":"2026-10-09T03:21:59.232521Z","Action":"output","Package":"tabmail/internal/company","Test":"TestPermissionEditorDecodeRejectsAmbiguity","Output":"=== RUN   TestPermissionEditorDecodeRejectsAmbiguity\n"}
2026-10-09T03:21:59.2392678Z {"Time":"2026-10-09T03:21:59.232562132Z","Action":"run","Package":"tabmail/internal/company","Test":"TestPermissionEditorDecodeRejectsAmbiguity/{\"unknown\":1}"}
2026-10-09T03:21:59.2393713Z {"Time":"2026-10-09T03:21:59.232568912Z","Action":"output","Package":"tabmail/internal/company","Test":"TestPermissionEditorDecodeRejectsAmbiguity/{\"unknown\":1}","Output":"=== RUN   TestPermissionEditorDecodeRejectsAmbiguity/{\"unknown\":1}\n"}
2026-10-09T03:21:59.2395544Z {"Time":"2026-10-09T03:21:59.232933234Z","Action":"output","Package":"tabmail/internal/company","Test":"TestPermissionEditorDecodeRejectsAmbiguity/{\"unknown\":1}","Output":"--- PASS: TestPermissionEditorDecodeRejectsAmbiguity/{\"unknown\":1} (0.00s)\n"}
2026-10-09T03:21:59.2397079Z {"Time":"2026-10-09T03:21:59.23294399Z","Action":"pass","Package":"tabmail/internal/company","Test":"TestPermissionEditorDecodeRejectsAmbiguity/{\"unknown\":1}","Elapsed":0}
2026-10-09T03:21:59.2397915Z {"Time":"2026-10-09T03:21:59.232989939Z","Action":"run","Package":"tabmail/internal/company","Test":"TestPermissionEditorDecodeRejectsAmbiguity/{\"Can_Send\":true}"}
2026-10-09T03:21:59.2399155Z {"Time":"2026-10-09T03:21:59.2329976Z","Action":"output","Package":"tabmail/internal/company","Test":"TestPermissionEditorDecodeRejectsAmbiguity/{\"Can_Send\":true}","Output":"=== RUN   TestPermissionEditorDecodeRejectsAmbiguity/{\"Can_Send\":true}\n"}
2026-10-09T03:21:59.2401408Z {"Time":"2026-10-09T03:21:59.23335329Z","Action":"output","Package":"tabmail/internal/company","Test":"TestPermissionEditorDecodeRejectsAmbiguity/{\"Can_Send\":true}","Output":"--- PASS: TestPermissionEditorDecodeRejectsAmbiguity/{\"Can_Send\":true} (0.00s)\n"}
2026-10-09T03:21:59.2402904Z {"Time":"2026-10-09T03:21:59.233362073Z","Action":"pass","Package":"tabmail/internal/company","Test":"TestPermissionEditorDecodeRejectsAmbiguity/{\"Can_Send\":true}","Elapsed":0}
2026-10-09T03:21:59.2404701Z {"Time":"2026-10-09T03:21:59.233394471Z","Action":"run","Package":"tabmail/internal/company","Test":"TestPermissionEditorDecodeRejectsAmbiguity/{\"can_send\":false,\"can_send\":true}"}
2026-10-09T03:21:59.2405936Z {"Time":"2026-10-09T03:21:59.233399188Z","Action":"output","Package":"tabmail/internal/company","Test":"TestPermissionEditorDecodeRejectsAmbiguity/{\"can_send\":false,\"can_send\":true}","Output":"=== RUN   TestPermissionEditorDecodeRejectsAmbiguity/{\"can_send\":false,\"can_send\":true}\n"}
2026-10-09T03:21:59.2407407Z {"Time":"2026-10-09T03:21:59.233570113Z","Action":"output","Package":"tabmail/internal/company","Test":"TestPermissionEditorDecodeRejectsAmbiguity/{\"can_send\":false,\"can_send\":true}","Output":"--- PASS: TestPermissionEditorDecodeRejectsAmbiguity/{\"can_send\":false,\"can_send\":true} (0.00s)\n"}
2026-10-09T03:21:59.2408629Z {"Time":"2026-10-09T03:21:59.233578205Z","Action":"pass","Package":"tabmail/internal/company","Test":"TestPermissionEditorDecodeRejectsAmbiguity/{\"can_send\":false,\"can_send\":true}","Elapsed":0}
2026-10-09T03:21:59.2409709Z {"Time":"2026-10-09T03:21:59.23360825Z","Action":"run","Package":"tabmail/internal/company","Test":"TestPermissionEditorDecodeRejectsAmbiguity/{\"can_send\":1}"}
2026-10-09T03:21:59.2410823Z {"Time":"2026-10-09T03:21:59.23361503Z","Action":"output","Package":"tabmail/internal/company","Test":"TestPermissionEditorDecodeRejectsAmbiguity/{\"can_send\":1}","Output":"=== RUN   TestPermissionEditorDecodeRejectsAmbiguity/{\"can_send\":1}\n"}
2026-10-09T03:21:59.2412078Z {"Time":"2026-10-09T03:21:59.234039292Z","Action":"output","Package":"tabmail/internal/company","Test":"TestPermissionEditorDecodeRejectsAmbiguity/{\"can_send\":1}","Output":"--- PASS: TestPermissionEditorDecodeRejectsAmbiguity/{\"can_send\":1} (0.00s)\n"}
2026-10-09T03:21:59.2413384Z {"Time":"2026-10-09T03:21:59.234063127Z","Action":"pass","Package":"tabmail/internal/company","Test":"TestPermissionEditorDecodeRejectsAmbiguity/{\"can_send\":1}","Elapsed":0}
2026-10-09T03:21:59.2464998Z {"Time":"2026-10-09T03:21:59.23407148Z","Action":"run","Package":"tabmail/internal/company","Test":"TestPermissionEditorDecodeRejectsAmbiguity/{\"daily_send_quota\":-1}"}
2026-10-09T03:21:59.2466989Z {"Time":"2026-10-09T03:21:59.234074274Z","Action":"output","Package":"tabmail/internal/company","Test":"TestPermissionEditorDecodeRejectsAmbiguity/{\"daily_send_quota\":-1}","Output":"=== RUN   TestPermissionEditorDecodeRejectsAmbiguity/{\"daily_send_quota\":-1}\n"}
2026-10-09T03:21:59.2469408Z {"Time":"2026-10-09T03:21:59.234520238Z","Action":"output","Package":"tabmail/internal/company","Test":"TestPermissionEditorDecodeRejectsAmbiguity/{\"daily_send_quota\":-1}","Output":"--- PASS: TestPermissionEditorDecodeRejectsAmbiguity/{\"daily_send_quota\":-1} (0.00s)\n"}
2026-10-09T03:21:59.2471057Z {"Time":"2026-10-09T03:21:59.23452826Z","Action":"pass","Package":"tabmail/internal/company","Test":"TestPermissionEditorDecodeRejectsAmbiguity/{\"daily_send_quota\":-1}","Elapsed":0}
2026-10-09T03:21:59.2472615Z {"Time":"2026-10-09T03:21:59.235468521Z","Action":"run","Package":"tabmail/internal/company","Test":"TestPermissionEditorDecodeRejectsAmbiguity/{\"daily_send_quota\":1.5}"}
2026-10-09T03:21:59.2474562Z {"Time":"2026-10-09T03:21:59.235478496Z","Action":"output","Package":"tabmail/internal/company","Test":"TestPermissionEditorDecodeRejectsAmbiguity/{\"daily_send_quota\":1.5}","Output":"=== RUN   TestPermissionEditorDecodeRejectsAmbiguity/{\"daily_send_quota\":1.5}\n"}
2026-10-09T03:21:59.2476995Z {"Time":"2026-10-09T03:21:59.235483964Z","Action":"output","Package":"tabmail/internal/company","Test":"TestPermissionEditorDecodeRejectsAmbiguity/{\"daily_send_quota\":1.5}","Output":"--- PASS: TestPermissionEditorDecodeRejectsAmbiguity/{\"daily_send_quota\":1.5} (0.00s)\n"}
2026-10-09T03:21:59.2478531Z {"Time":"2026-10-09T03:21:59.23548784Z","Action":"pass","Package":"tabmail/internal/company","Test":"TestPermissionEditorDecodeRejectsAmbiguity/{\"daily_send_quota\":1.5}","Elapsed":0}
2026-10-09T03:21:59.2479865Z {"Time":"2026-10-09T03:21:59.235491695Z","Action":"run","Package":"tabmail/internal/company","Test":"TestPermissionEditorDecodeRejectsAmbiguity/{\"daily_send_quota\":\"0\"}"}
2026-10-09T03:21:59.2481816Z {"Time":"2026-10-09T03:21:59.235496422Z","Action":"output","Package":"tabmail/internal/company","Test":"TestPermissionEditorDecodeRejectsAmbiguity/{\"daily_send_quota\":\"0\"}","Output":"=== RUN   TestPermissionEditorDecodeRejectsAmbiguity/{\"daily_send_quota\":\"0\"}\n"}
2026-10-09T03:21:59.2484038Z {"Time":"2026-10-09T03:21:59.235500669Z","Action":"output","Package":"tabmail/internal/company","Test":"TestPermissionEditorDecodeRejectsAmbiguity/{\"daily_send_quota\":\"0\"}","Output":"--- PASS: TestPermissionEditorDecodeRejectsAmbiguity/{\"daily_send_quota\":\"0\"} (0.00s)\n"}
2026-10-09T03:21:59.2486192Z {"Time":"2026-10-09T03:21:59.235504034Z","Action":"pass","Package":"tabmail/internal/company","Test":"TestPermissionEditorDecodeRejectsAmbiguity/{\"daily_send_quota\":\"0\"}","Elapsed":0}
2026-10-09T03:21:59.2488002Z {"Time":"2026-10-09T03:21:59.235543042Z","Action":"run","Package":"tabmail/internal/company","Test":"TestPermissionEditorDecodeRejectsAmbiguity/{\"max_domains\":9223372036854775808}"}
2026-10-09T03:21:59.2490074Z {"Time":"2026-10-09T03:21:59.235548911Z","Action":"output","Package":"tabmail/internal/company","Test":"TestPermissionEditorDecodeRejectsAmbiguity/{\"max_domains\":9223372036854775808}","Output":"=== RUN   TestPermissionEditorDecodeRejectsAmbiguity/{\"max_domains\":9223372036854775808}\n"}
2026-10-09T03:21:59.2492425Z {"Time":"2026-10-09T03:21:59.236023307Z","Action":"output","Package":"tabmail/internal/company","Test":"TestPermissionEditorDecodeRejectsAmbiguity/{\"max_domains\":9223372036854775808}","Output":"--- PASS: TestPermissionEditorDecodeRejectsAmbiguity/{\"max_domains\":9223372036854775808} (0.00s)\n"}
2026-10-09T03:21:59.2494703Z {"Time":"2026-10-09T03:21:59.236034003Z","Action":"pass","Package":"tabmail/internal/company","Test":"TestPermissionEditorDecodeRejectsAmbiguity/{\"max_domains\":9223372036854775808}","Elapsed":0}
2026-10-09T03:21:59.2496462Z {"Time":"2026-10-09T03:21:59.237470193Z","Action":"run","Package":"tabmail/internal/company","Test":"TestPermissionEditorDecodeRejectsAmbiguity/{\"domain_access\":{\"mode\":\"none\",\"unknown\":true}}"}
2026-10-09T03:21:59.2498790Z {"Time":"2026-10-09T03:21:59.237477734Z","Action":"output","Package":"tabmail/internal/company","Test":"TestPermissionEditorDecodeRejectsAmbiguity/{\"domain_access\":{\"mode\":\"none\",\"unknown\":true}}","Output":"=== RUN   TestPermissionEditorDecodeRejectsAmbiguity/{\"domain_access\":{\"mode\":\"none\",\"unknown\":true}}\n"}
2026-10-09T03:21:59.2501642Z {"Time":"2026-10-09T03:21:59.237484013Z","Action":"output","Package":"tabmail/internal/company","Test":"TestPermissionEditorDecodeRejectsAmbiguity/{\"domain_access\":{\"mode\":\"none\",\"unknown\":true}}","Output":"--- PASS: TestPermissionEditorDecodeRejectsAmbiguity/{\"domain_access\":{\"mode\":\"none\",\"unknown\":true}} (0.00s)\n"}
2026-10-09T03:21:59.2504119Z {"Time":"2026-10-09T03:21:59.237487679Z","Action":"pass","Package":"tabmail/internal/company","Test":"TestPermissionEditorDecodeRejectsAmbiguity/{\"domain_access\":{\"mode\":\"none\",\"unknown\":true}}","Elapsed":0}
2026-10-09T03:21:59.2506247Z {"Time":"2026-10-09T03:21:59.237493077Z","Action":"run","Package":"tabmail/internal/company","Test":"TestPermissionEditorDecodeRejectsAmbiguity/{\"domain_access\":{\"mode\":\"none\",\"Mode\":\"all\"}}"}
2026-10-09T03:21:59.2508746Z {"Time":"2026-10-09T03:21:59.237498174Z","Action":"output","Package":"tabmail/internal/company","Test":"TestPermissionEditorDecodeRejectsAmbiguity/{\"domain_access\":{\"mode\":\"none\",\"Mode\":\"all\"}}","Output":"=== RUN   TestPermissionEditorDecodeRejectsAmbiguity/{\"domain_access\":{\"mode\":\"none\",\"Mode\":\"all\"}}\n"}
2026-10-09T03:21:59.2511673Z {"Time":"2026-10-09T03:21:59.237502511Z","Action":"output","Package":"tabmail/internal/company","Test":"TestPermissionEditorDecodeRejectsAmbiguity/{\"domain_access\":{\"mode\":\"none\",\"Mode\":\"all\"}}","Output":"--- PASS: TestPermissionEditorDecodeRejectsAmbiguity/{\"domain_access\":{\"mode\":\"none\",\"Mode\":\"all\"}} (0.00s)\n"}
2026-10-09T03:21:59.2515509Z {"Time":"2026-10-09T03:21:59.237506166Z","Action":"pass","Package":"tabmail/internal/company","Test":"TestPermissionEditorDecodeRejectsAmbiguity/{\"domain_access\":{\"mode\":\"none\",\"Mode\":\"all\"}}","Elapsed":0}
2026-10-09T03:21:59.2517421Z {"Time":"2026-10-09T03:21:59.237509291Z","Action":"run","Package":"tabmail/internal/company","Test":"TestPermissionEditorDecodeRejectsAmbiguity/{\"domain_access\":{\"mode\":\"list\",\"zone_ids\":[]}}"}
2026-10-09T03:21:59.2519803Z {"Time":"2026-10-09T03:21:59.237512095Z","Action":"output","Package":"tabmail/internal/company","Test":"TestPermissionEditorDecodeRejectsAmbiguity/{\"domain_access\":{\"mode\":\"list\",\"zone_ids\":[]}}","Output":"=== RUN   TestPermissionEditorDecodeRejectsAmbiguity/{\"domain_access\":{\"mode\":\"list\",\"zone_ids\":[]}}\n"}
2026-10-09T03:21:59.2523021Z {"Time":"2026-10-09T03:21:59.237544203Z","Action":"output","Package":"tabmail/internal/company","Test":"TestPermissionEditorDecodeRejectsAmbiguity/{\"domain_access\":{\"mode\":\"list\",\"zone_ids\":[]}}","Output":"--- PASS: TestPermissionEditorDecodeRejectsAmbiguity/{\"domain_access\":{\"mode\":\"list\",\"zone_ids\":[]}} (0.00s)\n"}
2026-10-09T03:21:59.2525791Z {"Time":"2026-10-09T03:21:59.237625885Z","Action":"pass","Package":"tabmail/internal/company","Test":"TestPermissionEditorDecodeRejectsAmbiguity/{\"domain_access\":{\"mode\":\"list\",\"zone_ids\":[]}}","Elapsed":0}
2026-10-09T03:21:59.2527757Z {"Time":"2026-10-09T03:21:59.23766985Z","Action":"run","Package":"tabmail/internal/company","Test":"TestPermissionEditorDecodeRejectsAmbiguity/{\"domain_access\":{\"mode\":\"all\",\"zone_ids\":[\"11111111-1111-4111-8111-111111111111\"]}}"}
2026-10-09T03:21:59.2530516Z {"Time":"2026-10-09T03:21:59.237674167Z","Action":"output","Package":"tabmail/internal/company","Test":"TestPermissionEditorDecodeRejectsAmbiguity/{\"domain_access\":{\"mode\":\"all\",\"zone_ids\":[\"11111111-1111-4111-8111-111111111111\"]}}","Output":"=== RUN   TestPermissionEditorDecodeRejectsAmbiguity/{\"domain_access\":{\"mode\":\"all\",\"zone_ids\":[\"11111111-1111-4111-8111-111111111111\"]}}\n"}
2026-10-09T03:21:59.2534364Z {"Time":"2026-10-09T03:21:59.238064198Z","Action":"output","Package":"tabmail/internal/company","Test":"TestPermissionEditorDecodeRejectsAmbiguity/{\"domain_access\":{\"mode\":\"all\",\"zone_ids\":[\"11111111-1111-4111-8111-111111111111\"]}}","Output":"--- PASS: TestPermissionEditorDecodeRejectsAmbiguity/{\"domain_access\":{\"mode\":\"all\",\"zone_ids\":[\"11111111-1111-4111-8111-111111111111\"]}} (0.00s)\n"}
2026-10-09T03:21:59.2537399Z {"Time":"2026-10-09T03:21:59.23809245Z","Action":"pass","Package":"tabmail/internal/company","Test":"TestPermissionEditorDecodeRejectsAmbiguity/{\"domain_access\":{\"mode\":\"all\",\"zone_ids\":[\"11111111-1111-4111-8111-111111111111\"]}}","Elapsed":0}
2026-10-09T03:21:59.2539381Z {"Time":"2026-10-09T03:21:59.238115624Z","Action":"run","Package":"tabmail/internal/company","Test":"TestPermissionEditorDecodeRejectsAmbiguity/{\"domain_access\":{\"mode\":\"list\",\"zone_ids\":[\"bogus\"]}}"}
2026-10-09T03:21:59.2541780Z {"Time":"2026-10-09T03:21:59.238118478Z","Action":"output","Package":"tabmail/internal/company","Test":"TestPermissionEditorDecodeRejectsAmbiguity/{\"domain_access\":{\"mode\":\"list\",\"zone_ids\":[\"bogus\"]}}","Output":"=== RUN   TestPermissionEditorDecodeRejectsAmbiguity/{\"domain_access\":{\"mode\":\"list\",\"zone_ids\":[\"bogus\"]}}\n"}
2026-10-09T03:21:59.2544946Z {"Time":"2026-10-09T03:21:59.238414319Z","Action":"output","Package":"tabmail/internal/company","Test":"TestPermissionEditorDecodeRejectsAmbiguity/{\"domain_access\":{\"mode\":\"list\",\"zone_ids\":[\"bogus\"]}}","Output":"--- PASS: TestPermissionEditorDecodeRejectsAmbiguity/{\"domain_access\":{\"mode\":\"list\",\"zone_ids\":[\"bogus\"]}} (0.00s)\n"}
2026-10-09T03:21:59.2547429Z {"Time":"2026-10-09T03:21:59.23842838Z","Action":"pass","Package":"tabmail/internal/company","Test":"TestPermissionEditorDecodeRejectsAmbiguity/{\"domain_access\":{\"mode\":\"list\",\"zone_ids\":[\"bogus\"]}}","Elapsed":0}
2026-10-09T03:21:59.2549462Z {"Time":"2026-10-09T03:21:59.238482951Z","Action":"run","Package":"tabmail/internal/company","Test":"TestPermissionEditorDecodeRejectsAmbiguity/{\"domain_access\":{\"mode\":\"list\",\"zone_ids\":[\"00000000-0000-0000-0000-000000000000\"]}}"}
2026-10-09T03:21:59.2552260Z {"Time":"2026-10-09T03:21:59.238487869Z","Action":"output","Package":"tabmail/internal/company","Test":"TestPermissionEditorDecodeRejectsAmbiguity/{\"domain_access\":{\"mode\":\"list\",\"zone_ids\":[\"00000000-0000-0000-0000-000000000000\"]}}","Output":"=== RUN   TestPermissionEditorDecodeRejectsAmbiguity/{\"domain_access\":{\"mode\":\"list\",\"zone_ids\":[\"00000000-0000-0000-0000-000000000000\"]}}\n"}
2026-10-09T03:21:59.2555963Z {"Time":"2026-10-09T03:21:59.238964889Z","Action":"output","Package":"tabmail/internal/company","Test":"TestPermissionEditorDecodeRejectsAmbiguity/{\"domain_access\":{\"mode\":\"list\",\"zone_ids\":[\"00000000-0000-0000-0000-000000000000\"]}}","Output":"--- PASS: TestPermissionEditorDecodeRejectsAmbiguity/{\"domain_access\":{\"mode\":\"list\",\"zone_ids\":[\"00000000-0000-0000-0000-000000000000\"]}} (0.00s)\n"}
2026-10-09T03:21:59.2559255Z {"Time":"2026-10-09T03:21:59.238977218Z","Action":"pass","Package":"tabmail/internal/company","Test":"TestPermissionEditorDecodeRejectsAmbiguity/{\"domain_access\":{\"mode\":\"list\",\"zone_ids\":[\"00000000-0000-0000-0000-000000000000\"]}}","Elapsed":0}
2026-10-09T03:21:59.2561570Z {"Time":"2026-10-09T03:21:59.239022235Z","Action":"run","Package":"tabmail/internal/company","Test":"TestPermissionEditorDecodeRejectsAmbiguity/{\"domain_access\":{\"mode\":\"list\",\"zone_ids\":[\"11111111-1111-4111-8111-111111111111\",\"11111111-1111-4111-8111-111111111111\"]}}"}
2026-10-09T03:21:59.2565078Z {"Time":"2026-10-09T03:21:59.239028134Z","Action":"output","Package":"tabmail/internal/company","Test":"TestPermissionEditorDecodeRejectsAmbiguity/{\"domain_access\":{\"mode\":\"list\",\"zone_ids\":[\"11111111-1111-4111-8111-111111111111\",\"11111111-1111-4111-8111-111111111111\"]}}","Output":"=== RUN   TestPermissionEditorDecodeRejectsAmbiguity/{\"domain_access\":{\"mode\":\"list\",\"zone_ids\":[\"11111111-1111-4111-8111-111111111111\",\"11111111-1111-4111-8111-111111111111\"]}}\n"}
2026-10-09T03:21:59.2569283Z {"Time":"2026-10-09T03:21:59.239477904Z","Action":"output","Package":"tabmail/internal/company","Test":"TestPermissionEditorDecodeRejectsAmbiguity/{\"domain_access\":{\"mode\":\"list\",\"zone_ids\":[\"11111111-1111-4111-8111-111111111111\",\"11111111-1111-4111-8111-111111111111\"]}}","Output":"--- PASS: TestPermissionEditorDecodeRejectsAmbiguity/{\"domain_access\":{\"mode\":\"list\",\"zone_ids\":[\"11111111-1111-4111-8111-111111111111\",\"11111111-1111-4111-8111-111111111111\"]}} (0.00s)\n"}
2026-10-09T03:21:59.2572668Z {"Time":"2026-10-09T03:21:59.239505134Z","Action":"pass","Package":"tabmail/internal/company","Test":"TestPermissionEditorDecodeRejectsAmbiguity/{\"domain_access\":{\"mode\":\"list\",\"zone_ids\":[\"11111111-1111-4111-8111-111111111111\",\"11111111-1111-4111-8111-111111111111\"]}}","Elapsed":0}
2026-10-09T03:21:59.2574897Z {"Time":"2026-10-09T03:21:59.239531273Z","Action":"run","Package":"tabmail/internal/company","Test":"TestPermissionEditorDecodeRejectsAmbiguity/{\"domain_access\":{\"mode\":\"bogus\"}}"}
2026-10-09T03:21:59.2577069Z {"Time":"2026-10-09T03:21:59.239553426Z","Action":"output","Package":"tabmail/internal/company","Test":"TestPermissionEditorDecodeRejectsAmbiguity/{\"domain_access\":{\"mode\":\"bogus\"}}","Output":"=== RUN   TestPermissionEditorDecodeRejectsAmbiguity/{\"domain_access\":{\"mode\":\"bogus\"}}\n"}
2026-10-09T03:21:59.2579716Z {"Time":"2026-10-09T03:21:59.239882496Z","Action":"output","Package":"tabmail/internal/company","Test":"TestPermissionEditorDecodeRejectsAmbiguity/{\"domain_access\":{\"mode\":\"bogus\"}}","Output":"--- PASS: TestPermissionEditorDecodeRejectsAmbiguity/{\"domain_access\":{\"mode\":\"bogus\"}} (0.00s)\n"}
2026-10-09T03:21:59.2581622Z {"Time":"2026-10-09T03:21:59.239921775Z","Action":"pass","Package":"tabmail/internal/company","Test":"TestPermissionEditorDecodeRejectsAmbiguity/{\"domain_access\":{\"mode\":\"bogus\"}}","Elapsed":0}
2026-10-09T03:21:59.2582767Z {"Time":"2026-10-09T03:21:59.240312717Z","Action":"output","Package":"tabmail/internal/company","Test":"TestPermissionEditorDecodeRejectsAmbiguity","Output":"--- PASS: TestPermissionEditorDecodeRejectsAmbiguity (0.01s)\n"}
2026-10-09T03:21:59.2583732Z {"Time":"2026-10-09T03:21:59.24032146Z","Action":"pass","Package":"tabmail/internal/company","Test":"TestPermissionEditorDecodeRejectsAmbiguity","Elapsed":0.01}
2026-10-09T03:21:59.2584674Z {"Time":"2026-10-09T03:21:59.240349132Z","Action":"run","Package":"tabmail/internal/company","Test":"TestPermissionEditorDecodeEmptyAndDomainModes"}
2026-10-09T03:21:59.2585690Z {"Time":"2026-10-09T03:21:59.240357594Z","Action":"output","Package":"tabmail/internal/company","Test":"TestPermissionEditorDecodeEmptyAndDomainModes","Output":"=== RUN   TestPermissionEditorDecodeEmptyAndDomainModes\n"}
2026-10-09T03:21:59.2587095Z {"Time":"2026-10-09T03:21:59.241686965Z","Action":"output","Package":"tabmail/internal/company","Test":"TestPermissionEditorDecodeEmptyAndDomainModes","Output":"--- PASS: TestPermissionEditorDecodeEmptyAndDomainModes (0.00s)\n"}
2026-10-09T03:21:59.2588078Z {"Time":"2026-10-09T03:21:59.241739002Z","Action":"pass","Package":"tabmail/internal/company","Test":"TestPermissionEditorDecodeEmptyAndDomainModes","Elapsed":0}
2026-10-09T03:21:59.2588872Z {"Time":"2026-10-09T03:21:59.241749407Z","Action":"run","Package":"tabmail/internal/company","Test":"TestPermissionEditorDecodeRequiresCompleteObservation"}
2026-10-09T03:21:59.2589925Z {"Time":"2026-10-09T03:21:59.241752382Z","Action":"output","Package":"tabmail/internal/company","Test":"TestPermissionEditorDecodeRequiresCompleteObservation","Output":"=== RUN   TestPermissionEditorDecodeRequiresCompleteObservation\n"}
2026-10-09T03:21:59.2591181Z {"Time":"2026-10-09T03:21:59.242508128Z","Action":"output","Package":"tabmail/internal/company","Test":"TestPermissionEditorDecodeRequiresCompleteObservation","Output":"--- PASS: TestPermissionEditorDecodeRequiresCompleteObservation (0.00s)\n"}
2026-10-09T03:21:59.2592233Z {"Time":"2026-10-09T03:21:59.242518603Z","Action":"pass","Package":"tabmail/internal/company","Test":"TestPermissionEditorDecodeRequiresCompleteObservation","Elapsed":0}
2026-10-09T03:21:59.2593024Z {"Time":"2026-10-09T03:21:59.242525483Z","Action":"run","Package":"tabmail/internal/company","Test":"TestPermissionAssignmentDecodeExplicitIntent"}
2026-10-09T03:21:59.2593942Z {"Time":"2026-10-09T03:21:59.242528258Z","Action":"output","Package":"tabmail/internal/company","Test":"TestPermissionAssignmentDecodeExplicitIntent","Output":"=== RUN   TestPermissionAssignmentDecodeExplicitIntent\n"}
2026-10-09T03:21:59.2595276Z {"Time":"2026-10-09T03:21:59.243196954Z","Action":"output","Package":"tabmail/internal/company","Test":"TestPermissionAssignmentDecodeExplicitIntent","Output":"--- PASS: TestPermissionAssignmentDecodeExplicitIntent (0.00s)\n"}
2026-10-09T03:21:59.2596272Z {"Time":"2026-10-09T03:21:59.24320776Z","Action":"pass","Package":"tabmail/internal/company","Test":"TestPermissionAssignmentDecodeExplicitIntent","Elapsed":0}
2026-10-09T03:21:59.2597132Z {"Time":"2026-10-09T03:21:59.243214069Z","Action":"run","Package":"tabmail/internal/company","Test":"TestPermissionAssignmentDecodeRejectsMissingOrAmbiguousIntent"}
2026-10-09T03:21:59.2598242Z {"Time":"2026-10-09T03:21:59.243216633Z","Action":"output","Package":"tabmail/internal/company","Test":"TestPermissionAssignmentDecodeRejectsMissingOrAmbiguousIntent","Output":"=== RUN   TestPermissionAssignmentDecodeRejectsMissingOrAmbiguousIntent\n"}
2026-10-09T03:21:59.2599604Z {"Time":"2026-10-09T03:21:59.24550385Z","Action":"output","Package":"tabmail/internal/company","Test":"TestPermissionAssignmentDecodeRejectsMissingOrAmbiguousIntent","Output":"--- PASS: TestPermissionAssignmentDecodeRejectsMissingOrAmbiguousIntent (0.00s)\n"}
2026-10-09T03:21:59.2600743Z {"Time":"2026-10-09T03:21:59.245518432Z","Action":"pass","Package":"tabmail/internal/company","Test":"TestPermissionAssignmentDecodeRejectsMissingOrAmbiguousIntent","Elapsed":0}
2026-10-09T03:21:59.2601588Z {"Time":"2026-10-09T03:21:59.245524491Z","Action":"run","Package":"tabmail/internal/company","Test":"TestAdvanceTemplateEmailVariableKeepsMailboxSpelling"}
2026-10-09T03:21:59.2602585Z {"Time":"2026-10-09T03:21:59.245527405Z","Action":"output","Package":"tabmail/internal/company","Test":"TestAdvanceTemplateEmailVariableKeepsMailboxSpelling","Output":"=== RUN   TestAdvanceTemplateEmailVariableKeepsMailboxSpelling\n"}
2026-10-09T03:21:59.2603580Z {"Time":"2026-10-09T03:21:59.245572883Z","Action":"run","Package":"tabmail/internal/company","Test":"TestAdvanceTemplateEmailVariableKeepsMailboxSpelling/ordinary"}
2026-10-09T03:21:59.2604989Z {"Time":"2026-10-09T03:21:59.245578081Z","Action":"output","Package":"tabmail/internal/company","Test":"TestAdvanceTemplateEmailVariableKeepsMailboxSpelling/ordinary","Output":"=== RUN   TestAdvanceTemplateEmailVariableKeepsMailboxSpelling/ordinary\n"}
2026-10-09T03:21:59.2607411Z {"Time":"2026-10-09T03:21:59.246120078Z","Action":"output","Package":"tabmail/internal/company","Test":"TestAdvanceTemplateEmailVariableKeepsMailboxSpelling/ordinary","Output":"--- PASS: TestAdvanceTemplateEmailVariableKeepsMailboxSpelling/ordinary (0.00s)\n"}
2026-10-09T03:21:59.2608559Z {"Time":"2026-10-09T03:21:59.246128481Z","Action":"pass","Package":"tabmail/internal/company","Test":"TestAdvanceTemplateEmailVariableKeepsMailboxSpelling/ordinary","Elapsed":0}
2026-10-09T03:21:59.2609413Z {"Time":"2026-10-09T03:21:59.246146287Z","Action":"run","Package":"tabmail/internal/company","Test":"TestAdvanceTemplateEmailVariableKeepsMailboxSpelling/plus"}
2026-10-09T03:21:59.2610474Z {"Time":"2026-10-09T03:21:59.246150023Z","Action":"output","Package":"tabmail/internal/company","Test":"TestAdvanceTemplateEmailVariableKeepsMailboxSpelling/plus","Output":"=== RUN   TestAdvanceTemplateEmailVariableKeepsMailboxSpelling/plus\n"}
2026-10-09T03:21:59.2612104Z {"Time":"2026-10-09T03:21:59.24659143Z","Action":"output","Package":"tabmail/internal/company","Test":"TestAdvanceTemplateEmailVariableKeepsMailboxSpelling/plus","Output":"--- PASS: TestAdvanceTemplateEmailVariableKeepsMailboxSpelling/plus (0.00s)\n"}
2026-10-09T03:21:59.2613312Z {"Time":"2026-10-09T03:21:59.246603528Z","Action":"pass","Package":"tabmail/internal/company","Test":"TestAdvanceTemplateEmailVariableKeepsMailboxSpelling/plus","Elapsed":0}
2026-10-09T03:21:59.2614157Z {"Time":"2026-10-09T03:21:59.246626463Z","Action":"run","Package":"tabmail/internal/company","Test":"TestAdvanceTemplateEmailVariableKeepsMailboxSpelling/unicode"}
2026-10-09T03:21:59.2615463Z {"Time":"2026-10-09T03:21:59.246634485Z","Action":"output","Package":"tabmail/internal/company","Test":"TestAdvanceTemplateEmailVariableKeepsMailboxSpelling/unicode","Output":"=== RUN   TestAdvanceTemplateEmailVariableKeepsMailboxSpelling/unicode\n"}
2026-10-09T03:21:59.2616810Z {"Time":"2026-10-09T03:21:59.247018406Z","Action":"output","Package":"tabmail/internal/company","Test":"TestAdvanceTemplateEmailVariableKeepsMailboxSpelling/unicode","Output":"--- PASS: TestAdvanceTemplateEmailVariableKeepsMailboxSpelling/unicode (0.00s)\n"}
2026-10-09T03:21:59.2618324Z {"Time":"2026-10-09T03:21:59.247029172Z","Action":"pass","Package":"tabmail/internal/company","Test":"TestAdvanceTemplateEmailVariableKeepsMailboxSpelling/unicode","Elapsed":0}
2026-10-09T03:21:59.2619199Z {"Time":"2026-10-09T03:21:59.247052497Z","Action":"run","Package":"tabmail/internal/company","Test":"TestAdvanceTemplateEmailVariableKeepsMailboxSpelling/address_literal"}
2026-10-09T03:21:59.2620329Z {"Time":"2026-10-09T03:21:59.247057445Z","Action":"output","Package":"tabmail/internal/company","Test":"TestAdvanceTemplateEmailVariableKeepsMailboxSpelling/address_literal","Output":"=== RUN   TestAdvanceTemplateEmailVariableKeepsMailboxSpelling/address_literal\n"}
2026-10-09T03:21:59.2621745Z {"Time":"2026-10-09T03:21:59.247386365Z","Action":"output","Package":"tabmail/internal/company","Test":"TestAdvanceTemplateEmailVariableKeepsMailboxSpelling/address_literal","Output":"--- PASS: TestAdvanceTemplateEmailVariableKeepsMailboxSpelling/address_literal (0.00s)\n"}
2026-10-09T03:21:59.2623259Z {"Time":"2026-10-09T03:21:59.247395739Z","Action":"pass","Package":"tabmail/internal/company","Test":"TestAdvanceTemplateEmailVariableKeepsMailboxSpelling/address_literal","Elapsed":0}
2026-10-09T03:21:59.2624260Z {"Time":"2026-10-09T03:21:59.247460525Z","Action":"run","Package":"tabmail/internal/company","Test":"TestAdvanceTemplateEmailVariableKeepsMailboxSpelling/quoted_comma"}
2026-10-09T03:21:59.2626011Z {"Time":"2026-10-09T03:21:59.247471862Z","Action":"output","Package":"tabmail/internal/company","Test":"TestAdvanceTemplateEmailVariableKeepsMailboxSpelling/quoted_comma","Output":"=== RUN   TestAdvanceTemplateEmailVariableKeepsMailboxSpelling/quoted_comma\n"}
2026-10-09T03:21:59.2627831Z {"Time":"2026-10-09T03:21:59.247865629Z","Action":"output","Package":"tabmail/internal/company","Test":"TestAdvanceTemplateEmailVariableKeepsMailboxSpelling/quoted_comma","Output":"--- PASS: TestAdvanceTemplateEmailVariableKeepsMailboxSpelling/quoted_comma (0.00s)\n"}
2026-10-09T03:21:59.2629193Z {"Time":"2026-10-09T03:21:59.247928252Z","Action":"pass","Package":"tabmail/internal/company","Test":"TestAdvanceTemplateEmailVariableKeepsMailboxSpelling/quoted_comma","Elapsed":0}
2026-10-09T03:21:59.2630302Z {"Time":"2026-10-09T03:21:59.247988341Z","Action":"run","Package":"tabmail/internal/company","Test":"TestAdvanceTemplateEmailVariableKeepsMailboxSpelling/quoted_at"}
2026-10-09T03:21:59.2631382Z {"Time":"2026-10-09T03:21:59.247996293Z","Action":"output","Package":"tabmail/internal/company","Test":"TestAdvanceTemplateEmailVariableKeepsMailboxSpelling/quoted_at","Output":"=== RUN   TestAdvanceTemplateEmailVariableKeepsMailboxSpelling/quoted_at\n"}
2026-10-09T03:21:59.2632719Z {"Time":"2026-10-09T03:21:59.248338954Z","Action":"output","Package":"tabmail/internal/company","Test":"TestAdvanceTemplateEmailVariableKeepsMailboxSpelling/quoted_at","Output":"--- PASS: TestAdvanceTemplateEmailVariableKeepsMailboxSpelling/quoted_at (0.00s)\n"}
2026-10-09T03:21:59.2633836Z {"Time":"2026-10-09T03:21:59.24834976Z","Action":"pass","Package":"tabmail/internal/company","Test":"TestAdvanceTemplateEmailVariableKeepsMailboxSpelling/quoted_at","Elapsed":0}
2026-10-09T03:21:59.2635125Z {"Time":"2026-10-09T03:21:59.249474556Z","Action":"run","Package":"tabmail/internal/company","Test":"TestAdvanceTemplateEmailVariableKeepsMailboxSpelling/quoted_space"}
2026-10-09T03:21:59.2636387Z {"Time":"2026-10-09T03:21:59.249484591Z","Action":"output","Package":"tabmail/internal/company","Test":"TestAdvanceTemplateEmailVariableKeepsMailboxSpelling/quoted_space","Output":"=== RUN   TestAdvanceTemplateEmailVariableKeepsMailboxSpelling/quoted_space\n"}
2026-10-09T03:21:59.2637769Z {"Time":"2026-10-09T03:21:59.249491541Z","Action":"output","Package":"tabmail/internal/company","Test":"TestAdvanceTemplateEmailVariableKeepsMailboxSpelling/quoted_space","Output":"--- PASS: TestAdvanceTemplateEmailVariableKeepsMailboxSpelling/quoted_space (0.00s)\n"}
2026-10-09T03:21:59.2638922Z {"Time":"2026-10-09T03:21:59.249495948Z","Action":"pass","Package":"tabmail/internal/company","Test":"TestAdvanceTemplateEmailVariableKeepsMailboxSpelling/quoted_space","Elapsed":0}
2026-10-09T03:21:59.2639799Z {"Time":"2026-10-09T03:21:59.249499563Z","Action":"run","Package":"tabmail/internal/company","Test":"TestAdvanceTemplateEmailVariableKeepsMailboxSpelling/quoted_quote"}
2026-10-09T03:21:59.2641265Z {"Time":"2026-10-09T03:21:59.249502327Z","Action":"output","Package":"tabmail/internal/company","Test":"TestAdvanceTemplateEmailVariableKeepsMailboxSpelling/quoted_quote","Output":"=== RUN   TestAdvanceTemplateEmailVariableKeepsMailboxSpelling/quoted_quote\n"}
2026-10-09T03:21:59.2643746Z {"Time":"2026-10-09T03:21:59.249506453Z","Action":"output","Package":"tabmail/internal/company","Test":"TestAdvanceTemplateEmailVariableKeepsMailboxSpelling/quoted_quote","Output":"--- PASS: TestAdvanceTemplateEmailVariableKeepsMailboxSpelling/quoted_quote (0.00s)\n"}
2026-10-09T03:21:59.2645990Z {"Time":"2026-10-09T03:21:59.249513804Z","Action":"pass","Package":"tabmail/internal/company","Test":"TestAdvanceTemplateEmailVariableKeepsMailboxSpelling/quoted_quote","Elapsed":0}
2026-10-09T03:21:59.2647605Z {"Time":"2026-10-09T03:21:59.249516899Z","Action":"run","Package":"tabmail/internal/company","Test":"TestAdvanceTemplateEmailVariableKeepsMailboxSpelling/quoted_backslash"}
2026-10-09T03:21:59.2649726Z {"Time":"2026-10-09T03:21:59.249519683Z","Action":"output","Package":"tabmail/internal/company","Test":"TestAdvanceTemplateEmailVariableKeepsMailboxSpelling/quoted_backslash","Output":"=== RUN   TestAdvanceTemplateEmailVariableKeepsMailboxSpelling/quoted_backslash\n"}
2026-10-09T03:21:59.2652339Z {"Time":"2026-10-09T03:21:59.249590839Z","Action":"output","Package":"tabmail/internal/company","Test":"TestAdvanceTemplateEmailVariableKeepsMailboxSpelling/quoted_backslash","Output":"--- PASS: TestAdvanceTemplateEmailVariableKeepsMailboxSpelling/quoted_backslash (0.00s)\n"}
2026-10-09T03:21:59.2655111Z {"Time":"2026-10-09T03:21:59.249602216Z","Action":"pass","Package":"tabmail/internal/company","Test":"TestAdvanceTemplateEmailVariableKeepsMailboxSpelling/quoted_backslash","Elapsed":0}
2026-10-09T03:21:59.2656728Z {"Time":"2026-10-09T03:21:59.249633583Z","Action":"run","Package":"tabmail/internal/company","Test":"TestAdvanceTemplateEmailVariableKeepsMailboxSpelling/quoted_html"}
2026-10-09T03:21:59.2658745Z {"Time":"2026-10-09T03:21:59.249639832Z","Action":"output","Package":"tabmail/internal/company","Test":"TestAdvanceTemplateEmailVariableKeepsMailboxSpelling/quoted_html","Output":"=== RUN   TestAdvanceTemplateEmailVariableKeepsMailboxSpelling/quoted_html\n"}
2026-10-09T03:21:59.2661304Z {"Time":"2026-10-09T03:21:59.251023283Z","Action":"output","Package":"tabmail/internal/company","Test":"TestAdvanceTemplateEmailVariableKeepsMailboxSpelling/quoted_html","Output":"--- PASS: TestAdvanceTemplateEmailVariableKeepsMailboxSpelling/quoted_html (0.00s)\n"}
2026-10-09T03:21:59.2663446Z {"Time":"2026-10-09T03:21:59.251034399Z","Action":"pass","Package":"tabmail/internal/company","Test":"TestAdvanceTemplateEmailVariableKeepsMailboxSpelling/quoted_html","Elapsed":0}
2026-10-09T03:21:59.2665212Z {"Time":"2026-10-09T03:21:59.251062641Z","Action":"run","Package":"tabmail/internal/company","Test":"TestAdvanceTemplateEmailVariableKeepsMailboxSpelling/redundant_quotes"}
2026-10-09T03:21:59.2667313Z {"Time":"2026-10-09T03:21:59.251065726Z","Action":"output","Package":"tabmail/internal/company","Test":"TestAdvanceTemplateEmailVariableKeepsMailboxSpelling/redundant_quotes","Output":"=== RUN   TestAdvanceTemplateEmailVariableKeepsMailboxSpelling/redundant_quotes\n"}
2026-10-09T03:21:59.2669903Z {"Time":"2026-10-09T03:21:59.251708884Z","Action":"output","Package":"tabmail/internal/company","Test":"TestAdvanceTemplateEmailVariableKeepsMailboxSpelling/redundant_quotes","Output":"--- PASS: TestAdvanceTemplateEmailVariableKeepsMailboxSpelling/redundant_quotes (0.00s)\n"}
2026-10-09T03:21:59.2672036Z {"Time":"2026-10-09T03:21:59.251716656Z","Action":"pass","Package":"tabmail/internal/company","Test":"TestAdvanceTemplateEmailVariableKeepsMailboxSpelling/redundant_quotes","Elapsed":0}
2026-10-09T03:21:59.2673669Z {"Time":"2026-10-09T03:21:59.251724367Z","Action":"run","Package":"tabmail/internal/company","Test":"TestAdvanceTemplateEmailVariableKeepsMailboxSpelling/quoted_unicode"}
2026-10-09T03:21:59.2675892Z {"Time":"2026-10-09T03:21:59.25172641Z","Action":"output","Package":"tabmail/internal/company","Test":"TestAdvanceTemplateEmailVariableKeepsMailboxSpelling/quoted_unicode","Output":"=== RUN   TestAdvanceTemplateEmailVariableKeepsMailboxSpelling/quoted_unicode\n"}
2026-10-09T03:21:59.2678500Z {"Time":"2026-10-09T03:21:59.252167157Z","Action":"output","Package":"tabmail/internal/company","Test":"TestAdvanceTemplateEmailVariableKeepsMailboxSpelling/quoted_unicode","Output":"--- PASS: TestAdvanceTemplateEmailVariableKeepsMailboxSpelling/quoted_unicode (0.00s)\n"}
2026-10-09T03:21:59.2680643Z {"Time":"2026-10-09T03:21:59.252173406Z","Action":"pass","Package":"tabmail/internal/company","Test":"TestAdvanceTemplateEmailVariableKeepsMailboxSpelling/quoted_unicode","Elapsed":0}
2026-10-09T03:21:59.2682220Z {"Time":"2026-10-09T03:21:59.252193726Z","Action":"run","Package":"tabmail/internal/company","Test":"TestAdvanceTemplateEmailVariableKeepsMailboxSpelling/display_name"}
2026-10-09T03:21:59.2684295Z {"Time":"2026-10-09T03:21:59.252195569Z","Action":"output","Package":"tabmail/internal/company","Test":"TestAdvanceTemplateEmailVariableKeepsMailboxSpelling/display_name","Output":"=== RUN   TestAdvanceTemplateEmailVariableKeepsMailboxSpelling/display_name\n"}
2026-10-09T03:21:59.2686994Z {"Time":"2026-10-09T03:21:59.252603957Z","Action":"output","Package":"tabmail/internal/company","Test":"TestAdvanceTemplateEmailVariableKeepsMailboxSpelling/display_name","Output":"--- PASS: TestAdvanceTemplateEmailVariableKeepsMailboxSpelling/display_name (0.00s)\n"}
2026-10-09T03:21:59.2689320Z {"Time":"2026-10-09T03:21:59.252609285Z","Action":"pass","Package":"tabmail/internal/company","Test":"TestAdvanceTemplateEmailVariableKeepsMailboxSpelling/display_name","Elapsed":0}
2026-10-09T03:21:59.2691156Z {"Time":"2026-10-09T03:21:59.252628995Z","Action":"run","Package":"tabmail/internal/company","Test":"TestAdvanceTemplateEmailVariableKeepsMailboxSpelling/empty_display_name"}
2026-10-09T03:21:59.2693280Z {"Time":"2026-10-09T03:21:59.252631038Z","Action":"output","Package":"tabmail/internal/company","Test":"TestAdvanceTemplateEmailVariableKeepsMailboxSpelling/empty_display_name","Output":"=== RUN   TestAdvanceTemplateEmailVariableKeepsMailboxSpelling/empty_display_name\n"}
2026-10-09T03:21:59.2696073Z {"Time":"2026-10-09T03:21:59.252973418Z","Action":"output","Package":"tabmail/internal/company","Test":"TestAdvanceTemplateEmailVariableKeepsMailboxSpelling/empty_display_name","Output":"--- PASS: TestAdvanceTemplateEmailVariableKeepsMailboxSpelling/empty_display_name (0.00s)\n"}
2026-10-09T03:21:59.2698287Z {"Time":"2026-10-09T03:21:59.252978535Z","Action":"pass","Package":"tabmail/internal/company","Test":"TestAdvanceTemplateEmailVariableKeepsMailboxSpelling/empty_display_name","Elapsed":0}
2026-10-09T03:21:59.2699889Z {"Time":"2026-10-09T03:21:59.252995441Z","Action":"run","Package":"tabmail/internal/company","Test":"TestAdvanceTemplateEmailVariableKeepsMailboxSpelling/angle_wrapped"}
2026-10-09T03:21:59.2701937Z {"Time":"2026-10-09T03:21:59.252998635Z","Action":"output","Package":"tabmail/internal/company","Test":"TestAdvanceTemplateEmailVariableKeepsMailboxSpelling/angle_wrapped","Output":"=== RUN   TestAdvanceTemplateEmailVariableKeepsMailboxSpelling/angle_wrapped\n"}
2026-10-09T03:21:59.2704639Z {"Time":"2026-10-09T03:21:59.253313945Z","Action":"output","Package":"tabmail/internal/company","Test":"TestAdvanceTemplateEmailVariableKeepsMailboxSpelling/angle_wrapped","Output":"--- PASS: TestAdvanceTemplateEmailVariableKeepsMailboxSpelling/angle_wrapped (0.00s)\n"}
2026-10-09T03:21:59.2706802Z {"Time":"2026-10-09T03:21:59.253320625Z","Action":"pass","Package":"tabmail/internal/company","Test":"TestAdvanceTemplateEmailVariableKeepsMailboxSpelling/angle_wrapped","Elapsed":0}
2026-10-09T03:21:59.2708361Z {"Time":"2026-10-09T03:21:59.253337831Z","Action":"run","Package":"tabmail/internal/company","Test":"TestAdvanceTemplateEmailVariableKeepsMailboxSpelling/group"}
2026-10-09T03:21:59.2710255Z {"Time":"2026-10-09T03:21:59.253339864Z","Action":"output","Package":"tabmail/internal/company","Test":"TestAdvanceTemplateEmailVariableKeepsMailboxSpelling/group","Output":"=== RUN   TestAdvanceTemplateEmailVariableKeepsMailboxSpelling/group\n"}
2026-10-09T03:21:59.2712648Z {"Time":"2026-10-09T03:21:59.253826338Z","Action":"output","Package":"tabmail/internal/company","Test":"TestAdvanceTemplateEmailVariableKeepsMailboxSpelling/group","Output":"--- PASS: TestAdvanceTemplateEmailVariableKeepsMailboxSpelling/group (0.00s)\n"}
2026-10-09T03:21:59.2714773Z {"Time":"2026-10-09T03:21:59.253835622Z","Action":"pass","Package":"tabmail/internal/company","Test":"TestAdvanceTemplateEmailVariableKeepsMailboxSpelling/group","Elapsed":0}
2026-10-09T03:21:59.2716275Z {"Time":"2026-10-09T03:21:59.253858256Z","Action":"run","Package":"tabmail/internal/company","Test":"TestAdvanceTemplateEmailVariableKeepsMailboxSpelling/list"}
2026-10-09T03:21:59.2718139Z {"Time":"2026-10-09T03:21:59.2538608Z","Action":"output","Package":"tabmail/internal/company","Test":"TestAdvanceTemplateEmailVariableKeepsMailboxSpelling/list","Output":"=== RUN   TestAdvanceTemplateEmailVariableKeepsMailboxSpelling/list\n"}
2026-10-09T03:21:59.2720477Z {"Time":"2026-10-09T03:21:59.254293845Z","Action":"output","Package":"tabmail/internal/company","Test":"TestAdvanceTemplateEmailVariableKeepsMailboxSpelling/list","Output":"--- PASS: TestAdvanceTemplateEmailVariableKeepsMailboxSpelling/list (0.00s)\n"}
2026-10-09T03:21:59.2722727Z {"Time":"2026-10-09T03:21:59.254299163Z","Action":"pass","Package":"tabmail/internal/company","Test":"TestAdvanceTemplateEmailVariableKeepsMailboxSpelling/list","Elapsed":0}
2026-10-09T03:21:59.2724773Z {"Time":"2026-10-09T03:21:59.254319794Z","Action":"run","Package":"tabmail/internal/company","Test":"TestAdvanceTemplateEmailVariableKeepsMailboxSpelling/comment"}
2026-10-09T03:21:59.2726766Z {"Time":"2026-10-09T03:21:59.254321686Z","Action":"output","Package":"tabmail/internal/company","Test":"TestAdvanceTemplateEmailVariableKeepsMailboxSpelling/comment","Output":"=== RUN   TestAdvanceTemplateEmailVariableKeepsMailboxSpelling/comment\n"}
2026-10-09T03:21:59.2729118Z {"Time":"2026-10-09T03:21:59.254692999Z","Action":"output","Package":"tabmail/internal/company","Test":"TestAdvanceTemplateEmailVariableKeepsMailboxSpelling/comment","Output":"--- PASS: TestAdvanceTemplateEmailVariableKeepsMailboxSpelling/comment (0.00s)\n"}
2026-10-09T03:21:59.2731199Z {"Time":"2026-10-09T03:21:59.254698057Z","Action":"pass","Package":"tabmail/internal/company","Test":"TestAdvanceTemplateEmailVariableKeepsMailboxSpelling/comment","Elapsed":0}
2026-10-09T03:21:59.2732791Z {"Time":"2026-10-09T03:21:59.254720541Z","Action":"run","Package":"tabmail/internal/company","Test":"TestAdvanceTemplateEmailVariableKeepsMailboxSpelling/leading_space"}
2026-10-09T03:21:59.2734992Z {"Time":"2026-10-09T03:21:59.254722283Z","Action":"output","Package":"tabmail/internal/company","Test":"TestAdvanceTemplateEmailVariableKeepsMailboxSpelling/leading_space","Output":"=== RUN   TestAdvanceTemplateEmailVariableKeepsMailboxSpelling/leading_space\n"}
2026-10-09T03:21:59.2737227Z {"Time":"2026-10-09T03:21:59.255014268Z","Action":"output","Package":"tabmail/internal/company","Test":"TestAdvanceTemplateEmailVariableKeepsMailboxSpelling/leading_space","Output":"--- PASS: TestAdvanceTemplateEmailVariableKeepsMailboxSpelling/leading_space (0.00s)\n"}
2026-10-09T03:21:59.2738423Z {"Time":"2026-10-09T03:21:59.255019105Z","Action":"pass","Package":"tabmail/internal/company","Test":"TestAdvanceTemplateEmailVariableKeepsMailboxSpelling/leading_space","Elapsed":0}
2026-10-09T03:21:59.2739409Z {"Time":"2026-10-09T03:21:59.255039756Z","Action":"run","Package":"tabmail/internal/company","Test":"TestAdvanceTemplateEmailVariableKeepsMailboxSpelling/trailing_space"}
2026-10-09T03:21:59.2740984Z {"Time":"2026-10-09T03:21:59.255041539Z","Action":"output","Package":"tabmail/internal/company","Test":"TestAdvanceTemplateEmailVariableKeepsMailboxSpelling/trailing_space","Output":"=== RUN   TestAdvanceTemplateEmailVariableKeepsMailboxSpelling/trailing_space\n"}
2026-10-09T03:21:59.2742399Z {"Time":"2026-10-09T03:21:59.255305732Z","Action":"output","Package":"tabmail/internal/company","Test":"TestAdvanceTemplateEmailVariableKeepsMailboxSpelling/trailing_space","Output":"--- PASS: TestAdvanceTemplateEmailVariableKeepsMailboxSpelling/trailing_space (0.00s)\n"}
2026-10-09T03:21:59.2743562Z {"Time":"2026-10-09T03:21:59.255310599Z","Action":"pass","Package":"tabmail/internal/company","Test":"TestAdvanceTemplateEmailVariableKeepsMailboxSpelling/trailing_space","Elapsed":0}
2026-10-09T03:21:59.2744687Z {"Time":"2026-10-09T03:21:59.255328336Z","Action":"run","Package":"tabmail/internal/company","Test":"TestAdvanceTemplateEmailVariableKeepsMailboxSpelling/domain_space"}
2026-10-09T03:21:59.2746415Z {"Time":"2026-10-09T03:21:59.25533084Z","Action":"output","Package":"tabmail/internal/company","Test":"TestAdvanceTemplateEmailVariableKeepsMailboxSpelling/domain_space","Output":"=== RUN   TestAdvanceTemplateEmailVariableKeepsMailboxSpelling/domain_space\n"}
2026-10-09T03:21:59.2748115Z {"Time":"2026-10-09T03:21:59.255629725Z","Action":"output","Package":"tabmail/internal/company","Test":"TestAdvanceTemplateEmailVariableKeepsMailboxSpelling/domain_space","Output":"--- PASS: TestAdvanceTemplateEmailVariableKeepsMailboxSpelling/domain_space (0.00s)\n"}
2026-10-09T03:21:59.2750139Z {"Time":"2026-10-09T03:21:59.255634993Z","Action":"pass","Package":"tabmail/internal/company","Test":"TestAdvanceTemplateEmailVariableKeepsMailboxSpelling/domain_space","Elapsed":0}
2026-10-09T03:21:59.2751808Z {"Time":"2026-10-09T03:21:59.255665258Z","Action":"run","Package":"tabmail/internal/company","Test":"TestAdvanceTemplateEmailVariableKeepsMailboxSpelling/domain_tab"}
2026-10-09T03:21:59.2753791Z {"Time":"2026-10-09T03:21:59.255670576Z","Action":"output","Package":"tabmail/internal/company","Test":"TestAdvanceTemplateEmailVariableKeepsMailboxSpelling/domain_tab","Output":"=== RUN   TestAdvanceTemplateEmailVariableKeepsMailboxSpelling/domain_tab\n"}
2026-10-09T03:21:59.2755748Z {"Time":"2026-10-09T03:21:59.255939076Z","Action":"output","Package":"tabmail/internal/company","Test":"TestAdvanceTemplateEmailVariableKeepsMailboxSpelling/domain_tab","Output":"--- PASS: TestAdvanceTemplateEmailVariableKeepsMailboxSpelling/domain_tab (0.00s)\n"}
2026-10-09T03:21:59.2756891Z {"Time":"2026-10-09T03:21:59.255944984Z","Action":"pass","Package":"tabmail/internal/company","Test":"TestAdvanceTemplateEmailVariableKeepsMailboxSpelling/domain_tab","Elapsed":0}
2026-10-09T03:21:59.2757823Z {"Time":"2026-10-09T03:21:59.255964774Z","Action":"run","Package":"tabmail/internal/company","Test":"TestAdvanceTemplateEmailVariableKeepsMailboxSpelling/quoted_domain_fws"}
2026-10-09T03:21:59.2758973Z {"Time":"2026-10-09T03:21:59.255966977Z","Action":"output","Package":"tabmail/internal/company","Test":"TestAdvanceTemplateEmailVariableKeepsMailboxSpelling/quoted_domain_fws","Output":"=== RUN   TestAdvanceTemplateEmailVariableKeepsMailboxSpelling/quoted_domain_fws\n"}
2026-10-09T03:21:59.2760869Z {"Time":"2026-10-09T03:21:59.256265412Z","Action":"output","Package":"tabmail/internal/company","Test":"TestAdvanceTemplateEmailVariableKeepsMailboxSpelling/quoted_domain_fws","Output":"--- PASS: TestAdvanceTemplateEmailVariableKeepsMailboxSpelling/quoted_domain_fws (0.00s)\n"}
2026-10-09T03:21:59.2762406Z {"Time":"2026-10-09T03:21:59.256270379Z","Action":"pass","Package":"tabmail/internal/company","Test":"TestAdvanceTemplateEmailVariableKeepsMailboxSpelling/quoted_domain_fws","Elapsed":0}
2026-10-09T03:21:59.2763549Z {"Time":"2026-10-09T03:21:59.256290209Z","Action":"run","Package":"tabmail/internal/company","Test":"TestAdvanceTemplateEmailVariableKeepsMailboxSpelling/crlf"}
2026-10-09T03:21:59.2765183Z {"Time":"2026-10-09T03:21:59.256292342Z","Action":"output","Package":"tabmail/internal/company","Test":"TestAdvanceTemplateEmailVariableKeepsMailboxSpelling/crlf","Output":"=== RUN   TestAdvanceTemplateEmailVariableKeepsMailboxSpelling/crlf\n"}
2026-10-09T03:21:59.2766870Z {"Time":"2026-10-09T03:21:59.256642193Z","Action":"output","Package":"tabmail/internal/company","Test":"TestAdvanceTemplateEmailVariableKeepsMailboxSpelling/crlf","Output":"--- PASS: TestAdvanceTemplateEmailVariableKeepsMailboxSpelling/crlf (0.00s)\n"}
2026-10-09T03:21:59.2768143Z {"Time":"2026-10-09T03:21:59.25666698Z","Action":"pass","Package":"tabmail/internal/company","Test":"TestAdvanceTemplateEmailVariableKeepsMailboxSpelling/crlf","Elapsed":0}
2026-10-09T03:21:59.2769244Z {"Time":"2026-10-09T03:21:59.256686459Z","Action":"run","Package":"tabmail/internal/company","Test":"TestAdvanceTemplateEmailVariableKeepsMailboxSpelling/nul"}
2026-10-09T03:21:59.2770600Z {"Time":"2026-10-09T03:21:59.256688853Z","Action":"output","Package":"tabmail/internal/company","Test":"TestAdvanceTemplateEmailVariableKeepsMailboxSpelling/nul","Output":"=== RUN   TestAdvanceTemplateEmailVariableKeepsMailboxSpelling/nul\n"}
2026-10-09T03:21:59.2772231Z {"Time":"2026-10-09T03:21:59.256986696Z","Action":"output","Package":"tabmail/internal/company","Test":"TestAdvanceTemplateEmailVariableKeepsMailboxSpelling/nul","Output":"--- PASS: TestAdvanceTemplateEmailVariableKeepsMailboxSpelling/nul (0.00s)\n"}
2026-10-09T03:21:59.2773636Z {"Time":"2026-10-09T03:21:59.256991694Z","Action":"pass","Package":"tabmail/internal/company","Test":"TestAdvanceTemplateEmailVariableKeepsMailboxSpelling/nul","Elapsed":0}
2026-10-09T03:21:59.2774787Z {"Time":"2026-10-09T03:21:59.257015109Z","Action":"run","Package":"tabmail/internal/company","Test":"TestAdvanceTemplateEmailVariableKeepsMailboxSpelling/missing_domain"}
2026-10-09T03:21:59.2776202Z {"Time":"2026-10-09T03:21:59.257019766Z","Action":"output","Package":"tabmail/internal/company","Test":"TestAdvanceTemplateEmailVariableKeepsMailboxSpelling/missing_domain","Output":"=== RUN   TestAdvanceTemplateEmailVariableKeepsMailboxSpelling/missing_domain\n"}
2026-10-09T03:21:59.2778055Z {"Time":"2026-10-09T03:21:59.257505159Z","Action":"output","Package":"tabmail/internal/company","Test":"TestAdvanceTemplateEmailVariableKeepsMailboxSpelling/missing_domain","Output":"--- PASS: TestAdvanceTemplateEmailVariableKeepsMailboxSpelling/missing_domain (0.00s)\n"}
2026-10-09T03:21:59.2779501Z {"Time":"2026-10-09T03:21:59.258008989Z","Action":"pass","Package":"tabmail/internal/company","Test":"TestAdvanceTemplateEmailVariableKeepsMailboxSpelling/missing_domain","Elapsed":0}
2026-10-09T03:21:59.2781217Z {"Time":"2026-10-09T03:21:59.260470786Z","Action":"output","Package":"tabmail/internal/company","Test":"TestAdvanceTemplateEmailVariableKeepsMailboxSpelling","Output":"--- PASS: TestAdvanceTemplateEmailVariableKeepsMailboxSpelling (0.01s)\n"}
2026-10-09T03:21:59.2782318Z {"Time":"2026-10-09T03:21:59.260484937Z","Action":"pass","Package":"tabmail/internal/company","Test":"TestAdvanceTemplateEmailVariableKeepsMailboxSpelling","Elapsed":0.01}
2026-10-09T03:21:59.2783154Z {"Time":"2026-10-09T03:21:59.260491337Z","Action":"run","Package":"tabmail/internal/company","Test":"TestAdvanceTemplateEmailOptionsUseSameMailboxGrammar"}
2026-10-09T03:21:59.2784158Z {"Time":"2026-10-09T03:21:59.260494922Z","Action":"output","Package":"tabmail/internal/company","Test":"TestAdvanceTemplateEmailOptionsUseSameMailboxGrammar","Output":"=== RUN   TestAdvanceTemplateEmailOptionsUseSameMailboxGrammar\n"}
2026-10-09T03:21:59.2785393Z {"Time":"2026-10-09T03:21:59.260499068Z","Action":"run","Package":"tabmail/internal/company","Test":"TestAdvanceTemplateEmailOptionsUseSameMailboxGrammar/ordinary"}
2026-10-09T03:21:59.2786459Z {"Time":"2026-10-09T03:21:59.260502313Z","Action":"output","Package":"tabmail/internal/company","Test":"TestAdvanceTemplateEmailOptionsUseSameMailboxGrammar/ordinary","Output":"=== RUN   TestAdvanceTemplateEmailOptionsUseSameMailboxGrammar/ordinary\n"}
2026-10-09T03:21:59.2787799Z {"Time":"2026-10-09T03:21:59.260508462Z","Action":"output","Package":"tabmail/internal/company","Test":"TestAdvanceTemplateEmailOptionsUseSameMailboxGrammar/ordinary","Output":"--- PASS: TestAdvanceTemplateEmailOptionsUseSameMailboxGrammar/ordinary (0.00s)\n"}
2026-10-09T03:21:59.2788914Z {"Time":"2026-10-09T03:21:59.260513971Z","Action":"pass","Package":"tabmail/internal/company","Test":"TestAdvanceTemplateEmailOptionsUseSameMailboxGrammar/ordinary","Elapsed":0}
2026-10-09T03:21:59.2789750Z {"Time":"2026-10-09T03:21:59.260517125Z","Action":"run","Package":"tabmail/internal/company","Test":"TestAdvanceTemplateEmailOptionsUseSameMailboxGrammar/plus"}
2026-10-09T03:21:59.2790780Z {"Time":"2026-10-09T03:21:59.26052023Z","Action":"output","Package":"tabmail/internal/company","Test":"TestAdvanceTemplateEmailOptionsUseSameMailboxGrammar/plus","Output":"=== RUN   TestAdvanceTemplateEmailOptionsUseSameMailboxGrammar/plus\n"}
2026-10-09T03:21:59.2792070Z {"Time":"2026-10-09T03:21:59.260524566Z","Action":"output","Package":"tabmail/internal/company","Test":"TestAdvanceTemplateEmailOptionsUseSameMailboxGrammar/plus","Output":"--- PASS: TestAdvanceTemplateEmailOptionsUseSameMailboxGrammar/plus (0.00s)\n"}
2026-10-09T03:21:59.2793141Z {"Time":"2026-10-09T03:21:59.260528152Z","Action":"pass","Package":"tabmail/internal/company","Test":"TestAdvanceTemplateEmailOptionsUseSameMailboxGrammar/plus","Elapsed":0}
2026-10-09T03:21:59.2794185Z {"Time":"2026-10-09T03:21:59.260535623Z","Action":"run","Package":"tabmail/internal/company","Test":"TestAdvanceTemplateEmailOptionsUseSameMailboxGrammar/unicode"}
2026-10-09T03:21:59.2795648Z {"Time":"2026-10-09T03:21:59.260538106Z","Action":"output","Package":"tabmail/internal/company","Test":"TestAdvanceTemplateEmailOptionsUseSameMailboxGrammar/unicode","Output":"=== RUN   TestAdvanceTemplateEmailOptionsUseSameMailboxGrammar/unicode\n"}
2026-10-09T03:21:59.2797690Z {"Time":"2026-10-09T03:21:59.260541662Z","Action":"output","Package":"tabmail/internal/company","Test":"TestAdvanceTemplateEmailOptionsUseSameMailboxGrammar/unicode","Output":"--- PASS: TestAdvanceTemplateEmailOptionsUseSameMailboxGrammar/unicode (0.00s)\n"}
2026-10-09T03:21:59.2799165Z {"Time":"2026-10-09T03:21:59.260545307Z","Action":"pass","Package":"tabmail/internal/company","Test":"TestAdvanceTemplateEmailOptionsUseSameMailboxGrammar/unicode","Elapsed":0}
2026-10-09T03:21:59.2800313Z {"Time":"2026-10-09T03:21:59.260551707Z","Action":"run","Package":"tabmail/internal/company","Test":"TestAdvanceTemplateEmailOptionsUseSameMailboxGrammar/address_literal"}
2026-10-09T03:21:59.2801813Z {"Time":"2026-10-09T03:21:59.260554251Z","Action":"output","Package":"tabmail/internal/company","Test":"TestAdvanceTemplateEmailOptionsUseSameMailboxGrammar/address_literal","Output":"=== RUN   TestAdvanceTemplateEmailOptionsUseSameMailboxGrammar/address_literal\n"}
2026-10-09T03:21:59.2803702Z {"Time":"2026-10-09T03:21:59.260558186Z","Action":"output","Package":"tabmail/internal/company","Test":"TestAdvanceTemplateEmailOptionsUseSameMailboxGrammar/address_literal","Output":"--- PASS: TestAdvanceTemplateEmailOptionsUseSameMailboxGrammar/address_literal (0.00s)\n"}
2026-10-09T03:21:59.2805529Z {"Time":"2026-10-09T03:21:59.260561591Z","Action":"pass","Package":"tabmail/internal/company","Test":"TestAdvanceTemplateEmailOptionsUseSameMailboxGrammar/address_literal","Elapsed":0}
2026-10-09T03:21:59.2806799Z {"Time":"2026-10-09T03:21:59.260566699Z","Action":"run","Package":"tabmail/internal/company","Test":"TestAdvanceTemplateEmailOptionsUseSameMailboxGrammar/quoted_comma"}
2026-10-09T03:21:59.2809122Z {"Time":"2026-10-09T03:21:59.260571506Z","Action":"output","Package":"tabmail/internal/company","Test":"TestAdvanceTemplateEmailOptionsUseSameMailboxGrammar/quoted_comma","Output":"=== RUN   TestAdvanceTemplateEmailOptionsUseSameMailboxGrammar/quoted_comma\n"}
2026-10-09T03:21:59.2811376Z {"Time":"2026-10-09T03:21:59.261139262Z","Action":"output","Package":"tabmail/internal/company","Test":"TestAdvanceTemplateEmailOptionsUseSameMailboxGrammar/quoted_comma","Output":"--- PASS: TestAdvanceTemplateEmailOptionsUseSameMailboxGrammar/quoted_comma (0.00s)\n"}
2026-10-09T03:21:59.2813571Z {"Time":"2026-10-09T03:21:59.261152592Z","Action":"pass","Package":"tabmail/internal/company","Test":"TestAdvanceTemplateEmailOptionsUseSameMailboxGrammar/quoted_comma","Elapsed":0}
2026-10-09T03:21:59.2815310Z {"Time":"2026-10-09T03:21:59.26115825Z","Action":"run","Package":"tabmail/internal/company","Test":"TestAdvanceTemplateEmailOptionsUseSameMailboxGrammar/quoted_at"}
2026-10-09T03:21:59.2816961Z {"Time":"2026-10-09T03:21:59.261161365Z","Action":"output","Package":"tabmail/internal/company","Test":"TestAdvanceTemplateEmailOptionsUseSameMailboxGrammar/quoted_at","Output":"=== RUN   TestAdvanceTemplateEmailOptionsUseSameMailboxGrammar/quoted_at\n"}
2026-10-09T03:21:59.2818729Z {"Time":"2026-10-09T03:21:59.261682281Z","Action":"output","Package":"tabmail/internal/company","Test":"TestAdvanceTemplateEmailOptionsUseSameMailboxGrammar/quoted_at","Output":"--- PASS: TestAdvanceTemplateEmailOptionsUseSameMailboxGrammar/quoted_at (0.00s)\n"}
2026-10-09T03:21:59.2820201Z {"Time":"2026-10-09T03:21:59.261691795Z","Action":"pass","Package":"tabmail/internal/company","Test":"TestAdvanceTemplateEmailOptionsUseSameMailboxGrammar/quoted_at","Elapsed":0}
2026-10-09T03:21:59.2821363Z {"Time":"2026-10-09T03:21:59.261717323Z","Action":"run","Package":"tabmail/internal/company","Test":"TestAdvanceTemplateEmailOptionsUseSameMailboxGrammar/quoted_space"}
2026-10-09T03:21:59.2823194Z {"Time":"2026-10-09T03:21:59.261723642Z","Action":"output","Package":"tabmail/internal/company","Test":"TestAdvanceTemplateEmailOptionsUseSameMailboxGrammar/quoted_space","Output":"=== RUN   TestAdvanceTemplateEmailOptionsUseSameMailboxGrammar/quoted_space\n"}
2026-10-09T03:21:59.2825522Z {"Time":"2026-10-09T03:21:59.26225202Z","Action":"output","Package":"tabmail/internal/company","Test":"TestAdvanceTemplateEmailOptionsUseSameMailboxGrammar/quoted_space","Output":"--- PASS: TestAdvanceTemplateEmailOptionsUseSameMailboxGrammar/quoted_space (0.00s)\n"}
2026-10-09T03:21:59.2827164Z {"Time":"2026-10-09T03:21:59.262264388Z","Action":"pass","Package":"tabmail/internal/company","Test":"TestAdvanceTemplateEmailOptionsUseSameMailboxGrammar/quoted_space","Elapsed":0}
2026-10-09T03:21:59.2828343Z {"Time":"2026-10-09T03:21:59.262270808Z","Action":"run","Package":"tabmail/internal/company","Test":"TestAdvanceTemplateEmailOptionsUseSameMailboxGrammar/quoted_quote"}
2026-10-09T03:21:59.2830665Z {"Time":"2026-10-09T03:21:59.262273922Z","Action":"output","Package":"tabmail/internal/company","Test":"TestAdvanceTemplateEmailOptionsUseSameMailboxGrammar/quoted_quote","Output":"=== RUN   TestAdvanceTemplateEmailOptionsUseSameMailboxGrammar/quoted_quote\n"}
2026-10-09T03:21:59.2832491Z {"Time":"2026-10-09T03:21:59.262892554Z","Action":"output","Package":"tabmail/internal/company","Test":"TestAdvanceTemplateEmailOptionsUseSameMailboxGrammar/quoted_quote","Output":"--- PASS: TestAdvanceTemplateEmailOptionsUseSameMailboxGrammar/quoted_quote (0.00s)\n"}
2026-10-09T03:21:59.2833741Z {"Time":"2026-10-09T03:21:59.262905653Z","Action":"pass","Package":"tabmail/internal/company","Test":"TestAdvanceTemplateEmailOptionsUseSameMailboxGrammar/quoted_quote","Elapsed":0}
2026-10-09T03:21:59.2834732Z {"Time":"2026-10-09T03:21:59.262913445Z","Action":"run","Package":"tabmail/internal/company","Test":"TestAdvanceTemplateEmailOptionsUseSameMailboxGrammar/quoted_backslash"}
2026-10-09T03:21:59.2835881Z {"Time":"2026-10-09T03:21:59.262916519Z","Action":"output","Package":"tabmail/internal/company","Test":"TestAdvanceTemplateEmailOptionsUseSameMailboxGrammar/quoted_backslash","Output":"=== RUN   TestAdvanceTemplateEmailOptionsUseSameMailboxGrammar/quoted_backslash\n"}
2026-10-09T03:21:59.2837342Z {"Time":"2026-10-09T03:21:59.26344038Z","Action":"output","Package":"tabmail/internal/company","Test":"TestAdvanceTemplateEmailOptionsUseSameMailboxGrammar/quoted_backslash","Output":"--- PASS: TestAdvanceTemplateEmailOptionsUseSameMailboxGrammar/quoted_backslash (0.00s)\n"}
2026-10-09T03:21:59.2838839Z {"Time":"2026-10-09T03:21:59.263463835Z","Action":"pass","Package":"tabmail/internal/company","Test":"TestAdvanceTemplateEmailOptionsUseSameMailboxGrammar/quoted_backslash","Elapsed":0}
2026-10-09T03:21:59.2840010Z {"Time":"2026-10-09T03:21:59.263468762Z","Action":"run","Package":"tabmail/internal/company","Test":"TestAdvanceTemplateEmailOptionsUseSameMailboxGrammar/quoted_html"}
2026-10-09T03:21:59.2841456Z {"Time":"2026-10-09T03:21:59.263471757Z","Action":"output","Package":"tabmail/internal/company","Test":"TestAdvanceTemplateEmailOptionsUseSameMailboxGrammar/quoted_html","Output":"=== RUN   TestAdvanceTemplateEmailOptionsUseSameMailboxGrammar/quoted_html\n"}
2026-10-09T03:21:59.2843240Z {"Time":"2026-10-09T03:21:59.264022437Z","Action":"output","Package":"tabmail/internal/company","Test":"TestAdvanceTemplateEmailOptionsUseSameMailboxGrammar/quoted_html","Output":"--- PASS: TestAdvanceTemplateEmailOptionsUseSameMailboxGrammar/quoted_html (0.00s)\n"}
2026-10-09T03:21:59.2844970Z {"Time":"2026-10-09T03:21:59.264033664Z","Action":"pass","Package":"tabmail/internal/company","Test":"TestAdvanceTemplateEmailOptionsUseSameMailboxGrammar/quoted_html","Elapsed":0}
2026-10-09T03:21:59.2846145Z {"Time":"2026-10-09T03:21:59.264041115Z","Action":"run","Package":"tabmail/internal/company","Test":"TestAdvanceTemplateEmailOptionsUseSameMailboxGrammar/redundant_quotes"}
2026-10-09T03:21:59.2847651Z {"Time":"2026-10-09T03:21:59.264046282Z","Action":"output","Package":"tabmail/internal/company","Test":"TestAdvanceTemplateEmailOptionsUseSameMailboxGrammar/redundant_quotes","Output":"=== RUN   TestAdvanceTemplateEmailOptionsUseSameMailboxGrammar/redundant_quotes\n"}
2026-10-09T03:21:59.2849488Z {"Time":"2026-10-09T03:21:59.265155375Z","Action":"output","Package":"tabmail/internal/company","Test":"TestAdvanceTemplateEmailOptionsUseSameMailboxGrammar/redundant_quotes","Output":"--- PASS: TestAdvanceTemplateEmailOptionsUseSameMailboxGrammar/redundant_quotes (0.00s)\n"}
2026-10-09T03:21:59.2851350Z {"Time":"2026-10-09T03:21:59.265166661Z","Action":"pass","Package":"tabmail/internal/company","Test":"TestAdvanceTemplateEmailOptionsUseSameMailboxGrammar/redundant_quotes","Elapsed":0}
2026-10-09T03:21:59.2852527Z {"Time":"2026-10-09T03:21:59.265171118Z","Action":"run","Package":"tabmail/internal/company","Test":"TestAdvanceTemplateEmailOptionsUseSameMailboxGrammar/quoted_unicode"}
2026-10-09T03:21:59.2853991Z {"Time":"2026-10-09T03:21:59.265173341Z","Action":"output","Package":"tabmail/internal/company","Test":"TestAdvanceTemplateEmailOptionsUseSameMailboxGrammar/quoted_unicode","Output":"=== RUN   TestAdvanceTemplateEmailOptionsUseSameMailboxGrammar/quoted_unicode\n"}
2026-10-09T03:21:59.2855790Z {"Time":"2026-10-09T03:21:59.265855728Z","Action":"output","Package":"tabmail/internal/company","Test":"TestAdvanceTemplateEmailOptionsUseSameMailboxGrammar/quoted_unicode","Output":"--- PASS: TestAdvanceTemplateEmailOptionsUseSameMailboxGrammar/quoted_unicode (0.00s)\n"}
2026-10-09T03:21:59.2856960Z {"Time":"2026-10-09T03:21:59.265873514Z","Action":"pass","Package":"tabmail/internal/company","Test":"TestAdvanceTemplateEmailOptionsUseSameMailboxGrammar/quoted_unicode","Elapsed":0}
2026-10-09T03:21:59.2858423Z {"Time":"2026-10-09T03:21:59.265885402Z","Action":"run","Package":"tabmail/internal/company","Test":"TestAdvanceTemplateEmailOptionsUseSameMailboxGrammar/display_name"}
2026-10-09T03:21:59.2860453Z {"Time":"2026-10-09T03:21:59.265887375Z","Action":"output","Package":"tabmail/internal/company","Test":"TestAdvanceTemplateEmailOptionsUseSameMailboxGrammar/display_name","Output":"=== RUN   TestAdvanceTemplateEmailOptionsUseSameMailboxGrammar/display_name\n"}
2026-10-09T03:21:59.2863287Z {"Time":"2026-10-09T03:21:59.265955246Z","Action":"output","Package":"tabmail/internal/company","Test":"TestAdvanceTemplateEmailOptionsUseSameMailboxGrammar/display_name","Output":"--- PASS: TestAdvanceTemplateEmailOptionsUseSameMailboxGrammar/display_name (0.00s)\n"}
2026-10-09T03:21:59.2864625Z {"Time":"2026-10-09T03:21:59.265963649Z","Action":"pass","Package":"tabmail/internal/company","Test":"TestAdvanceTemplateEmailOptionsUseSameMailboxGrammar/display_name","Elapsed":0}
2026-10-09T03:21:59.2865608Z {"Time":"2026-10-09T03:21:59.265987835Z","Action":"run","Package":"tabmail/internal/company","Test":"TestAdvanceTemplateEmailOptionsUseSameMailboxGrammar/empty_display_name"}
2026-10-09T03:21:59.2866898Z {"Time":"2026-10-09T03:21:59.26599124Z","Action":"output","Package":"tabmail/internal/company","Test":"TestAdvanceTemplateEmailOptionsUseSameMailboxGrammar/empty_display_name","Output":"=== RUN   TestAdvanceTemplateEmailOptionsUseSameMailboxGrammar/empty_display_name\n"}
2026-10-09T03:21:59.2868472Z {"Time":"2026-10-09T03:21:59.266042947Z","Action":"output","Package":"tabmail/internal/company","Test":"TestAdvanceTemplateEmailOptionsUseSameMailboxGrammar/empty_display_name","Output":"--- PASS: TestAdvanceTemplateEmailOptionsUseSameMailboxGrammar/empty_display_name (0.00s)\n"}
2026-10-09T03:21:59.2869826Z {"Time":"2026-10-09T03:21:59.266050178Z","Action":"pass","Package":"tabmail/internal/company","Test":"TestAdvanceTemplateEmailOptionsUseSameMailboxGrammar/empty_display_name","Elapsed":0}
2026-10-09T03:21:59.2870735Z {"Time":"2026-10-09T03:21:59.266073653Z","Action":"run","Package":"tabmail/internal/company","Test":"TestAdvanceTemplateEmailOptionsUseSameMailboxGrammar/angle_wrapped"}
2026-10-09T03:21:59.2871951Z {"Time":"2026-10-09T03:21:59.266076537Z","Action":"output","Package":"tabmail/internal/company","Test":"TestAdvanceTemplateEmailOptionsUseSameMailboxGrammar/angle_wrapped","Output":"=== RUN   TestAdvanceTemplateEmailOptionsUseSameMailboxGrammar/angle_wrapped\n"}
2026-10-09T03:21:59.2873458Z {"Time":"2026-10-09T03:21:59.266118109Z","Action":"output","Package":"tabmail/internal/company","Test":"TestAdvanceTemplateEmailOptionsUseSameMailboxGrammar/angle_wrapped","Output":"--- PASS: TestAdvanceTemplateEmailOptionsUseSameMailboxGrammar/angle_wrapped (0.00s)\n"}
2026-10-09T03:21:59.2875131Z {"Time":"2026-10-09T03:21:59.266126471Z","Action":"pass","Package":"tabmail/internal/company","Test":"TestAdvanceTemplateEmailOptionsUseSameMailboxGrammar/angle_wrapped","Elapsed":0}
2026-10-09T03:21:59.2876001Z {"Time":"2026-10-09T03:21:59.266142665Z","Action":"run","Package":"tabmail/internal/company","Test":"TestAdvanceTemplateEmailOptionsUseSameMailboxGrammar/group"}
2026-10-09T03:21:59.2877184Z {"Time":"2026-10-09T03:21:59.266146621Z","Action":"output","Package":"tabmail/internal/company","Test":"TestAdvanceTemplateEmailOptionsUseSameMailboxGrammar/group","Output":"=== RUN   TestAdvanceTemplateEmailOptionsUseSameMailboxGrammar/group\n"}
2026-10-09T03:21:59.2878608Z {"Time":"2026-10-09T03:21:59.266191578Z","Action":"output","Package":"tabmail/internal/company","Test":"TestAdvanceTemplateEmailOptionsUseSameMailboxGrammar/group","Output":"--- PASS: TestAdvanceTemplateEmailOptionsUseSameMailboxGrammar/group (0.00s)\n"}
2026-10-09T03:21:59.2879824Z {"Time":"2026-10-09T03:21:59.266199931Z","Action":"pass","Package":"tabmail/internal/company","Test":"TestAdvanceTemplateEmailOptionsUseSameMailboxGrammar/group","Elapsed":0}
2026-10-09T03:21:59.2880669Z {"Time":"2026-10-09T03:21:59.266216275Z","Action":"run","Package":"tabmail/internal/company","Test":"TestAdvanceTemplateEmailOptionsUseSameMailboxGrammar/list"}
2026-10-09T03:21:59.2881821Z {"Time":"2026-10-09T03:21:59.266221202Z","Action":"output","Package":"tabmail/internal/company","Test":"TestAdvanceTemplateEmailOptionsUseSameMailboxGrammar/list","Output":"=== RUN   TestAdvanceTemplateEmailOptionsUseSameMailboxGrammar/list\n"}
2026-10-09T03:21:59.2883254Z {"Time":"2026-10-09T03:21:59.266263555Z","Action":"output","Package":"tabmail/internal/company","Test":"TestAdvanceTemplateEmailOptionsUseSameMailboxGrammar/list","Output":"--- PASS: TestAdvanceTemplateEmailOptionsUseSameMailboxGrammar/list (0.00s)\n"}
2026-10-09T03:21:59.2884591Z {"Time":"2026-10-09T03:21:59.266271918Z","Action":"pass","Package":"tabmail/internal/company","Test":"TestAdvanceTemplateEmailOptionsUseSameMailboxGrammar/list","Elapsed":0}
2026-10-09T03:21:59.2885827Z {"Time":"2026-10-09T03:21:59.266291347Z","Action":"run","Package":"tabmail/internal/company","Test":"TestAdvanceTemplateEmailOptionsUseSameMailboxGrammar/comment"}
2026-10-09T03:21:59.2887810Z {"Time":"2026-10-09T03:21:59.266294462Z","Action":"output","Package":"tabmail/internal/company","Test":"TestAdvanceTemplateEmailOptionsUseSameMailboxGrammar/comment","Output":"=== RUN   TestAdvanceTemplateEmailOptionsUseSameMailboxGrammar/comment\n"}
2026-10-09T03:21:59.2889629Z {"Time":"2026-10-09T03:21:59.266337716Z","Action":"output","Package":"tabmail/internal/company","Test":"TestAdvanceTemplateEmailOptionsUseSameMailboxGrammar/comment","Output":"--- PASS: TestAdvanceTemplateEmailOptionsUseSameMailboxGrammar/comment (0.00s)\n"}
2026-10-09T03:21:59.2890742Z {"Time":"2026-10-09T03:21:59.266345978Z","Action":"pass","Package":"tabmail/internal/company","Test":"TestAdvanceTemplateEmailOptionsUseSameMailboxGrammar/comment","Elapsed":0}
2026-10-09T03:21:59.2891618Z {"Time":"2026-10-09T03:21:59.266361561Z","Action":"run","Package":"tabmail/internal/company","Test":"TestAdvanceTemplateEmailOptionsUseSameMailboxGrammar/leading_space"}
2026-10-09T03:21:59.2892745Z {"Time":"2026-10-09T03:21:59.266365477Z","Action":"output","Package":"tabmail/internal/company","Test":"TestAdvanceTemplateEmailOptionsUseSameMailboxGrammar/leading_space","Output":"=== RUN   TestAdvanceTemplateEmailOptionsUseSameMailboxGrammar/leading_space\n"}
2026-10-09T03:21:59.2894127Z {"Time":"2026-10-09T03:21:59.26641447Z","Action":"output","Package":"tabmail/internal/company","Test":"TestAdvanceTemplateEmailOptionsUseSameMailboxGrammar/leading_space","Output":"--- PASS: TestAdvanceTemplateEmailOptionsUseSameMailboxGrammar/leading_space (0.00s)\n"}
2026-10-09T03:21:59.2895399Z {"Time":"2026-10-09T03:21:59.266419688Z","Action":"pass","Package":"tabmail/internal/company","Test":"TestAdvanceTemplateEmailOptionsUseSameMailboxGrammar/leading_space","Elapsed":0}
2026-10-09T03:21:59.2896431Z {"Time":"2026-10-09T03:21:59.266439327Z","Action":"run","Package":"tabmail/internal/company","Test":"TestAdvanceTemplateEmailOptionsUseSameMailboxGrammar/trailing_space"}
2026-10-09T03:21:59.2897685Z {"Time":"2026-10-09T03:21:59.266452116Z","Action":"output","Package":"tabmail/internal/company","Test":"TestAdvanceTemplateEmailOptionsUseSameMailboxGrammar/trailing_space","Output":"=== RUN   TestAdvanceTemplateEmailOptionsUseSameMailboxGrammar/trailing_space\n"}
2026-10-09T03:21:59.2899095Z {"Time":"2026-10-09T03:21:59.266504514Z","Action":"output","Package":"tabmail/internal/company","Test":"TestAdvanceTemplateEmailOptionsUseSameMailboxGrammar/trailing_space","Output":"--- PASS: TestAdvanceTemplateEmailOptionsUseSameMailboxGrammar/trailing_space (0.00s)\n"}
2026-10-09T03:21:59.2900257Z {"Time":"2026-10-09T03:21:59.266514439Z","Action":"pass","Package":"tabmail/internal/company","Test":"TestAdvanceTemplateEmailOptionsUseSameMailboxGrammar/trailing_space","Elapsed":0}
2026-10-09T03:21:59.2901148Z {"Time":"2026-10-09T03:21:59.266529922Z","Action":"run","Package":"tabmail/internal/company","Test":"TestAdvanceTemplateEmailOptionsUseSameMailboxGrammar/domain_space"}
2026-10-09T03:21:59.2902244Z {"Time":"2026-10-09T03:21:59.266534629Z","Action":"output","Package":"tabmail/internal/company","Test":"TestAdvanceTemplateEmailOptionsUseSameMailboxGrammar/domain_space","Output":"=== RUN   TestAdvanceTemplateEmailOptionsUseSameMailboxGrammar/domain_space\n"}
2026-10-09T03:21:59.2903609Z {"Time":"2026-10-09T03:21:59.266579446Z","Action":"output","Package":"tabmail/internal/company","Test":"TestAdvanceTemplateEmailOptionsUseSameMailboxGrammar/domain_space","Output":"--- PASS: TestAdvanceTemplateEmailOptionsUseSameMailboxGrammar/domain_space (0.00s)\n"}
2026-10-09T03:21:59.2904867Z {"Time":"2026-10-09T03:21:59.266586026Z","Action":"pass","Package":"tabmail/internal/company","Test":"TestAdvanceTemplateEmailOptionsUseSameMailboxGrammar/domain_space","Elapsed":0}
2026-10-09T03:21:59.2905741Z {"Time":"2026-10-09T03:21:59.266602711Z","Action":"run","Package":"tabmail/internal/company","Test":"TestAdvanceTemplateEmailOptionsUseSameMailboxGrammar/domain_tab"}
2026-10-09T03:21:59.2907100Z {"Time":"2026-10-09T03:21:59.266607858Z","Action":"output","Package":"tabmail/internal/company","Test":"TestAdvanceTemplateEmailOptionsUseSameMailboxGrammar/domain_tab","Output":"=== RUN   TestAdvanceTemplateEmailOptionsUseSameMailboxGrammar/domain_tab\n"}
2026-10-09T03:21:59.2908870Z {"Time":"2026-10-09T03:21:59.266651624Z","Action":"output","Package":"tabmail/internal/company","Test":"TestAdvanceTemplateEmailOptionsUseSameMailboxGrammar/domain_tab","Output":"--- PASS: TestAdvanceTemplateEmailOptionsUseSameMailboxGrammar/domain_tab (0.00s)\n"}
2026-10-09T03:21:59.2910377Z {"Time":"2026-10-09T03:21:59.266658063Z","Action":"pass","Package":"tabmail/internal/company","Test":"TestAdvanceTemplateEmailOptionsUseSameMailboxGrammar/domain_tab","Elapsed":0}
2026-10-09T03:21:59.2911579Z {"Time":"2026-10-09T03:21:59.266676741Z","Action":"run","Package":"tabmail/internal/company","Test":"TestAdvanceTemplateEmailOptionsUseSameMailboxGrammar/quoted_domain_fws"}
2026-10-09T03:21:59.2912798Z {"Time":"2026-10-09T03:21:59.266679976Z","Action":"output","Package":"tabmail/internal/company","Test":"TestAdvanceTemplateEmailOptionsUseSameMailboxGrammar/quoted_domain_fws","Output":"=== RUN   TestAdvanceTemplateEmailOptionsUseSameMailboxGrammar/quoted_domain_fws\n"}
2026-10-09T03:21:59.2914211Z {"Time":"2026-10-09T03:21:59.26672279Z","Action":"output","Package":"tabmail/internal/company","Test":"TestAdvanceTemplateEmailOptionsUseSameMailboxGrammar/quoted_domain_fws","Output":"--- PASS: TestAdvanceTemplateEmailOptionsUseSameMailboxGrammar/quoted_domain_fws (0.00s)\n"}
2026-10-09T03:21:59.2915497Z {"Time":"2026-10-09T03:21:59.266730571Z","Action":"pass","Package":"tabmail/internal/company","Test":"TestAdvanceTemplateEmailOptionsUseSameMailboxGrammar/quoted_domain_fws","Elapsed":0}
2026-10-09T03:21:59.2916512Z {"Time":"2026-10-09T03:21:59.266746785Z","Action":"run","Package":"tabmail/internal/company","Test":"TestAdvanceTemplateEmailOptionsUseSameMailboxGrammar/crlf"}
2026-10-09T03:21:59.2917629Z {"Time":"2026-10-09T03:21:59.266749239Z","Action":"output","Package":"tabmail/internal/company","Test":"TestAdvanceTemplateEmailOptionsUseSameMailboxGrammar/crlf","Output":"=== RUN   TestAdvanceTemplateEmailOptionsUseSameMailboxGrammar/crlf\n"}
2026-10-09T03:21:59.2918922Z {"Time":"2026-10-09T03:21:59.266802068Z","Action":"output","Package":"tabmail/internal/company","Test":"TestAdvanceTemplateEmailOptionsUseSameMailboxGrammar/crlf","Output":"--- PASS: TestAdvanceTemplateEmailOptionsUseSameMailboxGrammar/crlf (0.00s)\n"}
2026-10-09T03:21:59.2919994Z {"Time":"2026-10-09T03:21:59.266807285Z","Action":"pass","Package":"tabmail/internal/company","Test":"TestAdvanceTemplateEmailOptionsUseSameMailboxGrammar/crlf","Elapsed":0}
2026-10-09T03:21:59.2920821Z {"Time":"2026-10-09T03:21:59.266827566Z","Action":"run","Package":"tabmail/internal/company","Test":"TestAdvanceTemplateEmailOptionsUseSameMailboxGrammar/nul"}
2026-10-09T03:21:59.2921848Z {"Time":"2026-10-09T03:21:59.266831371Z","Action":"output","Package":"tabmail/internal/company","Test":"TestAdvanceTemplateEmailOptionsUseSameMailboxGrammar/nul","Output":"=== RUN   TestAdvanceTemplateEmailOptionsUseSameMailboxGrammar/nul\n"}
2026-10-09T03:21:59.2923109Z {"Time":"2026-10-09T03:21:59.266868166Z","Action":"output","Package":"tabmail/internal/company","Test":"TestAdvanceTemplateEmailOptionsUseSameMailboxGrammar/nul","Output":"--- PASS: TestAdvanceTemplateEmailOptionsUseSameMailboxGrammar/nul (0.00s)\n"}
2026-10-09T03:21:59.2924178Z {"Time":"2026-10-09T03:21:59.266875086Z","Action":"pass","Package":"tabmail/internal/company","Test":"TestAdvanceTemplateEmailOptionsUseSameMailboxGrammar/nul","Elapsed":0}
2026-10-09T03:21:59.2925207Z {"Time":"2026-10-09T03:21:59.266894886Z","Action":"run","Package":"tabmail/internal/company","Test":"TestAdvanceTemplateEmailOptionsUseSameMailboxGrammar/missing_domain"}
2026-10-09T03:21:59.2926331Z {"Time":"2026-10-09T03:21:59.2668976Z","Action":"output","Package":"tabmail/internal/company","Test":"TestAdvanceTemplateEmailOptionsUseSameMailboxGrammar/missing_domain","Output":"=== RUN   TestAdvanceTemplateEmailOptionsUseSameMailboxGrammar/missing_domain\n"}
2026-10-09T03:21:59.2927727Z {"Time":"2026-10-09T03:21:59.266951801Z","Action":"output","Package":"tabmail/internal/company","Test":"TestAdvanceTemplateEmailOptionsUseSameMailboxGrammar/missing_domain","Output":"--- PASS: TestAdvanceTemplateEmailOptionsUseSameMailboxGrammar/missing_domain (0.00s)\n"}
2026-10-09T03:21:59.2928885Z {"Time":"2026-10-09T03:21:59.26695791Z","Action":"pass","Package":"tabmail/internal/company","Test":"TestAdvanceTemplateEmailOptionsUseSameMailboxGrammar/missing_domain","Elapsed":0}
2026-10-09T03:21:59.2930183Z {"Time":"2026-10-09T03:21:59.266999452Z","Action":"output","Package":"tabmail/internal/company","Test":"TestAdvanceTemplateEmailOptionsUseSameMailboxGrammar","Output":"--- PASS: TestAdvanceTemplateEmailOptionsUseSameMailboxGrammar (0.01s)\n"}
2026-10-09T03:21:59.2931524Z {"Time":"2026-10-09T03:21:59.267004469Z","Action":"pass","Package":"tabmail/internal/company","Test":"TestAdvanceTemplateEmailOptionsUseSameMailboxGrammar","Elapsed":0.01}
2026-10-09T03:21:59.2932623Z {"Time":"2026-10-09T03:21:59.267028445Z","Action":"run","Package":"tabmail/internal/company","Test":"TestAdvanceTemplateEmailRetainsRequiredLengthAndEnumRules"}
2026-10-09T03:21:59.2934003Z {"Time":"2026-10-09T03:21:59.26703166Z","Action":"output","Package":"tabmail/internal/company","Test":"TestAdvanceTemplateEmailRetainsRequiredLengthAndEnumRules","Output":"=== RUN   TestAdvanceTemplateEmailRetainsRequiredLengthAndEnumRules\n"}
2026-10-09T03:21:59.2935580Z {"Time":"2026-10-09T03:21:59.267048274Z","Action":"run","Package":"tabmail/internal/company","Test":"TestAdvanceTemplateEmailRetainsRequiredLengthAndEnumRules/at_length"}
2026-10-09T03:21:59.2937208Z {"Time":"2026-10-09T03:21:59.267052421Z","Action":"output","Package":"tabmail/internal/company","Test":"TestAdvanceTemplateEmailRetainsRequiredLengthAndEnumRules/at_length","Output":"=== RUN   TestAdvanceTemplateEmailRetainsRequiredLengthAndEnumRules/at_length\n"}
2026-10-09T03:21:59.2939207Z {"Time":"2026-10-09T03:21:59.267556882Z","Action":"output","Package":"tabmail/internal/company","Test":"TestAdvanceTemplateEmailRetainsRequiredLengthAndEnumRules/at_length","Output":"--- PASS: TestAdvanceTemplateEmailRetainsRequiredLengthAndEnumRules/at_length (0.00s)\n"}
2026-10-09T03:21:59.2940859Z {"Time":"2026-10-09T03:21:59.267567548Z","Action":"pass","Package":"tabmail/internal/company","Test":"TestAdvanceTemplateEmailRetainsRequiredLengthAndEnumRules/at_length","Elapsed":0}
2026-10-09T03:21:59.2942097Z {"Time":"2026-10-09T03:21:59.267604283Z","Action":"run","Package":"tabmail/internal/company","Test":"TestAdvanceTemplateEmailRetainsRequiredLengthAndEnumRules/over_length"}
2026-10-09T03:21:59.2943291Z {"Time":"2026-10-09T03:21:59.267610131Z","Action":"output","Package":"tabmail/internal/company","Test":"TestAdvanceTemplateEmailRetainsRequiredLengthAndEnumRules/over_length","Output":"=== RUN   TestAdvanceTemplateEmailRetainsRequiredLengthAndEnumRules/over_length\n"}
2026-10-09T03:21:59.2944806Z {"Time":"2026-10-09T03:21:59.267908356Z","Action":"output","Package":"tabmail/internal/company","Test":"TestAdvanceTemplateEmailRetainsRequiredLengthAndEnumRules/over_length","Output":"--- PASS: TestAdvanceTemplateEmailRetainsRequiredLengthAndEnumRules/over_length (0.00s)\n"}
2026-10-09T03:21:59.2946011Z {"Time":"2026-10-09T03:21:59.267950629Z","Action":"pass","Package":"tabmail/internal/company","Test":"TestAdvanceTemplateEmailRetainsRequiredLengthAndEnumRules/over_length","Elapsed":0}
2026-10-09T03:21:59.2946917Z {"Time":"2026-10-09T03:21:59.267984309Z","Action":"run","Package":"tabmail/internal/company","Test":"TestAdvanceTemplateEmailRetainsRequiredLengthAndEnumRules/outside_enum"}
2026-10-09T03:21:59.2948078Z {"Time":"2026-10-09T03:21:59.267989487Z","Action":"output","Package":"tabmail/internal/company","Test":"TestAdvanceTemplateEmailRetainsRequiredLengthAndEnumRules/outside_enum","Output":"=== RUN   TestAdvanceTemplateEmailRetainsRequiredLengthAndEnumRules/outside_enum\n"}
2026-10-09T03:21:59.2949529Z {"Time":"2026-10-09T03:21:59.268323224Z","Action":"output","Package":"tabmail/internal/company","Test":"TestAdvanceTemplateEmailRetainsRequiredLengthAndEnumRules/outside_enum","Output":"--- PASS: TestAdvanceTemplateEmailRetainsRequiredLengthAndEnumRules/outside_enum (0.00s)\n"}
2026-10-09T03:21:59.2950719Z {"Time":"2026-10-09T03:21:59.268331646Z","Action":"pass","Package":"tabmail/internal/company","Test":"TestAdvanceTemplateEmailRetainsRequiredLengthAndEnumRules/outside_enum","Elapsed":0}
2026-10-09T03:21:59.2951653Z {"Time":"2026-10-09T03:21:59.26834747Z","Action":"run","Package":"tabmail/internal/company","Test":"TestAdvanceTemplateEmailRetainsRequiredLengthAndEnumRules/required_empty"}
2026-10-09T03:21:59.2952829Z {"Time":"2026-10-09T03:21:59.268359898Z","Action":"output","Package":"tabmail/internal/company","Test":"TestAdvanceTemplateEmailRetainsRequiredLengthAndEnumRules/required_empty","Output":"=== RUN   TestAdvanceTemplateEmailRetainsRequiredLengthAndEnumRules/required_empty\n"}
2026-10-09T03:21:59.2954302Z {"Time":"2026-10-09T03:21:59.268647557Z","Action":"output","Package":"tabmail/internal/company","Test":"TestAdvanceTemplateEmailRetainsRequiredLengthAndEnumRules/required_empty","Output":"--- PASS: TestAdvanceTemplateEmailRetainsRequiredLengthAndEnumRules/required_empty (0.00s)\n"}
2026-10-09T03:21:59.2955795Z {"Time":"2026-10-09T03:21:59.268658744Z","Action":"pass","Package":"tabmail/internal/company","Test":"TestAdvanceTemplateEmailRetainsRequiredLengthAndEnumRules/required_empty","Elapsed":0}
2026-10-09T03:21:59.2956719Z {"Time":"2026-10-09T03:21:59.26866309Z","Action":"run","Package":"tabmail/internal/company","Test":"TestAdvanceTemplateEmailRetainsRequiredLengthAndEnumRules/optional_omitted"}
2026-10-09T03:21:59.2958033Z {"Time":"2026-10-09T03:21:59.268665924Z","Action":"output","Package":"tabmail/internal/company","Test":"TestAdvanceTemplateEmailRetainsRequiredLengthAndEnumRules/optional_omitted","Output":"=== RUN   TestAdvanceTemplateEmailRetainsRequiredLengthAndEnumRules/optional_omitted\n"}
2026-10-09T03:21:59.2959614Z {"Time":"2026-10-09T03:21:59.269062014Z","Action":"output","Package":"tabmail/internal/company","Test":"TestAdvanceTemplateEmailRetainsRequiredLengthAndEnumRules/optional_omitted","Output":"--- PASS: TestAdvanceTemplateEmailRetainsRequiredLengthAndEnumRules/optional_omitted (0.00s)\n"}
2026-10-09T03:21:59.2960851Z {"Time":"2026-10-09T03:21:59.269071488Z","Action":"pass","Package":"tabmail/internal/company","Test":"TestAdvanceTemplateEmailRetainsRequiredLengthAndEnumRules/optional_omitted","Elapsed":0}
2026-10-09T03:21:59.2961785Z {"Time":"2026-10-09T03:21:59.269075865Z","Action":"run","Package":"tabmail/internal/company","Test":"TestAdvanceTemplateEmailRetainsRequiredLengthAndEnumRules/reserved_identity"}
2026-10-09T03:21:59.2962980Z {"Time":"2026-10-09T03:21:59.269078599Z","Action":"output","Package":"tabmail/internal/company","Test":"TestAdvanceTemplateEmailRetainsRequiredLengthAndEnumRules/reserved_identity","Output":"=== RUN   TestAdvanceTemplateEmailRetainsRequiredLengthAndEnumRules/reserved_identity\n"}
2026-10-09T03:21:59.2964686Z {"Time":"2026-10-09T03:21:59.269343153Z","Action":"output","Package":"tabmail/internal/company","Test":"TestAdvanceTemplateEmailRetainsRequiredLengthAndEnumRules/reserved_identity","Output":"--- PASS: TestAdvanceTemplateEmailRetainsRequiredLengthAndEnumRules/reserved_identity (0.00s)\n"}
2026-10-09T03:21:59.2965962Z {"Time":"2026-10-09T03:21:59.269361921Z","Action":"pass","Package":"tabmail/internal/company","Test":"TestAdvanceTemplateEmailRetainsRequiredLengthAndEnumRules/reserved_identity","Elapsed":0}
2026-10-09T03:21:59.2967125Z {"Time":"2026-10-09T03:21:59.269398225Z","Action":"output","Package":"tabmail/internal/company","Test":"TestAdvanceTemplateEmailRetainsRequiredLengthAndEnumRules","Output":"--- PASS: TestAdvanceTemplateEmailRetainsRequiredLengthAndEnumRules (0.00s)\n"}
2026-10-09T03:21:59.2968227Z {"Time":"2026-10-09T03:21:59.269405376Z","Action":"pass","Package":"tabmail/internal/company","Test":"TestAdvanceTemplateEmailRetainsRequiredLengthAndEnumRules","Elapsed":0}
2026-10-09T03:21:59.2969005Z {"Time":"2026-10-09T03:21:59.269423503Z","Action":"run","Package":"tabmail/internal/company","Test":"TestR5TemplateEncodingBoundarySource"}
2026-10-09T03:21:59.2969844Z {"Time":"2026-10-09T03:21:59.269430353Z","Action":"output","Package":"tabmail/internal/company","Test":"TestR5TemplateEncodingBoundarySource","Output":"=== RUN   TestR5TemplateEncodingBoundarySource\n"}
2026-10-09T03:21:59.2970697Z {"Time":"2026-10-09T03:21:59.269454459Z","Action":"run","Package":"tabmail/internal/company","Test":"TestR5TemplateEncodingBoundarySource/subject"}
2026-10-09T03:21:59.2971596Z {"Time":"2026-10-09T03:21:59.269457393Z","Action":"output","Package":"tabmail/internal/company","Test":"TestR5TemplateEncodingBoundarySource/subject","Output":"=== RUN   TestR5TemplateEncodingBoundarySource/subject\n"}
2026-10-09T03:21:59.2972697Z {"Time":"2026-10-09T03:21:59.269897289Z","Action":"output","Package":"tabmail/internal/company","Test":"TestR5TemplateEncodingBoundarySource/subject","Output":"--- PASS: TestR5TemplateEncodingBoundarySource/subject (0.00s)\n"}
2026-10-09T03:21:59.2973643Z {"Time":"2026-10-09T03:21:59.26990496Z","Action":"pass","Package":"tabmail/internal/company","Test":"TestR5TemplateEncodingBoundarySource/subject","Elapsed":0}
2026-10-09T03:21:59.2974405Z {"Time":"2026-10-09T03:21:59.269919542Z","Action":"run","Package":"tabmail/internal/company","Test":"TestR5TemplateEncodingBoundarySource/text"}
2026-10-09T03:21:59.2976011Z {"Time":"2026-10-09T03:21:59.269928205Z","Action":"output","Package":"tabmail/internal/company","Test":"TestR5TemplateEncodingBoundarySource/text","Output":"=== RUN   TestR5TemplateEncodingBoundarySource/text\n"}
2026-10-09T03:21:59.2977731Z {"Time":"2026-10-09T03:21:59.270314841Z","Action":"output","Package":"tabmail/internal/company","Test":"TestR5TemplateEncodingBoundarySource/text","Output":"--- PASS: TestR5TemplateEncodingBoundarySource/text (0.00s)\n"}
2026-10-09T03:21:59.2978764Z {"Time":"2026-10-09T03:21:59.270322222Z","Action":"pass","Package":"tabmail/internal/company","Test":"TestR5TemplateEncodingBoundarySource/text","Elapsed":0}
2026-10-09T03:21:59.2979536Z {"Time":"2026-10-09T03:21:59.270339127Z","Action":"run","Package":"tabmail/internal/company","Test":"TestR5TemplateEncodingBoundarySource/html"}
2026-10-09T03:21:59.2980423Z {"Time":"2026-10-09T03:21:59.270344395Z","Action":"output","Package":"tabmail/internal/company","Test":"TestR5TemplateEncodingBoundarySource/html","Output":"=== RUN   TestR5TemplateEncodingBoundarySource/html\n"}
2026-10-09T03:21:59.2981482Z {"Time":"2026-10-09T03:21:59.270805051Z","Action":"output","Package":"tabmail/internal/company","Test":"TestR5TemplateEncodingBoundarySource/html","Output":"--- PASS: TestR5TemplateEncodingBoundarySource/html (0.00s)\n"}
2026-10-09T03:21:59.2982494Z {"Time":"2026-10-09T03:21:59.270813163Z","Action":"pass","Package":"tabmail/internal/company","Test":"TestR5TemplateEncodingBoundarySource/html","Elapsed":0}
2026-10-09T03:21:59.2983256Z {"Time":"2026-10-09T03:21:59.270829617Z","Action":"run","Package":"tabmail/internal/company","Test":"TestR5TemplateEncodingBoundarySource/unused_option"}
2026-10-09T03:21:59.2984199Z {"Time":"2026-10-09T03:21:59.270835486Z","Action":"output","Package":"tabmail/internal/company","Test":"TestR5TemplateEncodingBoundarySource/unused_option","Output":"=== RUN   TestR5TemplateEncodingBoundarySource/unused_option\n"}
2026-10-09T03:21:59.2985942Z {"Time":"2026-10-09T03:21:59.271217265Z","Action":"output","Package":"tabmail/internal/company","Test":"TestR5TemplateEncodingBoundarySource/unused_option","Output":"--- PASS: TestR5TemplateEncodingBoundarySource/unused_option (0.00s)\n"}
2026-10-09T03:21:59.2987631Z {"Time":"2026-10-09T03:21:59.271224546Z","Action":"pass","Package":"tabmail/internal/company","Test":"TestR5TemplateEncodingBoundarySource/unused_option","Elapsed":0}
2026-10-09T03:21:59.2989481Z {"Time":"2026-10-09T03:21:59.271264856Z","Action":"output","Package":"tabmail/internal/company","Test":"TestR5TemplateEncodingBoundarySource","Output":"--- PASS: TestR5TemplateEncodingBoundarySource (0.00s)\n"}
2026-10-09T03:21:59.2991034Z {"Time":"2026-10-09T03:21:59.271273439Z","Action":"pass","Package":"tabmail/internal/company","Test":"TestR5TemplateEncodingBoundarySource","Elapsed":0}
2026-10-09T03:21:59.2991806Z {"Time":"2026-10-09T03:21:59.271298947Z","Action":"run","Package":"tabmail/internal/company","Test":"TestR5TemplateEncodingBoundaryIdentity"}
2026-10-09T03:21:59.2992671Z {"Time":"2026-10-09T03:21:59.271303594Z","Action":"output","Package":"tabmail/internal/company","Test":"TestR5TemplateEncodingBoundaryIdentity","Output":"=== RUN   TestR5TemplateEncodingBoundaryIdentity\n"}
2026-10-09T03:21:59.2993593Z {"Time":"2026-10-09T03:21:59.271320188Z","Action":"run","Package":"tabmail/internal/company","Test":"TestR5TemplateEncodingBoundaryIdentity/employee_name/referenced"}
2026-10-09T03:21:59.2994829Z {"Time":"2026-10-09T03:21:59.271325626Z","Action":"output","Package":"tabmail/internal/company","Test":"TestR5TemplateEncodingBoundaryIdentity/employee_name/referenced","Output":"=== RUN   TestR5TemplateEncodingBoundaryIdentity/employee_name/referenced\n"}
2026-10-09T03:21:59.2996165Z {"Time":"2026-10-09T03:21:59.271937017Z","Action":"output","Package":"tabmail/internal/company","Test":"TestR5TemplateEncodingBoundaryIdentity/employee_name/referenced","Output":"--- PASS: TestR5TemplateEncodingBoundaryIdentity/employee_name/referenced (0.00s)\n"}
2026-10-09T03:21:59.2997276Z {"Time":"2026-10-09T03:21:59.271946702Z","Action":"pass","Package":"tabmail/internal/company","Test":"TestR5TemplateEncodingBoundaryIdentity/employee_name/referenced","Elapsed":0}
2026-10-09T03:21:59.2998257Z {"Time":"2026-10-09T03:21:59.271964418Z","Action":"run","Package":"tabmail/internal/company","Test":"TestR5TemplateEncodingBoundaryIdentity/employee_name/unreferenced"}
2026-10-09T03:21:59.2999659Z {"Time":"2026-10-09T03:21:59.271969796Z","Action":"output","Package":"tabmail/internal/company","Test":"TestR5TemplateEncodingBoundaryIdentity/employee_name/unreferenced","Output":"=== RUN   TestR5TemplateEncodingBoundaryIdentity/employee_name/unreferenced\n"}
2026-10-09T03:21:59.3001011Z {"Time":"2026-10-09T03:21:59.27246893Z","Action":"output","Package":"tabmail/internal/company","Test":"TestR5TemplateEncodingBoundaryIdentity/employee_name/unreferenced","Output":"--- PASS: TestR5TemplateEncodingBoundaryIdentity/employee_name/unreferenced (0.00s)\n"}
2026-10-09T03:21:59.3002127Z {"Time":"2026-10-09T03:21:59.272481218Z","Action":"pass","Package":"tabmail/internal/company","Test":"TestR5TemplateEncodingBoundaryIdentity/employee_name/unreferenced","Elapsed":0}
2026-10-09T03:21:59.3002982Z {"Time":"2026-10-09T03:21:59.272508589Z","Action":"run","Package":"tabmail/internal/company","Test":"TestR5TemplateEncodingBoundaryIdentity/company_name/referenced"}
2026-10-09T03:21:59.3004037Z {"Time":"2026-10-09T03:21:59.272512775Z","Action":"output","Package":"tabmail/internal/company","Test":"TestR5TemplateEncodingBoundaryIdentity/company_name/referenced","Output":"=== RUN   TestR5TemplateEncodingBoundaryIdentity/company_name/referenced\n"}
2026-10-09T03:21:59.3005428Z {"Time":"2026-10-09T03:21:59.273546806Z","Action":"output","Package":"tabmail/internal/company","Test":"TestR5TemplateEncodingBoundaryIdentity/company_name/referenced","Output":"--- PASS: TestR5TemplateEncodingBoundaryIdentity/company_name/referenced (0.00s)\n"}
2026-10-09T03:21:59.3006531Z {"Time":"2026-10-09T03:21:59.273561317Z","Action":"pass","Package":"tabmail/internal/company","Test":"TestR5TemplateEncodingBoundaryIdentity/company_name/referenced","Elapsed":0}
2026-10-09T03:21:59.3007370Z {"Time":"2026-10-09T03:21:59.273566495Z","Action":"run","Package":"tabmail/internal/company","Test":"TestR5TemplateEncodingBoundaryIdentity/company_name/unreferenced"}
2026-10-09T03:21:59.3008435Z {"Time":"2026-10-09T03:21:59.273572013Z","Action":"output","Package":"tabmail/internal/company","Test":"TestR5TemplateEncodingBoundaryIdentity/company_name/unreferenced","Output":"=== RUN   TestR5TemplateEncodingBoundaryIdentity/company_name/unreferenced\n"}
2026-10-09T03:21:59.3009796Z {"Time":"2026-10-09T03:21:59.273940411Z","Action":"output","Package":"tabmail/internal/company","Test":"TestR5TemplateEncodingBoundaryIdentity/company_name/unreferenced","Output":"--- PASS: TestR5TemplateEncodingBoundaryIdentity/company_name/unreferenced (0.00s)\n"}
2026-10-09T03:21:59.3010913Z {"Time":"2026-10-09T03:21:59.273950757Z","Action":"pass","Package":"tabmail/internal/company","Test":"TestR5TemplateEncodingBoundaryIdentity/company_name/unreferenced","Elapsed":0}
2026-10-09T03:21:59.3011767Z {"Time":"2026-10-09T03:21:59.273960481Z","Action":"run","Package":"tabmail/internal/company","Test":"TestR5TemplateEncodingBoundaryIdentity/sender_address/referenced"}
2026-10-09T03:21:59.3012826Z {"Time":"2026-10-09T03:21:59.273963656Z","Action":"output","Package":"tabmail/internal/company","Test":"TestR5TemplateEncodingBoundaryIdentity/sender_address/referenced","Output":"=== RUN   TestR5TemplateEncodingBoundaryIdentity/sender_address/referenced\n"}
2026-10-09T03:21:59.3014155Z {"Time":"2026-10-09T03:21:59.274457942Z","Action":"output","Package":"tabmail/internal/company","Test":"TestR5TemplateEncodingBoundaryIdentity/sender_address/referenced","Output":"--- PASS: TestR5TemplateEncodingBoundaryIdentity/sender_address/referenced (0.00s)\n"}
2026-10-09T03:21:59.3015441Z {"Time":"2026-10-09T03:21:59.274466605Z","Action":"pass","Package":"tabmail/internal/company","Test":"TestR5TemplateEncodingBoundaryIdentity/sender_address/referenced","Elapsed":0}
2026-10-09T03:21:59.3016302Z {"Time":"2026-10-09T03:21:59.274483511Z","Action":"run","Package":"tabmail/internal/company","Test":"TestR5TemplateEncodingBoundaryIdentity/sender_address/unreferenced"}
2026-10-09T03:21:59.3017608Z {"Time":"2026-10-09T03:21:59.274486485Z","Action":"output","Package":"tabmail/internal/company","Test":"TestR5TemplateEncodingBoundaryIdentity/sender_address/unreferenced","Output":"=== RUN   TestR5TemplateEncodingBoundaryIdentity/sender_address/unreferenced\n"}
2026-10-09T03:21:59.3019671Z {"Time":"2026-10-09T03:21:59.274762426Z","Action":"output","Package":"tabmail/internal/company","Test":"TestR5TemplateEncodingBoundaryIdentity/sender_address/unreferenced","Output":"--- PASS: TestR5TemplateEncodingBoundaryIdentity/sender_address/unreferenced (0.00s)\n"}
2026-10-09T03:21:59.3021182Z {"Time":"2026-10-09T03:21:59.274770788Z","Action":"pass","Package":"tabmail/internal/company","Test":"TestR5TemplateEncodingBoundaryIdentity/sender_address/unreferenced","Elapsed":0}
2026-10-09T03:21:59.3022177Z {"Time":"2026-10-09T03:21:59.274810367Z","Action":"output","Package":"tabmail/internal/company","Test":"TestR5TemplateEncodingBoundaryIdentity","Output":"--- PASS: TestR5TemplateEncodingBoundaryIdentity (0.00s)\n"}
2026-10-09T03:21:59.3023085Z {"Time":"2026-10-09T03:21:59.274857237Z","Action":"pass","Package":"tabmail/internal/company","Test":"TestR5TemplateEncodingBoundaryIdentity","Elapsed":0}
2026-10-09T03:21:59.3023810Z {"Time":"2026-10-09T03:21:59.274895174Z","Action":"run","Package":"tabmail/internal/company","Test":"TestR5TemplateEncodingBoundaryClientValue"}
2026-10-09T03:21:59.3024791Z {"Time":"2026-10-09T03:21:59.274901253Z","Action":"output","Package":"tabmail/internal/company","Test":"TestR5TemplateEncodingBoundaryClientValue","Output":"=== RUN   TestR5TemplateEncodingBoundaryClientValue\n"}
2026-10-09T03:21:59.3025875Z {"Time":"2026-10-09T03:21:59.275314369Z","Action":"output","Package":"tabmail/internal/company","Test":"TestR5TemplateEncodingBoundaryClientValue","Output":"--- PASS: TestR5TemplateEncodingBoundaryClientValue (0.00s)\n"}
2026-10-09T03:21:59.3026796Z {"Time":"2026-10-09T03:21:59.275334318Z","Action":"pass","Package":"tabmail/internal/company","Test":"TestR5TemplateEncodingBoundaryClientValue","Elapsed":0}
2026-10-09T03:21:59.3027534Z {"Time":"2026-10-09T03:21:59.275348339Z","Action":"run","Package":"tabmail/internal/company","Test":"TestR5TemplateEncodingBoundaryUnicode"}
2026-10-09T03:21:59.3028395Z {"Time":"2026-10-09T03:21:59.275360167Z","Action":"output","Package":"tabmail/internal/company","Test":"TestR5TemplateEncodingBoundaryUnicode","Output":"=== RUN   TestR5TemplateEncodingBoundaryUnicode\n"}
2026-10-09T03:21:59.3029428Z {"Time":"2026-10-09T03:21:59.275997987Z","Action":"output","Package":"tabmail/internal/company","Test":"TestR5TemplateEncodingBoundaryUnicode","Output":"--- PASS: TestR5TemplateEncodingBoundaryUnicode (0.00s)\n"}
2026-10-09T03:21:59.3030475Z {"Time":"2026-10-09T03:21:59.276025748Z","Action":"pass","Package":"tabmail/internal/company","Test":"TestR5TemplateEncodingBoundaryUnicode","Elapsed":0}
2026-10-09T03:21:59.3031476Z {"Time":"2026-10-09T03:21:59.276030746Z","Action":"run","Package":"tabmail/internal/company","Test":"TestR5TemplateEncodingBoundaryBudgets"}
2026-10-09T03:21:59.3032420Z {"Time":"2026-10-09T03:21:59.276035403Z","Action":"output","Package":"tabmail/internal/company","Test":"TestR5TemplateEncodingBoundaryBudgets","Output":"=== RUN   TestR5TemplateEncodingBoundaryBudgets\n"}
2026-10-09T03:21:59.3033320Z {"Time":"2026-10-09T03:21:59.277650829Z","Action":"run","Package":"tabmail/internal/company","Test":"TestR5TemplateEncodingBoundaryBudgets/subject_at_byte_limit"}
2026-10-09T03:21:59.3034334Z {"Time":"2026-10-09T03:21:59.277660504Z","Action":"output","Package":"tabmail/internal/company","Test":"TestR5TemplateEncodingBoundaryBudgets/subject_at_byte_limit","Output":"=== RUN   TestR5TemplateEncodingBoundaryBudgets/subject_at_byte_limit\n"}
2026-10-09T03:21:59.3035750Z {"Time":"2026-10-09T03:21:59.277891528Z","Action":"output","Package":"tabmail/internal/company","Test":"TestR5TemplateEncodingBoundaryBudgets/subject_at_byte_limit","Output":"--- PASS: TestR5TemplateEncodingBoundaryBudgets/subject_at_byte_limit (0.00s)\n"}
2026-10-09T03:21:59.3036820Z {"Time":"2026-10-09T03:21:59.277902985Z","Action":"pass","Package":"tabmail/internal/company","Test":"TestR5TemplateEncodingBoundaryBudgets/subject_at_byte_limit","Elapsed":0}
2026-10-09T03:21:59.3037768Z {"Time":"2026-10-09T03:21:59.277932569Z","Action":"run","Package":"tabmail/internal/company","Test":"TestR5TemplateEncodingBoundaryBudgets/subject_over_byte_limit"}
2026-10-09T03:21:59.3038905Z {"Time":"2026-10-09T03:21:59.277938928Z","Action":"output","Package":"tabmail/internal/company","Test":"TestR5TemplateEncodingBoundaryBudgets/subject_over_byte_limit","Output":"=== RUN   TestR5TemplateEncodingBoundaryBudgets/subject_over_byte_limit\n"}
2026-10-09T03:21:59.3040234Z {"Time":"2026-10-09T03:21:59.277999909Z","Action":"output","Package":"tabmail/internal/company","Test":"TestR5TemplateEncodingBoundaryBudgets/subject_over_byte_limit","Output":"--- PASS: TestR5TemplateEncodingBoundaryBudgets/subject_over_byte_limit (0.00s)\n"}
2026-10-09T03:21:59.3041306Z {"Time":"2026-10-09T03:21:59.278010405Z","Action":"pass","Package":"tabmail/internal/company","Test":"TestR5TemplateEncodingBoundaryBudgets/subject_over_byte_limit","Elapsed":0}
2026-10-09T03:21:59.3042149Z {"Time":"2026-10-09T03:21:59.278014991Z","Action":"run","Package":"tabmail/internal/company","Test":"TestR5TemplateEncodingBoundaryBudgets/body_at_byte_limit"}
2026-10-09T03:21:59.3043146Z {"Time":"2026-10-09T03:21:59.278017685Z","Action":"output","Package":"tabmail/internal/company","Test":"TestR5TemplateEncodingBoundaryBudgets/body_at_byte_limit","Output":"=== RUN   TestR5TemplateEncodingBoundaryBudgets/body_at_byte_limit\n"}
2026-10-09T03:21:59.3044355Z {"Time":"2026-10-09T03:21:59.285737125Z","Action":"output","Package":"tabmail/internal/company","Test":"TestR5TemplateEncodingBoundaryBudgets/body_at_byte_limit","Output":"--- PASS: TestR5TemplateEncodingBoundaryBudgets/body_at_byte_limit (0.01s)\n"}
2026-10-09T03:21:59.3045580Z {"Time":"2026-10-09T03:21:59.285758066Z","Action":"pass","Package":"tabmail/internal/company","Test":"TestR5TemplateEncodingBoundaryBudgets/body_at_byte_limit","Elapsed":0.01}
2026-10-09T03:21:59.3046403Z {"Time":"2026-10-09T03:21:59.285765848Z","Action":"run","Package":"tabmail/internal/company","Test":"TestR5TemplateEncodingBoundaryBudgets/body_over_byte_limit"}
2026-10-09T03:21:59.3047418Z {"Time":"2026-10-09T03:21:59.285768692Z","Action":"output","Package":"tabmail/internal/company","Test":"TestR5TemplateEncodingBoundaryBudgets/body_over_byte_limit","Output":"=== RUN   TestR5TemplateEncodingBoundaryBudgets/body_over_byte_limit\n"}
2026-10-09T03:21:59.3048652Z {"Time":"2026-10-09T03:21:59.285854109Z","Action":"output","Package":"tabmail/internal/company","Test":"TestR5TemplateEncodingBoundaryBudgets/body_over_byte_limit","Output":"--- PASS: TestR5TemplateEncodingBoundaryBudgets/body_over_byte_limit (0.00s)\n"}
2026-10-09T03:21:59.3049696Z {"Time":"2026-10-09T03:21:59.285860178Z","Action":"pass","Package":"tabmail/internal/company","Test":"TestR5TemplateEncodingBoundaryBudgets/body_over_byte_limit","Elapsed":0}
2026-10-09T03:21:59.3050532Z {"Time":"2026-10-09T03:21:59.285863313Z","Action":"run","Package":"tabmail/internal/company","Test":"TestR5TemplateEncodingBoundaryBudgets/escaped_html_within_limit"}
2026-10-09T03:21:59.3051589Z {"Time":"2026-10-09T03:21:59.285866147Z","Action":"output","Package":"tabmail/internal/company","Test":"TestR5TemplateEncodingBoundaryBudgets/escaped_html_within_limit","Output":"=== RUN   TestR5TemplateEncodingBoundaryBudgets/escaped_html_within_limit\n"}
2026-10-09T03:21:59.3496932Z {"Time":"2026-10-09T03:21:59.349393883Z","Action":"output","Package":"tabmail/internal/company","Test":"TestR5TemplateEncodingBoundaryBudgets/escaped_html_within_limit","Output":"--- PASS: TestR5TemplateEncodingBoundaryBudgets/escaped_html_within_limit (0.06s)\n"}
2026-10-09T03:21:59.3498194Z {"Time":"2026-10-09T03:21:59.349418991Z","Action":"pass","Package":"tabmail/internal/company","Test":"TestR5TemplateEncodingBoundaryBudgets/escaped_html_within_limit","Elapsed":0.06}
2026-10-09T03:21:59.3499086Z {"Time":"2026-10-09T03:21:59.349430247Z","Action":"run","Package":"tabmail/internal/company","Test":"TestR5TemplateEncodingBoundaryBudgets/escaped_html_over_limit"}
2026-10-09T03:21:59.3500816Z {"Time":"2026-10-09T03:21:59.349433672Z","Action":"output","Package":"tabmail/internal/company","Test":"TestR5TemplateEncodingBoundaryBudgets/escaped_html_over_limit","Output":"=== RUN   TestR5TemplateEncodingBoundaryBudgets/escaped_html_over_limit\n"}
2026-10-09T03:21:59.3623492Z {"Time":"2026-10-09T03:21:59.362092099Z","Action":"output","Package":"tabmail/internal/company","Test":"TestR5TemplateEncodingBoundaryBudgets/escaped_html_over_limit","Output":"--- PASS: TestR5TemplateEncodingBoundaryBudgets/escaped_html_over_limit (0.01s)\n"}
2026-10-09T03:21:59.3624853Z {"Time":"2026-10-09T03:21:59.362120301Z","Action":"pass","Package":"tabmail/internal/company","Test":"TestR5TemplateEncodingBoundaryBudgets/escaped_html_over_limit","Elapsed":0.01}
2026-10-09T03:21:59.3626041Z {"Time":"2026-10-09T03:21:59.362128794Z","Action":"output","Package":"tabmail/internal/company","Test":"TestR5TemplateEncodingBoundaryBudgets","Output":"--- PASS: TestR5TemplateEncodingBoundaryBudgets (0.09s)\n"}
2026-10-09T03:21:59.3627305Z {"Time":"2026-10-09T03:21:59.362132209Z","Action":"pass","Package":"tabmail/internal/company","Test":"TestR5TemplateEncodingBoundaryBudgets","Elapsed":0.09}
2026-10-09T03:21:59.3628068Z {"Time":"2026-10-09T03:21:59.362137547Z","Action":"run","Package":"tabmail/internal/company","Test":"TestR5TemplateEncodingBoundaryReservedIdentity"}
2026-10-09T03:21:59.3629018Z {"Time":"2026-10-09T03:21:59.362140091Z","Action":"output","Package":"tabmail/internal/company","Test":"TestR5TemplateEncodingBoundaryReservedIdentity","Output":"=== RUN   TestR5TemplateEncodingBoundaryReservedIdentity\n"}
2026-10-09T03:21:59.3630372Z {"Time":"2026-10-09T03:21:59.362203255Z","Action":"run","Package":"tabmail/internal/company","Test":"TestR5TemplateEncodingBoundaryReservedIdentity/employee_name/client_override"}
2026-10-09T03:21:59.3631610Z {"Time":"2026-10-09T03:21:59.362209594Z","Action":"output","Package":"tabmail/internal/company","Test":"TestR5TemplateEncodingBoundaryReservedIdentity/employee_name/client_override","Output":"=== RUN   TestR5TemplateEncodingBoundaryReservedIdentity/employee_name/client_override\n"}
2026-10-09T03:21:59.3633734Z {"Time":"2026-10-09T03:21:59.362593867Z","Action":"output","Package":"tabmail/internal/company","Test":"TestR5TemplateEncodingBoundaryReservedIdentity/employee_name/client_override","Output":"--- PASS: TestR5TemplateEncodingBoundaryReservedIdentity/employee_name/client_override (0.00s)\n"}
2026-10-09T03:21:59.3635596Z {"Time":"2026-10-09T03:21:59.362603521Z","Action":"pass","Package":"tabmail/internal/company","Test":"TestR5TemplateEncodingBoundaryReservedIdentity/employee_name/client_override","Elapsed":0}
2026-10-09T03:21:59.3637232Z {"Time":"2026-10-09T03:21:59.362614057Z","Action":"run","Package":"tabmail/internal/company","Test":"TestR5TemplateEncodingBoundaryReservedIdentity/employee_name/subject_crlf"}
2026-10-09T03:21:59.3638401Z {"Time":"2026-10-09T03:21:59.362617522Z","Action":"output","Package":"tabmail/internal/company","Test":"TestR5TemplateEncodingBoundaryReservedIdentity/employee_name/subject_crlf","Output":"=== RUN   TestR5TemplateEncodingBoundaryReservedIdentity/employee_name/subject_crlf\n"}
2026-10-09T03:21:59.3640248Z {"Time":"2026-10-09T03:21:59.362924028Z","Action":"output","Package":"tabmail/internal/company","Test":"TestR5TemplateEncodingBoundaryReservedIdentity/employee_name/subject_crlf","Output":"--- PASS: TestR5TemplateEncodingBoundaryReservedIdentity/employee_name/subject_crlf (0.00s)\n"}
2026-10-09T03:21:59.3641623Z {"Time":"2026-10-09T03:21:59.362939191Z","Action":"pass","Package":"tabmail/internal/company","Test":"TestR5TemplateEncodingBoundaryReservedIdentity/employee_name/subject_crlf","Elapsed":0}
2026-10-09T03:21:59.3642789Z {"Time":"2026-10-09T03:21:59.362958199Z","Action":"run","Package":"tabmail/internal/company","Test":"TestR5TemplateEncodingBoundaryReservedIdentity/company_name/client_override"}
2026-10-09T03:21:59.3644374Z {"Time":"2026-10-09T03:21:59.362963637Z","Action":"output","Package":"tabmail/internal/company","Test":"TestR5TemplateEncodingBoundaryReservedIdentity/company_name/client_override","Output":"=== RUN   TestR5TemplateEncodingBoundaryReservedIdentity/company_name/client_override\n"}
2026-10-09T03:21:59.3647135Z {"Time":"2026-10-09T03:21:59.363296263Z","Action":"output","Package":"tabmail/internal/company","Test":"TestR5TemplateEncodingBoundaryReservedIdentity/company_name/client_override","Output":"--- PASS: TestR5TemplateEncodingBoundaryReservedIdentity/company_name/client_override (0.00s)\n"}
2026-10-09T03:21:59.3648386Z {"Time":"2026-10-09T03:21:59.36330753Z","Action":"pass","Package":"tabmail/internal/company","Test":"TestR5TemplateEncodingBoundaryReservedIdentity/company_name/client_override","Elapsed":0}
2026-10-09T03:21:59.3649454Z {"Time":"2026-10-09T03:21:59.363319738Z","Action":"run","Package":"tabmail/internal/company","Test":"TestR5TemplateEncodingBoundaryReservedIdentity/company_name/subject_crlf"}
2026-10-09T03:21:59.3651572Z {"Time":"2026-10-09T03:21:59.363326157Z","Action":"output","Package":"tabmail/internal/company","Test":"TestR5TemplateEncodingBoundaryReservedIdentity/company_name/subject_crlf","Output":"=== RUN   TestR5TemplateEncodingBoundaryReservedIdentity/company_name/subject_crlf\n"}
2026-10-09T03:21:59.3654199Z {"Time":"2026-10-09T03:21:59.363663069Z","Action":"output","Package":"tabmail/internal/company","Test":"TestR5TemplateEncodingBoundaryReservedIdentity/company_name/subject_crlf","Output":"--- PASS: TestR5TemplateEncodingBoundaryReservedIdentity/company_name/subject_crlf (0.00s)\n"}
2026-10-09T03:21:59.3656533Z {"Time":"2026-10-09T03:21:59.363673785Z","Action":"pass","Package":"tabmail/internal/company","Test":"TestR5TemplateEncodingBoundaryReservedIdentity/company_name/subject_crlf","Elapsed":0}
2026-10-09T03:21:59.3658177Z {"Time":"2026-10-09T03:21:59.363693745Z","Action":"run","Package":"tabmail/internal/company","Test":"TestR5TemplateEncodingBoundaryReservedIdentity/sender_address/client_override"}
2026-10-09T03:21:59.3660373Z {"Time":"2026-10-09T03:21:59.363698212Z","Action":"output","Package":"tabmail/internal/company","Test":"TestR5TemplateEncodingBoundaryReservedIdentity/sender_address/client_override","Output":"=== RUN   TestR5TemplateEncodingBoundaryReservedIdentity/sender_address/client_override\n"}
2026-10-09T03:21:59.3663126Z {"Time":"2026-10-09T03:21:59.364003416Z","Action":"output","Package":"tabmail/internal/company","Test":"TestR5TemplateEncodingBoundaryReservedIdentity/sender_address/client_override","Output":"--- PASS: TestR5TemplateEncodingBoundaryReservedIdentity/sender_address/client_override (0.00s)\n"}
2026-10-09T03:21:59.3665556Z {"Time":"2026-10-09T03:21:59.364013391Z","Action":"pass","Package":"tabmail/internal/company","Test":"TestR5TemplateEncodingBoundaryReservedIdentity/sender_address/client_override","Elapsed":0}
2026-10-09T03:21:59.3666774Z {"Time":"2026-10-09T03:21:59.364033231Z","Action":"run","Package":"tabmail/internal/company","Test":"TestR5TemplateEncodingBoundaryReservedIdentity/sender_address/subject_crlf"}
2026-10-09T03:21:59.3668250Z {"Time":"2026-10-09T03:21:59.364037327Z","Action":"output","Package":"tabmail/internal/company","Test":"TestR5TemplateEncodingBoundaryReservedIdentity/sender_address/subject_crlf","Output":"=== RUN   TestR5TemplateEncodingBoundaryReservedIdentity/sender_address/subject_crlf\n"}
2026-10-09T03:21:59.3669844Z {"Time":"2026-10-09T03:21:59.364378114Z","Action":"output","Package":"tabmail/internal/company","Test":"TestR5TemplateEncodingBoundaryReservedIdentity/sender_address/subject_crlf","Output":"--- PASS: TestR5TemplateEncodingBoundaryReservedIdentity/sender_address/subject_crlf (0.00s)\n"}
2026-10-09T03:21:59.3671044Z {"Time":"2026-10-09T03:21:59.364389441Z","Action":"pass","Package":"tabmail/internal/company","Test":"TestR5TemplateEncodingBoundaryReservedIdentity/sender_address/subject_crlf","Elapsed":0}
2026-10-09T03:21:59.3672395Z {"Time":"2026-10-09T03:21:59.364436511Z","Action":"output","Package":"tabmail/internal/company","Test":"TestR5TemplateEncodingBoundaryReservedIdentity","Output":"--- PASS: TestR5TemplateEncodingBoundaryReservedIdentity (0.00s)\n"}
2026-10-09T03:21:59.3673720Z {"Time":"2026-10-09T03:21:59.364458945Z","Action":"pass","Package":"tabmail/internal/company","Test":"TestR5TemplateEncodingBoundaryReservedIdentity","Elapsed":0}
2026-10-09T03:21:59.3675067Z {"Time":"2026-10-09T03:21:59.364986181Z","Action":"run","Package":"tabmail/internal/company","Test":"TestR5TemplateNULDefinition"}
2026-10-09T03:21:59.3675897Z {"Time":"2026-10-09T03:21:59.364995024Z","Action":"output","Package":"tabmail/internal/company","Test":"TestR5TemplateNULDefinition","Output":"=== RUN   TestR5TemplateNULDefinition\n"}
2026-10-09T03:21:59.3695595Z {"Time":"2026-10-09T03:21:59.364998589Z","Action":"run","Package":"tabmail/internal/company","Test":"TestR5TemplateNULDefinition/subject"}
2026-10-09T03:21:59.3696896Z {"Time":"2026-10-09T03:21:59.365001233Z","Action":"output","Package":"tabmail/internal/company","Test":"TestR5TemplateNULDefinition/subject","Output":"=== RUN   TestR5TemplateNULDefinition/subject\n"}
2026-10-09T03:21:59.3697957Z {"Time":"2026-10-09T03:21:59.365005289Z","Action":"output","Package":"tabmail/internal/company","Test":"TestR5TemplateNULDefinition/subject","Output":"--- PASS: TestR5TemplateNULDefinition/subject (0.00s)\n"}
2026-10-09T03:21:59.3698837Z {"Time":"2026-10-09T03:21:59.365008714Z","Action":"pass","Package":"tabmail/internal/company","Test":"TestR5TemplateNULDefinition/subject","Elapsed":0}
2026-10-09T03:21:59.3699532Z {"Time":"2026-10-09T03:21:59.365012239Z","Action":"run","Package":"tabmail/internal/company","Test":"TestR5TemplateNULDefinition/text"}
2026-10-09T03:21:59.3700335Z {"Time":"2026-10-09T03:21:59.365014613Z","Action":"output","Package":"tabmail/internal/company","Test":"TestR5TemplateNULDefinition/text","Output":"=== RUN   TestR5TemplateNULDefinition/text\n"}
2026-10-09T03:21:59.3701286Z {"Time":"2026-10-09T03:21:59.36501906Z","Action":"output","Package":"tabmail/internal/company","Test":"TestR5TemplateNULDefinition/text","Output":"--- PASS: TestR5TemplateNULDefinition/text (0.00s)\n"}
2026-10-09T03:21:59.3702122Z {"Time":"2026-10-09T03:21:59.365022124Z","Action":"pass","Package":"tabmail/internal/company","Test":"TestR5TemplateNULDefinition/text","Elapsed":0}
2026-10-09T03:21:59.3702796Z {"Time":"2026-10-09T03:21:59.365024998Z","Action":"run","Package":"tabmail/internal/company","Test":"TestR5TemplateNULDefinition/html"}
2026-10-09T03:21:59.3703601Z {"Time":"2026-10-09T03:21:59.365027472Z","Action":"output","Package":"tabmail/internal/company","Test":"TestR5TemplateNULDefinition/html","Output":"=== RUN   TestR5TemplateNULDefinition/html\n"}
2026-10-09T03:21:59.3704799Z {"Time":"2026-10-09T03:21:59.365030737Z","Action":"output","Package":"tabmail/internal/company","Test":"TestR5TemplateNULDefinition/html","Output":"--- PASS: TestR5TemplateNULDefinition/html (0.00s)\n"}
2026-10-09T03:21:59.3706101Z {"Time":"2026-10-09T03:21:59.365034002Z","Action":"pass","Package":"tabmail/internal/company","Test":"TestR5TemplateNULDefinition/html","Elapsed":0}
2026-10-09T03:21:59.3706830Z {"Time":"2026-10-09T03:21:59.365036666Z","Action":"run","Package":"tabmail/internal/company","Test":"TestR5TemplateNULDefinition/unused_option"}
2026-10-09T03:21:59.3707725Z {"Time":"2026-10-09T03:21:59.36503944Z","Action":"output","Package":"tabmail/internal/company","Test":"TestR5TemplateNULDefinition/unused_option","Output":"=== RUN   TestR5TemplateNULDefinition/unused_option\n"}
2026-10-09T03:21:59.3708773Z {"Time":"2026-10-09T03:21:59.365042925Z","Action":"output","Package":"tabmail/internal/company","Test":"TestR5TemplateNULDefinition/unused_option","Output":"--- PASS: TestR5TemplateNULDefinition/unused_option (0.00s)\n"}
2026-10-09T03:21:59.3709968Z {"Time":"2026-10-09T03:21:59.36504587Z","Action":"pass","Package":"tabmail/internal/company","Test":"TestR5TemplateNULDefinition/unused_option","Elapsed":0}
2026-10-09T03:21:59.3711229Z {"Time":"2026-10-09T03:21:59.365049084Z","Action":"output","Package":"tabmail/internal/company","Test":"TestR5TemplateNULDefinition","Output":"--- PASS: TestR5TemplateNULDefinition (0.00s)\n"}
2026-10-09T03:21:59.3712647Z {"Time":"2026-10-09T03:21:59.365052299Z","Action":"pass","Package":"tabmail/internal/company","Test":"TestR5TemplateNULDefinition","Elapsed":0}
2026-10-09T03:21:59.3713705Z {"Time":"2026-10-09T03:21:59.365055314Z","Action":"run","Package":"tabmail/internal/company","Test":"TestR5TemplateNULValues"}
2026-10-09T03:21:59.3714933Z {"Time":"2026-10-09T03:21:59.365057897Z","Action":"output","Package":"tabmail/internal/company","Test":"TestR5TemplateNULValues","Output":"=== RUN   TestR5TemplateNULValues\n"}
2026-10-09T03:21:59.3715961Z {"Time":"2026-10-09T03:21:59.365060952Z","Action":"run","Package":"tabmail/internal/company","Test":"TestR5TemplateNULValues/value/unused"}
2026-10-09T03:21:59.3717298Z {"Time":"2026-10-09T03:21:59.365063085Z","Action":"output","Package":"tabmail/internal/company","Test":"TestR5TemplateNULValues/value/unused","Output":"=== RUN   TestR5TemplateNULValues/value/unused\n"}
2026-10-09T03:21:59.3718746Z {"Time":"2026-10-09T03:21:59.365359357Z","Action":"output","Package":"tabmail/internal/company","Test":"TestR5TemplateNULValues/value/unused","Output":"--- PASS: TestR5TemplateNULValues/value/unused (0.00s)\n"}
2026-10-09T03:21:59.3720264Z {"Time":"2026-10-09T03:21:59.365369752Z","Action":"pass","Package":"tabmail/internal/company","Test":"TestR5TemplateNULValues/value/unused","Elapsed":0}
2026-10-09T03:21:59.3721521Z {"Time":"2026-10-09T03:21:59.365392486Z","Action":"run","Package":"tabmail/internal/company","Test":"TestR5TemplateNULValues/value/referenced"}
2026-10-09T03:21:59.3723058Z {"Time":"2026-10-09T03:21:59.365398575Z","Action":"output","Package":"tabmail/internal/company","Test":"TestR5TemplateNULValues/value/referenced","Output":"=== RUN   TestR5TemplateNULValues/value/referenced\n"}
2026-10-09T03:21:59.3725406Z {"Time":"2026-10-09T03:21:59.365820403Z","Action":"output","Package":"tabmail/internal/company","Test":"TestR5TemplateNULValues/value/referenced","Output":"--- PASS: TestR5TemplateNULValues/value/referenced (0.00s)\n"}
2026-10-09T03:21:59.3727068Z {"Time":"2026-10-09T03:21:59.365843398Z","Action":"pass","Package":"tabmail/internal/company","Test":"TestR5TemplateNULValues/value/referenced","Elapsed":0}
2026-10-09T03:21:59.3728362Z {"Time":"2026-10-09T03:21:59.365861835Z","Action":"run","Package":"tabmail/internal/company","Test":"TestR5TemplateNULValues/employee_name/unused"}
2026-10-09T03:21:59.3729931Z {"Time":"2026-10-09T03:21:59.365863598Z","Action":"output","Package":"tabmail/internal/company","Test":"TestR5TemplateNULValues/employee_name/unused","Output":"=== RUN   TestR5TemplateNULValues/employee_name/unused\n"}
2026-10-09T03:21:59.3731884Z {"Time":"2026-10-09T03:21:59.366043956Z","Action":"output","Package":"tabmail/internal/company","Test":"TestR5TemplateNULValues/employee_name/unused","Output":"--- PASS: TestR5TemplateNULValues/employee_name/unused (0.00s)\n"}
2026-10-09T03:21:59.3733591Z {"Time":"2026-10-09T03:21:59.366059049Z","Action":"pass","Package":"tabmail/internal/company","Test":"TestR5TemplateNULValues/employee_name/unused","Elapsed":0}
2026-10-09T03:21:59.3735083Z {"Time":"2026-10-09T03:21:59.366077186Z","Action":"run","Package":"tabmail/internal/company","Test":"TestR5TemplateNULValues/employee_name/referenced"}
2026-10-09T03:21:59.3736764Z {"Time":"2026-10-09T03:21:59.366080301Z","Action":"output","Package":"tabmail/internal/company","Test":"TestR5TemplateNULValues/employee_name/referenced","Output":"=== RUN   TestR5TemplateNULValues/employee_name/referenced\n"}
2026-10-09T03:21:59.3738772Z {"Time":"2026-10-09T03:21:59.366423953Z","Action":"output","Package":"tabmail/internal/company","Test":"TestR5TemplateNULValues/employee_name/referenced","Output":"--- PASS: TestR5TemplateNULValues/employee_name/referenced (0.00s)\n"}
2026-10-09T03:21:59.3740486Z {"Time":"2026-10-09T03:21:59.366454899Z","Action":"pass","Package":"tabmail/internal/company","Test":"TestR5TemplateNULValues/employee_name/referenced","Elapsed":0}
2026-10-09T03:21:59.3741750Z {"Time":"2026-10-09T03:21:59.366539514Z","Action":"run","Package":"tabmail/internal/company","Test":"TestR5TemplateNULValues/company_name/unused"}
2026-10-09T03:21:59.3743716Z {"Time":"2026-10-09T03:21:59.366547266Z","Action":"output","Package":"tabmail/internal/company","Test":"TestR5TemplateNULValues/company_name/unused","Output":"=== RUN   TestR5TemplateNULValues/company_name/unused\n"}
2026-10-09T03:21:59.3745791Z {"Time":"2026-10-09T03:21:59.366755376Z","Action":"output","Package":"tabmail/internal/company","Test":"TestR5TemplateNULValues/company_name/unused","Output":"--- PASS: TestR5TemplateNULValues/company_name/unused (0.00s)\n"}
2026-10-09T03:21:59.3747478Z {"Time":"2026-10-09T03:21:59.366767324Z","Action":"pass","Package":"tabmail/internal/company","Test":"TestR5TemplateNULValues/company_name/unused","Elapsed":0}
2026-10-09T03:21:59.3748770Z {"Time":"2026-10-09T03:21:59.366793483Z","Action":"run","Package":"tabmail/internal/company","Test":"TestR5TemplateNULValues/company_name/referenced"}
2026-10-09T03:21:59.3750378Z {"Time":"2026-10-09T03:21:59.366799892Z","Action":"output","Package":"tabmail/internal/company","Test":"TestR5TemplateNULValues/company_name/referenced","Output":"=== RUN   TestR5TemplateNULValues/company_name/referenced\n"}
2026-10-09T03:21:59.3752412Z {"Time":"2026-10-09T03:21:59.36717445Z","Action":"output","Package":"tabmail/internal/company","Test":"TestR5TemplateNULValues/company_name/referenced","Output":"--- PASS: TestR5TemplateNULValues/company_name/referenced (0.00s)\n"}
2026-10-09T03:21:59.3754112Z {"Time":"2026-10-09T03:21:59.367182222Z","Action":"pass","Package":"tabmail/internal/company","Test":"TestR5TemplateNULValues/company_name/referenced","Elapsed":0}
2026-10-09T03:21:59.3755858Z {"Time":"2026-10-09T03:21:59.367187309Z","Action":"run","Package":"tabmail/internal/company","Test":"TestR5TemplateNULValues/sender_address/unused"}
2026-10-09T03:21:59.3757437Z {"Time":"2026-10-09T03:21:59.367193048Z","Action":"output","Package":"tabmail/internal/company","Test":"TestR5TemplateNULValues/sender_address/unused","Output":"=== RUN   TestR5TemplateNULValues/sender_address/unused\n"}
2026-10-09T03:21:59.3759398Z {"Time":"2026-10-09T03:21:59.367356071Z","Action":"output","Package":"tabmail/internal/company","Test":"TestR5TemplateNULValues/sender_address/unused","Output":"--- PASS: TestR5TemplateNULValues/sender_address/unused (0.00s)\n"}
2026-10-09T03:21:59.3761048Z {"Time":"2026-10-09T03:21:59.367365945Z","Action":"pass","Package":"tabmail/internal/company","Test":"TestR5TemplateNULValues/sender_address/unused","Elapsed":0}
2026-10-09T03:21:59.3762351Z {"Time":"2026-10-09T03:21:59.367385925Z","Action":"run","Package":"tabmail/internal/company","Test":"TestR5TemplateNULValues/sender_address/referenced"}
2026-10-09T03:21:59.3763973Z {"Time":"2026-10-09T03:21:59.367391463Z","Action":"output","Package":"tabmail/internal/company","Test":"TestR5TemplateNULValues/sender_address/referenced","Output":"=== RUN   TestR5TemplateNULValues/sender_address/referenced\n"}
2026-10-09T03:21:59.3766165Z {"Time":"2026-10-09T03:21:59.368056634Z","Action":"output","Package":"tabmail/internal/company","Test":"TestR5TemplateNULValues/sender_address/referenced","Output":"--- PASS: TestR5TemplateNULValues/sender_address/referenced (0.00s)\n"}
2026-10-09T03:21:59.3767930Z {"Time":"2026-10-09T03:21:59.3680672Z","Action":"pass","Package":"tabmail/internal/company","Test":"TestR5TemplateNULValues/sender_address/referenced","Elapsed":0}
2026-10-09T03:21:59.3769411Z {"Time":"2026-10-09T03:21:59.368102813Z","Action":"output","Package":"tabmail/internal/company","Test":"TestR5TemplateNULValues","Output":"--- PASS: TestR5TemplateNULValues (0.00s)\n"}
2026-10-09T03:21:59.3770769Z {"Time":"2026-10-09T03:21:59.368110364Z","Action":"pass","Package":"tabmail/internal/company","Test":"TestR5TemplateNULValues","Elapsed":0}
2026-10-09T03:21:59.3771932Z {"Time":"2026-10-09T03:21:59.368130034Z","Action":"run","Package":"tabmail/internal/company","Test":"TestR5TemplateNULLegalTextControls"}
2026-10-09T03:21:59.3773407Z {"Time":"2026-10-09T03:21:59.368135542Z","Action":"output","Package":"tabmail/internal/company","Test":"TestR5TemplateNULLegalTextControls","Output":"=== RUN   TestR5TemplateNULLegalTextControls\n"}
2026-10-09T03:21:59.3775669Z {"Time":"2026-10-09T03:21:59.368169022Z","Action":"run","Package":"tabmail/internal/company","Test":"TestR5TemplateNULLegalTextControls/中文😀"}
2026-10-09T03:21:59.3777618Z {"Time":"2026-10-09T03:21:59.36817481Z","Action":"output","Package":"tabmail/internal/company","Test":"TestR5TemplateNULLegalTextControls/中文😀","Output":"=== RUN   TestR5TemplateNULLegalTextControls/中文😀\n"}
2026-10-09T03:21:59.3779775Z {"Time":"2026-10-09T03:21:59.368641085Z","Action":"output","Package":"tabmail/internal/company","Test":"TestR5TemplateNULLegalTextControls/中文😀","Output":"--- PASS: TestR5TemplateNULLegalTextControls/中文😀 (0.00s)\n"}
2026-10-09T03:21:59.3781956Z {"Time":"2026-10-09T03:21:59.368650479Z","Action":"pass","Package":"tabmail/internal/company","Test":"TestR5TemplateNULLegalTextControls/中文😀","Elapsed":0}
2026-10-09T03:21:59.3783269Z {"Time":"2026-10-09T03:21:59.368655847Z","Action":"run","Package":"tabmail/internal/company","Test":"TestR5TemplateNULLegalTextControls/false"}
2026-10-09T03:21:59.3785122Z {"Time":"2026-10-09T03:21:59.368659032Z","Action":"output","Package":"tabmail/internal/company","Test":"TestR5TemplateNULLegalTextControls/false","Output":"=== RUN   TestR5TemplateNULLegalTextControls/false\n"}
2026-10-09T03:21:59.3787024Z {"Time":"2026-10-09T03:21:59.369084185Z","Action":"output","Package":"tabmail/internal/company","Test":"TestR5TemplateNULLegalTextControls/false","Output":"--- PASS: TestR5TemplateNULLegalTextControls/false (0.00s)\n"}
2026-10-09T03:21:59.3788663Z {"Time":"2026-10-09T03:21:59.369092988Z","Action":"pass","Package":"tabmail/internal/company","Test":"TestR5TemplateNULLegalTextControls/false","Elapsed":0}
2026-10-09T03:21:59.3789901Z {"Time":"2026-10-09T03:21:59.369098066Z","Action":"run","Package":"tabmail/internal/company","Test":"TestR5TemplateNULLegalTextControls/0"}
2026-10-09T03:21:59.3791390Z {"Time":"2026-10-09T03:21:59.369104055Z","Action":"output","Package":"tabmail/internal/company","Test":"TestR5TemplateNULLegalTextControls/0","Output":"=== RUN   TestR5TemplateNULLegalTextControls/0\n"}
2026-10-09T03:21:59.3793262Z {"Time":"2026-10-09T03:21:59.370478973Z","Action":"output","Package":"tabmail/internal/company","Test":"TestR5TemplateNULLegalTextControls/0","Output":"--- PASS: TestR5TemplateNULLegalTextControls/0 (0.00s)\n"}
2026-10-09T03:21:59.3794959Z {"Time":"2026-10-09T03:21:59.370490711Z","Action":"pass","Package":"tabmail/internal/company","Test":"TestR5TemplateNULLegalTextControls/0","Elapsed":0}
2026-10-09T03:21:59.3796327Z {"Time":"2026-10-09T03:21:59.370494677Z","Action":"run","Package":"tabmail/internal/company","Test":"TestR5TemplateNULLegalTextControls/line_one__line_two_end"}
2026-10-09T03:21:59.3798118Z {"Time":"2026-10-09T03:21:59.370497671Z","Action":"output","Package":"tabmail/internal/company","Test":"TestR5TemplateNULLegalTextControls/line_one__line_two_end","Output":"=== RUN   TestR5TemplateNULLegalTextControls/line_one__line_two_end\n"}
2026-10-09T03:21:59.3800344Z {"Time":"2026-10-09T03:21:59.370502088Z","Action":"output","Package":"tabmail/internal/company","Test":"TestR5TemplateNULLegalTextControls/line_one__line_two_end","Output":"--- PASS: TestR5TemplateNULLegalTextControls/line_one__line_two_end (0.00s)\n"}
2026-10-09T03:21:59.3802207Z {"Time":"2026-10-09T03:21:59.370505753Z","Action":"pass","Package":"tabmail/internal/company","Test":"TestR5TemplateNULLegalTextControls/line_one__line_two_end","Elapsed":0}
2026-10-09T03:21:59.3803623Z {"Time":"2026-10-09T03:21:59.370512163Z","Action":"run","Package":"tabmail/internal/company","Test":"TestR5TemplateNULLegalTextControls/literal_\\u0000"}
2026-10-09T03:21:59.3805458Z {"Time":"2026-10-09T03:21:59.370514897Z","Action":"output","Package":"tabmail/internal/company","Test":"TestR5TemplateNULLegalTextControls/literal_\\u0000","Output":"=== RUN   TestR5TemplateNULLegalTextControls/literal_\\u0000\n"}
2026-10-09T03:21:59.3807775Z {"Time":"2026-10-09T03:21:59.370519554Z","Action":"output","Package":"tabmail/internal/company","Test":"TestR5TemplateNULLegalTextControls/literal_\\u0000","Output":"--- PASS: TestR5TemplateNULLegalTextControls/literal_\\u0000 (0.00s)\n"}
2026-10-09T03:21:59.3809711Z {"Time":"2026-10-09T03:21:59.370534035Z","Action":"pass","Package":"tabmail/internal/company","Test":"TestR5TemplateNULLegalTextControls/literal_\\u0000","Elapsed":0}
2026-10-09T03:21:59.3811284Z {"Time":"2026-10-09T03:21:59.370541757Z","Action":"run","Package":"tabmail/internal/company","Test":"TestR5TemplateNULLegalTextControls/replacement_�"}
2026-10-09T03:21:59.3813179Z {"Time":"2026-10-09T03:21:59.370544681Z","Action":"output","Package":"tabmail/internal/company","Test":"TestR5TemplateNULLegalTextControls/replacement_�","Output":"=== RUN   TestR5TemplateNULLegalTextControls/replacement_�\n"}
2026-10-09T03:21:59.3815693Z {"Time":"2026-10-09T03:21:59.370925448Z","Action":"output","Package":"tabmail/internal/company","Test":"TestR5TemplateNULLegalTextControls/replacement_�","Output":"--- PASS: TestR5TemplateNULLegalTextControls/replacement_� (0.00s)\n"}
2026-10-09T03:21:59.3817636Z {"Time":"2026-10-09T03:21:59.370938738Z","Action":"pass","Package":"tabmail/internal/company","Test":"TestR5TemplateNULLegalTextControls/replacement_�","Elapsed":0}
2026-10-09T03:21:59.3819298Z {"Time":"2026-10-09T03:21:59.370976675Z","Action":"output","Package":"tabmail/internal/company","Test":"TestR5TemplateNULLegalTextControls","Output":"--- PASS: TestR5TemplateNULLegalTextControls (0.00s)\n"}
2026-10-09T03:21:59.3820824Z {"Time":"2026-10-09T03:21:59.370986539Z","Action":"pass","Package":"tabmail/internal/company","Test":"TestR5TemplateNULLegalTextControls","Elapsed":0}
2026-10-09T03:21:59.3822081Z {"Time":"2026-10-09T03:21:59.371011927Z","Action":"run","Package":"tabmail/internal/company","Test":"TestR5TemplateOptionsRejectUnusableChoices"}
2026-10-09T03:21:59.3823720Z {"Time":"2026-10-09T03:21:59.371017395Z","Action":"output","Package":"tabmail/internal/company","Test":"TestR5TemplateOptionsRejectUnusableChoices","Output":"=== RUN   TestR5TemplateOptionsRejectUnusableChoices\n"}
2026-10-09T03:21:59.3825573Z {"Time":"2026-10-09T03:21:59.37105421Z","Action":"run","Package":"tabmail/internal/company","Test":"TestR5TemplateOptionsRejectUnusableChoices/email_display_name"}
2026-10-09T03:21:59.3827438Z {"Time":"2026-10-09T03:21:59.371060329Z","Action":"output","Package":"tabmail/internal/company","Test":"TestR5TemplateOptionsRejectUnusableChoices/email_display_name","Output":"=== RUN   TestR5TemplateOptionsRejectUnusableChoices/email_display_name\n"}
2026-10-09T03:21:59.3829868Z {"Time":"2026-10-09T03:21:59.371132086Z","Action":"output","Package":"tabmail/internal/company","Test":"TestR5TemplateOptionsRejectUnusableChoices/email_display_name","Output":"--- PASS: TestR5TemplateOptionsRejectUnusableChoices/email_display_name (0.00s)\n"}
2026-10-09T03:21:59.3831836Z {"Time":"2026-10-09T03:21:59.371142992Z","Action":"pass","Package":"tabmail/internal/company","Test":"TestR5TemplateOptionsRejectUnusableChoices/email_display_name","Elapsed":0}
2026-10-09T03:21:59.3833308Z {"Time":"2026-10-09T03:21:59.37115505Z","Action":"run","Package":"tabmail/internal/company","Test":"TestR5TemplateOptionsRejectUnusableChoices/email_invalid"}
2026-10-09T03:21:59.3835210Z {"Time":"2026-10-09T03:21:59.371158365Z","Action":"output","Package":"tabmail/internal/company","Test":"TestR5TemplateOptionsRejectUnusableChoices/email_invalid","Output":"=== RUN   TestR5TemplateOptionsRejectUnusableChoices/email_invalid\n"}
2026-10-09T03:21:59.3837927Z {"Time":"2026-10-09T03:21:59.371227318Z","Action":"output","Package":"tabmail/internal/company","Test":"TestR5TemplateOptionsRejectUnusableChoices/email_invalid","Output":"--- PASS: TestR5TemplateOptionsRejectUnusableChoices/email_invalid (0.00s)\n"}
2026-10-09T03:21:59.3839977Z {"Time":"2026-10-09T03:21:59.371238244Z","Action":"pass","Package":"tabmail/internal/company","Test":"TestR5TemplateOptionsRejectUnusableChoices/email_invalid","Elapsed":0}
2026-10-09T03:21:59.3841188Z {"Time":"2026-10-09T03:21:59.37125535Z","Action":"run","Package":"tabmail/internal/company","Test":"TestR5TemplateOptionsRejectUnusableChoices/integer_decimal"}
2026-10-09T03:21:59.3842324Z {"Time":"2026-10-09T03:21:59.371259666Z","Action":"output","Package":"tabmail/internal/company","Test":"TestR5TemplateOptionsRejectUnusableChoices/integer_decimal","Output":"=== RUN   TestR5TemplateOptionsRejectUnusableChoices/integer_decimal\n"}
2026-10-09T03:21:59.3843712Z {"Time":"2026-10-09T03:21:59.371315389Z","Action":"output","Package":"tabmail/internal/company","Test":"TestR5TemplateOptionsRejectUnusableChoices/integer_decimal","Output":"--- PASS: TestR5TemplateOptionsRejectUnusableChoices/integer_decimal (0.00s)\n"}
2026-10-09T03:21:59.3845239Z {"Time":"2026-10-09T03:21:59.371327277Z","Action":"pass","Package":"tabmail/internal/company","Test":"TestR5TemplateOptionsRejectUnusableChoices/integer_decimal","Elapsed":0}
2026-10-09T03:21:59.3846592Z {"Time":"2026-10-09T03:21:59.371344292Z","Action":"run","Package":"tabmail/internal/company","Test":"TestR5TemplateOptionsRejectUnusableChoices/integer_overflow"}
2026-10-09T03:21:59.3848513Z {"Time":"2026-10-09T03:21:59.371348448Z","Action":"output","Package":"tabmail/internal/company","Test":"TestR5TemplateOptionsRejectUnusableChoices/integer_overflow","Output":"=== RUN   TestR5TemplateOptionsRejectUnusableChoices/integer_overflow\n"}
2026-10-09T03:21:59.3850913Z {"Time":"2026-10-09T03:21:59.371402309Z","Action":"output","Package":"tabmail/internal/company","Test":"TestR5TemplateOptionsRejectUnusableChoices/integer_overflow","Output":"--- PASS: TestR5TemplateOptionsRejectUnusableChoices/integer_overflow (0.00s)\n"}
2026-10-09T03:21:59.3852401Z {"Time":"2026-10-09T03:21:59.371411442Z","Action":"pass","Package":"tabmail/internal/company","Test":"TestR5TemplateOptionsRejectUnusableChoices/integer_overflow","Elapsed":0}
2026-10-09T03:21:59.3853446Z {"Time":"2026-10-09T03:21:59.371427907Z","Action":"run","Package":"tabmail/internal/company","Test":"TestR5TemplateOptionsRejectUnusableChoices/date_invalid_day"}
2026-10-09T03:21:59.3855349Z {"Time":"2026-10-09T03:21:59.371432003Z","Action":"output","Package":"tabmail/internal/company","Test":"TestR5TemplateOptionsRejectUnusableChoices/date_invalid_day","Output":"=== RUN   TestR5TemplateOptionsRejectUnusableChoices/date_invalid_day\n"}
2026-10-09T03:21:59.3856872Z {"Time":"2026-10-09T03:21:59.371517811Z","Action":"output","Package":"tabmail/internal/company","Test":"TestR5TemplateOptionsRejectUnusableChoices/date_invalid_day","Output":"--- PASS: TestR5TemplateOptionsRejectUnusableChoices/date_invalid_day (0.00s)\n"}
2026-10-09T03:21:59.3858531Z {"Time":"2026-10-09T03:21:59.371527485Z","Action":"pass","Package":"tabmail/internal/company","Test":"TestR5TemplateOptionsRejectUnusableChoices/date_invalid_day","Elapsed":0}
2026-10-09T03:21:59.3859453Z {"Time":"2026-10-09T03:21:59.371545312Z","Action":"run","Package":"tabmail/internal/company","Test":"TestR5TemplateOptionsRejectUnusableChoices/date_invalid_format"}
2026-10-09T03:21:59.3860730Z {"Time":"2026-10-09T03:21:59.371549428Z","Action":"output","Package":"tabmail/internal/company","Test":"TestR5TemplateOptionsRejectUnusableChoices/date_invalid_format","Output":"=== RUN   TestR5TemplateOptionsRejectUnusableChoices/date_invalid_format\n"}
2026-10-09T03:21:59.3862581Z {"Time":"2026-10-09T03:21:59.371606433Z","Action":"output","Package":"tabmail/internal/company","Test":"TestR5TemplateOptionsRejectUnusableChoices/date_invalid_format","Output":"--- PASS: TestR5TemplateOptionsRejectUnusableChoices/date_invalid_format (0.00s)\n"}
2026-10-09T03:21:59.3863709Z {"Time":"2026-10-09T03:21:59.371616768Z","Action":"pass","Package":"tabmail/internal/company","Test":"TestR5TemplateOptionsRejectUnusableChoices/date_invalid_format","Elapsed":0}
2026-10-09T03:21:59.3865274Z {"Time":"2026-10-09T03:21:59.371636518Z","Action":"run","Package":"tabmail/internal/company","Test":"TestR5TemplateOptionsRejectUnusableChoices/url_scheme"}
2026-10-09T03:21:59.3866317Z {"Time":"2026-10-09T03:21:59.371642176Z","Action":"output","Package":"tabmail/internal/company","Test":"TestR5TemplateOptionsRejectUnusableChoices/url_scheme","Output":"=== RUN   TestR5TemplateOptionsRejectUnusableChoices/url_scheme\n"}
2026-10-09T03:21:59.3867999Z {"Time":"2026-10-09T03:21:59.3716983Z","Action":"output","Package":"tabmail/internal/company","Test":"TestR5TemplateOptionsRejectUnusableChoices/url_scheme","Output":"--- PASS: TestR5TemplateOptionsRejectUnusableChoices/url_scheme (0.00s)\n"}
2026-10-09T03:21:59.3869672Z {"Time":"2026-10-09T03:21:59.371706572Z","Action":"pass","Package":"tabmail/internal/company","Test":"TestR5TemplateOptionsRejectUnusableChoices/url_scheme","Elapsed":0}
2026-10-09T03:21:59.3870483Z {"Time":"2026-10-09T03:21:59.371726512Z","Action":"run","Package":"tabmail/internal/company","Test":"TestR5TemplateOptionsRejectUnusableChoices/url_missing_host"}
2026-10-09T03:21:59.3871765Z {"Time":"2026-10-09T03:21:59.371730337Z","Action":"output","Package":"tabmail/internal/company","Test":"TestR5TemplateOptionsRejectUnusableChoices/url_missing_host","Output":"=== RUN   TestR5TemplateOptionsRejectUnusableChoices/url_missing_host\n"}
2026-10-09T03:21:59.3873175Z {"Time":"2026-10-09T03:21:59.371782505Z","Action":"output","Package":"tabmail/internal/company","Test":"TestR5TemplateOptionsRejectUnusableChoices/url_missing_host","Output":"--- PASS: TestR5TemplateOptionsRejectUnusableChoices/url_missing_host (0.00s)\n"}
2026-10-09T03:21:59.3874235Z {"Time":"2026-10-09T03:21:59.371790907Z","Action":"pass","Package":"tabmail/internal/company","Test":"TestR5TemplateOptionsRejectUnusableChoices/url_missing_host","Elapsed":0}
2026-10-09T03:21:59.3875227Z {"Time":"2026-10-09T03:21:59.371914982Z","Action":"run","Package":"tabmail/internal/company","Test":"TestR5TemplateOptionsRejectUnusableChoices/url_credentials"}
2026-10-09T03:21:59.3876241Z {"Time":"2026-10-09T03:21:59.371922904Z","Action":"output","Package":"tabmail/internal/company","Test":"TestR5TemplateOptionsRejectUnusableChoices/url_credentials","Output":"=== RUN   TestR5TemplateOptionsRejectUnusableChoices/url_credentials\n"}
2026-10-09T03:21:59.3877543Z {"Time":"2026-10-09T03:21:59.372009032Z","Action":"output","Package":"tabmail/internal/company","Test":"TestR5TemplateOptionsRejectUnusableChoices/url_credentials","Output":"--- PASS: TestR5TemplateOptionsRejectUnusableChoices/url_credentials (0.00s)\n"}
2026-10-09T03:21:59.3879298Z {"Time":"2026-10-09T03:21:59.372090243Z","Action":"pass","Package":"tabmail/internal/company","Test":"TestR5TemplateOptionsRejectUnusableChoices/url_credentials","Elapsed":0}
2026-10-09T03:21:59.3880141Z {"Time":"2026-10-09T03:21:59.37209518Z","Action":"run","Package":"tabmail/internal/company","Test":"TestR5TemplateOptionsRejectUnusableChoices/text_required_empty"}
2026-10-09T03:21:59.3881194Z {"Time":"2026-10-09T03:21:59.372098095Z","Action":"output","Package":"tabmail/internal/company","Test":"TestR5TemplateOptionsRejectUnusableChoices/text_required_empty","Output":"=== RUN   TestR5TemplateOptionsRejectUnusableChoices/text_required_empty\n"}
2026-10-09T03:21:59.3882515Z {"Time":"2026-10-09T03:21:59.372104044Z","Action":"output","Package":"tabmail/internal/company","Test":"TestR5TemplateOptionsRejectUnusableChoices/text_required_empty","Output":"--- PASS: TestR5TemplateOptionsRejectUnusableChoices/text_required_empty (0.00s)\n"}
2026-10-09T03:21:59.3884135Z {"Time":"2026-10-09T03:21:59.372139496Z","Action":"pass","Package":"tabmail/internal/company","Test":"TestR5TemplateOptionsRejectUnusableChoices/text_required_empty","Elapsed":0}
2026-10-09T03:21:59.3885771Z {"Time":"2026-10-09T03:21:59.372174408Z","Action":"run","Package":"tabmail/internal/company","Test":"TestR5TemplateOptionsRejectUnusableChoices/text_required_whitespace"}
2026-10-09T03:21:59.3887389Z {"Time":"2026-10-09T03:21:59.372176582Z","Action":"output","Package":"tabmail/internal/company","Test":"TestR5TemplateOptionsRejectUnusableChoices/text_required_whitespace","Output":"=== RUN   TestR5TemplateOptionsRejectUnusableChoices/text_required_whitespace\n"}
2026-10-09T03:21:59.3888778Z {"Time":"2026-10-09T03:21:59.372298313Z","Action":"output","Package":"tabmail/internal/company","Test":"TestR5TemplateOptionsRejectUnusableChoices/text_required_whitespace","Output":"--- PASS: TestR5TemplateOptionsRejectUnusableChoices/text_required_whitespace (0.00s)\n"}
2026-10-09T03:21:59.3890242Z {"Time":"2026-10-09T03:21:59.372314697Z","Action":"pass","Package":"tabmail/internal/company","Test":"TestR5TemplateOptionsRejectUnusableChoices/text_required_whitespace","Elapsed":0}
2026-10-09T03:21:59.3891142Z {"Time":"2026-10-09T03:21:59.372334377Z","Action":"run","Package":"tabmail/internal/company","Test":"TestR5TemplateOptionsRejectUnusableChoices/email_required_empty"}
2026-10-09T03:21:59.3892206Z {"Time":"2026-10-09T03:21:59.372339835Z","Action":"output","Package":"tabmail/internal/company","Test":"TestR5TemplateOptionsRejectUnusableChoices/email_required_empty","Output":"=== RUN   TestR5TemplateOptionsRejectUnusableChoices/email_required_empty\n"}
2026-10-09T03:21:59.3893540Z {"Time":"2026-10-09T03:21:59.372407866Z","Action":"output","Package":"tabmail/internal/company","Test":"TestR5TemplateOptionsRejectUnusableChoices/email_required_empty","Output":"--- PASS: TestR5TemplateOptionsRejectUnusableChoices/email_required_empty (0.00s)\n"}
2026-10-09T03:21:59.3894936Z {"Time":"2026-10-09T03:21:59.372428437Z","Action":"pass","Package":"tabmail/internal/company","Test":"TestR5TemplateOptionsRejectUnusableChoices/email_required_empty","Elapsed":0}
2026-10-09T03:21:59.3895972Z {"Time":"2026-10-09T03:21:59.372455277Z","Action":"run","Package":"tabmail/internal/company","Test":"TestR5TemplateOptionsRejectUnusableChoices/email_required_whitespace"}
2026-10-09T03:21:59.3897269Z {"Time":"2026-10-09T03:21:59.372458452Z","Action":"output","Package":"tabmail/internal/company","Test":"TestR5TemplateOptionsRejectUnusableChoices/email_required_whitespace","Output":"=== RUN   TestR5TemplateOptionsRejectUnusableChoices/email_required_whitespace\n"}
2026-10-09T03:21:59.3898667Z {"Time":"2026-10-09T03:21:59.372529918Z","Action":"output","Package":"tabmail/internal/company","Test":"TestR5TemplateOptionsRejectUnusableChoices/email_required_whitespace","Output":"--- PASS: TestR5TemplateOptionsRejectUnusableChoices/email_required_whitespace (0.00s)\n"}
2026-10-09T03:21:59.3899829Z {"Time":"2026-10-09T03:21:59.37253822Z","Action":"pass","Package":"tabmail/internal/company","Test":"TestR5TemplateOptionsRejectUnusableChoices/email_required_whitespace","Elapsed":0}
2026-10-09T03:21:59.3900713Z {"Time":"2026-10-09T03:21:59.372561936Z","Action":"run","Package":"tabmail/internal/company","Test":"TestR5TemplateOptionsRejectUnusableChoices/integer_required_empty"}
2026-10-09T03:21:59.3901817Z {"Time":"2026-10-09T03:21:59.372566372Z","Action":"output","Package":"tabmail/internal/company","Test":"TestR5TemplateOptionsRejectUnusableChoices/integer_required_empty","Output":"=== RUN   TestR5TemplateOptionsRejectUnusableChoices/integer_required_empty\n"}
2026-10-09T03:21:59.3903168Z {"Time":"2026-10-09T03:21:59.372624529Z","Action":"output","Package":"tabmail/internal/company","Test":"TestR5TemplateOptionsRejectUnusableChoices/integer_required_empty","Output":"--- PASS: TestR5TemplateOptionsRejectUnusableChoices/integer_required_empty (0.00s)\n"}
2026-10-09T03:21:59.3904334Z {"Time":"2026-10-09T03:21:59.372630037Z","Action":"pass","Package":"tabmail/internal/company","Test":"TestR5TemplateOptionsRejectUnusableChoices/integer_required_empty","Elapsed":0}
2026-10-09T03:21:59.3905400Z {"Time":"2026-10-09T03:21:59.37265191Z","Action":"run","Package":"tabmail/internal/company","Test":"TestR5TemplateOptionsRejectUnusableChoices/integer_required_whitespace"}
2026-10-09T03:21:59.3906532Z {"Time":"2026-10-09T03:21:59.372656326Z","Action":"output","Package":"tabmail/internal/company","Test":"TestR5TemplateOptionsRejectUnusableChoices/integer_required_whitespace","Output":"=== RUN   TestR5TemplateOptionsRejectUnusableChoices/integer_required_whitespace\n"}
2026-10-09T03:21:59.3907940Z {"Time":"2026-10-09T03:21:59.372714944Z","Action":"output","Package":"tabmail/internal/company","Test":"TestR5TemplateOptionsRejectUnusableChoices/integer_required_whitespace","Output":"--- PASS: TestR5TemplateOptionsRejectUnusableChoices/integer_required_whitespace (0.00s)\n"}
2026-10-09T03:21:59.3909421Z {"Time":"2026-10-09T03:21:59.372719871Z","Action":"pass","Package":"tabmail/internal/company","Test":"TestR5TemplateOptionsRejectUnusableChoices/integer_required_whitespace","Elapsed":0}
2026-10-09T03:21:59.3910304Z {"Time":"2026-10-09T03:21:59.372741253Z","Action":"run","Package":"tabmail/internal/company","Test":"TestR5TemplateOptionsRejectUnusableChoices/date_required_empty"}
2026-10-09T03:21:59.3911369Z {"Time":"2026-10-09T03:21:59.372743186Z","Action":"output","Package":"tabmail/internal/company","Test":"TestR5TemplateOptionsRejectUnusableChoices/date_required_empty","Output":"=== RUN   TestR5TemplateOptionsRejectUnusableChoices/date_required_empty\n"}
2026-10-09T03:21:59.3912746Z {"Time":"2026-10-09T03:21:59.372805078Z","Action":"output","Package":"tabmail/internal/company","Test":"TestR5TemplateOptionsRejectUnusableChoices/date_required_empty","Output":"--- PASS: TestR5TemplateOptionsRejectUnusableChoices/date_required_empty (0.00s)\n"}
2026-10-09T03:21:59.3914224Z {"Time":"2026-10-09T03:21:59.372812449Z","Action":"pass","Package":"tabmail/internal/company","Test":"TestR5TemplateOptionsRejectUnusableChoices/date_required_empty","Elapsed":0}
2026-10-09T03:21:59.3915519Z {"Time":"2026-10-09T03:21:59.372836455Z","Action":"run","Package":"tabmail/internal/company","Test":"TestR5TemplateOptionsRejectUnusableChoices/date_required_whitespace"}
2026-10-09T03:21:59.3916971Z {"Time":"2026-10-09T03:21:59.372841382Z","Action":"output","Package":"tabmail/internal/company","Test":"TestR5TemplateOptionsRejectUnusableChoices/date_required_whitespace","Output":"=== RUN   TestR5TemplateOptionsRejectUnusableChoices/date_required_whitespace\n"}
2026-10-09T03:21:59.3918824Z {"Time":"2026-10-09T03:21:59.372901171Z","Action":"output","Package":"tabmail/internal/company","Test":"TestR5TemplateOptionsRejectUnusableChoices/date_required_whitespace","Output":"--- PASS: TestR5TemplateOptionsRejectUnusableChoices/date_required_whitespace (0.00s)\n"}
2026-10-09T03:21:59.3920000Z {"Time":"2026-10-09T03:21:59.372906529Z","Action":"pass","Package":"tabmail/internal/company","Test":"TestR5TemplateOptionsRejectUnusableChoices/date_required_whitespace","Elapsed":0}
2026-10-09T03:21:59.3921126Z {"Time":"2026-10-09T03:21:59.37292725Z","Action":"run","Package":"tabmail/internal/company","Test":"TestR5TemplateOptionsRejectUnusableChoices/url_required_empty"}
2026-10-09T03:21:59.3922969Z {"Time":"2026-10-09T03:21:59.372933209Z","Action":"output","Package":"tabmail/internal/company","Test":"TestR5TemplateOptionsRejectUnusableChoices/url_required_empty","Output":"=== RUN   TestR5TemplateOptionsRejectUnusableChoices/url_required_empty\n"}
2026-10-09T03:21:59.3926108Z {"Time":"2026-10-09T03:21:59.372998296Z","Action":"output","Package":"tabmail/internal/company","Test":"TestR5TemplateOptionsRejectUnusableChoices/url_required_empty","Output":"--- PASS: TestR5TemplateOptionsRejectUnusableChoices/url_required_empty (0.00s)\n"}
2026-10-09T03:21:59.3928746Z {"Time":"2026-10-09T03:21:59.373002963Z","Action":"pass","Package":"tabmail/internal/company","Test":"TestR5TemplateOptionsRejectUnusableChoices/url_required_empty","Elapsed":0}
2026-10-09T03:21:59.3930831Z {"Time":"2026-10-09T03:21:59.373026348Z","Action":"run","Package":"tabmail/internal/company","Test":"TestR5TemplateOptionsRejectUnusableChoices/url_required_whitespace"}
2026-10-09T03:21:59.3933509Z {"Time":"2026-10-09T03:21:59.373031475Z","Action":"output","Package":"tabmail/internal/company","Test":"TestR5TemplateOptionsRejectUnusableChoices/url_required_whitespace","Output":"=== RUN   TestR5TemplateOptionsRejectUnusableChoices/url_required_whitespace\n"}
2026-10-09T03:21:59.3936947Z {"Time":"2026-10-09T03:21:59.373087599Z","Action":"output","Package":"tabmail/internal/company","Test":"TestR5TemplateOptionsRejectUnusableChoices/url_required_whitespace","Output":"--- PASS: TestR5TemplateOptionsRejectUnusableChoices/url_required_whitespace (0.00s)\n"}
2026-10-09T03:21:59.3939470Z {"Time":"2026-10-09T03:21:59.37310171Z","Action":"pass","Package":"tabmail/internal/company","Test":"TestR5TemplateOptionsRejectUnusableChoices/url_required_whitespace","Elapsed":0}
2026-10-09T03:21:59.3940959Z {"Time":"2026-10-09T03:21:59.373132025Z","Action":"output","Package":"tabmail/internal/company","Test":"TestR5TemplateOptionsRejectUnusableChoices","Output":"--- PASS: TestR5TemplateOptionsRejectUnusableChoices (0.00s)\n"}
2026-10-09T03:21:59.3941923Z {"Time":"2026-10-09T03:21:59.37314906Z","Action":"pass","Package":"tabmail/internal/company","Test":"TestR5TemplateOptionsRejectUnusableChoices","Elapsed":0}
2026-10-09T03:21:59.3964665Z {"Time":"2026-10-09T03:21:59.373166576Z","Action":"run","Package":"tabmail/internal/company","Test":"TestR5TemplateOptionsEveryValidChoiceRenders"}
2026-10-09T03:21:59.3966343Z {"Time":"2026-10-09T03:21:59.373169761Z","Action":"output","Package":"tabmail/internal/company","Test":"TestR5TemplateOptionsEveryValidChoiceRenders","Output":"=== RUN   TestR5TemplateOptionsEveryValidChoiceRenders\n"}
2026-10-09T03:21:59.3967991Z {"Time":"2026-10-09T03:21:59.373212465Z","Action":"run","Package":"tabmail/internal/company","Test":"TestR5TemplateOptionsEveryValidChoiceRenders/text"}
2026-10-09T03:21:59.3969306Z {"Time":"2026-10-09T03:21:59.373214358Z","Action":"output","Package":"tabmail/internal/company","Test":"TestR5TemplateOptionsEveryValidChoiceRenders/text","Output":"=== RUN   TestR5TemplateOptionsEveryValidChoiceRenders/text\n"}
2026-10-09T03:21:59.3970797Z {"Time":"2026-10-09T03:21:59.374398882Z","Action":"output","Package":"tabmail/internal/company","Test":"TestR5TemplateOptionsEveryValidChoiceRenders/text","Output":"--- PASS: TestR5TemplateOptionsEveryValidChoiceRenders/text (0.00s)\n"}
2026-10-09T03:21:59.3971832Z {"Time":"2026-10-09T03:21:59.374420585Z","Action":"pass","Package":"tabmail/internal/company","Test":"TestR5TemplateOptionsEveryValidChoiceRenders/text","Elapsed":0}
2026-10-09T03:21:59.3972658Z {"Time":"2026-10-09T03:21:59.374433514Z","Action":"run","Package":"tabmail/internal/company","Test":"TestR5TemplateOptionsEveryValidChoiceRenders/email"}
2026-10-09T03:21:59.3973632Z {"Time":"2026-10-09T03:21:59.374435347Z","Action":"output","Package":"tabmail/internal/company","Test":"TestR5TemplateOptionsEveryValidChoiceRenders/email","Output":"=== RUN   TestR5TemplateOptionsEveryValidChoiceRenders/email\n"}
2026-10-09T03:21:59.3975014Z {"Time":"2026-10-09T03:21:59.375329639Z","Action":"output","Package":"tabmail/internal/company","Test":"TestR5TemplateOptionsEveryValidChoiceRenders/email","Output":"--- PASS: TestR5TemplateOptionsEveryValidChoiceRenders/email (0.00s)\n"}
2026-10-09T03:21:59.3976027Z {"Time":"2026-10-09T03:21:59.375341346Z","Action":"pass","Package":"tabmail/internal/company","Test":"TestR5TemplateOptionsEveryValidChoiceRenders/email","Elapsed":0}
2026-10-09T03:21:59.3976818Z {"Time":"2026-10-09T03:21:59.375382908Z","Action":"run","Package":"tabmail/internal/company","Test":"TestR5TemplateOptionsEveryValidChoiceRenders/integer"}
2026-10-09T03:21:59.3977811Z {"Time":"2026-10-09T03:21:59.375391311Z","Action":"output","Package":"tabmail/internal/company","Test":"TestR5TemplateOptionsEveryValidChoiceRenders/integer","Output":"=== RUN   TestR5TemplateOptionsEveryValidChoiceRenders/integer\n"}
2026-10-09T03:21:59.3979016Z {"Time":"2026-10-09T03:21:59.376542465Z","Action":"output","Package":"tabmail/internal/company","Test":"TestR5TemplateOptionsEveryValidChoiceRenders/integer","Output":"--- PASS: TestR5TemplateOptionsEveryValidChoiceRenders/integer (0.00s)\n"}
2026-10-09T03:21:59.3980034Z {"Time":"2026-10-09T03:21:59.376552671Z","Action":"pass","Package":"tabmail/internal/company","Test":"TestR5TemplateOptionsEveryValidChoiceRenders/integer","Elapsed":0}
2026-10-09T03:21:59.3980819Z {"Time":"2026-10-09T03:21:59.376602826Z","Action":"run","Package":"tabmail/internal/company","Test":"TestR5TemplateOptionsEveryValidChoiceRenders/date"}
2026-10-09T03:21:59.3981763Z {"Time":"2026-10-09T03:21:59.376610587Z","Action":"output","Package":"tabmail/internal/company","Test":"TestR5TemplateOptionsEveryValidChoiceRenders/date","Output":"=== RUN   TestR5TemplateOptionsEveryValidChoiceRenders/date\n"}
2026-10-09T03:21:59.3983202Z {"Time":"2026-10-09T03:21:59.377215098Z","Action":"output","Package":"tabmail/internal/company","Test":"TestR5TemplateOptionsEveryValidChoiceRenders/date","Output":"--- PASS: TestR5TemplateOptionsEveryValidChoiceRenders/date (0.00s)\n"}
2026-10-09T03:21:59.3984203Z {"Time":"2026-10-09T03:21:59.377252293Z","Action":"pass","Package":"tabmail/internal/company","Test":"TestR5TemplateOptionsEveryValidChoiceRenders/date","Elapsed":0}
2026-10-09T03:21:59.3985150Z {"Time":"2026-10-09T03:21:59.377927649Z","Action":"run","Package":"tabmail/internal/company","Test":"TestR5TemplateOptionsEveryValidChoiceRenders/url"}
2026-10-09T03:21:59.3986092Z {"Time":"2026-10-09T03:21:59.377937704Z","Action":"output","Package":"tabmail/internal/company","Test":"TestR5TemplateOptionsEveryValidChoiceRenders/url","Output":"=== RUN   TestR5TemplateOptionsEveryValidChoiceRenders/url\n"}
2026-10-09T03:21:59.3987257Z {"Time":"2026-10-09T03:21:59.377943122Z","Action":"output","Package":"tabmail/internal/company","Test":"TestR5TemplateOptionsEveryValidChoiceRenders/url","Output":"--- PASS: TestR5TemplateOptionsEveryValidChoiceRenders/url (0.00s)\n"}
2026-10-09T03:21:59.3988240Z {"Time":"2026-10-09T03:21:59.377947068Z","Action":"pass","Package":"tabmail/internal/company","Test":"TestR5TemplateOptionsEveryValidChoiceRenders/url","Elapsed":0}
2026-10-09T03:21:59.3989044Z {"Time":"2026-10-09T03:21:59.377950483Z","Action":"run","Package":"tabmail/internal/company","Test":"TestR5TemplateOptionsEveryValidChoiceRenders/optional_text"}
2026-10-09T03:21:59.3990073Z {"Time":"2026-10-09T03:21:59.377952977Z","Action":"output","Package":"tabmail/internal/company","Test":"TestR5TemplateOptionsEveryValidChoiceRenders/optional_text","Output":"=== RUN   TestR5TemplateOptionsEveryValidChoiceRenders/optional_text\n"}
2026-10-09T03:21:59.3991402Z {"Time":"2026-10-09T03:21:59.37945869Z","Action":"output","Package":"tabmail/internal/company","Test":"TestR5TemplateOptionsEveryValidChoiceRenders/optional_text","Output":"--- PASS: TestR5TemplateOptionsEveryValidChoiceRenders/optional_text (0.00s)\n"}
2026-10-09T03:21:59.3992476Z {"Time":"2026-10-09T03:21:59.379480292Z","Action":"pass","Package":"tabmail/internal/company","Test":"TestR5TemplateOptionsEveryValidChoiceRenders/optional_text","Elapsed":0}
2026-10-09T03:21:59.3993326Z {"Time":"2026-10-09T03:21:59.379504598Z","Action":"run","Package":"tabmail/internal/company","Test":"TestR5TemplateOptionsEveryValidChoiceRenders/optional_email"}
2026-10-09T03:21:59.3994364Z {"Time":"2026-10-09T03:21:59.379516496Z","Action":"output","Package":"tabmail/internal/company","Test":"TestR5TemplateOptionsEveryValidChoiceRenders/optional_email","Output":"=== RUN   TestR5TemplateOptionsEveryValidChoiceRenders/optional_email\n"}
2026-10-09T03:21:59.3995740Z {"Time":"2026-10-09T03:21:59.380253684Z","Action":"output","Package":"tabmail/internal/company","Test":"TestR5TemplateOptionsEveryValidChoiceRenders/optional_email","Output":"--- PASS: TestR5TemplateOptionsEveryValidChoiceRenders/optional_email (0.00s)\n"}
2026-10-09T03:21:59.3996837Z {"Time":"2026-10-09T03:21:59.380265792Z","Action":"pass","Package":"tabmail/internal/company","Test":"TestR5TemplateOptionsEveryValidChoiceRenders/optional_email","Elapsed":0}
2026-10-09T03:21:59.3997678Z {"Time":"2026-10-09T03:21:59.380292842Z","Action":"run","Package":"tabmail/internal/company","Test":"TestR5TemplateOptionsEveryValidChoiceRenders/optional_integer"}
2026-10-09T03:21:59.3998733Z {"Time":"2026-10-09T03:21:59.380299742Z","Action":"output","Package":"tabmail/internal/company","Test":"TestR5TemplateOptionsEveryValidChoiceRenders/optional_integer","Output":"=== RUN   TestR5TemplateOptionsEveryValidChoiceRenders/optional_integer\n"}
2026-10-09T03:21:59.4000046Z {"Time":"2026-10-09T03:21:59.381073125Z","Action":"output","Package":"tabmail/internal/company","Test":"TestR5TemplateOptionsEveryValidChoiceRenders/optional_integer","Output":"--- PASS: TestR5TemplateOptionsEveryValidChoiceRenders/optional_integer (0.00s)\n"}
2026-10-09T03:21:59.4001269Z {"Time":"2026-10-09T03:21:59.381094807Z","Action":"pass","Package":"tabmail/internal/company","Test":"TestR5TemplateOptionsEveryValidChoiceRenders/optional_integer","Elapsed":0}
2026-10-09T03:21:59.4002207Z {"Time":"2026-10-09T03:21:59.381098452Z","Action":"run","Package":"tabmail/internal/company","Test":"TestR5TemplateOptionsEveryValidChoiceRenders/optional_date"}
2026-10-09T03:21:59.4003241Z {"Time":"2026-10-09T03:21:59.381101026Z","Action":"output","Package":"tabmail/internal/company","Test":"TestR5TemplateOptionsEveryValidChoiceRenders/optional_date","Output":"=== RUN   TestR5TemplateOptionsEveryValidChoiceRenders/optional_date\n"}
2026-10-09T03:21:59.4004582Z {"Time":"2026-10-09T03:21:59.38185526Z","Action":"output","Package":"tabmail/internal/company","Test":"TestR5TemplateOptionsEveryValidChoiceRenders/optional_date","Output":"--- PASS: TestR5TemplateOptionsEveryValidChoiceRenders/optional_date (0.00s)\n"}
2026-10-09T03:21:59.4005658Z {"Time":"2026-10-09T03:21:59.381864443Z","Action":"pass","Package":"tabmail/internal/company","Test":"TestR5TemplateOptionsEveryValidChoiceRenders/optional_date","Elapsed":0}
2026-10-09T03:21:59.4006477Z {"Time":"2026-10-09T03:21:59.381887578Z","Action":"run","Package":"tabmail/internal/company","Test":"TestR5TemplateOptionsEveryValidChoiceRenders/optional_url"}
2026-10-09T03:21:59.4007488Z {"Time":"2026-10-09T03:21:59.381898584Z","Action":"output","Package":"tabmail/internal/company","Test":"TestR5TemplateOptionsEveryValidChoiceRenders/optional_url","Output":"=== RUN   TestR5TemplateOptionsEveryValidChoiceRenders/optional_url\n"}
2026-10-09T03:21:59.4008750Z {"Time":"2026-10-09T03:21:59.382703724Z","Action":"output","Package":"tabmail/internal/company","Test":"TestR5TemplateOptionsEveryValidChoiceRenders/optional_url","Output":"--- PASS: TestR5TemplateOptionsEveryValidChoiceRenders/optional_url (0.00s)\n"}
2026-10-09T03:21:59.4009811Z {"Time":"2026-10-09T03:21:59.382711816Z","Action":"pass","Package":"tabmail/internal/company","Test":"TestR5TemplateOptionsEveryValidChoiceRenders/optional_url","Elapsed":0}
2026-10-09T03:21:59.4010817Z {"Time":"2026-10-09T03:21:59.383568983Z","Action":"output","Package":"tabmail/internal/company","Test":"TestR5TemplateOptionsEveryValidChoiceRenders","Output":"--- PASS: TestR5TemplateOptionsEveryValidChoiceRenders (0.01s)\n"}
2026-10-09T03:21:59.4011798Z {"Time":"2026-10-09T03:21:59.383583364Z","Action":"pass","Package":"tabmail/internal/company","Test":"TestR5TemplateOptionsEveryValidChoiceRenders","Elapsed":0.01}
2026-10-09T03:21:59.4012580Z {"Time":"2026-10-09T03:21:59.383588071Z","Action":"run","Package":"tabmail/internal/company","Test":"TestR5TemplateOptionsPreserveScalarBoundaries"}
2026-10-09T03:21:59.4013512Z {"Time":"2026-10-09T03:21:59.383593099Z","Action":"output","Package":"tabmail/internal/company","Test":"TestR5TemplateOptionsPreserveScalarBoundaries","Output":"=== RUN   TestR5TemplateOptionsPreserveScalarBoundaries\n"}
2026-10-09T03:21:59.4014544Z {"Time":"2026-10-09T03:21:59.383596303Z","Action":"run","Package":"tabmail/internal/company","Test":"TestR5TemplateOptionsPreserveScalarBoundaries/unicode_at_limit"}
2026-10-09T03:21:59.4015602Z {"Time":"2026-10-09T03:21:59.383601341Z","Action":"output","Package":"tabmail/internal/company","Test":"TestR5TemplateOptionsPreserveScalarBoundaries/unicode_at_limit","Output":"=== RUN   TestR5TemplateOptionsPreserveScalarBoundaries/unicode_at_limit\n"}
2026-10-09T03:21:59.4016918Z {"Time":"2026-10-09T03:21:59.383605998Z","Action":"output","Package":"tabmail/internal/company","Test":"TestR5TemplateOptionsPreserveScalarBoundaries/unicode_at_limit","Output":"--- PASS: TestR5TemplateOptionsPreserveScalarBoundaries/unicode_at_limit (0.00s)\n"}
2026-10-09T03:21:59.4018024Z {"Time":"2026-10-09T03:21:59.383615532Z","Action":"pass","Package":"tabmail/internal/company","Test":"TestR5TemplateOptionsPreserveScalarBoundaries/unicode_at_limit","Elapsed":0}
2026-10-09T03:21:59.4019027Z {"Time":"2026-10-09T03:21:59.383620349Z","Action":"run","Package":"tabmail/internal/company","Test":"TestR5TemplateOptionsPreserveScalarBoundaries/unicode_over_limit"}
2026-10-09T03:21:59.4020197Z {"Time":"2026-10-09T03:21:59.383622783Z","Action":"output","Package":"tabmail/internal/company","Test":"TestR5TemplateOptionsPreserveScalarBoundaries/unicode_over_limit","Output":"=== RUN   TestR5TemplateOptionsPreserveScalarBoundaries/unicode_over_limit\n"}
2026-10-09T03:21:59.4021538Z {"Time":"2026-10-09T03:21:59.383628331Z","Action":"output","Package":"tabmail/internal/company","Test":"TestR5TemplateOptionsPreserveScalarBoundaries/unicode_over_limit","Output":"--- PASS: TestR5TemplateOptionsPreserveScalarBoundaries/unicode_over_limit (0.00s)\n"}
2026-10-09T03:21:59.4022657Z {"Time":"2026-10-09T03:21:59.383633278Z","Action":"pass","Package":"tabmail/internal/company","Test":"TestR5TemplateOptionsPreserveScalarBoundaries/unicode_over_limit","Elapsed":0}
2026-10-09T03:21:59.4023506Z {"Time":"2026-10-09T03:21:59.383637885Z","Action":"run","Package":"tabmail/internal/company","Test":"TestR5TemplateOptionsPreserveScalarBoundaries/invalid_utf8"}
2026-10-09T03:21:59.4024606Z {"Time":"2026-10-09T03:21:59.383640589Z","Action":"output","Package":"tabmail/internal/company","Test":"TestR5TemplateOptionsPreserveScalarBoundaries/invalid_utf8","Output":"=== RUN   TestR5TemplateOptionsPreserveScalarBoundaries/invalid_utf8\n"}
2026-10-09T03:21:59.4025874Z {"Time":"2026-10-09T03:21:59.383646478Z","Action":"output","Package":"tabmail/internal/company","Test":"TestR5TemplateOptionsPreserveScalarBoundaries/invalid_utf8","Output":"--- PASS: TestR5TemplateOptionsPreserveScalarBoundaries/invalid_utf8 (0.00s)\n"}
2026-10-09T03:21:59.4026942Z {"Time":"2026-10-09T03:21:59.383650043Z","Action":"pass","Package":"tabmail/internal/company","Test":"TestR5TemplateOptionsPreserveScalarBoundaries/invalid_utf8","Elapsed":0}
2026-10-09T03:21:59.4027950Z {"Time":"2026-10-09T03:21:59.383656092Z","Action":"output","Package":"tabmail/internal/company","Test":"TestR5TemplateOptionsPreserveScalarBoundaries","Output":"--- PASS: TestR5TemplateOptionsPreserveScalarBoundaries (0.00s)\n"}
2026-10-09T03:21:59.4028913Z {"Time":"2026-10-09T03:21:59.383659067Z","Action":"pass","Package":"tabmail/internal/company","Test":"TestR5TemplateOptionsPreserveScalarBoundaries","Elapsed":0}
2026-10-09T03:21:59.4029698Z {"Time":"2026-10-09T03:21:59.383662201Z","Action":"run","Package":"tabmail/internal/company","Test":"TestR5TemplateOptionsRemainDataAndEnforceMembership"}
2026-10-09T03:21:59.4030680Z {"Time":"2026-10-09T03:21:59.383664735Z","Action":"output","Package":"tabmail/internal/company","Test":"TestR5TemplateOptionsRemainDataAndEnforceMembership","Output":"=== RUN   TestR5TemplateOptionsRemainDataAndEnforceMembership\n"}
2026-10-09T03:21:59.4031900Z {"Time":"2026-10-09T03:21:59.385073374Z","Action":"output","Package":"tabmail/internal/company","Test":"TestR5TemplateOptionsRemainDataAndEnforceMembership","Output":"--- PASS: TestR5TemplateOptionsRemainDataAndEnforceMembership (0.00s)\n"}
2026-10-09T03:21:59.4032928Z {"Time":"2026-10-09T03:21:59.385085212Z","Action":"pass","Package":"tabmail/internal/company","Test":"TestR5TemplateOptionsRemainDataAndEnforceMembership","Elapsed":0}
2026-10-09T03:21:59.4033729Z {"Time":"2026-10-09T03:21:59.385092212Z","Action":"run","Package":"tabmail/internal/company","Test":"TestR5TemplateOptionsDoNotBypassRenderedSubjectSafety"}
2026-10-09T03:21:59.4034853Z {"Time":"2026-10-09T03:21:59.385095427Z","Action":"output","Package":"tabmail/internal/company","Test":"TestR5TemplateOptionsDoNotBypassRenderedSubjectSafety","Output":"=== RUN   TestR5TemplateOptionsDoNotBypassRenderedSubjectSafety\n"}
2026-10-09T03:21:59.4036108Z {"Time":"2026-10-09T03:21:59.385306912Z","Action":"output","Package":"tabmail/internal/company","Test":"TestR5TemplateOptionsDoNotBypassRenderedSubjectSafety","Output":"--- PASS: TestR5TemplateOptionsDoNotBypassRenderedSubjectSafety (0.00s)\n"}
2026-10-09T03:21:59.4037160Z {"Time":"2026-10-09T03:21:59.385329826Z","Action":"pass","Package":"tabmail/internal/company","Test":"TestR5TemplateOptionsDoNotBypassRenderedSubjectSafety","Elapsed":0}
2026-10-09T03:21:59.4038010Z {"Time":"2026-10-09T03:21:59.385356446Z","Action":"run","Package":"tabmail/internal/company","Test":"TestDeriveSubmissionStatus"}
2026-10-09T03:21:59.4038856Z {"Time":"2026-10-09T03:21:59.385383336Z","Action":"output","Package":"tabmail/internal/company","Test":"TestDeriveSubmissionStatus","Output":"=== RUN   TestDeriveSubmissionStatus\n"}
2026-10-09T03:21:59.4039755Z {"Time":"2026-10-09T03:21:59.385411738Z","Action":"output","Package":"tabmail/internal/company","Test":"TestDeriveSubmissionStatus","Output":"--- PASS: TestDeriveSubmissionStatus (0.00s)\n"}
2026-10-09T03:21:59.4040556Z {"Time":"2026-10-09T03:21:59.385432509Z","Action":"pass","Package":"tabmail/internal/company","Test":"TestDeriveSubmissionStatus","Elapsed":0}
2026-10-09T03:21:59.4041235Z {"Time":"2026-10-09T03:21:59.385437567Z","Action":"run","Package":"tabmail/internal/company","Test":"TestTemplateValidationAndDataBoundaries"}
2026-10-09T03:21:59.4042106Z {"Time":"2026-10-09T03:21:59.385440181Z","Action":"output","Package":"tabmail/internal/company","Test":"TestTemplateValidationAndDataBoundaries","Output":"=== RUN   TestTemplateValidationAndDataBoundaries\n"}
2026-10-09T03:21:59.4043014Z {"Time":"2026-10-09T03:21:59.385731935Z","Action":"run","Package":"tabmail/internal/company","Test":"TestTemplateValidationAndDataBoundaries/identity_override"}
2026-10-09T03:21:59.4044014Z {"Time":"2026-10-09T03:21:59.385754168Z","Action":"output","Package":"tabmail/internal/company","Test":"TestTemplateValidationAndDataBoundaries/identity_override","Output":"=== RUN   TestTemplateValidationAndDataBoundaries/identity_override\n"}
2026-10-09T03:21:59.4045345Z {"Time":"2026-10-09T03:21:59.386030991Z","Action":"output","Package":"tabmail/internal/company","Test":"TestTemplateValidationAndDataBoundaries/identity_override","Output":"--- PASS: TestTemplateValidationAndDataBoundaries/identity_override (0.00s)\n"}
2026-10-09T03:21:59.4046496Z {"Time":"2026-10-09T03:21:59.386054496Z","Action":"pass","Package":"tabmail/internal/company","Test":"TestTemplateValidationAndDataBoundaries/identity_override","Elapsed":0}
2026-10-09T03:21:59.4047990Z {"Time":"2026-10-09T03:21:59.386087174Z","Action":"run","Package":"tabmail/internal/company","Test":"TestTemplateValidationAndDataBoundaries/long"}
2026-10-09T03:21:59.4048902Z {"Time":"2026-10-09T03:21:59.386092342Z","Action":"output","Package":"tabmail/internal/company","Test":"TestTemplateValidationAndDataBoundaries/long","Output":"=== RUN   TestTemplateValidationAndDataBoundaries/long\n"}
2026-10-09T03:21:59.4050006Z {"Time":"2026-10-09T03:21:59.386370867Z","Action":"output","Package":"tabmail/internal/company","Test":"TestTemplateValidationAndDataBoundaries/long","Output":"--- PASS: TestTemplateValidationAndDataBoundaries/long (0.00s)\n"}
2026-10-09T03:21:59.4050974Z {"Time":"2026-10-09T03:21:59.386393871Z","Action":"pass","Package":"tabmail/internal/company","Test":"TestTemplateValidationAndDataBoundaries/long","Elapsed":0}
2026-10-09T03:21:59.4051752Z {"Time":"2026-10-09T03:21:59.38641978Z","Action":"run","Package":"tabmail/internal/company","Test":"TestTemplateValidationAndDataBoundaries/header_injection"}
2026-10-09T03:21:59.4052756Z {"Time":"2026-10-09T03:21:59.386425018Z","Action":"output","Package":"tabmail/internal/company","Test":"TestTemplateValidationAndDataBoundaries/header_injection","Output":"=== RUN   TestTemplateValidationAndDataBoundaries/header_injection\n"}
2026-10-09T03:21:59.4053992Z {"Time":"2026-10-09T03:21:59.386750583Z","Action":"output","Package":"tabmail/internal/company","Test":"TestTemplateValidationAndDataBoundaries/header_injection","Output":"--- PASS: TestTemplateValidationAndDataBoundaries/header_injection (0.00s)\n"}
2026-10-09T03:21:59.4055147Z {"Time":"2026-10-09T03:21:59.386801018Z","Action":"pass","Package":"tabmail/internal/company","Test":"TestTemplateValidationAndDataBoundaries/header_injection","Elapsed":0}
2026-10-09T03:21:59.4056054Z {"Time":"2026-10-09T03:21:59.386807908Z","Action":"run","Package":"tabmail/internal/company","Test":"TestTemplateValidationAndDataBoundaries/missing"}
2026-10-09T03:21:59.4057068Z {"Time":"2026-10-09T03:21:59.386810862Z","Action":"output","Package":"tabmail/internal/company","Test":"TestTemplateValidationAndDataBoundaries/missing","Output":"=== RUN   TestTemplateValidationAndDataBoundaries/missing\n"}
2026-10-09T03:21:59.4058213Z {"Time":"2026-10-09T03:21:59.387127323Z","Action":"output","Package":"tabmail/internal/company","Test":"TestTemplateValidationAndDataBoundaries/missing","Output":"--- PASS: TestTemplateValidationAndDataBoundaries/missing (0.00s)\n"}
2026-10-09T03:21:59.4059184Z {"Time":"2026-10-09T03:21:59.387138941Z","Action":"pass","Package":"tabmail/internal/company","Test":"TestTemplateValidationAndDataBoundaries/missing","Elapsed":0}
2026-10-09T03:21:59.4060121Z {"Time":"2026-10-09T03:21:59.387762359Z","Action":"output","Package":"tabmail/internal/company","Test":"TestTemplateValidationAndDataBoundaries","Output":"--- PASS: TestTemplateValidationAndDataBoundaries (0.00s)\n"}
2026-10-09T03:21:59.4061031Z {"Time":"2026-10-09T03:21:59.387770301Z","Action":"pass","Package":"tabmail/internal/company","Test":"TestTemplateValidationAndDataBoundaries","Elapsed":0}
2026-10-09T03:21:59.4061775Z {"Time":"2026-10-09T03:21:59.388376064Z","Action":"run","Package":"tabmail/internal/company","Test":"TestTypedTemplateVariablesAndBoundedExpansion"}
2026-10-09T03:21:59.4062697Z {"Time":"2026-10-09T03:21:59.38838686Z","Action":"output","Package":"tabmail/internal/company","Test":"TestTypedTemplateVariablesAndBoundedExpansion","Output":"=== RUN   TestTypedTemplateVariablesAndBoundedExpansion\n"}
2026-10-09T03:21:59.4063847Z {"Time":"2026-10-09T03:21:59.394750189Z","Action":"output","Package":"tabmail/internal/company","Test":"TestTypedTemplateVariablesAndBoundedExpansion","Output":"--- PASS: TestTypedTemplateVariablesAndBoundedExpansion (0.01s)\n"}
2026-10-09T03:21:59.4064906Z {"Time":"2026-10-09T03:21:59.394768346Z","Action":"pass","Package":"tabmail/internal/company","Test":"TestTypedTemplateVariablesAndBoundedExpansion","Elapsed":0.01}
2026-10-09T03:21:59.4065632Z {"Time":"2026-10-09T03:21:59.394775647Z","Action":"run","Package":"tabmail/internal/company","Test":"TestPermissionPatchFieldIntent"}
2026-10-09T03:21:59.4066415Z {"Time":"2026-10-09T03:21:59.394778862Z","Action":"output","Package":"tabmail/internal/company","Test":"TestPermissionPatchFieldIntent","Output":"=== RUN   TestPermissionPatchFieldIntent\n"}
2026-10-09T03:21:59.4067206Z {"Time":"2026-10-09T03:21:59.394820974Z","Action":"run","Package":"tabmail/internal/company","Test":"TestPermissionPatchFieldIntent/omitted"}
2026-10-09T03:21:59.4068058Z {"Time":"2026-10-09T03:21:59.394834545Z","Action":"output","Package":"tabmail/internal/company","Test":"TestPermissionPatchFieldIntent/omitted","Output":"=== RUN   TestPermissionPatchFieldIntent/omitted\n"}
2026-10-09T03:21:59.4069125Z {"Time":"2026-10-09T03:21:59.394897358Z","Action":"output","Package":"tabmail/internal/company","Test":"TestPermissionPatchFieldIntent/omitted","Output":"--- PASS: TestPermissionPatchFieldIntent/omitted (0.00s)\n"}
2026-10-09T03:21:59.4070010Z {"Time":"2026-10-09T03:21:59.395054883Z","Action":"pass","Package":"tabmail/internal/company","Test":"TestPermissionPatchFieldIntent/omitted","Elapsed":0}
2026-10-09T03:21:59.4070712Z {"Time":"2026-10-09T03:21:59.395078128Z","Action":"run","Package":"tabmail/internal/company","Test":"TestPermissionPatchFieldIntent/inherit"}
2026-10-09T03:21:59.4071539Z {"Time":"2026-10-09T03:21:59.395084487Z","Action":"output","Package":"tabmail/internal/company","Test":"TestPermissionPatchFieldIntent/inherit","Output":"=== RUN   TestPermissionPatchFieldIntent/inherit\n"}
2026-10-09T03:21:59.4072543Z {"Time":"2026-10-09T03:21:59.395089745Z","Action":"output","Package":"tabmail/internal/company","Test":"TestPermissionPatchFieldIntent/inherit","Output":"--- PASS: TestPermissionPatchFieldIntent/inherit (0.00s)\n"}
2026-10-09T03:21:59.4073418Z {"Time":"2026-10-09T03:21:59.395093631Z","Action":"pass","Package":"tabmail/internal/company","Test":"TestPermissionPatchFieldIntent/inherit","Elapsed":0}
2026-10-09T03:21:59.4074234Z {"Time":"2026-10-09T03:21:59.395097046Z","Action":"run","Package":"tabmail/internal/company","Test":"TestPermissionPatchFieldIntent/false-zero"}
2026-10-09T03:21:59.4075328Z {"Time":"2026-10-09T03:21:59.395102574Z","Action":"output","Package":"tabmail/internal/company","Test":"TestPermissionPatchFieldIntent/false-zero","Output":"=== RUN   TestPermissionPatchFieldIntent/false-zero\n"}
2026-10-09T03:21:59.4076387Z {"Time":"2026-10-09T03:21:59.395116595Z","Action":"output","Package":"tabmail/internal/company","Test":"TestPermissionPatchFieldIntent/false-zero","Output":"--- PASS: TestPermissionPatchFieldIntent/false-zero (0.00s)\n"}
2026-10-09T03:21:59.4077293Z {"Time":"2026-10-09T03:21:59.395123425Z","Action":"pass","Package":"tabmail/internal/company","Test":"TestPermissionPatchFieldIntent/false-zero","Elapsed":0}
2026-10-09T03:21:59.4078004Z {"Time":"2026-10-09T03:21:59.395132659Z","Action":"run","Package":"tabmail/internal/company","Test":"TestPermissionPatchFieldIntent/explicit"}
2026-10-09T03:21:59.4078863Z {"Time":"2026-10-09T03:21:59.395138027Z","Action":"output","Package":"tabmail/internal/company","Test":"TestPermissionPatchFieldIntent/explicit","Output":"=== RUN   TestPermissionPatchFieldIntent/explicit\n"}
2026-10-09T03:21:59.4079888Z {"Time":"2026-10-09T03:21:59.395204977Z","Action":"output","Package":"tabmail/internal/company","Test":"TestPermissionPatchFieldIntent/explicit","Output":"--- PASS: TestPermissionPatchFieldIntent/explicit (0.00s)\n"}
2026-10-09T03:21:59.4080764Z {"Time":"2026-10-09T03:21:59.3952139Z","Action":"pass","Package":"tabmail/internal/company","Test":"TestPermissionPatchFieldIntent/explicit","Elapsed":0}
2026-10-09T03:21:59.4081614Z {"Time":"2026-10-09T03:21:59.395256874Z","Action":"output","Package":"tabmail/internal/company","Test":"TestPermissionPatchFieldIntent","Output":"--- PASS: TestPermissionPatchFieldIntent (0.00s)\n"}
2026-10-09T03:21:59.4082442Z {"Time":"2026-10-09T03:21:59.395267009Z","Action":"pass","Package":"tabmail/internal/company","Test":"TestPermissionPatchFieldIntent","Elapsed":0}
2026-10-09T03:21:59.4083152Z {"Time":"2026-10-09T03:21:59.395270394Z","Action":"run","Package":"tabmail/internal/company","Test":"TestPermissionPatchRejectsMalformedQuotas"}
2026-10-09T03:21:59.4084036Z {"Time":"2026-10-09T03:21:59.395273469Z","Action":"output","Package":"tabmail/internal/company","Test":"TestPermissionPatchRejectsMalformedQuotas","Output":"=== RUN   TestPermissionPatchRejectsMalformedQuotas\n"}
2026-10-09T03:21:59.4085094Z {"Time":"2026-10-09T03:21:59.395313098Z","Action":"run","Package":"tabmail/internal/company","Test":"TestPermissionPatchRejectsMalformedQuotas/{\"daily_send_quota\":-1}"}
2026-10-09T03:21:59.4086187Z {"Time":"2026-10-09T03:21:59.395318035Z","Action":"output","Package":"tabmail/internal/company","Test":"TestPermissionPatchRejectsMalformedQuotas/{\"daily_send_quota\":-1}","Output":"=== RUN   TestPermissionPatchRejectsMalformedQuotas/{\"daily_send_quota\":-1}\n"}
2026-10-09T03:21:59.4087544Z {"Time":"2026-10-09T03:21:59.395380318Z","Action":"output","Package":"tabmail/internal/company","Test":"TestPermissionPatchRejectsMalformedQuotas/{\"daily_send_quota\":-1}","Output":"--- PASS: TestPermissionPatchRejectsMalformedQuotas/{\"daily_send_quota\":-1} (0.00s)\n"}
2026-10-09T03:21:59.4088689Z {"Time":"2026-10-09T03:21:59.395390734Z","Action":"pass","Package":"tabmail/internal/company","Test":"TestPermissionPatchRejectsMalformedQuotas/{\"daily_send_quota\":-1}","Elapsed":0}
2026-10-09T03:21:59.4089592Z {"Time":"2026-10-09T03:21:59.3954081Z","Action":"run","Package":"tabmail/internal/company","Test":"TestPermissionPatchRejectsMalformedQuotas/{\"daily_send_quota\":0.5}"}
2026-10-09T03:21:59.4090681Z {"Time":"2026-10-09T03:21:59.395412416Z","Action":"output","Package":"tabmail/internal/company","Test":"TestPermissionPatchRejectsMalformedQuotas/{\"daily_send_quota\":0.5}","Output":"=== RUN   TestPermissionPatchRejectsMalformedQuotas/{\"daily_send_quota\":0.5}\n"}
2026-10-09T03:21:59.4092215Z {"Time":"2026-10-09T03:21:59.395493577Z","Action":"output","Package":"tabmail/internal/company","Test":"TestPermissionPatchRejectsMalformedQuotas/{\"daily_send_quota\":0.5}","Output":"--- PASS: TestPermissionPatchRejectsMalformedQuotas/{\"daily_send_quota\":0.5} (0.00s)\n"}
2026-10-09T03:21:59.4093354Z {"Time":"2026-10-09T03:21:59.395502911Z","Action":"pass","Package":"tabmail/internal/company","Test":"TestPermissionPatchRejectsMalformedQuotas/{\"daily_send_quota\":0.5}","Elapsed":0}
2026-10-09T03:21:59.4094225Z {"Time":"2026-10-09T03:21:59.39552917Z","Action":"run","Package":"tabmail/internal/company","Test":"TestPermissionPatchRejectsMalformedQuotas/{\"daily_send_quota\":\"0\"}"}
2026-10-09T03:21:59.4095401Z {"Time":"2026-10-09T03:21:59.39553622Z","Action":"output","Package":"tabmail/internal/company","Test":"TestPermissionPatchRejectsMalformedQuotas/{\"daily_send_quota\":\"0\"}","Output":"=== RUN   TestPermissionPatchRejectsMalformedQuotas/{\"daily_send_quota\":\"0\"}\n"}
2026-10-09T03:21:59.4096759Z {"Time":"2026-10-09T03:21:59.395587126Z","Action":"output","Package":"tabmail/internal/company","Test":"TestPermissionPatchRejectsMalformedQuotas/{\"daily_send_quota\":\"0\"}","Output":"--- PASS: TestPermissionPatchRejectsMalformedQuotas/{\"daily_send_quota\":\"0\"} (0.00s)\n"}
2026-10-09T03:21:59.4097925Z {"Time":"2026-10-09T03:21:59.395593926Z","Action":"pass","Package":"tabmail/internal/company","Test":"TestPermissionPatchRejectsMalformedQuotas/{\"daily_send_quota\":\"0\"}","Elapsed":0}
2026-10-09T03:21:59.4098805Z {"Time":"2026-10-09T03:21:59.395614386Z","Action":"run","Package":"tabmail/internal/company","Test":"TestPermissionPatchRejectsMalformedQuotas/{\"daily_receive_quota\":-1}"}
2026-10-09T03:21:59.4099906Z {"Time":"2026-10-09T03:21:59.395625463Z","Action":"output","Package":"tabmail/internal/company","Test":"TestPermissionPatchRejectsMalformedQuotas/{\"daily_receive_quota\":-1}","Output":"=== RUN   TestPermissionPatchRejectsMalformedQuotas/{\"daily_receive_quota\":-1}\n"}
2026-10-09T03:21:59.4101265Z {"Time":"2026-10-09T03:21:59.395659093Z","Action":"output","Package":"tabmail/internal/company","Test":"TestPermissionPatchRejectsMalformedQuotas/{\"daily_receive_quota\":-1}","Output":"--- PASS: TestPermissionPatchRejectsMalformedQuotas/{\"daily_receive_quota\":-1} (0.00s)\n"}
2026-10-09T03:21:59.4102402Z {"Time":"2026-10-09T03:21:59.395667005Z","Action":"pass","Package":"tabmail/internal/company","Test":"TestPermissionPatchRejectsMalformedQuotas/{\"daily_receive_quota\":-1}","Elapsed":0}
2026-10-09T03:21:59.4103258Z {"Time":"2026-10-09T03:21:59.395700154Z","Action":"run","Package":"tabmail/internal/company","Test":"TestPermissionPatchRejectsMalformedQuotas/{\"max_mailboxes\":-1}"}
2026-10-09T03:21:59.4104316Z {"Time":"2026-10-09T03:21:59.39570398Z","Action":"output","Package":"tabmail/internal/company","Test":"TestPermissionPatchRejectsMalformedQuotas/{\"max_mailboxes\":-1}","Output":"=== RUN   TestPermissionPatchRejectsMalformedQuotas/{\"max_mailboxes\":-1}\n"}
2026-10-09T03:21:59.4105707Z {"Time":"2026-10-09T03:21:59.395733354Z","Action":"output","Package":"tabmail/internal/company","Test":"TestPermissionPatchRejectsMalformedQuotas/{\"max_mailboxes\":-1}","Output":"--- PASS: TestPermissionPatchRejectsMalformedQuotas/{\"max_mailboxes\":-1} (0.00s)\n"}
2026-10-09T03:21:59.4106803Z {"Time":"2026-10-09T03:21:59.395739533Z","Action":"pass","Package":"tabmail/internal/company","Test":"TestPermissionPatchRejectsMalformedQuotas/{\"max_mailboxes\":-1}","Elapsed":0}
2026-10-09T03:21:59.4107650Z {"Time":"2026-10-09T03:21:59.395760334Z","Action":"run","Package":"tabmail/internal/company","Test":"TestPermissionPatchRejectsMalformedQuotas/{\"max_domains\":-1}"}
2026-10-09T03:21:59.4108679Z {"Time":"2026-10-09T03:21:59.395769988Z","Action":"output","Package":"tabmail/internal/company","Test":"TestPermissionPatchRejectsMalformedQuotas/{\"max_domains\":-1}","Output":"=== RUN   TestPermissionPatchRejectsMalformedQuotas/{\"max_domains\":-1}\n"}
2026-10-09T03:21:59.4110064Z {"Time":"2026-10-09T03:21:59.395815266Z","Action":"output","Package":"tabmail/internal/company","Test":"TestPermissionPatchRejectsMalformedQuotas/{\"max_domains\":-1}","Output":"--- PASS: TestPermissionPatchRejectsMalformedQuotas/{\"max_domains\":-1} (0.00s)\n"}
2026-10-09T03:21:59.4111231Z {"Time":"2026-10-09T03:21:59.395820083Z","Action":"pass","Package":"tabmail/internal/company","Test":"TestPermissionPatchRejectsMalformedQuotas/{\"max_domains\":-1}","Elapsed":0}
2026-10-09T03:21:59.4112227Z {"Time":"2026-10-09T03:21:59.39585141Z","Action":"output","Package":"tabmail/internal/company","Test":"TestPermissionPatchRejectsMalformedQuotas","Output":"--- PASS: TestPermissionPatchRejectsMalformedQuotas (0.00s)\n"}
2026-10-09T03:21:59.4113154Z {"Time":"2026-10-09T03:21:59.395862666Z","Action":"pass","Package":"tabmail/internal/company","Test":"TestPermissionPatchRejectsMalformedQuotas","Elapsed":0}
2026-10-09T03:21:59.4113865Z {"Time":"2026-10-09T03:21:59.395872912Z","Action":"run","Package":"tabmail/internal/company","Test":"TestPermissionDomainAccessIntent"}
2026-10-09T03:21:59.4114774Z {"Time":"2026-10-09T03:21:59.395882205Z","Action":"output","Package":"tabmail/internal/company","Test":"TestPermissionDomainAccessIntent","Output":"=== RUN   TestPermissionDomainAccessIntent\n"}
2026-10-09T03:21:59.4115593Z {"Time":"2026-10-09T03:21:59.395916216Z","Action":"run","Package":"tabmail/internal/company","Test":"TestPermissionDomainAccessIntent/inherit"}
2026-10-09T03:21:59.4116460Z {"Time":"2026-10-09T03:21:59.395920382Z","Action":"output","Package":"tabmail/internal/company","Test":"TestPermissionDomainAccessIntent/inherit","Output":"=== RUN   TestPermissionDomainAccessIntent/inherit\n"}
2026-10-09T03:21:59.4117502Z {"Time":"2026-10-09T03:21:59.395946571Z","Action":"output","Package":"tabmail/internal/company","Test":"TestPermissionDomainAccessIntent/inherit","Output":"--- PASS: TestPermissionDomainAccessIntent/inherit (0.00s)\n"}
2026-10-09T03:21:59.4118400Z {"Time":"2026-10-09T03:21:59.39595896Z","Action":"pass","Package":"tabmail/internal/company","Test":"TestPermissionDomainAccessIntent/inherit","Elapsed":0}
2026-10-09T03:21:59.4119102Z {"Time":"2026-10-09T03:21:59.395970477Z","Action":"run","Package":"tabmail/internal/company","Test":"TestPermissionDomainAccessIntent/all"}
2026-10-09T03:21:59.4119928Z {"Time":"2026-10-09T03:21:59.395980061Z","Action":"output","Package":"tabmail/internal/company","Test":"TestPermissionDomainAccessIntent/all","Output":"=== RUN   TestPermissionDomainAccessIntent/all\n"}
2026-10-09T03:21:59.4120931Z {"Time":"2026-10-09T03:21:59.396016505Z","Action":"output","Package":"tabmail/internal/company","Test":"TestPermissionDomainAccessIntent/all","Output":"--- PASS: TestPermissionDomainAccessIntent/all (0.00s)\n"}
2026-10-09T03:21:59.4121789Z {"Time":"2026-10-09T03:21:59.396022054Z","Action":"pass","Package":"tabmail/internal/company","Test":"TestPermissionDomainAccessIntent/all","Elapsed":0}
2026-10-09T03:21:59.4122479Z {"Time":"2026-10-09T03:21:59.39602635Z","Action":"run","Package":"tabmail/internal/company","Test":"TestPermissionDomainAccessIntent/none"}
2026-10-09T03:21:59.4123320Z {"Time":"2026-10-09T03:21:59.396028904Z","Action":"output","Package":"tabmail/internal/company","Test":"TestPermissionDomainAccessIntent/none","Output":"=== RUN   TestPermissionDomainAccessIntent/none\n"}
2026-10-09T03:21:59.4124334Z {"Time":"2026-10-09T03:21:59.39606635Z","Action":"output","Package":"tabmail/internal/company","Test":"TestPermissionDomainAccessIntent/none","Output":"--- PASS: TestPermissionDomainAccessIntent/none (0.00s)\n"}
2026-10-09T03:21:59.4125290Z {"Time":"2026-10-09T03:21:59.396078958Z","Action":"pass","Package":"tabmail/internal/company","Test":"TestPermissionDomainAccessIntent/none","Elapsed":0}
2026-10-09T03:21:59.4125986Z {"Time":"2026-10-09T03:21:59.396091577Z","Action":"run","Package":"tabmail/internal/company","Test":"TestPermissionDomainAccessIntent/list"}
2026-10-09T03:21:59.4126810Z {"Time":"2026-10-09T03:21:59.396101322Z","Action":"output","Package":"tabmail/internal/company","Test":"TestPermissionDomainAccessIntent/list","Output":"=== RUN   TestPermissionDomainAccessIntent/list\n"}
2026-10-09T03:21:59.4128016Z {"Time":"2026-10-09T03:21:59.396122043Z","Action":"output","Package":"tabmail/internal/company","Test":"TestPermissionDomainAccessIntent/list","Output":"--- PASS: TestPermissionDomainAccessIntent/list (0.00s)\n"}
2026-10-09T03:21:59.4128896Z {"Time":"2026-10-09T03:21:59.396143475Z","Action":"pass","Package":"tabmail/internal/company","Test":"TestPermissionDomainAccessIntent/list","Elapsed":0}
2026-10-09T03:21:59.4129605Z {"Time":"2026-10-09T03:21:59.39615368Z","Action":"run","Package":"tabmail/internal/company","Test":"TestPermissionDomainAccessIntent/empty-list"}
2026-10-09T03:21:59.4130489Z {"Time":"2026-10-09T03:21:59.396163074Z","Action":"output","Package":"tabmail/internal/company","Test":"TestPermissionDomainAccessIntent/empty-list","Output":"=== RUN   TestPermissionDomainAccessIntent/empty-list\n"}
2026-10-09T03:21:59.4131580Z {"Time":"2026-10-09T03:21:59.396177666Z","Action":"output","Package":"tabmail/internal/company","Test":"TestPermissionDomainAccessIntent/empty-list","Output":"--- PASS: TestPermissionDomainAccessIntent/empty-list (0.00s)\n"}
2026-10-09T03:21:59.4132507Z {"Time":"2026-10-09T03:21:59.396200109Z","Action":"pass","Package":"tabmail/internal/company","Test":"TestPermissionDomainAccessIntent/empty-list","Elapsed":0}
2026-10-09T03:21:59.4133240Z {"Time":"2026-10-09T03:21:59.396205928Z","Action":"run","Package":"tabmail/internal/company","Test":"TestPermissionDomainAccessIntent/all-with-list"}
2026-10-09T03:21:59.4134153Z {"Time":"2026-10-09T03:21:59.396208441Z","Action":"output","Package":"tabmail/internal/company","Test":"TestPermissionDomainAccessIntent/all-with-list","Output":"=== RUN   TestPermissionDomainAccessIntent/all-with-list\n"}
2026-10-09T03:21:59.4135347Z {"Time":"2026-10-09T03:21:59.396256673Z","Action":"output","Package":"tabmail/internal/company","Test":"TestPermissionDomainAccessIntent/all-with-list","Output":"--- PASS: TestPermissionDomainAccessIntent/all-with-list (0.00s)\n"}
2026-10-09T03:21:59.4136300Z {"Time":"2026-10-09T03:21:59.396262161Z","Action":"pass","Package":"tabmail/internal/company","Test":"TestPermissionDomainAccessIntent/all-with-list","Elapsed":0}
2026-10-09T03:21:59.4137059Z {"Time":"2026-10-09T03:21:59.396266368Z","Action":"run","Package":"tabmail/internal/company","Test":"TestPermissionDomainAccessIntent/none-with-list"}
2026-10-09T03:21:59.4137972Z {"Time":"2026-10-09T03:21:59.396268621Z","Action":"output","Package":"tabmail/internal/company","Test":"TestPermissionDomainAccessIntent/none-with-list","Output":"=== RUN   TestPermissionDomainAccessIntent/none-with-list\n"}
2026-10-09T03:21:59.4139089Z {"Time":"2026-10-09T03:21:59.396312577Z","Action":"output","Package":"tabmail/internal/company","Test":"TestPermissionDomainAccessIntent/none-with-list","Output":"--- PASS: TestPermissionDomainAccessIntent/none-with-list (0.00s)\n"}
2026-10-09T03:21:59.4140042Z {"Time":"2026-10-09T03:21:59.396354859Z","Action":"pass","Package":"tabmail/internal/company","Test":"TestPermissionDomainAccessIntent/none-with-list","Elapsed":0}
2026-10-09T03:21:59.4140800Z {"Time":"2026-10-09T03:21:59.396396952Z","Action":"run","Package":"tabmail/internal/company","Test":"TestPermissionDomainAccessIntent/inherit-with-list"}
2026-10-09T03:21:59.4141743Z {"Time":"2026-10-09T03:21:59.396413597Z","Action":"output","Package":"tabmail/internal/company","Test":"TestPermissionDomainAccessIntent/inherit-with-list","Output":"=== RUN   TestPermissionDomainAccessIntent/inherit-with-list\n"}
2026-10-09T03:21:59.4142899Z {"Time":"2026-10-09T03:21:59.396439966Z","Action":"output","Package":"tabmail/internal/company","Test":"TestPermissionDomainAccessIntent/inherit-with-list","Output":"--- PASS: TestPermissionDomainAccessIntent/inherit-with-list (0.00s)\n"}
2026-10-09T03:21:59.4143882Z {"Time":"2026-10-09T03:21:59.396485274Z","Action":"pass","Package":"tabmail/internal/company","Test":"TestPermissionDomainAccessIntent/inherit-with-list","Elapsed":0}
2026-10-09T03:21:59.4144819Z {"Time":"2026-10-09T03:21:59.396499926Z","Action":"run","Package":"tabmail/internal/company","Test":"TestPermissionDomainAccessIntent/zero-id"}
2026-10-09T03:21:59.4145776Z {"Time":"2026-10-09T03:21:59.396512645Z","Action":"output","Package":"tabmail/internal/company","Test":"TestPermissionDomainAccessIntent/zero-id","Output":"=== RUN   TestPermissionDomainAccessIntent/zero-id\n"}
2026-10-09T03:21:59.4146821Z {"Time":"2026-10-09T03:21:59.396542509Z","Action":"output","Package":"tabmail/internal/company","Test":"TestPermissionDomainAccessIntent/zero-id","Output":"--- PASS: TestPermissionDomainAccessIntent/zero-id (0.00s)\n"}
2026-10-09T03:21:59.4147725Z {"Time":"2026-10-09T03:21:59.39657032Z","Action":"pass","Package":"tabmail/internal/company","Test":"TestPermissionDomainAccessIntent/zero-id","Elapsed":0}
2026-10-09T03:21:59.4148437Z {"Time":"2026-10-09T03:21:59.396584131Z","Action":"run","Package":"tabmail/internal/company","Test":"TestPermissionDomainAccessIntent/duplicate"}
2026-10-09T03:21:59.4149317Z {"Time":"2026-10-09T03:21:59.396600535Z","Action":"output","Package":"tabmail/internal/company","Test":"TestPermissionDomainAccessIntent/duplicate","Output":"=== RUN   TestPermissionDomainAccessIntent/duplicate\n"}
2026-10-09T03:21:59.4150394Z {"Time":"2026-10-09T03:21:59.396616659Z","Action":"output","Package":"tabmail/internal/company","Test":"TestPermissionDomainAccessIntent/duplicate","Output":"--- PASS: TestPermissionDomainAccessIntent/duplicate (0.00s)\n"}
2026-10-09T03:21:59.4151343Z {"Time":"2026-10-09T03:21:59.396631502Z","Action":"pass","Package":"tabmail/internal/company","Test":"TestPermissionDomainAccessIntent/duplicate","Elapsed":0}
2026-10-09T03:21:59.4152065Z {"Time":"2026-10-09T03:21:59.396655347Z","Action":"run","Package":"tabmail/internal/company","Test":"TestPermissionDomainAccessIntent/unknown"}
2026-10-09T03:21:59.4152929Z {"Time":"2026-10-09T03:21:59.39667052Z","Action":"output","Package":"tabmail/internal/company","Test":"TestPermissionDomainAccessIntent/unknown","Output":"=== RUN   TestPermissionDomainAccessIntent/unknown\n"}
2026-10-09T03:21:59.4153967Z {"Time":"2026-10-09T03:21:59.396686764Z","Action":"output","Package":"tabmail/internal/company","Test":"TestPermissionDomainAccessIntent/unknown","Output":"--- PASS: TestPermissionDomainAccessIntent/unknown (0.00s)\n"}
2026-10-09T03:21:59.4154944Z {"Time":"2026-10-09T03:21:59.396701556Z","Action":"pass","Package":"tabmail/internal/company","Test":"TestPermissionDomainAccessIntent/unknown","Elapsed":0}
2026-10-09T03:21:59.4155825Z {"Time":"2026-10-09T03:21:59.396737439Z","Action":"output","Package":"tabmail/internal/company","Test":"TestPermissionDomainAccessIntent","Output":"--- PASS: TestPermissionDomainAccessIntent (0.00s)\n"}
2026-10-09T03:21:59.4156662Z {"Time":"2026-10-09T03:21:59.39675796Z","Action":"pass","Package":"tabmail/internal/company","Test":"TestPermissionDomainAccessIntent","Elapsed":0}
2026-10-09T03:21:59.4157355Z {"Time":"2026-10-09T03:21:59.396774545Z","Action":"run","Package":"tabmail/internal/company","Test":"TestPermissionRevisionExactObservation"}
2026-10-09T03:21:59.4158225Z {"Time":"2026-10-09T03:21:59.396789908Z","Action":"output","Package":"tabmail/internal/company","Test":"TestPermissionRevisionExactObservation","Output":"=== RUN   TestPermissionRevisionExactObservation\n"}
2026-10-09T03:21:59.4159268Z {"Time":"2026-10-09T03:21:59.396913562Z","Action":"output","Package":"tabmail/internal/company","Test":"TestPermissionRevisionExactObservation","Output":"--- PASS: TestPermissionRevisionExactObservation (0.00s)\n"}
2026-10-09T03:21:59.4160160Z {"Time":"2026-10-09T03:21:59.396935424Z","Action":"pass","Package":"tabmail/internal/company","Test":"TestPermissionRevisionExactObservation","Elapsed":0}
2026-10-09T03:21:59.4160819Z {"Time":"2026-10-09T03:21:59.396950737Z","Action":"output","Package":"tabmail/internal/company","Output":"PASS\n"}
2026-10-09T03:22:00.3993700Z {"Time":"2026-10-09T03:22:00.399113451Z","Action":"output","Package":"tabmail/internal/company","Output":"ok  \ttabmail/internal/company\t1.189s\n"}
2026-10-09T03:22:00.3994864Z {"Time":"2026-10-09T03:22:00.399150666Z","Action":"pass","Package":"tabmail/internal/company","Elapsed":1.189}
2026-10-09T03:22:02.0988442Z {"Time":"2026-10-09T03:22:02.098639028Z","Action":"start","Package":"tabmail/internal/app/templates"}
2026-10-09T03:22:02.1176879Z {"Time":"2026-10-09T03:22:02.117403591Z","Action":"run","Package":"tabmail/internal/app/templates","Test":"TestR5PreviewBoundaryPreservesSeparateCapabilities"}
2026-10-09T03:22:02.1178046Z {"Time":"2026-10-09T03:22:02.117468888Z","Action":"output","Package":"tabmail/internal/app/templates","Test":"TestR5PreviewBoundaryPreservesSeparateCapabilities","Output":"=== RUN   TestR5PreviewBoundaryPreservesSeparateCapabilities\n"}
2026-10-09T03:22:02.1179216Z {"Time":"2026-10-09T03:22:02.117481006Z","Action":"run","Package":"tabmail/internal/app/templates","Test":"TestR5PreviewBoundaryPreservesSeparateCapabilities/management-without-content-rights"}
2026-10-09T03:22:02.1180795Z {"Time":"2026-10-09T03:22:02.11748378Z","Action":"output","Package":"tabmail/internal/app/templates","Test":"TestR5PreviewBoundaryPreservesSeparateCapabilities/management-without-content-rights","Output":"=== RUN   TestR5PreviewBoundaryPreservesSeparateCapabilities/management-without-content-rights\n"}
2026-10-09T03:22:02.1186626Z {"Time":"2026-10-09T03:22:02.118493935Z","Action":"output","Package":"tabmail/internal/app/templates","Test":"TestR5PreviewBoundaryPreservesSeparateCapabilities/management-without-content-rights","Output":"--- PASS: TestR5PreviewBoundaryPreservesSeparateCapabilities/management-without-content-rights (0.00s)\n"}
2026-10-09T03:22:02.1188178Z {"Time":"2026-10-09T03:22:02.118513384Z","Action":"pass","Package":"tabmail/internal/app/templates","Test":"TestR5PreviewBoundaryPreservesSeparateCapabilities/management-without-content-rights","Elapsed":0}
2026-10-09T03:22:02.1189752Z {"Time":"2026-10-09T03:22:02.11854456Z","Action":"run","Package":"tabmail/internal/app/templates","Test":"TestR5PreviewBoundaryPreservesSeparateCapabilities/published-send-without-read"}
2026-10-09T03:22:02.1191568Z {"Time":"2026-10-09T03:22:02.118561235Z","Action":"output","Package":"tabmail/internal/app/templates","Test":"TestR5PreviewBoundaryPreservesSeparateCapabilities/published-send-without-read","Output":"=== RUN   TestR5PreviewBoundaryPreservesSeparateCapabilities/published-send-without-read\n"}
2026-10-09T03:22:02.1194124Z {"Time":"2026-10-09T03:22:02.119253306Z","Action":"output","Package":"tabmail/internal/app/templates","Test":"TestR5PreviewBoundaryPreservesSeparateCapabilities/published-send-without-read","Output":"--- PASS: TestR5PreviewBoundaryPreservesSeparateCapabilities/published-send-without-read (0.00s)\n"}
2026-10-09T03:22:02.1195632Z {"Time":"2026-10-09T03:22:02.119263261Z","Action":"pass","Package":"tabmail/internal/app/templates","Test":"TestR5PreviewBoundaryPreservesSeparateCapabilities/published-send-without-read","Elapsed":0}
2026-10-09T03:22:02.1196613Z {"Time":"2026-10-09T03:22:02.11929606Z","Action":"run","Package":"tabmail/internal/app/templates","Test":"TestR5PreviewBoundaryPreservesSeparateCapabilities/draft-precedes-version"}
2026-10-09T03:22:02.1197840Z {"Time":"2026-10-09T03:22:02.119301107Z","Action":"output","Package":"tabmail/internal/app/templates","Test":"TestR5PreviewBoundaryPreservesSeparateCapabilities/draft-precedes-version","Output":"=== RUN   TestR5PreviewBoundaryPreservesSeparateCapabilities/draft-precedes-version\n"}
2026-10-09T03:22:02.1202194Z {"Time":"2026-10-09T03:22:02.120015562Z","Action":"output","Package":"tabmail/internal/app/templates","Test":"TestR5PreviewBoundaryPreservesSeparateCapabilities/draft-precedes-version","Output":"--- PASS: TestR5PreviewBoundaryPreservesSeparateCapabilities/draft-precedes-version (0.00s)\n"}
2026-10-09T03:22:02.1204713Z {"Time":"2026-10-09T03:22:02.120037905Z","Action":"pass","Package":"tabmail/internal/app/templates","Test":"TestR5PreviewBoundaryPreservesSeparateCapabilities/draft-precedes-version","Elapsed":0}
2026-10-09T03:22:02.1206956Z {"Time":"2026-10-09T03:22:02.120092446Z","Action":"output","Package":"tabmail/internal/app/templates","Test":"TestR5PreviewBoundaryPreservesSeparateCapabilities","Output":"--- PASS: TestR5PreviewBoundaryPreservesSeparateCapabilities (0.00s)\n"}
2026-10-09T03:22:02.1209410Z {"Time":"2026-10-09T03:22:02.120099817Z","Action":"pass","Package":"tabmail/internal/app/templates","Test":"TestR5PreviewBoundaryPreservesSeparateCapabilities","Elapsed":0}
2026-10-09T03:22:02.1210984Z {"Time":"2026-10-09T03:22:02.120125465Z","Action":"run","Package":"tabmail/internal/app/templates","Test":"TestR5PreviewBoundaryRejectsInvalidInitialSources"}
2026-10-09T03:22:02.1213145Z {"Time":"2026-10-09T03:22:02.120136141Z","Action":"output","Package":"tabmail/internal/app/templates","Test":"TestR5PreviewBoundaryRejectsInvalidInitialSources","Output":"=== RUN   TestR5PreviewBoundaryRejectsInvalidInitialSources\n"}
2026-10-09T03:22:02.1215399Z {"Time":"2026-10-09T03:22:02.120173397Z","Action":"run","Package":"tabmail/internal/app/templates","Test":"TestR5PreviewBoundaryRejectsInvalidInitialSources/nil-mailbox"}
2026-10-09T03:22:02.1217826Z {"Time":"2026-10-09T03:22:02.120198494Z","Action":"output","Package":"tabmail/internal/app/templates","Test":"TestR5PreviewBoundaryRejectsInvalidInitialSources/nil-mailbox","Output":"=== RUN   TestR5PreviewBoundaryRejectsInvalidInitialSources/nil-mailbox\n"}
2026-10-09T03:22:02.1220577Z {"Time":"2026-10-09T03:22:02.120286355Z","Action":"output","Package":"tabmail/internal/app/templates","Test":"TestR5PreviewBoundaryRejectsInvalidInitialSources/nil-mailbox","Output":"--- PASS: TestR5PreviewBoundaryRejectsInvalidInitialSources/nil-mailbox (0.00s)\n"}
2026-10-09T03:22:02.1222939Z {"Time":"2026-10-09T03:22:02.120295799Z","Action":"pass","Package":"tabmail/internal/app/templates","Test":"TestR5PreviewBoundaryRejectsInvalidInitialSources/nil-mailbox","Elapsed":0}
2026-10-09T03:22:02.1224911Z {"Time":"2026-10-09T03:22:02.120303992Z","Action":"run","Package":"tabmail/internal/app/templates","Test":"TestR5PreviewBoundaryRejectsInvalidInitialSources/wrong-mailbox"}
2026-10-09T03:22:02.1227109Z {"Time":"2026-10-09T03:22:02.120305985Z","Action":"output","Package":"tabmail/internal/app/templates","Test":"TestR5PreviewBoundaryRejectsInvalidInitialSources/wrong-mailbox","Output":"=== RUN   TestR5PreviewBoundaryRejectsInvalidInitialSources/wrong-mailbox\n"}
2026-10-09T03:22:02.1229911Z {"Time":"2026-10-09T03:22:02.120425443Z","Action":"output","Package":"tabmail/internal/app/templates","Test":"TestR5PreviewBoundaryRejectsInvalidInitialSources/wrong-mailbox","Output":"--- PASS: TestR5PreviewBoundaryRejectsInvalidInitialSources/wrong-mailbox (0.00s)\n"}
2026-10-09T03:22:02.1232333Z {"Time":"2026-10-09T03:22:02.120452283Z","Action":"pass","Package":"tabmail/internal/app/templates","Test":"TestR5PreviewBoundaryRejectsInvalidInitialSources/wrong-mailbox","Elapsed":0}
2026-10-09T03:22:02.1234191Z {"Time":"2026-10-09T03:22:02.120470229Z","Action":"run","Package":"tabmail/internal/app/templates","Test":"TestR5PreviewBoundaryRejectsInvalidInitialSources/foreign-mailbox"}
2026-10-09T03:22:02.1236566Z {"Time":"2026-10-09T03:22:02.120481286Z","Action":"output","Package":"tabmail/internal/app/templates","Test":"TestR5PreviewBoundaryRejectsInvalidInitialSources/foreign-mailbox","Output":"=== RUN   TestR5PreviewBoundaryRejectsInvalidInitialSources/foreign-mailbox\n"}
2026-10-09T03:22:02.1239413Z {"Time":"2026-10-09T03:22:02.120568816Z","Action":"output","Package":"tabmail/internal/app/templates","Test":"TestR5PreviewBoundaryRejectsInvalidInitialSources/foreign-mailbox","Output":"--- PASS: TestR5PreviewBoundaryRejectsInvalidInitialSources/foreign-mailbox (0.00s)\n"}
2026-10-09T03:22:02.1241760Z {"Time":"2026-10-09T03:22:02.120578791Z","Action":"pass","Package":"tabmail/internal/app/templates","Test":"TestR5PreviewBoundaryRejectsInvalidInitialSources/foreign-mailbox","Elapsed":0}
2026-10-09T03:22:02.1243640Z {"Time":"2026-10-09T03:22:02.120604249Z","Action":"run","Package":"tabmail/internal/app/templates","Test":"TestR5PreviewBoundaryRejectsInvalidInitialSources/nil-user"}
2026-10-09T03:22:02.1246195Z {"Time":"2026-10-09T03:22:02.12061157Z","Action":"output","Package":"tabmail/internal/app/templates","Test":"TestR5PreviewBoundaryRejectsInvalidInitialSources/nil-user","Output":"=== RUN   TestR5PreviewBoundaryRejectsInvalidInitialSources/nil-user\n"}
2026-10-09T03:22:02.1249071Z {"Time":"2026-10-09T03:22:02.120710898Z","Action":"output","Package":"tabmail/internal/app/templates","Test":"TestR5PreviewBoundaryRejectsInvalidInitialSources/nil-user","Output":"--- PASS: TestR5PreviewBoundaryRejectsInvalidInitialSources/nil-user (0.00s)\n"}
2026-10-09T03:22:02.1251346Z {"Time":"2026-10-09T03:22:02.120718329Z","Action":"pass","Package":"tabmail/internal/app/templates","Test":"TestR5PreviewBoundaryRejectsInvalidInitialSources/nil-user","Elapsed":0}
2026-10-09T03:22:02.1253250Z {"Time":"2026-10-09T03:22:02.12073938Z","Action":"run","Package":"tabmail/internal/app/templates","Test":"TestR5PreviewBoundaryRejectsInvalidInitialSources/wrong-user"}
2026-10-09T03:22:02.1255560Z {"Time":"2026-10-09T03:22:02.120746691Z","Action":"output","Package":"tabmail/internal/app/templates","Test":"TestR5PreviewBoundaryRejectsInvalidInitialSources/wrong-user","Output":"=== RUN   TestR5PreviewBoundaryRejectsInvalidInitialSources/wrong-user\n"}
2026-10-09T03:22:02.1258263Z {"Time":"2026-10-09T03:22:02.120837727Z","Action":"output","Package":"tabmail/internal/app/templates","Test":"TestR5PreviewBoundaryRejectsInvalidInitialSources/wrong-user","Output":"--- PASS: TestR5PreviewBoundaryRejectsInvalidInitialSources/wrong-user (0.00s)\n"}
2026-10-09T03:22:02.1260587Z {"Time":"2026-10-09T03:22:02.120844897Z","Action":"pass","Package":"tabmail/internal/app/templates","Test":"TestR5PreviewBoundaryRejectsInvalidInitialSources/wrong-user","Elapsed":0}
2026-10-09T03:22:02.1262385Z {"Time":"2026-10-09T03:22:02.120875833Z","Action":"run","Package":"tabmail/internal/app/templates","Test":"TestR5PreviewBoundaryRejectsInvalidInitialSources/foreign-user"}
2026-10-09T03:22:02.1264675Z {"Time":"2026-10-09T03:22:02.120891296Z","Action":"output","Package":"tabmail/internal/app/templates","Test":"TestR5PreviewBoundaryRejectsInvalidInitialSources/foreign-user","Output":"=== RUN   TestR5PreviewBoundaryRejectsInvalidInitialSources/foreign-user\n"}
2026-10-09T03:22:02.1267615Z {"Time":"2026-10-09T03:22:02.120986318Z","Action":"output","Package":"tabmail/internal/app/templates","Test":"TestR5PreviewBoundaryRejectsInvalidInitialSources/foreign-user","Output":"--- PASS: TestR5PreviewBoundaryRejectsInvalidInitialSources/foreign-user (0.00s)\n"}
2026-10-09T03:22:02.1269876Z {"Time":"2026-10-09T03:22:02.120996343Z","Action":"pass","Package":"tabmail/internal/app/templates","Test":"TestR5PreviewBoundaryRejectsInvalidInitialSources/foreign-user","Elapsed":0}
2026-10-09T03:22:02.1271555Z {"Time":"2026-10-09T03:22:02.121018195Z","Action":"run","Package":"tabmail/internal/app/templates","Test":"TestR5PreviewBoundaryRejectsInvalidInitialSources/inactive-user"}
2026-10-09T03:22:02.1272938Z {"Time":"2026-10-09T03:22:02.121023513Z","Action":"output","Package":"tabmail/internal/app/templates","Test":"TestR5PreviewBoundaryRejectsInvalidInitialSources/inactive-user","Output":"=== RUN   TestR5PreviewBoundaryRejectsInvalidInitialSources/inactive-user\n"}
2026-10-09T03:22:02.1275215Z {"Time":"2026-10-09T03:22:02.121130052Z","Action":"output","Package":"tabmail/internal/app/templates","Test":"TestR5PreviewBoundaryRejectsInvalidInitialSources/inactive-user","Output":"--- PASS: TestR5PreviewBoundaryRejectsInvalidInitialSources/inactive-user (0.00s)\n"}
2026-10-09T03:22:02.1277668Z {"Time":"2026-10-09T03:22:02.121139616Z","Action":"pass","Package":"tabmail/internal/app/templates","Test":"TestR5PreviewBoundaryRejectsInvalidInitialSources/inactive-user","Elapsed":0}
2026-10-09T03:22:02.1279534Z {"Time":"2026-10-09T03:22:02.121173196Z","Action":"run","Package":"tabmail/internal/app/templates","Test":"TestR5PreviewBoundaryRejectsInvalidInitialSources/nil-company"}
2026-10-09T03:22:02.1281270Z {"Time":"2026-10-09T03:22:02.121178484Z","Action":"output","Package":"tabmail/internal/app/templates","Test":"TestR5PreviewBoundaryRejectsInvalidInitialSources/nil-company","Output":"=== RUN   TestR5PreviewBoundaryRejectsInvalidInitialSources/nil-company\n"}
2026-10-09T03:22:02.1283065Z {"Time":"2026-10-09T03:22:02.121291793Z","Action":"output","Package":"tabmail/internal/app/templates","Test":"TestR5PreviewBoundaryRejectsInvalidInitialSources/nil-company","Output":"--- PASS: TestR5PreviewBoundaryRejectsInvalidInitialSources/nil-company (0.00s)\n"}
2026-10-09T03:22:02.1284337Z {"Time":"2026-10-09T03:22:02.121309439Z","Action":"pass","Package":"tabmail/internal/app/templates","Test":"TestR5PreviewBoundaryRejectsInvalidInitialSources/nil-company","Elapsed":0}
2026-10-09T03:22:02.1286089Z {"Time":"2026-10-09T03:22:02.121337631Z","Action":"run","Package":"tabmail/internal/app/templates","Test":"TestR5PreviewBoundaryRejectsInvalidInitialSources/foreign-company"}
2026-10-09T03:22:02.1287819Z {"Time":"2026-10-09T03:22:02.121342508Z","Action":"output","Package":"tabmail/internal/app/templates","Test":"TestR5PreviewBoundaryRejectsInvalidInitialSources/foreign-company","Output":"=== RUN   TestR5PreviewBoundaryRejectsInvalidInitialSources/foreign-company\n"}
2026-10-09T03:22:02.1290151Z {"Time":"2026-10-09T03:22:02.121434816Z","Action":"output","Package":"tabmail/internal/app/templates","Test":"TestR5PreviewBoundaryRejectsInvalidInitialSources/foreign-company","Output":"--- PASS: TestR5PreviewBoundaryRejectsInvalidInitialSources/foreign-company (0.00s)\n"}
2026-10-09T03:22:02.1292111Z {"Time":"2026-10-09T03:22:02.12145746Z","Action":"pass","Package":"tabmail/internal/app/templates","Test":"TestR5PreviewBoundaryRejectsInvalidInitialSources/foreign-company","Elapsed":0}
2026-10-09T03:22:02.1293558Z {"Time":"2026-10-09T03:22:02.121482677Z","Action":"run","Package":"tabmail/internal/app/templates","Test":"TestR5PreviewBoundaryRejectsInvalidInitialSources/nil-version"}
2026-10-09T03:22:02.1295342Z {"Time":"2026-10-09T03:22:02.121489768Z","Action":"output","Package":"tabmail/internal/app/templates","Test":"TestR5PreviewBoundaryRejectsInvalidInitialSources/nil-version","Output":"=== RUN   TestR5PreviewBoundaryRejectsInvalidInitialSources/nil-version\n"}
2026-10-09T03:22:02.1296726Z {"Time":"2026-10-09T03:22:02.121589516Z","Action":"output","Package":"tabmail/internal/app/templates","Test":"TestR5PreviewBoundaryRejectsInvalidInitialSources/nil-version","Output":"--- PASS: TestR5PreviewBoundaryRejectsInvalidInitialSources/nil-version (0.00s)\n"}
2026-10-09T03:22:02.1297983Z {"Time":"2026-10-09T03:22:02.12159872Z","Action":"pass","Package":"tabmail/internal/app/templates","Test":"TestR5PreviewBoundaryRejectsInvalidInitialSources/nil-version","Elapsed":0}
2026-10-09T03:22:02.1299443Z {"Time":"2026-10-09T03:22:02.121635705Z","Action":"run","Package":"tabmail/internal/app/templates","Test":"TestR5PreviewBoundaryRejectsInvalidInitialSources/wrong-version"}
2026-10-09T03:22:02.1300554Z {"Time":"2026-10-09T03:22:02.121641784Z","Action":"output","Package":"tabmail/internal/app/templates","Test":"TestR5PreviewBoundaryRejectsInvalidInitialSources/wrong-version","Output":"=== RUN   TestR5PreviewBoundaryRejectsInvalidInitialSources/wrong-version\n"}
2026-10-09T03:22:02.1301950Z {"Time":"2026-10-09T03:22:02.121755083Z","Action":"output","Package":"tabmail/internal/app/templates","Test":"TestR5PreviewBoundaryRejectsInvalidInitialSources/wrong-version","Output":"--- PASS: TestR5PreviewBoundaryRejectsInvalidInitialSources/wrong-version (0.00s)\n"}
2026-10-09T03:22:02.1303106Z {"Time":"2026-10-09T03:22:02.121764758Z","Action":"pass","Package":"tabmail/internal/app/templates","Test":"TestR5PreviewBoundaryRejectsInvalidInitialSources/wrong-version","Elapsed":0}
2026-10-09T03:22:02.1304689Z {"Time":"2026-10-09T03:22:02.121780772Z","Action":"run","Package":"tabmail/internal/app/templates","Test":"TestR5PreviewBoundaryRejectsInvalidInitialSources/revoked-version"}
2026-10-09T03:22:02.1305994Z {"Time":"2026-10-09T03:22:02.121783826Z","Action":"output","Package":"tabmail/internal/app/templates","Test":"TestR5PreviewBoundaryRejectsInvalidInitialSources/revoked-version","Output":"=== RUN   TestR5PreviewBoundaryRejectsInvalidInitialSources/revoked-version\n"}
2026-10-09T03:22:02.1307700Z {"Time":"2026-10-09T03:22:02.12188043Z","Action":"output","Package":"tabmail/internal/app/templates","Test":"TestR5PreviewBoundaryRejectsInvalidInitialSources/revoked-version","Output":"--- PASS: TestR5PreviewBoundaryRejectsInvalidInitialSources/revoked-version (0.00s)\n"}
2026-10-09T03:22:02.1308863Z {"Time":"2026-10-09T03:22:02.12188733Z","Action":"pass","Package":"tabmail/internal/app/templates","Test":"TestR5PreviewBoundaryRejectsInvalidInitialSources/revoked-version","Elapsed":0}
2026-10-09T03:22:02.1310152Z {"Time":"2026-10-09T03:22:02.121910204Z","Action":"run","Package":"tabmail/internal/app/templates","Test":"TestR5PreviewBoundaryRejectsInvalidInitialSources/corrupt-snapshot"}
2026-10-09T03:22:02.1311622Z {"Time":"2026-10-09T03:22:02.121915933Z","Action":"output","Package":"tabmail/internal/app/templates","Test":"TestR5PreviewBoundaryRejectsInvalidInitialSources/corrupt-snapshot","Output":"=== RUN   TestR5PreviewBoundaryRejectsInvalidInitialSources/corrupt-snapshot\n"}
2026-10-09T03:22:02.1313042Z {"Time":"2026-10-09T03:22:02.12204174Z","Action":"output","Package":"tabmail/internal/app/templates","Test":"TestR5PreviewBoundaryRejectsInvalidInitialSources/corrupt-snapshot","Output":"--- PASS: TestR5PreviewBoundaryRejectsInvalidInitialSources/corrupt-snapshot (0.00s)\n"}
2026-10-09T03:22:02.1314224Z {"Time":"2026-10-09T03:22:02.122049071Z","Action":"pass","Package":"tabmail/internal/app/templates","Test":"TestR5PreviewBoundaryRejectsInvalidInitialSources/corrupt-snapshot","Elapsed":0}
2026-10-09T03:22:02.1315518Z {"Time":"2026-10-09T03:22:02.122095691Z","Action":"output","Package":"tabmail/internal/app/templates","Test":"TestR5PreviewBoundaryRejectsInvalidInitialSources","Output":"--- PASS: TestR5PreviewBoundaryRejectsInvalidInitialSources (0.00s)\n"}
2026-10-09T03:22:02.1317205Z {"Time":"2026-10-09T03:22:02.122104734Z","Action":"pass","Package":"tabmail/internal/app/templates","Test":"TestR5PreviewBoundaryRejectsInvalidInitialSources","Elapsed":0}
2026-10-09T03:22:02.1318285Z {"Time":"2026-10-09T03:22:02.122133527Z","Action":"run","Package":"tabmail/internal/app/templates","Test":"TestR5PreviewBoundaryManagementRechecksBeforeRelease"}
2026-10-09T03:22:02.1319338Z {"Time":"2026-10-09T03:22:02.122142591Z","Action":"output","Package":"tabmail/internal/app/templates","Test":"TestR5PreviewBoundaryManagementRechecksBeforeRelease","Output":"=== RUN   TestR5PreviewBoundaryManagementRechecksBeforeRelease\n"}
2026-10-09T03:22:02.1320414Z {"Time":"2026-10-09T03:22:02.122152195Z","Action":"run","Package":"tabmail/internal/app/templates","Test":"TestR5PreviewBoundaryManagementRechecksBeforeRelease/management-revoked"}
2026-10-09T03:22:02.1321594Z {"Time":"2026-10-09T03:22:02.122154969Z","Action":"output","Package":"tabmail/internal/app/templates","Test":"TestR5PreviewBoundaryManagementRechecksBeforeRelease/management-revoked","Output":"=== RUN   TestR5PreviewBoundaryManagementRechecksBeforeRelease/management-revoked\n"}
2026-10-09T03:22:02.1324100Z {"Time":"2026-10-09T03:22:02.122966898Z","Action":"output","Package":"tabmail/internal/app/templates","Test":"TestR5PreviewBoundaryManagementRechecksBeforeRelease/management-revoked","Output":"--- PASS: TestR5PreviewBoundaryManagementRechecksBeforeRelease/management-revoked (0.00s)\n"}
2026-10-09T03:22:02.1326196Z {"Time":"2026-10-09T03:22:02.122977144Z","Action":"pass","Package":"tabmail/internal/app/templates","Test":"TestR5PreviewBoundaryManagementRechecksBeforeRelease/management-revoked","Elapsed":0}
2026-10-09T03:22:02.1327196Z {"Time":"2026-10-09T03:22:02.123005296Z","Action":"run","Package":"tabmail/internal/app/templates","Test":"TestR5PreviewBoundaryManagementRechecksBeforeRelease/mailbox-address"}
2026-10-09T03:22:02.1328374Z {"Time":"2026-10-09T03:22:02.12301486Z","Action":"output","Package":"tabmail/internal/app/templates","Test":"TestR5PreviewBoundaryManagementRechecksBeforeRelease/mailbox-address","Output":"=== RUN   TestR5PreviewBoundaryManagementRechecksBeforeRelease/mailbox-address\n"}
2026-10-09T03:22:02.1330063Z {"Time":"2026-10-09T03:22:02.123644107Z","Action":"output","Package":"tabmail/internal/app/templates","Test":"TestR5PreviewBoundaryManagementRechecksBeforeRelease/mailbox-address","Output":"--- PASS: TestR5PreviewBoundaryManagementRechecksBeforeRelease/mailbox-address (0.00s)\n"}
2026-10-09T03:22:02.1331297Z {"Time":"2026-10-09T03:22:02.123654212Z","Action":"pass","Package":"tabmail/internal/app/templates","Test":"TestR5PreviewBoundaryManagementRechecksBeforeRelease/mailbox-address","Elapsed":0}
2026-10-09T03:22:02.1332233Z {"Time":"2026-10-09T03:22:02.123678138Z","Action":"run","Package":"tabmail/internal/app/templates","Test":"TestR5PreviewBoundaryManagementRechecksBeforeRelease/employee-frozen"}
2026-10-09T03:22:02.1333390Z {"Time":"2026-10-09T03:22:02.123683806Z","Action":"output","Package":"tabmail/internal/app/templates","Test":"TestR5PreviewBoundaryManagementRechecksBeforeRelease/employee-frozen","Output":"=== RUN   TestR5PreviewBoundaryManagementRechecksBeforeRelease/employee-frozen\n"}
2026-10-09T03:22:02.1335052Z {"Time":"2026-10-09T03:22:02.124376268Z","Action":"output","Package":"tabmail/internal/app/templates","Test":"TestR5PreviewBoundaryManagementRechecksBeforeRelease/employee-frozen","Output":"--- PASS: TestR5PreviewBoundaryManagementRechecksBeforeRelease/employee-frozen (0.00s)\n"}
2026-10-09T03:22:02.1336895Z {"Time":"2026-10-09T03:22:02.124384991Z","Action":"pass","Package":"tabmail/internal/app/templates","Test":"TestR5PreviewBoundaryManagementRechecksBeforeRelease/employee-frozen","Elapsed":0}
2026-10-09T03:22:02.1337858Z {"Time":"2026-10-09T03:22:02.124408175Z","Action":"run","Package":"tabmail/internal/app/templates","Test":"TestR5PreviewBoundaryManagementRechecksBeforeRelease/employee-name"}
2026-10-09T03:22:02.1339016Z {"Time":"2026-10-09T03:22:02.124415256Z","Action":"output","Package":"tabmail/internal/app/templates","Test":"TestR5PreviewBoundaryManagementRechecksBeforeRelease/employee-name","Output":"=== RUN   TestR5PreviewBoundaryManagementRechecksBeforeRelease/employee-name\n"}
2026-10-09T03:22:02.1341085Z {"Time":"2026-10-09T03:22:02.125079015Z","Action":"output","Package":"tabmail/internal/app/templates","Test":"TestR5PreviewBoundaryManagementRechecksBeforeRelease/employee-name","Output":"--- PASS: TestR5PreviewBoundaryManagementRechecksBeforeRelease/employee-name (0.00s)\n"}
2026-10-09T03:22:02.1342267Z {"Time":"2026-10-09T03:22:02.125096891Z","Action":"pass","Package":"tabmail/internal/app/templates","Test":"TestR5PreviewBoundaryManagementRechecksBeforeRelease/employee-name","Elapsed":0}
2026-10-09T03:22:02.1343177Z {"Time":"2026-10-09T03:22:02.125161738Z","Action":"run","Package":"tabmail/internal/app/templates","Test":"TestR5PreviewBoundaryManagementRechecksBeforeRelease/company-name"}
2026-10-09T03:22:02.1344296Z {"Time":"2026-10-09T03:22:02.125167467Z","Action":"output","Package":"tabmail/internal/app/templates","Test":"TestR5PreviewBoundaryManagementRechecksBeforeRelease/company-name","Output":"=== RUN   TestR5PreviewBoundaryManagementRechecksBeforeRelease/company-name\n"}
2026-10-09T03:22:02.1346788Z {"Time":"2026-10-09T03:22:02.1258546Z","Action":"output","Package":"tabmail/internal/app/templates","Test":"TestR5PreviewBoundaryManagementRechecksBeforeRelease/company-name","Output":"--- PASS: TestR5PreviewBoundaryManagementRechecksBeforeRelease/company-name (0.00s)\n"}
2026-10-09T03:22:02.1348749Z {"Time":"2026-10-09T03:22:02.125863523Z","Action":"pass","Package":"tabmail/internal/app/templates","Test":"TestR5PreviewBoundaryManagementRechecksBeforeRelease/company-name","Elapsed":0}
2026-10-09T03:22:02.1349679Z {"Time":"2026-10-09T03:22:02.125889713Z","Action":"run","Package":"tabmail/internal/app/templates","Test":"TestR5PreviewBoundaryManagementRechecksBeforeRelease/company-removed"}
2026-10-09T03:22:02.1350848Z {"Time":"2026-10-09T03:22:02.125897043Z","Action":"output","Package":"tabmail/internal/app/templates","Test":"TestR5PreviewBoundaryManagementRechecksBeforeRelease/company-removed","Output":"=== RUN   TestR5PreviewBoundaryManagementRechecksBeforeRelease/company-removed\n"}
2026-10-09T03:22:02.1352528Z {"Time":"2026-10-09T03:22:02.126558539Z","Action":"output","Package":"tabmail/internal/app/templates","Test":"TestR5PreviewBoundaryManagementRechecksBeforeRelease/company-removed","Output":"--- PASS: TestR5PreviewBoundaryManagementRechecksBeforeRelease/company-removed (0.00s)\n"}
2026-10-09T03:22:02.1353745Z {"Time":"2026-10-09T03:22:02.126568684Z","Action":"pass","Package":"tabmail/internal/app/templates","Test":"TestR5PreviewBoundaryManagementRechecksBeforeRelease/company-removed","Elapsed":0}
2026-10-09T03:22:02.1354841Z {"Time":"2026-10-09T03:22:02.126587121Z","Action":"run","Package":"tabmail/internal/app/templates","Test":"TestR5PreviewBoundaryManagementRechecksBeforeRelease/repository-error"}
2026-10-09T03:22:02.1356527Z {"Time":"2026-10-09T03:22:02.126594723Z","Action":"output","Package":"tabmail/internal/app/templates","Test":"TestR5PreviewBoundaryManagementRechecksBeforeRelease/repository-error","Output":"=== RUN   TestR5PreviewBoundaryManagementRechecksBeforeRelease/repository-error\n"}
2026-10-09T03:22:02.1359167Z {"Time":"2026-10-09T03:22:02.1277879Z","Action":"output","Package":"tabmail/internal/app/templates","Test":"TestR5PreviewBoundaryManagementRechecksBeforeRelease/repository-error","Output":"--- PASS: TestR5PreviewBoundaryManagementRechecksBeforeRelease/repository-error (0.00s)\n"}
2026-10-09T03:22:02.1360916Z {"Time":"2026-10-09T03:22:02.127799727Z","Action":"pass","Package":"tabmail/internal/app/templates","Test":"TestR5PreviewBoundaryManagementRechecksBeforeRelease/repository-error","Elapsed":0}
2026-10-09T03:22:02.1362075Z {"Time":"2026-10-09T03:22:02.127844855Z","Action":"output","Package":"tabmail/internal/app/templates","Test":"TestR5PreviewBoundaryManagementRechecksBeforeRelease","Output":"--- PASS: TestR5PreviewBoundaryManagementRechecksBeforeRelease (0.01s)\n"}
2026-10-09T03:22:02.1363168Z {"Time":"2026-10-09T03:22:02.127859747Z","Action":"pass","Package":"tabmail/internal/app/templates","Test":"TestR5PreviewBoundaryManagementRechecksBeforeRelease","Elapsed":0.01}
2026-10-09T03:22:02.1364032Z {"Time":"2026-10-09T03:22:02.12787534Z","Action":"run","Package":"tabmail/internal/app/templates","Test":"TestR5PreviewBoundaryPublishedRechecksBeforeRelease"}
2026-10-09T03:22:02.1365266Z {"Time":"2026-10-09T03:22:02.127899216Z","Action":"output","Package":"tabmail/internal/app/templates","Test":"TestR5PreviewBoundaryPublishedRechecksBeforeRelease","Output":"=== RUN   TestR5PreviewBoundaryPublishedRechecksBeforeRelease\n"}
2026-10-09T03:22:02.1366912Z {"Time":"2026-10-09T03:22:02.127905946Z","Action":"run","Package":"tabmail/internal/app/templates","Test":"TestR5PreviewBoundaryPublishedRechecksBeforeRelease/send-revoked"}
2026-10-09T03:22:02.1368259Z {"Time":"2026-10-09T03:22:02.127910893Z","Action":"output","Package":"tabmail/internal/app/templates","Test":"TestR5PreviewBoundaryPublishedRechecksBeforeRelease/send-revoked","Output":"=== RUN   TestR5PreviewBoundaryPublishedRechecksBeforeRelease/send-revoked\n"}
2026-10-09T03:22:02.1369662Z {"Time":"2026-10-09T03:22:02.128560871Z","Action":"output","Package":"tabmail/internal/app/templates","Test":"TestR5PreviewBoundaryPublishedRechecksBeforeRelease/send-revoked","Output":"--- PASS: TestR5PreviewBoundaryPublishedRechecksBeforeRelease/send-revoked (0.00s)\n"}
2026-10-09T03:22:02.1370829Z {"Time":"2026-10-09T03:22:02.128571998Z","Action":"pass","Package":"tabmail/internal/app/templates","Test":"TestR5PreviewBoundaryPublishedRechecksBeforeRelease/send-revoked","Elapsed":0}
2026-10-09T03:22:02.1371736Z {"Time":"2026-10-09T03:22:02.128609684Z","Action":"run","Package":"tabmail/internal/app/templates","Test":"TestR5PreviewBoundaryPublishedRechecksBeforeRelease/mailbox-address"}
2026-10-09T03:22:02.1373280Z {"Time":"2026-10-09T03:22:02.128629253Z","Action":"output","Package":"tabmail/internal/app/templates","Test":"TestR5PreviewBoundaryPublishedRechecksBeforeRelease/mailbox-address","Output":"=== RUN   TestR5PreviewBoundaryPublishedRechecksBeforeRelease/mailbox-address\n"}
2026-10-09T03:22:02.1375081Z {"Time":"2026-10-09T03:22:02.129182297Z","Action":"output","Package":"tabmail/internal/app/templates","Test":"TestR5PreviewBoundaryPublishedRechecksBeforeRelease/mailbox-address","Output":"--- PASS: TestR5PreviewBoundaryPublishedRechecksBeforeRelease/mailbox-address (0.00s)\n"}
2026-10-09T03:22:02.1376394Z {"Time":"2026-10-09T03:22:02.129192933Z","Action":"pass","Package":"tabmail/internal/app/templates","Test":"TestR5PreviewBoundaryPublishedRechecksBeforeRelease/mailbox-address","Elapsed":0}
2026-10-09T03:22:02.1377358Z {"Time":"2026-10-09T03:22:02.129234264Z","Action":"run","Package":"tabmail/internal/app/templates","Test":"TestR5PreviewBoundaryPublishedRechecksBeforeRelease/grant-revoked"}
2026-10-09T03:22:02.1378936Z {"Time":"2026-10-09T03:22:02.129247374Z","Action":"output","Package":"tabmail/internal/app/templates","Test":"TestR5PreviewBoundaryPublishedRechecksBeforeRelease/grant-revoked","Output":"=== RUN   TestR5PreviewBoundaryPublishedRechecksBeforeRelease/grant-revoked\n"}
2026-10-09T03:22:02.1380349Z {"Time":"2026-10-09T03:22:02.12978155Z","Action":"output","Package":"tabmail/internal/app/templates","Test":"TestR5PreviewBoundaryPublishedRechecksBeforeRelease/grant-revoked","Output":"--- PASS: TestR5PreviewBoundaryPublishedRechecksBeforeRelease/grant-revoked (0.00s)\n"}
2026-10-09T03:22:02.1381523Z {"Time":"2026-10-09T03:22:02.129790994Z","Action":"pass","Package":"tabmail/internal/app/templates","Test":"TestR5PreviewBoundaryPublishedRechecksBeforeRelease/grant-revoked","Elapsed":0}
2026-10-09T03:22:02.1382527Z {"Time":"2026-10-09T03:22:02.129811164Z","Action":"run","Package":"tabmail/internal/app/templates","Test":"TestR5PreviewBoundaryPublishedRechecksBeforeRelease/version-revoked"}
2026-10-09T03:22:02.1384575Z {"Time":"2026-10-09T03:22:02.129814549Z","Action":"output","Package":"tabmail/internal/app/templates","Test":"TestR5PreviewBoundaryPublishedRechecksBeforeRelease/version-revoked","Output":"=== RUN   TestR5PreviewBoundaryPublishedRechecksBeforeRelease/version-revoked\n"}
2026-10-09T03:22:02.1387188Z {"Time":"2026-10-09T03:22:02.130337628Z","Action":"output","Package":"tabmail/internal/app/templates","Test":"TestR5PreviewBoundaryPublishedRechecksBeforeRelease/version-revoked","Output":"--- PASS: TestR5PreviewBoundaryPublishedRechecksBeforeRelease/version-revoked (0.00s)\n"}
2026-10-09T03:22:02.1389320Z {"Time":"2026-10-09T03:22:02.130346772Z","Action":"pass","Package":"tabmail/internal/app/templates","Test":"TestR5PreviewBoundaryPublishedRechecksBeforeRelease/version-revoked","Elapsed":0}
2026-10-09T03:22:02.1390835Z {"Time":"2026-10-09T03:22:02.130366261Z","Action":"run","Package":"tabmail/internal/app/templates","Test":"TestR5PreviewBoundaryPublishedRechecksBeforeRelease/snapshot-replaced"}
2026-10-09T03:22:02.1392061Z {"Time":"2026-10-09T03:22:02.130371899Z","Action":"output","Package":"tabmail/internal/app/templates","Test":"TestR5PreviewBoundaryPublishedRechecksBeforeRelease/snapshot-replaced","Output":"=== RUN   TestR5PreviewBoundaryPublishedRechecksBeforeRelease/snapshot-replaced\n"}
2026-10-09T03:22:02.1393530Z {"Time":"2026-10-09T03:22:02.130937381Z","Action":"output","Package":"tabmail/internal/app/templates","Test":"TestR5PreviewBoundaryPublishedRechecksBeforeRelease/snapshot-replaced","Output":"--- PASS: TestR5PreviewBoundaryPublishedRechecksBeforeRelease/snapshot-replaced (0.00s)\n"}
2026-10-09T03:22:02.1395126Z {"Time":"2026-10-09T03:22:02.130946916Z","Action":"pass","Package":"tabmail/internal/app/templates","Test":"TestR5PreviewBoundaryPublishedRechecksBeforeRelease/snapshot-replaced","Elapsed":0}
2026-10-09T03:22:02.1396442Z {"Time":"2026-10-09T03:22:02.130974016Z","Action":"run","Package":"tabmail/internal/app/templates","Test":"TestR5PreviewBoundaryPublishedRechecksBeforeRelease/employee-name"}
2026-10-09T03:22:02.1397578Z {"Time":"2026-10-09T03:22:02.130982799Z","Action":"output","Package":"tabmail/internal/app/templates","Test":"TestR5PreviewBoundaryPublishedRechecksBeforeRelease/employee-name","Output":"=== RUN   TestR5PreviewBoundaryPublishedRechecksBeforeRelease/employee-name\n"}
2026-10-09T03:22:02.1399209Z {"Time":"2026-10-09T03:22:02.131564005Z","Action":"output","Package":"tabmail/internal/app/templates","Test":"TestR5PreviewBoundaryPublishedRechecksBeforeRelease/employee-name","Output":"--- PASS: TestR5PreviewBoundaryPublishedRechecksBeforeRelease/employee-name (0.00s)\n"}
2026-10-09T03:22:02.1400982Z {"Time":"2026-10-09T03:22:02.131613519Z","Action":"pass","Package":"tabmail/internal/app/templates","Test":"TestR5PreviewBoundaryPublishedRechecksBeforeRelease/employee-name","Elapsed":0}
2026-10-09T03:22:02.1402025Z {"Time":"2026-10-09T03:22:02.131660189Z","Action":"run","Package":"tabmail/internal/app/templates","Test":"TestR5PreviewBoundaryPublishedRechecksBeforeRelease/company-name"}
2026-10-09T03:22:02.1403160Z {"Time":"2026-10-09T03:22:02.131667159Z","Action":"output","Package":"tabmail/internal/app/templates","Test":"TestR5PreviewBoundaryPublishedRechecksBeforeRelease/company-name","Output":"=== RUN   TestR5PreviewBoundaryPublishedRechecksBeforeRelease/company-name\n"}
2026-10-09T03:22:02.1404750Z {"Time":"2026-10-09T03:22:02.132179271Z","Action":"output","Package":"tabmail/internal/app/templates","Test":"TestR5PreviewBoundaryPublishedRechecksBeforeRelease/company-name","Output":"--- PASS: TestR5PreviewBoundaryPublishedRechecksBeforeRelease/company-name (0.00s)\n"}
2026-10-09T03:22:02.1406606Z {"Time":"2026-10-09T03:22:02.132191229Z","Action":"pass","Package":"tabmail/internal/app/templates","Test":"TestR5PreviewBoundaryPublishedRechecksBeforeRelease/company-name","Elapsed":0}
2026-10-09T03:22:02.1407729Z {"Time":"2026-10-09T03:22:02.132233903Z","Action":"output","Package":"tabmail/internal/app/templates","Test":"TestR5PreviewBoundaryPublishedRechecksBeforeRelease","Output":"--- PASS: TestR5PreviewBoundaryPublishedRechecksBeforeRelease (0.00s)\n"}
2026-10-09T03:22:02.1408800Z {"Time":"2026-10-09T03:22:02.132242566Z","Action":"pass","Package":"tabmail/internal/app/templates","Test":"TestR5PreviewBoundaryPublishedRechecksBeforeRelease","Elapsed":0}
2026-10-09T03:22:02.1409631Z {"Time":"2026-10-09T03:22:02.132268534Z","Action":"run","Package":"tabmail/internal/app/templates","Test":"TestR5PreviewBoundaryCancellationStopsAtEachPort"}
2026-10-09T03:22:02.1411062Z {"Time":"2026-10-09T03:22:02.132288474Z","Action":"output","Package":"tabmail/internal/app/templates","Test":"TestR5PreviewBoundaryCancellationStopsAtEachPort","Output":"=== RUN   TestR5PreviewBoundaryCancellationStopsAtEachPort\n"}
2026-10-09T03:22:02.1412131Z {"Time":"2026-10-09T03:22:02.132481321Z","Action":"run","Package":"tabmail/internal/app/templates","Test":"TestR5PreviewBoundaryCancellationStopsAtEachPort/management/before-call"}
2026-10-09T03:22:02.1413313Z {"Time":"2026-10-09T03:22:02.132489453Z","Action":"output","Package":"tabmail/internal/app/templates","Test":"TestR5PreviewBoundaryCancellationStopsAtEachPort/management/before-call","Output":"=== RUN   TestR5PreviewBoundaryCancellationStopsAtEachPort/management/before-call\n"}
2026-10-09T03:22:02.1414864Z {"Time":"2026-10-09T03:22:02.132495042Z","Action":"output","Package":"tabmail/internal/app/templates","Test":"TestR5PreviewBoundaryCancellationStopsAtEachPort/management/before-call","Output":"--- PASS: TestR5PreviewBoundaryCancellationStopsAtEachPort/management/before-call (0.00s)\n"}
2026-10-09T03:22:02.1416601Z {"Time":"2026-10-09T03:22:02.132499018Z","Action":"pass","Package":"tabmail/internal/app/templates","Test":"TestR5PreviewBoundaryCancellationStopsAtEachPort/management/before-call","Elapsed":0}
2026-10-09T03:22:02.1417563Z {"Time":"2026-10-09T03:22:02.132503675Z","Action":"run","Package":"tabmail/internal/app/templates","Test":"TestR5PreviewBoundaryCancellationStopsAtEachPort/management/mailbox-initial"}
2026-10-09T03:22:02.1418767Z {"Time":"2026-10-09T03:22:02.132509774Z","Action":"output","Package":"tabmail/internal/app/templates","Test":"TestR5PreviewBoundaryCancellationStopsAtEachPort/management/mailbox-initial","Output":"=== RUN   TestR5PreviewBoundaryCancellationStopsAtEachPort/management/mailbox-initial\n"}
2026-10-09T03:22:02.1420941Z {"Time":"2026-10-09T03:22:02.133467621Z","Action":"output","Package":"tabmail/internal/app/templates","Test":"TestR5PreviewBoundaryCancellationStopsAtEachPort/management/mailbox-initial","Output":"--- PASS: TestR5PreviewBoundaryCancellationStopsAtEachPort/management/mailbox-initial (0.00s)\n"}
2026-10-09T03:22:02.1422533Z {"Time":"2026-10-09T03:22:02.133478227Z","Action":"pass","Package":"tabmail/internal/app/templates","Test":"TestR5PreviewBoundaryCancellationStopsAtEachPort/management/mailbox-initial","Elapsed":0}
2026-10-09T03:22:02.1423486Z {"Time":"2026-10-09T03:22:02.133482663Z","Action":"run","Package":"tabmail/internal/app/templates","Test":"TestR5PreviewBoundaryCancellationStopsAtEachPort/management/user-initial"}
2026-10-09T03:22:02.1424763Z {"Time":"2026-10-09T03:22:02.133485377Z","Action":"output","Package":"tabmail/internal/app/templates","Test":"TestR5PreviewBoundaryCancellationStopsAtEachPort/management/user-initial","Output":"=== RUN   TestR5PreviewBoundaryCancellationStopsAtEachPort/management/user-initial\n"}
2026-10-09T03:22:02.1426858Z {"Time":"2026-10-09T03:22:02.133488682Z","Action":"output","Package":"tabmail/internal/app/templates","Test":"TestR5PreviewBoundaryCancellationStopsAtEachPort/management/user-initial","Output":"--- PASS: TestR5PreviewBoundaryCancellationStopsAtEachPort/management/user-initial (0.00s)\n"}
2026-10-09T03:22:02.1428159Z {"Time":"2026-10-09T03:22:02.133495503Z","Action":"pass","Package":"tabmail/internal/app/templates","Test":"TestR5PreviewBoundaryCancellationStopsAtEachPort/management/user-initial","Elapsed":0}
2026-10-09T03:22:02.1429787Z {"Time":"2026-10-09T03:22:02.133498827Z","Action":"run","Package":"tabmail/internal/app/templates","Test":"TestR5PreviewBoundaryCancellationStopsAtEachPort/management/settings-initial"}
2026-10-09T03:22:02.1431678Z {"Time":"2026-10-09T03:22:02.133501762Z","Action":"output","Package":"tabmail/internal/app/templates","Test":"TestR5PreviewBoundaryCancellationStopsAtEachPort/management/settings-initial","Output":"=== RUN   TestR5PreviewBoundaryCancellationStopsAtEachPort/management/settings-initial\n"}
2026-10-09T03:22:02.1434367Z {"Time":"2026-10-09T03:22:02.133506198Z","Action":"output","Package":"tabmail/internal/app/templates","Test":"TestR5PreviewBoundaryCancellationStopsAtEachPort/management/settings-initial","Output":"--- PASS: TestR5PreviewBoundaryCancellationStopsAtEachPort/management/settings-initial (0.00s)\n"}
2026-10-09T03:22:02.1436849Z {"Time":"2026-10-09T03:22:02.133519238Z","Action":"pass","Package":"tabmail/internal/app/templates","Test":"TestR5PreviewBoundaryCancellationStopsAtEachPort/management/settings-initial","Elapsed":0}
2026-10-09T03:22:02.1438545Z {"Time":"2026-10-09T03:22:02.133522423Z","Action":"run","Package":"tabmail/internal/app/templates","Test":"TestR5PreviewBoundaryCancellationStopsAtEachPort/management/mailbox-recheck"}
2026-10-09T03:22:02.1440672Z {"Time":"2026-10-09T03:22:02.133525177Z","Action":"output","Package":"tabmail/internal/app/templates","Test":"TestR5PreviewBoundaryCancellationStopsAtEachPort/management/mailbox-recheck","Output":"=== RUN   TestR5PreviewBoundaryCancellationStopsAtEachPort/management/mailbox-recheck\n"}
2026-10-09T03:22:02.1442256Z {"Time":"2026-10-09T03:22:02.133530505Z","Action":"output","Package":"tabmail/internal/app/templates","Test":"TestR5PreviewBoundaryCancellationStopsAtEachPort/management/mailbox-recheck","Output":"--- PASS: TestR5PreviewBoundaryCancellationStopsAtEachPort/management/mailbox-recheck (0.00s)\n"}
2026-10-09T03:22:02.1443572Z {"Time":"2026-10-09T03:22:02.133536213Z","Action":"pass","Package":"tabmail/internal/app/templates","Test":"TestR5PreviewBoundaryCancellationStopsAtEachPort/management/mailbox-recheck","Elapsed":0}
2026-10-09T03:22:02.1444744Z {"Time":"2026-10-09T03:22:02.133539829Z","Action":"run","Package":"tabmail/internal/app/templates","Test":"TestR5PreviewBoundaryCancellationStopsAtEachPort/management/user-recheck"}
2026-10-09T03:22:02.1445953Z {"Time":"2026-10-09T03:22:02.133545006Z","Action":"output","Package":"tabmail/internal/app/templates","Test":"TestR5PreviewBoundaryCancellationStopsAtEachPort/management/user-recheck","Output":"=== RUN   TestR5PreviewBoundaryCancellationStopsAtEachPort/management/user-recheck\n"}
2026-10-09T03:22:02.1447671Z {"Time":"2026-10-09T03:22:02.133953555Z","Action":"output","Package":"tabmail/internal/app/templates","Test":"TestR5PreviewBoundaryCancellationStopsAtEachPort/management/user-recheck","Output":"--- PASS: TestR5PreviewBoundaryCancellationStopsAtEachPort/management/user-recheck (0.00s)\n"}
2026-10-09T03:22:02.1448905Z {"Time":"2026-10-09T03:22:02.13396373Z","Action":"pass","Package":"tabmail/internal/app/templates","Test":"TestR5PreviewBoundaryCancellationStopsAtEachPort/management/user-recheck","Elapsed":0}
2026-10-09T03:22:02.1449879Z {"Time":"2026-10-09T03:22:02.133969238Z","Action":"run","Package":"tabmail/internal/app/templates","Test":"TestR5PreviewBoundaryCancellationStopsAtEachPort/management/settings-recheck"}
2026-10-09T03:22:02.1451093Z {"Time":"2026-10-09T03:22:02.133972513Z","Action":"output","Package":"tabmail/internal/app/templates","Test":"TestR5PreviewBoundaryCancellationStopsAtEachPort/management/settings-recheck","Output":"=== RUN   TestR5PreviewBoundaryCancellationStopsAtEachPort/management/settings-recheck\n"}
2026-10-09T03:22:02.1453297Z {"Time":"2026-10-09T03:22:02.134462242Z","Action":"output","Package":"tabmail/internal/app/templates","Test":"TestR5PreviewBoundaryCancellationStopsAtEachPort/management/settings-recheck","Output":"--- PASS: TestR5PreviewBoundaryCancellationStopsAtEachPort/management/settings-recheck (0.00s)\n"}
2026-10-09T03:22:02.1454654Z {"Time":"2026-10-09T03:22:02.13447393Z","Action":"pass","Package":"tabmail/internal/app/templates","Test":"TestR5PreviewBoundaryCancellationStopsAtEachPort/management/settings-recheck","Elapsed":0}
2026-10-09T03:22:02.1455620Z {"Time":"2026-10-09T03:22:02.134508882Z","Action":"run","Package":"tabmail/internal/app/templates","Test":"TestR5PreviewBoundaryCancellationStopsAtEachPort/published/before-call"}
2026-10-09T03:22:02.1456815Z {"Time":"2026-10-09T03:22:02.134517415Z","Action":"output","Package":"tabmail/internal/app/templates","Test":"TestR5PreviewBoundaryCancellationStopsAtEachPort/published/before-call","Output":"=== RUN   TestR5PreviewBoundaryCancellationStopsAtEachPort/published/before-call\n"}
2026-10-09T03:22:02.1458270Z {"Time":"2026-10-09T03:22:02.134597894Z","Action":"output","Package":"tabmail/internal/app/templates","Test":"TestR5PreviewBoundaryCancellationStopsAtEachPort/published/before-call","Output":"--- PASS: TestR5PreviewBoundaryCancellationStopsAtEachPort/published/before-call (0.00s)\n"}
2026-10-09T03:22:02.1459474Z {"Time":"2026-10-09T03:22:02.134610864Z","Action":"pass","Package":"tabmail/internal/app/templates","Test":"TestR5PreviewBoundaryCancellationStopsAtEachPort/published/before-call","Elapsed":0}
2026-10-09T03:22:02.1460417Z {"Time":"2026-10-09T03:22:02.134629221Z","Action":"run","Package":"tabmail/internal/app/templates","Test":"TestR5PreviewBoundaryCancellationStopsAtEachPort/published/mailbox-initial"}
2026-10-09T03:22:02.1462310Z {"Time":"2026-10-09T03:22:02.134639206Z","Action":"output","Package":"tabmail/internal/app/templates","Test":"TestR5PreviewBoundaryCancellationStopsAtEachPort/published/mailbox-initial","Output":"=== RUN   TestR5PreviewBoundaryCancellationStopsAtEachPort/published/mailbox-initial\n"}
2026-10-09T03:22:02.1463822Z {"Time":"2026-10-09T03:22:02.134734378Z","Action":"output","Package":"tabmail/internal/app/templates","Test":"TestR5PreviewBoundaryCancellationStopsAtEachPort/published/mailbox-initial","Output":"--- PASS: TestR5PreviewBoundaryCancellationStopsAtEachPort/published/mailbox-initial (0.00s)\n"}
2026-10-09T03:22:02.1465166Z {"Time":"2026-10-09T03:22:02.134748178Z","Action":"pass","Package":"tabmail/internal/app/templates","Test":"TestR5PreviewBoundaryCancellationStopsAtEachPort/published/mailbox-initial","Elapsed":0}
2026-10-09T03:22:02.1466121Z {"Time":"2026-10-09T03:22:02.135751704Z","Action":"run","Package":"tabmail/internal/app/templates","Test":"TestR5PreviewBoundaryCancellationStopsAtEachPort/published/version-initial"}
2026-10-09T03:22:02.1467564Z {"Time":"2026-10-09T03:22:02.135760707Z","Action":"output","Package":"tabmail/internal/app/templates","Test":"TestR5PreviewBoundaryCancellationStopsAtEachPort/published/version-initial","Output":"=== RUN   TestR5PreviewBoundaryCancellationStopsAtEachPort/published/version-initial\n"}
2026-10-09T03:22:02.1469058Z {"Time":"2026-10-09T03:22:02.135766436Z","Action":"output","Package":"tabmail/internal/app/templates","Test":"TestR5PreviewBoundaryCancellationStopsAtEachPort/published/version-initial","Output":"--- PASS: TestR5PreviewBoundaryCancellationStopsAtEachPort/published/version-initial (0.00s)\n"}
2026-10-09T03:22:02.1470992Z {"Time":"2026-10-09T03:22:02.13576972Z","Action":"pass","Package":"tabmail/internal/app/templates","Test":"TestR5PreviewBoundaryCancellationStopsAtEachPort/published/version-initial","Elapsed":0}
2026-10-09T03:22:02.1471963Z {"Time":"2026-10-09T03:22:02.135775048Z","Action":"run","Package":"tabmail/internal/app/templates","Test":"TestR5PreviewBoundaryCancellationStopsAtEachPort/published/mailbox-recheck"}
2026-10-09T03:22:02.1473171Z {"Time":"2026-10-09T03:22:02.135778403Z","Action":"output","Package":"tabmail/internal/app/templates","Test":"TestR5PreviewBoundaryCancellationStopsAtEachPort/published/mailbox-recheck","Output":"=== RUN   TestR5PreviewBoundaryCancellationStopsAtEachPort/published/mailbox-recheck\n"}
2026-10-09T03:22:02.1474785Z {"Time":"2026-10-09T03:22:02.135782269Z","Action":"output","Package":"tabmail/internal/app/templates","Test":"TestR5PreviewBoundaryCancellationStopsAtEachPort/published/mailbox-recheck","Output":"--- PASS: TestR5PreviewBoundaryCancellationStopsAtEachPort/published/mailbox-recheck (0.00s)\n"}
2026-10-09T03:22:02.1476033Z {"Time":"2026-10-09T03:22:02.135787707Z","Action":"pass","Package":"tabmail/internal/app/templates","Test":"TestR5PreviewBoundaryCancellationStopsAtEachPort/published/mailbox-recheck","Elapsed":0}
2026-10-09T03:22:02.1476985Z {"Time":"2026-10-09T03:22:02.135791603Z","Action":"run","Package":"tabmail/internal/app/templates","Test":"TestR5PreviewBoundaryCancellationStopsAtEachPort/published/version-recheck"}
2026-10-09T03:22:02.1478184Z {"Time":"2026-10-09T03:22:02.135794397Z","Action":"output","Package":"tabmail/internal/app/templates","Test":"TestR5PreviewBoundaryCancellationStopsAtEachPort/published/version-recheck","Output":"=== RUN   TestR5PreviewBoundaryCancellationStopsAtEachPort/published/version-recheck\n"}
2026-10-09T03:22:02.1480520Z {"Time":"2026-10-09T03:22:02.136555971Z","Action":"output","Package":"tabmail/internal/app/templates","Test":"TestR5PreviewBoundaryCancellationStopsAtEachPort/published/version-recheck","Output":"--- PASS: TestR5PreviewBoundaryCancellationStopsAtEachPort/published/version-recheck (0.00s)\n"}
2026-10-09T03:22:02.1482812Z {"Time":"2026-10-09T03:22:02.1365684Z","Action":"pass","Package":"tabmail/internal/app/templates","Test":"TestR5PreviewBoundaryCancellationStopsAtEachPort/published/version-recheck","Elapsed":0}
2026-10-09T03:22:02.1485030Z {"Time":"2026-10-09T03:22:02.136597283Z","Action":"output","Package":"tabmail/internal/app/templates","Test":"TestR5PreviewBoundaryCancellationStopsAtEachPort","Output":"--- PASS: TestR5PreviewBoundaryCancellationStopsAtEachPort (0.00s)\n"}
2026-10-09T03:22:02.1486921Z {"Time":"2026-10-09T03:22:02.136623772Z","Action":"pass","Package":"tabmail/internal/app/templates","Test":"TestR5PreviewBoundaryCancellationStopsAtEachPort","Elapsed":0}
2026-10-09T03:22:02.1488330Z {"Time":"2026-10-09T03:22:02.136631143Z","Action":"run","Package":"tabmail/internal/app/templates","Test":"TestR5PreviewCrossHomeCurrentManagement"}
2026-10-09T03:22:02.1489946Z {"Time":"2026-10-09T03:22:02.136634428Z","Action":"output","Package":"tabmail/internal/app/templates","Test":"TestR5PreviewCrossHomeCurrentManagement","Output":"=== RUN   TestR5PreviewCrossHomeCurrentManagement\n"}
2026-10-09T03:22:02.1491639Z {"Time":"2026-10-09T03:22:02.136664493Z","Action":"run","Package":"tabmail/internal/app/templates","Test":"TestR5PreviewCrossHomeCurrentManagement/selected-company"}
2026-10-09T03:22:02.1493812Z {"Time":"2026-10-09T03:22:02.136667968Z","Action":"output","Package":"tabmail/internal/app/templates","Test":"TestR5PreviewCrossHomeCurrentManagement/selected-company","Output":"=== RUN   TestR5PreviewCrossHomeCurrentManagement/selected-company\n"}
2026-10-09T03:22:02.1496300Z {"Time":"2026-10-09T03:22:02.137217567Z","Action":"output","Package":"tabmail/internal/app/templates","Test":"TestR5PreviewCrossHomeCurrentManagement/selected-company","Output":"--- PASS: TestR5PreviewCrossHomeCurrentManagement/selected-company (0.00s)\n"}
2026-10-09T03:22:02.1498218Z {"Time":"2026-10-09T03:22:02.137225989Z","Action":"pass","Package":"tabmail/internal/app/templates","Test":"TestR5PreviewCrossHomeCurrentManagement/selected-company","Elapsed":0}
2026-10-09T03:22:02.1499770Z {"Time":"2026-10-09T03:22:02.137235634Z","Action":"run","Package":"tabmail/internal/app/templates","Test":"TestR5PreviewCrossHomeCurrentManagement/fresh-role-over-stale-flags"}
2026-10-09T03:22:02.1501819Z {"Time":"2026-10-09T03:22:02.137239219Z","Action":"output","Package":"tabmail/internal/app/templates","Test":"TestR5PreviewCrossHomeCurrentManagement/fresh-role-over-stale-flags","Output":"=== RUN   TestR5PreviewCrossHomeCurrentManagement/fresh-role-over-stale-flags\n"}
2026-10-09T03:22:02.1504604Z {"Time":"2026-10-09T03:22:02.137744842Z","Action":"output","Package":"tabmail/internal/app/templates","Test":"TestR5PreviewCrossHomeCurrentManagement/fresh-role-over-stale-flags","Output":"--- PASS: TestR5PreviewCrossHomeCurrentManagement/fresh-role-over-stale-flags (0.00s)\n"}
2026-10-09T03:22:02.1506791Z {"Time":"2026-10-09T03:22:02.137754577Z","Action":"pass","Package":"tabmail/internal/app/templates","Test":"TestR5PreviewCrossHomeCurrentManagement/fresh-role-over-stale-flags","Elapsed":0}
2026-10-09T03:22:02.1508362Z {"Time":"2026-10-09T03:22:02.137760045Z","Action":"run","Package":"tabmail/internal/app/templates","Test":"TestR5PreviewCrossHomeCurrentManagement/same-home-admin"}
2026-10-09T03:22:02.1510207Z {"Time":"2026-10-09T03:22:02.13776327Z","Action":"output","Package":"tabmail/internal/app/templates","Test":"TestR5PreviewCrossHomeCurrentManagement/same-home-admin","Output":"=== RUN   TestR5PreviewCrossHomeCurrentManagement/same-home-admin\n"}
2026-10-09T03:22:02.1512480Z {"Time":"2026-10-09T03:22:02.138240601Z","Action":"output","Package":"tabmail/internal/app/templates","Test":"TestR5PreviewCrossHomeCurrentManagement/same-home-admin","Output":"--- PASS: TestR5PreviewCrossHomeCurrentManagement/same-home-admin (0.00s)\n"}
2026-10-09T03:22:02.1514590Z {"Time":"2026-10-09T03:22:02.138251647Z","Action":"pass","Package":"tabmail/internal/app/templates","Test":"TestR5PreviewCrossHomeCurrentManagement/same-home-admin","Elapsed":0}
2026-10-09T03:22:02.1516324Z {"Time":"2026-10-09T03:22:02.138297045Z","Action":"output","Package":"tabmail/internal/app/templates","Test":"TestR5PreviewCrossHomeCurrentManagement","Output":"--- PASS: TestR5PreviewCrossHomeCurrentManagement (0.00s)\n"}
2026-10-09T03:22:02.1517653Z {"Time":"2026-10-09T03:22:02.138310305Z","Action":"pass","Package":"tabmail/internal/app/templates","Test":"TestR5PreviewCrossHomeCurrentManagement","Elapsed":0}
2026-10-09T03:22:02.1518449Z {"Time":"2026-10-09T03:22:02.138321051Z","Action":"run","Package":"tabmail/internal/app/templates","Test":"TestR5PreviewCrossHomeRejectsStaleIdentity"}
2026-10-09T03:22:02.1519522Z {"Time":"2026-10-09T03:22:02.138324155Z","Action":"output","Package":"tabmail/internal/app/templates","Test":"TestR5PreviewCrossHomeRejectsStaleIdentity","Output":"=== RUN   TestR5PreviewCrossHomeRejectsStaleIdentity\n"}
2026-10-09T03:22:02.1520627Z {"Time":"2026-10-09T03:22:02.138379057Z","Action":"run","Package":"tabmail/internal/app/templates","Test":"TestR5PreviewCrossHomeRejectsStaleIdentity/ordinary-admin-foreign"}
2026-10-09T03:22:02.1522671Z {"Time":"2026-10-09T03:22:02.138385507Z","Action":"output","Package":"tabmail/internal/app/templates","Test":"TestR5PreviewCrossHomeRejectsStaleIdentity/ordinary-admin-foreign","Output":"=== RUN   TestR5PreviewCrossHomeRejectsStaleIdentity/ordinary-admin-foreign\n"}
2026-10-09T03:22:02.1525683Z {"Time":"2026-10-09T03:22:02.138435691Z","Action":"output","Package":"tabmail/internal/app/templates","Test":"TestR5PreviewCrossHomeRejectsStaleIdentity/ordinary-admin-foreign","Output":"--- PASS: TestR5PreviewCrossHomeRejectsStaleIdentity/ordinary-admin-foreign (0.00s)\n"}
2026-10-09T03:22:02.1526908Z {"Time":"2026-10-09T03:22:02.138484624Z","Action":"pass","Package":"tabmail/internal/app/templates","Test":"TestR5PreviewCrossHomeRejectsStaleIdentity/ordinary-admin-foreign","Elapsed":0}
2026-10-09T03:22:02.1527806Z {"Time":"2026-10-09T03:22:02.138505686Z","Action":"run","Package":"tabmail/internal/app/templates","Test":"TestR5PreviewCrossHomeRejectsStaleIdentity/ordinary-user-foreign"}
2026-10-09T03:22:02.1528911Z {"Time":"2026-10-09T03:22:02.13852188Z","Action":"output","Package":"tabmail/internal/app/templates","Test":"TestR5PreviewCrossHomeRejectsStaleIdentity/ordinary-user-foreign","Output":"=== RUN   TestR5PreviewCrossHomeRejectsStaleIdentity/ordinary-user-foreign\n"}
2026-10-09T03:22:02.1531171Z {"Time":"2026-10-09T03:22:02.138551965Z","Action":"output","Package":"tabmail/internal/app/templates","Test":"TestR5PreviewCrossHomeRejectsStaleIdentity/ordinary-user-foreign","Output":"--- PASS: TestR5PreviewCrossHomeRejectsStaleIdentity/ordinary-user-foreign (0.00s)\n"}
2026-10-09T03:22:02.1532335Z {"Time":"2026-10-09T03:22:02.138577012Z","Action":"pass","Package":"tabmail/internal/app/templates","Test":"TestR5PreviewCrossHomeRejectsStaleIdentity/ordinary-user-foreign","Elapsed":0}
2026-10-09T03:22:02.1533217Z {"Time":"2026-10-09T03:22:02.138599265Z","Action":"run","Package":"tabmail/internal/app/templates","Test":"TestR5PreviewCrossHomeRejectsStaleIdentity/inactive-superadmin"}
2026-10-09T03:22:02.1534311Z {"Time":"2026-10-09T03:22:02.138626786Z","Action":"output","Package":"tabmail/internal/app/templates","Test":"TestR5PreviewCrossHomeRejectsStaleIdentity/inactive-superadmin","Output":"=== RUN   TestR5PreviewCrossHomeRejectsStaleIdentity/inactive-superadmin\n"}
2026-10-09T03:22:02.1535830Z {"Time":"2026-10-09T03:22:02.138654517Z","Action":"output","Package":"tabmail/internal/app/templates","Test":"TestR5PreviewCrossHomeRejectsStaleIdentity/inactive-superadmin","Output":"--- PASS: TestR5PreviewCrossHomeRejectsStaleIdentity/inactive-superadmin (0.00s)\n"}
2026-10-09T03:22:02.1536973Z {"Time":"2026-10-09T03:22:02.138680786Z","Action":"pass","Package":"tabmail/internal/app/templates","Test":"TestR5PreviewCrossHomeRejectsStaleIdentity/inactive-superadmin","Elapsed":0}
2026-10-09T03:22:02.1537828Z {"Time":"2026-10-09T03:22:02.138715949Z","Action":"run","Package":"tabmail/internal/app/templates","Test":"TestR5PreviewCrossHomeRejectsStaleIdentity/wrong-session"}
2026-10-09T03:22:02.1539126Z {"Time":"2026-10-09T03:22:02.138733195Z","Action":"output","Package":"tabmail/internal/app/templates","Test":"TestR5PreviewCrossHomeRejectsStaleIdentity/wrong-session","Output":"=== RUN   TestR5PreviewCrossHomeRejectsStaleIdentity/wrong-session\n"}
2026-10-09T03:22:02.1540939Z {"Time":"2026-10-09T03:22:02.138748217Z","Action":"output","Package":"tabmail/internal/app/templates","Test":"TestR5PreviewCrossHomeRejectsStaleIdentity/wrong-session","Output":"--- PASS: TestR5PreviewCrossHomeRejectsStaleIdentity/wrong-session (0.00s)\n"}
2026-10-09T03:22:02.1542024Z {"Time":"2026-10-09T03:22:02.138801336Z","Action":"pass","Package":"tabmail/internal/app/templates","Test":"TestR5PreviewCrossHomeRejectsStaleIdentity/wrong-session","Elapsed":0}
2026-10-09T03:22:02.1542862Z {"Time":"2026-10-09T03:22:02.138806313Z","Action":"run","Package":"tabmail/internal/app/templates","Test":"TestR5PreviewCrossHomeRejectsStaleIdentity/noninteractive"}
2026-10-09T03:22:02.1543919Z {"Time":"2026-10-09T03:22:02.138808817Z","Action":"output","Package":"tabmail/internal/app/templates","Test":"TestR5PreviewCrossHomeRejectsStaleIdentity/noninteractive","Output":"=== RUN   TestR5PreviewCrossHomeRejectsStaleIdentity/noninteractive\n"}
2026-10-09T03:22:02.1545521Z {"Time":"2026-10-09T03:22:02.138843399Z","Action":"output","Package":"tabmail/internal/app/templates","Test":"TestR5PreviewCrossHomeRejectsStaleIdentity/noninteractive","Output":"--- PASS: TestR5PreviewCrossHomeRejectsStaleIdentity/noninteractive (0.00s)\n"}
2026-10-09T03:22:02.1546746Z {"Time":"2026-10-09T03:22:02.138868566Z","Action":"pass","Package":"tabmail/internal/app/templates","Test":"TestR5PreviewCrossHomeRejectsStaleIdentity/noninteractive","Elapsed":0}
2026-10-09T03:22:02.1547780Z {"Time":"2026-10-09T03:22:02.138888236Z","Action":"output","Package":"tabmail/internal/app/templates","Test":"TestR5PreviewCrossHomeRejectsStaleIdentity","Output":"--- PASS: TestR5PreviewCrossHomeRejectsStaleIdentity (0.00s)\n"}
2026-10-09T03:22:02.1549375Z {"Time":"2026-10-09T03:22:02.138929787Z","Action":"pass","Package":"tabmail/internal/app/templates","Test":"TestR5PreviewCrossHomeRejectsStaleIdentity","Elapsed":0}
2026-10-09T03:22:02.1550339Z {"Time":"2026-10-09T03:22:02.138952211Z","Action":"run","Package":"tabmail/internal/app/templates","Test":"TestR5PreviewCrossHomeRechecksBeforeRelease"}
2026-10-09T03:22:02.1551290Z {"Time":"2026-10-09T03:22:02.138969897Z","Action":"output","Package":"tabmail/internal/app/templates","Test":"TestR5PreviewCrossHomeRechecksBeforeRelease","Output":"=== RUN   TestR5PreviewCrossHomeRechecksBeforeRelease\n"}
2026-10-09T03:22:02.1552229Z {"Time":"2026-10-09T03:22:02.138987684Z","Action":"run","Package":"tabmail/internal/app/templates","Test":"TestR5PreviewCrossHomeRechecksBeforeRelease/demoted"}
2026-10-09T03:22:02.1553245Z {"Time":"2026-10-09T03:22:02.139014684Z","Action":"output","Package":"tabmail/internal/app/templates","Test":"TestR5PreviewCrossHomeRechecksBeforeRelease/demoted","Output":"=== RUN   TestR5PreviewCrossHomeRechecksBeforeRelease/demoted\n"}
2026-10-09T03:22:02.1555105Z {"Time":"2026-10-09T03:22:02.139466727Z","Action":"output","Package":"tabmail/internal/app/templates","Test":"TestR5PreviewCrossHomeRechecksBeforeRelease/demoted","Output":"--- PASS: TestR5PreviewCrossHomeRechecksBeforeRelease/demoted (0.00s)\n"}
2026-10-09T03:22:02.1556433Z {"Time":"2026-10-09T03:22:02.13950179Z","Action":"pass","Package":"tabmail/internal/app/templates","Test":"TestR5PreviewCrossHomeRechecksBeforeRelease/demoted","Elapsed":0}
2026-10-09T03:22:02.1557283Z {"Time":"2026-10-09T03:22:02.139517633Z","Action":"run","Package":"tabmail/internal/app/templates","Test":"TestR5PreviewCrossHomeRechecksBeforeRelease/frozen"}
2026-10-09T03:22:02.1558272Z {"Time":"2026-10-09T03:22:02.13953549Z","Action":"output","Package":"tabmail/internal/app/templates","Test":"TestR5PreviewCrossHomeRechecksBeforeRelease/frozen","Output":"=== RUN   TestR5PreviewCrossHomeRechecksBeforeRelease/frozen\n"}
2026-10-09T03:22:02.1559475Z {"Time":"2026-10-09T03:22:02.139987183Z","Action":"output","Package":"tabmail/internal/app/templates","Test":"TestR5PreviewCrossHomeRechecksBeforeRelease/frozen","Output":"--- PASS: TestR5PreviewCrossHomeRechecksBeforeRelease/frozen (0.00s)\n"}
2026-10-09T03:22:02.1561298Z {"Time":"2026-10-09T03:22:02.140013582Z","Action":"pass","Package":"tabmail/internal/app/templates","Test":"TestR5PreviewCrossHomeRechecksBeforeRelease/frozen","Elapsed":0}
2026-10-09T03:22:02.1562462Z {"Time":"2026-10-09T03:22:02.140037898Z","Action":"run","Package":"tabmail/internal/app/templates","Test":"TestR5PreviewCrossHomeRechecksBeforeRelease/session-changed"}
2026-10-09T03:22:02.1563556Z {"Time":"2026-10-09T03:22:02.140054062Z","Action":"output","Package":"tabmail/internal/app/templates","Test":"TestR5PreviewCrossHomeRechecksBeforeRelease/session-changed","Output":"=== RUN   TestR5PreviewCrossHomeRechecksBeforeRelease/session-changed\n"}
2026-10-09T03:22:02.1565042Z {"Time":"2026-10-09T03:22:02.140494438Z","Action":"output","Package":"tabmail/internal/app/templates","Test":"TestR5PreviewCrossHomeRechecksBeforeRelease/session-changed","Output":"--- PASS: TestR5PreviewCrossHomeRechecksBeforeRelease/session-changed (0.00s)\n"}
2026-10-09T03:22:02.1566449Z {"Time":"2026-10-09T03:22:02.1405359Z","Action":"pass","Package":"tabmail/internal/app/templates","Test":"TestR5PreviewCrossHomeRechecksBeforeRelease/session-changed","Elapsed":0}
2026-10-09T03:22:02.1568057Z {"Time":"2026-10-09T03:22:02.140555059Z","Action":"run","Package":"tabmail/internal/app/templates","Test":"TestR5PreviewCrossHomeRechecksBeforeRelease/company-changed"}
2026-10-09T03:22:02.1569149Z {"Time":"2026-10-09T03:22:02.140572935Z","Action":"output","Package":"tabmail/internal/app/templates","Test":"TestR5PreviewCrossHomeRechecksBeforeRelease/company-changed","Output":"=== RUN   TestR5PreviewCrossHomeRechecksBeforeRelease/company-changed\n"}
2026-10-09T03:22:02.1570469Z {"Time":"2026-10-09T03:22:02.14100568Z","Action":"output","Package":"tabmail/internal/app/templates","Test":"TestR5PreviewCrossHomeRechecksBeforeRelease/company-changed","Output":"--- PASS: TestR5PreviewCrossHomeRechecksBeforeRelease/company-changed (0.00s)\n"}
2026-10-09T03:22:02.1572292Z {"Time":"2026-10-09T03:22:02.141012931Z","Action":"pass","Package":"tabmail/internal/app/templates","Test":"TestR5PreviewCrossHomeRechecksBeforeRelease/company-changed","Elapsed":0}
2026-10-09T03:22:02.1573874Z {"Time":"2026-10-09T03:22:02.141036866Z","Action":"run","Package":"tabmail/internal/app/templates","Test":"TestR5PreviewCrossHomeRechecksBeforeRelease/management-revoked"}
2026-10-09T03:22:02.1575741Z {"Time":"2026-10-09T03:22:02.141047853Z","Action":"output","Package":"tabmail/internal/app/templates","Test":"TestR5PreviewCrossHomeRechecksBeforeRelease/management-revoked","Output":"=== RUN   TestR5PreviewCrossHomeRechecksBeforeRelease/management-revoked\n"}
2026-10-09T03:22:02.1578174Z {"Time":"2026-10-09T03:22:02.141518984Z","Action":"output","Package":"tabmail/internal/app/templates","Test":"TestR5PreviewCrossHomeRechecksBeforeRelease/management-revoked","Output":"--- PASS: TestR5PreviewCrossHomeRechecksBeforeRelease/management-revoked (0.00s)\n"}
2026-10-09T03:22:02.1580300Z {"Time":"2026-10-09T03:22:02.141527227Z","Action":"pass","Package":"tabmail/internal/app/templates","Test":"TestR5PreviewCrossHomeRechecksBeforeRelease/management-revoked","Elapsed":0}
2026-10-09T03:22:02.1581877Z {"Time":"2026-10-09T03:22:02.141552965Z","Action":"run","Package":"tabmail/internal/app/templates","Test":"TestR5PreviewCrossHomeRechecksBeforeRelease/mailbox-renamed"}
2026-10-09T03:22:02.1583740Z {"Time":"2026-10-09T03:22:02.141563571Z","Action":"output","Package":"tabmail/internal/app/templates","Test":"TestR5PreviewCrossHomeRechecksBeforeRelease/mailbox-renamed","Output":"=== RUN   TestR5PreviewCrossHomeRechecksBeforeRelease/mailbox-renamed\n"}
2026-10-09T03:22:02.1585262Z {"Time":"2026-10-09T03:22:02.141996416Z","Action":"output","Package":"tabmail/internal/app/templates","Test":"TestR5PreviewCrossHomeRechecksBeforeRelease/mailbox-renamed","Output":"--- PASS: TestR5PreviewCrossHomeRechecksBeforeRelease/mailbox-renamed (0.00s)\n"}
2026-10-09T03:22:02.1586374Z {"Time":"2026-10-09T03:22:02.142003717Z","Action":"pass","Package":"tabmail/internal/app/templates","Test":"TestR5PreviewCrossHomeRechecksBeforeRelease/mailbox-renamed","Elapsed":0}
2026-10-09T03:22:02.1587887Z {"Time":"2026-10-09T03:22:02.142472055Z","Action":"output","Package":"tabmail/internal/app/templates","Test":"TestR5PreviewCrossHomeRechecksBeforeRelease","Output":"--- PASS: TestR5PreviewCrossHomeRechecksBeforeRelease (0.00s)\n"}
2026-10-09T03:22:02.1589533Z {"Time":"2026-10-09T03:22:02.14248263Z","Action":"pass","Package":"tabmail/internal/app/templates","Test":"TestR5PreviewCrossHomeRechecksBeforeRelease","Elapsed":0}
2026-10-09T03:22:02.1590350Z {"Time":"2026-10-09T03:22:02.142486787Z","Action":"run","Package":"tabmail/internal/app/templates","Test":"TestR5PreviewCrossHomePublishedCapabilitiesStaySeparate"}
2026-10-09T03:22:02.1591425Z {"Time":"2026-10-09T03:22:02.14248941Z","Action":"output","Package":"tabmail/internal/app/templates","Test":"TestR5PreviewCrossHomePublishedCapabilitiesStaySeparate","Output":"=== RUN   TestR5PreviewCrossHomePublishedCapabilitiesStaySeparate\n"}
2026-10-09T03:22:02.1592716Z {"Time":"2026-10-09T03:22:02.142492215Z","Action":"run","Package":"tabmail/internal/app/templates","Test":"TestR5PreviewCrossHomePublishedCapabilitiesStaySeparate/management-without-send"}
2026-10-09T03:22:02.1594129Z {"Time":"2026-10-09T03:22:02.142496751Z","Action":"output","Package":"tabmail/internal/app/templates","Test":"TestR5PreviewCrossHomePublishedCapabilitiesStaySeparate/management-without-send","Output":"=== RUN   TestR5PreviewCrossHomePublishedCapabilitiesStaySeparate/management-without-send\n"}
2026-10-09T03:22:02.1596560Z {"Time":"2026-10-09T03:22:02.142501819Z","Action":"output","Package":"tabmail/internal/app/templates","Test":"TestR5PreviewCrossHomePublishedCapabilitiesStaySeparate/management-without-send","Output":"--- PASS: TestR5PreviewCrossHomePublishedCapabilitiesStaySeparate/management-without-send (0.00s)\n"}
2026-10-09T03:22:02.1597882Z {"Time":"2026-10-09T03:22:02.142505625Z","Action":"pass","Package":"tabmail/internal/app/templates","Test":"TestR5PreviewCrossHomePublishedCapabilitiesStaySeparate/management-without-send","Elapsed":0}
2026-10-09T03:22:02.1598872Z {"Time":"2026-10-09T03:22:02.14250937Z","Action":"run","Package":"tabmail/internal/app/templates","Test":"TestR5PreviewCrossHomePublishedCapabilitiesStaySeparate/published-use"}
2026-10-09T03:22:02.1600053Z {"Time":"2026-10-09T03:22:02.14251573Z","Action":"output","Package":"tabmail/internal/app/templates","Test":"TestR5PreviewCrossHomePublishedCapabilitiesStaySeparate/published-use","Output":"=== RUN   TestR5PreviewCrossHomePublishedCapabilitiesStaySeparate/published-use\n"}
2026-10-09T03:22:02.1602253Z {"Time":"2026-10-09T03:22:02.142819201Z","Action":"output","Package":"tabmail/internal/app/templates","Test":"TestR5PreviewCrossHomePublishedCapabilitiesStaySeparate/published-use","Output":"--- PASS: TestR5PreviewCrossHomePublishedCapabilitiesStaySeparate/published-use (0.00s)\n"}
2026-10-09T03:22:02.1603501Z {"Time":"2026-10-09T03:22:02.142828195Z","Action":"pass","Package":"tabmail/internal/app/templates","Test":"TestR5PreviewCrossHomePublishedCapabilitiesStaySeparate/published-use","Elapsed":0}
2026-10-09T03:22:02.1604649Z {"Time":"2026-10-09T03:22:02.142856397Z","Action":"run","Package":"tabmail/internal/app/templates","Test":"TestR5PreviewCrossHomePublishedCapabilitiesStaySeparate/published-grant-revoked"}
2026-10-09T03:22:02.1605933Z {"Time":"2026-10-09T03:22:02.142861314Z","Action":"output","Package":"tabmail/internal/app/templates","Test":"TestR5PreviewCrossHomePublishedCapabilitiesStaySeparate/published-grant-revoked","Output":"=== RUN   TestR5PreviewCrossHomePublishedCapabilitiesStaySeparate/published-grant-revoked\n"}
2026-10-09T03:22:02.1608203Z {"Time":"2026-10-09T03:22:02.143823338Z","Action":"output","Package":"tabmail/internal/app/templates","Test":"TestR5PreviewCrossHomePublishedCapabilitiesStaySeparate/published-grant-revoked","Output":"--- PASS: TestR5PreviewCrossHomePublishedCapabilitiesStaySeparate/published-grant-revoked (0.00s)\n"}
2026-10-09T03:22:02.1609524Z {"Time":"2026-10-09T03:22:02.143837419Z","Action":"pass","Package":"tabmail/internal/app/templates","Test":"TestR5PreviewCrossHomePublishedCapabilitiesStaySeparate/published-grant-revoked","Elapsed":0}
2026-10-09T03:22:02.1610730Z {"Time":"2026-10-09T03:22:02.143879682Z","Action":"output","Package":"tabmail/internal/app/templates","Test":"TestR5PreviewCrossHomePublishedCapabilitiesStaySeparate","Output":"--- PASS: TestR5PreviewCrossHomePublishedCapabilitiesStaySeparate (0.00s)\n"}
2026-10-09T03:22:02.1611839Z {"Time":"2026-10-09T03:22:02.143887133Z","Action":"pass","Package":"tabmail/internal/app/templates","Test":"TestR5PreviewCrossHomePublishedCapabilitiesStaySeparate","Elapsed":0}
2026-10-09T03:22:02.1612757Z {"Time":"2026-10-09T03:22:02.143895275Z","Action":"run","Package":"tabmail/internal/app/templates","Test":"TestAdvanceTemplateEmailPreviewMatchesPublishedSubmission"}
2026-10-09T03:22:02.1614556Z {"Time":"2026-10-09T03:22:02.14389869Z","Action":"output","Package":"tabmail/internal/app/templates","Test":"TestAdvanceTemplateEmailPreviewMatchesPublishedSubmission","Output":"=== RUN   TestAdvanceTemplateEmailPreviewMatchesPublishedSubmission\n"}
2026-10-09T03:22:02.1615850Z {"Time":"2026-10-09T03:22:02.143955565Z","Action":"run","Package":"tabmail/internal/app/templates","Test":"TestAdvanceTemplateEmailPreviewMatchesPublishedSubmission/management/ordinary"}
2026-10-09T03:22:02.1617191Z {"Time":"2026-10-09T03:22:02.143963607Z","Action":"output","Package":"tabmail/internal/app/templates","Test":"TestAdvanceTemplateEmailPreviewMatchesPublishedSubmission/management/ordinary","Output":"=== RUN   TestAdvanceTemplateEmailPreviewMatchesPublishedSubmission/management/ordinary\n"}
2026-10-09T03:22:02.1618783Z {"Time":"2026-10-09T03:22:02.145135602Z","Action":"output","Package":"tabmail/internal/app/templates","Test":"TestAdvanceTemplateEmailPreviewMatchesPublishedSubmission/management/ordinary","Output":"--- PASS: TestAdvanceTemplateEmailPreviewMatchesPublishedSubmission/management/ordinary (0.00s)\n"}
2026-10-09T03:22:02.1620308Z {"Time":"2026-10-09T03:22:02.145144756Z","Action":"pass","Package":"tabmail/internal/app/templates","Test":"TestAdvanceTemplateEmailPreviewMatchesPublishedSubmission/management/ordinary","Elapsed":0}
2026-10-09T03:22:02.1621834Z {"Time":"2026-10-09T03:22:02.14515432Z","Action":"run","Package":"tabmail/internal/app/templates","Test":"TestAdvanceTemplateEmailPreviewMatchesPublishedSubmission/management/quoted_comma"}
2026-10-09T03:22:02.1623132Z {"Time":"2026-10-09T03:22:02.145157816Z","Action":"output","Package":"tabmail/internal/app/templates","Test":"TestAdvanceTemplateEmailPreviewMatchesPublishedSubmission/management/quoted_comma","Output":"=== RUN   TestAdvanceTemplateEmailPreviewMatchesPublishedSubmission/management/quoted_comma\n"}
2026-10-09T03:22:02.1624909Z {"Time":"2026-10-09T03:22:02.146055994Z","Action":"output","Package":"tabmail/internal/app/templates","Test":"TestAdvanceTemplateEmailPreviewMatchesPublishedSubmission/management/quoted_comma","Output":"--- PASS: TestAdvanceTemplateEmailPreviewMatchesPublishedSubmission/management/quoted_comma (0.00s)\n"}
2026-10-09T03:22:02.1626271Z {"Time":"2026-10-09T03:22:02.146065888Z","Action":"pass","Package":"tabmail/internal/app/templates","Test":"TestAdvanceTemplateEmailPreviewMatchesPublishedSubmission/management/quoted_comma","Elapsed":0}
2026-10-09T03:22:02.1627640Z {"Time":"2026-10-09T03:22:02.146071827Z","Action":"run","Package":"tabmail/internal/app/templates","Test":"TestAdvanceTemplateEmailPreviewMatchesPublishedSubmission/management/quoted_at"}
2026-10-09T03:22:02.1629663Z {"Time":"2026-10-09T03:22:02.146075192Z","Action":"output","Package":"tabmail/internal/app/templates","Test":"TestAdvanceTemplateEmailPreviewMatchesPublishedSubmission/management/quoted_at","Output":"=== RUN   TestAdvanceTemplateEmailPreviewMatchesPublishedSubmission/management/quoted_at\n"}
2026-10-09T03:22:02.1631696Z {"Time":"2026-10-09T03:22:02.146928914Z","Action":"output","Package":"tabmail/internal/app/templates","Test":"TestAdvanceTemplateEmailPreviewMatchesPublishedSubmission/management/quoted_at","Output":"--- PASS: TestAdvanceTemplateEmailPreviewMatchesPublishedSubmission/management/quoted_at (0.00s)\n"}
2026-10-09T03:22:02.1633166Z {"Time":"2026-10-09T03:22:02.146943716Z","Action":"pass","Package":"tabmail/internal/app/templates","Test":"TestAdvanceTemplateEmailPreviewMatchesPublishedSubmission/management/quoted_at","Elapsed":0}
2026-10-09T03:22:02.1634174Z {"Time":"2026-10-09T03:22:02.146948934Z","Action":"run","Package":"tabmail/internal/app/templates","Test":"TestAdvanceTemplateEmailPreviewMatchesPublishedSubmission/management/quoted_html"}
2026-10-09T03:22:02.1635720Z {"Time":"2026-10-09T03:22:02.146952419Z","Action":"output","Package":"tabmail/internal/app/templates","Test":"TestAdvanceTemplateEmailPreviewMatchesPublishedSubmission/management/quoted_html","Output":"=== RUN   TestAdvanceTemplateEmailPreviewMatchesPublishedSubmission/management/quoted_html\n"}
2026-10-09T03:22:02.1637479Z {"Time":"2026-10-09T03:22:02.148482788Z","Action":"output","Package":"tabmail/internal/app/templates","Test":"TestAdvanceTemplateEmailPreviewMatchesPublishedSubmission/management/quoted_html","Output":"--- PASS: TestAdvanceTemplateEmailPreviewMatchesPublishedSubmission/management/quoted_html (0.00s)\n"}
2026-10-09T03:22:02.1639346Z {"Time":"2026-10-09T03:22:02.148499854Z","Action":"pass","Package":"tabmail/internal/app/templates","Test":"TestAdvanceTemplateEmailPreviewMatchesPublishedSubmission/management/quoted_html","Elapsed":0}
2026-10-09T03:22:02.1641033Z {"Time":"2026-10-09T03:22:02.148505422Z","Action":"run","Package":"tabmail/internal/app/templates","Test":"TestAdvanceTemplateEmailPreviewMatchesPublishedSubmission/management/display_name"}
2026-10-09T03:22:02.1642589Z {"Time":"2026-10-09T03:22:02.148508667Z","Action":"output","Package":"tabmail/internal/app/templates","Test":"TestAdvanceTemplateEmailPreviewMatchesPublishedSubmission/management/display_name","Output":"=== RUN   TestAdvanceTemplateEmailPreviewMatchesPublishedSubmission/management/display_name\n"}
2026-10-09T03:22:02.1644342Z {"Time":"2026-10-09T03:22:02.148747172Z","Action":"output","Package":"tabmail/internal/app/templates","Test":"TestAdvanceTemplateEmailPreviewMatchesPublishedSubmission/management/display_name","Output":"--- PASS: TestAdvanceTemplateEmailPreviewMatchesPublishedSubmission/management/display_name (0.00s)\n"}
2026-10-09T03:22:02.1646683Z {"Time":"2026-10-09T03:22:02.148756095Z","Action":"pass","Package":"tabmail/internal/app/templates","Test":"TestAdvanceTemplateEmailPreviewMatchesPublishedSubmission/management/display_name","Elapsed":0}
2026-10-09T03:22:02.1648541Z {"Time":"2026-10-09T03:22:02.149877766Z","Action":"run","Package":"tabmail/internal/app/templates","Test":"TestAdvanceTemplateEmailPreviewMatchesPublishedSubmission/management/domain_space"}
2026-10-09T03:22:02.1650852Z {"Time":"2026-10-09T03:22:02.149886379Z","Action":"output","Package":"tabmail/internal/app/templates","Test":"TestAdvanceTemplateEmailPreviewMatchesPublishedSubmission/management/domain_space","Output":"=== RUN   TestAdvanceTemplateEmailPreviewMatchesPublishedSubmission/management/domain_space\n"}
2026-10-09T03:22:02.1652814Z {"Time":"2026-10-09T03:22:02.149892038Z","Action":"output","Package":"tabmail/internal/app/templates","Test":"TestAdvanceTemplateEmailPreviewMatchesPublishedSubmission/management/domain_space","Output":"--- PASS: TestAdvanceTemplateEmailPreviewMatchesPublishedSubmission/management/domain_space (0.00s)\n"}
2026-10-09T03:22:02.1654148Z {"Time":"2026-10-09T03:22:02.149896134Z","Action":"pass","Package":"tabmail/internal/app/templates","Test":"TestAdvanceTemplateEmailPreviewMatchesPublishedSubmission/management/domain_space","Elapsed":0}
2026-10-09T03:22:02.1655336Z {"Time":"2026-10-09T03:22:02.1499001Z","Action":"run","Package":"tabmail/internal/app/templates","Test":"TestAdvanceTemplateEmailPreviewMatchesPublishedSubmission/published/ordinary"}
2026-10-09T03:22:02.1657206Z {"Time":"2026-10-09T03:22:02.149902894Z","Action":"output","Package":"tabmail/internal/app/templates","Test":"TestAdvanceTemplateEmailPreviewMatchesPublishedSubmission/published/ordinary","Output":"=== RUN   TestAdvanceTemplateEmailPreviewMatchesPublishedSubmission/published/ordinary\n"}
2026-10-09T03:22:02.1658858Z {"Time":"2026-10-09T03:22:02.151402538Z","Action":"output","Package":"tabmail/internal/app/templates","Test":"TestAdvanceTemplateEmailPreviewMatchesPublishedSubmission/published/ordinary","Output":"--- PASS: TestAdvanceTemplateEmailPreviewMatchesPublishedSubmission/published/ordinary (0.00s)\n"}
2026-10-09T03:22:02.1660155Z {"Time":"2026-10-09T03:22:02.151614404Z","Action":"pass","Package":"tabmail/internal/app/templates","Test":"TestAdvanceTemplateEmailPreviewMatchesPublishedSubmission/published/ordinary","Elapsed":0}
2026-10-09T03:22:02.1661158Z {"Time":"2026-10-09T03:22:02.151623728Z","Action":"run","Package":"tabmail/internal/app/templates","Test":"TestAdvanceTemplateEmailPreviewMatchesPublishedSubmission/published/quoted_comma"}
2026-10-09T03:22:02.1662433Z {"Time":"2026-10-09T03:22:02.151626742Z","Action":"output","Package":"tabmail/internal/app/templates","Test":"TestAdvanceTemplateEmailPreviewMatchesPublishedSubmission/published/quoted_comma","Output":"=== RUN   TestAdvanceTemplateEmailPreviewMatchesPublishedSubmission/published/quoted_comma\n"}
2026-10-09T03:22:02.1665152Z {"Time":"2026-10-09T03:22:02.152931906Z","Action":"output","Package":"tabmail/internal/app/templates","Test":"TestAdvanceTemplateEmailPreviewMatchesPublishedSubmission/published/quoted_comma","Output":"--- PASS: TestAdvanceTemplateEmailPreviewMatchesPublishedSubmission/published/quoted_comma (0.00s)\n"}
2026-10-09T03:22:02.1666487Z {"Time":"2026-10-09T03:22:02.152964936Z","Action":"pass","Package":"tabmail/internal/app/templates","Test":"TestAdvanceTemplateEmailPreviewMatchesPublishedSubmission/published/quoted_comma","Elapsed":0}
2026-10-09T03:22:02.1667517Z {"Time":"2026-10-09T03:22:02.152980559Z","Action":"run","Package":"tabmail/internal/app/templates","Test":"TestAdvanceTemplateEmailPreviewMatchesPublishedSubmission/published/quoted_at"}
2026-10-09T03:22:02.1668764Z {"Time":"2026-10-09T03:22:02.152992567Z","Action":"output","Package":"tabmail/internal/app/templates","Test":"TestAdvanceTemplateEmailPreviewMatchesPublishedSubmission/published/quoted_at","Output":"=== RUN   TestAdvanceTemplateEmailPreviewMatchesPublishedSubmission/published/quoted_at\n"}
2026-10-09T03:22:02.1671017Z {"Time":"2026-10-09T03:22:02.153858707Z","Action":"output","Package":"tabmail/internal/app/templates","Test":"TestAdvanceTemplateEmailPreviewMatchesPublishedSubmission/published/quoted_at","Output":"--- PASS: TestAdvanceTemplateEmailPreviewMatchesPublishedSubmission/published/quoted_at (0.00s)\n"}
2026-10-09T03:22:02.1672335Z {"Time":"2026-10-09T03:22:02.153885206Z","Action":"pass","Package":"tabmail/internal/app/templates","Test":"TestAdvanceTemplateEmailPreviewMatchesPublishedSubmission/published/quoted_at","Elapsed":0}
2026-10-09T03:22:02.1673317Z {"Time":"2026-10-09T03:22:02.15390133Z","Action":"run","Package":"tabmail/internal/app/templates","Test":"TestAdvanceTemplateEmailPreviewMatchesPublishedSubmission/published/quoted_html"}
2026-10-09T03:22:02.1674689Z {"Time":"2026-10-09T03:22:02.15392135Z","Action":"output","Package":"tabmail/internal/app/templates","Test":"TestAdvanceTemplateEmailPreviewMatchesPublishedSubmission/published/quoted_html","Output":"=== RUN   TestAdvanceTemplateEmailPreviewMatchesPublishedSubmission/published/quoted_html\n"}
2026-10-09T03:22:02.1676608Z {"Time":"2026-10-09T03:22:02.154805037Z","Action":"output","Package":"tabmail/internal/app/templates","Test":"TestAdvanceTemplateEmailPreviewMatchesPublishedSubmission/published/quoted_html","Output":"--- PASS: TestAdvanceTemplateEmailPreviewMatchesPublishedSubmission/published/quoted_html (0.00s)\n"}
2026-10-09T03:22:02.1678985Z {"Time":"2026-10-09T03:22:02.154838917Z","Action":"pass","Package":"tabmail/internal/app/templates","Test":"TestAdvanceTemplateEmailPreviewMatchesPublishedSubmission/published/quoted_html","Elapsed":0}
2026-10-09T03:22:02.1680821Z {"Time":"2026-10-09T03:22:02.15485393Z","Action":"run","Package":"tabmail/internal/app/templates","Test":"TestAdvanceTemplateEmailPreviewMatchesPublishedSubmission/published/display_name"}
2026-10-09T03:22:02.1682905Z {"Time":"2026-10-09T03:22:02.154868131Z","Action":"output","Package":"tabmail/internal/app/templates","Test":"TestAdvanceTemplateEmailPreviewMatchesPublishedSubmission/published/display_name","Output":"=== RUN   TestAdvanceTemplateEmailPreviewMatchesPublishedSubmission/published/display_name\n"}
2026-10-09T03:22:02.1686065Z {"Time":"2026-10-09T03:22:02.15539147Z","Action":"output","Package":"tabmail/internal/app/templates","Test":"TestAdvanceTemplateEmailPreviewMatchesPublishedSubmission/published/display_name","Output":"--- PASS: TestAdvanceTemplateEmailPreviewMatchesPublishedSubmission/published/display_name (0.00s)\n"}
2026-10-09T03:22:02.1688535Z {"Time":"2026-10-09T03:22:02.155416528Z","Action":"pass","Package":"tabmail/internal/app/templates","Test":"TestAdvanceTemplateEmailPreviewMatchesPublishedSubmission/published/display_name","Elapsed":0}
2026-10-09T03:22:02.1690362Z {"Time":"2026-10-09T03:22:02.15543139Z","Action":"run","Package":"tabmail/internal/app/templates","Test":"TestAdvanceTemplateEmailPreviewMatchesPublishedSubmission/published/domain_space"}
2026-10-09T03:22:02.1693073Z {"Time":"2026-10-09T03:22:02.155456337Z","Action":"output","Package":"tabmail/internal/app/templates","Test":"TestAdvanceTemplateEmailPreviewMatchesPublishedSubmission/published/domain_space","Output":"=== RUN   TestAdvanceTemplateEmailPreviewMatchesPublishedSubmission/published/domain_space\n"}
2026-10-09T03:22:02.1696225Z {"Time":"2026-10-09T03:22:02.155961469Z","Action":"output","Package":"tabmail/internal/app/templates","Test":"TestAdvanceTemplateEmailPreviewMatchesPublishedSubmission/published/domain_space","Output":"--- PASS: TestAdvanceTemplateEmailPreviewMatchesPublishedSubmission/published/domain_space (0.00s)\n"}
2026-10-09T03:22:02.1698678Z {"Time":"2026-10-09T03:22:02.155986296Z","Action":"pass","Package":"tabmail/internal/app/templates","Test":"TestAdvanceTemplateEmailPreviewMatchesPublishedSubmission/published/domain_space","Elapsed":0}
2026-10-09T03:22:02.1700869Z {"Time":"2026-10-09T03:22:02.156003592Z","Action":"output","Package":"tabmail/internal/app/templates","Test":"TestAdvanceTemplateEmailPreviewMatchesPublishedSubmission","Output":"--- PASS: TestAdvanceTemplateEmailPreviewMatchesPublishedSubmission (0.01s)\n"}
2026-10-09T03:22:02.1702941Z {"Time":"2026-10-09T03:22:02.156020678Z","Action":"pass","Package":"tabmail/internal/app/templates","Test":"TestAdvanceTemplateEmailPreviewMatchesPublishedSubmission","Elapsed":0.01}
2026-10-09T03:22:02.1704691Z {"Time":"2026-10-09T03:22:02.156036681Z","Action":"run","Package":"tabmail/internal/app/templates","Test":"TestR5PreviewManagementLastSourceReadCannotOutliveAuthority"}
2026-10-09T03:22:02.1706678Z {"Time":"2026-10-09T03:22:02.1560558Z","Action":"output","Package":"tabmail/internal/app/templates","Test":"TestR5PreviewManagementLastSourceReadCannotOutliveAuthority","Output":"=== RUN   TestR5PreviewManagementLastSourceReadCannotOutliveAuthority\n"}
2026-10-09T03:22:02.1708763Z {"Time":"2026-10-09T03:22:02.156074508Z","Action":"run","Package":"tabmail/internal/app/templates","Test":"TestR5PreviewManagementLastSourceReadCannotOutliveAuthority/management-revoked"}
2026-10-09T03:22:02.1711072Z {"Time":"2026-10-09T03:22:02.156091663Z","Action":"output","Package":"tabmail/internal/app/templates","Test":"TestR5PreviewManagementLastSourceReadCannotOutliveAuthority/management-revoked","Output":"=== RUN   TestR5PreviewManagementLastSourceReadCannotOutliveAuthority/management-revoked\n"}
2026-10-09T03:22:02.1713977Z {"Time":"2026-10-09T03:22:02.156590416Z","Action":"output","Package":"tabmail/internal/app/templates","Test":"TestR5PreviewManagementLastSourceReadCannotOutliveAuthority/management-revoked","Output":"--- PASS: TestR5PreviewManagementLastSourceReadCannotOutliveAuthority/management-revoked (0.00s)\n"}
2026-10-09T03:22:02.1716544Z {"Time":"2026-10-09T03:22:02.156618758Z","Action":"pass","Package":"tabmail/internal/app/templates","Test":"TestR5PreviewManagementLastSourceReadCannotOutliveAuthority/management-revoked","Elapsed":0}
2026-10-09T03:22:02.1718313Z {"Time":"2026-10-09T03:22:02.156636685Z","Action":"run","Package":"tabmail/internal/app/templates","Test":"TestR5PreviewManagementLastSourceReadCannotOutliveAuthority/mailbox-address"}
2026-10-09T03:22:02.1720524Z {"Time":"2026-10-09T03:22:02.156650265Z","Action":"output","Package":"tabmail/internal/app/templates","Test":"TestR5PreviewManagementLastSourceReadCannotOutliveAuthority/mailbox-address","Output":"=== RUN   TestR5PreviewManagementLastSourceReadCannotOutliveAuthority/mailbox-address\n"}
2026-10-09T03:22:02.1723337Z {"Time":"2026-10-09T03:22:02.157074838Z","Action":"output","Package":"tabmail/internal/app/templates","Test":"TestR5PreviewManagementLastSourceReadCannotOutliveAuthority/mailbox-address","Output":"--- PASS: TestR5PreviewManagementLastSourceReadCannotOutliveAuthority/mailbox-address (0.00s)\n"}
2026-10-09T03:22:02.1725786Z {"Time":"2026-10-09T03:22:02.157096921Z","Action":"pass","Package":"tabmail/internal/app/templates","Test":"TestR5PreviewManagementLastSourceReadCannotOutliveAuthority/mailbox-address","Elapsed":0}
2026-10-09T03:22:02.1728348Z {"Time":"2026-10-09T03:22:02.157127857Z","Action":"output","Package":"tabmail/internal/app/templates","Test":"TestR5PreviewManagementLastSourceReadCannotOutliveAuthority","Output":"--- PASS: TestR5PreviewManagementLastSourceReadCannotOutliveAuthority (0.00s)\n"}
2026-10-09T03:22:02.1730423Z {"Time":"2026-10-09T03:22:02.157145133Z","Action":"pass","Package":"tabmail/internal/app/templates","Test":"TestR5PreviewManagementLastSourceReadCannotOutliveAuthority","Elapsed":0}
2026-10-09T03:22:02.1732050Z {"Time":"2026-10-09T03:22:02.157160796Z","Action":"run","Package":"tabmail/internal/app/templates","Test":"TestR5PreviewManagementFinalMailboxErrorAndCancellation"}
2026-10-09T03:22:02.1733968Z {"Time":"2026-10-09T03:22:02.157176419Z","Action":"output","Package":"tabmail/internal/app/templates","Test":"TestR5PreviewManagementFinalMailboxErrorAndCancellation","Output":"=== RUN   TestR5PreviewManagementFinalMailboxErrorAndCancellation\n"}
2026-10-09T03:22:02.1736049Z {"Time":"2026-10-09T03:22:02.157193344Z","Action":"run","Package":"tabmail/internal/app/templates","Test":"TestR5PreviewManagementFinalMailboxErrorAndCancellation/error"}
2026-10-09T03:22:02.1738096Z {"Time":"2026-10-09T03:22:02.157208307Z","Action":"output","Package":"tabmail/internal/app/templates","Test":"TestR5PreviewManagementFinalMailboxErrorAndCancellation/error","Output":"=== RUN   TestR5PreviewManagementFinalMailboxErrorAndCancellation/error\n"}
2026-10-09T03:22:02.1740557Z {"Time":"2026-10-09T03:22:02.158120776Z","Action":"output","Package":"tabmail/internal/app/templates","Test":"TestR5PreviewManagementFinalMailboxErrorAndCancellation/error","Output":"--- PASS: TestR5PreviewManagementFinalMailboxErrorAndCancellation/error (0.00s)\n"}
2026-10-09T03:22:02.1742622Z {"Time":"2026-10-09T03:22:02.15815687Z","Action":"pass","Package":"tabmail/internal/app/templates","Test":"TestR5PreviewManagementFinalMailboxErrorAndCancellation/error","Elapsed":0}
2026-10-09T03:22:02.1744317Z {"Time":"2026-10-09T03:22:02.158182117Z","Action":"run","Package":"tabmail/internal/app/templates","Test":"TestR5PreviewManagementFinalMailboxErrorAndCancellation/cancel-and-error"}
2026-10-09T03:22:02.1746622Z {"Time":"2026-10-09T03:22:02.158199403Z","Action":"output","Package":"tabmail/internal/app/templates","Test":"TestR5PreviewManagementFinalMailboxErrorAndCancellation/cancel-and-error","Output":"=== RUN   TestR5PreviewManagementFinalMailboxErrorAndCancellation/cancel-and-error\n"}
2026-10-09T03:22:02.1749342Z {"Time":"2026-10-09T03:22:02.158689513Z","Action":"output","Package":"tabmail/internal/app/templates","Test":"TestR5PreviewManagementFinalMailboxErrorAndCancellation/cancel-and-error","Output":"--- PASS: TestR5PreviewManagementFinalMailboxErrorAndCancellation/cancel-and-error (0.00s)\n"}
2026-10-09T03:22:02.1751622Z {"Time":"2026-10-09T03:22:02.158718647Z","Action":"pass","Package":"tabmail/internal/app/templates","Test":"TestR5PreviewManagementFinalMailboxErrorAndCancellation/cancel-and-error","Elapsed":0}
2026-10-09T03:22:02.1753957Z {"Time":"2026-10-09T03:22:02.158742612Z","Action":"output","Package":"tabmail/internal/app/templates","Test":"TestR5PreviewManagementFinalMailboxErrorAndCancellation","Output":"--- PASS: TestR5PreviewManagementFinalMailboxErrorAndCancellation (0.00s)\n"}
2026-10-09T03:22:02.1755968Z {"Time":"2026-10-09T03:22:02.158758376Z","Action":"pass","Package":"tabmail/internal/app/templates","Test":"TestR5PreviewManagementFinalMailboxErrorAndCancellation","Elapsed":0}
2026-10-09T03:22:02.1756848Z {"Time":"2026-10-09T03:22:02.158772767Z","Action":"run","Package":"tabmail/internal/app/templates","Test":"TestR5PreviewRequiredContentMatchesSubmission"}
2026-10-09T03:22:02.1766955Z {"Time":"2026-10-09T03:22:02.158784535Z","Action":"output","Package":"tabmail/internal/app/templates","Test":"TestR5PreviewRequiredContentMatchesSubmission","Output":"=== RUN   TestR5PreviewRequiredContentMatchesSubmission\n"}
2026-10-09T03:22:02.1768658Z {"Time":"2026-10-09T03:22:02.158805406Z","Action":"run","Package":"tabmail/internal/app/templates","Test":"TestR5PreviewRequiredContentMatchesSubmission/management/subject_omitted"}
2026-10-09T03:22:02.1770057Z {"Time":"2026-10-09T03:22:02.158827529Z","Action":"output","Package":"tabmail/internal/app/templates","Test":"TestR5PreviewRequiredContentMatchesSubmission/management/subject_omitted","Output":"=== RUN   TestR5PreviewRequiredContentMatchesSubmission/management/subject_omitted\n"}
2026-10-09T03:22:02.1771565Z {"Time":"2026-10-09T03:22:02.159411218Z","Action":"output","Package":"tabmail/internal/app/templates","Test":"TestR5PreviewRequiredContentMatchesSubmission/management/subject_omitted","Output":"--- PASS: TestR5PreviewRequiredContentMatchesSubmission/management/subject_omitted (0.00s)\n"}
2026-10-09T03:22:02.1772798Z {"Time":"2026-10-09T03:22:02.159434613Z","Action":"pass","Package":"tabmail/internal/app/templates","Test":"TestR5PreviewRequiredContentMatchesSubmission/management/subject_omitted","Elapsed":0}
2026-10-09T03:22:02.1773997Z {"Time":"2026-10-09T03:22:02.159465649Z","Action":"run","Package":"tabmail/internal/app/templates","Test":"TestR5PreviewRequiredContentMatchesSubmission/management/subject_explicit_empty"}
2026-10-09T03:22:02.1776233Z {"Time":"2026-10-09T03:22:02.159470326Z","Action":"output","Package":"tabmail/internal/app/templates","Test":"TestR5PreviewRequiredContentMatchesSubmission/management/subject_explicit_empty","Output":"=== RUN   TestR5PreviewRequiredContentMatchesSubmission/management/subject_explicit_empty\n"}
2026-10-09T03:22:02.1779098Z {"Time":"2026-10-09T03:22:02.160023661Z","Action":"output","Package":"tabmail/internal/app/templates","Test":"TestR5PreviewRequiredContentMatchesSubmission/management/subject_explicit_empty","Output":"--- PASS: TestR5PreviewRequiredContentMatchesSubmission/management/subject_explicit_empty (0.00s)\n"}
2026-10-09T03:22:02.1781476Z {"Time":"2026-10-09T03:22:02.160047887Z","Action":"pass","Package":"tabmail/internal/app/templates","Test":"TestR5PreviewRequiredContentMatchesSubmission/management/subject_explicit_empty","Elapsed":0}
2026-10-09T03:22:02.1783273Z {"Time":"2026-10-09T03:22:02.160053245Z","Action":"run","Package":"tabmail/internal/app/templates","Test":"TestR5PreviewRequiredContentMatchesSubmission/management/subject_empty_identity"}
2026-10-09T03:22:02.1785701Z {"Time":"2026-10-09T03:22:02.160056379Z","Action":"output","Package":"tabmail/internal/app/templates","Test":"TestR5PreviewRequiredContentMatchesSubmission/management/subject_empty_identity","Output":"=== RUN   TestR5PreviewRequiredContentMatchesSubmission/management/subject_empty_identity\n"}
2026-10-09T03:22:02.1788564Z {"Time":"2026-10-09T03:22:02.160661691Z","Action":"output","Package":"tabmail/internal/app/templates","Test":"TestR5PreviewRequiredContentMatchesSubmission/management/subject_empty_identity","Output":"--- PASS: TestR5PreviewRequiredContentMatchesSubmission/management/subject_empty_identity (0.00s)\n"}
2026-10-09T03:22:02.1790957Z {"Time":"2026-10-09T03:22:02.160671446Z","Action":"pass","Package":"tabmail/internal/app/templates","Test":"TestR5PreviewRequiredContentMatchesSubmission/management/subject_empty_identity","Elapsed":0}
2026-10-09T03:22:02.1792724Z {"Time":"2026-10-09T03:22:02.160676984Z","Action":"run","Package":"tabmail/internal/app/templates","Test":"TestR5PreviewRequiredContentMatchesSubmission/management/text_omitted"}
2026-10-09T03:22:02.1795009Z {"Time":"2026-10-09T03:22:02.16068105Z","Action":"output","Package":"tabmail/internal/app/templates","Test":"TestR5PreviewRequiredContentMatchesSubmission/management/text_omitted","Output":"=== RUN   TestR5PreviewRequiredContentMatchesSubmission/management/text_omitted\n"}
2026-10-09T03:22:02.1797632Z {"Time":"2026-10-09T03:22:02.16127163Z","Action":"output","Package":"tabmail/internal/app/templates","Test":"TestR5PreviewRequiredContentMatchesSubmission/management/text_omitted","Output":"--- PASS: TestR5PreviewRequiredContentMatchesSubmission/management/text_omitted (0.00s)\n"}
2026-10-09T03:22:02.1800031Z {"Time":"2026-10-09T03:22:02.161295726Z","Action":"pass","Package":"tabmail/internal/app/templates","Test":"TestR5PreviewRequiredContentMatchesSubmission/management/text_omitted","Elapsed":0}
2026-10-09T03:22:02.1801880Z {"Time":"2026-10-09T03:22:02.161302015Z","Action":"run","Package":"tabmail/internal/app/templates","Test":"TestR5PreviewRequiredContentMatchesSubmission/management/html_omitted"}
2026-10-09T03:22:02.1803954Z {"Time":"2026-10-09T03:22:02.16130523Z","Action":"output","Package":"tabmail/internal/app/templates","Test":"TestR5PreviewRequiredContentMatchesSubmission/management/html_omitted","Output":"=== RUN   TestR5PreviewRequiredContentMatchesSubmission/management/html_omitted\n"}
2026-10-09T03:22:02.1806709Z {"Time":"2026-10-09T03:22:02.161994006Z","Action":"output","Package":"tabmail/internal/app/templates","Test":"TestR5PreviewRequiredContentMatchesSubmission/management/html_omitted","Output":"--- PASS: TestR5PreviewRequiredContentMatchesSubmission/management/html_omitted (0.00s)\n"}
2026-10-09T03:22:02.1808918Z {"Time":"2026-10-09T03:22:02.162021176Z","Action":"pass","Package":"tabmail/internal/app/templates","Test":"TestR5PreviewRequiredContentMatchesSubmission/management/html_omitted","Elapsed":0}
2026-10-09T03:22:02.1810628Z {"Time":"2026-10-09T03:22:02.162028347Z","Action":"run","Package":"tabmail/internal/app/templates","Test":"TestR5PreviewRequiredContentMatchesSubmission/management/both_bodies_omitted"}
2026-10-09T03:22:02.1812885Z {"Time":"2026-10-09T03:22:02.162031121Z","Action":"output","Package":"tabmail/internal/app/templates","Test":"TestR5PreviewRequiredContentMatchesSubmission/management/both_bodies_omitted","Output":"=== RUN   TestR5PreviewRequiredContentMatchesSubmission/management/both_bodies_omitted\n"}
2026-10-09T03:22:02.1815788Z {"Time":"2026-10-09T03:22:02.163041576Z","Action":"output","Package":"tabmail/internal/app/templates","Test":"TestR5PreviewRequiredContentMatchesSubmission/management/both_bodies_omitted","Output":"--- PASS: TestR5PreviewRequiredContentMatchesSubmission/management/both_bodies_omitted (0.00s)\n"}
2026-10-09T03:22:02.1818070Z {"Time":"2026-10-09T03:22:02.16305767Z","Action":"pass","Package":"tabmail/internal/app/templates","Test":"TestR5PreviewRequiredContentMatchesSubmission/management/both_bodies_omitted","Elapsed":0}
2026-10-09T03:22:02.1819801Z {"Time":"2026-10-09T03:22:02.163065512Z","Action":"run","Package":"tabmail/internal/app/templates","Test":"TestR5PreviewRequiredContentMatchesSubmission/management/html_sanitized_away"}
2026-10-09T03:22:02.1821933Z {"Time":"2026-10-09T03:22:02.163068696Z","Action":"output","Package":"tabmail/internal/app/templates","Test":"TestR5PreviewRequiredContentMatchesSubmission/management/html_sanitized_away","Output":"=== RUN   TestR5PreviewRequiredContentMatchesSubmission/management/html_sanitized_away\n"}
2026-10-09T03:22:02.1823460Z {"Time":"2026-10-09T03:22:02.163962528Z","Action":"output","Package":"tabmail/internal/app/templates","Test":"TestR5PreviewRequiredContentMatchesSubmission/management/html_sanitized_away","Output":"--- PASS: TestR5PreviewRequiredContentMatchesSubmission/management/html_sanitized_away (0.00s)\n"}
2026-10-09T03:22:02.1824941Z {"Time":"2026-10-09T03:22:02.163972292Z","Action":"pass","Package":"tabmail/internal/app/templates","Test":"TestR5PreviewRequiredContentMatchesSubmission/management/html_sanitized_away","Elapsed":0}
2026-10-09T03:22:02.1825936Z {"Time":"2026-10-09T03:22:02.163994235Z","Action":"run","Package":"tabmail/internal/app/templates","Test":"TestR5PreviewRequiredContentMatchesSubmission/management/subject_and_body_omitted"}
2026-10-09T03:22:02.1827201Z {"Time":"2026-10-09T03:22:02.164001085Z","Action":"output","Package":"tabmail/internal/app/templates","Test":"TestR5PreviewRequiredContentMatchesSubmission/management/subject_and_body_omitted","Output":"=== RUN   TestR5PreviewRequiredContentMatchesSubmission/management/subject_and_body_omitted\n"}
2026-10-09T03:22:02.1828764Z {"Time":"2026-10-09T03:22:02.164910931Z","Action":"output","Package":"tabmail/internal/app/templates","Test":"TestR5PreviewRequiredContentMatchesSubmission/management/subject_and_body_omitted","Output":"--- PASS: TestR5PreviewRequiredContentMatchesSubmission/management/subject_and_body_omitted (0.00s)\n"}
2026-10-09T03:22:02.1830322Z {"Time":"2026-10-09T03:22:02.164923369Z","Action":"pass","Package":"tabmail/internal/app/templates","Test":"TestR5PreviewRequiredContentMatchesSubmission/management/subject_and_body_omitted","Elapsed":0}
2026-10-09T03:22:02.1831319Z {"Time":"2026-10-09T03:22:02.164950129Z","Action":"run","Package":"tabmail/internal/app/templates","Test":"TestR5PreviewRequiredContentMatchesSubmission/published/subject_omitted"}
2026-10-09T03:22:02.1832488Z {"Time":"2026-10-09T03:22:02.164953284Z","Action":"output","Package":"tabmail/internal/app/templates","Test":"TestR5PreviewRequiredContentMatchesSubmission/published/subject_omitted","Output":"=== RUN   TestR5PreviewRequiredContentMatchesSubmission/published/subject_omitted\n"}
2026-10-09T03:22:02.1833932Z {"Time":"2026-10-09T03:22:02.165585636Z","Action":"output","Package":"tabmail/internal/app/templates","Test":"TestR5PreviewRequiredContentMatchesSubmission/published/subject_omitted","Output":"--- PASS: TestR5PreviewRequiredContentMatchesSubmission/published/subject_omitted (0.00s)\n"}
2026-10-09T03:22:02.1835254Z {"Time":"2026-10-09T03:22:02.165600097Z","Action":"pass","Package":"tabmail/internal/app/templates","Test":"TestR5PreviewRequiredContentMatchesSubmission/published/subject_omitted","Elapsed":0}
2026-10-09T03:22:02.1836212Z {"Time":"2026-10-09T03:22:02.165614769Z","Action":"run","Package":"tabmail/internal/app/templates","Test":"TestR5PreviewRequiredContentMatchesSubmission/published/subject_explicit_empty"}
2026-10-09T03:22:02.1837451Z {"Time":"2026-10-09T03:22:02.165618274Z","Action":"output","Package":"tabmail/internal/app/templates","Test":"TestR5PreviewRequiredContentMatchesSubmission/published/subject_explicit_empty","Output":"=== RUN   TestR5PreviewRequiredContentMatchesSubmission/published/subject_explicit_empty\n"}
2026-10-09T03:22:02.1839042Z {"Time":"2026-10-09T03:22:02.16627309Z","Action":"output","Package":"tabmail/internal/app/templates","Test":"TestR5PreviewRequiredContentMatchesSubmission/published/subject_explicit_empty","Output":"--- PASS: TestR5PreviewRequiredContentMatchesSubmission/published/subject_explicit_empty (0.00s)\n"}
2026-10-09T03:22:02.1840309Z {"Time":"2026-10-09T03:22:02.166284507Z","Action":"pass","Package":"tabmail/internal/app/templates","Test":"TestR5PreviewRequiredContentMatchesSubmission/published/subject_explicit_empty","Elapsed":0}
2026-10-09T03:22:02.1841278Z {"Time":"2026-10-09T03:22:02.166292068Z","Action":"run","Package":"tabmail/internal/app/templates","Test":"TestR5PreviewRequiredContentMatchesSubmission/published/subject_empty_identity"}
2026-10-09T03:22:02.1842500Z {"Time":"2026-10-09T03:22:02.166297656Z","Action":"output","Package":"tabmail/internal/app/templates","Test":"TestR5PreviewRequiredContentMatchesSubmission/published/subject_empty_identity","Output":"=== RUN   TestR5PreviewRequiredContentMatchesSubmission/published/subject_empty_identity\n"}
2026-10-09T03:22:02.1844032Z {"Time":"2026-10-09T03:22:02.166926143Z","Action":"output","Package":"tabmail/internal/app/templates","Test":"TestR5PreviewRequiredContentMatchesSubmission/published/subject_empty_identity","Output":"--- PASS: TestR5PreviewRequiredContentMatchesSubmission/published/subject_empty_identity (0.00s)\n"}
2026-10-09T03:22:02.1845376Z {"Time":"2026-10-09T03:22:02.166937129Z","Action":"pass","Package":"tabmail/internal/app/templates","Test":"TestR5PreviewRequiredContentMatchesSubmission/published/subject_empty_identity","Elapsed":0}
2026-10-09T03:22:02.1846309Z {"Time":"2026-10-09T03:22:02.166952382Z","Action":"run","Package":"tabmail/internal/app/templates","Test":"TestR5PreviewRequiredContentMatchesSubmission/published/text_omitted"}
2026-10-09T03:22:02.1847449Z {"Time":"2026-10-09T03:22:02.166955617Z","Action":"output","Package":"tabmail/internal/app/templates","Test":"TestR5PreviewRequiredContentMatchesSubmission/published/text_omitted","Output":"=== RUN   TestR5PreviewRequiredContentMatchesSubmission/published/text_omitted\n"}
2026-10-09T03:22:02.1849063Z {"Time":"2026-10-09T03:22:02.167592355Z","Action":"output","Package":"tabmail/internal/app/templates","Test":"TestR5PreviewRequiredContentMatchesSubmission/published/text_omitted","Output":"--- PASS: TestR5PreviewRequiredContentMatchesSubmission/published/text_omitted (0.00s)\n"}
2026-10-09T03:22:02.1850265Z {"Time":"2026-10-09T03:22:02.167601329Z","Action":"pass","Package":"tabmail/internal/app/templates","Test":"TestR5PreviewRequiredContentMatchesSubmission/published/text_omitted","Elapsed":0}
2026-10-09T03:22:02.1851184Z {"Time":"2026-10-09T03:22:02.167620467Z","Action":"run","Package":"tabmail/internal/app/templates","Test":"TestR5PreviewRequiredContentMatchesSubmission/published/html_omitted"}
2026-10-09T03:22:02.1852317Z {"Time":"2026-10-09T03:22:02.167623922Z","Action":"output","Package":"tabmail/internal/app/templates","Test":"TestR5PreviewRequiredContentMatchesSubmission/published/html_omitted","Output":"=== RUN   TestR5PreviewRequiredContentMatchesSubmission/published/html_omitted\n"}
2026-10-09T03:22:02.1853735Z {"Time":"2026-10-09T03:22:02.168932471Z","Action":"output","Package":"tabmail/internal/app/templates","Test":"TestR5PreviewRequiredContentMatchesSubmission/published/html_omitted","Output":"--- PASS: TestR5PreviewRequiredContentMatchesSubmission/published/html_omitted (0.00s)\n"}
2026-10-09T03:22:02.1855012Z {"Time":"2026-10-09T03:22:02.168946452Z","Action":"pass","Package":"tabmail/internal/app/templates","Test":"TestR5PreviewRequiredContentMatchesSubmission/published/html_omitted","Elapsed":0}
2026-10-09T03:22:02.1855933Z {"Time":"2026-10-09T03:22:02.169478425Z","Action":"run","Package":"tabmail/internal/app/templates","Test":"TestR5PreviewRequiredContentMatchesSubmission/published/both_bodies_omitted"}
2026-10-09T03:22:02.1857128Z {"Time":"2026-10-09T03:22:02.169487208Z","Action":"output","Package":"tabmail/internal/app/templates","Test":"TestR5PreviewRequiredContentMatchesSubmission/published/both_bodies_omitted","Output":"=== RUN   TestR5PreviewRequiredContentMatchesSubmission/published/both_bodies_omitted\n"}
2026-10-09T03:22:02.1858610Z {"Time":"2026-10-09T03:22:02.170028644Z","Action":"output","Package":"tabmail/internal/app/templates","Test":"TestR5PreviewRequiredContentMatchesSubmission/published/both_bodies_omitted","Output":"--- PASS: TestR5PreviewRequiredContentMatchesSubmission/published/both_bodies_omitted (0.00s)\n"}
2026-10-09T03:22:02.1859848Z {"Time":"2026-10-09T03:22:02.170476101Z","Action":"pass","Package":"tabmail/internal/app/templates","Test":"TestR5PreviewRequiredContentMatchesSubmission/published/both_bodies_omitted","Elapsed":0}
2026-10-09T03:22:02.1860796Z {"Time":"2026-10-09T03:22:02.170487448Z","Action":"run","Package":"tabmail/internal/app/templates","Test":"TestR5PreviewRequiredContentMatchesSubmission/published/html_sanitized_away"}
2026-10-09T03:22:02.1861984Z {"Time":"2026-10-09T03:22:02.170490743Z","Action":"output","Package":"tabmail/internal/app/templates","Test":"TestR5PreviewRequiredContentMatchesSubmission/published/html_sanitized_away","Output":"=== RUN   TestR5PreviewRequiredContentMatchesSubmission/published/html_sanitized_away\n"}
2026-10-09T03:22:02.1863472Z {"Time":"2026-10-09T03:22:02.170961224Z","Action":"output","Package":"tabmail/internal/app/templates","Test":"TestR5PreviewRequiredContentMatchesSubmission/published/html_sanitized_away","Output":"--- PASS: TestR5PreviewRequiredContentMatchesSubmission/published/html_sanitized_away (0.00s)\n"}
2026-10-09T03:22:02.1864786Z {"Time":"2026-10-09T03:22:02.170980212Z","Action":"pass","Package":"tabmail/internal/app/templates","Test":"TestR5PreviewRequiredContentMatchesSubmission/published/html_sanitized_away","Elapsed":0}
2026-10-09T03:22:02.1865738Z {"Time":"2026-10-09T03:22:02.170999831Z","Action":"run","Package":"tabmail/internal/app/templates","Test":"TestR5PreviewRequiredContentMatchesSubmission/published/subject_and_body_omitted"}
2026-10-09T03:22:02.1867124Z {"Time":"2026-10-09T03:22:02.171006661Z","Action":"output","Package":"tabmail/internal/app/templates","Test":"TestR5PreviewRequiredContentMatchesSubmission/published/subject_and_body_omitted","Output":"=== RUN   TestR5PreviewRequiredContentMatchesSubmission/published/subject_and_body_omitted\n"}
2026-10-09T03:22:02.1868755Z {"Time":"2026-10-09T03:22:02.171897789Z","Action":"output","Package":"tabmail/internal/app/templates","Test":"TestR5PreviewRequiredContentMatchesSubmission/published/subject_and_body_omitted","Output":"--- PASS: TestR5PreviewRequiredContentMatchesSubmission/published/subject_and_body_omitted (0.00s)\n"}
2026-10-09T03:22:02.1870055Z {"Time":"2026-10-09T03:22:02.171905861Z","Action":"pass","Package":"tabmail/internal/app/templates","Test":"TestR5PreviewRequiredContentMatchesSubmission/published/subject_and_body_omitted","Elapsed":0}
2026-10-09T03:22:02.1871154Z {"Time":"2026-10-09T03:22:02.171936206Z","Action":"output","Package":"tabmail/internal/app/templates","Test":"TestR5PreviewRequiredContentMatchesSubmission","Output":"--- PASS: TestR5PreviewRequiredContentMatchesSubmission (0.01s)\n"}
2026-10-09T03:22:02.1872159Z {"Time":"2026-10-09T03:22:02.171941604Z","Action":"pass","Package":"tabmail/internal/app/templates","Test":"TestR5PreviewRequiredContentMatchesSubmission","Elapsed":0.01}
2026-10-09T03:22:02.1872981Z {"Time":"2026-10-09T03:22:02.17195909Z","Action":"run","Package":"tabmail/internal/app/templates","Test":"TestR5PreviewRequiredContentPreservesUsableOutput"}
2026-10-09T03:22:02.1873977Z {"Time":"2026-10-09T03:22:02.171962145Z","Action":"output","Package":"tabmail/internal/app/templates","Test":"TestR5PreviewRequiredContentPreservesUsableOutput","Output":"=== RUN   TestR5PreviewRequiredContentPreservesUsableOutput\n"}
2026-10-09T03:22:02.1875108Z {"Time":"2026-10-09T03:22:02.172010647Z","Action":"run","Package":"tabmail/internal/app/templates","Test":"TestR5PreviewRequiredContentPreservesUsableOutput/management/text_only"}
2026-10-09T03:22:02.1876280Z {"Time":"2026-10-09T03:22:02.172016436Z","Action":"output","Package":"tabmail/internal/app/templates","Test":"TestR5PreviewRequiredContentPreservesUsableOutput/management/text_only","Output":"=== RUN   TestR5PreviewRequiredContentPreservesUsableOutput/management/text_only\n"}
2026-10-09T03:22:02.1877731Z {"Time":"2026-10-09T03:22:02.172571483Z","Action":"output","Package":"tabmail/internal/app/templates","Test":"TestR5PreviewRequiredContentPreservesUsableOutput/management/text_only","Output":"--- PASS: TestR5PreviewRequiredContentPreservesUsableOutput/management/text_only (0.00s)\n"}
2026-10-09T03:22:02.1878942Z {"Time":"2026-10-09T03:22:02.172579605Z","Action":"pass","Package":"tabmail/internal/app/templates","Test":"TestR5PreviewRequiredContentPreservesUsableOutput/management/text_only","Elapsed":0}
2026-10-09T03:22:02.1879865Z {"Time":"2026-10-09T03:22:02.172601548Z","Action":"run","Package":"tabmail/internal/app/templates","Test":"TestR5PreviewRequiredContentPreservesUsableOutput/management/html_only"}
2026-10-09T03:22:02.1881012Z {"Time":"2026-10-09T03:22:02.172612584Z","Action":"output","Package":"tabmail/internal/app/templates","Test":"TestR5PreviewRequiredContentPreservesUsableOutput/management/html_only","Output":"=== RUN   TestR5PreviewRequiredContentPreservesUsableOutput/management/html_only\n"}
2026-10-09T03:22:02.1882459Z {"Time":"2026-10-09T03:22:02.173204796Z","Action":"output","Package":"tabmail/internal/app/templates","Test":"TestR5PreviewRequiredContentPreservesUsableOutput/management/html_only","Output":"--- PASS: TestR5PreviewRequiredContentPreservesUsableOutput/management/html_only (0.00s)\n"}
2026-10-09T03:22:02.1883659Z {"Time":"2026-10-09T03:22:02.173224065Z","Action":"pass","Package":"tabmail/internal/app/templates","Test":"TestR5PreviewRequiredContentPreservesUsableOutput/management/html_only","Elapsed":0}
2026-10-09T03:22:02.1884714Z {"Time":"2026-10-09T03:22:02.173231486Z","Action":"run","Package":"tabmail/internal/app/templates","Test":"TestR5PreviewRequiredContentPreservesUsableOutput/management/optional_text_with_html"}
2026-10-09T03:22:02.1886114Z {"Time":"2026-10-09T03:22:02.17323431Z","Action":"output","Package":"tabmail/internal/app/templates","Test":"TestR5PreviewRequiredContentPreservesUsableOutput/management/optional_text_with_html","Output":"=== RUN   TestR5PreviewRequiredContentPreservesUsableOutput/management/optional_text_with_html\n"}
2026-10-09T03:22:02.1887801Z {"Time":"2026-10-09T03:22:02.173829517Z","Action":"output","Package":"tabmail/internal/app/templates","Test":"TestR5PreviewRequiredContentPreservesUsableOutput/management/optional_text_with_html","Output":"--- PASS: TestR5PreviewRequiredContentPreservesUsableOutput/management/optional_text_with_html (0.00s)\n"}
2026-10-09T03:22:02.1889128Z {"Time":"2026-10-09T03:22:02.173851209Z","Action":"pass","Package":"tabmail/internal/app/templates","Test":"TestR5PreviewRequiredContentPreservesUsableOutput/management/optional_text_with_html","Elapsed":0}
2026-10-09T03:22:02.1890130Z {"Time":"2026-10-09T03:22:02.17387868Z","Action":"run","Package":"tabmail/internal/app/templates","Test":"TestR5PreviewRequiredContentPreservesUsableOutput/management/optional_html_with_text"}
2026-10-09T03:22:02.1891412Z {"Time":"2026-10-09T03:22:02.173887833Z","Action":"output","Package":"tabmail/internal/app/templates","Test":"TestR5PreviewRequiredContentPreservesUsableOutput/management/optional_html_with_text","Output":"=== RUN   TestR5PreviewRequiredContentPreservesUsableOutput/management/optional_html_with_text\n"}
2026-10-09T03:22:02.1893008Z {"Time":"2026-10-09T03:22:02.175526835Z","Action":"output","Package":"tabmail/internal/app/templates","Test":"TestR5PreviewRequiredContentPreservesUsableOutput/management/optional_html_with_text","Output":"--- PASS: TestR5PreviewRequiredContentPreservesUsableOutput/management/optional_html_with_text (0.00s)\n"}
2026-10-09T03:22:02.1894326Z {"Time":"2026-10-09T03:22:02.175531842Z","Action":"pass","Package":"tabmail/internal/app/templates","Test":"TestR5PreviewRequiredContentPreservesUsableOutput/management/optional_html_with_text","Elapsed":0}
2026-10-09T03:22:02.1895409Z {"Time":"2026-10-09T03:22:02.175535698Z","Action":"run","Package":"tabmail/internal/app/templates","Test":"TestR5PreviewRequiredContentPreservesUsableOutput/management/whitespace_subject"}
2026-10-09T03:22:02.1896650Z {"Time":"2026-10-09T03:22:02.175538693Z","Action":"output","Package":"tabmail/internal/app/templates","Test":"TestR5PreviewRequiredContentPreservesUsableOutput/management/whitespace_subject","Output":"=== RUN   TestR5PreviewRequiredContentPreservesUsableOutput/management/whitespace_subject\n"}
2026-10-09T03:22:02.1898191Z {"Time":"2026-10-09T03:22:02.175542999Z","Action":"output","Package":"tabmail/internal/app/templates","Test":"TestR5PreviewRequiredContentPreservesUsableOutput/management/whitespace_subject","Output":"--- PASS: TestR5PreviewRequiredContentPreservesUsableOutput/management/whitespace_subject (0.00s)\n"}
2026-10-09T03:22:02.1899486Z {"Time":"2026-10-09T03:22:02.175546474Z","Action":"pass","Package":"tabmail/internal/app/templates","Test":"TestR5PreviewRequiredContentPreservesUsableOutput/management/whitespace_subject","Elapsed":0}
2026-10-09T03:22:02.1900453Z {"Time":"2026-10-09T03:22:02.175549549Z","Action":"run","Package":"tabmail/internal/app/templates","Test":"TestR5PreviewRequiredContentPreservesUsableOutput/management/whitespace_text"}
2026-10-09T03:22:02.1901675Z {"Time":"2026-10-09T03:22:02.175552112Z","Action":"output","Package":"tabmail/internal/app/templates","Test":"TestR5PreviewRequiredContentPreservesUsableOutput/management/whitespace_text","Output":"=== RUN   TestR5PreviewRequiredContentPreservesUsableOutput/management/whitespace_text\n"}
2026-10-09T03:22:02.1903191Z {"Time":"2026-10-09T03:22:02.175703178Z","Action":"output","Package":"tabmail/internal/app/templates","Test":"TestR5PreviewRequiredContentPreservesUsableOutput/management/whitespace_text","Output":"--- PASS: TestR5PreviewRequiredContentPreservesUsableOutput/management/whitespace_text (0.00s)\n"}
2026-10-09T03:22:02.1904542Z {"Time":"2026-10-09T03:22:02.175709707Z","Action":"pass","Package":"tabmail/internal/app/templates","Test":"TestR5PreviewRequiredContentPreservesUsableOutput/management/whitespace_text","Elapsed":0}
2026-10-09T03:22:02.1905755Z {"Time":"2026-10-09T03:22:02.17574491Z","Action":"run","Package":"tabmail/internal/app/templates","Test":"TestR5PreviewRequiredContentPreservesUsableOutput/management/sanitized_html_with_text"}
2026-10-09T03:22:02.1907052Z {"Time":"2026-10-09T03:22:02.175747824Z","Action":"output","Package":"tabmail/internal/app/templates","Test":"TestR5PreviewRequiredContentPreservesUsableOutput/management/sanitized_html_with_text","Output":"=== RUN   TestR5PreviewRequiredContentPreservesUsableOutput/management/sanitized_html_with_text\n"}
2026-10-09T03:22:02.1908661Z {"Time":"2026-10-09T03:22:02.176227008Z","Action":"output","Package":"tabmail/internal/app/templates","Test":"TestR5PreviewRequiredContentPreservesUsableOutput/management/sanitized_html_with_text","Output":"--- PASS: TestR5PreviewRequiredContentPreservesUsableOutput/management/sanitized_html_with_text (0.00s)\n"}
2026-10-09T03:22:02.1909998Z {"Time":"2026-10-09T03:22:02.176234109Z","Action":"pass","Package":"tabmail/internal/app/templates","Test":"TestR5PreviewRequiredContentPreservesUsableOutput/management/sanitized_html_with_text","Elapsed":0}
2026-10-09T03:22:02.1910971Z {"Time":"2026-10-09T03:22:02.176264073Z","Action":"run","Package":"tabmail/internal/app/templates","Test":"TestR5PreviewRequiredContentPreservesUsableOutput/management/server_identity"}
2026-10-09T03:22:02.1912184Z {"Time":"2026-10-09T03:22:02.176266937Z","Action":"output","Package":"tabmail/internal/app/templates","Test":"TestR5PreviewRequiredContentPreservesUsableOutput/management/server_identity","Output":"=== RUN   TestR5PreviewRequiredContentPreservesUsableOutput/management/server_identity\n"}
2026-10-09T03:22:02.1913691Z {"Time":"2026-10-09T03:22:02.176791329Z","Action":"output","Package":"tabmail/internal/app/templates","Test":"TestR5PreviewRequiredContentPreservesUsableOutput/management/server_identity","Output":"--- PASS: TestR5PreviewRequiredContentPreservesUsableOutput/management/server_identity (0.00s)\n"}
2026-10-09T03:22:02.1915033Z {"Time":"2026-10-09T03:22:02.176799491Z","Action":"pass","Package":"tabmail/internal/app/templates","Test":"TestR5PreviewRequiredContentPreservesUsableOutput/management/server_identity","Elapsed":0}
2026-10-09T03:22:02.1915972Z {"Time":"2026-10-09T03:22:02.176830186Z","Action":"run","Package":"tabmail/internal/app/templates","Test":"TestR5PreviewRequiredContentPreservesUsableOutput/published/text_only"}
2026-10-09T03:22:02.1917119Z {"Time":"2026-10-09T03:22:02.176833371Z","Action":"output","Package":"tabmail/internal/app/templates","Test":"TestR5PreviewRequiredContentPreservesUsableOutput/published/text_only","Output":"=== RUN   TestR5PreviewRequiredContentPreservesUsableOutput/published/text_only\n"}
2026-10-09T03:22:02.1918550Z {"Time":"2026-10-09T03:22:02.177362129Z","Action":"output","Package":"tabmail/internal/app/templates","Test":"TestR5PreviewRequiredContentPreservesUsableOutput/published/text_only","Output":"--- PASS: TestR5PreviewRequiredContentPreservesUsableOutput/published/text_only (0.00s)\n"}
2026-10-09T03:22:02.1919791Z {"Time":"2026-10-09T03:22:02.17738317Z","Action":"pass","Package":"tabmail/internal/app/templates","Test":"TestR5PreviewRequiredContentPreservesUsableOutput/published/text_only","Elapsed":0}
2026-10-09T03:22:02.1920715Z {"Time":"2026-10-09T03:22:02.177402539Z","Action":"run","Package":"tabmail/internal/app/templates","Test":"TestR5PreviewRequiredContentPreservesUsableOutput/published/html_only"}
2026-10-09T03:22:02.1921874Z {"Time":"2026-10-09T03:22:02.177405123Z","Action":"output","Package":"tabmail/internal/app/templates","Test":"TestR5PreviewRequiredContentPreservesUsableOutput/published/html_only","Output":"=== RUN   TestR5PreviewRequiredContentPreservesUsableOutput/published/html_only\n"}
2026-10-09T03:22:02.1923298Z {"Time":"2026-10-09T03:22:02.178315129Z","Action":"output","Package":"tabmail/internal/app/templates","Test":"TestR5PreviewRequiredContentPreservesUsableOutput/published/html_only","Output":"--- PASS: TestR5PreviewRequiredContentPreservesUsableOutput/published/html_only (0.00s)\n"}
2026-10-09T03:22:02.1924782Z {"Time":"2026-10-09T03:22:02.178327708Z","Action":"pass","Package":"tabmail/internal/app/templates","Test":"TestR5PreviewRequiredContentPreservesUsableOutput/published/html_only","Elapsed":0}
2026-10-09T03:22:02.1925756Z {"Time":"2026-10-09T03:22:02.178352054Z","Action":"run","Package":"tabmail/internal/app/templates","Test":"TestR5PreviewRequiredContentPreservesUsableOutput/published/optional_text_with_html"}
2026-10-09T03:22:02.1927029Z {"Time":"2026-10-09T03:22:02.178364422Z","Action":"output","Package":"tabmail/internal/app/templates","Test":"TestR5PreviewRequiredContentPreservesUsableOutput/published/optional_text_with_html","Output":"=== RUN   TestR5PreviewRequiredContentPreservesUsableOutput/published/optional_text_with_html\n"}
2026-10-09T03:22:02.1928627Z {"Time":"2026-10-09T03:22:02.179014961Z","Action":"output","Package":"tabmail/internal/app/templates","Test":"TestR5PreviewRequiredContentPreservesUsableOutput/published/optional_text_with_html","Output":"--- PASS: TestR5PreviewRequiredContentPreservesUsableOutput/published/optional_text_with_html (0.00s)\n"}
2026-10-09T03:22:02.1929954Z {"Time":"2026-10-09T03:22:02.179023785Z","Action":"pass","Package":"tabmail/internal/app/templates","Test":"TestR5PreviewRequiredContentPreservesUsableOutput/published/optional_text_with_html","Elapsed":0}
2026-10-09T03:22:02.1930993Z {"Time":"2026-10-09T03:22:02.179048221Z","Action":"run","Package":"tabmail/internal/app/templates","Test":"TestR5PreviewRequiredContentPreservesUsableOutput/published/optional_html_with_text"}
2026-10-09T03:22:02.1932263Z {"Time":"2026-10-09T03:22:02.17906779Z","Action":"output","Package":"tabmail/internal/app/templates","Test":"TestR5PreviewRequiredContentPreservesUsableOutput/published/optional_html_with_text","Output":"=== RUN   TestR5PreviewRequiredContentPreservesUsableOutput/published/optional_html_with_text\n"}
2026-10-09T03:22:02.1933850Z {"Time":"2026-10-09T03:22:02.179655886Z","Action":"output","Package":"tabmail/internal/app/templates","Test":"TestR5PreviewRequiredContentPreservesUsableOutput/published/optional_html_with_text","Output":"--- PASS: TestR5PreviewRequiredContentPreservesUsableOutput/published/optional_html_with_text (0.00s)\n"}
2026-10-09T03:22:02.1935263Z {"Time":"2026-10-09T03:22:02.179689456Z","Action":"pass","Package":"tabmail/internal/app/templates","Test":"TestR5PreviewRequiredContentPreservesUsableOutput/published/optional_html_with_text","Elapsed":0}
2026-10-09T03:22:02.1936251Z {"Time":"2026-10-09T03:22:02.179697759Z","Action":"run","Package":"tabmail/internal/app/templates","Test":"TestR5PreviewRequiredContentPreservesUsableOutput/published/whitespace_subject"}
2026-10-09T03:22:02.1937494Z {"Time":"2026-10-09T03:22:02.179700963Z","Action":"output","Package":"tabmail/internal/app/templates","Test":"TestR5PreviewRequiredContentPreservesUsableOutput/published/whitespace_subject","Output":"=== RUN   TestR5PreviewRequiredContentPreservesUsableOutput/published/whitespace_subject\n"}
2026-10-09T03:22:02.1939037Z {"Time":"2026-10-09T03:22:02.180155981Z","Action":"output","Package":"tabmail/internal/app/templates","Test":"TestR5PreviewRequiredContentPreservesUsableOutput/published/whitespace_subject","Output":"--- PASS: TestR5PreviewRequiredContentPreservesUsableOutput/published/whitespace_subject (0.00s)\n"}
2026-10-09T03:22:02.1940310Z {"Time":"2026-10-09T03:22:02.180188269Z","Action":"pass","Package":"tabmail/internal/app/templates","Test":"TestR5PreviewRequiredContentPreservesUsableOutput/published/whitespace_subject","Elapsed":0}
2026-10-09T03:22:02.1941279Z {"Time":"2026-10-09T03:22:02.180201849Z","Action":"run","Package":"tabmail/internal/app/templates","Test":"TestR5PreviewRequiredContentPreservesUsableOutput/published/whitespace_text"}
2026-10-09T03:22:02.1942490Z {"Time":"2026-10-09T03:22:02.180205084Z","Action":"output","Package":"tabmail/internal/app/templates","Test":"TestR5PreviewRequiredContentPreservesUsableOutput/published/whitespace_text","Output":"=== RUN   TestR5PreviewRequiredContentPreservesUsableOutput/published/whitespace_text\n"}
2026-10-09T03:22:02.1944231Z {"Time":"2026-10-09T03:22:02.18073287Z","Action":"output","Package":"tabmail/internal/app/templates","Test":"TestR5PreviewRequiredContentPreservesUsableOutput/published/whitespace_text","Output":"--- PASS: TestR5PreviewRequiredContentPreservesUsableOutput/published/whitespace_text (0.00s)\n"}
2026-10-09T03:22:02.1945572Z {"Time":"2026-10-09T03:22:02.180740993Z","Action":"pass","Package":"tabmail/internal/app/templates","Test":"TestR5PreviewRequiredContentPreservesUsableOutput/published/whitespace_text","Elapsed":0}
2026-10-09T03:22:02.1946549Z {"Time":"2026-10-09T03:22:02.180769125Z","Action":"run","Package":"tabmail/internal/app/templates","Test":"TestR5PreviewRequiredContentPreservesUsableOutput/published/sanitized_html_with_text"}
2026-10-09T03:22:02.1947849Z {"Time":"2026-10-09T03:22:02.180774172Z","Action":"output","Package":"tabmail/internal/app/templates","Test":"TestR5PreviewRequiredContentPreservesUsableOutput/published/sanitized_html_with_text","Output":"=== RUN   TestR5PreviewRequiredContentPreservesUsableOutput/published/sanitized_html_with_text\n"}
2026-10-09T03:22:02.1949449Z {"Time":"2026-10-09T03:22:02.181361878Z","Action":"output","Package":"tabmail/internal/app/templates","Test":"TestR5PreviewRequiredContentPreservesUsableOutput/published/sanitized_html_with_text","Output":"--- PASS: TestR5PreviewRequiredContentPreservesUsableOutput/published/sanitized_html_with_text (0.00s)\n"}
2026-10-09T03:22:02.1950778Z {"Time":"2026-10-09T03:22:02.181369789Z","Action":"pass","Package":"tabmail/internal/app/templates","Test":"TestR5PreviewRequiredContentPreservesUsableOutput/published/sanitized_html_with_text","Elapsed":0}
2026-10-09T03:22:02.1951752Z {"Time":"2026-10-09T03:22:02.181398743Z","Action":"run","Package":"tabmail/internal/app/templates","Test":"TestR5PreviewRequiredContentPreservesUsableOutput/published/server_identity"}
2026-10-09T03:22:02.1952960Z {"Time":"2026-10-09T03:22:02.18140362Z","Action":"output","Package":"tabmail/internal/app/templates","Test":"TestR5PreviewRequiredContentPreservesUsableOutput/published/server_identity","Output":"=== RUN   TestR5PreviewRequiredContentPreservesUsableOutput/published/server_identity\n"}
2026-10-09T03:22:02.1954540Z {"Time":"2026-10-09T03:22:02.18206809Z","Action":"output","Package":"tabmail/internal/app/templates","Test":"TestR5PreviewRequiredContentPreservesUsableOutput/published/server_identity","Output":"--- PASS: TestR5PreviewRequiredContentPreservesUsableOutput/published/server_identity (0.00s)\n"}
2026-10-09T03:22:02.1955787Z {"Time":"2026-10-09T03:22:02.182076392Z","Action":"pass","Package":"tabmail/internal/app/templates","Test":"TestR5PreviewRequiredContentPreservesUsableOutput/published/server_identity","Elapsed":0}
2026-10-09T03:22:02.1956907Z {"Time":"2026-10-09T03:22:02.18210836Z","Action":"output","Package":"tabmail/internal/app/templates","Test":"TestR5PreviewRequiredContentPreservesUsableOutput","Output":"--- PASS: TestR5PreviewRequiredContentPreservesUsableOutput (0.01s)\n"}
2026-10-09T03:22:02.1957961Z {"Time":"2026-10-09T03:22:02.182124293Z","Action":"pass","Package":"tabmail/internal/app/templates","Test":"TestR5PreviewRequiredContentPreservesUsableOutput","Elapsed":0.01}
2026-10-09T03:22:02.1958667Z {"Time":"2026-10-09T03:22:02.182152816Z","Action":"output","Package":"tabmail/internal/app/templates","Output":"PASS\n"}
2026-10-09T03:22:03.1846373Z {"Time":"2026-10-09T03:22:03.184367423Z","Action":"output","Package":"tabmail/internal/app/templates","Output":"ok  \ttabmail/internal/app/templates\t1.086s\n"}
2026-10-09T03:22:03.1847124Z {"Time":"2026-10-09T03:22:03.184396927Z","Action":"pass","Package":"tabmail/internal/app/templates","Elapsed":1.086}
2026-10-09T03:22:03.9087103Z {"Time":"2026-10-09T03:22:03.908482082Z","Action":"start","Package":"tabmail/internal/app/admin"}
2026-10-09T03:22:03.9292744Z {"Time":"2026-10-09T03:22:03.929051684Z","Action":"run","Package":"tabmail/internal/app/admin","Test":"TestR5SettingIntegerRejectsIncompleteValues"}
2026-10-09T03:22:03.9294069Z {"Time":"2026-10-09T03:22:03.929078804Z","Action":"output","Package":"tabmail/internal/app/admin","Test":"TestR5SettingIntegerRejectsIncompleteValues","Output":"=== RUN   TestR5SettingIntegerRejectsIncompleteValues\n"}
2026-10-09T03:22:03.9295711Z {"Time":"2026-10-09T03:22:03.929111103Z","Action":"run","Package":"tabmail/internal/app/admin","Test":"TestR5SettingIntegerRejectsIncompleteValues/route_suffix"}
2026-10-09T03:22:03.9297451Z {"Time":"2026-10-09T03:22:03.929114427Z","Action":"output","Package":"tabmail/internal/app/admin","Test":"TestR5SettingIntegerRejectsIncompleteValues/route_suffix","Output":"=== RUN   TestR5SettingIntegerRejectsIncompleteValues/route_suffix\n"}
2026-10-09T03:22:03.9299694Z {"Time":"2026-10-09T03:22:03.929489206Z","Action":"output","Package":"tabmail/internal/app/admin","Test":"TestR5SettingIntegerRejectsIncompleteValues/route_suffix","Output":"--- PASS: TestR5SettingIntegerRejectsIncompleteValues/route_suffix (0.00s)\n"}
2026-10-09T03:22:03.9301558Z {"Time":"2026-10-09T03:22:03.929501334Z","Action":"pass","Package":"tabmail/internal/app/admin","Test":"TestR5SettingIntegerRejectsIncompleteValues/route_suffix","Elapsed":0}
2026-10-09T03:22:03.9302976Z {"Time":"2026-10-09T03:22:03.929507643Z","Action":"run","Package":"tabmail/internal/app/admin","Test":"TestR5SettingIntegerRejectsIncompleteValues/tenant_fraction"}
2026-10-09T03:22:03.9304917Z {"Time":"2026-10-09T03:22:03.929510778Z","Action":"output","Package":"tabmail/internal/app/admin","Test":"TestR5SettingIntegerRejectsIncompleteValues/tenant_fraction","Output":"=== RUN   TestR5SettingIntegerRejectsIncompleteValues/tenant_fraction\n"}
2026-10-09T03:22:03.9307159Z {"Time":"2026-10-09T03:22:03.929516006Z","Action":"output","Package":"tabmail/internal/app/admin","Test":"TestR5SettingIntegerRejectsIncompleteValues/tenant_fraction","Output":"--- PASS: TestR5SettingIntegerRejectsIncompleteValues/tenant_fraction (0.00s)\n"}
2026-10-09T03:22:03.9308934Z {"Time":"2026-10-09T03:22:03.929523186Z","Action":"pass","Package":"tabmail/internal/app/admin","Test":"TestR5SettingIntegerRejectsIncompleteValues/tenant_fraction","Elapsed":0}
2026-10-09T03:22:03.9310054Z {"Time":"2026-10-09T03:22:03.929527853Z","Action":"run","Package":"tabmail/internal/app/admin","Test":"TestR5SettingIntegerRejectsIncompleteValues/history_two_numbers"}
2026-10-09T03:22:03.9311887Z {"Time":"2026-10-09T03:22:03.929530758Z","Action":"output","Package":"tabmail/internal/app/admin","Test":"TestR5SettingIntegerRejectsIncompleteValues/history_two_numbers","Output":"=== RUN   TestR5SettingIntegerRejectsIncompleteValues/history_two_numbers\n"}
2026-10-09T03:22:03.9314084Z {"Time":"2026-10-09T03:22:03.929535014Z","Action":"output","Package":"tabmail/internal/app/admin","Test":"TestR5SettingIntegerRejectsIncompleteValues/history_two_numbers","Output":"--- PASS: TestR5SettingIntegerRejectsIncompleteValues/history_two_numbers (0.00s)\n"}
2026-10-09T03:22:03.9315892Z {"Time":"2026-10-09T03:22:03.929538459Z","Action":"pass","Package":"tabmail/internal/app/admin","Test":"TestR5SettingIntegerRejectsIncompleteValues/history_two_numbers","Elapsed":0}
2026-10-09T03:22:03.9317357Z {"Time":"2026-10-09T03:22:03.929541864Z","Action":"run","Package":"tabmail/internal/app/admin","Test":"TestR5SettingIntegerRejectsIncompleteValues/retention_exponent"}
2026-10-09T03:22:03.9319170Z {"Time":"2026-10-09T03:22:03.929547382Z","Action":"output","Package":"tabmail/internal/app/admin","Test":"TestR5SettingIntegerRejectsIncompleteValues/retention_exponent","Output":"=== RUN   TestR5SettingIntegerRejectsIncompleteValues/retention_exponent\n"}
2026-10-09T03:22:03.9321166Z {"Time":"2026-10-09T03:22:03.929555474Z","Action":"output","Package":"tabmail/internal/app/admin","Test":"TestR5SettingIntegerRejectsIncompleteValues/retention_exponent","Output":"--- PASS: TestR5SettingIntegerRejectsIncompleteValues/retention_exponent (0.00s)\n"}
2026-10-09T03:22:03.9322270Z {"Time":"2026-10-09T03:22:03.9295591Z","Action":"pass","Package":"tabmail/internal/app/admin","Test":"TestR5SettingIntegerRejectsIncompleteValues/retention_exponent","Elapsed":0}
2026-10-09T03:22:03.9323266Z {"Time":"2026-10-09T03:22:03.929574773Z","Action":"run","Package":"tabmail/internal/app/admin","Test":"TestR5SettingIntegerRejectsIncompleteValues/public_hex"}
2026-10-09T03:22:03.9324364Z {"Time":"2026-10-09T03:22:03.929582705Z","Action":"output","Package":"tabmail/internal/app/admin","Test":"TestR5SettingIntegerRejectsIncompleteValues/public_hex","Output":"=== RUN   TestR5SettingIntegerRejectsIncompleteValues/public_hex\n"}
2026-10-09T03:22:03.9326583Z {"Time":"2026-10-09T03:22:03.929655534Z","Action":"output","Package":"tabmail/internal/app/admin","Test":"TestR5SettingIntegerRejectsIncompleteValues/public_hex","Output":"--- PASS: TestR5SettingIntegerRejectsIncompleteValues/public_hex (0.00s)\n"}
2026-10-09T03:22:03.9327707Z {"Time":"2026-10-09T03:22:03.929708653Z","Action":"pass","Package":"tabmail/internal/app/admin","Test":"TestR5SettingIntegerRejectsIncompleteValues/public_hex","Elapsed":0}
2026-10-09T03:22:03.9328553Z {"Time":"2026-10-09T03:22:03.929725468Z","Action":"run","Package":"tabmail/internal/app/admin","Test":"TestR5SettingIntegerRejectsIncompleteValues/leading_whitespace"}
2026-10-09T03:22:03.9329633Z {"Time":"2026-10-09T03:22:03.929739939Z","Action":"output","Package":"tabmail/internal/app/admin","Test":"TestR5SettingIntegerRejectsIncompleteValues/leading_whitespace","Output":"=== RUN   TestR5SettingIntegerRejectsIncompleteValues/leading_whitespace\n"}
2026-10-09T03:22:03.9330955Z {"Time":"2026-10-09T03:22:03.929789433Z","Action":"output","Package":"tabmail/internal/app/admin","Test":"TestR5SettingIntegerRejectsIncompleteValues/leading_whitespace","Output":"--- PASS: TestR5SettingIntegerRejectsIncompleteValues/leading_whitespace (0.00s)\n"}
2026-10-09T03:22:03.9332102Z {"Time":"2026-10-09T03:22:03.929807029Z","Action":"pass","Package":"tabmail/internal/app/admin","Test":"TestR5SettingIntegerRejectsIncompleteValues/leading_whitespace","Elapsed":0}
2026-10-09T03:22:03.9333005Z {"Time":"2026-10-09T03:22:03.929825497Z","Action":"run","Package":"tabmail/internal/app/admin","Test":"TestR5SettingIntegerRejectsIncompleteValues/trailing_whitespace"}
2026-10-09T03:22:03.9334103Z {"Time":"2026-10-09T03:22:03.929839708Z","Action":"output","Package":"tabmail/internal/app/admin","Test":"TestR5SettingIntegerRejectsIncompleteValues/trailing_whitespace","Output":"=== RUN   TestR5SettingIntegerRejectsIncompleteValues/trailing_whitespace\n"}
2026-10-09T03:22:03.9335654Z {"Time":"2026-10-09T03:22:03.929896603Z","Action":"output","Package":"tabmail/internal/app/admin","Test":"TestR5SettingIntegerRejectsIncompleteValues/trailing_whitespace","Output":"--- PASS: TestR5SettingIntegerRejectsIncompleteValues/trailing_whitespace (0.00s)\n"}
2026-10-09T03:22:03.9337220Z {"Time":"2026-10-09T03:22:03.929922Z","Action":"pass","Package":"tabmail/internal/app/admin","Test":"TestR5SettingIntegerRejectsIncompleteValues/trailing_whitespace","Elapsed":0}
2026-10-09T03:22:03.9338665Z {"Time":"2026-10-09T03:22:03.92995551Z","Action":"run","Package":"tabmail/internal/app/admin","Test":"TestR5SettingIntegerRejectsIncompleteValues/trailing_newline"}
2026-10-09T03:22:03.9340486Z {"Time":"2026-10-09T03:22:03.929974579Z","Action":"output","Package":"tabmail/internal/app/admin","Test":"TestR5SettingIntegerRejectsIncompleteValues/trailing_newline","Output":"=== RUN   TestR5SettingIntegerRejectsIncompleteValues/trailing_newline\n"}
2026-10-09T03:22:03.9342788Z {"Time":"2026-10-09T03:22:03.930056391Z","Action":"output","Package":"tabmail/internal/app/admin","Test":"TestR5SettingIntegerRejectsIncompleteValues/trailing_newline","Output":"--- PASS: TestR5SettingIntegerRejectsIncompleteValues/trailing_newline (0.00s)\n"}
2026-10-09T03:22:03.9344791Z {"Time":"2026-10-09T03:22:03.930079485Z","Action":"pass","Package":"tabmail/internal/app/admin","Test":"TestR5SettingIntegerRejectsIncompleteValues/trailing_newline","Elapsed":0}
2026-10-09T03:22:03.9346219Z {"Time":"2026-10-09T03:22:03.930101207Z","Action":"run","Package":"tabmail/internal/app/admin","Test":"TestR5SettingIntegerRejectsIncompleteValues/trailing_null"}
2026-10-09T03:22:03.9347930Z {"Time":"2026-10-09T03:22:03.930118323Z","Action":"output","Package":"tabmail/internal/app/admin","Test":"TestR5SettingIntegerRejectsIncompleteValues/trailing_null","Output":"=== RUN   TestR5SettingIntegerRejectsIncompleteValues/trailing_null\n"}
2026-10-09T03:22:03.9349178Z {"Time":"2026-10-09T03:22:03.930169229Z","Action":"output","Package":"tabmail/internal/app/admin","Test":"TestR5SettingIntegerRejectsIncompleteValues/trailing_null","Output":"--- PASS: TestR5SettingIntegerRejectsIncompleteValues/trailing_null (0.00s)\n"}
2026-10-09T03:22:03.9350235Z {"Time":"2026-10-09T03:22:03.930207886Z","Action":"pass","Package":"tabmail/internal/app/admin","Test":"TestR5SettingIntegerRejectsIncompleteValues/trailing_null","Elapsed":0}
2026-10-09T03:22:03.9351033Z {"Time":"2026-10-09T03:22:03.930232223Z","Action":"run","Package":"tabmail/internal/app/admin","Test":"TestR5SettingIntegerRejectsIncompleteValues/empty"}
2026-10-09T03:22:03.9351983Z {"Time":"2026-10-09T03:22:03.930245993Z","Action":"output","Package":"tabmail/internal/app/admin","Test":"TestR5SettingIntegerRejectsIncompleteValues/empty","Output":"=== RUN   TestR5SettingIntegerRejectsIncompleteValues/empty\n"}
2026-10-09T03:22:03.9353178Z {"Time":"2026-10-09T03:22:03.930308406Z","Action":"output","Package":"tabmail/internal/app/admin","Test":"TestR5SettingIntegerRejectsIncompleteValues/empty","Output":"--- PASS: TestR5SettingIntegerRejectsIncompleteValues/empty (0.00s)\n"}
2026-10-09T03:22:03.9354170Z {"Time":"2026-10-09T03:22:03.930353073Z","Action":"pass","Package":"tabmail/internal/app/admin","Test":"TestR5SettingIntegerRejectsIncompleteValues/empty","Elapsed":0}
2026-10-09T03:22:03.9355183Z {"Time":"2026-10-09T03:22:03.930368125Z","Action":"run","Package":"tabmail/internal/app/admin","Test":"TestR5SettingIntegerRejectsIncompleteValues/noninteger"}
2026-10-09T03:22:03.9356190Z {"Time":"2026-10-09T03:22:03.930381986Z","Action":"output","Package":"tabmail/internal/app/admin","Test":"TestR5SettingIntegerRejectsIncompleteValues/noninteger","Output":"=== RUN   TestR5SettingIntegerRejectsIncompleteValues/noninteger\n"}
2026-10-09T03:22:03.9357419Z {"Time":"2026-10-09T03:22:03.930422486Z","Action":"output","Package":"tabmail/internal/app/admin","Test":"TestR5SettingIntegerRejectsIncompleteValues/noninteger","Output":"--- PASS: TestR5SettingIntegerRejectsIncompleteValues/noninteger (0.00s)\n"}
2026-10-09T03:22:03.9358456Z {"Time":"2026-10-09T03:22:03.930473662Z","Action":"pass","Package":"tabmail/internal/app/admin","Test":"TestR5SettingIntegerRejectsIncompleteValues/noninteger","Elapsed":0}
2026-10-09T03:22:03.9359259Z {"Time":"2026-10-09T03:22:03.930498299Z","Action":"run","Package":"tabmail/internal/app/admin","Test":"TestR5SettingIntegerRejectsIncompleteValues/overflow"}
2026-10-09T03:22:03.9360225Z {"Time":"2026-10-09T03:22:03.930514994Z","Action":"output","Package":"tabmail/internal/app/admin","Test":"TestR5SettingIntegerRejectsIncompleteValues/overflow","Output":"=== RUN   TestR5SettingIntegerRejectsIncompleteValues/overflow\n"}
2026-10-09T03:22:03.9361434Z {"Time":"2026-10-09T03:22:03.930587422Z","Action":"output","Package":"tabmail/internal/app/admin","Test":"TestR5SettingIntegerRejectsIncompleteValues/overflow","Output":"--- PASS: TestR5SettingIntegerRejectsIncompleteValues/overflow (0.00s)\n"}
2026-10-09T03:22:03.9362454Z {"Time":"2026-10-09T03:22:03.930622604Z","Action":"pass","Package":"tabmail/internal/app/admin","Test":"TestR5SettingIntegerRejectsIncompleteValues/overflow","Elapsed":0}
2026-10-09T03:22:03.9363427Z {"Time":"2026-10-09T03:22:03.930640721Z","Action":"output","Package":"tabmail/internal/app/admin","Test":"TestR5SettingIntegerRejectsIncompleteValues","Output":"--- PASS: TestR5SettingIntegerRejectsIncompleteValues (0.00s)\n"}
2026-10-09T03:22:03.9364399Z {"Time":"2026-10-09T03:22:03.930664196Z","Action":"pass","Package":"tabmail/internal/app/admin","Test":"TestR5SettingIntegerRejectsIncompleteValues","Elapsed":0}
2026-10-09T03:22:03.9365363Z {"Time":"2026-10-09T03:22:03.930699348Z","Action":"run","Package":"tabmail/internal/app/admin","Test":"TestR5SettingIntegerPreservesCompleteValues"}
2026-10-09T03:22:03.9366378Z {"Time":"2026-10-09T03:22:03.93071348Z","Action":"output","Package":"tabmail/internal/app/admin","Test":"TestR5SettingIntegerPreservesCompleteValues","Output":"=== RUN   TestR5SettingIntegerPreservesCompleteValues\n"}
2026-10-09T03:22:03.9367292Z {"Time":"2026-10-09T03:22:03.930728973Z","Action":"run","Package":"tabmail/internal/app/admin","Test":"TestR5SettingIntegerPreservesCompleteValues/0"}
2026-10-09T03:22:03.9368212Z {"Time":"2026-10-09T03:22:03.930770394Z","Action":"output","Package":"tabmail/internal/app/admin","Test":"TestR5SettingIntegerPreservesCompleteValues/0","Output":"=== RUN   TestR5SettingIntegerPreservesCompleteValues/0\n"}
2026-10-09T03:22:03.9369338Z {"Time":"2026-10-09T03:22:03.930938114Z","Action":"output","Package":"tabmail/internal/app/admin","Test":"TestR5SettingIntegerPreservesCompleteValues/0","Output":"--- PASS: TestR5SettingIntegerPreservesCompleteValues/0 (0.00s)\n"}
2026-10-09T03:22:03.9370304Z {"Time":"2026-10-09T03:22:03.930962611Z","Action":"pass","Package":"tabmail/internal/app/admin","Test":"TestR5SettingIntegerPreservesCompleteValues/0","Elapsed":0}
2026-10-09T03:22:03.9371099Z {"Time":"2026-10-09T03:22:03.930986536Z","Action":"run","Package":"tabmail/internal/app/admin","Test":"TestR5SettingIntegerPreservesCompleteValues/-1"}
2026-10-09T03:22:03.9372032Z {"Time":"2026-10-09T03:22:03.931000537Z","Action":"output","Package":"tabmail/internal/app/admin","Test":"TestR5SettingIntegerPreservesCompleteValues/-1","Output":"=== RUN   TestR5SettingIntegerPreservesCompleteValues/-1\n"}
2026-10-09T03:22:03.9373157Z {"Time":"2026-10-09T03:22:03.931078634Z","Action":"output","Package":"tabmail/internal/app/admin","Test":"TestR5SettingIntegerPreservesCompleteValues/-1","Output":"--- PASS: TestR5SettingIntegerPreservesCompleteValues/-1 (0.00s)\n"}
2026-10-09T03:22:03.9374126Z {"Time":"2026-10-09T03:22:03.931129399Z","Action":"pass","Package":"tabmail/internal/app/admin","Test":"TestR5SettingIntegerPreservesCompleteValues/-1","Elapsed":0}
2026-10-09T03:22:03.9374988Z {"Time":"2026-10-09T03:22:03.931144652Z","Action":"run","Package":"tabmail/internal/app/admin","Test":"TestR5SettingIntegerPreservesCompleteValues/+12"}
2026-10-09T03:22:03.9375929Z {"Time":"2026-10-09T03:22:03.931158032Z","Action":"output","Package":"tabmail/internal/app/admin","Test":"TestR5SettingIntegerPreservesCompleteValues/+12","Output":"=== RUN   TestR5SettingIntegerPreservesCompleteValues/+12\n"}
2026-10-09T03:22:03.9377069Z {"Time":"2026-10-09T03:22:03.931242097Z","Action":"output","Package":"tabmail/internal/app/admin","Test":"TestR5SettingIntegerPreservesCompleteValues/+12","Output":"--- PASS: TestR5SettingIntegerPreservesCompleteValues/+12 (0.00s)\n"}
2026-10-09T03:22:03.9378051Z {"Time":"2026-10-09T03:22:03.931272552Z","Action":"pass","Package":"tabmail/internal/app/admin","Test":"TestR5SettingIntegerPreservesCompleteValues/+12","Elapsed":0}
2026-10-09T03:22:03.9378819Z {"Time":"2026-10-09T03:22:03.931278772Z","Action":"run","Package":"tabmail/internal/app/admin","Test":"TestR5SettingIntegerPreservesCompleteValues/0012"}
2026-10-09T03:22:03.9379776Z {"Time":"2026-10-09T03:22:03.931281546Z","Action":"output","Package":"tabmail/internal/app/admin","Test":"TestR5SettingIntegerPreservesCompleteValues/0012","Output":"=== RUN   TestR5SettingIntegerPreservesCompleteValues/0012\n"}
2026-10-09T03:22:03.9381017Z {"Time":"2026-10-09T03:22:03.931396377Z","Action":"output","Package":"tabmail/internal/app/admin","Test":"TestR5SettingIntegerPreservesCompleteValues/0012","Output":"--- PASS: TestR5SettingIntegerPreservesCompleteValues/0012 (0.00s)\n"}
2026-10-09T03:22:03.9381999Z {"Time":"2026-10-09T03:22:03.93140502Z","Action":"pass","Package":"tabmail/internal/app/admin","Test":"TestR5SettingIntegerPreservesCompleteValues/0012","Elapsed":0}
2026-10-09T03:22:03.9382768Z {"Time":"2026-10-09T03:22:03.931410418Z","Action":"run","Package":"tabmail/internal/app/admin","Test":"TestR5SettingIntegerPreservesCompleteValues/20"}
2026-10-09T03:22:03.9383939Z {"Time":"2026-10-09T03:22:03.931413292Z","Action":"output","Package":"tabmail/internal/app/admin","Test":"TestR5SettingIntegerPreservesCompleteValues/20","Output":"=== RUN   TestR5SettingIntegerPreservesCompleteValues/20\n"}
2026-10-09T03:22:03.9385148Z {"Time":"2026-10-09T03:22:03.931545589Z","Action":"output","Package":"tabmail/internal/app/admin","Test":"TestR5SettingIntegerPreservesCompleteValues/20","Output":"--- PASS: TestR5SettingIntegerPreservesCompleteValues/20 (0.00s)\n"}
2026-10-09T03:22:03.9386105Z {"Time":"2026-10-09T03:22:03.931569795Z","Action":"pass","Package":"tabmail/internal/app/admin","Test":"TestR5SettingIntegerPreservesCompleteValues/20","Elapsed":0}
2026-10-09T03:22:03.9386899Z {"Time":"2026-10-09T03:22:03.931592299Z","Action":"run","Package":"tabmail/internal/app/admin","Test":"TestR5SettingIntegerPreservesCompleteValues/9223372036854775807"}
2026-10-09T03:22:03.9387950Z {"Time":"2026-10-09T03:22:03.931605949Z","Action":"output","Package":"tabmail/internal/app/admin","Test":"TestR5SettingIntegerPreservesCompleteValues/9223372036854775807","Output":"=== RUN   TestR5SettingIntegerPreservesCompleteValues/9223372036854775807\n"}
2026-10-09T03:22:03.9389260Z {"Time":"2026-10-09T03:22:03.931676925Z","Action":"output","Package":"tabmail/internal/app/admin","Test":"TestR5SettingIntegerPreservesCompleteValues/9223372036854775807","Output":"--- PASS: TestR5SettingIntegerPreservesCompleteValues/9223372036854775807 (0.00s)\n"}
2026-10-09T03:22:03.9390344Z {"Time":"2026-10-09T03:22:03.931717776Z","Action":"pass","Package":"tabmail/internal/app/admin","Test":"TestR5SettingIntegerPreservesCompleteValues/9223372036854775807","Elapsed":0}
2026-10-09T03:22:03.9391177Z {"Time":"2026-10-09T03:22:03.931741171Z","Action":"run","Package":"tabmail/internal/app/admin","Test":"TestR5SettingIntegerPreservesCompleteValues/-9223372036854775808"}
2026-10-09T03:22:03.9392243Z {"Time":"2026-10-09T03:22:03.931755151Z","Action":"output","Package":"tabmail/internal/app/admin","Test":"TestR5SettingIntegerPreservesCompleteValues/-9223372036854775808","Output":"=== RUN   TestR5SettingIntegerPreservesCompleteValues/-9223372036854775808\n"}
2026-10-09T03:22:03.9393548Z {"Time":"2026-10-09T03:22:03.931829943Z","Action":"output","Package":"tabmail/internal/app/admin","Test":"TestR5SettingIntegerPreservesCompleteValues/-9223372036854775808","Output":"--- PASS: TestR5SettingIntegerPreservesCompleteValues/-9223372036854775808 (0.00s)\n"}
2026-10-09T03:22:03.9394904Z {"Time":"2026-10-09T03:22:03.931864675Z","Action":"pass","Package":"tabmail/internal/app/admin","Test":"TestR5SettingIntegerPreservesCompleteValues/-9223372036854775808","Elapsed":0}
2026-10-09T03:22:03.9395925Z {"Time":"2026-10-09T03:22:03.931893457Z","Action":"output","Package":"tabmail/internal/app/admin","Test":"TestR5SettingIntegerPreservesCompleteValues","Output":"--- PASS: TestR5SettingIntegerPreservesCompleteValues (0.00s)\n"}
2026-10-09T03:22:03.9396873Z {"Time":"2026-10-09T03:22:03.931937643Z","Action":"pass","Package":"tabmail/internal/app/admin","Test":"TestR5SettingIntegerPreservesCompleteValues","Elapsed":0}
2026-10-09T03:22:03.9397653Z {"Time":"2026-10-09T03:22:03.931955199Z","Action":"run","Package":"tabmail/internal/app/admin","Test":"TestR5SettingIntegerStorageFailurePreservesCause"}
2026-10-09T03:22:03.9398621Z {"Time":"2026-10-09T03:22:03.931972996Z","Action":"output","Package":"tabmail/internal/app/admin","Test":"TestR5SettingIntegerStorageFailurePreservesCause","Output":"=== RUN   TestR5SettingIntegerStorageFailurePreservesCause\n"}
2026-10-09T03:22:03.9399793Z {"Time":"2026-10-09T03:22:03.932468764Z","Action":"output","Package":"tabmail/internal/app/admin","Test":"TestR5SettingIntegerStorageFailurePreservesCause","Output":"--- PASS: TestR5SettingIntegerStorageFailurePreservesCause (0.00s)\n"}
2026-10-09T03:22:03.9400792Z {"Time":"2026-10-09T03:22:03.93247944Z","Action":"pass","Package":"tabmail/internal/app/admin","Test":"TestR5SettingIntegerStorageFailurePreservesCause","Elapsed":0}
2026-10-09T03:22:03.9401762Z {"Time":"2026-10-09T03:22:03.932483737Z","Action":"run","Package":"tabmail/internal/app/admin","Test":"TestR5SettingIntegerLeavesOtherSettingKindsUnchanged"}
2026-10-09T03:22:03.9402849Z {"Time":"2026-10-09T03:22:03.932486761Z","Action":"output","Package":"tabmail/internal/app/admin","Test":"TestR5SettingIntegerLeavesOtherSettingKindsUnchanged","Output":"=== RUN   TestR5SettingIntegerLeavesOtherSettingKindsUnchanged\n"}
2026-10-09T03:22:03.9403887Z {"Time":"2026-10-09T03:22:03.932490777Z","Action":"run","Package":"tabmail/internal/app/admin","Test":"TestR5SettingIntegerLeavesOtherSettingKindsUnchanged/strip_plus_tag"}
2026-10-09T03:22:03.9405110Z {"Time":"2026-10-09T03:22:03.932493421Z","Action":"output","Package":"tabmail/internal/app/admin","Test":"TestR5SettingIntegerLeavesOtherSettingKindsUnchanged/strip_plus_tag","Output":"=== RUN   TestR5SettingIntegerLeavesOtherSettingKindsUnchanged/strip_plus_tag\n"}
2026-10-09T03:22:03.9406510Z {"Time":"2026-10-09T03:22:03.932497888Z","Action":"output","Package":"tabmail/internal/app/admin","Test":"TestR5SettingIntegerLeavesOtherSettingKindsUnchanged/strip_plus_tag","Output":"--- PASS: TestR5SettingIntegerLeavesOtherSettingKindsUnchanged/strip_plus_tag (0.00s)\n"}
2026-10-09T03:22:03.9407674Z {"Time":"2026-10-09T03:22:03.932501593Z","Action":"pass","Package":"tabmail/internal/app/admin","Test":"TestR5SettingIntegerLeavesOtherSettingKindsUnchanged/strip_plus_tag","Elapsed":0}
2026-10-09T03:22:03.9408553Z {"Time":"2026-10-09T03:22:03.932507372Z","Action":"run","Package":"tabmail/internal/app/admin","Test":"TestR5SettingIntegerLeavesOtherSettingKindsUnchanged/mailbox_naming"}
2026-10-09T03:22:03.9409667Z {"Time":"2026-10-09T03:22:03.932509926Z","Action":"output","Package":"tabmail/internal/app/admin","Test":"TestR5SettingIntegerLeavesOtherSettingKindsUnchanged/mailbox_naming","Output":"=== RUN   TestR5SettingIntegerLeavesOtherSettingKindsUnchanged/mailbox_naming\n"}
2026-10-09T03:22:03.9411053Z {"Time":"2026-10-09T03:22:03.932515224Z","Action":"output","Package":"tabmail/internal/app/admin","Test":"TestR5SettingIntegerLeavesOtherSettingKindsUnchanged/mailbox_naming","Output":"--- PASS: TestR5SettingIntegerLeavesOtherSettingKindsUnchanged/mailbox_naming (0.00s)\n"}
2026-10-09T03:22:03.9412205Z {"Time":"2026-10-09T03:22:03.932519139Z","Action":"pass","Package":"tabmail/internal/app/admin","Test":"TestR5SettingIntegerLeavesOtherSettingKindsUnchanged/mailbox_naming","Elapsed":0}
2026-10-09T03:22:03.9413084Z {"Time":"2026-10-09T03:22:03.932522394Z","Action":"run","Package":"tabmail/internal/app/admin","Test":"TestR5SettingIntegerLeavesOtherSettingKindsUnchanged/custom_setting"}
2026-10-09T03:22:03.9414194Z {"Time":"2026-10-09T03:22:03.932524748Z","Action":"output","Package":"tabmail/internal/app/admin","Test":"TestR5SettingIntegerLeavesOtherSettingKindsUnchanged/custom_setting","Output":"=== RUN   TestR5SettingIntegerLeavesOtherSettingKindsUnchanged/custom_setting\n"}
2026-10-09T03:22:03.9415670Z {"Time":"2026-10-09T03:22:03.932528393Z","Action":"output","Package":"tabmail/internal/app/admin","Test":"TestR5SettingIntegerLeavesOtherSettingKindsUnchanged/custom_setting","Output":"--- PASS: TestR5SettingIntegerLeavesOtherSettingKindsUnchanged/custom_setting (0.00s)\n"}
2026-10-09T03:22:03.9416829Z {"Time":"2026-10-09T03:22:03.932531808Z","Action":"pass","Package":"tabmail/internal/app/admin","Test":"TestR5SettingIntegerLeavesOtherSettingKindsUnchanged/custom_setting","Elapsed":0}
2026-10-09T03:22:03.9417911Z {"Time":"2026-10-09T03:22:03.932536846Z","Action":"output","Package":"tabmail/internal/app/admin","Test":"TestR5SettingIntegerLeavesOtherSettingKindsUnchanged","Output":"--- PASS: TestR5SettingIntegerLeavesOtherSettingKindsUnchanged (0.00s)\n"}
2026-10-09T03:22:03.9418949Z {"Time":"2026-10-09T03:22:03.932541332Z","Action":"pass","Package":"tabmail/internal/app/admin","Test":"TestR5SettingIntegerLeavesOtherSettingKindsUnchanged","Elapsed":0}
2026-10-09T03:22:03.9419728Z {"Time":"2026-10-09T03:22:03.93254626Z","Action":"run","Package":"tabmail/internal/app/admin","Test":"TestStatsRecentAuditProjectionEmptyArrays"}
2026-10-09T03:22:03.9420814Z {"Time":"2026-10-09T03:22:03.932569294Z","Action":"output","Package":"tabmail/internal/app/admin","Test":"TestStatsRecentAuditProjectionEmptyArrays","Output":"=== RUN   TestStatsRecentAuditProjectionEmptyArrays\n"}
2026-10-09T03:22:03.9421941Z {"Time":"2026-10-09T03:22:03.933598527Z","Action":"output","Package":"tabmail/internal/app/admin","Test":"TestStatsRecentAuditProjectionEmptyArrays","Output":"--- PASS: TestStatsRecentAuditProjectionEmptyArrays (0.00s)\n"}
2026-10-09T03:22:03.9422865Z {"Time":"2026-10-09T03:22:03.93364039Z","Action":"pass","Package":"tabmail/internal/app/admin","Test":"TestStatsRecentAuditProjectionEmptyArrays","Elapsed":0}
2026-10-09T03:22:03.9423632Z {"Time":"2026-10-09T03:22:03.933654671Z","Action":"run","Package":"tabmail/internal/app/admin","Test":"TestStatsRecentAuditProjectionCopiesCompleteValues"}
2026-10-09T03:22:03.9424696Z {"Time":"2026-10-09T03:22:03.933669363Z","Action":"output","Package":"tabmail/internal/app/admin","Test":"TestStatsRecentAuditProjectionCopiesCompleteValues","Output":"=== RUN   TestStatsRecentAuditProjectionCopiesCompleteValues\n"}
2026-10-09T03:22:03.9425916Z {"Time":"2026-10-09T03:22:03.933826807Z","Action":"output","Package":"tabmail/internal/app/admin","Test":"TestStatsRecentAuditProjectionCopiesCompleteValues","Output":"--- PASS: TestStatsRecentAuditProjectionCopiesCompleteValues (0.00s)\n"}
2026-10-09T03:22:03.9426941Z {"Time":"2026-10-09T03:22:03.933856972Z","Action":"pass","Package":"tabmail/internal/app/admin","Test":"TestStatsRecentAuditProjectionCopiesCompleteValues","Elapsed":0}
2026-10-09T03:22:03.9427789Z {"Time":"2026-10-09T03:22:03.933883342Z","Action":"run","Package":"tabmail/internal/app/admin","Test":"TestStatsRecentAuditProjectionRejectsMissingEntriesAndStoreErrors"}
2026-10-09T03:22:03.9428920Z {"Time":"2026-10-09T03:22:03.933898785Z","Action":"output","Package":"tabmail/internal/app/admin","Test":"TestStatsRecentAuditProjectionRejectsMissingEntriesAndStoreErrors","Output":"=== RUN   TestStatsRecentAuditProjectionRejectsMissingEntriesAndStoreErrors\n"}
2026-10-09T03:22:03.9430079Z {"Time":"2026-10-09T03:22:03.933920547Z","Action":"run","Package":"tabmail/internal/app/admin","Test":"TestStatsRecentAuditProjectionRejectsMissingEntriesAndStoreErrors/nil_first"}
2026-10-09T03:22:03.9431298Z {"Time":"2026-10-09T03:22:03.93395638Z","Action":"output","Package":"tabmail/internal/app/admin","Test":"TestStatsRecentAuditProjectionRejectsMissingEntriesAndStoreErrors/nil_first","Output":"=== RUN   TestStatsRecentAuditProjectionRejectsMissingEntriesAndStoreErrors/nil_first\n"}
2026-10-09T03:22:03.9432855Z {"Time":"2026-10-09T03:22:03.933974608Z","Action":"output","Package":"tabmail/internal/app/admin","Test":"TestStatsRecentAuditProjectionRejectsMissingEntriesAndStoreErrors/nil_first","Output":"--- PASS: TestStatsRecentAuditProjectionRejectsMissingEntriesAndStoreErrors/nil_first (0.00s)\n"}
2026-10-09T03:22:03.9434123Z {"Time":"2026-10-09T03:22:03.933999695Z","Action":"pass","Package":"tabmail/internal/app/admin","Test":"TestStatsRecentAuditProjectionRejectsMissingEntriesAndStoreErrors/nil_first","Elapsed":0}
2026-10-09T03:22:03.9435341Z {"Time":"2026-10-09T03:22:03.93403025Z","Action":"run","Package":"tabmail/internal/app/admin","Test":"TestStatsRecentAuditProjectionRejectsMissingEntriesAndStoreErrors/nil_last"}
2026-10-09T03:22:03.9436547Z {"Time":"2026-10-09T03:22:03.93405028Z","Action":"output","Package":"tabmail/internal/app/admin","Test":"TestStatsRecentAuditProjectionRejectsMissingEntriesAndStoreErrors/nil_last","Output":"=== RUN   TestStatsRecentAuditProjectionRejectsMissingEntriesAndStoreErrors/nil_last\n"}
2026-10-09T03:22:03.9438055Z {"Time":"2026-10-09T03:22:03.934068908Z","Action":"output","Package":"tabmail/internal/app/admin","Test":"TestStatsRecentAuditProjectionRejectsMissingEntriesAndStoreErrors/nil_last","Output":"--- PASS: TestStatsRecentAuditProjectionRejectsMissingEntriesAndStoreErrors/nil_last (0.00s)\n"}
2026-10-09T03:22:03.9439422Z {"Time":"2026-10-09T03:22:03.934092774Z","Action":"pass","Package":"tabmail/internal/app/admin","Test":"TestStatsRecentAuditProjectionRejectsMissingEntriesAndStoreErrors/nil_last","Elapsed":0}
2026-10-09T03:22:03.9440477Z {"Time":"2026-10-09T03:22:03.934123379Z","Action":"run","Package":"tabmail/internal/app/admin","Test":"TestStatsRecentAuditProjectionRejectsMissingEntriesAndStoreErrors/store_error"}
2026-10-09T03:22:03.9441710Z {"Time":"2026-10-09T03:22:03.934141897Z","Action":"output","Package":"tabmail/internal/app/admin","Test":"TestStatsRecentAuditProjectionRejectsMissingEntriesAndStoreErrors/store_error","Output":"=== RUN   TestStatsRecentAuditProjectionRejectsMissingEntriesAndStoreErrors/store_error\n"}
2026-10-09T03:22:03.9443260Z {"Time":"2026-10-09T03:22:03.934168426Z","Action":"output","Package":"tabmail/internal/app/admin","Test":"TestStatsRecentAuditProjectionRejectsMissingEntriesAndStoreErrors/store_error","Output":"--- PASS: TestStatsRecentAuditProjectionRejectsMissingEntriesAndStoreErrors/store_error (0.00s)\n"}
2026-10-09T03:22:03.9444632Z {"Time":"2026-10-09T03:22:03.934196478Z","Action":"pass","Package":"tabmail/internal/app/admin","Test":"TestStatsRecentAuditProjectionRejectsMissingEntriesAndStoreErrors/store_error","Elapsed":0}
2026-10-09T03:22:03.9445865Z {"Time":"2026-10-09T03:22:03.934221666Z","Action":"output","Package":"tabmail/internal/app/admin","Test":"TestStatsRecentAuditProjectionRejectsMissingEntriesAndStoreErrors","Output":"--- PASS: TestStatsRecentAuditProjectionRejectsMissingEntriesAndStoreErrors (0.00s)\n"}
2026-10-09T03:22:03.9447052Z {"Time":"2026-10-09T03:22:03.934239082Z","Action":"pass","Package":"tabmail/internal/app/admin","Test":"TestStatsRecentAuditProjectionRejectsMissingEntriesAndStoreErrors","Elapsed":0}
2026-10-09T03:22:03.9447790Z {"Time":"2026-10-09T03:22:03.934272962Z","Action":"output","Package":"tabmail/internal/app/admin","Output":"PASS\n"}
2026-10-09T03:22:04.9362215Z {"Time":"2026-10-09T03:22:04.93597806Z","Action":"output","Package":"tabmail/internal/app/admin","Output":"ok  \ttabmail/internal/app/admin\t1.027s\n"}
2026-10-09T03:22:04.9363461Z {"Time":"2026-10-09T03:22:04.936008365Z","Action":"pass","Package":"tabmail/internal/app/admin","Elapsed":1.028}
2026-10-09T03:22:08.1823858Z {"Time":"2026-10-09T03:22:08.182173592Z","Action":"start","Package":"tabmail/internal/smtp"}
2026-10-09T03:22:08.2027080Z {"Time":"2026-10-09T03:22:08.202423887Z","Action":"run","Package":"tabmail/internal/smtp","Test":"TestR5SMTPAdmissionCommandTimeout"}
2026-10-09T03:22:08.2028529Z {"Time":"2026-10-09T03:22:08.202463615Z","Action":"output","Package":"tabmail/internal/smtp","Test":"TestR5SMTPAdmissionCommandTimeout","Output":"=== RUN   TestR5SMTPAdmissionCommandTimeout\n"}
2026-10-09T03:22:08.2029939Z {"Time":"2026-10-09T03:22:08.20249372Z","Action":"run","Package":"tabmail/internal/smtp","Test":"TestR5SMTPAdmissionCommandTimeout/MAIL_policy"}
2026-10-09T03:22:08.2031346Z {"Time":"2026-10-09T03:22:08.202498717Z","Action":"output","Package":"tabmail/internal/smtp","Test":"TestR5SMTPAdmissionCommandTimeout/MAIL_policy","Output":"=== RUN   TestR5SMTPAdmissionCommandTimeout/MAIL_policy\n"}
2026-10-09T03:22:08.3052718Z {"Time":"2026-10-09T03:22:08.304982233Z","Action":"output","Package":"tabmail/internal/smtp","Test":"TestR5SMTPAdmissionCommandTimeout/MAIL_policy","Output":"--- PASS: TestR5SMTPAdmissionCommandTimeout/MAIL_policy (0.10s)\n"}
2026-10-09T03:22:08.3054227Z {"Time":"2026-10-09T03:22:08.30502147Z","Action":"pass","Package":"tabmail/internal/smtp","Test":"TestR5SMTPAdmissionCommandTimeout/MAIL_policy","Elapsed":0.1}
2026-10-09T03:22:08.3055706Z {"Time":"2026-10-09T03:22:08.305032206Z","Action":"run","Package":"tabmail/internal/smtp","Test":"TestR5SMTPAdmissionCommandTimeout/RCPT_policy"}
2026-10-09T03:22:08.3057279Z {"Time":"2026-10-09T03:22:08.305035311Z","Action":"output","Package":"tabmail/internal/smtp","Test":"TestR5SMTPAdmissionCommandTimeout/RCPT_policy","Output":"=== RUN   TestR5SMTPAdmissionCommandTimeout/RCPT_policy\n"}
2026-10-09T03:22:08.4075086Z {"Time":"2026-10-09T03:22:08.407207451Z","Action":"output","Package":"tabmail/internal/smtp","Test":"TestR5SMTPAdmissionCommandTimeout/RCPT_policy","Output":"--- PASS: TestR5SMTPAdmissionCommandTimeout/RCPT_policy (0.10s)\n"}
2026-10-09T03:22:08.4076680Z {"Time":"2026-10-09T03:22:08.407237796Z","Action":"pass","Package":"tabmail/internal/smtp","Test":"TestR5SMTPAdmissionCommandTimeout/RCPT_policy","Elapsed":0.1}
2026-10-09T03:22:08.4077791Z {"Time":"2026-10-09T03:22:08.407251716Z","Action":"run","Package":"tabmail/internal/smtp","Test":"TestR5SMTPAdmissionCommandTimeout/RCPT_zone"}
2026-10-09T03:22:08.4079109Z {"Time":"2026-10-09T03:22:08.407255041Z","Action":"output","Package":"tabmail/internal/smtp","Test":"TestR5SMTPAdmissionCommandTimeout/RCPT_zone","Output":"=== RUN   TestR5SMTPAdmissionCommandTimeout/RCPT_zone\n"}
2026-10-09T03:22:08.5097641Z {"Time":"2026-10-09T03:22:08.50943407Z","Action":"output","Package":"tabmail/internal/smtp","Test":"TestR5SMTPAdmissionCommandTimeout/RCPT_zone","Output":"--- PASS: TestR5SMTPAdmissionCommandTimeout/RCPT_zone (0.10s)\n"}
2026-10-09T03:22:08.5099357Z {"Time":"2026-10-09T03:22:08.509485676Z","Action":"pass","Package":"tabmail/internal/smtp","Test":"TestR5SMTPAdmissionCommandTimeout/RCPT_zone","Elapsed":0.1}
2026-10-09T03:22:08.5100299Z {"Time":"2026-10-09T03:22:08.509493036Z","Action":"run","Package":"tabmail/internal/smtp","Test":"TestR5SMTPAdmissionCommandTimeout/RCPT_mailbox"}
2026-10-09T03:22:08.5101757Z {"Time":"2026-10-09T03:22:08.509496121Z","Action":"output","Package":"tabmail/internal/smtp","Test":"TestR5SMTPAdmissionCommandTimeout/RCPT_mailbox","Output":"=== RUN   TestR5SMTPAdmissionCommandTimeout/RCPT_mailbox\n"}
2026-10-09T03:22:08.6117429Z {"Time":"2026-10-09T03:22:08.611474546Z","Action":"output","Package":"tabmail/internal/smtp","Test":"TestR5SMTPAdmissionCommandTimeout/RCPT_mailbox","Output":"--- PASS: TestR5SMTPAdmissionCommandTimeout/RCPT_mailbox (0.10s)\n"}
2026-10-09T03:22:08.6118934Z {"Time":"2026-10-09T03:22:08.611502928Z","Action":"pass","Package":"tabmail/internal/smtp","Test":"TestR5SMTPAdmissionCommandTimeout/RCPT_mailbox","Elapsed":0.1}
2026-10-09T03:22:08.6120106Z {"Time":"2026-10-09T03:22:08.611511761Z","Action":"run","Package":"tabmail/internal/smtp","Test":"TestR5SMTPAdmissionCommandTimeout/RCPT_routes"}
2026-10-09T03:22:08.6121606Z {"Time":"2026-10-09T03:22:08.611514625Z","Action":"output","Package":"tabmail/internal/smtp","Test":"TestR5SMTPAdmissionCommandTimeout/RCPT_routes","Output":"=== RUN   TestR5SMTPAdmissionCommandTimeout/RCPT_routes\n"}
2026-10-09T03:22:08.7138572Z {"Time":"2026-10-09T03:22:08.713581817Z","Action":"output","Package":"tabmail/internal/smtp","Test":"TestR5SMTPAdmissionCommandTimeout/RCPT_routes","Output":"--- PASS: TestR5SMTPAdmissionCommandTimeout/RCPT_routes (0.10s)\n"}
2026-10-09T03:22:08.7139788Z {"Time":"2026-10-09T03:22:08.713608387Z","Action":"pass","Package":"tabmail/internal/smtp","Test":"TestR5SMTPAdmissionCommandTimeout/RCPT_routes","Elapsed":0.1}
2026-10-09T03:22:08.7141102Z {"Time":"2026-10-09T03:22:08.713619753Z","Action":"output","Package":"tabmail/internal/smtp","Test":"TestR5SMTPAdmissionCommandTimeout","Output":"--- PASS: TestR5SMTPAdmissionCommandTimeout (0.51s)\n"}
2026-10-09T03:22:08.7142125Z {"Time":"2026-10-09T03:22:08.713631791Z","Action":"pass","Package":"tabmail/internal/smtp","Test":"TestR5SMTPAdmissionCommandTimeout","Elapsed":0.51}
2026-10-09T03:22:08.7142846Z {"Time":"2026-10-09T03:22:08.713680382Z","Action":"run","Package":"tabmail/internal/smtp","Test":"TestR5SMTPAdmissionShortShutdownCancelsRead"}
2026-10-09T03:22:08.7143766Z {"Time":"2026-10-09T03:22:08.71368528Z","Action":"output","Package":"tabmail/internal/smtp","Test":"TestR5SMTPAdmissionShortShutdownCancelsRead","Output":"=== RUN   TestR5SMTPAdmissionShortShutdownCancelsRead\n"}
2026-10-09T03:22:08.7145470Z {"Time":"2026-10-09T03:22:08.713734222Z","Action":"run","Package":"tabmail/internal/smtp","Test":"TestR5SMTPAdmissionShortShutdownCancelsRead/MAIL_policy"}
2026-10-09T03:22:08.7147175Z {"Time":"2026-10-09T03:22:08.713770866Z","Action":"output","Package":"tabmail/internal/smtp","Test":"TestR5SMTPAdmissionShortShutdownCancelsRead/MAIL_policy","Output":"=== RUN   TestR5SMTPAdmissionShortShutdownCancelsRead/MAIL_policy\n"}
2026-10-09T03:22:08.7454720Z {"Time":"2026-10-09T03:22:08.745145348Z","Action":"output","Package":"tabmail/internal/smtp","Test":"TestR5SMTPAdmissionShortShutdownCancelsRead/MAIL_policy","Output":"--- PASS: TestR5SMTPAdmissionShortShutdownCancelsRead/MAIL_policy (0.03s)\n"}
2026-10-09T03:22:08.7456582Z {"Time":"2026-10-09T03:22:08.745177816Z","Action":"pass","Package":"tabmail/internal/smtp","Test":"TestR5SMTPAdmissionShortShutdownCancelsRead/MAIL_policy","Elapsed":0.03}
2026-10-09T03:22:08.7458152Z {"Time":"2026-10-09T03:22:08.745185147Z","Action":"run","Package":"tabmail/internal/smtp","Test":"TestR5SMTPAdmissionShortShutdownCancelsRead/RCPT_policy"}
2026-10-09T03:22:08.7459629Z {"Time":"2026-10-09T03:22:08.745188352Z","Action":"output","Package":"tabmail/internal/smtp","Test":"TestR5SMTPAdmissionShortShutdownCancelsRead/RCPT_policy","Output":"=== RUN   TestR5SMTPAdmissionShortShutdownCancelsRead/RCPT_policy\n"}
2026-10-09T03:22:08.7771150Z {"Time":"2026-10-09T03:22:08.776839916Z","Action":"output","Package":"tabmail/internal/smtp","Test":"TestR5SMTPAdmissionShortShutdownCancelsRead/RCPT_policy","Output":"--- PASS: TestR5SMTPAdmissionShortShutdownCancelsRead/RCPT_policy (0.03s)\n"}
2026-10-09T03:22:08.7772941Z {"Time":"2026-10-09T03:22:08.776864413Z","Action":"pass","Package":"tabmail/internal/smtp","Test":"TestR5SMTPAdmissionShortShutdownCancelsRead/RCPT_policy","Elapsed":0.03}
2026-10-09T03:22:08.7774341Z {"Time":"2026-10-09T03:22:08.776872014Z","Action":"run","Package":"tabmail/internal/smtp","Test":"TestR5SMTPAdmissionShortShutdownCancelsRead/RCPT_zone"}
2026-10-09T03:22:08.7776267Z {"Time":"2026-10-09T03:22:08.776875479Z","Action":"output","Package":"tabmail/internal/smtp","Test":"TestR5SMTPAdmissionShortShutdownCancelsRead/RCPT_zone","Output":"=== RUN   TestR5SMTPAdmissionShortShutdownCancelsRead/RCPT_zone\n"}
2026-10-09T03:22:08.8086211Z {"Time":"2026-10-09T03:22:08.808358963Z","Action":"output","Package":"tabmail/internal/smtp","Test":"TestR5SMTPAdmissionShortShutdownCancelsRead/RCPT_zone","Output":"--- PASS: TestR5SMTPAdmissionShortShutdownCancelsRead/RCPT_zone (0.03s)\n"}
2026-10-09T03:22:08.8088100Z {"Time":"2026-10-09T03:22:08.808382679Z","Action":"pass","Package":"tabmail/internal/smtp","Test":"TestR5SMTPAdmissionShortShutdownCancelsRead/RCPT_zone","Elapsed":0.03}
2026-10-09T03:22:08.8089236Z {"Time":"2026-10-09T03:22:08.808392173Z","Action":"run","Package":"tabmail/internal/smtp","Test":"TestR5SMTPAdmissionShortShutdownCancelsRead/RCPT_mailbox"}
2026-10-09T03:22:08.8090816Z {"Time":"2026-10-09T03:22:08.808396139Z","Action":"output","Package":"tabmail/internal/smtp","Test":"TestR5SMTPAdmissionShortShutdownCancelsRead/RCPT_mailbox","Output":"=== RUN   TestR5SMTPAdmissionShortShutdownCancelsRead/RCPT_mailbox\n"}
2026-10-09T03:22:08.8401899Z {"Time":"2026-10-09T03:22:08.839905612Z","Action":"output","Package":"tabmail/internal/smtp","Test":"TestR5SMTPAdmissionShortShutdownCancelsRead/RCPT_mailbox","Output":"--- PASS: TestR5SMTPAdmissionShortShutdownCancelsRead/RCPT_mailbox (0.03s)\n"}
2026-10-09T03:22:08.8403117Z {"Time":"2026-10-09T03:22:08.839938791Z","Action":"pass","Package":"tabmail/internal/smtp","Test":"TestR5SMTPAdmissionShortShutdownCancelsRead/RCPT_mailbox","Elapsed":0.03}
2026-10-09T03:22:08.8404033Z {"Time":"2026-10-09T03:22:08.839946182Z","Action":"run","Package":"tabmail/internal/smtp","Test":"TestR5SMTPAdmissionShortShutdownCancelsRead/RCPT_routes"}
2026-10-09T03:22:08.8405909Z {"Time":"2026-10-09T03:22:08.839949397Z","Action":"output","Package":"tabmail/internal/smtp","Test":"TestR5SMTPAdmissionShortShutdownCancelsRead/RCPT_routes","Output":"=== RUN   TestR5SMTPAdmissionShortShutdownCancelsRead/RCPT_routes\n"}
2026-10-09T03:22:08.8718413Z {"Time":"2026-10-09T03:22:08.871565659Z","Action":"output","Package":"tabmail/internal/smtp","Test":"TestR5SMTPAdmissionShortShutdownCancelsRead/RCPT_routes","Output":"--- PASS: TestR5SMTPAdmissionShortShutdownCancelsRead/RCPT_routes (0.03s)\n"}
2026-10-09T03:22:08.8719862Z {"Time":"2026-10-09T03:22:08.871593Z","Action":"pass","Package":"tabmail/internal/smtp","Test":"TestR5SMTPAdmissionShortShutdownCancelsRead/RCPT_routes","Elapsed":0.03}
2026-10-09T03:22:08.8720997Z {"Time":"2026-10-09T03:22:08.871607421Z","Action":"output","Package":"tabmail/internal/smtp","Test":"TestR5SMTPAdmissionShortShutdownCancelsRead","Output":"--- PASS: TestR5SMTPAdmissionShortShutdownCancelsRead (0.16s)\n"}
2026-10-09T03:22:08.8721962Z {"Time":"2026-10-09T03:22:08.871620901Z","Action":"pass","Package":"tabmail/internal/smtp","Test":"TestR5SMTPAdmissionShortShutdownCancelsRead","Elapsed":0.16}
2026-10-09T03:22:08.8722692Z {"Time":"2026-10-09T03:22:08.87166035Z","Action":"run","Package":"tabmail/internal/smtp","Test":"TestR5SMTPAdmissionShortParentDeadline"}
2026-10-09T03:22:08.8723557Z {"Time":"2026-10-09T03:22:08.871667681Z","Action":"output","Package":"tabmail/internal/smtp","Test":"TestR5SMTPAdmissionShortParentDeadline","Output":"=== RUN   TestR5SMTPAdmissionShortParentDeadline\n"}
2026-10-09T03:22:08.8724629Z {"Time":"2026-10-09T03:22:08.871716063Z","Action":"run","Package":"tabmail/internal/smtp","Test":"TestR5SMTPAdmissionShortParentDeadline/MAIL_policy"}
2026-10-09T03:22:08.8725701Z {"Time":"2026-10-09T03:22:08.871721331Z","Action":"output","Package":"tabmail/internal/smtp","Test":"TestR5SMTPAdmissionShortParentDeadline/MAIL_policy","Output":"=== RUN   TestR5SMTPAdmissionShortParentDeadline/MAIL_policy\n"}
2026-10-09T03:22:08.9026289Z {"Time":"2026-10-09T03:22:08.902344914Z","Action":"output","Package":"tabmail/internal/smtp","Test":"TestR5SMTPAdmissionShortParentDeadline/MAIL_policy","Output":"--- PASS: TestR5SMTPAdmissionShortParentDeadline/MAIL_policy (0.03s)\n"}
2026-10-09T03:22:08.9027425Z {"Time":"2026-10-09T03:22:08.902368439Z","Action":"pass","Package":"tabmail/internal/smtp","Test":"TestR5SMTPAdmissionShortParentDeadline/MAIL_policy","Elapsed":0.03}
2026-10-09T03:22:08.9028265Z {"Time":"2026-10-09T03:22:08.902380226Z","Action":"run","Package":"tabmail/internal/smtp","Test":"TestR5SMTPAdmissionShortParentDeadline/RCPT_policy"}
2026-10-09T03:22:08.9029257Z {"Time":"2026-10-09T03:22:08.902384222Z","Action":"output","Package":"tabmail/internal/smtp","Test":"TestR5SMTPAdmissionShortParentDeadline/RCPT_policy","Output":"=== RUN   TestR5SMTPAdmissionShortParentDeadline/RCPT_policy\n"}
2026-10-09T03:22:08.9332290Z {"Time":"2026-10-09T03:22:08.932955348Z","Action":"output","Package":"tabmail/internal/smtp","Test":"TestR5SMTPAdmissionShortParentDeadline/RCPT_policy","Output":"--- PASS: TestR5SMTPAdmissionShortParentDeadline/RCPT_policy (0.03s)\n"}
2026-10-09T03:22:08.9333500Z {"Time":"2026-10-09T03:22:08.932984651Z","Action":"pass","Package":"tabmail/internal/smtp","Test":"TestR5SMTPAdmissionShortParentDeadline/RCPT_policy","Elapsed":0.03}
2026-10-09T03:22:08.9334292Z {"Time":"2026-10-09T03:22:08.932993715Z","Action":"run","Package":"tabmail/internal/smtp","Test":"TestR5SMTPAdmissionShortParentDeadline/RCPT_zone"}
2026-10-09T03:22:08.9335605Z {"Time":"2026-10-09T03:22:08.93299683Z","Action":"output","Package":"tabmail/internal/smtp","Test":"TestR5SMTPAdmissionShortParentDeadline/RCPT_zone","Output":"=== RUN   TestR5SMTPAdmissionShortParentDeadline/RCPT_zone\n"}
2026-10-09T03:22:08.9637518Z {"Time":"2026-10-09T03:22:08.963522727Z","Action":"output","Package":"tabmail/internal/smtp","Test":"TestR5SMTPAdmissionShortParentDeadline/RCPT_zone","Output":"--- PASS: TestR5SMTPAdmissionShortParentDeadline/RCPT_zone (0.03s)\n"}
2026-10-09T03:22:08.9638936Z {"Time":"2026-10-09T03:22:08.963545932Z","Action":"pass","Package":"tabmail/internal/smtp","Test":"TestR5SMTPAdmissionShortParentDeadline/RCPT_zone","Elapsed":0.03}
2026-10-09T03:22:08.9640455Z {"Time":"2026-10-09T03:22:08.963575506Z","Action":"output","Package":"tabmail/internal/smtp","Test":"TestR5SMTPAdmissionShortParentDeadline","Output":"--- PASS: TestR5SMTPAdmissionShortParentDeadline (0.09s)\n"}
2026-10-09T03:22:08.9642280Z {"Time":"2026-10-09T03:22:08.96359167Z","Action":"pass","Package":"tabmail/internal/smtp","Test":"TestR5SMTPAdmissionShortParentDeadline","Elapsed":0.09}
2026-10-09T03:22:08.9643558Z {"Time":"2026-10-09T03:22:08.963878036Z","Action":"run","Package":"tabmail/internal/smtp","Test":"TestR5SMTPAdmissionFreshBudgetAndRelease"}
2026-10-09T03:22:08.9645448Z {"Time":"2026-10-09T03:22:08.963886479Z","Action":"output","Package":"tabmail/internal/smtp","Test":"TestR5SMTPAdmissionFreshBudgetAndRelease","Output":"=== RUN   TestR5SMTPAdmissionFreshBudgetAndRelease\n"}
2026-10-09T03:22:08.9652382Z {"Time":"2026-10-09T03:22:08.965070843Z","Action":"output","Package":"tabmail/internal/smtp","Test":"TestR5SMTPAdmissionFreshBudgetAndRelease","Output":"--- PASS: TestR5SMTPAdmissionFreshBudgetAndRelease (0.00s)\n"}
2026-10-09T03:22:08.9653383Z {"Time":"2026-10-09T03:22:08.965085825Z","Action":"pass","Package":"tabmail/internal/smtp","Test":"TestR5SMTPAdmissionFreshBudgetAndRelease","Elapsed":0}
2026-10-09T03:22:08.9654253Z {"Time":"2026-10-09T03:22:08.965091353Z","Action":"run","Package":"tabmail/internal/smtp","Test":"TestR5SMTPAdmissionStandaloneDefaultIsFinite"}
2026-10-09T03:22:08.9655418Z {"Time":"2026-10-09T03:22:08.965094618Z","Action":"output","Package":"tabmail/internal/smtp","Test":"TestR5SMTPAdmissionStandaloneDefaultIsFinite","Output":"=== RUN   TestR5SMTPAdmissionStandaloneDefaultIsFinite\n"}
2026-10-09T03:22:08.9660489Z {"Time":"2026-10-09T03:22:08.965892897Z","Action":"output","Package":"tabmail/internal/smtp","Test":"TestR5SMTPAdmissionStandaloneDefaultIsFinite","Output":"--- PASS: TestR5SMTPAdmissionStandaloneDefaultIsFinite (0.00s)\n"}
2026-10-09T03:22:08.9662168Z {"Time":"2026-10-09T03:22:08.965903373Z","Action":"pass","Package":"tabmail/internal/smtp","Test":"TestR5SMTPAdmissionStandaloneDefaultIsFinite","Elapsed":0}
2026-10-09T03:22:08.9663055Z {"Time":"2026-10-09T03:22:08.96590837Z","Action":"run","Package":"tabmail/internal/smtp","Test":"TestR5SMTPAdmissionDATAKeepsOwnedLifetime"}
2026-10-09T03:22:08.9663980Z {"Time":"2026-10-09T03:22:08.965911314Z","Action":"output","Package":"tabmail/internal/smtp","Test":"TestR5SMTPAdmissionDATAKeepsOwnedLifetime","Output":"=== RUN   TestR5SMTPAdmissionDATAKeepsOwnedLifetime\n"}
2026-10-09T03:22:09.1680538Z {"Time":"2026-10-09T03:22:09.167749853Z","Action":"output","Package":"tabmail/internal/smtp","Test":"TestR5SMTPAdmissionDATAKeepsOwnedLifetime","Output":"--- PASS: TestR5SMTPAdmissionDATAKeepsOwnedLifetime (0.20s)\n"}
2026-10-09T03:22:09.1682182Z {"Time":"2026-10-09T03:22:09.167777774Z","Action":"pass","Package":"tabmail/internal/smtp","Test":"TestR5SMTPAdmissionDATAKeepsOwnedLifetime","Elapsed":0.2}
2026-10-09T03:22:09.1683443Z {"Time":"2026-10-09T03:22:09.167786778Z","Action":"run","Package":"tabmail/internal/smtp","Test":"TestR5CloudLoopbackSlowReadCancellation"}
2026-10-09T03:22:09.1685137Z {"Time":"2026-10-09T03:22:09.167790493Z","Action":"output","Package":"tabmail/internal/smtp","Test":"TestR5CloudLoopbackSlowReadCancellation","Output":"=== RUN   TestR5CloudLoopbackSlowReadCancellation\n"}
2026-10-09T03:22:09.1686647Z {"Time":"2026-10-09T03:22:09.167804054Z","Action":"run","Package":"tabmail/internal/smtp","Test":"TestR5CloudLoopbackSlowReadCancellation/DATA"}
2026-10-09T03:22:09.1688017Z {"Time":"2026-10-09T03:22:09.16780864Z","Action":"output","Package":"tabmail/internal/smtp","Test":"TestR5CloudLoopbackSlowReadCancellation/DATA","Output":"=== RUN   TestR5CloudLoopbackSlowReadCancellation/DATA\n"}
2026-10-09T03:22:09.1998347Z {"Time":"2026-10-09T03:22:09.199527625Z","Action":"output","Package":"tabmail/internal/smtp","Test":"TestR5CloudLoopbackSlowReadCancellation/DATA","Output":"--- PASS: TestR5CloudLoopbackSlowReadCancellation/DATA (0.03s)\n"}
2026-10-09T03:22:09.1999690Z {"Time":"2026-10-09T03:22:09.199551931Z","Action":"pass","Package":"tabmail/internal/smtp","Test":"TestR5CloudLoopbackSlowReadCancellation/DATA","Elapsed":0.03}
2026-10-09T03:22:09.2000487Z {"Time":"2026-10-09T03:22:09.199561586Z","Action":"run","Package":"tabmail/internal/smtp","Test":"TestR5CloudLoopbackSlowReadCancellation/BDAT"}
2026-10-09T03:22:09.2001687Z {"Time":"2026-10-09T03:22:09.199564811Z","Action":"output","Package":"tabmail/internal/smtp","Test":"TestR5CloudLoopbackSlowReadCancellation/BDAT","Output":"=== RUN   TestR5CloudLoopbackSlowReadCancellation/BDAT\n"}
2026-10-09T03:22:09.2313559Z {"Time":"2026-10-09T03:22:09.231034914Z","Action":"output","Package":"tabmail/internal/smtp","Test":"TestR5CloudLoopbackSlowReadCancellation/BDAT","Output":"--- PASS: TestR5CloudLoopbackSlowReadCancellation/BDAT (0.03s)\n"}
2026-10-09T03:22:09.2315252Z {"Time":"2026-10-09T03:22:09.231064067Z","Action":"pass","Package":"tabmail/internal/smtp","Test":"TestR5CloudLoopbackSlowReadCancellation/BDAT","Elapsed":0.03}
2026-10-09T03:22:09.2316238Z {"Time":"2026-10-09T03:22:09.231074202Z","Action":"output","Package":"tabmail/internal/smtp","Test":"TestR5CloudLoopbackSlowReadCancellation","Output":"--- PASS: TestR5CloudLoopbackSlowReadCancellation (0.06s)\n"}
2026-10-09T03:22:09.2317199Z {"Time":"2026-10-09T03:22:09.231078038Z","Action":"pass","Package":"tabmail/internal/smtp","Test":"TestR5CloudLoopbackSlowReadCancellation","Elapsed":0.06}
2026-10-09T03:22:09.2317969Z {"Time":"2026-10-09T03:22:09.23110633Z","Action":"run","Package":"tabmail/internal/smtp","Test":"TestR5CloudLoopbackAcceptanceDisconnectLogoutJoin"}
2026-10-09T03:22:09.2318929Z {"Time":"2026-10-09T03:22:09.231109956Z","Action":"output","Package":"tabmail/internal/smtp","Test":"TestR5CloudLoopbackAcceptanceDisconnectLogoutJoin","Output":"=== RUN   TestR5CloudLoopbackAcceptanceDisconnectLogoutJoin\n"}
2026-10-09T03:22:09.2320326Z {"Time":"2026-10-09T03:22:09.231171848Z","Action":"run","Package":"tabmail/internal/smtp","Test":"TestR5CloudLoopbackAcceptanceDisconnectLogoutJoin/DATA"}
2026-10-09T03:22:09.2321519Z {"Time":"2026-10-09T03:22:09.231181272Z","Action":"output","Package":"tabmail/internal/smtp","Test":"TestR5CloudLoopbackAcceptanceDisconnectLogoutJoin/DATA","Output":"=== RUN   TestR5CloudLoopbackAcceptanceDisconnectLogoutJoin/DATA\n"}
2026-10-09T03:22:09.2628200Z {"Time":"2026-10-09T03:22:09.262532359Z","Action":"output","Package":"tabmail/internal/smtp","Test":"TestR5CloudLoopbackAcceptanceDisconnectLogoutJoin/DATA","Output":"--- PASS: TestR5CloudLoopbackAcceptanceDisconnectLogoutJoin/DATA (0.03s)\n"}
2026-10-09T03:22:09.2630120Z {"Time":"2026-10-09T03:22:09.262564367Z","Action":"pass","Package":"tabmail/internal/smtp","Test":"TestR5CloudLoopbackAcceptanceDisconnectLogoutJoin/DATA","Elapsed":0.03}
2026-10-09T03:22:09.2631291Z {"Time":"2026-10-09T03:22:09.26257316Z","Action":"run","Package":"tabmail/internal/smtp","Test":"TestR5CloudLoopbackAcceptanceDisconnectLogoutJoin/BDAT"}
2026-10-09T03:22:09.2632672Z {"Time":"2026-10-09T03:22:09.262575804Z","Action":"output","Package":"tabmail/internal/smtp","Test":"TestR5CloudLoopbackAcceptanceDisconnectLogoutJoin/BDAT","Output":"=== RUN   TestR5CloudLoopbackAcceptanceDisconnectLogoutJoin/BDAT\n"}
2026-10-09T03:22:09.2942801Z {"Time":"2026-10-09T03:22:09.293972598Z","Action":"output","Package":"tabmail/internal/smtp","Test":"TestR5CloudLoopbackAcceptanceDisconnectLogoutJoin/BDAT","Output":"--- PASS: TestR5CloudLoopbackAcceptanceDisconnectLogoutJoin/BDAT (0.03s)\n"}
2026-10-09T03:22:09.2944237Z {"Time":"2026-10-09T03:22:09.293997846Z","Action":"pass","Package":"tabmail/internal/smtp","Test":"TestR5CloudLoopbackAcceptanceDisconnectLogoutJoin/BDAT","Elapsed":0.03}
2026-10-09T03:22:09.2945796Z {"Time":"2026-10-09T03:22:09.294010555Z","Action":"output","Package":"tabmail/internal/smtp","Test":"TestR5CloudLoopbackAcceptanceDisconnectLogoutJoin","Output":"--- PASS: TestR5CloudLoopbackAcceptanceDisconnectLogoutJoin (0.06s)\n"}
2026-10-09T03:22:09.2946840Z {"Time":"2026-10-09T03:22:09.294039598Z","Action":"pass","Package":"tabmail/internal/smtp","Test":"TestR5CloudLoopbackAcceptanceDisconnectLogoutJoin","Elapsed":0.06}
2026-10-09T03:22:09.2947617Z {"Time":"2026-10-09T03:22:09.294055331Z","Action":"run","Package":"tabmail/internal/smtp","Test":"TestR5CloudLoopbackAcceptedBeforeReplyDisconnect"}
2026-10-09T03:22:09.2948560Z {"Time":"2026-10-09T03:22:09.2940612Z","Action":"output","Package":"tabmail/internal/smtp","Test":"TestR5CloudLoopbackAcceptedBeforeReplyDisconnect","Output":"=== RUN   TestR5CloudLoopbackAcceptedBeforeReplyDisconnect\n"}
2026-10-09T03:22:09.2950004Z {"Time":"2026-10-09T03:22:09.294132586Z","Action":"run","Package":"tabmail/internal/smtp","Test":"TestR5CloudLoopbackAcceptedBeforeReplyDisconnect/DATA"}
2026-10-09T03:22:09.2951226Z {"Time":"2026-10-09T03:22:09.294138926Z","Action":"output","Package":"tabmail/internal/smtp","Test":"TestR5CloudLoopbackAcceptedBeforeReplyDisconnect/DATA","Output":"=== RUN   TestR5CloudLoopbackAcceptedBeforeReplyDisconnect/DATA\n"}
2026-10-09T03:22:09.3561281Z {"Time":"2026-10-09T03:22:09.355832497Z","Action":"output","Package":"tabmail/internal/smtp","Test":"TestR5CloudLoopbackAcceptedBeforeReplyDisconnect/DATA","Output":"--- PASS: TestR5CloudLoopbackAcceptedBeforeReplyDisconnect/DATA (0.06s)\n"}
2026-10-09T03:22:09.3563213Z {"Time":"2026-10-09T03:22:09.355862381Z","Action":"pass","Package":"tabmail/internal/smtp","Test":"TestR5CloudLoopbackAcceptedBeforeReplyDisconnect/DATA","Elapsed":0.06}
2026-10-09T03:22:09.3564793Z {"Time":"2026-10-09T03:22:09.355871875Z","Action":"run","Package":"tabmail/internal/smtp","Test":"TestR5CloudLoopbackAcceptedBeforeReplyDisconnect/BDAT"}
2026-10-09T03:22:09.3565967Z {"Time":"2026-10-09T03:22:09.355877383Z","Action":"output","Package":"tabmail/internal/smtp","Test":"TestR5CloudLoopbackAcceptedBeforeReplyDisconnect/BDAT","Output":"=== RUN   TestR5CloudLoopbackAcceptedBeforeReplyDisconnect/BDAT\n"}
2026-10-09T03:22:09.4179332Z {"Time":"2026-10-09T03:22:09.417627329Z","Action":"output","Package":"tabmail/internal/smtp","Test":"TestR5CloudLoopbackAcceptedBeforeReplyDisconnect/BDAT","Output":"--- PASS: TestR5CloudLoopbackAcceptedBeforeReplyDisconnect/BDAT (0.06s)\n"}
2026-10-09T03:22:09.4180504Z {"Time":"2026-10-09T03:22:09.417655672Z","Action":"pass","Package":"tabmail/internal/smtp","Test":"TestR5CloudLoopbackAcceptedBeforeReplyDisconnect/BDAT","Elapsed":0.06}
2026-10-09T03:22:09.4181610Z {"Time":"2026-10-09T03:22:09.417663523Z","Action":"output","Package":"tabmail/internal/smtp","Test":"TestR5CloudLoopbackAcceptedBeforeReplyDisconnect","Output":"--- PASS: TestR5CloudLoopbackAcceptedBeforeReplyDisconnect (0.12s)\n"}
2026-10-09T03:22:09.4182651Z {"Time":"2026-10-09T03:22:09.417692927Z","Action":"pass","Package":"tabmail/internal/smtp","Test":"TestR5CloudLoopbackAcceptedBeforeReplyDisconnect","Elapsed":0.12}
2026-10-09T03:22:09.4183549Z {"Time":"2026-10-09T03:22:09.417724795Z","Action":"run","Package":"tabmail/internal/smtp","Test":"TestContinueRawIntegritySMTP"}
2026-10-09T03:22:09.4184325Z {"Time":"2026-10-09T03:22:09.417732837Z","Action":"output","Package":"tabmail/internal/smtp","Test":"TestContinueRawIntegritySMTP","Output":"=== RUN   TestContinueRawIntegritySMTP\n"}
2026-10-09T03:22:09.4185366Z {"Time":"2026-10-09T03:22:09.417753848Z","Action":"run","Package":"tabmail/internal/smtp","Test":"TestContinueRawIntegritySMTP/matching"}
2026-10-09T03:22:09.4186231Z {"Time":"2026-10-09T03:22:09.417756502Z","Action":"output","Package":"tabmail/internal/smtp","Test":"TestContinueRawIntegritySMTP/matching","Output":"=== RUN   TestContinueRawIntegritySMTP/matching\n"}
2026-10-09T03:22:09.4377431Z {"Time":"2026-10-09T03:22:09.437512552Z","Action":"output","Package":"tabmail/internal/smtp","Test":"TestContinueRawIntegritySMTP/matching","Output":"--- PASS: TestContinueRawIntegritySMTP/matching (0.02s)\n"}
2026-10-09T03:22:09.4378383Z {"Time":"2026-10-09T03:22:09.43753812Z","Action":"pass","Package":"tabmail/internal/smtp","Test":"TestContinueRawIntegritySMTP/matching","Elapsed":0.02}
2026-10-09T03:22:09.4379126Z {"Time":"2026-10-09T03:22:09.437546552Z","Action":"run","Package":"tabmail/internal/smtp","Test":"TestContinueRawIntegritySMTP/corrupt-repaired"}
2026-10-09T03:22:09.4380157Z {"Time":"2026-10-09T03:22:09.43755184Z","Action":"output","Package":"tabmail/internal/smtp","Test":"TestContinueRawIntegritySMTP/corrupt-repaired","Output":"=== RUN   TestContinueRawIntegritySMTP/corrupt-repaired\n"}
2026-10-09T03:22:09.4420813Z {"Time":"2026-10-09T03:22:09.441901097Z","Action":"output","Package":"tabmail/internal/smtp","Test":"TestContinueRawIntegritySMTP/corrupt-repaired","Output":"--- PASS: TestContinueRawIntegritySMTP/corrupt-repaired (0.00s)\n"}
2026-10-09T03:22:09.4422156Z {"Time":"2026-10-09T03:22:09.441923991Z","Action":"pass","Package":"tabmail/internal/smtp","Test":"TestContinueRawIntegritySMTP/corrupt-repaired","Elapsed":0}
2026-10-09T03:22:09.4422948Z {"Time":"2026-10-09T03:22:09.441929489Z","Action":"run","Package":"tabmail/internal/smtp","Test":"TestContinueRawIntegritySMTP/uncertain-close"}
2026-10-09T03:22:09.4423896Z {"Time":"2026-10-09T03:22:09.441933285Z","Action":"output","Package":"tabmail/internal/smtp","Test":"TestContinueRawIntegritySMTP/uncertain-close","Output":"=== RUN   TestContinueRawIntegritySMTP/uncertain-close\n"}
2026-10-09T03:22:09.4446379Z {"Time":"2026-10-09T03:22:09.444440118Z","Action":"output","Package":"tabmail/internal/smtp","Test":"TestContinueRawIntegritySMTP/uncertain-close","Output":"--- PASS: TestContinueRawIntegritySMTP/uncertain-close (0.00s)\n"}
2026-10-09T03:22:09.4447480Z {"Time":"2026-10-09T03:22:09.444470043Z","Action":"pass","Package":"tabmail/internal/smtp","Test":"TestContinueRawIntegritySMTP/uncertain-close","Elapsed":0}
2026-10-09T03:22:09.4448771Z {"Time":"2026-10-09T03:22:09.444517373Z","Action":"output","Package":"tabmail/internal/smtp","Test":"TestContinueRawIntegritySMTP","Output":"--- PASS: TestContinueRawIntegritySMTP (0.03s)\n"}
2026-10-09T03:22:09.4450125Z {"Time":"2026-10-09T03:22:09.444538154Z","Action":"pass","Package":"tabmail/internal/smtp","Test":"TestContinueRawIntegritySMTP","Elapsed":0.03}
2026-10-09T03:22:09.4451045Z {"Time":"2026-10-09T03:22:09.444572715Z","Action":"run","Package":"tabmail/internal/smtp","Test":"TestR5SMTPRejectedAddressMetricsCardinality"}
2026-10-09T03:22:09.4452072Z {"Time":"2026-10-09T03:22:09.444577513Z","Action":"output","Package":"tabmail/internal/smtp","Test":"TestR5SMTPRejectedAddressMetricsCardinality","Output":"=== RUN   TestR5SMTPRejectedAddressMetricsCardinality\n"}
2026-10-09T03:22:09.9472978Z {"Time":"2026-10-09T03:22:09.946919398Z","Action":"output","Package":"tabmail/internal/smtp","Test":"TestR5SMTPRejectedAddressMetricsCardinality","Output":"    r5_delivery_cardinality_wire_test.go:80: real TCP SMTP: 8192 distinct RCPT commands, 8192 observed 550 replies; detail rows=4097\n"}
2026-10-09T03:22:09.9475583Z {"Time":"2026-10-09T03:22:09.946956223Z","Action":"run","Package":"tabmail/internal/smtp","Test":"TestR5SMTPRejectedAddressMetricsCardinality/rejections_keep_global_total_without_accepting_mail"}
2026-10-09T03:22:09.9478121Z {"Time":"2026-10-09T03:22:09.946959898Z","Action":"output","Package":"tabmail/internal/smtp","Test":"TestR5SMTPRejectedAddressMetricsCardinality/rejections_keep_global_total_without_accepting_mail","Output":"=== RUN   TestR5SMTPRejectedAddressMetricsCardinality/rejections_keep_global_total_without_accepting_mail\n"}
2026-10-09T03:22:09.9482603Z {"Time":"2026-10-09T03:22:09.947011094Z","Action":"output","Package":"tabmail/internal/smtp","Test":"TestR5SMTPRejectedAddressMetricsCardinality/rejections_keep_global_total_without_accepting_mail","Output":"--- PASS: TestR5SMTPRejectedAddressMetricsCardinality/rejections_keep_global_total_without_accepting_mail (0.00s)\n"}
2026-10-09T03:22:09.9485383Z {"Time":"2026-10-09T03:22:09.947023202Z","Action":"pass","Package":"tabmail/internal/smtp","Test":"TestR5SMTPRejectedAddressMetricsCardinality/rejections_keep_global_total_without_accepting_mail","Elapsed":0}
2026-10-09T03:22:09.9487281Z {"Time":"2026-10-09T03:22:09.947993788Z","Action":"run","Package":"tabmail/internal/smtp","Test":"TestR5SMTPRejectedAddressMetricsCardinality/unprovisioned_addresses_cannot_expand_details"}
2026-10-09T03:22:09.9489681Z {"Time":"2026-10-09T03:22:09.948004334Z","Action":"output","Package":"tabmail/internal/smtp","Test":"TestR5SMTPRejectedAddressMetricsCardinality/unprovisioned_addresses_cannot_expand_details","Output":"=== RUN   TestR5SMTPRejectedAddressMetricsCardinality/unprovisioned_addresses_cannot_expand_details\n"}
2026-10-09T03:22:09.9493244Z {"Time":"2026-10-09T03:22:09.948012476Z","Action":"output","Package":"tabmail/internal/smtp","Test":"TestR5SMTPRejectedAddressMetricsCardinality/unprovisioned_addresses_cannot_expand_details","Output":"--- PASS: TestR5SMTPRejectedAddressMetricsCardinality/unprovisioned_addresses_cannot_expand_details (0.00s)\n"}
2026-10-09T03:22:09.9495881Z {"Time":"2026-10-09T03:22:09.948016001Z","Action":"pass","Package":"tabmail/internal/smtp","Test":"TestR5SMTPRejectedAddressMetricsCardinality/unprovisioned_addresses_cannot_expand_details","Elapsed":0}
2026-10-09T03:22:09.9497643Z {"Time":"2026-10-09T03:22:09.948019506Z","Action":"run","Package":"tabmail/internal/smtp","Test":"TestR5SMTPRejectedAddressMetricsCardinality/bounded_projection_does_not_drop_rejections"}
2026-10-09T03:22:09.9499931Z {"Time":"2026-10-09T03:22:09.94802231Z","Action":"output","Package":"tabmail/internal/smtp","Test":"TestR5SMTPRejectedAddressMetricsCardinality/bounded_projection_does_not_drop_rejections","Output":"=== RUN   TestR5SMTPRejectedAddressMetricsCardinality/bounded_projection_does_not_drop_rejections\n"}
2026-10-09T03:22:09.9502789Z {"Time":"2026-10-09T03:22:09.948030002Z","Action":"output","Package":"tabmail/internal/smtp","Test":"TestR5SMTPRejectedAddressMetricsCardinality/bounded_projection_does_not_drop_rejections","Output":"--- PASS: TestR5SMTPRejectedAddressMetricsCardinality/bounded_projection_does_not_drop_rejections (0.00s)\n"}
2026-10-09T03:22:09.9505287Z {"Time":"2026-10-09T03:22:09.948033397Z","Action":"pass","Package":"tabmail/internal/smtp","Test":"TestR5SMTPRejectedAddressMetricsCardinality/bounded_projection_does_not_drop_rejections","Elapsed":0}
2026-10-09T03:22:09.9507060Z {"Time":"2026-10-09T03:22:09.948036692Z","Action":"run","Package":"tabmail/internal/smtp","Test":"TestR5SMTPRejectedAddressMetricsCardinality/overflow_is_explicit_in_the_actual_top_api"}
2026-10-09T03:22:09.9509385Z {"Time":"2026-10-09T03:22:09.948039105Z","Action":"output","Package":"tabmail/internal/smtp","Test":"TestR5SMTPRejectedAddressMetricsCardinality/overflow_is_explicit_in_the_actual_top_api","Output":"=== RUN   TestR5SMTPRejectedAddressMetricsCardinality/overflow_is_explicit_in_the_actual_top_api\n"}
2026-10-09T03:22:09.9573250Z {"Time":"2026-10-09T03:22:09.957061751Z","Action":"output","Package":"tabmail/internal/smtp","Test":"TestR5SMTPRejectedAddressMetricsCardinality/overflow_is_explicit_in_the_actual_top_api","Output":"--- PASS: TestR5SMTPRejectedAddressMetricsCardinality/overflow_is_explicit_in_the_actual_top_api (0.01s)\n"}
2026-10-09T03:22:09.9575627Z {"Time":"2026-10-09T03:22:09.95708125Z","Action":"pass","Package":"tabmail/internal/smtp","Test":"TestR5SMTPRejectedAddressMetricsCardinality/overflow_is_explicit_in_the_actual_top_api","Elapsed":0.01}
2026-10-09T03:22:09.9577316Z {"Time":"2026-10-09T03:22:09.957089943Z","Action":"run","Package":"tabmail/internal/smtp","Test":"TestR5SMTPRejectedAddressMetricsCardinality/prometheus_never_exports_attacker_address_labels"}
2026-10-09T03:22:09.9579514Z {"Time":"2026-10-09T03:22:09.957096002Z","Action":"output","Package":"tabmail/internal/smtp","Test":"TestR5SMTPRejectedAddressMetricsCardinality/prometheus_never_exports_attacker_address_labels","Output":"=== RUN   TestR5SMTPRejectedAddressMetricsCardinality/prometheus_never_exports_attacker_address_labels\n"}
2026-10-09T03:22:09.9581721Z {"Time":"2026-10-09T03:22:09.9574232Z","Action":"output","Package":"tabmail/internal/smtp","Test":"TestR5SMTPRejectedAddressMetricsCardinality/prometheus_never_exports_attacker_address_labels","Output":"--- PASS: TestR5SMTPRejectedAddressMetricsCardinality/prometheus_never_exports_attacker_address_labels (0.00s)\n"}
2026-10-09T03:22:09.9584164Z {"Time":"2026-10-09T03:22:09.957435939Z","Action":"pass","Package":"tabmail/internal/smtp","Test":"TestR5SMTPRejectedAddressMetricsCardinality/prometheus_never_exports_attacker_address_labels","Elapsed":0}
2026-10-09T03:22:09.9586168Z {"Time":"2026-10-09T03:22:09.95770492Z","Action":"output","Package":"tabmail/internal/smtp","Test":"TestR5SMTPRejectedAddressMetricsCardinality","Output":"--- PASS: TestR5SMTPRejectedAddressMetricsCardinality (0.51s)\n"}
2026-10-09T03:22:09.9587910Z {"Time":"2026-10-09T03:22:09.957713542Z","Action":"pass","Package":"tabmail/internal/smtp","Test":"TestR5SMTPRejectedAddressMetricsCardinality","Elapsed":0.51}
2026-10-09T03:22:09.9589162Z {"Time":"2026-10-09T03:22:09.957756647Z","Action":"run","Package":"tabmail/internal/smtp","Test":"TestR5SMTPOriginPolicyRootDot"}
2026-10-09T03:22:09.9590472Z {"Time":"2026-10-09T03:22:09.957773141Z","Action":"output","Package":"tabmail/internal/smtp","Test":"TestR5SMTPOriginPolicyRootDot","Output":"=== RUN   TestR5SMTPOriginPolicyRootDot\n"}
2026-10-09T03:22:09.9591413Z {"Time":"2026-10-09T03:22:09.95777933Z","Action":"run","Package":"tabmail/internal/smtp","Test":"TestR5SMTPOriginPolicyRootDot/exact_domain"}
2026-10-09T03:22:09.9592268Z {"Time":"2026-10-09T03:22:09.957781954Z","Action":"output","Package":"tabmail/internal/smtp","Test":"TestR5SMTPOriginPolicyRootDot/exact_domain","Output":"=== RUN   TestR5SMTPOriginPolicyRootDot/exact_domain\n"}
2026-10-09T03:22:09.9593340Z {"Time":"2026-10-09T03:22:09.958695234Z","Action":"output","Package":"tabmail/internal/smtp","Test":"TestR5SMTPOriginPolicyRootDot/exact_domain","Output":"--- PASS: TestR5SMTPOriginPolicyRootDot/exact_domain (0.00s)\n"}
2026-10-09T03:22:09.9594235Z {"Time":"2026-10-09T03:22:09.95872604Z","Action":"pass","Package":"tabmail/internal/smtp","Test":"TestR5SMTPOriginPolicyRootDot/exact_domain","Elapsed":0}
2026-10-09T03:22:09.9595311Z {"Time":"2026-10-09T03:22:09.958731598Z","Action":"run","Package":"tabmail/internal/smtp","Test":"TestR5SMTPOriginPolicyRootDot/wildcard_domain"}
2026-10-09T03:22:09.9596832Z {"Time":"2026-10-09T03:22:09.958734332Z","Action":"output","Package":"tabmail/internal/smtp","Test":"TestR5SMTPOriginPolicyRootDot/wildcard_domain","Output":"=== RUN   TestR5SMTPOriginPolicyRootDot/wildcard_domain\n"}
2026-10-09T03:22:09.9598570Z {"Time":"2026-10-09T03:22:09.959508255Z","Action":"output","Package":"tabmail/internal/smtp","Test":"TestR5SMTPOriginPolicyRootDot/wildcard_domain","Output":"--- PASS: TestR5SMTPOriginPolicyRootDot/wildcard_domain (0.00s)\n"}
2026-10-09T03:22:09.9600255Z {"Time":"2026-10-09T03:22:09.959519952Z","Action":"pass","Package":"tabmail/internal/smtp","Test":"TestR5SMTPOriginPolicyRootDot/wildcard_domain","Elapsed":0}
2026-10-09T03:22:09.9601551Z {"Time":"2026-10-09T03:22:09.959548565Z","Action":"run","Package":"tabmail/internal/smtp","Test":"TestR5SMTPOriginPolicyRootDot/root_dot_pattern"}
2026-10-09T03:22:09.9603134Z {"Time":"2026-10-09T03:22:09.959560282Z","Action":"output","Package":"tabmail/internal/smtp","Test":"TestR5SMTPOriginPolicyRootDot/root_dot_pattern","Output":"=== RUN   TestR5SMTPOriginPolicyRootDot/root_dot_pattern\n"}
2026-10-09T03:22:09.9605417Z {"Time":"2026-10-09T03:22:09.960331531Z","Action":"output","Package":"tabmail/internal/smtp","Test":"TestR5SMTPOriginPolicyRootDot/root_dot_pattern","Output":"--- PASS: TestR5SMTPOriginPolicyRootDot/root_dot_pattern (0.00s)\n"}
2026-10-09T03:22:09.9607110Z {"Time":"2026-10-09T03:22:09.96034494Z","Action":"pass","Package":"tabmail/internal/smtp","Test":"TestR5SMTPOriginPolicyRootDot/root_dot_pattern","Elapsed":0}
2026-10-09T03:22:09.9607874Z {"Time":"2026-10-09T03:22:09.960375746Z","Action":"run","Package":"tabmail/internal/smtp","Test":"TestR5SMTPOriginPolicyRootDot/unrelated_domain"}
2026-10-09T03:22:09.9608758Z {"Time":"2026-10-09T03:22:09.960404049Z","Action":"output","Package":"tabmail/internal/smtp","Test":"TestR5SMTPOriginPolicyRootDot/unrelated_domain","Output":"=== RUN   TestR5SMTPOriginPolicyRootDot/unrelated_domain\n"}
2026-10-09T03:22:09.9612553Z {"Time":"2026-10-09T03:22:09.961102929Z","Action":"output","Package":"tabmail/internal/smtp","Test":"TestR5SMTPOriginPolicyRootDot/unrelated_domain","Output":"--- PASS: TestR5SMTPOriginPolicyRootDot/unrelated_domain (0.00s)\n"}
2026-10-09T03:22:09.9614061Z {"Time":"2026-10-09T03:22:09.961115358Z","Action":"pass","Package":"tabmail/internal/smtp","Test":"TestR5SMTPOriginPolicyRootDot/unrelated_domain","Elapsed":0}
2026-10-09T03:22:09.9615952Z {"Time":"2026-10-09T03:22:09.961146584Z","Action":"run","Package":"tabmail/internal/smtp","Test":"TestR5SMTPOriginPolicyRootDot/exact_does_not_expand"}
2026-10-09T03:22:09.9617772Z {"Time":"2026-10-09T03:22:09.961153444Z","Action":"output","Package":"tabmail/internal/smtp","Test":"TestR5SMTPOriginPolicyRootDot/exact_does_not_expand","Output":"=== RUN   TestR5SMTPOriginPolicyRootDot/exact_does_not_expand\n"}
2026-10-09T03:22:09.9620523Z {"Time":"2026-10-09T03:22:09.96190869Z","Action":"output","Package":"tabmail/internal/smtp","Test":"TestR5SMTPOriginPolicyRootDot/exact_does_not_expand","Output":"--- PASS: TestR5SMTPOriginPolicyRootDot/exact_does_not_expand (0.00s)\n"}
2026-10-09T03:22:09.9622004Z {"Time":"2026-10-09T03:22:09.961921358Z","Action":"pass","Package":"tabmail/internal/smtp","Test":"TestR5SMTPOriginPolicyRootDot/exact_does_not_expand","Elapsed":0}
2026-10-09T03:22:09.9627806Z {"Time":"2026-10-09T03:22:09.961949771Z","Action":"run","Package":"tabmail/internal/smtp","Test":"TestR5SMTPOriginPolicyRootDot/null_reverse_path"}
2026-10-09T03:22:09.9628845Z {"Time":"2026-10-09T03:22:09.961961038Z","Action":"output","Package":"tabmail/internal/smtp","Test":"TestR5SMTPOriginPolicyRootDot/null_reverse_path","Output":"=== RUN   TestR5SMTPOriginPolicyRootDot/null_reverse_path\n"}
2026-10-09T03:22:09.9629961Z {"Time":"2026-10-09T03:22:09.962657765Z","Action":"output","Package":"tabmail/internal/smtp","Test":"TestR5SMTPOriginPolicyRootDot/null_reverse_path","Output":"--- PASS: TestR5SMTPOriginPolicyRootDot/null_reverse_path (0.00s)\n"}
2026-10-09T03:22:09.9631714Z {"Time":"2026-10-09T03:22:09.962671846Z","Action":"pass","Package":"tabmail/internal/smtp","Test":"TestR5SMTPOriginPolicyRootDot/null_reverse_path","Elapsed":0}
2026-10-09T03:22:09.9633226Z {"Time":"2026-10-09T03:22:09.962693598Z","Action":"output","Package":"tabmail/internal/smtp","Test":"TestR5SMTPOriginPolicyRootDot","Output":"--- PASS: TestR5SMTPOriginPolicyRootDot (0.00s)\n"}
2026-10-09T03:22:09.9634398Z {"Time":"2026-10-09T03:22:09.962718625Z","Action":"pass","Package":"tabmail/internal/smtp","Test":"TestR5SMTPOriginPolicyRootDot","Elapsed":0}
2026-10-09T03:22:09.9635798Z {"Time":"2026-10-09T03:22:09.963037641Z","Action":"run","Package":"tabmail/internal/smtp","Test":"TestExecBDATTruncatedChunkNeverAccepted"}
2026-10-09T03:22:09.9637339Z {"Time":"2026-10-09T03:22:09.963047015Z","Action":"output","Package":"tabmail/internal/smtp","Test":"TestExecBDATTruncatedChunkNeverAccepted","Output":"=== RUN   TestExecBDATTruncatedChunkNeverAccepted\n"}
2026-10-09T03:22:09.9638881Z {"Time":"2026-10-09T03:22:09.963052813Z","Action":"run","Package":"tabmail/internal/smtp","Test":"TestExecBDATTruncatedChunkNeverAccepted/durable=false/empty-last"}
2026-10-09T03:22:09.9640524Z {"Time":"2026-10-09T03:22:09.963056299Z","Action":"output","Package":"tabmail/internal/smtp","Test":"TestExecBDATTruncatedChunkNeverAccepted/durable=false/empty-last","Output":"=== RUN   TestExecBDATTruncatedChunkNeverAccepted/durable=false/empty-last\n"}
2026-10-09T03:22:09.9642364Z {"Time":"2026-10-09T03:22:09.963712065Z","Action":"output","Package":"tabmail/internal/smtp","Test":"TestExecBDATTruncatedChunkNeverAccepted/durable=false/empty-last","Output":"--- PASS: TestExecBDATTruncatedChunkNeverAccepted/durable=false/empty-last (0.00s)\n"}
2026-10-09T03:22:09.9643903Z {"Time":"2026-10-09T03:22:09.963724683Z","Action":"pass","Package":"tabmail/internal/smtp","Test":"TestExecBDATTruncatedChunkNeverAccepted/durable=false/empty-last","Elapsed":0}
2026-10-09T03:22:09.9645466Z {"Time":"2026-10-09T03:22:09.963744383Z","Action":"run","Package":"tabmail/internal/smtp","Test":"TestExecBDATTruncatedChunkNeverAccepted/durable=false/short-last"}
2026-10-09T03:22:09.9647261Z {"Time":"2026-10-09T03:22:09.963750572Z","Action":"output","Package":"tabmail/internal/smtp","Test":"TestExecBDATTruncatedChunkNeverAccepted/durable=false/short-last","Output":"=== RUN   TestExecBDATTruncatedChunkNeverAccepted/durable=false/short-last\n"}
2026-10-09T03:22:09.9649924Z {"Time":"2026-10-09T03:22:09.964685194Z","Action":"output","Package":"tabmail/internal/smtp","Test":"TestExecBDATTruncatedChunkNeverAccepted/durable=false/short-last","Output":"--- PASS: TestExecBDATTruncatedChunkNeverAccepted/durable=false/short-last (0.00s)\n"}
2026-10-09T03:22:09.9652207Z {"Time":"2026-10-09T03:22:09.964700236Z","Action":"pass","Package":"tabmail/internal/smtp","Test":"TestExecBDATTruncatedChunkNeverAccepted/durable=false/short-last","Elapsed":0}
2026-10-09T03:22:09.9653770Z {"Time":"2026-10-09T03:22:09.964706085Z","Action":"run","Package":"tabmail/internal/smtp","Test":"TestExecBDATTruncatedChunkNeverAccepted/durable=false/short-non-last"}
2026-10-09T03:22:09.9655892Z {"Time":"2026-10-09T03:22:09.964711363Z","Action":"output","Package":"tabmail/internal/smtp","Test":"TestExecBDATTruncatedChunkNeverAccepted/durable=false/short-non-last","Output":"=== RUN   TestExecBDATTruncatedChunkNeverAccepted/durable=false/short-non-last\n"}
2026-10-09T03:22:09.9659113Z {"Time":"2026-10-09T03:22:09.965725012Z","Action":"output","Package":"tabmail/internal/smtp","Test":"TestExecBDATTruncatedChunkNeverAccepted/durable=false/short-non-last","Output":"--- PASS: TestExecBDATTruncatedChunkNeverAccepted/durable=false/short-non-last (0.00s)\n"}
2026-10-09T03:22:09.9660683Z {"Time":"2026-10-09T03:22:09.965737Z","Action":"pass","Package":"tabmail/internal/smtp","Test":"TestExecBDATTruncatedChunkNeverAccepted/durable=false/short-non-last","Elapsed":0}
2026-10-09T03:22:09.9661587Z {"Time":"2026-10-09T03:22:09.965781236Z","Action":"run","Package":"tabmail/internal/smtp","Test":"TestExecBDATTruncatedChunkNeverAccepted/durable=false/short-second-last"}
2026-10-09T03:22:09.9662762Z {"Time":"2026-10-09T03:22:09.965786884Z","Action":"output","Package":"tabmail/internal/smtp","Test":"TestExecBDATTruncatedChunkNeverAccepted/durable=false/short-second-last","Output":"=== RUN   TestExecBDATTruncatedChunkNeverAccepted/durable=false/short-second-last\n"}
2026-10-09T03:22:09.9669248Z {"Time":"2026-10-09T03:22:09.966721476Z","Action":"output","Package":"tabmail/internal/smtp","Test":"TestExecBDATTruncatedChunkNeverAccepted/durable=false/short-second-last","Output":"--- PASS: TestExecBDATTruncatedChunkNeverAccepted/durable=false/short-second-last (0.00s)\n"}
2026-10-09T03:22:09.9671288Z {"Time":"2026-10-09T03:22:09.966734726Z","Action":"pass","Package":"tabmail/internal/smtp","Test":"TestExecBDATTruncatedChunkNeverAccepted/durable=false/short-second-last","Elapsed":0}
2026-10-09T03:22:09.9672661Z {"Time":"2026-10-09T03:22:09.966762487Z","Action":"run","Package":"tabmail/internal/smtp","Test":"TestExecBDATTruncatedChunkNeverAccepted/durable=true/empty-last"}
2026-10-09T03:22:09.9673817Z {"Time":"2026-10-09T03:22:09.966769518Z","Action":"output","Package":"tabmail/internal/smtp","Test":"TestExecBDATTruncatedChunkNeverAccepted/durable=true/empty-last","Output":"=== RUN   TestExecBDATTruncatedChunkNeverAccepted/durable=true/empty-last\n"}
2026-10-09T03:22:09.9678740Z {"Time":"2026-10-09T03:22:09.967703248Z","Action":"output","Package":"tabmail/internal/smtp","Test":"TestExecBDATTruncatedChunkNeverAccepted/durable=true/empty-last","Output":"--- PASS: TestExecBDATTruncatedChunkNeverAccepted/durable=true/empty-last (0.00s)\n"}
2026-10-09T03:22:09.9680300Z {"Time":"2026-10-09T03:22:09.967714565Z","Action":"pass","Package":"tabmail/internal/smtp","Test":"TestExecBDATTruncatedChunkNeverAccepted/durable=true/empty-last","Elapsed":0}
2026-10-09T03:22:09.9681911Z {"Time":"2026-10-09T03:22:09.967756207Z","Action":"run","Package":"tabmail/internal/smtp","Test":"TestExecBDATTruncatedChunkNeverAccepted/durable=true/short-last"}
2026-10-09T03:22:09.9683905Z {"Time":"2026-10-09T03:22:09.967761976Z","Action":"output","Package":"tabmail/internal/smtp","Test":"TestExecBDATTruncatedChunkNeverAccepted/durable=true/short-last","Output":"=== RUN   TestExecBDATTruncatedChunkNeverAccepted/durable=true/short-last\n"}
2026-10-09T03:22:09.9688463Z {"Time":"2026-10-09T03:22:09.968717689Z","Action":"output","Package":"tabmail/internal/smtp","Test":"TestExecBDATTruncatedChunkNeverAccepted/durable=true/short-last","Output":"--- PASS: TestExecBDATTruncatedChunkNeverAccepted/durable=true/short-last (0.00s)\n"}
2026-10-09T03:22:09.9690693Z {"Time":"2026-10-09T03:22:09.968731339Z","Action":"pass","Package":"tabmail/internal/smtp","Test":"TestExecBDATTruncatedChunkNeverAccepted/durable=true/short-last","Elapsed":0}
2026-10-09T03:22:09.9691584Z {"Time":"2026-10-09T03:22:09.968737478Z","Action":"run","Package":"tabmail/internal/smtp","Test":"TestExecBDATTruncatedChunkNeverAccepted/durable=true/short-non-last"}
2026-10-09T03:22:09.9692668Z {"Time":"2026-10-09T03:22:09.968740743Z","Action":"output","Package":"tabmail/internal/smtp","Test":"TestExecBDATTruncatedChunkNeverAccepted/durable=true/short-non-last","Output":"=== RUN   TestExecBDATTruncatedChunkNeverAccepted/durable=true/short-non-last\n"}
2026-10-09T03:22:09.9699041Z {"Time":"2026-10-09T03:22:09.969680322Z","Action":"output","Package":"tabmail/internal/smtp","Test":"TestExecBDATTruncatedChunkNeverAccepted/durable=true/short-non-last","Output":"--- PASS: TestExecBDATTruncatedChunkNeverAccepted/durable=true/short-non-last (0.00s)\n"}
2026-10-09T03:22:09.9700617Z {"Time":"2026-10-09T03:22:09.969693652Z","Action":"pass","Package":"tabmail/internal/smtp","Test":"TestExecBDATTruncatedChunkNeverAccepted/durable=true/short-non-last","Elapsed":0}
2026-10-09T03:22:09.9702039Z {"Time":"2026-10-09T03:22:09.96969911Z","Action":"run","Package":"tabmail/internal/smtp","Test":"TestExecBDATTruncatedChunkNeverAccepted/durable=true/short-second-last"}
2026-10-09T03:22:09.9703203Z {"Time":"2026-10-09T03:22:09.969704018Z","Action":"output","Package":"tabmail/internal/smtp","Test":"TestExecBDATTruncatedChunkNeverAccepted/durable=true/short-second-last","Output":"=== RUN   TestExecBDATTruncatedChunkNeverAccepted/durable=true/short-second-last\n"}
2026-10-09T03:22:09.9708249Z {"Time":"2026-10-09T03:22:09.970649205Z","Action":"output","Package":"tabmail/internal/smtp","Test":"TestExecBDATTruncatedChunkNeverAccepted/durable=true/short-second-last","Output":"--- PASS: TestExecBDATTruncatedChunkNeverAccepted/durable=true/short-second-last (0.00s)\n"}
2026-10-09T03:22:09.9710313Z {"Time":"2026-10-09T03:22:09.970664087Z","Action":"pass","Package":"tabmail/internal/smtp","Test":"TestExecBDATTruncatedChunkNeverAccepted/durable=true/short-second-last","Elapsed":0}
2026-10-09T03:22:09.9712392Z {"Time":"2026-10-09T03:22:09.970689565Z","Action":"output","Package":"tabmail/internal/smtp","Test":"TestExecBDATTruncatedChunkNeverAccepted","Output":"--- PASS: TestExecBDATTruncatedChunkNeverAccepted (0.01s)\n"}
2026-10-09T03:22:09.9713555Z {"Time":"2026-10-09T03:22:09.970713381Z","Action":"pass","Package":"tabmail/internal/smtp","Test":"TestExecBDATTruncatedChunkNeverAccepted","Elapsed":0.01}
2026-10-09T03:22:09.9714894Z {"Time":"2026-10-09T03:22:09.970728984Z","Action":"run","Package":"tabmail/internal/smtp","Test":"TestExecBDATCompleteChunksPreserveOriginalAndNextCommand"}
2026-10-09T03:22:09.9716272Z {"Time":"2026-10-09T03:22:09.97074004Z","Action":"output","Package":"tabmail/internal/smtp","Test":"TestExecBDATCompleteChunksPreserveOriginalAndNextCommand","Output":"=== RUN   TestExecBDATCompleteChunksPreserveOriginalAndNextCommand\n"}
2026-10-09T03:22:09.9718024Z {"Time":"2026-10-09T03:22:09.970764046Z","Action":"run","Package":"tabmail/internal/smtp","Test":"TestExecBDATCompleteChunksPreserveOriginalAndNextCommand/durable=false/single"}
2026-10-09T03:22:09.9719384Z {"Time":"2026-10-09T03:22:09.970768903Z","Action":"output","Package":"tabmail/internal/smtp","Test":"TestExecBDATCompleteChunksPreserveOriginalAndNextCommand/durable=false/single","Output":"=== RUN   TestExecBDATCompleteChunksPreserveOriginalAndNextCommand/durable=false/single\n"}
2026-10-09T03:22:09.9732957Z {"Time":"2026-10-09T03:22:09.973024212Z","Action":"output","Package":"tabmail/internal/smtp","Test":"TestExecBDATCompleteChunksPreserveOriginalAndNextCommand/durable=false/single","Output":"--- PASS: TestExecBDATCompleteChunksPreserveOriginalAndNextCommand/durable=false/single (0.00s)\n"}
2026-10-09T03:22:09.9734799Z {"Time":"2026-10-09T03:22:09.973036691Z","Action":"pass","Package":"tabmail/internal/smtp","Test":"TestExecBDATCompleteChunksPreserveOriginalAndNextCommand/durable=false/single","Elapsed":0}
2026-10-09T03:22:09.9735914Z {"Time":"2026-10-09T03:22:09.973066084Z","Action":"run","Package":"tabmail/internal/smtp","Test":"TestExecBDATCompleteChunksPreserveOriginalAndNextCommand/durable=false/empty-last"}
2026-10-09T03:22:09.9737233Z {"Time":"2026-10-09T03:22:09.973074196Z","Action":"output","Package":"tabmail/internal/smtp","Test":"TestExecBDATCompleteChunksPreserveOriginalAndNextCommand/durable=false/empty-last","Output":"=== RUN   TestExecBDATCompleteChunksPreserveOriginalAndNextCommand/durable=false/empty-last\n"}
2026-10-09T03:22:09.9759373Z {"Time":"2026-10-09T03:22:09.975751183Z","Action":"output","Package":"tabmail/internal/smtp","Test":"TestExecBDATCompleteChunksPreserveOriginalAndNextCommand/durable=false/empty-last","Output":"--- PASS: TestExecBDATCompleteChunksPreserveOriginalAndNextCommand/durable=false/empty-last (0.00s)\n"}
2026-10-09T03:22:09.9760795Z {"Time":"2026-10-09T03:22:09.975765584Z","Action":"pass","Package":"tabmail/internal/smtp","Test":"TestExecBDATCompleteChunksPreserveOriginalAndNextCommand/durable=false/empty-last","Elapsed":0}
2026-10-09T03:22:09.9762945Z {"Time":"2026-10-09T03:22:09.975787677Z","Action":"run","Package":"tabmail/internal/smtp","Test":"TestExecBDATCompleteChunksPreserveOriginalAndNextCommand/durable=false/multiple"}
2026-10-09T03:22:09.9765337Z {"Time":"2026-10-09T03:22:09.975793546Z","Action":"output","Package":"tabmail/internal/smtp","Test":"TestExecBDATCompleteChunksPreserveOriginalAndNextCommand/durable=false/multiple","Output":"=== RUN   TestExecBDATCompleteChunksPreserveOriginalAndNextCommand/durable=false/multiple\n"}
2026-10-09T03:22:09.9782840Z {"Time":"2026-10-09T03:22:09.978103766Z","Action":"output","Package":"tabmail/internal/smtp","Test":"TestExecBDATCompleteChunksPreserveOriginalAndNextCommand/durable=false/multiple","Output":"--- PASS: TestExecBDATCompleteChunksPreserveOriginalAndNextCommand/durable=false/multiple (0.00s)\n"}
2026-10-09T03:22:09.9785172Z {"Time":"2026-10-09T03:22:09.978119069Z","Action":"pass","Package":"tabmail/internal/smtp","Test":"TestExecBDATCompleteChunksPreserveOriginalAndNextCommand/durable=false/multiple","Elapsed":0}
2026-10-09T03:22:09.9786278Z {"Time":"2026-10-09T03:22:09.978158338Z","Action":"run","Package":"tabmail/internal/smtp","Test":"TestExecBDATCompleteChunksPreserveOriginalAndNextCommand/durable=false/empty-first"}
2026-10-09T03:22:09.9788501Z {"Time":"2026-10-09T03:22:09.978164967Z","Action":"output","Package":"tabmail/internal/smtp","Test":"TestExecBDATCompleteChunksPreserveOriginalAndNextCommand/durable=false/empty-first","Output":"=== RUN   TestExecBDATCompleteChunksPreserveOriginalAndNextCommand/durable=false/empty-first\n"}
2026-10-09T03:22:09.9812025Z {"Time":"2026-10-09T03:22:09.980989223Z","Action":"output","Package":"tabmail/internal/smtp","Test":"TestExecBDATCompleteChunksPreserveOriginalAndNextCommand/durable=false/empty-first","Output":"--- PASS: TestExecBDATCompleteChunksPreserveOriginalAndNextCommand/durable=false/empty-first (0.00s)\n"}
2026-10-09T03:22:09.9814902Z {"Time":"2026-10-09T03:22:09.981004305Z","Action":"pass","Package":"tabmail/internal/smtp","Test":"TestExecBDATCompleteChunksPreserveOriginalAndNextCommand/durable=false/empty-first","Elapsed":0}
2026-10-09T03:22:09.9817195Z {"Time":"2026-10-09T03:22:09.981012878Z","Action":"run","Package":"tabmail/internal/smtp","Test":"TestExecBDATCompleteChunksPreserveOriginalAndNextCommand/durable=false/binary-body"}
2026-10-09T03:22:09.9819042Z {"Time":"2026-10-09T03:22:09.981016153Z","Action":"output","Package":"tabmail/internal/smtp","Test":"TestExecBDATCompleteChunksPreserveOriginalAndNextCommand/durable=false/binary-body","Output":"=== RUN   TestExecBDATCompleteChunksPreserveOriginalAndNextCommand/durable=false/binary-body\n"}
2026-10-09T03:22:09.9834642Z {"Time":"2026-10-09T03:22:09.983228368Z","Action":"output","Package":"tabmail/internal/smtp","Test":"TestExecBDATCompleteChunksPreserveOriginalAndNextCommand/durable=false/binary-body","Output":"--- PASS: TestExecBDATCompleteChunksPreserveOriginalAndNextCommand/durable=false/binary-body (0.00s)\n"}
2026-10-09T03:22:09.9836654Z {"Time":"2026-10-09T03:22:09.983242819Z","Action":"pass","Package":"tabmail/internal/smtp","Test":"TestExecBDATCompleteChunksPreserveOriginalAndNextCommand/durable=false/binary-body","Elapsed":0}
2026-10-09T03:22:09.9837730Z {"Time":"2026-10-09T03:22:09.983253325Z","Action":"run","Package":"tabmail/internal/smtp","Test":"TestExecBDATCompleteChunksPreserveOriginalAndNextCommand/durable=true/single"}
2026-10-09T03:22:09.9839884Z {"Time":"2026-10-09T03:22:09.983257521Z","Action":"output","Package":"tabmail/internal/smtp","Test":"TestExecBDATCompleteChunksPreserveOriginalAndNextCommand/durable=true/single","Output":"=== RUN   TestExecBDATCompleteChunksPreserveOriginalAndNextCommand/durable=true/single\n"}
2026-10-09T03:22:09.9849482Z {"Time":"2026-10-09T03:22:09.984738647Z","Action":"output","Package":"tabmail/internal/smtp","Test":"TestExecBDATCompleteChunksPreserveOriginalAndNextCommand/durable=true/single","Output":"--- PASS: TestExecBDATCompleteChunksPreserveOriginalAndNextCommand/durable=true/single (0.00s)\n"}
2026-10-09T03:22:09.9851844Z {"Time":"2026-10-09T03:22:09.984752998Z","Action":"pass","Package":"tabmail/internal/smtp","Test":"TestExecBDATCompleteChunksPreserveOriginalAndNextCommand/durable=true/single","Elapsed":0}
2026-10-09T03:22:09.9854033Z {"Time":"2026-10-09T03:22:09.984778907Z","Action":"run","Package":"tabmail/internal/smtp","Test":"TestExecBDATCompleteChunksPreserveOriginalAndNextCommand/durable=true/empty-last"}
2026-10-09T03:22:09.9856345Z {"Time":"2026-10-09T03:22:09.984787339Z","Action":"output","Package":"tabmail/internal/smtp","Test":"TestExecBDATCompleteChunksPreserveOriginalAndNextCommand/durable=true/empty-last","Output":"=== RUN   TestExecBDATCompleteChunksPreserveOriginalAndNextCommand/durable=true/empty-last\n"}
2026-10-09T03:22:09.9865340Z {"Time":"2026-10-09T03:22:09.986322796Z","Action":"output","Package":"tabmail/internal/smtp","Test":"TestExecBDATCompleteChunksPreserveOriginalAndNextCommand/durable=true/empty-last","Output":"--- PASS: TestExecBDATCompleteChunksPreserveOriginalAndNextCommand/durable=true/empty-last (0.00s)\n"}
2026-10-09T03:22:09.9867484Z {"Time":"2026-10-09T03:22:09.986336296Z","Action":"pass","Package":"tabmail/internal/smtp","Test":"TestExecBDATCompleteChunksPreserveOriginalAndNextCommand/durable=true/empty-last","Elapsed":0}
2026-10-09T03:22:09.9868979Z {"Time":"2026-10-09T03:22:09.986373281Z","Action":"run","Package":"tabmail/internal/smtp","Test":"TestExecBDATCompleteChunksPreserveOriginalAndNextCommand/durable=true/multiple"}
2026-10-09T03:22:09.9870233Z {"Time":"2026-10-09T03:22:09.98638619Z","Action":"output","Package":"tabmail/internal/smtp","Test":"TestExecBDATCompleteChunksPreserveOriginalAndNextCommand/durable=true/multiple","Output":"=== RUN   TestExecBDATCompleteChunksPreserveOriginalAndNextCommand/durable=true/multiple\n"}
2026-10-09T03:22:09.9879969Z {"Time":"2026-10-09T03:22:09.987823841Z","Action":"output","Package":"tabmail/internal/smtp","Test":"TestExecBDATCompleteChunksPreserveOriginalAndNextCommand/durable=true/multiple","Output":"--- PASS: TestExecBDATCompleteChunksPreserveOriginalAndNextCommand/durable=true/multiple (0.00s)\n"}
2026-10-09T03:22:09.9882670Z {"Time":"2026-10-09T03:22:09.987835789Z","Action":"pass","Package":"tabmail/internal/smtp","Test":"TestExecBDATCompleteChunksPreserveOriginalAndNextCommand/durable=true/multiple","Elapsed":0}
2026-10-09T03:22:09.9884218Z {"Time":"2026-10-09T03:22:09.987862319Z","Action":"run","Package":"tabmail/internal/smtp","Test":"TestExecBDATCompleteChunksPreserveOriginalAndNextCommand/durable=true/empty-first"}
2026-10-09T03:22:09.9885808Z {"Time":"2026-10-09T03:22:09.987866875Z","Action":"output","Package":"tabmail/internal/smtp","Test":"TestExecBDATCompleteChunksPreserveOriginalAndNextCommand/durable=true/empty-first","Output":"=== RUN   TestExecBDATCompleteChunksPreserveOriginalAndNextCommand/durable=true/empty-first\n"}
2026-10-09T03:22:09.9895268Z {"Time":"2026-10-09T03:22:09.989304246Z","Action":"output","Package":"tabmail/internal/smtp","Test":"TestExecBDATCompleteChunksPreserveOriginalAndNextCommand/durable=true/empty-first","Output":"--- PASS: TestExecBDATCompleteChunksPreserveOriginalAndNextCommand/durable=true/empty-first (0.00s)\n"}
2026-10-09T03:22:09.9897637Z {"Time":"2026-10-09T03:22:09.989322854Z","Action":"pass","Package":"tabmail/internal/smtp","Test":"TestExecBDATCompleteChunksPreserveOriginalAndNextCommand/durable=true/empty-first","Elapsed":0}
2026-10-09T03:22:09.9899378Z {"Time":"2026-10-09T03:22:09.989328402Z","Action":"run","Package":"tabmail/internal/smtp","Test":"TestExecBDATCompleteChunksPreserveOriginalAndNextCommand/durable=true/binary-body"}
2026-10-09T03:22:09.9901621Z {"Time":"2026-10-09T03:22:09.989331787Z","Action":"output","Package":"tabmail/internal/smtp","Test":"TestExecBDATCompleteChunksPreserveOriginalAndNextCommand/durable=true/binary-body","Output":"=== RUN   TestExecBDATCompleteChunksPreserveOriginalAndNextCommand/durable=true/binary-body\n"}
2026-10-09T03:22:09.9910630Z {"Time":"2026-10-09T03:22:09.990841765Z","Action":"output","Package":"tabmail/internal/smtp","Test":"TestExecBDATCompleteChunksPreserveOriginalAndNextCommand/durable=true/binary-body","Output":"--- PASS: TestExecBDATCompleteChunksPreserveOriginalAndNextCommand/durable=true/binary-body (0.00s)\n"}
2026-10-09T03:22:09.9912994Z {"Time":"2026-10-09T03:22:09.990855005Z","Action":"pass","Package":"tabmail/internal/smtp","Test":"TestExecBDATCompleteChunksPreserveOriginalAndNextCommand/durable=true/binary-body","Elapsed":0}
2026-10-09T03:22:09.9914987Z {"Time":"2026-10-09T03:22:09.990886893Z","Action":"output","Package":"tabmail/internal/smtp","Test":"TestExecBDATCompleteChunksPreserveOriginalAndNextCommand","Output":"--- PASS: TestExecBDATCompleteChunksPreserveOriginalAndNextCommand (0.02s)\n"}
2026-10-09T03:22:09.9916657Z {"Time":"2026-10-09T03:22:09.991226338Z","Action":"pass","Package":"tabmail/internal/smtp","Test":"TestExecBDATCompleteChunksPreserveOriginalAndNextCommand","Elapsed":0.02}
2026-10-09T03:22:09.9918119Z {"Time":"2026-10-09T03:22:09.991238025Z","Action":"run","Package":"tabmail/internal/smtp","Test":"TestExecDATAInclusiveLimitPreservesOriginalAndCommands"}
2026-10-09T03:22:09.9919815Z {"Time":"2026-10-09T03:22:09.991243253Z","Action":"output","Package":"tabmail/internal/smtp","Test":"TestExecDATAInclusiveLimitPreservesOriginalAndCommands","Output":"=== RUN   TestExecDATAInclusiveLimitPreservesOriginalAndCommands\n"}
2026-10-09T03:22:09.9921942Z {"Time":"2026-10-09T03:22:09.99124796Z","Action":"run","Package":"tabmail/internal/smtp","Test":"TestExecDATAInclusiveLimitPreservesOriginalAndCommands/durable=false/limit=128/dots=false/declared=false/delta=-1"}
2026-10-09T03:22:09.9924836Z {"Time":"2026-10-09T03:22:09.991251024Z","Action":"output","Package":"tabmail/internal/smtp","Test":"TestExecDATAInclusiveLimitPreservesOriginalAndCommands/durable=false/limit=128/dots=false/declared=false/delta=-1","Output":"=== RUN   TestExecDATAInclusiveLimitPreservesOriginalAndCommands/durable=false/limit=128/dots=false/declared=false/delta=-1\n"}
2026-10-09T03:22:09.9939966Z {"Time":"2026-10-09T03:22:09.993757086Z","Action":"output","Package":"tabmail/internal/smtp","Test":"TestExecDATAInclusiveLimitPreservesOriginalAndCommands/durable=false/limit=128/dots=false/declared=false/delta=-1","Output":"--- PASS: TestExecDATAInclusiveLimitPreservesOriginalAndCommands/durable=false/limit=128/dots=false/declared=false/delta=-1 (0.00s)\n"}
2026-10-09T03:22:09.9942805Z {"Time":"2026-10-09T03:22:09.993769375Z","Action":"pass","Package":"tabmail/internal/smtp","Test":"TestExecDATAInclusiveLimitPreservesOriginalAndCommands/durable=false/limit=128/dots=false/declared=false/delta=-1","Elapsed":0}
2026-10-09T03:22:09.9944277Z {"Time":"2026-10-09T03:22:09.993811107Z","Action":"run","Package":"tabmail/internal/smtp","Test":"TestExecDATAInclusiveLimitPreservesOriginalAndCommands/durable=false/limit=128/dots=false/declared=false/delta=+0"}
2026-10-09T03:22:09.9946872Z {"Time":"2026-10-09T03:22:09.993820321Z","Action":"output","Package":"tabmail/internal/smtp","Test":"TestExecDATAInclusiveLimitPreservesOriginalAndCommands/durable=false/limit=128/dots=false/declared=false/delta=+0","Output":"=== RUN   TestExecDATAInclusiveLimitPreservesOriginalAndCommands/durable=false/limit=128/dots=false/declared=false/delta=+0\n"}
2026-10-09T03:22:09.9965690Z {"Time":"2026-10-09T03:22:09.996326973Z","Action":"output","Package":"tabmail/internal/smtp","Test":"TestExecDATAInclusiveLimitPreservesOriginalAndCommands/durable=false/limit=128/dots=false/declared=false/delta=+0","Output":"--- PASS: TestExecDATAInclusiveLimitPreservesOriginalAndCommands/durable=false/limit=128/dots=false/declared=false/delta=+0 (0.00s)\n"}
2026-10-09T03:22:09.9968141Z {"Time":"2026-10-09T03:22:09.996343208Z","Action":"pass","Package":"tabmail/internal/smtp","Test":"TestExecDATAInclusiveLimitPreservesOriginalAndCommands/durable=false/limit=128/dots=false/declared=false/delta=+0","Elapsed":0}
2026-10-09T03:22:09.9969793Z {"Time":"2026-10-09T03:22:09.996349287Z","Action":"run","Package":"tabmail/internal/smtp","Test":"TestExecDATAInclusiveLimitPreservesOriginalAndCommands/durable=false/limit=128/dots=false/declared=false/delta=+1"}
2026-10-09T03:22:09.9971372Z {"Time":"2026-10-09T03:22:09.996352792Z","Action":"output","Package":"tabmail/internal/smtp","Test":"TestExecDATAInclusiveLimitPreservesOriginalAndCommands/durable=false/limit=128/dots=false/declared=false/delta=+1","Output":"=== RUN   TestExecDATAInclusiveLimitPreservesOriginalAndCommands/durable=false/limit=128/dots=false/declared=false/delta=+1\n"}
2026-10-09T03:22:09.9991206Z {"Time":"2026-10-09T03:22:09.998048657Z","Action":"output","Package":"tabmail/internal/smtp","Test":"TestExecDATAInclusiveLimitPreservesOriginalAndCommands/durable=false/limit=128/dots=false/declared=false/delta=+1","Output":"--- PASS: TestExecDATAInclusiveLimitPreservesOriginalAndCommands/durable=false/limit=128/dots=false/declared=false/delta=+1 (0.00s)\n"}
2026-10-09T03:22:09.9993905Z {"Time":"2026-10-09T03:22:09.998061697Z","Action":"pass","Package":"tabmail/internal/smtp","Test":"TestExecDATAInclusiveLimitPreservesOriginalAndCommands/durable=false/limit=128/dots=false/declared=false/delta=+1","Elapsed":0}
2026-10-09T03:22:09.9995704Z {"Time":"2026-10-09T03:22:09.998090179Z","Action":"run","Package":"tabmail/internal/smtp","Test":"TestExecDATAInclusiveLimitPreservesOriginalAndCommands/durable=false/limit=128/dots=false/declared=true/delta=-1"}
2026-10-09T03:22:09.9997282Z {"Time":"2026-10-09T03:22:09.99809733Z","Action":"output","Package":"tabmail/internal/smtp","Test":"TestExecDATAInclusiveLimitPreservesOriginalAndCommands/durable=false/limit=128/dots=false/declared=true/delta=-1","Output":"=== RUN   TestExecDATAInclusiveLimitPreservesOriginalAndCommands/durable=false/limit=128/dots=false/declared=true/delta=-1\n"}
2026-10-09T03:22:10.0010892Z {"Time":"2026-10-09T03:22:10.000754867Z","Action":"output","Package":"tabmail/internal/smtp","Test":"TestExecDATAInclusiveLimitPreservesOriginalAndCommands/durable=false/limit=128/dots=false/declared=true/delta=-1","Output":"--- PASS: TestExecDATAInclusiveLimitPreservesOriginalAndCommands/durable=false/limit=128/dots=false/declared=true/delta=-1 (0.00s)\n"}
2026-10-09T03:22:10.0013318Z {"Time":"2026-10-09T03:22:10.000767406Z","Action":"pass","Package":"tabmail/internal/smtp","Test":"TestExecDATAInclusiveLimitPreservesOriginalAndCommands/durable=false/limit=128/dots=false/declared=true/delta=-1","Elapsed":0}
2026-10-09T03:22:10.0014835Z {"Time":"2026-10-09T03:22:10.00079704Z","Action":"run","Package":"tabmail/internal/smtp","Test":"TestExecDATAInclusiveLimitPreservesOriginalAndCommands/durable=false/limit=128/dots=false/declared=true/delta=+0"}
2026-10-09T03:22:10.0016743Z {"Time":"2026-10-09T03:22:10.000802979Z","Action":"output","Package":"tabmail/internal/smtp","Test":"TestExecDATAInclusiveLimitPreservesOriginalAndCommands/durable=false/limit=128/dots=false/declared=true/delta=+0","Output":"=== RUN   TestExecDATAInclusiveLimitPreservesOriginalAndCommands/durable=false/limit=128/dots=false/declared=true/delta=+0\n"}
2026-10-09T03:22:10.0039110Z {"Time":"2026-10-09T03:22:10.003514467Z","Action":"output","Package":"tabmail/internal/smtp","Test":"TestExecDATAInclusiveLimitPreservesOriginalAndCommands/durable=false/limit=128/dots=false/declared=true/delta=+0","Output":"--- PASS: TestExecDATAInclusiveLimitPreservesOriginalAndCommands/durable=false/limit=128/dots=false/declared=true/delta=+0 (0.00s)\n"}
2026-10-09T03:22:10.0041691Z {"Time":"2026-10-09T03:22:10.00352991Z","Action":"pass","Package":"tabmail/internal/smtp","Test":"TestExecDATAInclusiveLimitPreservesOriginalAndCommands/durable=false/limit=128/dots=false/declared=true/delta=+0","Elapsed":0}
2026-10-09T03:22:10.0043759Z {"Time":"2026-10-09T03:22:10.00355698Z","Action":"run","Package":"tabmail/internal/smtp","Test":"TestExecDATAInclusiveLimitPreservesOriginalAndCommands/durable=false/limit=128/dots=false/declared=true/delta=+1"}
2026-10-09T03:22:10.0046641Z {"Time":"2026-10-09T03:22:10.003561827Z","Action":"output","Package":"tabmail/internal/smtp","Test":"TestExecDATAInclusiveLimitPreservesOriginalAndCommands/durable=false/limit=128/dots=false/declared=true/delta=+1","Output":"=== RUN   TestExecDATAInclusiveLimitPreservesOriginalAndCommands/durable=false/limit=128/dots=false/declared=true/delta=+1\n"}
2026-10-09T03:22:10.0059078Z {"Time":"2026-10-09T03:22:10.005663487Z","Action":"output","Package":"tabmail/internal/smtp","Test":"TestExecDATAInclusiveLimitPreservesOriginalAndCommands/durable=false/limit=128/dots=false/declared=true/delta=+1","Output":"--- PASS: TestExecDATAInclusiveLimitPreservesOriginalAndCommands/durable=false/limit=128/dots=false/declared=true/delta=+1 (0.00s)\n"}
2026-10-09T03:22:10.0062146Z {"Time":"2026-10-09T03:22:10.00567893Z","Action":"pass","Package":"tabmail/internal/smtp","Test":"TestExecDATAInclusiveLimitPreservesOriginalAndCommands/durable=false/limit=128/dots=false/declared=true/delta=+1","Elapsed":0}
2026-10-09T03:22:10.0064657Z {"Time":"2026-10-09T03:22:10.005703066Z","Action":"run","Package":"tabmail/internal/smtp","Test":"TestExecDATAInclusiveLimitPreservesOriginalAndCommands/durable=false/limit=128/dots=true/declared=false/delta=-1"}
2026-10-09T03:22:10.0067475Z {"Time":"2026-10-09T03:22:10.005708153Z","Action":"output","Package":"tabmail/internal/smtp","Test":"TestExecDATAInclusiveLimitPreservesOriginalAndCommands/durable=false/limit=128/dots=true/declared=false/delta=-1","Output":"=== RUN   TestExecDATAInclusiveLimitPreservesOriginalAndCommands/durable=false/limit=128/dots=true/declared=false/delta=-1\n"}
2026-10-09T03:22:10.0100665Z {"Time":"2026-10-09T03:22:10.009545308Z","Action":"output","Package":"tabmail/internal/smtp","Test":"TestExecDATAInclusiveLimitPreservesOriginalAndCommands/durable=false/limit=128/dots=true/declared=false/delta=-1","Output":"--- PASS: TestExecDATAInclusiveLimitPreservesOriginalAndCommands/durable=false/limit=128/dots=true/declared=false/delta=-1 (0.00s)\n"}
2026-10-09T03:22:10.0103447Z {"Time":"2026-10-09T03:22:10.009558297Z","Action":"pass","Package":"tabmail/internal/smtp","Test":"TestExecDATAInclusiveLimitPreservesOriginalAndCommands/durable=false/limit=128/dots=true/declared=false/delta=-1","Elapsed":0}
2026-10-09T03:22:10.0105634Z {"Time":"2026-10-09T03:22:10.009591376Z","Action":"run","Package":"tabmail/internal/smtp","Test":"TestExecDATAInclusiveLimitPreservesOriginalAndCommands/durable=false/limit=128/dots=true/declared=false/delta=+0"}
2026-10-09T03:22:10.0109887Z {"Time":"2026-10-09T03:22:10.009597305Z","Action":"output","Package":"tabmail/internal/smtp","Test":"TestExecDATAInclusiveLimitPreservesOriginalAndCommands/durable=false/limit=128/dots=true/declared=false/delta=+0","Output":"=== RUN   TestExecDATAInclusiveLimitPreservesOriginalAndCommands/durable=false/limit=128/dots=true/declared=false/delta=+0\n"}
2026-10-09T03:22:10.0125585Z {"Time":"2026-10-09T03:22:10.012282484Z","Action":"output","Package":"tabmail/internal/smtp","Test":"TestExecDATAInclusiveLimitPreservesOriginalAndCommands/durable=false/limit=128/dots=true/declared=false/delta=+0","Output":"--- PASS: TestExecDATAInclusiveLimitPreservesOriginalAndCommands/durable=false/limit=128/dots=true/declared=false/delta=+0 (0.00s)\n"}
2026-10-09T03:22:10.0128830Z {"Time":"2026-10-09T03:22:10.012296545Z","Action":"pass","Package":"tabmail/internal/smtp","Test":"TestExecDATAInclusiveLimitPreservesOriginalAndCommands/durable=false/limit=128/dots=true/declared=false/delta=+0","Elapsed":0}
2026-10-09T03:22:10.0130304Z {"Time":"2026-10-09T03:22:10.012328662Z","Action":"run","Package":"tabmail/internal/smtp","Test":"TestExecDATAInclusiveLimitPreservesOriginalAndCommands/durable=false/limit=128/dots=true/declared=false/delta=+1"}
2026-10-09T03:22:10.0131878Z {"Time":"2026-10-09T03:22:10.012336855Z","Action":"output","Package":"tabmail/internal/smtp","Test":"TestExecDATAInclusiveLimitPreservesOriginalAndCommands/durable=false/limit=128/dots=true/declared=false/delta=+1","Output":"=== RUN   TestExecDATAInclusiveLimitPreservesOriginalAndCommands/durable=false/limit=128/dots=true/declared=false/delta=+1\n"}
2026-10-09T03:22:10.0141909Z {"Time":"2026-10-09T03:22:10.014016446Z","Action":"output","Package":"tabmail/internal/smtp","Test":"TestExecDATAInclusiveLimitPreservesOriginalAndCommands/durable=false/limit=128/dots=true/declared=false/delta=+1","Output":"--- PASS: TestExecDATAInclusiveLimitPreservesOriginalAndCommands/durable=false/limit=128/dots=true/declared=false/delta=+1 (0.00s)\n"}
2026-10-09T03:22:10.0143525Z {"Time":"2026-10-09T03:22:10.014030537Z","Action":"pass","Package":"tabmail/internal/smtp","Test":"TestExecDATAInclusiveLimitPreservesOriginalAndCommands/durable=false/limit=128/dots=true/declared=false/delta=+1","Elapsed":0}
2026-10-09T03:22:10.0145240Z {"Time":"2026-10-09T03:22:10.0140599Z","Action":"run","Package":"tabmail/internal/smtp","Test":"TestExecDATAInclusiveLimitPreservesOriginalAndCommands/durable=false/limit=128/dots=true/declared=true/delta=-1"}
2026-10-09T03:22:10.0146763Z {"Time":"2026-10-09T03:22:10.01406628Z","Action":"output","Package":"tabmail/internal/smtp","Test":"TestExecDATAInclusiveLimitPreservesOriginalAndCommands/durable=false/limit=128/dots=true/declared=true/delta=-1","Output":"=== RUN   TestExecDATAInclusiveLimitPreservesOriginalAndCommands/durable=false/limit=128/dots=true/declared=true/delta=-1\n"}
2026-10-09T03:22:10.0172101Z {"Time":"2026-10-09T03:22:10.017010364Z","Action":"output","Package":"tabmail/internal/smtp","Test":"TestExecDATAInclusiveLimitPreservesOriginalAndCommands/durable=false/limit=128/dots=true/declared=true/delta=-1","Output":"--- PASS: TestExecDATAInclusiveLimitPreservesOriginalAndCommands/durable=false/limit=128/dots=true/declared=true/delta=-1 (0.00s)\n"}
2026-10-09T03:22:10.0174838Z {"Time":"2026-10-09T03:22:10.017025276Z","Action":"pass","Package":"tabmail/internal/smtp","Test":"TestExecDATAInclusiveLimitPreservesOriginalAndCommands/durable=false/limit=128/dots=true/declared=true/delta=-1","Elapsed":0}
2026-10-09T03:22:10.0176156Z {"Time":"2026-10-09T03:22:10.017052517Z","Action":"run","Package":"tabmail/internal/smtp","Test":"TestExecDATAInclusiveLimitPreservesOriginalAndCommands/durable=false/limit=128/dots=true/declared=true/delta=+0"}
2026-10-09T03:22:10.0177674Z {"Time":"2026-10-09T03:22:10.017059287Z","Action":"output","Package":"tabmail/internal/smtp","Test":"TestExecDATAInclusiveLimitPreservesOriginalAndCommands/durable=false/limit=128/dots=true/declared=true/delta=+0","Output":"=== RUN   TestExecDATAInclusiveLimitPreservesOriginalAndCommands/durable=false/limit=128/dots=true/declared=true/delta=+0\n"}
2026-10-09T03:22:10.0204244Z {"Time":"2026-10-09T03:22:10.020169799Z","Action":"output","Package":"tabmail/internal/smtp","Test":"TestExecDATAInclusiveLimitPreservesOriginalAndCommands/durable=false/limit=128/dots=true/declared=true/delta=+0","Output":"--- PASS: TestExecDATAInclusiveLimitPreservesOriginalAndCommands/durable=false/limit=128/dots=true/declared=true/delta=+0 (0.00s)\n"}
2026-10-09T03:22:10.0207032Z {"Time":"2026-10-09T03:22:10.020189238Z","Action":"pass","Package":"tabmail/internal/smtp","Test":"TestExecDATAInclusiveLimitPreservesOriginalAndCommands/durable=false/limit=128/dots=true/declared=true/delta=+0","Elapsed":0}
2026-10-09T03:22:10.0209351Z {"Time":"2026-10-09T03:22:10.020195788Z","Action":"run","Package":"tabmail/internal/smtp","Test":"TestExecDATAInclusiveLimitPreservesOriginalAndCommands/durable=false/limit=128/dots=true/declared=true/delta=+1"}
2026-10-09T03:22:10.0211910Z {"Time":"2026-10-09T03:22:10.020198872Z","Action":"output","Package":"tabmail/internal/smtp","Test":"TestExecDATAInclusiveLimitPreservesOriginalAndCommands/durable=false/limit=128/dots=true/declared=true/delta=+1","Output":"=== RUN   TestExecDATAInclusiveLimitPreservesOriginalAndCommands/durable=false/limit=128/dots=true/declared=true/delta=+1\n"}
2026-10-09T03:22:10.0223206Z {"Time":"2026-10-09T03:22:10.022073764Z","Action":"output","Package":"tabmail/internal/smtp","Test":"TestExecDATAInclusiveLimitPreservesOriginalAndCommands/durable=false/limit=128/dots=true/declared=true/delta=+1","Output":"--- PASS: TestExecDATAInclusiveLimitPreservesOriginalAndCommands/durable=false/limit=128/dots=true/declared=true/delta=+1 (0.00s)\n"}
2026-10-09T03:22:10.0225911Z {"Time":"2026-10-09T03:22:10.022088076Z","Action":"pass","Package":"tabmail/internal/smtp","Test":"TestExecDATAInclusiveLimitPreservesOriginalAndCommands/durable=false/limit=128/dots=true/declared=true/delta=+1","Elapsed":0}
2026-10-09T03:22:10.0227484Z {"Time":"2026-10-09T03:22:10.022117009Z","Action":"run","Package":"tabmail/internal/smtp","Test":"TestExecDATAInclusiveLimitPreservesOriginalAndCommands/durable=false/limit=1024/dots=false/declared=false/delta=-1"}
2026-10-09T03:22:10.0228988Z {"Time":"2026-10-09T03:22:10.022121606Z","Action":"output","Package":"tabmail/internal/smtp","Test":"TestExecDATAInclusiveLimitPreservesOriginalAndCommands/durable=false/limit=1024/dots=false/declared=false/delta=-1","Output":"=== RUN   TestExecDATAInclusiveLimitPreservesOriginalAndCommands/durable=false/limit=1024/dots=false/declared=false/delta=-1\n"}
2026-10-09T03:22:10.0287227Z {"Time":"2026-10-09T03:22:10.028465613Z","Action":"output","Package":"tabmail/internal/smtp","Test":"TestExecDATAInclusiveLimitPreservesOriginalAndCommands/durable=false/limit=1024/dots=false/declared=false/delta=-1","Output":"--- PASS: TestExecDATAInclusiveLimitPreservesOriginalAndCommands/durable=false/limit=1024/dots=false/declared=false/delta=-1 (0.01s)\n"}
2026-10-09T03:22:10.0289379Z {"Time":"2026-10-09T03:22:10.028484191Z","Action":"pass","Package":"tabmail/internal/smtp","Test":"TestExecDATAInclusiveLimitPreservesOriginalAndCommands/durable=false/limit=1024/dots=false/declared=false/delta=-1","Elapsed":0.01}
2026-10-09T03:22:10.0290822Z {"Time":"2026-10-09T03:22:10.028491001Z","Action":"run","Package":"tabmail/internal/smtp","Test":"TestExecDATAInclusiveLimitPreservesOriginalAndCommands/durable=false/limit=1024/dots=false/declared=false/delta=+0"}
2026-10-09T03:22:10.0292497Z {"Time":"2026-10-09T03:22:10.028494436Z","Action":"output","Package":"tabmail/internal/smtp","Test":"TestExecDATAInclusiveLimitPreservesOriginalAndCommands/durable=false/limit=1024/dots=false/declared=false/delta=+0","Output":"=== RUN   TestExecDATAInclusiveLimitPreservesOriginalAndCommands/durable=false/limit=1024/dots=false/declared=false/delta=+0\n"}
2026-10-09T03:22:10.0348053Z {"Time":"2026-10-09T03:22:10.034543143Z","Action":"output","Package":"tabmail/internal/smtp","Test":"TestExecDATAInclusiveLimitPreservesOriginalAndCommands/durable=false/limit=1024/dots=false/declared=false/delta=+0","Output":"--- PASS: TestExecDATAInclusiveLimitPreservesOriginalAndCommands/durable=false/limit=1024/dots=false/declared=false/delta=+0 (0.01s)\n"}
2026-10-09T03:22:10.0350948Z {"Time":"2026-10-09T03:22:10.034572126Z","Action":"pass","Package":"tabmail/internal/smtp","Test":"TestExecDATAInclusiveLimitPreservesOriginalAndCommands/durable=false/limit=1024/dots=false/declared=false/delta=+0","Elapsed":0.01}
2026-10-09T03:22:10.0352178Z {"Time":"2026-10-09T03:22:10.034578556Z","Action":"run","Package":"tabmail/internal/smtp","Test":"TestExecDATAInclusiveLimitPreservesOriginalAndCommands/durable=false/limit=1024/dots=false/declared=false/delta=+1"}
2026-10-09T03:22:10.0354127Z {"Time":"2026-10-09T03:22:10.034584104Z","Action":"output","Package":"tabmail/internal/smtp","Test":"TestExecDATAInclusiveLimitPreservesOriginalAndCommands/durable=false/limit=1024/dots=false/declared=false/delta=+1","Output":"=== RUN   TestExecDATAInclusiveLimitPreservesOriginalAndCommands/durable=false/limit=1024/dots=false/declared=false/delta=+1\n"}
2026-10-09T03:22:10.0371428Z {"Time":"2026-10-09T03:22:10.036894905Z","Action":"output","Package":"tabmail/internal/smtp","Test":"TestExecDATAInclusiveLimitPreservesOriginalAndCommands/durable=false/limit=1024/dots=false/declared=false/delta=+1","Output":"--- PASS: TestExecDATAInclusiveLimitPreservesOriginalAndCommands/durable=false/limit=1024/dots=false/declared=false/delta=+1 (0.00s)\n"}
2026-10-09T03:22:10.0373641Z {"Time":"2026-10-09T03:22:10.036912462Z","Action":"pass","Package":"tabmail/internal/smtp","Test":"TestExecDATAInclusiveLimitPreservesOriginalAndCommands/durable=false/limit=1024/dots=false/declared=false/delta=+1","Elapsed":0}
2026-10-09T03:22:10.0375077Z {"Time":"2026-10-09T03:22:10.036933713Z","Action":"run","Package":"tabmail/internal/smtp","Test":"TestExecDATAInclusiveLimitPreservesOriginalAndCommands/durable=false/limit=1024/dots=false/declared=true/delta=-1"}
2026-10-09T03:22:10.0376585Z {"Time":"2026-10-09T03:22:10.036937709Z","Action":"output","Package":"tabmail/internal/smtp","Test":"TestExecDATAInclusiveLimitPreservesOriginalAndCommands/durable=false/limit=1024/dots=false/declared=true/delta=-1","Output":"=== RUN   TestExecDATAInclusiveLimitPreservesOriginalAndCommands/durable=false/limit=1024/dots=false/declared=true/delta=-1\n"}
2026-10-09T03:22:10.0435232Z {"Time":"2026-10-09T03:22:10.04326429Z","Action":"output","Package":"tabmail/internal/smtp","Test":"TestExecDATAInclusiveLimitPreservesOriginalAndCommands/durable=false/limit=1024/dots=false/declared=true/delta=-1","Output":"--- PASS: TestExecDATAInclusiveLimitPreservesOriginalAndCommands/durable=false/limit=1024/dots=false/declared=true/delta=-1 (0.01s)\n"}
2026-10-09T03:22:10.0437289Z {"Time":"2026-10-09T03:22:10.043283449Z","Action":"pass","Package":"tabmail/internal/smtp","Test":"TestExecDATAInclusiveLimitPreservesOriginalAndCommands/durable=false/limit=1024/dots=false/declared=true/delta=-1","Elapsed":0.01}
2026-10-09T03:22:10.0438924Z {"Time":"2026-10-09T03:22:10.04329117Z","Action":"run","Package":"tabmail/internal/smtp","Test":"TestExecDATAInclusiveLimitPreservesOriginalAndCommands/durable=false/limit=1024/dots=false/declared=true/delta=+0"}
2026-10-09T03:22:10.0440427Z {"Time":"2026-10-09T03:22:10.043294605Z","Action":"output","Package":"tabmail/internal/smtp","Test":"TestExecDATAInclusiveLimitPreservesOriginalAndCommands/durable=false/limit=1024/dots=false/declared=true/delta=+0","Output":"=== RUN   TestExecDATAInclusiveLimitPreservesOriginalAndCommands/durable=false/limit=1024/dots=false/declared=true/delta=+0\n"}
2026-10-09T03:22:10.0498532Z {"Time":"2026-10-09T03:22:10.049599324Z","Action":"output","Package":"tabmail/internal/smtp","Test":"TestExecDATAInclusiveLimitPreservesOriginalAndCommands/durable=false/limit=1024/dots=false/declared=true/delta=+0","Output":"--- PASS: TestExecDATAInclusiveLimitPreservesOriginalAndCommands/durable=false/limit=1024/dots=false/declared=true/delta=+0 (0.01s)\n"}
2026-10-09T03:22:10.0500826Z {"Time":"2026-10-09T03:22:10.049614927Z","Action":"pass","Package":"tabmail/internal/smtp","Test":"TestExecDATAInclusiveLimitPreservesOriginalAndCommands/durable=false/limit=1024/dots=false/declared=true/delta=+0","Elapsed":0.01}
2026-10-09T03:22:10.0502186Z {"Time":"2026-10-09T03:22:10.049638913Z","Action":"run","Package":"tabmail/internal/smtp","Test":"TestExecDATAInclusiveLimitPreservesOriginalAndCommands/durable=false/limit=1024/dots=false/declared=true/delta=+1"}
2026-10-09T03:22:10.0503796Z {"Time":"2026-10-09T03:22:10.049642168Z","Action":"output","Package":"tabmail/internal/smtp","Test":"TestExecDATAInclusiveLimitPreservesOriginalAndCommands/durable=false/limit=1024/dots=false/declared=true/delta=+1","Output":"=== RUN   TestExecDATAInclusiveLimitPreservesOriginalAndCommands/durable=false/limit=1024/dots=false/declared=true/delta=+1\n"}
2026-10-09T03:22:10.0520035Z {"Time":"2026-10-09T03:22:10.051808214Z","Action":"output","Package":"tabmail/internal/smtp","Test":"TestExecDATAInclusiveLimitPreservesOriginalAndCommands/durable=false/limit=1024/dots=false/declared=true/delta=+1","Output":"--- PASS: TestExecDATAInclusiveLimitPreservesOriginalAndCommands/durable=false/limit=1024/dots=false/declared=true/delta=+1 (0.00s)\n"}
2026-10-09T03:22:10.0522654Z {"Time":"2026-10-09T03:22:10.051820061Z","Action":"pass","Package":"tabmail/internal/smtp","Test":"TestExecDATAInclusiveLimitPreservesOriginalAndCommands/durable=false/limit=1024/dots=false/declared=true/delta=+1","Elapsed":0}
2026-10-09T03:22:10.0524811Z {"Time":"2026-10-09T03:22:10.052120138Z","Action":"run","Package":"tabmail/internal/smtp","Test":"TestExecDATAInclusiveLimitPreservesOriginalAndCommands/durable=false/limit=1024/dots=true/declared=false/delta=-1"}
2026-10-09T03:22:10.0527594Z {"Time":"2026-10-09T03:22:10.052130594Z","Action":"output","Package":"tabmail/internal/smtp","Test":"TestExecDATAInclusiveLimitPreservesOriginalAndCommands/durable=false/limit=1024/dots=true/declared=false/delta=-1","Output":"=== RUN   TestExecDATAInclusiveLimitPreservesOriginalAndCommands/durable=false/limit=1024/dots=true/declared=false/delta=-1\n"}
2026-10-09T03:22:10.0585258Z {"Time":"2026-10-09T03:22:10.05827875Z","Action":"output","Package":"tabmail/internal/smtp","Test":"TestExecDATAInclusiveLimitPreservesOriginalAndCommands/durable=false/limit=1024/dots=true/declared=false/delta=-1","Output":"--- PASS: TestExecDATAInclusiveLimitPreservesOriginalAndCommands/durable=false/limit=1024/dots=true/declared=false/delta=-1 (0.01s)\n"}
2026-10-09T03:22:10.0588020Z {"Time":"2026-10-09T03:22:10.058298389Z","Action":"pass","Package":"tabmail/internal/smtp","Test":"TestExecDATAInclusiveLimitPreservesOriginalAndCommands/durable=false/limit=1024/dots=true/declared=false/delta=-1","Elapsed":0.01}
2026-10-09T03:22:10.0590109Z {"Time":"2026-10-09T03:22:10.058322134Z","Action":"run","Package":"tabmail/internal/smtp","Test":"TestExecDATAInclusiveLimitPreservesOriginalAndCommands/durable=false/limit=1024/dots=true/declared=false/delta=+0"}
2026-10-09T03:22:10.0592810Z {"Time":"2026-10-09T03:22:10.05832603Z","Action":"output","Package":"tabmail/internal/smtp","Test":"TestExecDATAInclusiveLimitPreservesOriginalAndCommands/durable=false/limit=1024/dots=true/declared=false/delta=+0","Output":"=== RUN   TestExecDATAInclusiveLimitPreservesOriginalAndCommands/durable=false/limit=1024/dots=true/declared=false/delta=+0\n"}
2026-10-09T03:22:10.0650184Z {"Time":"2026-10-09T03:22:10.064799911Z","Action":"output","Package":"tabmail/internal/smtp","Test":"TestExecDATAInclusiveLimitPreservesOriginalAndCommands/durable=false/limit=1024/dots=true/declared=false/delta=+0","Output":"--- PASS: TestExecDATAInclusiveLimitPreservesOriginalAndCommands/durable=false/limit=1024/dots=true/declared=false/delta=+0 (0.01s)\n"}
2026-10-09T03:22:10.0652106Z {"Time":"2026-10-09T03:22:10.064819039Z","Action":"pass","Package":"tabmail/internal/smtp","Test":"TestExecDATAInclusiveLimitPreservesOriginalAndCommands/durable=false/limit=1024/dots=true/declared=false/delta=+0","Elapsed":0.01}
2026-10-09T03:22:10.0653477Z {"Time":"2026-10-09T03:22:10.064828934Z","Action":"run","Package":"tabmail/internal/smtp","Test":"TestExecDATAInclusiveLimitPreservesOriginalAndCommands/durable=false/limit=1024/dots=true/declared=false/delta=+1"}
2026-10-09T03:22:10.0655301Z {"Time":"2026-10-09T03:22:10.064832089Z","Action":"output","Package":"tabmail/internal/smtp","Test":"TestExecDATAInclusiveLimitPreservesOriginalAndCommands/durable=false/limit=1024/dots=true/declared=false/delta=+1","Output":"=== RUN   TestExecDATAInclusiveLimitPreservesOriginalAndCommands/durable=false/limit=1024/dots=true/declared=false/delta=+1\n"}
2026-10-09T03:22:10.0672933Z {"Time":"2026-10-09T03:22:10.066891445Z","Action":"output","Package":"tabmail/internal/smtp","Test":"TestExecDATAInclusiveLimitPreservesOriginalAndCommands/durable=false/limit=1024/dots=true/declared=false/delta=+1","Output":"--- PASS: TestExecDATAInclusiveLimitPreservesOriginalAndCommands/durable=false/limit=1024/dots=true/declared=false/delta=+1 (0.00s)\n"}
2026-10-09T03:22:10.0675176Z {"Time":"2026-10-09T03:22:10.06690816Z","Action":"pass","Package":"tabmail/internal/smtp","Test":"TestExecDATAInclusiveLimitPreservesOriginalAndCommands/durable=false/limit=1024/dots=true/declared=false/delta=+1","Elapsed":0}
2026-10-09T03:22:10.0676347Z {"Time":"2026-10-09T03:22:10.06694196Z","Action":"run","Package":"tabmail/internal/smtp","Test":"TestExecDATAInclusiveLimitPreservesOriginalAndCommands/durable=false/limit=1024/dots=true/declared=true/delta=-1"}
2026-10-09T03:22:10.0677851Z {"Time":"2026-10-09T03:22:10.066949862Z","Action":"output","Package":"tabmail/internal/smtp","Test":"TestExecDATAInclusiveLimitPreservesOriginalAndCommands/durable=false/limit=1024/dots=true/declared=true/delta=-1","Output":"=== RUN   TestExecDATAInclusiveLimitPreservesOriginalAndCommands/durable=false/limit=1024/dots=true/declared=true/delta=-1\n"}
2026-10-09T03:22:10.0738706Z {"Time":"2026-10-09T03:22:10.073606245Z","Action":"output","Package":"tabmail/internal/smtp","Test":"TestExecDATAInclusiveLimitPreservesOriginalAndCommands/durable=false/limit=1024/dots=true/declared=true/delta=-1","Output":"--- PASS: TestExecDATAInclusiveLimitPreservesOriginalAndCommands/durable=false/limit=1024/dots=true/declared=true/delta=-1 (0.01s)\n"}
2026-10-09T03:22:10.0741597Z {"Time":"2026-10-09T03:22:10.073622759Z","Action":"pass","Package":"tabmail/internal/smtp","Test":"TestExecDATAInclusiveLimitPreservesOriginalAndCommands/durable=false/limit=1024/dots=true/declared=true/delta=-1","Elapsed":0.01}
2026-10-09T03:22:10.0743985Z {"Time":"2026-10-09T03:22:10.073644922Z","Action":"run","Package":"tabmail/internal/smtp","Test":"TestExecDATAInclusiveLimitPreservesOriginalAndCommands/durable=false/limit=1024/dots=true/declared=true/delta=+0"}
2026-10-09T03:22:10.0747172Z {"Time":"2026-10-09T03:22:10.073651612Z","Action":"output","Package":"tabmail/internal/smtp","Test":"TestExecDATAInclusiveLimitPreservesOriginalAndCommands/durable=false/limit=1024/dots=true/declared=true/delta=+0","Output":"=== RUN   TestExecDATAInclusiveLimitPreservesOriginalAndCommands/durable=false/limit=1024/dots=true/declared=true/delta=+0\n"}
2026-10-09T03:22:10.0817359Z {"Time":"2026-10-09T03:22:10.081519349Z","Action":"output","Package":"tabmail/internal/smtp","Test":"TestExecDATAInclusiveLimitPreservesOriginalAndCommands/durable=false/limit=1024/dots=true/declared=true/delta=+0","Output":"--- PASS: TestExecDATAInclusiveLimitPreservesOriginalAndCommands/durable=false/limit=1024/dots=true/declared=true/delta=+0 (0.01s)\n"}
2026-10-09T03:22:10.0819605Z {"Time":"2026-10-09T03:22:10.081541962Z","Action":"pass","Package":"tabmail/internal/smtp","Test":"TestExecDATAInclusiveLimitPreservesOriginalAndCommands/durable=false/limit=1024/dots=true/declared=true/delta=+0","Elapsed":0.01}
2026-10-09T03:22:10.0820816Z {"Time":"2026-10-09T03:22:10.081551707Z","Action":"run","Package":"tabmail/internal/smtp","Test":"TestExecDATAInclusiveLimitPreservesOriginalAndCommands/durable=false/limit=1024/dots=true/declared=true/delta=+1"}
2026-10-09T03:22:10.0822343Z {"Time":"2026-10-09T03:22:10.081555402Z","Action":"output","Package":"tabmail/internal/smtp","Test":"TestExecDATAInclusiveLimitPreservesOriginalAndCommands/durable=false/limit=1024/dots=true/declared=true/delta=+1","Output":"=== RUN   TestExecDATAInclusiveLimitPreservesOriginalAndCommands/durable=false/limit=1024/dots=true/declared=true/delta=+1\n"}
2026-10-09T03:22:10.0839831Z {"Time":"2026-10-09T03:22:10.083775508Z","Action":"output","Package":"tabmail/internal/smtp","Test":"TestExecDATAInclusiveLimitPreservesOriginalAndCommands/durable=false/limit=1024/dots=true/declared=true/delta=+1","Output":"--- PASS: TestExecDATAInclusiveLimitPreservesOriginalAndCommands/durable=false/limit=1024/dots=true/declared=true/delta=+1 (0.00s)\n"}
2026-10-09T03:22:10.0842754Z {"Time":"2026-10-09T03:22:10.08379041Z","Action":"pass","Package":"tabmail/internal/smtp","Test":"TestExecDATAInclusiveLimitPreservesOriginalAndCommands/durable=false/limit=1024/dots=true/declared=true/delta=+1","Elapsed":0}
2026-10-09T03:22:10.0844193Z {"Time":"2026-10-09T03:22:10.083806334Z","Action":"run","Package":"tabmail/internal/smtp","Test":"TestExecDATAInclusiveLimitPreservesOriginalAndCommands/durable=true/limit=128/dots=false/declared=false/delta=-1"}
2026-10-09T03:22:10.0846156Z {"Time":"2026-10-09T03:22:10.083811602Z","Action":"output","Package":"tabmail/internal/smtp","Test":"TestExecDATAInclusiveLimitPreservesOriginalAndCommands/durable=true/limit=128/dots=false/declared=false/delta=-1","Output":"=== RUN   TestExecDATAInclusiveLimitPreservesOriginalAndCommands/durable=true/limit=128/dots=false/declared=false/delta=-1\n"}
2026-10-09T03:22:10.0854142Z {"Time":"2026-10-09T03:22:10.085206018Z","Action":"output","Package":"tabmail/internal/smtp","Test":"TestExecDATAInclusiveLimitPreservesOriginalAndCommands/durable=true/limit=128/dots=false/declared=false/delta=-1","Output":"--- PASS: TestExecDATAInclusiveLimitPreservesOriginalAndCommands/durable=true/limit=128/dots=false/declared=false/delta=-1 (0.00s)\n"}
2026-10-09T03:22:10.0856773Z {"Time":"2026-10-09T03:22:10.085219108Z","Action":"pass","Package":"tabmail/internal/smtp","Test":"TestExecDATAInclusiveLimitPreservesOriginalAndCommands/durable=true/limit=128/dots=false/declared=false/delta=-1","Elapsed":0}
2026-10-09T03:22:10.0858453Z {"Time":"2026-10-09T03:22:10.085234741Z","Action":"run","Package":"tabmail/internal/smtp","Test":"TestExecDATAInclusiveLimitPreservesOriginalAndCommands/durable=true/limit=128/dots=false/declared=false/delta=+0"}
2026-10-09T03:22:10.0859981Z {"Time":"2026-10-09T03:22:10.085237946Z","Action":"output","Package":"tabmail/internal/smtp","Test":"TestExecDATAInclusiveLimitPreservesOriginalAndCommands/durable=true/limit=128/dots=false/declared=false/delta=+0","Output":"=== RUN   TestExecDATAInclusiveLimitPreservesOriginalAndCommands/durable=true/limit=128/dots=false/declared=false/delta=+0\n"}
2026-10-09T03:22:10.0867245Z {"Time":"2026-10-09T03:22:10.086537481Z","Action":"output","Package":"tabmail/internal/smtp","Test":"TestExecDATAInclusiveLimitPreservesOriginalAndCommands/durable=true/limit=128/dots=false/declared=false/delta=+0","Output":"--- PASS: TestExecDATAInclusiveLimitPreservesOriginalAndCommands/durable=true/limit=128/dots=false/declared=false/delta=+0 (0.00s)\n"}
2026-10-09T03:22:10.0869274Z {"Time":"2026-10-09T03:22:10.086552614Z","Action":"pass","Package":"tabmail/internal/smtp","Test":"TestExecDATAInclusiveLimitPreservesOriginalAndCommands/durable=true/limit=128/dots=false/declared=false/delta=+0","Elapsed":0}
2026-10-09T03:22:10.0870819Z {"Time":"2026-10-09T03:22:10.086586304Z","Action":"run","Package":"tabmail/internal/smtp","Test":"TestExecDATAInclusiveLimitPreservesOriginalAndCommands/durable=true/limit=128/dots=false/declared=false/delta=+1"}
2026-10-09T03:22:10.0872339Z {"Time":"2026-10-09T03:22:10.086592263Z","Action":"output","Package":"tabmail/internal/smtp","Test":"TestExecDATAInclusiveLimitPreservesOriginalAndCommands/durable=true/limit=128/dots=false/declared=false/delta=+1","Output":"=== RUN   TestExecDATAInclusiveLimitPreservesOriginalAndCommands/durable=true/limit=128/dots=false/declared=false/delta=+1\n"}
2026-10-09T03:22:10.0881847Z {"Time":"2026-10-09T03:22:10.087937156Z","Action":"output","Package":"tabmail/internal/smtp","Test":"TestExecDATAInclusiveLimitPreservesOriginalAndCommands/durable=true/limit=128/dots=false/declared=false/delta=+1","Output":"--- PASS: TestExecDATAInclusiveLimitPreservesOriginalAndCommands/durable=true/limit=128/dots=false/declared=false/delta=+1 (0.00s)\n"}
2026-10-09T03:22:10.0884737Z {"Time":"2026-10-09T03:22:10.087950325Z","Action":"pass","Package":"tabmail/internal/smtp","Test":"TestExecDATAInclusiveLimitPreservesOriginalAndCommands/durable=true/limit=128/dots=false/declared=false/delta=+1","Elapsed":0}
2026-10-09T03:22:10.0886455Z {"Time":"2026-10-09T03:22:10.087990084Z","Action":"run","Package":"tabmail/internal/smtp","Test":"TestExecDATAInclusiveLimitPreservesOriginalAndCommands/durable=true/limit=128/dots=false/declared=true/delta=-1"}
2026-10-09T03:22:10.0888165Z {"Time":"2026-10-09T03:22:10.088002693Z","Action":"output","Package":"tabmail/internal/smtp","Test":"TestExecDATAInclusiveLimitPreservesOriginalAndCommands/durable=true/limit=128/dots=false/declared=true/delta=-1","Output":"=== RUN   TestExecDATAInclusiveLimitPreservesOriginalAndCommands/durable=true/limit=128/dots=false/declared=true/delta=-1\n"}
2026-10-09T03:22:10.0896856Z {"Time":"2026-10-09T03:22:10.08945781Z","Action":"output","Package":"tabmail/internal/smtp","Test":"TestExecDATAInclusiveLimitPreservesOriginalAndCommands/durable=true/limit=128/dots=false/declared=true/delta=-1","Output":"--- PASS: TestExecDATAInclusiveLimitPreservesOriginalAndCommands/durable=true/limit=128/dots=false/declared=true/delta=-1 (0.00s)\n"}
2026-10-09T03:22:10.0898831Z {"Time":"2026-10-09T03:22:10.089470879Z","Action":"pass","Package":"tabmail/internal/smtp","Test":"TestExecDATAInclusiveLimitPreservesOriginalAndCommands/durable=true/limit=128/dots=false/declared=true/delta=-1","Elapsed":0}
2026-10-09T03:22:10.0899964Z {"Time":"2026-10-09T03:22:10.089614393Z","Action":"run","Package":"tabmail/internal/smtp","Test":"TestExecDATAInclusiveLimitPreservesOriginalAndCommands/durable=true/limit=128/dots=false/declared=true/delta=+0"}
2026-10-09T03:22:10.0901482Z {"Time":"2026-10-09T03:22:10.089624588Z","Action":"output","Package":"tabmail/internal/smtp","Test":"TestExecDATAInclusiveLimitPreservesOriginalAndCommands/durable=true/limit=128/dots=false/declared=true/delta=+0","Output":"=== RUN   TestExecDATAInclusiveLimitPreservesOriginalAndCommands/durable=true/limit=128/dots=false/declared=true/delta=+0\n"}
2026-10-09T03:22:10.0911568Z {"Time":"2026-10-09T03:22:10.090917073Z","Action":"output","Package":"tabmail/internal/smtp","Test":"TestExecDATAInclusiveLimitPreservesOriginalAndCommands/durable=true/limit=128/dots=false/declared=true/delta=+0","Output":"--- PASS: TestExecDATAInclusiveLimitPreservesOriginalAndCommands/durable=true/limit=128/dots=false/declared=true/delta=+0 (0.00s)\n"}
2026-10-09T03:22:10.0914110Z {"Time":"2026-10-09T03:22:10.09093559Z","Action":"pass","Package":"tabmail/internal/smtp","Test":"TestExecDATAInclusiveLimitPreservesOriginalAndCommands/durable=true/limit=128/dots=false/declared=true/delta=+0","Elapsed":0}
2026-10-09T03:22:10.0915509Z {"Time":"2026-10-09T03:22:10.090940458Z","Action":"run","Package":"tabmail/internal/smtp","Test":"TestExecDATAInclusiveLimitPreservesOriginalAndCommands/durable=true/limit=128/dots=false/declared=true/delta=+1"}
2026-10-09T03:22:10.0916979Z {"Time":"2026-10-09T03:22:10.090942911Z","Action":"output","Package":"tabmail/internal/smtp","Test":"TestExecDATAInclusiveLimitPreservesOriginalAndCommands/durable=true/limit=128/dots=false/declared=true/delta=+1","Output":"=== RUN   TestExecDATAInclusiveLimitPreservesOriginalAndCommands/durable=true/limit=128/dots=false/declared=true/delta=+1\n"}
2026-10-09T03:22:10.0925297Z {"Time":"2026-10-09T03:22:10.09231856Z","Action":"output","Package":"tabmail/internal/smtp","Test":"TestExecDATAInclusiveLimitPreservesOriginalAndCommands/durable=true/limit=128/dots=false/declared=true/delta=+1","Output":"--- PASS: TestExecDATAInclusiveLimitPreservesOriginalAndCommands/durable=true/limit=128/dots=false/declared=true/delta=+1 (0.00s)\n"}
2026-10-09T03:22:10.0927456Z {"Time":"2026-10-09T03:22:10.092328985Z","Action":"pass","Package":"tabmail/internal/smtp","Test":"TestExecDATAInclusiveLimitPreservesOriginalAndCommands/durable=true/limit=128/dots=false/declared=true/delta=+1","Elapsed":0}
2026-10-09T03:22:10.0929170Z {"Time":"2026-10-09T03:22:10.092367793Z","Action":"run","Package":"tabmail/internal/smtp","Test":"TestExecDATAInclusiveLimitPreservesOriginalAndCommands/durable=true/limit=128/dots=true/declared=false/delta=-1"}
2026-10-09T03:22:10.0931504Z {"Time":"2026-10-09T03:22:10.092373412Z","Action":"output","Package":"tabmail/internal/smtp","Test":"TestExecDATAInclusiveLimitPreservesOriginalAndCommands/durable=true/limit=128/dots=true/declared=false/delta=-1","Output":"=== RUN   TestExecDATAInclusiveLimitPreservesOriginalAndCommands/durable=true/limit=128/dots=true/declared=false/delta=-1\n"}
2026-10-09T03:22:10.0938202Z {"Time":"2026-10-09T03:22:10.093634119Z","Action":"output","Package":"tabmail/internal/smtp","Test":"TestExecDATAInclusiveLimitPreservesOriginalAndCommands/durable=true/limit=128/dots=true/declared=false/delta=-1","Output":"--- PASS: TestExecDATAInclusiveLimitPreservesOriginalAndCommands/durable=true/limit=128/dots=true/declared=false/delta=-1 (0.00s)\n"}
2026-10-09T03:22:10.0940645Z {"Time":"2026-10-09T03:22:10.09364838Z","Action":"pass","Package":"tabmail/internal/smtp","Test":"TestExecDATAInclusiveLimitPreservesOriginalAndCommands/durable=true/limit=128/dots=true/declared=false/delta=-1","Elapsed":0}
2026-10-09T03:22:10.0942303Z {"Time":"2026-10-09T03:22:10.093691284Z","Action":"run","Package":"tabmail/internal/smtp","Test":"TestExecDATAInclusiveLimitPreservesOriginalAndCommands/durable=true/limit=128/dots=true/declared=false/delta=+0"}
2026-10-09T03:22:10.0943845Z {"Time":"2026-10-09T03:22:10.093700037Z","Action":"output","Package":"tabmail/internal/smtp","Test":"TestExecDATAInclusiveLimitPreservesOriginalAndCommands/durable=true/limit=128/dots=true/declared=false/delta=+0","Output":"=== RUN   TestExecDATAInclusiveLimitPreservesOriginalAndCommands/durable=true/limit=128/dots=true/declared=false/delta=+0\n"}
2026-10-09T03:22:10.0952641Z {"Time":"2026-10-09T03:22:10.095027023Z","Action":"output","Package":"tabmail/internal/smtp","Test":"TestExecDATAInclusiveLimitPreservesOriginalAndCommands/durable=true/limit=128/dots=true/declared=false/delta=+0","Output":"--- PASS: TestExecDATAInclusiveLimitPreservesOriginalAndCommands/durable=true/limit=128/dots=true/declared=false/delta=+0 (0.00s)\n"}
2026-10-09T03:22:10.0955519Z {"Time":"2026-10-09T03:22:10.095042887Z","Action":"pass","Package":"tabmail/internal/smtp","Test":"TestExecDATAInclusiveLimitPreservesOriginalAndCommands/durable=true/limit=128/dots=true/declared=false/delta=+0","Elapsed":0}
2026-10-09T03:22:10.0957288Z {"Time":"2026-10-09T03:22:10.095067333Z","Action":"run","Package":"tabmail/internal/smtp","Test":"TestExecDATAInclusiveLimitPreservesOriginalAndCommands/durable=true/limit=128/dots=true/declared=false/delta=+1"}
2026-10-09T03:22:10.0959320Z {"Time":"2026-10-09T03:22:10.095073082Z","Action":"output","Package":"tabmail/internal/smtp","Test":"TestExecDATAInclusiveLimitPreservesOriginalAndCommands/durable=true/limit=128/dots=true/declared=false/delta=+1","Output":"=== RUN   TestExecDATAInclusiveLimitPreservesOriginalAndCommands/durable=true/limit=128/dots=true/declared=false/delta=+1\n"}
2026-10-09T03:22:10.0964793Z {"Time":"2026-10-09T03:22:10.096272598Z","Action":"output","Package":"tabmail/internal/smtp","Test":"TestExecDATAInclusiveLimitPreservesOriginalAndCommands/durable=true/limit=128/dots=true/declared=false/delta=+1","Output":"--- PASS: TestExecDATAInclusiveLimitPreservesOriginalAndCommands/durable=true/limit=128/dots=true/declared=false/delta=+1 (0.00s)\n"}
2026-10-09T03:22:10.0966761Z {"Time":"2026-10-09T03:22:10.09628768Z","Action":"pass","Package":"tabmail/internal/smtp","Test":"TestExecDATAInclusiveLimitPreservesOriginalAndCommands/durable=true/limit=128/dots=true/declared=false/delta=+1","Elapsed":0}
2026-10-09T03:22:10.0968714Z {"Time":"2026-10-09T03:22:10.096318426Z","Action":"run","Package":"tabmail/internal/smtp","Test":"TestExecDATAInclusiveLimitPreservesOriginalAndCommands/durable=true/limit=128/dots=true/declared=true/delta=-1"}
2026-10-09T03:22:10.0970250Z {"Time":"2026-10-09T03:22:10.096324756Z","Action":"output","Package":"tabmail/internal/smtp","Test":"TestExecDATAInclusiveLimitPreservesOriginalAndCommands/durable=true/limit=128/dots=true/declared=true/delta=-1","Output":"=== RUN   TestExecDATAInclusiveLimitPreservesOriginalAndCommands/durable=true/limit=128/dots=true/declared=true/delta=-1\n"}
2026-10-09T03:22:10.0980633Z {"Time":"2026-10-09T03:22:10.097787193Z","Action":"output","Package":"tabmail/internal/smtp","Test":"TestExecDATAInclusiveLimitPreservesOriginalAndCommands/durable=true/limit=128/dots=true/declared=true/delta=-1","Output":"--- PASS: TestExecDATAInclusiveLimitPreservesOriginalAndCommands/durable=true/limit=128/dots=true/declared=true/delta=-1 (0.00s)\n"}
2026-10-09T03:22:10.0983413Z {"Time":"2026-10-09T03:22:10.097799542Z","Action":"pass","Package":"tabmail/internal/smtp","Test":"TestExecDATAInclusiveLimitPreservesOriginalAndCommands/durable=true/limit=128/dots=true/declared=true/delta=-1","Elapsed":0}
2026-10-09T03:22:10.0985558Z {"Time":"2026-10-09T03:22:10.097827574Z","Action":"run","Package":"tabmail/internal/smtp","Test":"TestExecDATAInclusiveLimitPreservesOriginalAndCommands/durable=true/limit=128/dots=true/declared=true/delta=+0"}
2026-10-09T03:22:10.0988206Z {"Time":"2026-10-09T03:22:10.097835445Z","Action":"output","Package":"tabmail/internal/smtp","Test":"TestExecDATAInclusiveLimitPreservesOriginalAndCommands/durable=true/limit=128/dots=true/declared=true/delta=+0","Output":"=== RUN   TestExecDATAInclusiveLimitPreservesOriginalAndCommands/durable=true/limit=128/dots=true/declared=true/delta=+0\n"}
2026-10-09T03:22:10.0996862Z {"Time":"2026-10-09T03:22:10.099515657Z","Action":"output","Package":"tabmail/internal/smtp","Test":"TestExecDATAInclusiveLimitPreservesOriginalAndCommands/durable=true/limit=128/dots=true/declared=true/delta=+0","Output":"--- PASS: TestExecDATAInclusiveLimitPreservesOriginalAndCommands/durable=true/limit=128/dots=true/declared=true/delta=+0 (0.00s)\n"}
2026-10-09T03:22:10.0999080Z {"Time":"2026-10-09T03:22:10.09953074Z","Action":"pass","Package":"tabmail/internal/smtp","Test":"TestExecDATAInclusiveLimitPreservesOriginalAndCommands/durable=true/limit=128/dots=true/declared=true/delta=+0","Elapsed":0}
2026-10-09T03:22:10.1000705Z {"Time":"2026-10-09T03:22:10.099550049Z","Action":"run","Package":"tabmail/internal/smtp","Test":"TestExecDATAInclusiveLimitPreservesOriginalAndCommands/durable=true/limit=128/dots=true/declared=true/delta=+1"}
2026-10-09T03:22:10.1002185Z {"Time":"2026-10-09T03:22:10.099556188Z","Action":"output","Package":"tabmail/internal/smtp","Test":"TestExecDATAInclusiveLimitPreservesOriginalAndCommands/durable=true/limit=128/dots=true/declared=true/delta=+1","Output":"=== RUN   TestExecDATAInclusiveLimitPreservesOriginalAndCommands/durable=true/limit=128/dots=true/declared=true/delta=+1\n"}
2026-10-09T03:22:10.1011317Z {"Time":"2026-10-09T03:22:10.100962332Z","Action":"output","Package":"tabmail/internal/smtp","Test":"TestExecDATAInclusiveLimitPreservesOriginalAndCommands/durable=true/limit=128/dots=true/declared=true/delta=+1","Output":"--- PASS: TestExecDATAInclusiveLimitPreservesOriginalAndCommands/durable=true/limit=128/dots=true/declared=true/delta=+1 (0.00s)\n"}
2026-10-09T03:22:10.1013775Z {"Time":"2026-10-09T03:22:10.100978536Z","Action":"pass","Package":"tabmail/internal/smtp","Test":"TestExecDATAInclusiveLimitPreservesOriginalAndCommands/durable=true/limit=128/dots=true/declared=true/delta=+1","Elapsed":0}
2026-10-09T03:22:10.1016360Z {"Time":"2026-10-09T03:22:10.101004975Z","Action":"run","Package":"tabmail/internal/smtp","Test":"TestExecDATAInclusiveLimitPreservesOriginalAndCommands/durable=true/limit=1024/dots=false/declared=false/delta=-1"}
2026-10-09T03:22:10.1019123Z {"Time":"2026-10-09T03:22:10.101011205Z","Action":"output","Package":"tabmail/internal/smtp","Test":"TestExecDATAInclusiveLimitPreservesOriginalAndCommands/durable=true/limit=1024/dots=false/declared=false/delta=-1","Output":"=== RUN   TestExecDATAInclusiveLimitPreservesOriginalAndCommands/durable=true/limit=1024/dots=false/declared=false/delta=-1\n"}
2026-10-09T03:22:10.1030149Z {"Time":"2026-10-09T03:22:10.102776794Z","Action":"output","Package":"tabmail/internal/smtp","Test":"TestExecDATAInclusiveLimitPreservesOriginalAndCommands/durable=true/limit=1024/dots=false/declared=false/delta=-1","Output":"--- PASS: TestExecDATAInclusiveLimitPreservesOriginalAndCommands/durable=true/limit=1024/dots=false/declared=false/delta=-1 (0.00s)\n"}
2026-10-09T03:22:10.1032799Z {"Time":"2026-10-09T03:22:10.102791556Z","Action":"pass","Package":"tabmail/internal/smtp","Test":"TestExecDATAInclusiveLimitPreservesOriginalAndCommands/durable=true/limit=1024/dots=false/declared=false/delta=-1","Elapsed":0}
2026-10-09T03:22:10.1033980Z {"Time":"2026-10-09T03:22:10.102956251Z","Action":"run","Package":"tabmail/internal/smtp","Test":"TestExecDATAInclusiveLimitPreservesOriginalAndCommands/durable=true/limit=1024/dots=false/declared=false/delta=+0"}
2026-10-09T03:22:10.1035635Z {"Time":"2026-10-09T03:22:10.102971414Z","Action":"output","Package":"tabmail/internal/smtp","Test":"TestExecDATAInclusiveLimitPreservesOriginalAndCommands/durable=true/limit=1024/dots=false/declared=false/delta=+0","Output":"=== RUN   TestExecDATAInclusiveLimitPreservesOriginalAndCommands/durable=true/limit=1024/dots=false/declared=false/delta=+0\n"}
2026-10-09T03:22:10.1046965Z {"Time":"2026-10-09T03:22:10.10446647Z","Action":"output","Package":"tabmail/internal/smtp","Test":"TestExecDATAInclusiveLimitPreservesOriginalAndCommands/durable=true/limit=1024/dots=false/declared=false/delta=+0","Output":"--- PASS: TestExecDATAInclusiveLimitPreservesOriginalAndCommands/durable=true/limit=1024/dots=false/declared=false/delta=+0 (0.00s)\n"}
2026-10-09T03:22:10.1049366Z {"Time":"2026-10-09T03:22:10.104482113Z","Action":"pass","Package":"tabmail/internal/smtp","Test":"TestExecDATAInclusiveLimitPreservesOriginalAndCommands/durable=true/limit=1024/dots=false/declared=false/delta=+0","Elapsed":0}
2026-10-09T03:22:10.1050530Z {"Time":"2026-10-09T03:22:10.104519589Z","Action":"run","Package":"tabmail/internal/smtp","Test":"TestExecDATAInclusiveLimitPreservesOriginalAndCommands/durable=true/limit=1024/dots=false/declared=false/delta=+1"}
2026-10-09T03:22:10.1052009Z {"Time":"2026-10-09T03:22:10.104529313Z","Action":"output","Package":"tabmail/internal/smtp","Test":"TestExecDATAInclusiveLimitPreservesOriginalAndCommands/durable=true/limit=1024/dots=false/declared=false/delta=+1","Output":"=== RUN   TestExecDATAInclusiveLimitPreservesOriginalAndCommands/durable=true/limit=1024/dots=false/declared=false/delta=+1\n"}
2026-10-09T03:22:10.1061342Z {"Time":"2026-10-09T03:22:10.105929659Z","Action":"output","Package":"tabmail/internal/smtp","Test":"TestExecDATAInclusiveLimitPreservesOriginalAndCommands/durable=true/limit=1024/dots=false/declared=false/delta=+1","Output":"--- PASS: TestExecDATAInclusiveLimitPreservesOriginalAndCommands/durable=true/limit=1024/dots=false/declared=false/delta=+1 (0.00s)\n"}
2026-10-09T03:22:10.1063243Z {"Time":"2026-10-09T03:22:10.105942248Z","Action":"pass","Package":"tabmail/internal/smtp","Test":"TestExecDATAInclusiveLimitPreservesOriginalAndCommands/durable=true/limit=1024/dots=false/declared=false/delta=+1","Elapsed":0}
2026-10-09T03:22:10.1065438Z {"Time":"2026-10-09T03:22:10.105951932Z","Action":"run","Package":"tabmail/internal/smtp","Test":"TestExecDATAInclusiveLimitPreservesOriginalAndCommands/durable=true/limit=1024/dots=false/declared=true/delta=-1"}
2026-10-09T03:22:10.1068151Z {"Time":"2026-10-09T03:22:10.105954556Z","Action":"output","Package":"tabmail/internal/smtp","Test":"TestExecDATAInclusiveLimitPreservesOriginalAndCommands/durable=true/limit=1024/dots=false/declared=true/delta=-1","Output":"=== RUN   TestExecDATAInclusiveLimitPreservesOriginalAndCommands/durable=true/limit=1024/dots=false/declared=true/delta=-1\n"}
2026-10-09T03:22:10.1079588Z {"Time":"2026-10-09T03:22:10.107731532Z","Action":"output","Package":"tabmail/internal/smtp","Test":"TestExecDATAInclusiveLimitPreservesOriginalAndCommands/durable=true/limit=1024/dots=false/declared=true/delta=-1","Output":"--- PASS: TestExecDATAInclusiveLimitPreservesOriginalAndCommands/durable=true/limit=1024/dots=false/declared=true/delta=-1 (0.00s)\n"}
2026-10-09T03:22:10.1082517Z {"Time":"2026-10-09T03:22:10.107746575Z","Action":"pass","Package":"tabmail/internal/smtp","Test":"TestExecDATAInclusiveLimitPreservesOriginalAndCommands/durable=true/limit=1024/dots=false/declared=true/delta=-1","Elapsed":0}
2026-10-09T03:22:10.1085394Z {"Time":"2026-10-09T03:22:10.107770961Z","Action":"run","Package":"tabmail/internal/smtp","Test":"TestExecDATAInclusiveLimitPreservesOriginalAndCommands/durable=true/limit=1024/dots=false/declared=true/delta=+0"}
2026-10-09T03:22:10.1088419Z {"Time":"2026-10-09T03:22:10.10777694Z","Action":"output","Package":"tabmail/internal/smtp","Test":"TestExecDATAInclusiveLimitPreservesOriginalAndCommands/durable=true/limit=1024/dots=false/declared=true/delta=+0","Output":"=== RUN   TestExecDATAInclusiveLimitPreservesOriginalAndCommands/durable=true/limit=1024/dots=false/declared=true/delta=+0\n"}
2026-10-09T03:22:10.1098356Z {"Time":"2026-10-09T03:22:10.109635758Z","Action":"output","Package":"tabmail/internal/smtp","Test":"TestExecDATAInclusiveLimitPreservesOriginalAndCommands/durable=true/limit=1024/dots=false/declared=true/delta=+0","Output":"--- PASS: TestExecDATAInclusiveLimitPreservesOriginalAndCommands/durable=true/limit=1024/dots=false/declared=true/delta=+0 (0.00s)\n"}
2026-10-09T03:22:10.1101037Z {"Time":"2026-10-09T03:22:10.109649558Z","Action":"pass","Package":"tabmail/internal/smtp","Test":"TestExecDATAInclusiveLimitPreservesOriginalAndCommands/durable=true/limit=1024/dots=false/declared=true/delta=+0","Elapsed":0}
2026-10-09T03:22:10.1103347Z {"Time":"2026-10-09T03:22:10.109676198Z","Action":"run","Package":"tabmail/internal/smtp","Test":"TestExecDATAInclusiveLimitPreservesOriginalAndCommands/durable=true/limit=1024/dots=false/declared=true/delta=+1"}
2026-10-09T03:22:10.1106265Z {"Time":"2026-10-09T03:22:10.109682397Z","Action":"output","Package":"tabmail/internal/smtp","Test":"TestExecDATAInclusiveLimitPreservesOriginalAndCommands/durable=true/limit=1024/dots=false/declared=true/delta=+1","Output":"=== RUN   TestExecDATAInclusiveLimitPreservesOriginalAndCommands/durable=true/limit=1024/dots=false/declared=true/delta=+1\n"}
2026-10-09T03:22:10.1119511Z {"Time":"2026-10-09T03:22:10.111707864Z","Action":"output","Package":"tabmail/internal/smtp","Test":"TestExecDATAInclusiveLimitPreservesOriginalAndCommands/durable=true/limit=1024/dots=false/declared=true/delta=+1","Output":"--- PASS: TestExecDATAInclusiveLimitPreservesOriginalAndCommands/durable=true/limit=1024/dots=false/declared=true/delta=+1 (0.00s)\n"}
2026-10-09T03:22:10.1121385Z {"Time":"2026-10-09T03:22:10.111722175Z","Action":"pass","Package":"tabmail/internal/smtp","Test":"TestExecDATAInclusiveLimitPreservesOriginalAndCommands/durable=true/limit=1024/dots=false/declared=true/delta=+1","Elapsed":0}
2026-10-09T03:22:10.1122536Z {"Time":"2026-10-09T03:22:10.11173205Z","Action":"run","Package":"tabmail/internal/smtp","Test":"TestExecDATAInclusiveLimitPreservesOriginalAndCommands/durable=true/limit=1024/dots=true/declared=false/delta=-1"}
2026-10-09T03:22:10.1124033Z {"Time":"2026-10-09T03:22:10.111735144Z","Action":"output","Package":"tabmail/internal/smtp","Test":"TestExecDATAInclusiveLimitPreservesOriginalAndCommands/durable=true/limit=1024/dots=true/declared=false/delta=-1","Output":"=== RUN   TestExecDATAInclusiveLimitPreservesOriginalAndCommands/durable=true/limit=1024/dots=true/declared=false/delta=-1\n"}
2026-10-09T03:22:10.1136553Z {"Time":"2026-10-09T03:22:10.113295548Z","Action":"output","Package":"tabmail/internal/smtp","Test":"TestExecDATAInclusiveLimitPreservesOriginalAndCommands/durable=true/limit=1024/dots=true/declared=false/delta=-1","Output":"--- PASS: TestExecDATAInclusiveLimitPreservesOriginalAndCommands/durable=true/limit=1024/dots=true/declared=false/delta=-1 (0.00s)\n"}
2026-10-09T03:22:10.1138724Z {"Time":"2026-10-09T03:22:10.11331069Z","Action":"pass","Package":"tabmail/internal/smtp","Test":"TestExecDATAInclusiveLimitPreservesOriginalAndCommands/durable=true/limit=1024/dots=true/declared=false/delta=-1","Elapsed":0}
2026-10-09T03:22:10.1139898Z {"Time":"2026-10-09T03:22:10.113331081Z","Action":"run","Package":"tabmail/internal/smtp","Test":"TestExecDATAInclusiveLimitPreservesOriginalAndCommands/durable=true/limit=1024/dots=true/declared=false/delta=+0"}
2026-10-09T03:22:10.1141689Z {"Time":"2026-10-09T03:22:10.113338943Z","Action":"output","Package":"tabmail/internal/smtp","Test":"TestExecDATAInclusiveLimitPreservesOriginalAndCommands/durable=true/limit=1024/dots=true/declared=false/delta=+0","Output":"=== RUN   TestExecDATAInclusiveLimitPreservesOriginalAndCommands/durable=true/limit=1024/dots=true/declared=false/delta=+0\n"}
2026-10-09T03:22:10.1154995Z {"Time":"2026-10-09T03:22:10.115278381Z","Action":"output","Package":"tabmail/internal/smtp","Test":"TestExecDATAInclusiveLimitPreservesOriginalAndCommands/durable=true/limit=1024/dots=true/declared=false/delta=+0","Output":"--- PASS: TestExecDATAInclusiveLimitPreservesOriginalAndCommands/durable=true/limit=1024/dots=true/declared=false/delta=+0 (0.00s)\n"}
2026-10-09T03:22:10.1157983Z {"Time":"2026-10-09T03:22:10.115293663Z","Action":"pass","Package":"tabmail/internal/smtp","Test":"TestExecDATAInclusiveLimitPreservesOriginalAndCommands/durable=true/limit=1024/dots=true/declared=false/delta=+0","Elapsed":0}
2026-10-09T03:22:10.1160436Z {"Time":"2026-10-09T03:22:10.11529829Z","Action":"run","Package":"tabmail/internal/smtp","Test":"TestExecDATAInclusiveLimitPreservesOriginalAndCommands/durable=true/limit=1024/dots=true/declared=false/delta=+1"}
2026-10-09T03:22:10.1163406Z {"Time":"2026-10-09T03:22:10.115301435Z","Action":"output","Package":"tabmail/internal/smtp","Test":"TestExecDATAInclusiveLimitPreservesOriginalAndCommands/durable=true/limit=1024/dots=true/declared=false/delta=+1","Output":"=== RUN   TestExecDATAInclusiveLimitPreservesOriginalAndCommands/durable=true/limit=1024/dots=true/declared=false/delta=+1\n"}
2026-10-09T03:22:10.1172545Z {"Time":"2026-10-09T03:22:10.117054355Z","Action":"output","Package":"tabmail/internal/smtp","Test":"TestExecDATAInclusiveLimitPreservesOriginalAndCommands/durable=true/limit=1024/dots=true/declared=false/delta=+1","Output":"--- PASS: TestExecDATAInclusiveLimitPreservesOriginalAndCommands/durable=true/limit=1024/dots=true/declared=false/delta=+1 (0.00s)\n"}
2026-10-09T03:22:10.1174180Z {"Time":"2026-10-09T03:22:10.117068286Z","Action":"pass","Package":"tabmail/internal/smtp","Test":"TestExecDATAInclusiveLimitPreservesOriginalAndCommands/durable=true/limit=1024/dots=true/declared=false/delta=+1","Elapsed":0}
2026-10-09T03:22:10.1176326Z {"Time":"2026-10-09T03:22:10.117098952Z","Action":"run","Package":"tabmail/internal/smtp","Test":"TestExecDATAInclusiveLimitPreservesOriginalAndCommands/durable=true/limit=1024/dots=true/declared=true/delta=-1"}
2026-10-09T03:22:10.1178097Z {"Time":"2026-10-09T03:22:10.117105441Z","Action":"output","Package":"tabmail/internal/smtp","Test":"TestExecDATAInclusiveLimitPreservesOriginalAndCommands/durable=true/limit=1024/dots=true/declared=true/delta=-1","Output":"=== RUN   TestExecDATAInclusiveLimitPreservesOriginalAndCommands/durable=true/limit=1024/dots=true/declared=true/delta=-1\n"}
2026-10-09T03:22:10.1191835Z {"Time":"2026-10-09T03:22:10.1189578Z","Action":"output","Package":"tabmail/internal/smtp","Test":"TestExecDATAInclusiveLimitPreservesOriginalAndCommands/durable=true/limit=1024/dots=true/declared=true/delta=-1","Output":"--- PASS: TestExecDATAInclusiveLimitPreservesOriginalAndCommands/durable=true/limit=1024/dots=true/declared=true/delta=-1 (0.00s)\n"}
2026-10-09T03:22:10.1194789Z {"Time":"2026-10-09T03:22:10.11897138Z","Action":"pass","Package":"tabmail/internal/smtp","Test":"TestExecDATAInclusiveLimitPreservesOriginalAndCommands/durable=true/limit=1024/dots=true/declared=true/delta=-1","Elapsed":0}
2026-10-09T03:22:10.1196817Z {"Time":"2026-10-09T03:22:10.119288542Z","Action":"run","Package":"tabmail/internal/smtp","Test":"TestExecDATAInclusiveLimitPreservesOriginalAndCommands/durable=true/limit=1024/dots=true/declared=true/delta=+0"}
2026-10-09T03:22:10.1199456Z {"Time":"2026-10-09T03:22:10.119298337Z","Action":"output","Package":"tabmail/internal/smtp","Test":"TestExecDATAInclusiveLimitPreservesOriginalAndCommands/durable=true/limit=1024/dots=true/declared=true/delta=+0","Output":"=== RUN   TestExecDATAInclusiveLimitPreservesOriginalAndCommands/durable=true/limit=1024/dots=true/declared=true/delta=+0\n"}
2026-10-09T03:22:10.1211442Z {"Time":"2026-10-09T03:22:10.120874905Z","Action":"output","Package":"tabmail/internal/smtp","Test":"TestExecDATAInclusiveLimitPreservesOriginalAndCommands/durable=true/limit=1024/dots=true/declared=true/delta=+0","Output":"--- PASS: TestExecDATAInclusiveLimitPreservesOriginalAndCommands/durable=true/limit=1024/dots=true/declared=true/delta=+0 (0.00s)\n"}
2026-10-09T03:22:10.1214149Z {"Time":"2026-10-09T03:22:10.120892891Z","Action":"pass","Package":"tabmail/internal/smtp","Test":"TestExecDATAInclusiveLimitPreservesOriginalAndCommands/durable=true/limit=1024/dots=true/declared=true/delta=+0","Elapsed":0}
2026-10-09T03:22:10.1215903Z {"Time":"2026-10-09T03:22:10.120912561Z","Action":"run","Package":"tabmail/internal/smtp","Test":"TestExecDATAInclusiveLimitPreservesOriginalAndCommands/durable=true/limit=1024/dots=true/declared=true/delta=+1"}
2026-10-09T03:22:10.1217575Z {"Time":"2026-10-09T03:22:10.12091887Z","Action":"output","Package":"tabmail/internal/smtp","Test":"TestExecDATAInclusiveLimitPreservesOriginalAndCommands/durable=true/limit=1024/dots=true/declared=true/delta=+1","Output":"=== RUN   TestExecDATAInclusiveLimitPreservesOriginalAndCommands/durable=true/limit=1024/dots=true/declared=true/delta=+1\n"}
2026-10-09T03:22:10.1227563Z {"Time":"2026-10-09T03:22:10.122508017Z","Action":"output","Package":"tabmail/internal/smtp","Test":"TestExecDATAInclusiveLimitPreservesOriginalAndCommands/durable=true/limit=1024/dots=true/declared=true/delta=+1","Output":"--- PASS: TestExecDATAInclusiveLimitPreservesOriginalAndCommands/durable=true/limit=1024/dots=true/declared=true/delta=+1 (0.00s)\n"}
2026-10-09T03:22:10.1230193Z {"Time":"2026-10-09T03:22:10.122520445Z","Action":"pass","Package":"tabmail/internal/smtp","Test":"TestExecDATAInclusiveLimitPreservesOriginalAndCommands/durable=true/limit=1024/dots=true/declared=true/delta=+1","Elapsed":0}
2026-10-09T03:22:10.1231946Z {"Time":"2026-10-09T03:22:10.122780102Z","Action":"output","Package":"tabmail/internal/smtp","Test":"TestExecDATAInclusiveLimitPreservesOriginalAndCommands","Output":"--- PASS: TestExecDATAInclusiveLimitPreservesOriginalAndCommands (0.13s)\n"}
2026-10-09T03:22:10.1233503Z {"Time":"2026-10-09T03:22:10.122793171Z","Action":"pass","Package":"tabmail/internal/smtp","Test":"TestExecDATAInclusiveLimitPreservesOriginalAndCommands","Elapsed":0.13}
2026-10-09T03:22:10.1234946Z {"Time":"2026-10-09T03:22:10.122798539Z","Action":"run","Package":"tabmail/internal/smtp","Test":"TestExecDATATruncationAtLimitIsNotAnOversizedOrCompleteMessage"}
2026-10-09T03:22:10.1236729Z {"Time":"2026-10-09T03:22:10.122801484Z","Action":"output","Package":"tabmail/internal/smtp","Test":"TestExecDATATruncationAtLimitIsNotAnOversizedOrCompleteMessage","Output":"=== RUN   TestExecDATATruncationAtLimitIsNotAnOversizedOrCompleteMessage\n"}
2026-10-09T03:22:10.1238592Z {"Time":"2026-10-09T03:22:10.122805219Z","Action":"run","Package":"tabmail/internal/smtp","Test":"TestExecDATATruncationAtLimitIsNotAnOversizedOrCompleteMessage/durable=false/tail=\"\""}
2026-10-09T03:22:10.1240419Z {"Time":"2026-10-09T03:22:10.122808204Z","Action":"output","Package":"tabmail/internal/smtp","Test":"TestExecDATATruncationAtLimitIsNotAnOversizedOrCompleteMessage/durable=false/tail=\"\"","Output":"=== RUN   TestExecDATATruncationAtLimitIsNotAnOversizedOrCompleteMessage/durable=false/tail=\"\"\n"}
2026-10-09T03:22:10.1242580Z {"Time":"2026-10-09T03:22:10.12363806Z","Action":"output","Package":"tabmail/internal/smtp","Test":"TestExecDATATruncationAtLimitIsNotAnOversizedOrCompleteMessage/durable=false/tail=\"\"","Output":"--- PASS: TestExecDATATruncationAtLimitIsNotAnOversizedOrCompleteMessage/durable=false/tail=\"\" (0.00s)\n"}
2026-10-09T03:22:10.1244389Z {"Time":"2026-10-09T03:22:10.123693802Z","Action":"pass","Package":"tabmail/internal/smtp","Test":"TestExecDATATruncationAtLimitIsNotAnOversizedOrCompleteMessage/durable=false/tail=\"\"","Elapsed":0}
2026-10-09T03:22:10.1246125Z {"Time":"2026-10-09T03:22:10.123725369Z","Action":"run","Package":"tabmail/internal/smtp","Test":"TestExecDATATruncationAtLimitIsNotAnOversizedOrCompleteMessage/durable=false/tail=\".\""}
2026-10-09T03:22:10.1257910Z {"Time":"2026-10-09T03:22:10.123736907Z","Action":"output","Package":"tabmail/internal/smtp","Test":"TestExecDATATruncationAtLimitIsNotAnOversizedOrCompleteMessage/durable=false/tail=\".\"","Output":"=== RUN   TestExecDATATruncationAtLimitIsNotAnOversizedOrCompleteMessage/durable=false/tail=\".\"\n"}
2026-10-09T03:22:10.1260855Z {"Time":"2026-10-09T03:22:10.124716055Z","Action":"output","Package":"tabmail/internal/smtp","Test":"TestExecDATATruncationAtLimitIsNotAnOversizedOrCompleteMessage/durable=false/tail=\".\"","Output":"--- PASS: TestExecDATATruncationAtLimitIsNotAnOversizedOrCompleteMessage/durable=false/tail=\".\" (0.00s)\n"}
2026-10-09T03:22:10.1263154Z {"Time":"2026-10-09T03:22:10.124728383Z","Action":"pass","Package":"tabmail/internal/smtp","Test":"TestExecDATATruncationAtLimitIsNotAnOversizedOrCompleteMessage/durable=false/tail=\".\"","Elapsed":0}
2026-10-09T03:22:10.1264999Z {"Time":"2026-10-09T03:22:10.124759239Z","Action":"run","Package":"tabmail/internal/smtp","Test":"TestExecDATATruncationAtLimitIsNotAnOversizedOrCompleteMessage/durable=false/tail=\".\\r\""}
2026-10-09T03:22:10.1267276Z {"Time":"2026-10-09T03:22:10.124885487Z","Action":"output","Package":"tabmail/internal/smtp","Test":"TestExecDATATruncationAtLimitIsNotAnOversizedOrCompleteMessage/durable=false/tail=\".\\r\"","Output":"=== RUN   TestExecDATATruncationAtLimitIsNotAnOversizedOrCompleteMessage/durable=false/tail=\".\\r\"\n"}
2026-10-09T03:22:10.1276907Z {"Time":"2026-10-09T03:22:10.127484928Z","Action":"output","Package":"tabmail/internal/smtp","Test":"TestExecDATATruncationAtLimitIsNotAnOversizedOrCompleteMessage/durable=false/tail=\".\\r\"","Output":"--- PASS: TestExecDATATruncationAtLimitIsNotAnOversizedOrCompleteMessage/durable=false/tail=\".\\r\" (0.00s)\n"}
2026-10-09T03:22:10.1279683Z {"Time":"2026-10-09T03:22:10.1274997Z","Action":"pass","Package":"tabmail/internal/smtp","Test":"TestExecDATATruncationAtLimitIsNotAnOversizedOrCompleteMessage/durable=false/tail=\".\\r\"","Elapsed":0}
2026-10-09T03:22:10.1281327Z {"Time":"2026-10-09T03:22:10.127528803Z","Action":"run","Package":"tabmail/internal/smtp","Test":"TestExecDATATruncationAtLimitIsNotAnOversizedOrCompleteMessage/durable=true/tail=\"\""}
2026-10-09T03:22:10.1283125Z {"Time":"2026-10-09T03:22:10.127535373Z","Action":"output","Package":"tabmail/internal/smtp","Test":"TestExecDATATruncationAtLimitIsNotAnOversizedOrCompleteMessage/durable=true/tail=\"\"","Output":"=== RUN   TestExecDATATruncationAtLimitIsNotAnOversizedOrCompleteMessage/durable=true/tail=\"\"\n"}
2026-10-09T03:22:10.1287322Z {"Time":"2026-10-09T03:22:10.128504837Z","Action":"output","Package":"tabmail/internal/smtp","Test":"TestExecDATATruncationAtLimitIsNotAnOversizedOrCompleteMessage/durable=true/tail=\"\"","Output":"--- PASS: TestExecDATATruncationAtLimitIsNotAnOversizedOrCompleteMessage/durable=true/tail=\"\" (0.00s)\n"}
2026-10-09T03:22:10.1289698Z {"Time":"2026-10-09T03:22:10.128515162Z","Action":"pass","Package":"tabmail/internal/smtp","Test":"TestExecDATATruncationAtLimitIsNotAnOversizedOrCompleteMessage/durable=true/tail=\"\"","Elapsed":0}
2026-10-09T03:22:10.1291581Z {"Time":"2026-10-09T03:22:10.128779747Z","Action":"run","Package":"tabmail/internal/smtp","Test":"TestExecDATATruncationAtLimitIsNotAnOversizedOrCompleteMessage/durable=true/tail=\".\""}
2026-10-09T03:22:10.1293994Z {"Time":"2026-10-09T03:22:10.128789241Z","Action":"output","Package":"tabmail/internal/smtp","Test":"TestExecDATATruncationAtLimitIsNotAnOversizedOrCompleteMessage/durable=true/tail=\".\"","Output":"=== RUN   TestExecDATATruncationAtLimitIsNotAnOversizedOrCompleteMessage/durable=true/tail=\".\"\n"}
2026-10-09T03:22:10.1298426Z {"Time":"2026-10-09T03:22:10.129642922Z","Action":"output","Package":"tabmail/internal/smtp","Test":"TestExecDATATruncationAtLimitIsNotAnOversizedOrCompleteMessage/durable=true/tail=\".\"","Output":"--- PASS: TestExecDATATruncationAtLimitIsNotAnOversizedOrCompleteMessage/durable=true/tail=\".\" (0.00s)\n"}
2026-10-09T03:22:10.1301114Z {"Time":"2026-10-09T03:22:10.129660037Z","Action":"pass","Package":"tabmail/internal/smtp","Test":"TestExecDATATruncationAtLimitIsNotAnOversizedOrCompleteMessage/durable=true/tail=\".\"","Elapsed":0}
2026-10-09T03:22:10.1302294Z {"Time":"2026-10-09T03:22:10.12966882Z","Action":"run","Package":"tabmail/internal/smtp","Test":"TestExecDATATruncationAtLimitIsNotAnOversizedOrCompleteMessage/durable=true/tail=\".\\r\""}
2026-10-09T03:22:10.1303664Z {"Time":"2026-10-09T03:22:10.129672215Z","Action":"output","Package":"tabmail/internal/smtp","Test":"TestExecDATATruncationAtLimitIsNotAnOversizedOrCompleteMessage/durable=true/tail=\".\\r\"","Output":"=== RUN   TestExecDATATruncationAtLimitIsNotAnOversizedOrCompleteMessage/durable=true/tail=\".\\r\"\n"}
2026-10-09T03:22:10.1307857Z {"Time":"2026-10-09T03:22:10.130608359Z","Action":"output","Package":"tabmail/internal/smtp","Test":"TestExecDATATruncationAtLimitIsNotAnOversizedOrCompleteMessage/durable=true/tail=\".\\r\"","Output":"--- PASS: TestExecDATATruncationAtLimitIsNotAnOversizedOrCompleteMessage/durable=true/tail=\".\\r\" (0.00s)\n"}
2026-10-09T03:22:10.1310234Z {"Time":"2026-10-09T03:22:10.130621899Z","Action":"pass","Package":"tabmail/internal/smtp","Test":"TestExecDATATruncationAtLimitIsNotAnOversizedOrCompleteMessage/durable=true/tail=\".\\r\"","Elapsed":0}
2026-10-09T03:22:10.1311980Z {"Time":"2026-10-09T03:22:10.130667858Z","Action":"output","Package":"tabmail/internal/smtp","Test":"TestExecDATATruncationAtLimitIsNotAnOversizedOrCompleteMessage","Output":"--- PASS: TestExecDATATruncationAtLimitIsNotAnOversizedOrCompleteMessage (0.01s)\n"}
2026-10-09T03:22:10.1314064Z {"Time":"2026-10-09T03:22:10.130686215Z","Action":"pass","Package":"tabmail/internal/smtp","Test":"TestExecDATATruncationAtLimitIsNotAnOversizedOrCompleteMessage","Elapsed":0.01}
2026-10-09T03:22:10.1315596Z {"Time":"2026-10-09T03:22:10.130704262Z","Action":"run","Package":"tabmail/internal/smtp","Test":"TestR5NonDurableOrphanSMTPAck"}
2026-10-09T03:22:10.1316883Z {"Time":"2026-10-09T03:22:10.130707497Z","Action":"output","Package":"tabmail/internal/smtp","Test":"TestR5NonDurableOrphanSMTPAck","Output":"=== RUN   TestR5NonDurableOrphanSMTPAck\n"}
2026-10-09T03:22:10.1318259Z {"Time":"2026-10-09T03:22:10.130752053Z","Action":"run","Package":"tabmail/internal/smtp","Test":"TestR5NonDurableOrphanSMTPAck/released_remains_451"}
2026-10-09T03:22:10.1319218Z {"Time":"2026-10-09T03:22:10.130757632Z","Action":"output","Package":"tabmail/internal/smtp","Test":"TestR5NonDurableOrphanSMTPAck/released_remains_451","Output":"=== RUN   TestR5NonDurableOrphanSMTPAck/released_remains_451\n"}
2026-10-09T03:22:10.1323415Z {"Time":"2026-10-09T03:22:10.132164977Z","Action":"output","Package":"tabmail/internal/smtp","Test":"TestR5NonDurableOrphanSMTPAck/released_remains_451","Output":"--- PASS: TestR5NonDurableOrphanSMTPAck/released_remains_451 (0.00s)\n"}
2026-10-09T03:22:10.1325038Z {"Time":"2026-10-09T03:22:10.132179399Z","Action":"pass","Package":"tabmail/internal/smtp","Test":"TestR5NonDurableOrphanSMTPAck/released_remains_451","Elapsed":0}
2026-10-09T03:22:10.1326159Z {"Time":"2026-10-09T03:22:10.132184426Z","Action":"run","Package":"tabmail/internal/smtp","Test":"TestR5NonDurableOrphanSMTPAck/retry_handoff_remains_451"}
2026-10-09T03:22:10.1327537Z {"Time":"2026-10-09T03:22:10.13218669Z","Action":"output","Package":"tabmail/internal/smtp","Test":"TestR5NonDurableOrphanSMTPAck/retry_handoff_remains_451","Output":"=== RUN   TestR5NonDurableOrphanSMTPAck/retry_handoff_remains_451\n"}
2026-10-09T03:22:10.1348767Z {"Time":"2026-10-09T03:22:10.133567386Z","Action":"output","Package":"tabmail/internal/smtp","Test":"TestR5NonDurableOrphanSMTPAck/retry_handoff_remains_451","Output":"--- PASS: TestR5NonDurableOrphanSMTPAck/retry_handoff_remains_451 (0.00s)\n"}
2026-10-09T03:22:10.1349957Z {"Time":"2026-10-09T03:22:10.133580515Z","Action":"pass","Package":"tabmail/internal/smtp","Test":"TestR5NonDurableOrphanSMTPAck/retry_handoff_remains_451","Elapsed":0}
2026-10-09T03:22:10.1351559Z {"Time":"2026-10-09T03:22:10.133585733Z","Action":"run","Package":"tabmail/internal/smtp","Test":"TestR5NonDurableOrphanSMTPAck/stored_remains_250"}
2026-10-09T03:22:10.1353046Z {"Time":"2026-10-09T03:22:10.133588708Z","Action":"output","Package":"tabmail/internal/smtp","Test":"TestR5NonDurableOrphanSMTPAck/stored_remains_250","Output":"=== RUN   TestR5NonDurableOrphanSMTPAck/stored_remains_250\n"}
2026-10-09T03:22:10.1355169Z {"Time":"2026-10-09T03:22:10.135040339Z","Action":"output","Package":"tabmail/internal/smtp","Test":"TestR5NonDurableOrphanSMTPAck/stored_remains_250","Output":"--- PASS: TestR5NonDurableOrphanSMTPAck/stored_remains_250 (0.00s)\n"}
2026-10-09T03:22:10.1356350Z {"Time":"2026-10-09T03:22:10.135053068Z","Action":"pass","Package":"tabmail/internal/smtp","Test":"TestR5NonDurableOrphanSMTPAck/stored_remains_250","Elapsed":0}
2026-10-09T03:22:10.1357243Z {"Time":"2026-10-09T03:22:10.135327167Z","Action":"output","Package":"tabmail/internal/smtp","Test":"TestR5NonDurableOrphanSMTPAck","Output":"--- PASS: TestR5NonDurableOrphanSMTPAck (0.00s)\n"}
2026-10-09T03:22:10.1358094Z {"Time":"2026-10-09T03:22:10.135340046Z","Action":"pass","Package":"tabmail/internal/smtp","Test":"TestR5NonDurableOrphanSMTPAck","Elapsed":0}
2026-10-09T03:22:10.1358848Z {"Time":"2026-10-09T03:22:10.135344833Z","Action":"run","Package":"tabmail/internal/smtp","Test":"TestR5SMTPOriginRootDotGlobSyntax"}
2026-10-09T03:22:10.1359916Z {"Time":"2026-10-09T03:22:10.135347677Z","Action":"output","Package":"tabmail/internal/smtp","Test":"TestR5SMTPOriginRootDotGlobSyntax","Output":"=== RUN   TestR5SMTPOriginRootDotGlobSyntax\n"}
2026-10-09T03:22:10.1361385Z {"Time":"2026-10-09T03:22:10.135350942Z","Action":"run","Package":"tabmail/internal/smtp","Test":"TestR5SMTPOriginRootDotGlobSyntax/escaped_dot_rooted"}
2026-10-09T03:22:10.1362545Z {"Time":"2026-10-09T03:22:10.13535646Z","Action":"output","Package":"tabmail/internal/smtp","Test":"TestR5SMTPOriginRootDotGlobSyntax/escaped_dot_rooted","Output":"=== RUN   TestR5SMTPOriginRootDotGlobSyntax/escaped_dot_rooted\n"}
2026-10-09T03:22:10.1364086Z {"Time":"2026-10-09T03:22:10.135918557Z","Action":"output","Package":"tabmail/internal/smtp","Test":"TestR5SMTPOriginRootDotGlobSyntax/escaped_dot_rooted","Output":"    r5_origin_glob_test.go:87: TCP C: \"MAIL FROM:\u003csender@blocked.example.\u003e\"; reject pattern: \"blocked.example\\\\.\"; S: \"550 5.0.0 sender domain rejected by policy\\r\\n\"\n"}
2026-10-09T03:22:10.1365757Z {"Time":"2026-10-09T03:22:10.136075791Z","Action":"output","Package":"tabmail/internal/smtp","Test":"TestR5SMTPOriginRootDotGlobSyntax/escaped_dot_rooted","Output":"--- PASS: TestR5SMTPOriginRootDotGlobSyntax/escaped_dot_rooted (0.00s)\n"}
2026-10-09T03:22:10.1366969Z {"Time":"2026-10-09T03:22:10.136086217Z","Action":"pass","Package":"tabmail/internal/smtp","Test":"TestR5SMTPOriginRootDotGlobSyntax/escaped_dot_rooted","Elapsed":0}
2026-10-09T03:22:10.1368296Z {"Time":"2026-10-09T03:22:10.136106947Z","Action":"run","Package":"tabmail/internal/smtp","Test":"TestR5SMTPOriginRootDotGlobSyntax/escaped_dot_plain"}
2026-10-09T03:22:10.1369955Z {"Time":"2026-10-09T03:22:10.136113417Z","Action":"output","Package":"tabmail/internal/smtp","Test":"TestR5SMTPOriginRootDotGlobSyntax/escaped_dot_plain","Output":"=== RUN   TestR5SMTPOriginRootDotGlobSyntax/escaped_dot_plain\n"}
2026-10-09T03:22:10.1372537Z {"Time":"2026-10-09T03:22:10.136663897Z","Action":"output","Package":"tabmail/internal/smtp","Test":"TestR5SMTPOriginRootDotGlobSyntax/escaped_dot_plain","Output":"    r5_origin_glob_test.go:87: TCP C: \"MAIL FROM:\u003csender@blocked.example\u003e\"; reject pattern: \"blocked.example\\\\.\"; S: \"550 5.0.0 sender domain rejected by policy\\r\\n\"\n"}
2026-10-09T03:22:10.1374980Z {"Time":"2026-10-09T03:22:10.136849654Z","Action":"output","Package":"tabmail/internal/smtp","Test":"TestR5SMTPOriginRootDotGlobSyntax/escaped_dot_plain","Output":"--- PASS: TestR5SMTPOriginRootDotGlobSyntax/escaped_dot_plain (0.00s)\n"}
2026-10-09T03:22:10.1376731Z {"Time":"2026-10-09T03:22:10.136859959Z","Action":"pass","Package":"tabmail/internal/smtp","Test":"TestR5SMTPOriginRootDotGlobSyntax/escaped_dot_plain","Elapsed":0}
2026-10-09T03:22:10.1377799Z {"Time":"2026-10-09T03:22:10.13689459Z","Action":"run","Package":"tabmail/internal/smtp","Test":"TestR5SMTPOriginRootDotGlobSyntax/class_dot_rooted"}
2026-10-09T03:22:10.1378820Z {"Time":"2026-10-09T03:22:10.136899978Z","Action":"output","Package":"tabmail/internal/smtp","Test":"TestR5SMTPOriginRootDotGlobSyntax/class_dot_rooted","Output":"=== RUN   TestR5SMTPOriginRootDotGlobSyntax/class_dot_rooted\n"}
2026-10-09T03:22:10.1381374Z {"Time":"2026-10-09T03:22:10.137497989Z","Action":"output","Package":"tabmail/internal/smtp","Test":"TestR5SMTPOriginRootDotGlobSyntax/class_dot_rooted","Output":"    r5_origin_glob_test.go:87: TCP C: \"MAIL FROM:\u003csender@blocked.example.\u003e\"; reject pattern: \"blocked.example[.]\"; S: \"550 5.0.0 sender domain rejected by policy\\r\\n\"\n"}
2026-10-09T03:22:10.1384088Z {"Time":"2026-10-09T03:22:10.137664797Z","Action":"output","Package":"tabmail/internal/smtp","Test":"TestR5SMTPOriginRootDotGlobSyntax/class_dot_rooted","Output":"--- PASS: TestR5SMTPOriginRootDotGlobSyntax/class_dot_rooted (0.00s)\n"}
2026-10-09T03:22:10.1385352Z {"Time":"2026-10-09T03:22:10.137676405Z","Action":"pass","Package":"tabmail/internal/smtp","Test":"TestR5SMTPOriginRootDotGlobSyntax/class_dot_rooted","Elapsed":0}
2026-10-09T03:22:10.1386678Z {"Time":"2026-10-09T03:22:10.137935271Z","Action":"run","Package":"tabmail/internal/smtp","Test":"TestR5SMTPOriginRootDotGlobSyntax/class_dot_plain"}
2026-10-09T03:22:10.1387802Z {"Time":"2026-10-09T03:22:10.137943853Z","Action":"output","Package":"tabmail/internal/smtp","Test":"TestR5SMTPOriginRootDotGlobSyntax/class_dot_plain","Output":"=== RUN   TestR5SMTPOriginRootDotGlobSyntax/class_dot_plain\n"}
2026-10-09T03:22:10.1389837Z {"Time":"2026-10-09T03:22:10.13829088Z","Action":"output","Package":"tabmail/internal/smtp","Test":"TestR5SMTPOriginRootDotGlobSyntax/class_dot_plain","Output":"    r5_origin_glob_test.go:87: TCP C: \"MAIL FROM:\u003csender@blocked.example\u003e\"; reject pattern: \"blocked.example[.]\"; S: \"550 5.0.0 sender domain rejected by policy\\r\\n\"\n"}
2026-10-09T03:22:10.1392296Z {"Time":"2026-10-09T03:22:10.138519841Z","Action":"output","Package":"tabmail/internal/smtp","Test":"TestR5SMTPOriginRootDotGlobSyntax/class_dot_plain","Output":"--- PASS: TestR5SMTPOriginRootDotGlobSyntax/class_dot_plain (0.00s)\n"}
2026-10-09T03:22:10.1393791Z {"Time":"2026-10-09T03:22:10.138540842Z","Action":"pass","Package":"tabmail/internal/smtp","Test":"TestR5SMTPOriginRootDotGlobSyntax/class_dot_plain","Elapsed":0}
2026-10-09T03:22:10.1395270Z {"Time":"2026-10-09T03:22:10.138610075Z","Action":"run","Package":"tabmail/internal/smtp","Test":"TestR5SMTPOriginRootDotGlobSyntax/wildcard_escaped_dot"}
2026-10-09T03:22:10.1396951Z {"Time":"2026-10-09T03:22:10.138618257Z","Action":"output","Package":"tabmail/internal/smtp","Test":"TestR5SMTPOriginRootDotGlobSyntax/wildcard_escaped_dot","Output":"=== RUN   TestR5SMTPOriginRootDotGlobSyntax/wildcard_escaped_dot\n"}
2026-10-09T03:22:10.1398731Z {"Time":"2026-10-09T03:22:10.139226783Z","Action":"output","Package":"tabmail/internal/smtp","Test":"TestR5SMTPOriginRootDotGlobSyntax/wildcard_escaped_dot","Output":"    r5_origin_glob_test.go:87: TCP C: \"MAIL FROM:\u003csender@sub.blocked.example.\u003e\"; reject pattern: \"*.blocked.example\\\\.\"; S: \"550 5.0.0 sender domain rejected by policy\\r\\n\"\n"}
2026-10-09T03:22:10.1400500Z {"Time":"2026-10-09T03:22:10.139386291Z","Action":"output","Package":"tabmail/internal/smtp","Test":"TestR5SMTPOriginRootDotGlobSyntax/wildcard_escaped_dot","Output":"--- PASS: TestR5SMTPOriginRootDotGlobSyntax/wildcard_escaped_dot (0.00s)\n"}
2026-10-09T03:22:10.1402351Z {"Time":"2026-10-09T03:22:10.139395084Z","Action":"pass","Package":"tabmail/internal/smtp","Test":"TestR5SMTPOriginRootDotGlobSyntax/wildcard_escaped_dot","Elapsed":0}
2026-10-09T03:22:10.1403888Z {"Time":"2026-10-09T03:22:10.139402735Z","Action":"run","Package":"tabmail/internal/smtp","Test":"TestR5SMTPOriginRootDotGlobSyntax/question_matches_root_dot"}
2026-10-09T03:22:10.1405913Z {"Time":"2026-10-09T03:22:10.139408845Z","Action":"output","Package":"tabmail/internal/smtp","Test":"TestR5SMTPOriginRootDotGlobSyntax/question_matches_root_dot","Output":"=== RUN   TestR5SMTPOriginRootDotGlobSyntax/question_matches_root_dot\n"}
2026-10-09T03:22:10.1408589Z {"Time":"2026-10-09T03:22:10.13998967Z","Action":"output","Package":"tabmail/internal/smtp","Test":"TestR5SMTPOriginRootDotGlobSyntax/question_matches_root_dot","Output":"    r5_origin_glob_test.go:87: TCP C: \"MAIL FROM:\u003csender@blocked.example.\u003e\"; reject pattern: \"blocked.example?\"; S: \"550 5.0.0 sender domain rejected by policy\\r\\n\"\n"}
2026-10-09T03:22:10.1411106Z {"Time":"2026-10-09T03:22:10.140306962Z","Action":"output","Package":"tabmail/internal/smtp","Test":"TestR5SMTPOriginRootDotGlobSyntax/question_matches_root_dot","Output":"--- PASS: TestR5SMTPOriginRootDotGlobSyntax/question_matches_root_dot (0.00s)\n"}
2026-10-09T03:22:10.1412228Z {"Time":"2026-10-09T03:22:10.140316666Z","Action":"pass","Package":"tabmail/internal/smtp","Test":"TestR5SMTPOriginRootDotGlobSyntax/question_matches_root_dot","Elapsed":0}
2026-10-09T03:22:10.1413406Z {"Time":"2026-10-09T03:22:10.140320292Z","Action":"run","Package":"tabmail/internal/smtp","Test":"TestR5SMTPOriginRootDotGlobSyntax/ordinary_wildcard"}
2026-10-09T03:22:10.1415225Z {"Time":"2026-10-09T03:22:10.140323336Z","Action":"output","Package":"tabmail/internal/smtp","Test":"TestR5SMTPOriginRootDotGlobSyntax/ordinary_wildcard","Output":"=== RUN   TestR5SMTPOriginRootDotGlobSyntax/ordinary_wildcard\n"}
2026-10-09T03:22:10.1417746Z {"Time":"2026-10-09T03:22:10.14084255Z","Action":"output","Package":"tabmail/internal/smtp","Test":"TestR5SMTPOriginRootDotGlobSyntax/ordinary_wildcard","Output":"    r5_origin_glob_test.go:87: TCP C: \"MAIL FROM:\u003csender@sub.blocked.example.\u003e\"; reject pattern: \"*.blocked.example\"; S: \"550 5.0.0 sender domain rejected by policy\\r\\n\"\n"}
2026-10-09T03:22:10.1420389Z {"Time":"2026-10-09T03:22:10.141041215Z","Action":"output","Package":"tabmail/internal/smtp","Test":"TestR5SMTPOriginRootDotGlobSyntax/ordinary_wildcard","Output":"--- PASS: TestR5SMTPOriginRootDotGlobSyntax/ordinary_wildcard (0.00s)\n"}
2026-10-09T03:22:10.1421876Z {"Time":"2026-10-09T03:22:10.141067875Z","Action":"pass","Package":"tabmail/internal/smtp","Test":"TestR5SMTPOriginRootDotGlobSyntax/ordinary_wildcard","Elapsed":0}
2026-10-09T03:22:10.1423100Z {"Time":"2026-10-09T03:22:10.141082497Z","Action":"run","Package":"tabmail/internal/smtp","Test":"TestR5SMTPOriginRootDotGlobSyntax/wildcard_keeps_parent_boundary"}
2026-10-09T03:22:10.1425170Z {"Time":"2026-10-09T03:22:10.141086523Z","Action":"output","Package":"tabmail/internal/smtp","Test":"TestR5SMTPOriginRootDotGlobSyntax/wildcard_keeps_parent_boundary","Output":"=== RUN   TestR5SMTPOriginRootDotGlobSyntax/wildcard_keeps_parent_boundary\n"}
2026-10-09T03:22:10.1428006Z {"Time":"2026-10-09T03:22:10.141704343Z","Action":"output","Package":"tabmail/internal/smtp","Test":"TestR5SMTPOriginRootDotGlobSyntax/wildcard_keeps_parent_boundary","Output":"    r5_origin_glob_test.go:87: TCP C: \"MAIL FROM:\u003csender@blocked.example.\u003e\"; reject pattern: \"*.blocked.example\\\\.\"; S: \"250 2.0.0 Roger, accepting mail from \u003csender@blocked.example.\u003e\\r\\n\"\n"}
2026-10-09T03:22:10.1430621Z {"Time":"2026-10-09T03:22:10.141941166Z","Action":"output","Package":"tabmail/internal/smtp","Test":"TestR5SMTPOriginRootDotGlobSyntax/wildcard_keeps_parent_boundary","Output":"--- PASS: TestR5SMTPOriginRootDotGlobSyntax/wildcard_keeps_parent_boundary (0.00s)\n"}
2026-10-09T03:22:10.1432558Z {"Time":"2026-10-09T03:22:10.141953684Z","Action":"pass","Package":"tabmail/internal/smtp","Test":"TestR5SMTPOriginRootDotGlobSyntax/wildcard_keeps_parent_boundary","Elapsed":0}
2026-10-09T03:22:10.1433735Z {"Time":"2026-10-09T03:22:10.141999212Z","Action":"run","Package":"tabmail/internal/smtp","Test":"TestR5SMTPOriginRootDotGlobSyntax/invalid_escape"}
2026-10-09T03:22:10.1435432Z {"Time":"2026-10-09T03:22:10.142014174Z","Action":"output","Package":"tabmail/internal/smtp","Test":"TestR5SMTPOriginRootDotGlobSyntax/invalid_escape","Output":"=== RUN   TestR5SMTPOriginRootDotGlobSyntax/invalid_escape\n"}
2026-10-09T03:22:10.1438112Z {"Time":"2026-10-09T03:22:10.14265597Z","Action":"output","Package":"tabmail/internal/smtp","Test":"TestR5SMTPOriginRootDotGlobSyntax/invalid_escape","Output":"    r5_origin_glob_test.go:87: TCP C: \"MAIL FROM:\u003csender@blocked.example.\u003e\"; reject pattern: \"blocked.example\\\\\"; S: \"250 2.0.0 Roger, accepting mail from \u003csender@blocked.example.\u003e\\r\\n\"\n"}
2026-10-09T03:22:10.1440323Z {"Time":"2026-10-09T03:22:10.14289069Z","Action":"output","Package":"tabmail/internal/smtp","Test":"TestR5SMTPOriginRootDotGlobSyntax/invalid_escape","Output":"--- PASS: TestR5SMTPOriginRootDotGlobSyntax/invalid_escape (0.00s)\n"}
2026-10-09T03:22:10.1441571Z {"Time":"2026-10-09T03:22:10.142927484Z","Action":"pass","Package":"tabmail/internal/smtp","Test":"TestR5SMTPOriginRootDotGlobSyntax/invalid_escape","Elapsed":0}
2026-10-09T03:22:10.1442691Z {"Time":"2026-10-09T03:22:10.142942547Z","Action":"run","Package":"tabmail/internal/smtp","Test":"TestR5SMTPOriginRootDotGlobSyntax/invalid_class"}
2026-10-09T03:22:10.1443970Z {"Time":"2026-10-09T03:22:10.142945531Z","Action":"output","Package":"tabmail/internal/smtp","Test":"TestR5SMTPOriginRootDotGlobSyntax/invalid_class","Output":"=== RUN   TestR5SMTPOriginRootDotGlobSyntax/invalid_class\n"}
2026-10-09T03:22:10.1446792Z {"Time":"2026-10-09T03:22:10.143516622Z","Action":"output","Package":"tabmail/internal/smtp","Test":"TestR5SMTPOriginRootDotGlobSyntax/invalid_class","Output":"    r5_origin_glob_test.go:87: TCP C: \"MAIL FROM:\u003csender@blocked.example.\u003e\"; reject pattern: \"blocked.example[\"; S: \"250 2.0.0 Roger, accepting mail from \u003csender@blocked.example.\u003e\\r\\n\"\n"}
2026-10-09T03:22:10.1449386Z {"Time":"2026-10-09T03:22:10.143732313Z","Action":"output","Package":"tabmail/internal/smtp","Test":"TestR5SMTPOriginRootDotGlobSyntax/invalid_class","Output":"--- PASS: TestR5SMTPOriginRootDotGlobSyntax/invalid_class (0.00s)\n"}
2026-10-09T03:22:10.1451152Z {"Time":"2026-10-09T03:22:10.143743119Z","Action":"pass","Package":"tabmail/internal/smtp","Test":"TestR5SMTPOriginRootDotGlobSyntax/invalid_class","Elapsed":0}
2026-10-09T03:22:10.1452468Z {"Time":"2026-10-09T03:22:10.143779784Z","Action":"run","Package":"tabmail/internal/smtp","Test":"TestR5SMTPOriginRootDotGlobSyntax/literal_exact"}
2026-10-09T03:22:10.1454071Z {"Time":"2026-10-09T03:22:10.143784751Z","Action":"output","Package":"tabmail/internal/smtp","Test":"TestR5SMTPOriginRootDotGlobSyntax/literal_exact","Output":"=== RUN   TestR5SMTPOriginRootDotGlobSyntax/literal_exact\n"}
2026-10-09T03:22:10.1456655Z {"Time":"2026-10-09T03:22:10.14435499Z","Action":"output","Package":"tabmail/internal/smtp","Test":"TestR5SMTPOriginRootDotGlobSyntax/literal_exact","Output":"    r5_origin_glob_test.go:87: TCP C: \"MAIL FROM:\u003csender@[192.0.2.7]\u003e\"; reject pattern: \"\\\\[192.0.2.7\\\\]\"; S: \"550 5.0.0 sender domain rejected by policy\\r\\n\"\n"}
2026-10-09T03:22:10.1459091Z {"Time":"2026-10-09T03:22:10.144586585Z","Action":"output","Package":"tabmail/internal/smtp","Test":"TestR5SMTPOriginRootDotGlobSyntax/literal_exact","Output":"--- PASS: TestR5SMTPOriginRootDotGlobSyntax/literal_exact (0.00s)\n"}
2026-10-09T03:22:10.1460884Z {"Time":"2026-10-09T03:22:10.144597642Z","Action":"pass","Package":"tabmail/internal/smtp","Test":"TestR5SMTPOriginRootDotGlobSyntax/literal_exact","Elapsed":0}
2026-10-09T03:22:10.1462324Z {"Time":"2026-10-09T03:22:10.144612834Z","Action":"run","Package":"tabmail/internal/smtp","Test":"TestR5SMTPOriginRootDotGlobSyntax/literal_has_no_root_dot_alias"}
2026-10-09T03:22:10.1463957Z {"Time":"2026-10-09T03:22:10.144615829Z","Action":"output","Package":"tabmail/internal/smtp","Test":"TestR5SMTPOriginRootDotGlobSyntax/literal_has_no_root_dot_alias","Output":"=== RUN   TestR5SMTPOriginRootDotGlobSyntax/literal_has_no_root_dot_alias\n"}
2026-10-09T03:22:10.1467012Z {"Time":"2026-10-09T03:22:10.145785Z","Action":"output","Package":"tabmail/internal/smtp","Test":"TestR5SMTPOriginRootDotGlobSyntax/literal_has_no_root_dot_alias","Output":"    r5_origin_glob_test.go:87: TCP C: \"MAIL FROM:\u003csender@[192.0.2.7]\u003e\"; reject pattern: \"\\\\[192.0.2.7\\\\]\\\\.\"; S: \"250 2.0.0 Roger, accepting mail from \u003csender@[192.0.2.7]\u003e\\r\\n\"\n"}
2026-10-09T03:22:10.1469210Z {"Time":"2026-10-09T03:22:10.145799421Z","Action":"output","Package":"tabmail/internal/smtp","Test":"TestR5SMTPOriginRootDotGlobSyntax/literal_has_no_root_dot_alias","Output":"--- PASS: TestR5SMTPOriginRootDotGlobSyntax/literal_has_no_root_dot_alias (0.00s)\n"}
2026-10-09T03:22:10.1470900Z {"Time":"2026-10-09T03:22:10.145803748Z","Action":"pass","Package":"tabmail/internal/smtp","Test":"TestR5SMTPOriginRootDotGlobSyntax/literal_has_no_root_dot_alias","Elapsed":0}
2026-10-09T03:22:10.1472007Z {"Time":"2026-10-09T03:22:10.145807884Z","Action":"run","Package":"tabmail/internal/smtp","Test":"TestR5SMTPOriginRootDotGlobSyntax/empty_label_precedes_policy"}
2026-10-09T03:22:10.1473155Z {"Time":"2026-10-09T03:22:10.145810698Z","Action":"output","Package":"tabmail/internal/smtp","Test":"TestR5SMTPOriginRootDotGlobSyntax/empty_label_precedes_policy","Output":"=== RUN   TestR5SMTPOriginRootDotGlobSyntax/empty_label_precedes_policy\n"}
2026-10-09T03:22:10.1475504Z {"Time":"2026-10-09T03:22:10.146159377Z","Action":"output","Package":"tabmail/internal/smtp","Test":"TestR5SMTPOriginRootDotGlobSyntax/empty_label_precedes_policy","Output":"    r5_origin_glob_test.go:87: TCP C: \"MAIL FROM:\u003csender@blocked.example..\u003e\"; reject pattern: \"blocked.example\\\\.\"; S: \"501 5.0.0 invalid sender domain\\r\\n\"\n"}
2026-10-09T03:22:10.1477694Z {"Time":"2026-10-09T03:22:10.146363331Z","Action":"output","Package":"tabmail/internal/smtp","Test":"TestR5SMTPOriginRootDotGlobSyntax/empty_label_precedes_policy","Output":"--- PASS: TestR5SMTPOriginRootDotGlobSyntax/empty_label_precedes_policy (0.00s)\n"}
2026-10-09T03:22:10.1479667Z {"Time":"2026-10-09T03:22:10.146373085Z","Action":"pass","Package":"tabmail/internal/smtp","Test":"TestR5SMTPOriginRootDotGlobSyntax/empty_label_precedes_policy","Elapsed":0}
2026-10-09T03:22:10.1481144Z {"Time":"2026-10-09T03:22:10.146378393Z","Action":"run","Package":"tabmail/internal/smtp","Test":"TestR5SMTPOriginRootDotGlobSyntax/null_reverse_path"}
2026-10-09T03:22:10.1482825Z {"Time":"2026-10-09T03:22:10.146381468Z","Action":"output","Package":"tabmail/internal/smtp","Test":"TestR5SMTPOriginRootDotGlobSyntax/null_reverse_path","Output":"=== RUN   TestR5SMTPOriginRootDotGlobSyntax/null_reverse_path\n"}
2026-10-09T03:22:10.1484665Z {"Time":"2026-10-09T03:22:10.146959859Z","Action":"output","Package":"tabmail/internal/smtp","Test":"TestR5SMTPOriginRootDotGlobSyntax/null_reverse_path","Output":"    r5_origin_glob_test.go:87: TCP C: \"MAIL FROM:\u003c\u003e\"; reject pattern: \"*\"; S: \"250 2.0.0 Roger, accepting mail from \u003c\u003e\\r\\n\"\n"}
2026-10-09T03:22:10.1486596Z {"Time":"2026-10-09T03:22:10.147142661Z","Action":"output","Package":"tabmail/internal/smtp","Test":"TestR5SMTPOriginRootDotGlobSyntax/null_reverse_path","Output":"--- PASS: TestR5SMTPOriginRootDotGlobSyntax/null_reverse_path (0.00s)\n"}
2026-10-09T03:22:10.1488380Z {"Time":"2026-10-09T03:22:10.147152857Z","Action":"pass","Package":"tabmail/internal/smtp","Test":"TestR5SMTPOriginRootDotGlobSyntax/null_reverse_path","Elapsed":0}
2026-10-09T03:22:10.1489668Z {"Time":"2026-10-09T03:22:10.147158215Z","Action":"run","Package":"tabmail/internal/smtp","Test":"TestR5SMTPOriginRootDotGlobSyntax/quoted_local_at"}
2026-10-09T03:22:10.1491267Z {"Time":"2026-10-09T03:22:10.147161109Z","Action":"output","Package":"tabmail/internal/smtp","Test":"TestR5SMTPOriginRootDotGlobSyntax/quoted_local_at","Output":"=== RUN   TestR5SMTPOriginRootDotGlobSyntax/quoted_local_at\n"}
2026-10-09T03:22:10.1496962Z {"Time":"2026-10-09T03:22:10.147814973Z","Action":"output","Package":"tabmail/internal/smtp","Test":"TestR5SMTPOriginRootDotGlobSyntax/quoted_local_at","Output":"    r5_origin_glob_test.go:87: TCP C: \"MAIL FROM:\u003c\\\"sender@elsewhere.example\\\"@blocked.example.\u003e\"; reject pattern: \"blocked.example\\\\.\"; S: \"550 5.0.0 sender domain rejected by policy\\r\\n\"\n"}
2026-10-09T03:22:10.1507275Z {"Time":"2026-10-09T03:22:10.147956984Z","Action":"output","Package":"tabmail/internal/smtp","Test":"TestR5SMTPOriginRootDotGlobSyntax/quoted_local_at","Output":"--- PASS: TestR5SMTPOriginRootDotGlobSyntax/quoted_local_at (0.00s)\n"}
2026-10-09T03:22:10.1509045Z {"Time":"2026-10-09T03:22:10.147964896Z","Action":"pass","Package":"tabmail/internal/smtp","Test":"TestR5SMTPOriginRootDotGlobSyntax/quoted_local_at","Elapsed":0}
2026-10-09T03:22:10.1509969Z {"Time":"2026-10-09T03:22:10.147983604Z","Action":"run","Package":"tabmail/internal/smtp","Test":"TestR5SMTPOriginRootDotGlobSyntax/existing_utf8_domain"}
2026-10-09T03:22:10.1510975Z {"Time":"2026-10-09T03:22:10.147986278Z","Action":"output","Package":"tabmail/internal/smtp","Test":"TestR5SMTPOriginRootDotGlobSyntax/existing_utf8_domain","Output":"=== RUN   TestR5SMTPOriginRootDotGlobSyntax/existing_utf8_domain\n"}
2026-10-09T03:22:10.1514649Z {"Time":"2026-10-09T03:22:10.148659761Z","Action":"output","Package":"tabmail/internal/smtp","Test":"TestR5SMTPOriginRootDotGlobSyntax/existing_utf8_domain","Output":"    r5_origin_glob_test.go:87: TCP C: \"MAIL FROM:\u003csender@例子.测试.\u003e\"; reject pattern: \"例子.测试\\\\.\"; S: \"550 5.0.0 sender domain rejected by policy\\r\\n\"\n"}
2026-10-09T03:22:10.1517197Z {"Time":"2026-10-09T03:22:10.148825447Z","Action":"output","Package":"tabmail/internal/smtp","Test":"TestR5SMTPOriginRootDotGlobSyntax/existing_utf8_domain","Output":"--- PASS: TestR5SMTPOriginRootDotGlobSyntax/existing_utf8_domain (0.00s)\n"}
2026-10-09T03:22:10.1518409Z {"Time":"2026-10-09T03:22:10.148833419Z","Action":"pass","Package":"tabmail/internal/smtp","Test":"TestR5SMTPOriginRootDotGlobSyntax/existing_utf8_domain","Elapsed":0}
2026-10-09T03:22:10.1519397Z {"Time":"2026-10-09T03:22:10.14900164Z","Action":"output","Package":"tabmail/internal/smtp","Test":"TestR5SMTPOriginRootDotGlobSyntax","Output":"--- PASS: TestR5SMTPOriginRootDotGlobSyntax (0.01s)\n"}
2026-10-09T03:22:10.1520274Z {"Time":"2026-10-09T03:22:10.149009001Z","Action":"pass","Package":"tabmail/internal/smtp","Test":"TestR5SMTPOriginRootDotGlobSyntax","Elapsed":0.01}
2026-10-09T03:22:10.1521002Z {"Time":"2026-10-09T03:22:10.149015811Z","Action":"run","Package":"tabmail/internal/smtp","Test":"TestContinueSMTPCachedRCPTRechecksBeforeDATA"}
2026-10-09T03:22:10.1521931Z {"Time":"2026-10-09T03:22:10.149020067Z","Action":"output","Package":"tabmail/internal/smtp","Test":"TestContinueSMTPCachedRCPTRechecksBeforeDATA","Output":"=== RUN   TestContinueSMTPCachedRCPTRechecksBeforeDATA\n"}
2026-10-09T03:22:10.1523213Z {"Time":"2026-10-09T03:22:10.149023512Z","Action":"run","Package":"tabmail/internal/smtp","Test":"TestContinueSMTPCachedRCPTRechecksBeforeDATA/valid_snapshot"}
2026-10-09T03:22:10.1524803Z {"Time":"2026-10-09T03:22:10.149026357Z","Action":"output","Package":"tabmail/internal/smtp","Test":"TestContinueSMTPCachedRCPTRechecksBeforeDATA/valid_snapshot","Output":"=== RUN   TestContinueSMTPCachedRCPTRechecksBeforeDATA/valid_snapshot\n"}
2026-10-09T03:22:10.1526187Z {"Time":"2026-10-09T03:22:10.151303127Z","Action":"output","Package":"tabmail/internal/smtp","Test":"TestContinueSMTPCachedRCPTRechecksBeforeDATA/valid_snapshot","Output":"--- PASS: TestContinueSMTPCachedRCPTRechecksBeforeDATA/valid_snapshot (0.00s)\n"}
2026-10-09T03:22:10.1527280Z {"Time":"2026-10-09T03:22:10.151314564Z","Action":"pass","Package":"tabmail/internal/smtp","Test":"TestContinueSMTPCachedRCPTRechecksBeforeDATA/valid_snapshot","Elapsed":0}
2026-10-09T03:22:10.1529224Z {"Time":"2026-10-09T03:22:10.151326582Z","Action":"run","Package":"tabmail/internal/smtp","Test":"TestContinueSMTPCachedRCPTRechecksBeforeDATA/zone_invalidated"}
2026-10-09T03:22:10.1531292Z {"Time":"2026-10-09T03:22:10.151329757Z","Action":"output","Package":"tabmail/internal/smtp","Test":"TestContinueSMTPCachedRCPTRechecksBeforeDATA/zone_invalidated","Output":"=== RUN   TestContinueSMTPCachedRCPTRechecksBeforeDATA/zone_invalidated\n"}
2026-10-09T03:22:10.1532975Z {"Time":"2026-10-09T03:22:10.152733868Z","Action":"output","Package":"tabmail/internal/smtp","Test":"TestContinueSMTPCachedRCPTRechecksBeforeDATA/zone_invalidated","Output":"--- PASS: TestContinueSMTPCachedRCPTRechecksBeforeDATA/zone_invalidated (0.00s)\n"}
2026-10-09T03:22:10.1534072Z {"Time":"2026-10-09T03:22:10.152750472Z","Action":"pass","Package":"tabmail/internal/smtp","Test":"TestContinueSMTPCachedRCPTRechecksBeforeDATA/zone_invalidated","Elapsed":0}
2026-10-09T03:22:10.1535074Z {"Time":"2026-10-09T03:22:10.152769571Z","Action":"run","Package":"tabmail/internal/smtp","Test":"TestContinueSMTPCachedRCPTRechecksBeforeDATA/mailbox_expires"}
2026-10-09T03:22:10.1536104Z {"Time":"2026-10-09T03:22:10.152863421Z","Action":"output","Package":"tabmail/internal/smtp","Test":"TestContinueSMTPCachedRCPTRechecksBeforeDATA/mailbox_expires","Output":"=== RUN   TestContinueSMTPCachedRCPTRechecksBeforeDATA/mailbox_expires\n"}
2026-10-09T03:22:12.1569318Z {"Time":"2026-10-09T03:22:12.156642749Z","Action":"output","Package":"tabmail/internal/smtp","Test":"TestContinueSMTPCachedRCPTRechecksBeforeDATA/mailbox_expires","Output":"--- PASS: TestContinueSMTPCachedRCPTRechecksBeforeDATA/mailbox_expires (2.00s)\n"}
2026-10-09T03:22:12.1571013Z {"Time":"2026-10-09T03:22:12.156672153Z","Action":"pass","Package":"tabmail/internal/smtp","Test":"TestContinueSMTPCachedRCPTRechecksBeforeDATA/mailbox_expires","Elapsed":2}
2026-10-09T03:22:12.1572897Z {"Time":"2026-10-09T03:22:12.156682969Z","Action":"output","Package":"tabmail/internal/smtp","Test":"TestContinueSMTPCachedRCPTRechecksBeforeDATA","Output":"--- PASS: TestContinueSMTPCachedRCPTRechecksBeforeDATA (2.01s)\n"}
2026-10-09T03:22:12.1574825Z {"Time":"2026-10-09T03:22:12.156688237Z","Action":"pass","Package":"tabmail/internal/smtp","Test":"TestContinueSMTPCachedRCPTRechecksBeforeDATA","Elapsed":2.01}
2026-10-09T03:22:12.1576084Z {"Time":"2026-10-09T03:22:12.156729798Z","Action":"run","Package":"tabmail/internal/smtp","Test":"TestR5SMTPSenderDomainLabels"}
2026-10-09T03:22:12.1577647Z {"Time":"2026-10-09T03:22:12.156735307Z","Action":"output","Package":"tabmail/internal/smtp","Test":"TestR5SMTPSenderDomainLabels","Output":"=== RUN   TestR5SMTPSenderDomainLabels\n"}
2026-10-09T03:22:12.1578789Z {"Time":"2026-10-09T03:22:12.15677119Z","Action":"run","Package":"tabmail/internal/smtp","Test":"TestR5SMTPSenderDomainLabels/double_root_dot_bypass"}
2026-10-09T03:22:12.1580214Z {"Time":"2026-10-09T03:22:12.156776658Z","Action":"output","Package":"tabmail/internal/smtp","Test":"TestR5SMTPSenderDomainLabels/double_root_dot_bypass","Output":"=== RUN   TestR5SMTPSenderDomainLabels/double_root_dot_bypass\n"}
2026-10-09T03:22:12.1582887Z {"Time":"2026-10-09T03:22:12.157472004Z","Action":"output","Package":"tabmail/internal/smtp","Test":"TestR5SMTPSenderDomainLabels/double_root_dot_bypass","Output":"    r5_sender_domain_labels_test.go:104: TCP C: \"MAIL FROM:\u003csender@blocked.example..\u003e\"; S: \"501 5.0.0 invalid sender domain\\r\\n\"\n"}
2026-10-09T03:22:12.1585348Z {"Time":"2026-10-09T03:22:12.157640014Z","Action":"output","Package":"tabmail/internal/smtp","Test":"TestR5SMTPSenderDomainLabels/double_root_dot_bypass","Output":"--- PASS: TestR5SMTPSenderDomainLabels/double_root_dot_bypass (0.00s)\n"}
2026-10-09T03:22:12.1587139Z {"Time":"2026-10-09T03:22:12.15765728Z","Action":"pass","Package":"tabmail/internal/smtp","Test":"TestR5SMTPSenderDomainLabels/double_root_dot_bypass","Elapsed":0}
2026-10-09T03:22:12.1588499Z {"Time":"2026-10-09T03:22:12.157665472Z","Action":"run","Package":"tabmail/internal/smtp","Test":"TestR5SMTPSenderDomainLabels/triple_root_dot_bypass"}
2026-10-09T03:22:12.1590085Z {"Time":"2026-10-09T03:22:12.157670149Z","Action":"output","Package":"tabmail/internal/smtp","Test":"TestR5SMTPSenderDomainLabels/triple_root_dot_bypass","Output":"=== RUN   TestR5SMTPSenderDomainLabels/triple_root_dot_bypass\n"}
2026-10-09T03:22:12.1592276Z {"Time":"2026-10-09T03:22:12.158200068Z","Action":"output","Package":"tabmail/internal/smtp","Test":"TestR5SMTPSenderDomainLabels/triple_root_dot_bypass","Output":"    r5_sender_domain_labels_test.go:104: TCP C: \"MAIL FROM:\u003csender@blocked.example...\u003e\"; S: \"501 5.0.0 invalid sender domain\\r\\n\"\n"}
2026-10-09T03:22:12.1593640Z {"Time":"2026-10-09T03:22:12.158364913Z","Action":"output","Package":"tabmail/internal/smtp","Test":"TestR5SMTPSenderDomainLabels/triple_root_dot_bypass","Output":"--- PASS: TestR5SMTPSenderDomainLabels/triple_root_dot_bypass (0.00s)\n"}
2026-10-09T03:22:12.1594974Z {"Time":"2026-10-09T03:22:12.158378213Z","Action":"pass","Package":"tabmail/internal/smtp","Test":"TestR5SMTPSenderDomainLabels/triple_root_dot_bypass","Elapsed":0}
2026-10-09T03:22:12.1595749Z {"Time":"2026-10-09T03:22:12.158381869Z","Action":"run","Package":"tabmail/internal/smtp","Test":"TestR5SMTPSenderDomainLabels/interior_empty_label"}
2026-10-09T03:22:12.1596671Z {"Time":"2026-10-09T03:22:12.158385033Z","Action":"output","Package":"tabmail/internal/smtp","Test":"TestR5SMTPSenderDomainLabels/interior_empty_label","Output":"=== RUN   TestR5SMTPSenderDomainLabels/interior_empty_label\n"}
2026-10-09T03:22:12.1598556Z {"Time":"2026-10-09T03:22:12.15896706Z","Action":"output","Package":"tabmail/internal/smtp","Test":"TestR5SMTPSenderDomainLabels/interior_empty_label","Output":"    r5_sender_domain_labels_test.go:104: TCP C: \"MAIL FROM:\u003csender@blocked..example\u003e\"; S: \"501 5.0.0 invalid sender domain\\r\\n\"\n"}
2026-10-09T03:22:12.1600133Z {"Time":"2026-10-09T03:22:12.159115681Z","Action":"output","Package":"tabmail/internal/smtp","Test":"TestR5SMTPSenderDomainLabels/interior_empty_label","Output":"--- PASS: TestR5SMTPSenderDomainLabels/interior_empty_label (0.00s)\n"}
2026-10-09T03:22:12.1601340Z {"Time":"2026-10-09T03:22:12.159123924Z","Action":"pass","Package":"tabmail/internal/smtp","Test":"TestR5SMTPSenderDomainLabels/interior_empty_label","Elapsed":0}
2026-10-09T03:22:12.1602308Z {"Time":"2026-10-09T03:22:12.159133207Z","Action":"run","Package":"tabmail/internal/smtp","Test":"TestR5SMTPSenderDomainLabels/leading_empty_label"}
2026-10-09T03:22:12.1603425Z {"Time":"2026-10-09T03:22:12.159136072Z","Action":"output","Package":"tabmail/internal/smtp","Test":"TestR5SMTPSenderDomainLabels/leading_empty_label","Output":"=== RUN   TestR5SMTPSenderDomainLabels/leading_empty_label\n"}
2026-10-09T03:22:12.1605298Z {"Time":"2026-10-09T03:22:12.159702425Z","Action":"output","Package":"tabmail/internal/smtp","Test":"TestR5SMTPSenderDomainLabels/leading_empty_label","Output":"    r5_sender_domain_labels_test.go:104: TCP C: \"MAIL FROM:\u003csender@.blocked.example\u003e\"; S: \"501 5.0.0 invalid sender domain\\r\\n\"\n"}
2026-10-09T03:22:12.1606960Z {"Time":"2026-10-09T03:22:12.159854181Z","Action":"output","Package":"tabmail/internal/smtp","Test":"TestR5SMTPSenderDomainLabels/leading_empty_label","Output":"--- PASS: TestR5SMTPSenderDomainLabels/leading_empty_label (0.00s)\n"}
2026-10-09T03:22:12.1608419Z {"Time":"2026-10-09T03:22:12.159862574Z","Action":"pass","Package":"tabmail/internal/smtp","Test":"TestR5SMTPSenderDomainLabels/leading_empty_label","Elapsed":0}
2026-10-09T03:22:12.1609771Z {"Time":"2026-10-09T03:22:12.159870816Z","Action":"run","Package":"tabmail/internal/smtp","Test":"TestR5SMTPSenderDomainLabels/root_only_domain"}
2026-10-09T03:22:12.1611210Z {"Time":"2026-10-09T03:22:12.159877065Z","Action":"output","Package":"tabmail/internal/smtp","Test":"TestR5SMTPSenderDomainLabels/root_only_domain","Output":"=== RUN   TestR5SMTPSenderDomainLabels/root_only_domain\n"}
2026-10-09T03:22:12.1613124Z {"Time":"2026-10-09T03:22:12.160389248Z","Action":"output","Package":"tabmail/internal/smtp","Test":"TestR5SMTPSenderDomainLabels/root_only_domain","Output":"    r5_sender_domain_labels_test.go:104: TCP C: \"MAIL FROM:\u003csender@.\u003e\"; S: \"501 5.0.0 invalid sender domain\\r\\n\"\n"}
2026-10-09T03:22:12.1614827Z {"Time":"2026-10-09T03:22:12.160557929Z","Action":"output","Package":"tabmail/internal/smtp","Test":"TestR5SMTPSenderDomainLabels/root_only_domain","Output":"--- PASS: TestR5SMTPSenderDomainLabels/root_only_domain (0.00s)\n"}
2026-10-09T03:22:12.1616657Z {"Time":"2026-10-09T03:22:12.160565831Z","Action":"pass","Package":"tabmail/internal/smtp","Test":"TestR5SMTPSenderDomainLabels/root_only_domain","Elapsed":0}
2026-10-09T03:22:12.1617908Z {"Time":"2026-10-09T03:22:12.160582556Z","Action":"run","Package":"tabmail/internal/smtp","Test":"TestR5SMTPSenderDomainLabels/all_empty_labels"}
2026-10-09T03:22:12.1619445Z {"Time":"2026-10-09T03:22:12.16058529Z","Action":"output","Package":"tabmail/internal/smtp","Test":"TestR5SMTPSenderDomainLabels/all_empty_labels","Output":"=== RUN   TestR5SMTPSenderDomainLabels/all_empty_labels\n"}
2026-10-09T03:22:12.1620944Z {"Time":"2026-10-09T03:22:12.161107968Z","Action":"output","Package":"tabmail/internal/smtp","Test":"TestR5SMTPSenderDomainLabels/all_empty_labels","Output":"    r5_sender_domain_labels_test.go:104: TCP C: \"MAIL FROM:\u003csender@..\u003e\"; S: \"501 5.0.0 invalid sender domain\\r\\n\"\n"}
2026-10-09T03:22:12.1622858Z {"Time":"2026-10-09T03:22:12.161234817Z","Action":"output","Package":"tabmail/internal/smtp","Test":"TestR5SMTPSenderDomainLabels/all_empty_labels","Output":"--- PASS: TestR5SMTPSenderDomainLabels/all_empty_labels (0.00s)\n"}
2026-10-09T03:22:12.1624701Z {"Time":"2026-10-09T03:22:12.161241357Z","Action":"pass","Package":"tabmail/internal/smtp","Test":"TestR5SMTPSenderDomainLabels/all_empty_labels","Elapsed":0}
2026-10-09T03:22:12.1625872Z {"Time":"2026-10-09T03:22:12.161268868Z","Action":"run","Package":"tabmail/internal/smtp","Test":"TestR5SMTPSenderDomainLabels/empty_domain_parser_control"}
2026-10-09T03:22:12.1627313Z {"Time":"2026-10-09T03:22:12.161271432Z","Action":"output","Package":"tabmail/internal/smtp","Test":"TestR5SMTPSenderDomainLabels/empty_domain_parser_control","Output":"=== RUN   TestR5SMTPSenderDomainLabels/empty_domain_parser_control\n"}
2026-10-09T03:22:12.1629590Z {"Time":"2026-10-09T03:22:12.161813279Z","Action":"output","Package":"tabmail/internal/smtp","Test":"TestR5SMTPSenderDomainLabels/empty_domain_parser_control","Output":"    r5_sender_domain_labels_test.go:104: TCP C: \"MAIL FROM:\u003csender@\u003e\"; S: \"501 5.5.2 Was expecting MAIL arg syntax of FROM:\u003caddress\u003e\\r\\n\"\n"}
2026-10-09T03:22:12.1631667Z {"Time":"2026-10-09T03:22:12.161945996Z","Action":"output","Package":"tabmail/internal/smtp","Test":"TestR5SMTPSenderDomainLabels/empty_domain_parser_control","Output":"--- PASS: TestR5SMTPSenderDomainLabels/empty_domain_parser_control (0.00s)\n"}
2026-10-09T03:22:12.1633124Z {"Time":"2026-10-09T03:22:12.161953057Z","Action":"pass","Package":"tabmail/internal/smtp","Test":"TestR5SMTPSenderDomainLabels/empty_domain_parser_control","Elapsed":0}
2026-10-09T03:22:12.1633990Z {"Time":"2026-10-09T03:22:12.161977824Z","Action":"run","Package":"tabmail/internal/smtp","Test":"TestR5SMTPSenderDomainLabels/valid_plain_domain"}
2026-10-09T03:22:12.1635602Z {"Time":"2026-10-09T03:22:12.161980698Z","Action":"output","Package":"tabmail/internal/smtp","Test":"TestR5SMTPSenderDomainLabels/valid_plain_domain","Output":"=== RUN   TestR5SMTPSenderDomainLabels/valid_plain_domain\n"}
2026-10-09T03:22:12.1637435Z {"Time":"2026-10-09T03:22:12.162569264Z","Action":"output","Package":"tabmail/internal/smtp","Test":"TestR5SMTPSenderDomainLabels/valid_plain_domain","Output":"    r5_sender_domain_labels_test.go:104: TCP C: \"MAIL FROM:\u003csender@allowed.example\u003e\"; S: \"250 2.0.0 Roger, accepting mail from \u003csender@allowed.example\u003e\\r\\n\"\n"}
2026-10-09T03:22:12.1639174Z {"Time":"2026-10-09T03:22:12.162773529Z","Action":"output","Package":"tabmail/internal/smtp","Test":"TestR5SMTPSenderDomainLabels/valid_plain_domain","Output":"--- PASS: TestR5SMTPSenderDomainLabels/valid_plain_domain (0.00s)\n"}
2026-10-09T03:22:12.1640905Z {"Time":"2026-10-09T03:22:12.162825766Z","Action":"pass","Package":"tabmail/internal/smtp","Test":"TestR5SMTPSenderDomainLabels/valid_plain_domain","Elapsed":0}
2026-10-09T03:22:12.1642482Z {"Time":"2026-10-09T03:22:12.162839847Z","Action":"run","Package":"tabmail/internal/smtp","Test":"TestR5SMTPSenderDomainLabels/valid_single_root_dot"}
2026-10-09T03:22:12.1643828Z {"Time":"2026-10-09T03:22:12.162843152Z","Action":"output","Package":"tabmail/internal/smtp","Test":"TestR5SMTPSenderDomainLabels/valid_single_root_dot","Output":"=== RUN   TestR5SMTPSenderDomainLabels/valid_single_root_dot\n"}
2026-10-09T03:22:12.1646338Z {"Time":"2026-10-09T03:22:12.163381294Z","Action":"output","Package":"tabmail/internal/smtp","Test":"TestR5SMTPSenderDomainLabels/valid_single_root_dot","Output":"    r5_sender_domain_labels_test.go:104: TCP C: \"MAIL FROM:\u003csender@allowed.example.\u003e\"; S: \"250 2.0.0 Roger, accepting mail from \u003csender@allowed.example.\u003e\\r\\n\"\n"}
2026-10-09T03:22:12.1648961Z {"Time":"2026-10-09T03:22:12.163598627Z","Action":"output","Package":"tabmail/internal/smtp","Test":"TestR5SMTPSenderDomainLabels/valid_single_root_dot","Output":"--- PASS: TestR5SMTPSenderDomainLabels/valid_single_root_dot (0.00s)\n"}
2026-10-09T03:22:12.1650602Z {"Time":"2026-10-09T03:22:12.163611206Z","Action":"pass","Package":"tabmail/internal/smtp","Test":"TestR5SMTPSenderDomainLabels/valid_single_root_dot","Elapsed":0}
2026-10-09T03:22:12.1651637Z {"Time":"2026-10-09T03:22:12.163616264Z","Action":"run","Package":"tabmail/internal/smtp","Test":"TestR5SMTPSenderDomainLabels/single_root_dot_policy_control"}
2026-10-09T03:22:12.1652973Z {"Time":"2026-10-09T03:22:12.163619168Z","Action":"output","Package":"tabmail/internal/smtp","Test":"TestR5SMTPSenderDomainLabels/single_root_dot_policy_control","Output":"=== RUN   TestR5SMTPSenderDomainLabels/single_root_dot_policy_control\n"}
2026-10-09T03:22:12.1654823Z {"Time":"2026-10-09T03:22:12.164206683Z","Action":"output","Package":"tabmail/internal/smtp","Test":"TestR5SMTPSenderDomainLabels/single_root_dot_policy_control","Output":"    r5_sender_domain_labels_test.go:104: TCP C: \"MAIL FROM:\u003csender@blocked.example.\u003e\"; S: \"550 5.0.0 sender domain rejected by policy\\r\\n\"\n"}
2026-10-09T03:22:12.1656684Z {"Time":"2026-10-09T03:22:12.164389064Z","Action":"output","Package":"tabmail/internal/smtp","Test":"TestR5SMTPSenderDomainLabels/single_root_dot_policy_control","Output":"--- PASS: TestR5SMTPSenderDomainLabels/single_root_dot_policy_control (0.00s)\n"}
2026-10-09T03:22:12.1657865Z {"Time":"2026-10-09T03:22:12.164400381Z","Action":"pass","Package":"tabmail/internal/smtp","Test":"TestR5SMTPSenderDomainLabels/single_root_dot_policy_control","Elapsed":0}
2026-10-09T03:22:12.1659173Z {"Time":"2026-10-09T03:22:12.164404848Z","Action":"run","Package":"tabmail/internal/smtp","Test":"TestR5SMTPSenderDomainLabels/null_reverse_path"}
2026-10-09T03:22:12.1660504Z {"Time":"2026-10-09T03:22:12.164407612Z","Action":"output","Package":"tabmail/internal/smtp","Test":"TestR5SMTPSenderDomainLabels/null_reverse_path","Output":"=== RUN   TestR5SMTPSenderDomainLabels/null_reverse_path\n"}
2026-10-09T03:22:12.1661797Z {"Time":"2026-10-09T03:22:12.164982588Z","Action":"output","Package":"tabmail/internal/smtp","Test":"TestR5SMTPSenderDomainLabels/null_reverse_path","Output":"    r5_sender_domain_labels_test.go:104: TCP C: \"MAIL FROM:\u003c\u003e\"; S: \"250 2.0.0 Roger, accepting mail from \u003c\u003e\\r\\n\"\n"}
2026-10-09T03:22:12.1664066Z {"Time":"2026-10-09T03:22:12.165185771Z","Action":"output","Package":"tabmail/internal/smtp","Test":"TestR5SMTPSenderDomainLabels/null_reverse_path","Output":"--- PASS: TestR5SMTPSenderDomainLabels/null_reverse_path (0.00s)\n"}
2026-10-09T03:22:12.1665696Z {"Time":"2026-10-09T03:22:12.165193953Z","Action":"pass","Package":"tabmail/internal/smtp","Test":"TestR5SMTPSenderDomainLabels/null_reverse_path","Elapsed":0}
2026-10-09T03:22:12.1666706Z {"Time":"2026-10-09T03:22:12.165216607Z","Action":"run","Package":"tabmail/internal/smtp","Test":"TestR5SMTPSenderDomainLabels/ipv4_literal"}
2026-10-09T03:22:12.1667660Z {"Time":"2026-10-09T03:22:12.165219832Z","Action":"output","Package":"tabmail/internal/smtp","Test":"TestR5SMTPSenderDomainLabels/ipv4_literal","Output":"=== RUN   TestR5SMTPSenderDomainLabels/ipv4_literal\n"}
2026-10-09T03:22:12.1669576Z {"Time":"2026-10-09T03:22:12.165767076Z","Action":"output","Package":"tabmail/internal/smtp","Test":"TestR5SMTPSenderDomainLabels/ipv4_literal","Output":"    r5_sender_domain_labels_test.go:104: TCP C: \"MAIL FROM:\u003csender@[192.0.2.7]\u003e\"; S: \"250 2.0.0 Roger, accepting mail from \u003csender@[192.0.2.7]\u003e\\r\\n\"\n"}
2026-10-09T03:22:12.1671705Z {"Time":"2026-10-09T03:22:12.165902668Z","Action":"output","Package":"tabmail/internal/smtp","Test":"TestR5SMTPSenderDomainLabels/ipv4_literal","Output":"--- PASS: TestR5SMTPSenderDomainLabels/ipv4_literal (0.00s)\n"}
2026-10-09T03:22:12.1672655Z {"Time":"2026-10-09T03:22:12.165910099Z","Action":"pass","Package":"tabmail/internal/smtp","Test":"TestR5SMTPSenderDomainLabels/ipv4_literal","Elapsed":0}
2026-10-09T03:22:12.1673918Z {"Time":"2026-10-09T03:22:12.166190687Z","Action":"run","Package":"tabmail/internal/smtp","Test":"TestR5SMTPSenderDomainLabels/ipv6_literal"}
2026-10-09T03:22:12.1675247Z {"Time":"2026-10-09T03:22:12.166199811Z","Action":"output","Package":"tabmail/internal/smtp","Test":"TestR5SMTPSenderDomainLabels/ipv6_literal","Output":"=== RUN   TestR5SMTPSenderDomainLabels/ipv6_literal\n"}
2026-10-09T03:22:12.1677251Z {"Time":"2026-10-09T03:22:12.166489983Z","Action":"output","Package":"tabmail/internal/smtp","Test":"TestR5SMTPSenderDomainLabels/ipv6_literal","Output":"    r5_sender_domain_labels_test.go:104: TCP C: \"MAIL FROM:\u003csender@[IPv6:2001:db8::1]\u003e\"; S: \"250 2.0.0 Roger, accepting mail from \u003csender@[IPv6:2001:db8::1]\u003e\\r\\n\"\n"}
2026-10-09T03:22:12.1679251Z {"Time":"2026-10-09T03:22:12.166658254Z","Action":"output","Package":"tabmail/internal/smtp","Test":"TestR5SMTPSenderDomainLabels/ipv6_literal","Output":"--- PASS: TestR5SMTPSenderDomainLabels/ipv6_literal (0.00s)\n"}
2026-10-09T03:22:12.1680740Z {"Time":"2026-10-09T03:22:12.166663872Z","Action":"pass","Package":"tabmail/internal/smtp","Test":"TestR5SMTPSenderDomainLabels/ipv6_literal","Elapsed":0}
2026-10-09T03:22:12.1681973Z {"Time":"2026-10-09T03:22:12.166671523Z","Action":"run","Package":"tabmail/internal/smtp","Test":"TestR5SMTPSenderDomainLabels/ipv6_ipv4_literal"}
2026-10-09T03:22:12.1683304Z {"Time":"2026-10-09T03:22:12.166674398Z","Action":"output","Package":"tabmail/internal/smtp","Test":"TestR5SMTPSenderDomainLabels/ipv6_ipv4_literal","Output":"=== RUN   TestR5SMTPSenderDomainLabels/ipv6_ipv4_literal\n"}
2026-10-09T03:22:12.1685706Z {"Time":"2026-10-09T03:22:12.167275623Z","Action":"output","Package":"tabmail/internal/smtp","Test":"TestR5SMTPSenderDomainLabels/ipv6_ipv4_literal","Output":"    r5_sender_domain_labels_test.go:104: TCP C: \"MAIL FROM:\u003csender@[IPv6:::ffff:192.0.2.7]\u003e\"; S: \"250 2.0.0 Roger, accepting mail from \u003csender@[IPv6:::ffff:192.0.2.7]\u003e\\r\\n\"\n"}
2026-10-09T03:22:12.1687795Z {"Time":"2026-10-09T03:22:12.167456733Z","Action":"output","Package":"tabmail/internal/smtp","Test":"TestR5SMTPSenderDomainLabels/ipv6_ipv4_literal","Output":"--- PASS: TestR5SMTPSenderDomainLabels/ipv6_ipv4_literal (0.00s)\n"}
2026-10-09T03:22:12.1689234Z {"Time":"2026-10-09T03:22:12.167469912Z","Action":"pass","Package":"tabmail/internal/smtp","Test":"TestR5SMTPSenderDomainLabels/ipv6_ipv4_literal","Elapsed":0}
2026-10-09T03:22:12.1690233Z {"Time":"2026-10-09T03:22:12.167474469Z","Action":"run","Package":"tabmail/internal/smtp","Test":"TestR5SMTPSenderDomainLabels/quoted_local_space"}
2026-10-09T03:22:12.1691382Z {"Time":"2026-10-09T03:22:12.167479527Z","Action":"output","Package":"tabmail/internal/smtp","Test":"TestR5SMTPSenderDomainLabels/quoted_local_space","Output":"=== RUN   TestR5SMTPSenderDomainLabels/quoted_local_space\n"}
2026-10-09T03:22:12.1693252Z {"Time":"2026-10-09T03:22:12.168117146Z","Action":"output","Package":"tabmail/internal/smtp","Test":"TestR5SMTPSenderDomainLabels/quoted_local_space","Output":"    r5_sender_domain_labels_test.go:104: TCP C: \"MAIL FROM:\u003c\\\"sender name\\\"@allowed.example\u003e\"; S: \"250 2.0.0 Roger, accepting mail from \u003csender name@allowed.example\u003e\\r\\n\"\n"}
2026-10-09T03:22:12.1696421Z {"Time":"2026-10-09T03:22:12.168394389Z","Action":"output","Package":"tabmail/internal/smtp","Test":"TestR5SMTPSenderDomainLabels/quoted_local_space","Output":"--- PASS: TestR5SMTPSenderDomainLabels/quoted_local_space (0.00s)\n"}
2026-10-09T03:22:12.1698068Z {"Time":"2026-10-09T03:22:12.168406537Z","Action":"pass","Package":"tabmail/internal/smtp","Test":"TestR5SMTPSenderDomainLabels/quoted_local_space","Elapsed":0}
2026-10-09T03:22:12.1699094Z {"Time":"2026-10-09T03:22:12.168410493Z","Action":"run","Package":"tabmail/internal/smtp","Test":"TestR5SMTPSenderDomainLabels/quoted_local_at"}
2026-10-09T03:22:12.1700073Z {"Time":"2026-10-09T03:22:12.168413998Z","Action":"output","Package":"tabmail/internal/smtp","Test":"TestR5SMTPSenderDomainLabels/quoted_local_at","Output":"=== RUN   TestR5SMTPSenderDomainLabels/quoted_local_at\n"}
2026-10-09T03:22:12.1702323Z {"Time":"2026-10-09T03:22:12.16889209Z","Action":"output","Package":"tabmail/internal/smtp","Test":"TestR5SMTPSenderDomainLabels/quoted_local_at","Output":"    r5_sender_domain_labels_test.go:104: TCP C: \"MAIL FROM:\u003c\\\"sender@elsewhere.example\\\"@allowed.example.\u003e\"; S: \"250 2.0.0 Roger, accepting mail from \u003csender@elsewhere.example@allowed.example.\u003e\\r\\n\"\n"}
2026-10-09T03:22:12.1704197Z {"Time":"2026-10-09T03:22:12.169070055Z","Action":"output","Package":"tabmail/internal/smtp","Test":"TestR5SMTPSenderDomainLabels/quoted_local_at","Output":"--- PASS: TestR5SMTPSenderDomainLabels/quoted_local_at (0.00s)\n"}
2026-10-09T03:22:12.1705547Z {"Time":"2026-10-09T03:22:12.169079599Z","Action":"pass","Package":"tabmail/internal/smtp","Test":"TestR5SMTPSenderDomainLabels/quoted_local_at","Elapsed":0}
2026-10-09T03:22:12.1706602Z {"Time":"2026-10-09T03:22:12.169084867Z","Action":"run","Package":"tabmail/internal/smtp","Test":"TestR5SMTPSenderDomainLabels/quoted_local_repeated_dots"}
2026-10-09T03:22:12.1707749Z {"Time":"2026-10-09T03:22:12.169087551Z","Action":"output","Package":"tabmail/internal/smtp","Test":"TestR5SMTPSenderDomainLabels/quoted_local_repeated_dots","Output":"=== RUN   TestR5SMTPSenderDomainLabels/quoted_local_repeated_dots\n"}
2026-10-09T03:22:12.1710259Z {"Time":"2026-10-09T03:22:12.169694796Z","Action":"output","Package":"tabmail/internal/smtp","Test":"TestR5SMTPSenderDomainLabels/quoted_local_repeated_dots","Output":"    r5_sender_domain_labels_test.go:104: TCP C: \"MAIL FROM:\u003c\\\"sender..name\\\"@allowed.example\u003e\"; S: \"250 2.0.0 Roger, accepting mail from \u003csender..name@allowed.example\u003e\\r\\n\"\n"}
2026-10-09T03:22:12.1712847Z {"Time":"2026-10-09T03:22:12.169863477Z","Action":"output","Package":"tabmail/internal/smtp","Test":"TestR5SMTPSenderDomainLabels/quoted_local_repeated_dots","Output":"--- PASS: TestR5SMTPSenderDomainLabels/quoted_local_repeated_dots (0.00s)\n"}
2026-10-09T03:22:12.1714624Z {"Time":"2026-10-09T03:22:12.169873602Z","Action":"pass","Package":"tabmail/internal/smtp","Test":"TestR5SMTPSenderDomainLabels/quoted_local_repeated_dots","Elapsed":0}
2026-10-09T03:22:12.1715739Z {"Time":"2026-10-09T03:22:12.169880542Z","Action":"run","Package":"tabmail/internal/smtp","Test":"TestR5SMTPSenderDomainLabels/existing_utf8_local"}
2026-10-09T03:22:12.1716651Z {"Time":"2026-10-09T03:22:12.169883306Z","Action":"output","Package":"tabmail/internal/smtp","Test":"TestR5SMTPSenderDomainLabels/existing_utf8_local","Output":"=== RUN   TestR5SMTPSenderDomainLabels/existing_utf8_local\n"}
2026-10-09T03:22:12.1718836Z {"Time":"2026-10-09T03:22:12.170418103Z","Action":"output","Package":"tabmail/internal/smtp","Test":"TestR5SMTPSenderDomainLabels/existing_utf8_local","Output":"    r5_sender_domain_labels_test.go:104: TCP C: \"MAIL FROM:\u003c发送者@allowed.example\u003e\"; S: \"250 2.0.0 Roger, accepting mail from \u003c发送者@allowed.example\u003e\\r\\n\"\n"}
2026-10-09T03:22:12.1720554Z {"Time":"2026-10-09T03:22:12.170601015Z","Action":"output","Package":"tabmail/internal/smtp","Test":"TestR5SMTPSenderDomainLabels/existing_utf8_local","Output":"--- PASS: TestR5SMTPSenderDomainLabels/existing_utf8_local (0.00s)\n"}
2026-10-09T03:22:12.1722288Z {"Time":"2026-10-09T03:22:12.170612232Z","Action":"pass","Package":"tabmail/internal/smtp","Test":"TestR5SMTPSenderDomainLabels/existing_utf8_local","Elapsed":0}
2026-10-09T03:22:12.1723297Z {"Time":"2026-10-09T03:22:12.170633443Z","Action":"run","Package":"tabmail/internal/smtp","Test":"TestR5SMTPSenderDomainLabels/existing_utf8_domain"}
2026-10-09T03:22:12.1725050Z {"Time":"2026-10-09T03:22:12.170638521Z","Action":"output","Package":"tabmail/internal/smtp","Test":"TestR5SMTPSenderDomainLabels/existing_utf8_domain","Output":"=== RUN   TestR5SMTPSenderDomainLabels/existing_utf8_domain\n"}
2026-10-09T03:22:12.1727839Z {"Time":"2026-10-09T03:22:12.17120876Z","Action":"output","Package":"tabmail/internal/smtp","Test":"TestR5SMTPSenderDomainLabels/existing_utf8_domain","Output":"    r5_sender_domain_labels_test.go:104: TCP C: \"MAIL FROM:\u003csender@例子.测试\u003e\"; S: \"250 2.0.0 Roger, accepting mail from \u003csender@例子.测试\u003e\\r\\n\"\n"}
2026-10-09T03:22:12.1730053Z {"Time":"2026-10-09T03:22:12.17138365Z","Action":"output","Package":"tabmail/internal/smtp","Test":"TestR5SMTPSenderDomainLabels/existing_utf8_domain","Output":"--- PASS: TestR5SMTPSenderDomainLabels/existing_utf8_domain (0.00s)\n"}
2026-10-09T03:22:12.1731246Z {"Time":"2026-10-09T03:22:12.171394006Z","Action":"pass","Package":"tabmail/internal/smtp","Test":"TestR5SMTPSenderDomainLabels/existing_utf8_domain","Elapsed":0}
2026-10-09T03:22:12.1732379Z {"Time":"2026-10-09T03:22:12.171414246Z","Action":"run","Package":"tabmail/internal/smtp","Test":"TestR5SMTPSenderDomainLabels/enabled_smtputf8"}
2026-10-09T03:22:12.1733995Z {"Time":"2026-10-09T03:22:12.171419364Z","Action":"output","Package":"tabmail/internal/smtp","Test":"TestR5SMTPSenderDomainLabels/enabled_smtputf8","Output":"=== RUN   TestR5SMTPSenderDomainLabels/enabled_smtputf8\n"}
2026-10-09T03:22:12.1736859Z {"Time":"2026-10-09T03:22:12.17195415Z","Action":"output","Package":"tabmail/internal/smtp","Test":"TestR5SMTPSenderDomainLabels/enabled_smtputf8","Output":"    r5_sender_domain_labels_test.go:104: TCP C: \"MAIL FROM:\u003c发送者@例子.测试.\u003e SMTPUTF8\"; S: \"250 2.0.0 Roger, accepting mail from \u003c发送者@例子.测试.\u003e\\r\\n\"\n"}
2026-10-09T03:22:12.1739237Z {"Time":"2026-10-09T03:22:12.172129151Z","Action":"output","Package":"tabmail/internal/smtp","Test":"TestR5SMTPSenderDomainLabels/enabled_smtputf8","Output":"--- PASS: TestR5SMTPSenderDomainLabels/enabled_smtputf8 (0.00s)\n"}
2026-10-09T03:22:12.1740189Z {"Time":"2026-10-09T03:22:12.172136862Z","Action":"pass","Package":"tabmail/internal/smtp","Test":"TestR5SMTPSenderDomainLabels/enabled_smtputf8","Elapsed":0}
2026-10-09T03:22:12.1740974Z {"Time":"2026-10-09T03:22:12.172158875Z","Action":"run","Package":"tabmail/internal/smtp","Test":"TestR5SMTPSenderDomainLabels/enabled_smtputf8_empty_label"}
2026-10-09T03:22:12.1742115Z {"Time":"2026-10-09T03:22:12.172164093Z","Action":"output","Package":"tabmail/internal/smtp","Test":"TestR5SMTPSenderDomainLabels/enabled_smtputf8_empty_label","Output":"=== RUN   TestR5SMTPSenderDomainLabels/enabled_smtputf8_empty_label\n"}
2026-10-09T03:22:12.1743743Z {"Time":"2026-10-09T03:22:12.172805057Z","Action":"output","Package":"tabmail/internal/smtp","Test":"TestR5SMTPSenderDomainLabels/enabled_smtputf8_empty_label","Output":"    r5_sender_domain_labels_test.go:104: TCP C: \"MAIL FROM:\u003c发送者@例子..测试\u003e SMTPUTF8\"; S: \"501 5.0.0 invalid sender domain\\r\\n\"\n"}
2026-10-09T03:22:12.1745726Z {"Time":"2026-10-09T03:22:12.172968961Z","Action":"output","Package":"tabmail/internal/smtp","Test":"TestR5SMTPSenderDomainLabels/enabled_smtputf8_empty_label","Output":"--- PASS: TestR5SMTPSenderDomainLabels/enabled_smtputf8_empty_label (0.00s)\n"}
2026-10-09T03:22:12.1747597Z {"Time":"2026-10-09T03:22:12.173158393Z","Action":"pass","Package":"tabmail/internal/smtp","Test":"TestR5SMTPSenderDomainLabels/enabled_smtputf8_empty_label","Elapsed":0}
2026-10-09T03:22:12.1749222Z {"Time":"2026-10-09T03:22:12.17316943Z","Action":"run","Package":"tabmail/internal/smtp","Test":"TestR5SMTPSenderDomainLabels/disabled_smtputf8_control"}
2026-10-09T03:22:12.1751087Z {"Time":"2026-10-09T03:22:12.173172725Z","Action":"output","Package":"tabmail/internal/smtp","Test":"TestR5SMTPSenderDomainLabels/disabled_smtputf8_control","Output":"=== RUN   TestR5SMTPSenderDomainLabels/disabled_smtputf8_control\n"}
2026-10-09T03:22:12.1753953Z {"Time":"2026-10-09T03:22:12.173608494Z","Action":"output","Package":"tabmail/internal/smtp","Test":"TestR5SMTPSenderDomainLabels/disabled_smtputf8_control","Output":"    r5_sender_domain_labels_test.go:104: TCP C: \"MAIL FROM:\u003c发送者@例子.测试\u003e SMTPUTF8\"; S: \"504 5.5.4 SMTPUTF8 is not implemented\\r\\n\"\n"}
2026-10-09T03:22:12.1756605Z {"Time":"2026-10-09T03:22:12.173764446Z","Action":"output","Package":"tabmail/internal/smtp","Test":"TestR5SMTPSenderDomainLabels/disabled_smtputf8_control","Output":"--- PASS: TestR5SMTPSenderDomainLabels/disabled_smtputf8_control (0.00s)\n"}
2026-10-09T03:22:12.1758428Z {"Time":"2026-10-09T03:22:12.173778226Z","Action":"pass","Package":"tabmail/internal/smtp","Test":"TestR5SMTPSenderDomainLabels/disabled_smtputf8_control","Elapsed":0}
2026-10-09T03:22:12.1759979Z {"Time":"2026-10-09T03:22:12.173807851Z","Action":"output","Package":"tabmail/internal/smtp","Test":"TestR5SMTPSenderDomainLabels","Output":"--- PASS: TestR5SMTPSenderDomainLabels (0.02s)\n"}
2026-10-09T03:22:12.1761470Z {"Time":"2026-10-09T03:22:12.173817214Z","Action":"pass","Package":"tabmail/internal/smtp","Test":"TestR5SMTPSenderDomainLabels","Elapsed":0.02}
2026-10-09T03:22:12.1762634Z {"Time":"2026-10-09T03:22:12.174617356Z","Action":"run","Package":"tabmail/internal/smtp","Test":"TestR5SMTPShutdownLifecycle"}
2026-10-09T03:22:12.1763957Z {"Time":"2026-10-09T03:22:12.174627762Z","Action":"output","Package":"tabmail/internal/smtp","Test":"TestR5SMTPShutdownLifecycle","Output":"=== RUN   TestR5SMTPShutdownLifecycle\n"}
2026-10-09T03:22:12.1765612Z {"Time":"2026-10-09T03:22:12.174633971Z","Action":"run","Package":"tabmail/internal/smtp","Test":"TestR5SMTPShutdownLifecycle/shutdown_before_start_seals_admission"}
2026-10-09T03:22:12.1767530Z {"Time":"2026-10-09T03:22:12.174637156Z","Action":"output","Package":"tabmail/internal/smtp","Test":"TestR5SMTPShutdownLifecycle/shutdown_before_start_seals_admission","Output":"=== RUN   TestR5SMTPShutdownLifecycle/shutdown_before_start_seals_admission\n"}
2026-10-09T03:22:12.1769946Z {"Time":"2026-10-09T03:22:12.174641802Z","Action":"output","Package":"tabmail/internal/smtp","Test":"TestR5SMTPShutdownLifecycle/shutdown_before_start_seals_admission","Output":"--- PASS: TestR5SMTPShutdownLifecycle/shutdown_before_start_seals_admission (0.00s)\n"}
2026-10-09T03:22:12.1771944Z {"Time":"2026-10-09T03:22:12.174645648Z","Action":"pass","Package":"tabmail/internal/smtp","Test":"TestR5SMTPShutdownLifecycle/shutdown_before_start_seals_admission","Elapsed":0}
2026-10-09T03:22:12.1773449Z {"Time":"2026-10-09T03:22:12.174649193Z","Action":"run","Package":"tabmail/internal/smtp","Test":"TestR5SMTPShutdownLifecycle/pending_start_is_owned_and_cancellable"}
2026-10-09T03:22:12.1775469Z {"Time":"2026-10-09T03:22:12.174651877Z","Action":"output","Package":"tabmail/internal/smtp","Test":"TestR5SMTPShutdownLifecycle/pending_start_is_owned_and_cancellable","Output":"=== RUN   TestR5SMTPShutdownLifecycle/pending_start_is_owned_and_cancellable\n"}
2026-10-09T03:22:12.1777820Z {"Time":"2026-10-09T03:22:12.174655974Z","Action":"output","Package":"tabmail/internal/smtp","Test":"TestR5SMTPShutdownLifecycle/pending_start_is_owned_and_cancellable","Output":"--- PASS: TestR5SMTPShutdownLifecycle/pending_start_is_owned_and_cancellable (0.00s)\n"}
2026-10-09T03:22:12.1779650Z {"Time":"2026-10-09T03:22:12.174659699Z","Action":"pass","Package":"tabmail/internal/smtp","Test":"TestR5SMTPShutdownLifecycle/pending_start_is_owned_and_cancellable","Elapsed":0}
2026-10-09T03:22:12.1781047Z {"Time":"2026-10-09T03:22:12.174662984Z","Action":"run","Package":"tabmail/internal/smtp","Test":"TestR5SMTPShutdownLifecycle/noncooperative_start_timeout_retains_owner"}
2026-10-09T03:22:12.1782399Z {"Time":"2026-10-09T03:22:12.174665848Z","Action":"output","Package":"tabmail/internal/smtp","Test":"TestR5SMTPShutdownLifecycle/noncooperative_start_timeout_retains_owner","Output":"=== RUN   TestR5SMTPShutdownLifecycle/noncooperative_start_timeout_retains_owner\n"}
2026-10-09T03:22:12.1784585Z {"Time":"2026-10-09T03:22:12.174669764Z","Action":"output","Package":"tabmail/internal/smtp","Test":"TestR5SMTPShutdownLifecycle/noncooperative_start_timeout_retains_owner","Output":"--- PASS: TestR5SMTPShutdownLifecycle/noncooperative_start_timeout_retains_owner (0.00s)\n"}
2026-10-09T03:22:12.1785760Z {"Time":"2026-10-09T03:22:12.17467346Z","Action":"pass","Package":"tabmail/internal/smtp","Test":"TestR5SMTPShutdownLifecycle/noncooperative_start_timeout_retains_owner","Elapsed":0}
2026-10-09T03:22:12.1786614Z {"Time":"2026-10-09T03:22:12.174676734Z","Action":"run","Package":"tabmail/internal/smtp","Test":"TestR5SMTPShutdownLifecycle/startup_failure_and_independent_instance"}
2026-10-09T03:22:12.1787696Z {"Time":"2026-10-09T03:22:12.174679348Z","Action":"output","Package":"tabmail/internal/smtp","Test":"TestR5SMTPShutdownLifecycle/startup_failure_and_independent_instance","Output":"=== RUN   TestR5SMTPShutdownLifecycle/startup_failure_and_independent_instance\n"}
2026-10-09T03:22:12.1789014Z {"Time":"2026-10-09T03:22:12.174683014Z","Action":"output","Package":"tabmail/internal/smtp","Test":"TestR5SMTPShutdownLifecycle/startup_failure_and_independent_instance","Output":"--- PASS: TestR5SMTPShutdownLifecycle/startup_failure_and_independent_instance (0.00s)\n"}
2026-10-09T03:22:12.1790121Z {"Time":"2026-10-09T03:22:12.174686539Z","Action":"pass","Package":"tabmail/internal/smtp","Test":"TestR5SMTPShutdownLifecycle/startup_failure_and_independent_instance","Elapsed":0}
2026-10-09T03:22:12.1790960Z {"Time":"2026-10-09T03:22:12.174691456Z","Action":"run","Package":"tabmail/internal/smtp","Test":"TestR5SMTPShutdownLifecycle/real_listener_close_error_is_not_success"}
2026-10-09T03:22:12.1792012Z {"Time":"2026-10-09T03:22:12.17469409Z","Action":"output","Package":"tabmail/internal/smtp","Test":"TestR5SMTPShutdownLifecycle/real_listener_close_error_is_not_success","Output":"=== RUN   TestR5SMTPShutdownLifecycle/real_listener_close_error_is_not_success\n"}
2026-10-09T03:22:12.1793312Z {"Time":"2026-10-09T03:22:12.174699148Z","Action":"output","Package":"tabmail/internal/smtp","Test":"TestR5SMTPShutdownLifecycle/real_listener_close_error_is_not_success","Output":"--- PASS: TestR5SMTPShutdownLifecycle/real_listener_close_error_is_not_success (0.00s)\n"}
2026-10-09T03:22:12.1794395Z {"Time":"2026-10-09T03:22:12.174709613Z","Action":"pass","Package":"tabmail/internal/smtp","Test":"TestR5SMTPShutdownLifecycle/real_listener_close_error_is_not_success","Elapsed":0}
2026-10-09T03:22:12.1795424Z {"Time":"2026-10-09T03:22:12.174753469Z","Action":"run","Package":"tabmail/internal/smtp","Test":"TestR5SMTPShutdownLifecycle/backend_session_uses_owned_work_context"}
2026-10-09T03:22:12.1796482Z {"Time":"2026-10-09T03:22:12.174760619Z","Action":"output","Package":"tabmail/internal/smtp","Test":"TestR5SMTPShutdownLifecycle/backend_session_uses_owned_work_context","Output":"=== RUN   TestR5SMTPShutdownLifecycle/backend_session_uses_owned_work_context\n"}
2026-10-09T03:22:12.1797859Z {"Time":"2026-10-09T03:22:12.174845786Z","Action":"output","Package":"tabmail/internal/smtp","Test":"TestR5SMTPShutdownLifecycle/backend_session_uses_owned_work_context","Output":"--- PASS: TestR5SMTPShutdownLifecycle/backend_session_uses_owned_work_context (0.00s)\n"}
2026-10-09T03:22:12.1798966Z {"Time":"2026-10-09T03:22:12.174852917Z","Action":"pass","Package":"tabmail/internal/smtp","Test":"TestR5SMTPShutdownLifecycle/backend_session_uses_owned_work_context","Elapsed":0}
2026-10-09T03:22:12.1799816Z {"Time":"2026-10-09T03:22:12.174879406Z","Action":"run","Package":"tabmail/internal/smtp","Test":"TestR5SMTPShutdownLifecycle/full_connection_limit_close_unblocks_accept"}
2026-10-09T03:22:12.1801124Z {"Time":"2026-10-09T03:22:12.174882531Z","Action":"output","Package":"tabmail/internal/smtp","Test":"TestR5SMTPShutdownLifecycle/full_connection_limit_close_unblocks_accept","Output":"=== RUN   TestR5SMTPShutdownLifecycle/full_connection_limit_close_unblocks_accept\n"}
2026-10-09T03:22:12.1802481Z {"Time":"2026-10-09T03:22:12.175035709Z","Action":"output","Package":"tabmail/internal/smtp","Test":"TestR5SMTPShutdownLifecycle/full_connection_limit_close_unblocks_accept","Output":"--- PASS: TestR5SMTPShutdownLifecycle/full_connection_limit_close_unblocks_accept (0.00s)\n"}
2026-10-09T03:22:12.1803606Z {"Time":"2026-10-09T03:22:12.175042649Z","Action":"pass","Package":"tabmail/internal/smtp","Test":"TestR5SMTPShutdownLifecycle/full_connection_limit_close_unblocks_accept","Elapsed":0}
2026-10-09T03:22:12.1804844Z {"Time":"2026-10-09T03:22:12.175050271Z","Action":"run","Package":"tabmail/internal/smtp","Test":"TestR5SMTPShutdownLifecycle/successful_accept_racing_close_is_not_admitted"}
2026-10-09T03:22:12.1805978Z {"Time":"2026-10-09T03:22:12.175053075Z","Action":"output","Package":"tabmail/internal/smtp","Test":"TestR5SMTPShutdownLifecycle/successful_accept_racing_close_is_not_admitted","Output":"=== RUN   TestR5SMTPShutdownLifecycle/successful_accept_racing_close_is_not_admitted\n"}
2026-10-09T03:22:12.1807357Z {"Time":"2026-10-09T03:22:12.175169739Z","Action":"output","Package":"tabmail/internal/smtp","Test":"TestR5SMTPShutdownLifecycle/successful_accept_racing_close_is_not_admitted","Output":"--- PASS: TestR5SMTPShutdownLifecycle/successful_accept_racing_close_is_not_admitted (0.00s)\n"}
2026-10-09T03:22:12.1808518Z {"Time":"2026-10-09T03:22:12.175179213Z","Action":"pass","Package":"tabmail/internal/smtp","Test":"TestR5SMTPShutdownLifecycle/successful_accept_racing_close_is_not_admitted","Elapsed":0}
2026-10-09T03:22:12.1809531Z {"Time":"2026-10-09T03:22:12.175193925Z","Action":"run","Package":"tabmail/internal/smtp","Test":"TestR5SMTPShutdownLifecycle/noncooperative_DATA_and_Logout_are_really_joined"}
2026-10-09T03:22:12.1810658Z {"Time":"2026-10-09T03:22:12.175197069Z","Action":"output","Package":"tabmail/internal/smtp","Test":"TestR5SMTPShutdownLifecycle/noncooperative_DATA_and_Logout_are_really_joined","Output":"=== RUN   TestR5SMTPShutdownLifecycle/noncooperative_DATA_and_Logout_are_really_joined\n"}
2026-10-09T03:22:12.1812060Z {"Time":"2026-10-09T03:22:12.175643264Z","Action":"output","Package":"tabmail/internal/smtp","Test":"TestR5SMTPShutdownLifecycle/noncooperative_DATA_and_Logout_are_really_joined","Output":"--- PASS: TestR5SMTPShutdownLifecycle/noncooperative_DATA_and_Logout_are_really_joined (0.00s)\n"}
2026-10-09T03:22:12.1813227Z {"Time":"2026-10-09T03:22:12.175652628Z","Action":"pass","Package":"tabmail/internal/smtp","Test":"TestR5SMTPShutdownLifecycle/noncooperative_DATA_and_Logout_are_really_joined","Elapsed":0}
2026-10-09T03:22:12.1814130Z {"Time":"2026-10-09T03:22:12.175674691Z","Action":"run","Package":"tabmail/internal/smtp","Test":"TestR5SMTPShutdownLifecycle/run_cancel_preserves_DATA_until_shutdown_budget_expires"}
2026-10-09T03:22:12.1815404Z {"Time":"2026-10-09T03:22:12.175682192Z","Action":"output","Package":"tabmail/internal/smtp","Test":"TestR5SMTPShutdownLifecycle/run_cancel_preserves_DATA_until_shutdown_budget_expires","Output":"=== RUN   TestR5SMTPShutdownLifecycle/run_cancel_preserves_DATA_until_shutdown_budget_expires\n"}
2026-10-09T03:22:12.1816871Z {"Time":"2026-10-09T03:22:12.17605735Z","Action":"output","Package":"tabmail/internal/smtp","Test":"TestR5SMTPShutdownLifecycle/run_cancel_preserves_DATA_until_shutdown_budget_expires","Output":"--- PASS: TestR5SMTPShutdownLifecycle/run_cancel_preserves_DATA_until_shutdown_budget_expires (0.00s)\n"}
2026-10-09T03:22:12.1818086Z {"Time":"2026-10-09T03:22:12.176066504Z","Action":"pass","Package":"tabmail/internal/smtp","Test":"TestR5SMTPShutdownLifecycle/run_cancel_preserves_DATA_until_shutdown_budget_expires","Elapsed":0}
2026-10-09T03:22:12.1819099Z {"Time":"2026-10-09T03:22:12.176080885Z","Action":"run","Package":"tabmail/internal/smtp","Test":"TestR5SMTPShutdownLifecycle/BDAT_data_outliving_transport_is_joined"}
2026-10-09T03:22:12.1820253Z {"Time":"2026-10-09T03:22:12.176086223Z","Action":"output","Package":"tabmail/internal/smtp","Test":"TestR5SMTPShutdownLifecycle/BDAT_data_outliving_transport_is_joined","Output":"=== RUN   TestR5SMTPShutdownLifecycle/BDAT_data_outliving_transport_is_joined\n"}
2026-10-09T03:22:12.1821580Z {"Time":"2026-10-09T03:22:12.176478458Z","Action":"output","Package":"tabmail/internal/smtp","Test":"TestR5SMTPShutdownLifecycle/BDAT_data_outliving_transport_is_joined","Output":"--- PASS: TestR5SMTPShutdownLifecycle/BDAT_data_outliving_transport_is_joined (0.00s)\n"}
2026-10-09T03:22:12.1822668Z {"Time":"2026-10-09T03:22:12.176487381Z","Action":"pass","Package":"tabmail/internal/smtp","Test":"TestR5SMTPShutdownLifecycle/BDAT_data_outliving_transport_is_joined","Elapsed":0}
2026-10-09T03:22:12.1823517Z {"Time":"2026-10-09T03:22:12.176509844Z","Action":"run","Package":"tabmail/internal/smtp","Test":"TestR5SMTPShutdownLifecycle/fork_BDAT_delayed_business_entry_is_owned"}
2026-10-09T03:22:12.1824755Z {"Time":"2026-10-09T03:22:12.176514311Z","Action":"output","Package":"tabmail/internal/smtp","Test":"TestR5SMTPShutdownLifecycle/fork_BDAT_delayed_business_entry_is_owned","Output":"=== RUN   TestR5SMTPShutdownLifecycle/fork_BDAT_delayed_business_entry_is_owned\n"}
2026-10-09T03:22:12.1826096Z {"Time":"2026-10-09T03:22:12.176860526Z","Action":"output","Package":"tabmail/internal/smtp","Test":"TestR5SMTPShutdownLifecycle/fork_BDAT_delayed_business_entry_is_owned","Output":"--- PASS: TestR5SMTPShutdownLifecycle/fork_BDAT_delayed_business_entry_is_owned (0.00s)\n"}
2026-10-09T03:22:12.1827209Z {"Time":"2026-10-09T03:22:12.176869089Z","Action":"pass","Package":"tabmail/internal/smtp","Test":"TestR5SMTPShutdownLifecycle/fork_BDAT_delayed_business_entry_is_owned","Elapsed":0}
2026-10-09T03:22:12.1828053Z {"Time":"2026-10-09T03:22:12.176889279Z","Action":"run","Package":"tabmail/internal/smtp","Test":"TestR5SMTPShutdownLifecycle/fork_BDAT_post_Data_panic_tail_is_owned"}
2026-10-09T03:22:12.1829097Z {"Time":"2026-10-09T03:22:12.176895008Z","Action":"output","Package":"tabmail/internal/smtp","Test":"TestR5SMTPShutdownLifecycle/fork_BDAT_post_Data_panic_tail_is_owned","Output":"=== RUN   TestR5SMTPShutdownLifecycle/fork_BDAT_post_Data_panic_tail_is_owned\n"}
2026-10-09T03:22:12.1830382Z {"Time":"2026-10-09T03:22:12.177270247Z","Action":"output","Package":"tabmail/internal/smtp","Test":"TestR5SMTPShutdownLifecycle/fork_BDAT_post_Data_panic_tail_is_owned","Output":"--- PASS: TestR5SMTPShutdownLifecycle/fork_BDAT_post_Data_panic_tail_is_owned (0.00s)\n"}
2026-10-09T03:22:12.1831462Z {"Time":"2026-10-09T03:22:12.177276877Z","Action":"pass","Package":"tabmail/internal/smtp","Test":"TestR5SMTPShutdownLifecycle/fork_BDAT_post_Data_panic_tail_is_owned","Elapsed":0}
2026-10-09T03:22:12.1832319Z {"Time":"2026-10-09T03:22:12.177297006Z","Action":"run","Package":"tabmail/internal/smtp","Test":"TestR5SMTPShutdownLifecycle/production_DATA_Reset_while_reader_blocked"}
2026-10-09T03:22:12.1833398Z {"Time":"2026-10-09T03:22:12.177302785Z","Action":"output","Package":"tabmail/internal/smtp","Test":"TestR5SMTPShutdownLifecycle/production_DATA_Reset_while_reader_blocked","Output":"=== RUN   TestR5SMTPShutdownLifecycle/production_DATA_Reset_while_reader_blocked\n"}
2026-10-09T03:22:12.1834810Z {"Time":"2026-10-09T03:22:12.177417846Z","Action":"output","Package":"tabmail/internal/smtp","Test":"TestR5SMTPShutdownLifecycle/production_DATA_Reset_while_reader_blocked","Output":"--- PASS: TestR5SMTPShutdownLifecycle/production_DATA_Reset_while_reader_blocked (0.00s)\n"}
2026-10-09T03:22:12.1835953Z {"Time":"2026-10-09T03:22:12.177428272Z","Action":"pass","Package":"tabmail/internal/smtp","Test":"TestR5SMTPShutdownLifecycle/production_DATA_Reset_while_reader_blocked","Elapsed":0}
2026-10-09T03:22:12.1836798Z {"Time":"2026-10-09T03:22:12.177434291Z","Action":"run","Package":"tabmail/internal/smtp","Test":"TestR5SMTPShutdownLifecycle/noncooperative_socket_close_is_owned"}
2026-10-09T03:22:12.1838031Z {"Time":"2026-10-09T03:22:12.177439048Z","Action":"output","Package":"tabmail/internal/smtp","Test":"TestR5SMTPShutdownLifecycle/noncooperative_socket_close_is_owned","Output":"=== RUN   TestR5SMTPShutdownLifecycle/noncooperative_socket_close_is_owned\n"}
2026-10-09T03:22:12.1839320Z {"Time":"2026-10-09T03:22:12.177763371Z","Action":"output","Package":"tabmail/internal/smtp","Test":"TestR5SMTPShutdownLifecycle/noncooperative_socket_close_is_owned","Output":"--- PASS: TestR5SMTPShutdownLifecycle/noncooperative_socket_close_is_owned (0.00s)\n"}
2026-10-09T03:22:12.1840389Z {"Time":"2026-10-09T03:22:12.177777682Z","Action":"pass","Package":"tabmail/internal/smtp","Test":"TestR5SMTPShutdownLifecycle/noncooperative_socket_close_is_owned","Elapsed":0}
2026-10-09T03:22:12.1841281Z {"Time":"2026-10-09T03:22:12.17781656Z","Action":"output","Package":"tabmail/internal/smtp","Test":"TestR5SMTPShutdownLifecycle","Output":"--- PASS: TestR5SMTPShutdownLifecycle (0.00s)\n"}
2026-10-09T03:22:12.1842218Z {"Time":"2026-10-09T03:22:12.177833776Z","Action":"pass","Package":"tabmail/internal/smtp","Test":"TestR5SMTPShutdownLifecycle","Elapsed":0}
2026-10-09T03:22:12.1842920Z {"Time":"2026-10-09T03:22:12.177870521Z","Action":"run","Package":"tabmail/internal/smtp","Test":"TestSMTPConfiguredTLSDoesNotFallBackToPlaintext"}
2026-10-09T03:22:12.1843857Z {"Time":"2026-10-09T03:22:12.177873976Z","Action":"output","Package":"tabmail/internal/smtp","Test":"TestSMTPConfiguredTLSDoesNotFallBackToPlaintext","Output":"=== RUN   TestSMTPConfiguredTLSDoesNotFallBackToPlaintext\n"}
2026-10-09T03:22:12.1845095Z {"Time":"2026-10-09T03:22:12.178013604Z","Action":"output","Package":"tabmail/internal/smtp","Test":"TestSMTPConfiguredTLSDoesNotFallBackToPlaintext","Output":"--- PASS: TestSMTPConfiguredTLSDoesNotFallBackToPlaintext (0.00s)\n"}
2026-10-09T03:22:12.1846070Z {"Time":"2026-10-09T03:22:12.178020604Z","Action":"pass","Package":"tabmail/internal/smtp","Test":"TestSMTPConfiguredTLSDoesNotFallBackToPlaintext","Elapsed":0}
2026-10-09T03:22:12.1846769Z {"Time":"2026-10-09T03:22:12.178027725Z","Action":"run","Package":"tabmail/internal/smtp","Test":"TestSMTPMessageLifecycle"}
2026-10-09T03:22:12.1847492Z {"Time":"2026-10-09T03:22:12.178030669Z","Action":"output","Package":"tabmail/internal/smtp","Test":"TestSMTPMessageLifecycle","Output":"=== RUN   TestSMTPMessageLifecycle\n"}
2026-10-09T03:22:12.2305237Z {"Time":"2026-10-09T03:22:12.230247118Z","Action":"output","Package":"tabmail/internal/smtp","Test":"TestSMTPMessageLifecycle","Output":"--- PASS: TestSMTPMessageLifecycle (0.05s)\n"}
2026-10-09T03:22:12.2306509Z {"Time":"2026-10-09T03:22:12.230274399Z","Action":"pass","Package":"tabmail/internal/smtp","Test":"TestSMTPMessageLifecycle","Elapsed":0.05}
2026-10-09T03:22:12.2307548Z {"Time":"2026-10-09T03:22:12.230290473Z","Action":"run","Package":"tabmail/internal/smtp","Test":"TestSMTPStoresSingleRawObjectForMultiRecipientDelivery"}
2026-10-09T03:22:12.2308607Z {"Time":"2026-10-09T03:22:12.230293858Z","Action":"output","Package":"tabmail/internal/smtp","Test":"TestSMTPStoresSingleRawObjectForMultiRecipientDelivery","Output":"=== RUN   TestSMTPStoresSingleRawObjectForMultiRecipientDelivery\n"}
2026-10-09T03:22:12.2330720Z {"Time":"2026-10-09T03:22:12.232866319Z","Action":"output","Package":"tabmail/internal/smtp","Test":"TestSMTPStoresSingleRawObjectForMultiRecipientDelivery","Output":"--- PASS: TestSMTPStoresSingleRawObjectForMultiRecipientDelivery (0.00s)\n"}
2026-10-09T03:22:12.2332272Z {"Time":"2026-10-09T03:22:12.232883915Z","Action":"pass","Package":"tabmail/internal/smtp","Test":"TestSMTPStoresSingleRawObjectForMultiRecipientDelivery","Elapsed":0}
2026-10-09T03:22:12.2333125Z {"Time":"2026-10-09T03:22:12.232892738Z","Action":"run","Package":"tabmail/internal/smtp","Test":"TestSMTPReusesRCPTResolutionForExistingMailboxes"}
2026-10-09T03:22:12.2334086Z {"Time":"2026-10-09T03:22:12.232896093Z","Action":"output","Package":"tabmail/internal/smtp","Test":"TestSMTPReusesRCPTResolutionForExistingMailboxes","Output":"=== RUN   TestSMTPReusesRCPTResolutionForExistingMailboxes\n"}
2026-10-09T03:22:12.2855520Z {"Time":"2026-10-09T03:22:12.285242905Z","Action":"output","Package":"tabmail/internal/smtp","Test":"TestSMTPReusesRCPTResolutionForExistingMailboxes","Output":"--- PASS: TestSMTPReusesRCPTResolutionForExistingMailboxes (0.05s)\n"}
2026-10-09T03:22:12.2856773Z {"Time":"2026-10-09T03:22:12.285268853Z","Action":"pass","Package":"tabmail/internal/smtp","Test":"TestSMTPReusesRCPTResolutionForExistingMailboxes","Elapsed":0.05}
2026-10-09T03:22:12.2857517Z {"Time":"2026-10-09T03:22:12.285280841Z","Action":"run","Package":"tabmail/internal/smtp","Test":"TestSMTPAuthDisabled"}
2026-10-09T03:22:12.2858247Z {"Time":"2026-10-09T03:22:12.285283285Z","Action":"output","Package":"tabmail/internal/smtp","Test":"TestSMTPAuthDisabled","Output":"=== RUN   TestSMTPAuthDisabled\n"}
2026-10-09T03:22:12.3369402Z {"Time":"2026-10-09T03:22:12.336722507Z","Action":"output","Package":"tabmail/internal/smtp","Test":"TestSMTPAuthDisabled","Output":"--- PASS: TestSMTPAuthDisabled (0.05s)\n"}
2026-10-09T03:22:12.3370274Z {"Time":"2026-10-09T03:22:12.336749286Z","Action":"pass","Package":"tabmail/internal/smtp","Test":"TestSMTPAuthDisabled","Elapsed":0.05}
2026-10-09T03:22:12.3370920Z {"Time":"2026-10-09T03:22:12.336758029Z","Action":"output","Package":"tabmail/internal/smtp","Output":"PASS\n"}
2026-10-09T03:22:13.3406562Z {"Time":"2026-10-09T03:22:13.340278435Z","Action":"output","Package":"tabmail/internal/smtp","Output":"ok  \ttabmail/internal/smtp\t5.158s\n"}
2026-10-09T03:22:13.3407611Z {"Time":"2026-10-09T03:22:13.340313177Z","Action":"pass","Package":"tabmail/internal/smtp","Elapsed":5.158}
2026-10-09T03:22:14.2826552Z {"Time":"2026-10-09T03:22:14.282427013Z","Action":"start","Package":"github.com/emersion/go-smtp"}
2026-10-09T03:22:14.2891280Z {"Time":"2026-10-09T03:22:14.288910749Z","Action":"run","Package":"github.com/emersion/go-smtp","Test":"TestClientAuthTrimSpace"}
2026-10-09T03:22:14.2892301Z {"Time":"2026-10-09T03:22:14.288934154Z","Action":"output","Package":"github.com/emersion/go-smtp","Test":"TestClientAuthTrimSpace","Output":"=== RUN   TestClientAuthTrimSpace\n"}
2026-10-09T03:22:14.2894118Z {"Time":"2026-10-09T03:22:14.289292147Z","Action":"output","Package":"github.com/emersion/go-smtp","Test":"TestClientAuthTrimSpace","Output":"--- PASS: TestClientAuthTrimSpace (0.00s)\n"}
2026-10-09T03:22:14.2896273Z {"Time":"2026-10-09T03:22:14.28930105Z","Action":"pass","Package":"github.com/emersion/go-smtp","Test":"TestClientAuthTrimSpace","Elapsed":0}
2026-10-09T03:22:14.2897291Z {"Time":"2026-10-09T03:22:14.289305977Z","Action":"run","Package":"github.com/emersion/go-smtp","Test":"TestBasic"}
2026-10-09T03:22:14.2898362Z {"Time":"2026-10-09T03:22:14.289309583Z","Action":"output","Package":"github.com/emersion/go-smtp","Test":"TestBasic","Output":"=== RUN   TestBasic\n"}
2026-10-09T03:22:14.2899592Z {"Time":"2026-10-09T03:22:14.289479406Z","Action":"output","Package":"github.com/emersion/go-smtp","Test":"TestBasic","Output":"--- PASS: TestBasic (0.00s)\n"}
2026-10-09T03:22:14.2900728Z {"Time":"2026-10-09T03:22:14.289504633Z","Action":"pass","Package":"github.com/emersion/go-smtp","Test":"TestBasic","Elapsed":0}
2026-10-09T03:22:14.2901708Z {"Time":"2026-10-09T03:22:14.28952919Z","Action":"run","Package":"github.com/emersion/go-smtp","Test":"TestBasic_SMTPError"}
2026-10-09T03:22:14.2902886Z {"Time":"2026-10-09T03:22:14.289536381Z","Action":"output","Package":"github.com/emersion/go-smtp","Test":"TestBasic_SMTPError","Output":"=== RUN   TestBasic_SMTPError\n"}
2026-10-09T03:22:14.2904300Z {"Time":"2026-10-09T03:22:14.289724521Z","Action":"output","Package":"github.com/emersion/go-smtp","Test":"TestBasic_SMTPError","Output":"--- PASS: TestBasic_SMTPError (0.00s)\n"}
2026-10-09T03:22:14.2905669Z {"Time":"2026-10-09T03:22:14.289736418Z","Action":"pass","Package":"github.com/emersion/go-smtp","Test":"TestBasic_SMTPError","Elapsed":0}
2026-10-09T03:22:14.2906975Z {"Time":"2026-10-09T03:22:14.289740685Z","Action":"run","Package":"github.com/emersion/go-smtp","Test":"TestClient_TooLongLine"}
2026-10-09T03:22:14.2908303Z {"Time":"2026-10-09T03:22:14.289743739Z","Action":"output","Package":"github.com/emersion/go-smtp","Test":"TestClient_TooLongLine","Output":"=== RUN   TestClient_TooLongLine\n"}
2026-10-09T03:22:14.2909581Z {"Time":"2026-10-09T03:22:14.289978259Z","Action":"output","Package":"github.com/emersion/go-smtp","Test":"TestClient_TooLongLine","Output":"--- PASS: TestClient_TooLongLine (0.00s)\n"}
2026-10-09T03:22:14.2910610Z {"Time":"2026-10-09T03:22:14.29001276Z","Action":"pass","Package":"github.com/emersion/go-smtp","Test":"TestClient_TooLongLine","Elapsed":0}
2026-10-09T03:22:14.2918272Z {"Time":"2026-10-09T03:22:14.290018789Z","Action":"run","Package":"github.com/emersion/go-smtp","Test":"TestNewClient"}
2026-10-09T03:22:14.2919531Z {"Time":"2026-10-09T03:22:14.290021863Z","Action":"output","Package":"github.com/emersion/go-smtp","Test":"TestNewClient","Output":"=== RUN   TestNewClient\n"}
2026-10-09T03:22:14.2920764Z {"Time":"2026-10-09T03:22:14.29016057Z","Action":"output","Package":"github.com/emersion/go-smtp","Test":"TestNewClient","Output":"--- PASS: TestNewClient (0.00s)\n"}
2026-10-09T03:22:14.2921904Z {"Time":"2026-10-09T03:22:14.290169754Z","Action":"pass","Package":"github.com/emersion/go-smtp","Test":"TestNewClient","Elapsed":0}
2026-10-09T03:22:14.2922628Z {"Time":"2026-10-09T03:22:14.290208682Z","Action":"run","Package":"github.com/emersion/go-smtp","Test":"TestNewClient2"}
2026-10-09T03:22:14.2923637Z {"Time":"2026-10-09T03:22:14.290213609Z","Action":"output","Package":"github.com/emersion/go-smtp","Test":"TestNewClient2","Output":"=== RUN   TestNewClient2\n"}
2026-10-09T03:22:14.2925195Z {"Time":"2026-10-09T03:22:14.290337283Z","Action":"output","Package":"github.com/emersion/go-smtp","Test":"TestNewClient2","Output":"--- PASS: TestNewClient2 (0.00s)\n"}
2026-10-09T03:22:14.2926586Z {"Time":"2026-10-09T03:22:14.290355661Z","Action":"pass","Package":"github.com/emersion/go-smtp","Test":"TestNewClient2","Elapsed":0}
2026-10-09T03:22:14.2927557Z {"Time":"2026-10-09T03:22:14.29036173Z","Action":"run","Package":"github.com/emersion/go-smtp","Test":"TestHello"}
2026-10-09T03:22:14.2928608Z {"Time":"2026-10-09T03:22:14.290364554Z","Action":"output","Package":"github.com/emersion/go-smtp","Test":"TestHello","Output":"=== RUN   TestHello\n"}
2026-10-09T03:22:14.2929794Z {"Time":"2026-10-09T03:22:14.291063094Z","Action":"output","Package":"github.com/emersion/go-smtp","Test":"TestHello","Output":"--- PASS: TestHello (0.00s)\n"}
2026-10-09T03:22:14.2930482Z {"Time":"2026-10-09T03:22:14.291074651Z","Action":"pass","Package":"github.com/emersion/go-smtp","Test":"TestHello","Elapsed":0}
2026-10-09T03:22:14.2931075Z {"Time":"2026-10-09T03:22:14.291128011Z","Action":"run","Package":"github.com/emersion/go-smtp","Test":"TestHello_421Response"}
2026-10-09T03:22:14.2931784Z {"Time":"2026-10-09T03:22:14.29113404Z","Action":"output","Package":"github.com/emersion/go-smtp","Test":"TestHello_421Response","Output":"=== RUN   TestHello_421Response\n"}
2026-10-09T03:22:14.2932684Z {"Time":"2026-10-09T03:22:14.29122176Z","Action":"output","Package":"github.com/emersion/go-smtp","Test":"TestHello_421Response","Output":"--- PASS: TestHello_421Response (0.00s)\n"}
2026-10-09T03:22:14.2933447Z {"Time":"2026-10-09T03:22:14.291240038Z","Action":"pass","Package":"github.com/emersion/go-smtp","Test":"TestHello_421Response","Elapsed":0}
2026-10-09T03:22:14.2934069Z {"Time":"2026-10-09T03:22:14.291247509Z","Action":"run","Package":"github.com/emersion/go-smtp","Test":"TestAuthFailed"}
2026-10-09T03:22:14.2934923Z {"Time":"2026-10-09T03:22:14.291250483Z","Action":"output","Package":"github.com/emersion/go-smtp","Test":"TestAuthFailed","Output":"=== RUN   TestAuthFailed\n"}
2026-10-09T03:22:14.2935707Z {"Time":"2026-10-09T03:22:14.291379035Z","Action":"output","Package":"github.com/emersion/go-smtp","Test":"TestAuthFailed","Output":"--- PASS: TestAuthFailed (0.00s)\n"}
2026-10-09T03:22:14.2936651Z {"Time":"2026-10-09T03:22:14.291391703Z","Action":"pass","Package":"github.com/emersion/go-smtp","Test":"TestAuthFailed","Elapsed":0}
2026-10-09T03:22:14.2937252Z {"Time":"2026-10-09T03:22:14.291411914Z","Action":"run","Package":"github.com/emersion/go-smtp","Test":"TestTLSClient"}
2026-10-09T03:22:14.2938017Z {"Time":"2026-10-09T03:22:14.291425644Z","Action":"output","Package":"github.com/emersion/go-smtp","Test":"TestTLSClient","Output":"=== RUN   TestTLSClient\n"}
2026-10-09T03:22:14.2981208Z {"Time":"2026-10-09T03:22:14.297961126Z","Action":"output","Package":"github.com/emersion/go-smtp","Test":"TestTLSClient","Output":"--- PASS: TestTLSClient (0.01s)\n"}
2026-10-09T03:22:14.2982521Z {"Time":"2026-10-09T03:22:14.297982458Z","Action":"pass","Package":"github.com/emersion/go-smtp","Test":"TestTLSClient","Elapsed":0.01}
2026-10-09T03:22:14.2983615Z {"Time":"2026-10-09T03:22:14.297989468Z","Action":"run","Package":"github.com/emersion/go-smtp","Test":"TestTLSConnState"}
2026-10-09T03:22:14.2984992Z {"Time":"2026-10-09T03:22:14.297992593Z","Action":"output","Package":"github.com/emersion/go-smtp","Test":"TestTLSConnState","Output":"=== RUN   TestTLSConnState\n"}
2026-10-09T03:22:14.3035559Z {"Time":"2026-10-09T03:22:14.303393616Z","Action":"output","Package":"github.com/emersion/go-smtp","Test":"TestTLSConnState","Output":"--- PASS: TestTLSConnState (0.01s)\n"}
2026-10-09T03:22:14.3036500Z {"Time":"2026-10-09T03:22:14.303413476Z","Action":"pass","Package":"github.com/emersion/go-smtp","Test":"TestTLSConnState","Elapsed":0.01}
2026-10-09T03:22:14.3037431Z {"Time":"2026-10-09T03:22:14.303419154Z","Action":"run","Package":"github.com/emersion/go-smtp","Test":"TestLMTP"}
2026-10-09T03:22:14.3038479Z {"Time":"2026-10-09T03:22:14.303422199Z","Action":"output","Package":"github.com/emersion/go-smtp","Test":"TestLMTP","Output":"=== RUN   TestLMTP\n"}
2026-10-09T03:22:14.3039686Z {"Time":"2026-10-09T03:22:14.30363825Z","Action":"output","Package":"github.com/emersion/go-smtp","Test":"TestLMTP","Output":"--- PASS: TestLMTP (0.00s)\n"}
2026-10-09T03:22:14.3040808Z {"Time":"2026-10-09T03:22:14.30365153Z","Action":"pass","Package":"github.com/emersion/go-smtp","Test":"TestLMTP","Elapsed":0}
2026-10-09T03:22:14.3041767Z {"Time":"2026-10-09T03:22:14.303659382Z","Action":"run","Package":"github.com/emersion/go-smtp","Test":"TestLMTPData"}
2026-10-09T03:22:14.3042852Z {"Time":"2026-10-09T03:22:14.303662346Z","Action":"output","Package":"github.com/emersion/go-smtp","Test":"TestLMTPData","Output":"=== RUN   TestLMTPData\n"}
2026-10-09T03:22:14.3044159Z {"Time":"2026-10-09T03:22:14.303860131Z","Action":"output","Package":"github.com/emersion/go-smtp","Test":"TestLMTPData","Output":"--- PASS: TestLMTPData (0.00s)\n"}
2026-10-09T03:22:14.3045721Z {"Time":"2026-10-09T03:22:14.303870326Z","Action":"pass","Package":"github.com/emersion/go-smtp","Test":"TestLMTPData","Elapsed":0}
2026-10-09T03:22:14.3046709Z {"Time":"2026-10-09T03:22:14.303877587Z","Action":"run","Package":"github.com/emersion/go-smtp","Test":"TestClientXtext"}
2026-10-09T03:22:14.3047854Z {"Time":"2026-10-09T03:22:14.303880351Z","Action":"output","Package":"github.com/emersion/go-smtp","Test":"TestClientXtext","Output":"=== RUN   TestClientXtext\n"}
2026-10-09T03:22:14.3049206Z {"Time":"2026-10-09T03:22:14.304030104Z","Action":"output","Package":"github.com/emersion/go-smtp","Test":"TestClientXtext","Output":"--- PASS: TestClientXtext (0.00s)\n"}
2026-10-09T03:22:14.3050434Z {"Time":"2026-10-09T03:22:14.304063664Z","Action":"pass","Package":"github.com/emersion/go-smtp","Test":"TestClientXtext","Elapsed":0}
2026-10-09T03:22:14.3051421Z {"Time":"2026-10-09T03:22:14.304069452Z","Action":"run","Package":"github.com/emersion/go-smtp","Test":"TestClientDSN"}
2026-10-09T03:22:14.3052512Z {"Time":"2026-10-09T03:22:14.304072237Z","Action":"output","Package":"github.com/emersion/go-smtp","Test":"TestClientDSN","Output":"=== RUN   TestClientDSN\n"}
2026-10-09T03:22:14.3053799Z {"Time":"2026-10-09T03:22:14.304239496Z","Action":"output","Package":"github.com/emersion/go-smtp","Test":"TestClientDSN","Output":"--- PASS: TestClientDSN (0.00s)\n"}
2026-10-09T03:22:14.3055385Z {"Time":"2026-10-09T03:22:14.304248219Z","Action":"pass","Package":"github.com/emersion/go-smtp","Test":"TestClientDSN","Elapsed":0}
2026-10-09T03:22:14.3056582Z {"Time":"2026-10-09T03:22:14.304282259Z","Action":"run","Package":"github.com/emersion/go-smtp","Test":"TestClientRRVS"}
2026-10-09T03:22:14.3057683Z {"Time":"2026-10-09T03:22:14.304299745Z","Action":"output","Package":"github.com/emersion/go-smtp","Test":"TestClientRRVS","Output":"=== RUN   TestClientRRVS\n"}
2026-10-09T03:22:14.3059014Z {"Time":"2026-10-09T03:22:14.304412323Z","Action":"output","Package":"github.com/emersion/go-smtp","Test":"TestClientRRVS","Output":"--- PASS: TestClientRRVS (0.00s)\n"}
2026-10-09T03:22:14.3060200Z {"Time":"2026-10-09T03:22:14.304420355Z","Action":"pass","Package":"github.com/emersion/go-smtp","Test":"TestClientRRVS","Elapsed":0}
2026-10-09T03:22:14.3061210Z {"Time":"2026-10-09T03:22:14.304469508Z","Action":"run","Package":"github.com/emersion/go-smtp","Test":"TestClientDELIVERBY"}
2026-10-09T03:22:14.3062425Z {"Time":"2026-10-09T03:22:14.304475056Z","Action":"output","Package":"github.com/emersion/go-smtp","Test":"TestClientDELIVERBY","Output":"=== RUN   TestClientDELIVERBY\n"}
2026-10-09T03:22:14.3063848Z {"Time":"2026-10-09T03:22:14.304574605Z","Action":"output","Package":"github.com/emersion/go-smtp","Test":"TestClientDELIVERBY","Output":"--- PASS: TestClientDELIVERBY (0.00s)\n"}
2026-10-09T03:22:14.3065263Z {"Time":"2026-10-09T03:22:14.304584519Z","Action":"pass","Package":"github.com/emersion/go-smtp","Test":"TestClientDELIVERBY","Elapsed":0}
2026-10-09T03:22:14.3066304Z {"Time":"2026-10-09T03:22:14.304619151Z","Action":"run","Package":"github.com/emersion/go-smtp","Test":"TestClientMTPRIORITY"}
2026-10-09T03:22:14.3067503Z {"Time":"2026-10-09T03:22:14.304633713Z","Action":"output","Package":"github.com/emersion/go-smtp","Test":"TestClientMTPRIORITY","Output":"=== RUN   TestClientMTPRIORITY\n"}
2026-10-09T03:22:14.3068937Z {"Time":"2026-10-09T03:22:14.30472585Z","Action":"output","Package":"github.com/emersion/go-smtp","Test":"TestClientMTPRIORITY","Output":"--- PASS: TestClientMTPRIORITY (0.00s)\n"}
2026-10-09T03:22:14.3070211Z {"Time":"2026-10-09T03:22:14.304734863Z","Action":"pass","Package":"github.com/emersion/go-smtp","Test":"TestClientMTPRIORITY","Elapsed":0}
2026-10-09T03:22:14.3071337Z {"Time":"2026-10-09T03:22:14.304768083Z","Action":"run","Package":"github.com/emersion/go-smtp","Test":"TestExecDATAReaderBoundaryAndOverflow"}
2026-10-09T03:22:14.3072858Z {"Time":"2026-10-09T03:22:14.304783626Z","Action":"output","Package":"github.com/emersion/go-smtp","Test":"TestExecDATAReaderBoundaryAndOverflow","Output":"=== RUN   TestExecDATAReaderBoundaryAndOverflow\n"}
2026-10-09T03:22:14.3074633Z {"Time":"2026-10-09T03:22:14.304807722Z","Action":"run","Package":"github.com/emersion/go-smtp","Test":"TestExecDATAReaderBoundaryAndOverflow/buffer=1/limit_delta=-1"}
2026-10-09T03:22:14.3076001Z {"Time":"2026-10-09T03:22:14.304811938Z","Action":"output","Package":"github.com/emersion/go-smtp","Test":"TestExecDATAReaderBoundaryAndOverflow/buffer=1/limit_delta=-1","Output":"=== RUN   TestExecDATAReaderBoundaryAndOverflow/buffer=1/limit_delta=-1\n"}
2026-10-09T03:22:14.3077394Z {"Time":"2026-10-09T03:22:14.304925347Z","Action":"output","Package":"github.com/emersion/go-smtp","Test":"TestExecDATAReaderBoundaryAndOverflow/buffer=1/limit_delta=-1","Output":"--- PASS: TestExecDATAReaderBoundaryAndOverflow/buffer=1/limit_delta=-1 (0.00s)\n"}
2026-10-09T03:22:14.3078631Z {"Time":"2026-10-09T03:22:14.304935512Z","Action":"pass","Package":"github.com/emersion/go-smtp","Test":"TestExecDATAReaderBoundaryAndOverflow/buffer=1/limit_delta=-1","Elapsed":0}
2026-10-09T03:22:14.3079829Z {"Time":"2026-10-09T03:22:14.304971456Z","Action":"run","Package":"github.com/emersion/go-smtp","Test":"TestExecDATAReaderBoundaryAndOverflow/buffer=1/limit_delta=+0"}
2026-10-09T03:22:14.3080888Z {"Time":"2026-10-09T03:22:14.304976924Z","Action":"output","Package":"github.com/emersion/go-smtp","Test":"TestExecDATAReaderBoundaryAndOverflow/buffer=1/limit_delta=+0","Output":"=== RUN   TestExecDATAReaderBoundaryAndOverflow/buffer=1/limit_delta=+0\n"}
2026-10-09T03:22:14.3082467Z {"Time":"2026-10-09T03:22:14.305049332Z","Action":"output","Package":"github.com/emersion/go-smtp","Test":"TestExecDATAReaderBoundaryAndOverflow/buffer=1/limit_delta=+0","Output":"--- PASS: TestExecDATAReaderBoundaryAndOverflow/buffer=1/limit_delta=+0 (0.00s)\n"}
2026-10-09T03:22:14.3083613Z {"Time":"2026-10-09T03:22:14.305080919Z","Action":"pass","Package":"github.com/emersion/go-smtp","Test":"TestExecDATAReaderBoundaryAndOverflow/buffer=1/limit_delta=+0","Elapsed":0}
2026-10-09T03:22:14.3085090Z {"Time":"2026-10-09T03:22:14.305105565Z","Action":"run","Package":"github.com/emersion/go-smtp","Test":"TestExecDATAReaderBoundaryAndOverflow/buffer=1/limit_delta=+1"}
2026-10-09T03:22:14.3087055Z {"Time":"2026-10-09T03:22:14.305122891Z","Action":"output","Package":"github.com/emersion/go-smtp","Test":"TestExecDATAReaderBoundaryAndOverflow/buffer=1/limit_delta=+1","Output":"=== RUN   TestExecDATAReaderBoundaryAndOverflow/buffer=1/limit_delta=+1\n"}
2026-10-09T03:22:14.3089304Z {"Time":"2026-10-09T03:22:14.305194858Z","Action":"output","Package":"github.com/emersion/go-smtp","Test":"TestExecDATAReaderBoundaryAndOverflow/buffer=1/limit_delta=+1","Output":"--- PASS: TestExecDATAReaderBoundaryAndOverflow/buffer=1/limit_delta=+1 (0.00s)\n"}
2026-10-09T03:22:14.3091234Z {"Time":"2026-10-09T03:22:14.305225073Z","Action":"pass","Package":"github.com/emersion/go-smtp","Test":"TestExecDATAReaderBoundaryAndOverflow/buffer=1/limit_delta=+1","Elapsed":0}
2026-10-09T03:22:14.3092721Z {"Time":"2026-10-09T03:22:14.305245944Z","Action":"run","Package":"github.com/emersion/go-smtp","Test":"TestExecDATAReaderBoundaryAndOverflow/buffer=7/limit_delta=-1"}
2026-10-09T03:22:14.3093806Z {"Time":"2026-10-09T03:22:14.305266215Z","Action":"output","Package":"github.com/emersion/go-smtp","Test":"TestExecDATAReaderBoundaryAndOverflow/buffer=7/limit_delta=-1","Output":"=== RUN   TestExecDATAReaderBoundaryAndOverflow/buffer=7/limit_delta=-1\n"}
2026-10-09T03:22:14.3096174Z {"Time":"2026-10-09T03:22:14.305308628Z","Action":"output","Package":"github.com/emersion/go-smtp","Test":"TestExecDATAReaderBoundaryAndOverflow/buffer=7/limit_delta=-1","Output":"--- PASS: TestExecDATAReaderBoundaryAndOverflow/buffer=7/limit_delta=-1 (0.00s)\n"}
2026-10-09T03:22:14.3097952Z {"Time":"2026-10-09T03:22:14.305332183Z","Action":"pass","Package":"github.com/emersion/go-smtp","Test":"TestExecDATAReaderBoundaryAndOverflow/buffer=7/limit_delta=-1","Elapsed":0}
2026-10-09T03:22:14.3098958Z {"Time":"2026-10-09T03:22:14.305353054Z","Action":"run","Package":"github.com/emersion/go-smtp","Test":"TestExecDATAReaderBoundaryAndOverflow/buffer=7/limit_delta=+0"}
2026-10-09T03:22:14.3100075Z {"Time":"2026-10-09T03:22:14.305379453Z","Action":"output","Package":"github.com/emersion/go-smtp","Test":"TestExecDATAReaderBoundaryAndOverflow/buffer=7/limit_delta=+0","Output":"=== RUN   TestExecDATAReaderBoundaryAndOverflow/buffer=7/limit_delta=+0\n"}
2026-10-09T03:22:14.3102136Z {"Time":"2026-10-09T03:22:14.30546427Z","Action":"output","Package":"github.com/emersion/go-smtp","Test":"TestExecDATAReaderBoundaryAndOverflow/buffer=7/limit_delta=+0","Output":"--- PASS: TestExecDATAReaderBoundaryAndOverflow/buffer=7/limit_delta=+0 (0.00s)\n"}
2026-10-09T03:22:14.3103279Z {"Time":"2026-10-09T03:22:14.305497659Z","Action":"pass","Package":"github.com/emersion/go-smtp","Test":"TestExecDATAReaderBoundaryAndOverflow/buffer=7/limit_delta=+0","Elapsed":0}
2026-10-09T03:22:14.3104118Z {"Time":"2026-10-09T03:22:14.30551854Z","Action":"run","Package":"github.com/emersion/go-smtp","Test":"TestExecDATAReaderBoundaryAndOverflow/buffer=7/limit_delta=+1"}
2026-10-09T03:22:14.3105300Z {"Time":"2026-10-09T03:22:14.305537238Z","Action":"output","Package":"github.com/emersion/go-smtp","Test":"TestExecDATAReaderBoundaryAndOverflow/buffer=7/limit_delta=+1","Output":"=== RUN   TestExecDATAReaderBoundaryAndOverflow/buffer=7/limit_delta=+1\n"}
2026-10-09T03:22:14.3106776Z {"Time":"2026-10-09T03:22:14.305586642Z","Action":"output","Package":"github.com/emersion/go-smtp","Test":"TestExecDATAReaderBoundaryAndOverflow/buffer=7/limit_delta=+1","Output":"--- PASS: TestExecDATAReaderBoundaryAndOverflow/buffer=7/limit_delta=+1 (0.00s)\n"}
2026-10-09T03:22:14.3107960Z {"Time":"2026-10-09T03:22:14.305620252Z","Action":"pass","Package":"github.com/emersion/go-smtp","Test":"TestExecDATAReaderBoundaryAndOverflow/buffer=7/limit_delta=+1","Elapsed":0}
2026-10-09T03:22:14.3108806Z {"Time":"2026-10-09T03:22:14.305641283Z","Action":"run","Package":"github.com/emersion/go-smtp","Test":"TestExecDATAReaderBoundaryAndOverflow/buffer=512/limit_delta=-1"}
2026-10-09T03:22:14.3109852Z {"Time":"2026-10-09T03:22:14.305656696Z","Action":"output","Package":"github.com/emersion/go-smtp","Test":"TestExecDATAReaderBoundaryAndOverflow/buffer=512/limit_delta=-1","Output":"=== RUN   TestExecDATAReaderBoundaryAndOverflow/buffer=512/limit_delta=-1\n"}
2026-10-09T03:22:14.3111367Z {"Time":"2026-10-09T03:22:14.305740541Z","Action":"output","Package":"github.com/emersion/go-smtp","Test":"TestExecDATAReaderBoundaryAndOverflow/buffer=512/limit_delta=-1","Output":"--- PASS: TestExecDATAReaderBoundaryAndOverflow/buffer=512/limit_delta=-1 (0.00s)\n"}
2026-10-09T03:22:14.3112758Z {"Time":"2026-10-09T03:22:14.305753811Z","Action":"pass","Package":"github.com/emersion/go-smtp","Test":"TestExecDATAReaderBoundaryAndOverflow/buffer=512/limit_delta=-1","Elapsed":0}
2026-10-09T03:22:14.3113615Z {"Time":"2026-10-09T03:22:14.305789874Z","Action":"run","Package":"github.com/emersion/go-smtp","Test":"TestExecDATAReaderBoundaryAndOverflow/buffer=512/limit_delta=+0"}
2026-10-09T03:22:14.3115348Z {"Time":"2026-10-09T03:22:14.305809854Z","Action":"output","Package":"github.com/emersion/go-smtp","Test":"TestExecDATAReaderBoundaryAndOverflow/buffer=512/limit_delta=+0","Output":"=== RUN   TestExecDATAReaderBoundaryAndOverflow/buffer=512/limit_delta=+0\n"}
2026-10-09T03:22:14.3117674Z {"Time":"2026-10-09T03:22:14.305875021Z","Action":"output","Package":"github.com/emersion/go-smtp","Test":"TestExecDATAReaderBoundaryAndOverflow/buffer=512/limit_delta=+0","Output":"--- PASS: TestExecDATAReaderBoundaryAndOverflow/buffer=512/limit_delta=+0 (0.00s)\n"}
2026-10-09T03:22:14.3119580Z {"Time":"2026-10-09T03:22:14.305884906Z","Action":"pass","Package":"github.com/emersion/go-smtp","Test":"TestExecDATAReaderBoundaryAndOverflow/buffer=512/limit_delta=+0","Elapsed":0}
2026-10-09T03:22:14.3121050Z {"Time":"2026-10-09T03:22:14.305918406Z","Action":"run","Package":"github.com/emersion/go-smtp","Test":"TestExecDATAReaderBoundaryAndOverflow/buffer=512/limit_delta=+1"}
2026-10-09T03:22:14.3122937Z {"Time":"2026-10-09T03:22:14.305938125Z","Action":"output","Package":"github.com/emersion/go-smtp","Test":"TestExecDATAReaderBoundaryAndOverflow/buffer=512/limit_delta=+1","Output":"=== RUN   TestExecDATAReaderBoundaryAndOverflow/buffer=512/limit_delta=+1\n"}
2026-10-09T03:22:14.3125323Z {"Time":"2026-10-09T03:22:14.306009421Z","Action":"output","Package":"github.com/emersion/go-smtp","Test":"TestExecDATAReaderBoundaryAndOverflow/buffer=512/limit_delta=+1","Output":"--- PASS: TestExecDATAReaderBoundaryAndOverflow/buffer=512/limit_delta=+1 (0.00s)\n"}
2026-10-09T03:22:14.3127265Z {"Time":"2026-10-09T03:22:14.306020979Z","Action":"pass","Package":"github.com/emersion/go-smtp","Test":"TestExecDATAReaderBoundaryAndOverflow/buffer=512/limit_delta=+1","Elapsed":0}
2026-10-09T03:22:14.3129022Z {"Time":"2026-10-09T03:22:14.306059816Z","Action":"output","Package":"github.com/emersion/go-smtp","Test":"TestExecDATAReaderBoundaryAndOverflow","Output":"--- PASS: TestExecDATAReaderBoundaryAndOverflow (0.00s)\n"}
2026-10-09T03:22:14.3130630Z {"Time":"2026-10-09T03:22:14.306081429Z","Action":"pass","Package":"github.com/emersion/go-smtp","Test":"TestExecDATAReaderBoundaryAndOverflow","Elapsed":0}
2026-10-09T03:22:14.3131771Z {"Time":"2026-10-09T03:22:14.306116661Z","Action":"run","Package":"github.com/emersion/go-smtp","Test":"TestExecDATAZeroLengthReadsPreserveStateAndNextCommand"}
2026-10-09T03:22:14.3133177Z {"Time":"2026-10-09T03:22:14.306124513Z","Action":"output","Package":"github.com/emersion/go-smtp","Test":"TestExecDATAZeroLengthReadsPreserveStateAndNextCommand","Output":"=== RUN   TestExecDATAZeroLengthReadsPreserveStateAndNextCommand\n"}
2026-10-09T03:22:14.3134734Z {"Time":"2026-10-09T03:22:14.306150932Z","Action":"run","Package":"github.com/emersion/go-smtp","Test":"TestExecDATAZeroLengthReadsPreserveStateAndNextCommand/remaining/nil"}
2026-10-09T03:22:14.3136065Z {"Time":"2026-10-09T03:22:14.306165574Z","Action":"output","Package":"github.com/emersion/go-smtp","Test":"TestExecDATAZeroLengthReadsPreserveStateAndNextCommand/remaining/nil","Output":"=== RUN   TestExecDATAZeroLengthReadsPreserveStateAndNextCommand/remaining/nil\n"}
2026-10-09T03:22:14.3137750Z {"Time":"2026-10-09T03:22:14.306269138Z","Action":"output","Package":"github.com/emersion/go-smtp","Test":"TestExecDATAZeroLengthReadsPreserveStateAndNextCommand/remaining/nil","Output":"--- PASS: TestExecDATAZeroLengthReadsPreserveStateAndNextCommand/remaining/nil (0.00s)\n"}
2026-10-09T03:22:14.3139071Z {"Time":"2026-10-09T03:22:14.30627691Z","Action":"pass","Package":"github.com/emersion/go-smtp","Test":"TestExecDATAZeroLengthReadsPreserveStateAndNextCommand/remaining/nil","Elapsed":0}
2026-10-09T03:22:14.3140049Z {"Time":"2026-10-09T03:22:14.306295437Z","Action":"run","Package":"github.com/emersion/go-smtp","Test":"TestExecDATAZeroLengthReadsPreserveStateAndNextCommand/remaining/empty_with_capacity"}
2026-10-09T03:22:14.3141338Z {"Time":"2026-10-09T03:22:14.306301807Z","Action":"output","Package":"github.com/emersion/go-smtp","Test":"TestExecDATAZeroLengthReadsPreserveStateAndNextCommand/remaining/empty_with_capacity","Output":"=== RUN   TestExecDATAZeroLengthReadsPreserveStateAndNextCommand/remaining/empty_with_capacity\n"}
2026-10-09T03:22:14.3142932Z {"Time":"2026-10-09T03:22:14.306407334Z","Action":"output","Package":"github.com/emersion/go-smtp","Test":"TestExecDATAZeroLengthReadsPreserveStateAndNextCommand/remaining/empty_with_capacity","Output":"--- PASS: TestExecDATAZeroLengthReadsPreserveStateAndNextCommand/remaining/empty_with_capacity (0.00s)\n"}
2026-10-09T03:22:14.3144363Z {"Time":"2026-10-09T03:22:14.306439191Z","Action":"pass","Package":"github.com/emersion/go-smtp","Test":"TestExecDATAZeroLengthReadsPreserveStateAndNextCommand/remaining/empty_with_capacity","Elapsed":0}
2026-10-09T03:22:14.3145500Z {"Time":"2026-10-09T03:22:14.306477709Z","Action":"run","Package":"github.com/emersion/go-smtp","Test":"TestExecDATAZeroLengthReadsPreserveStateAndNextCommand/at_limit/nil"}
2026-10-09T03:22:14.3146852Z {"Time":"2026-10-09T03:22:14.306497158Z","Action":"output","Package":"github.com/emersion/go-smtp","Test":"TestExecDATAZeroLengthReadsPreserveStateAndNextCommand/at_limit/nil","Output":"=== RUN   TestExecDATAZeroLengthReadsPreserveStateAndNextCommand/at_limit/nil\n"}
2026-10-09T03:22:14.3148296Z {"Time":"2026-10-09T03:22:14.306530838Z","Action":"output","Package":"github.com/emersion/go-smtp","Test":"TestExecDATAZeroLengthReadsPreserveStateAndNextCommand/at_limit/nil","Output":"--- PASS: TestExecDATAZeroLengthReadsPreserveStateAndNextCommand/at_limit/nil (0.00s)\n"}
2026-10-09T03:22:14.3149494Z {"Time":"2026-10-09T03:22:14.306550667Z","Action":"pass","Package":"github.com/emersion/go-smtp","Test":"TestExecDATAZeroLengthReadsPreserveStateAndNextCommand/at_limit/nil","Elapsed":0}
2026-10-09T03:22:14.3150439Z {"Time":"2026-10-09T03:22:14.306573471Z","Action":"run","Package":"github.com/emersion/go-smtp","Test":"TestExecDATAZeroLengthReadsPreserveStateAndNextCommand/at_limit/empty_with_capacity"}
2026-10-09T03:22:14.3151706Z {"Time":"2026-10-09T03:22:14.306604918Z","Action":"output","Package":"github.com/emersion/go-smtp","Test":"TestExecDATAZeroLengthReadsPreserveStateAndNextCommand/at_limit/empty_with_capacity","Output":"=== RUN   TestExecDATAZeroLengthReadsPreserveStateAndNextCommand/at_limit/empty_with_capacity\n"}
2026-10-09T03:22:14.3153457Z {"Time":"2026-10-09T03:22:14.306630156Z","Action":"output","Package":"github.com/emersion/go-smtp","Test":"TestExecDATAZeroLengthReadsPreserveStateAndNextCommand/at_limit/empty_with_capacity","Output":"--- PASS: TestExecDATAZeroLengthReadsPreserveStateAndNextCommand/at_limit/empty_with_capacity (0.00s)\n"}
2026-10-09T03:22:14.3155573Z {"Time":"2026-10-09T03:22:14.306651117Z","Action":"pass","Package":"github.com/emersion/go-smtp","Test":"TestExecDATAZeroLengthReadsPreserveStateAndNextCommand/at_limit/empty_with_capacity","Elapsed":0}
2026-10-09T03:22:14.3157210Z {"Time":"2026-10-09T03:22:14.306683836Z","Action":"run","Package":"github.com/emersion/go-smtp","Test":"TestExecDATAZeroLengthReadsPreserveStateAndNextCommand/eof/nil"}
2026-10-09T03:22:14.3159156Z {"Time":"2026-10-09T03:22:14.306704887Z","Action":"output","Package":"github.com/emersion/go-smtp","Test":"TestExecDATAZeroLengthReadsPreserveStateAndNextCommand/eof/nil","Output":"=== RUN   TestExecDATAZeroLengthReadsPreserveStateAndNextCommand/eof/nil\n"}
2026-10-09T03:22:14.3161590Z {"Time":"2026-10-09T03:22:14.306731427Z","Action":"output","Package":"github.com/emersion/go-smtp","Test":"TestExecDATAZeroLengthReadsPreserveStateAndNextCommand/eof/nil","Output":"--- PASS: TestExecDATAZeroLengthReadsPreserveStateAndNextCommand/eof/nil (0.00s)\n"}
2026-10-09T03:22:14.3163581Z {"Time":"2026-10-09T03:22:14.306748973Z","Action":"pass","Package":"github.com/emersion/go-smtp","Test":"TestExecDATAZeroLengthReadsPreserveStateAndNextCommand/eof/nil","Elapsed":0}
2026-10-09T03:22:14.3165271Z {"Time":"2026-10-09T03:22:14.306783714Z","Action":"run","Package":"github.com/emersion/go-smtp","Test":"TestExecDATAZeroLengthReadsPreserveStateAndNextCommand/eof/empty_with_capacity"}
2026-10-09T03:22:14.3167474Z {"Time":"2026-10-09T03:22:14.306786839Z","Action":"output","Package":"github.com/emersion/go-smtp","Test":"TestExecDATAZeroLengthReadsPreserveStateAndNextCommand/eof/empty_with_capacity","Output":"=== RUN   TestExecDATAZeroLengthReadsPreserveStateAndNextCommand/eof/empty_with_capacity\n"}
2026-10-09T03:22:14.3170174Z {"Time":"2026-10-09T03:22:14.306877845Z","Action":"output","Package":"github.com/emersion/go-smtp","Test":"TestExecDATAZeroLengthReadsPreserveStateAndNextCommand/eof/empty_with_capacity","Output":"--- PASS: TestExecDATAZeroLengthReadsPreserveStateAndNextCommand/eof/empty_with_capacity (0.00s)\n"}
2026-10-09T03:22:14.3172390Z {"Time":"2026-10-09T03:22:14.306886588Z","Action":"pass","Package":"github.com/emersion/go-smtp","Test":"TestExecDATAZeroLengthReadsPreserveStateAndNextCommand/eof/empty_with_capacity","Elapsed":0}
2026-10-09T03:22:14.3173559Z {"Time":"2026-10-09T03:22:14.306921099Z","Action":"run","Package":"github.com/emersion/go-smtp","Test":"TestExecDATAZeroLengthReadsPreserveStateAndNextCommand/oversized/nil"}
2026-10-09T03:22:14.3174867Z {"Time":"2026-10-09T03:22:14.306940648Z","Action":"output","Package":"github.com/emersion/go-smtp","Test":"TestExecDATAZeroLengthReadsPreserveStateAndNextCommand/oversized/nil","Output":"=== RUN   TestExecDATAZeroLengthReadsPreserveStateAndNextCommand/oversized/nil\n"}
2026-10-09T03:22:14.3176294Z {"Time":"2026-10-09T03:22:14.306992045Z","Action":"output","Package":"github.com/emersion/go-smtp","Test":"TestExecDATAZeroLengthReadsPreserveStateAndNextCommand/oversized/nil","Output":"--- PASS: TestExecDATAZeroLengthReadsPreserveStateAndNextCommand/oversized/nil (0.00s)\n"}
2026-10-09T03:22:14.3177480Z {"Time":"2026-10-09T03:22:14.307001489Z","Action":"pass","Package":"github.com/emersion/go-smtp","Test":"TestExecDATAZeroLengthReadsPreserveStateAndNextCommand/oversized/nil","Elapsed":0}
2026-10-09T03:22:14.3178438Z {"Time":"2026-10-09T03:22:14.307032986Z","Action":"run","Package":"github.com/emersion/go-smtp","Test":"TestExecDATAZeroLengthReadsPreserveStateAndNextCommand/oversized/empty_with_capacity"}
2026-10-09T03:22:14.3180419Z {"Time":"2026-10-09T03:22:14.307052695Z","Action":"output","Package":"github.com/emersion/go-smtp","Test":"TestExecDATAZeroLengthReadsPreserveStateAndNextCommand/oversized/empty_with_capacity","Output":"=== RUN   TestExecDATAZeroLengthReadsPreserveStateAndNextCommand/oversized/empty_with_capacity\n"}
2026-10-09T03:22:14.3183517Z {"Time":"2026-10-09T03:22:14.307119244Z","Action":"output","Package":"github.com/emersion/go-smtp","Test":"TestExecDATAZeroLengthReadsPreserveStateAndNextCommand/oversized/empty_with_capacity","Output":"--- PASS: TestExecDATAZeroLengthReadsPreserveStateAndNextCommand/oversized/empty_with_capacity (0.00s)\n"}
2026-10-09T03:22:14.3185699Z {"Time":"2026-10-09T03:22:14.307126114Z","Action":"pass","Package":"github.com/emersion/go-smtp","Test":"TestExecDATAZeroLengthReadsPreserveStateAndNextCommand/oversized/empty_with_capacity","Elapsed":0}
2026-10-09T03:22:14.3186861Z {"Time":"2026-10-09T03:22:14.307161307Z","Action":"output","Package":"github.com/emersion/go-smtp","Test":"TestExecDATAZeroLengthReadsPreserveStateAndNextCommand","Output":"--- PASS: TestExecDATAZeroLengthReadsPreserveStateAndNextCommand (0.00s)\n"}
2026-10-09T03:22:14.3187950Z {"Time":"2026-10-09T03:22:14.307177641Z","Action":"pass","Package":"github.com/emersion/go-smtp","Test":"TestExecDATAZeroLengthReadsPreserveStateAndNextCommand","Elapsed":0}
2026-10-09T03:22:14.3188994Z {"Time":"2026-10-09T03:22:14.307182578Z","Action":"run","Package":"github.com/emersion/go-smtp","Test":"TestOwnerBDATDelayedEntryShutdown"}
2026-10-09T03:22:14.3190397Z {"Time":"2026-10-09T03:22:14.307185272Z","Action":"output","Package":"github.com/emersion/go-smtp","Test":"TestOwnerBDATDelayedEntryShutdown","Output":"=== RUN   TestOwnerBDATDelayedEntryShutdown\n"}
2026-10-09T03:22:14.3192158Z {"Time":"2026-10-09T03:22:14.307859366Z","Action":"output","Package":"github.com/emersion/go-smtp","Test":"TestOwnerBDATDelayedEntryShutdown","Output":"--- PASS: TestOwnerBDATDelayedEntryShutdown (0.00s)\n"}
2026-10-09T03:22:14.3193427Z {"Time":"2026-10-09T03:22:14.307891734Z","Action":"pass","Package":"github.com/emersion/go-smtp","Test":"TestOwnerBDATDelayedEntryShutdown","Elapsed":0}
2026-10-09T03:22:14.3194144Z {"Time":"2026-10-09T03:22:14.307899306Z","Action":"run","Package":"github.com/emersion/go-smtp","Test":"TestOwnerBDATResetJoinsBeforeSessionReuse"}
2026-10-09T03:22:14.3195218Z {"Time":"2026-10-09T03:22:14.307902501Z","Action":"output","Package":"github.com/emersion/go-smtp","Test":"TestOwnerBDATResetJoinsBeforeSessionReuse","Output":"=== RUN   TestOwnerBDATResetJoinsBeforeSessionReuse\n"}
2026-10-09T03:22:14.3196747Z {"Time":"2026-10-09T03:22:14.308361224Z","Action":"output","Package":"github.com/emersion/go-smtp","Test":"TestOwnerBDATResetJoinsBeforeSessionReuse","Output":"--- PASS: TestOwnerBDATResetJoinsBeforeSessionReuse (0.00s)\n"}
2026-10-09T03:22:14.3198355Z {"Time":"2026-10-09T03:22:14.308370688Z","Action":"pass","Package":"github.com/emersion/go-smtp","Test":"TestOwnerBDATResetJoinsBeforeSessionReuse","Elapsed":0}
2026-10-09T03:22:14.3199689Z {"Time":"2026-10-09T03:22:14.308376236Z","Action":"run","Package":"github.com/emersion/go-smtp","Test":"TestOwnerBDATCapturesPrivateResultEvenWhenNextChannelFull"}
2026-10-09T03:22:14.3200752Z {"Time":"2026-10-09T03:22:14.308379421Z","Action":"output","Package":"github.com/emersion/go-smtp","Test":"TestOwnerBDATCapturesPrivateResultEvenWhenNextChannelFull","Output":"=== RUN   TestOwnerBDATCapturesPrivateResultEvenWhenNextChannelFull\n"}
2026-10-09T03:22:14.3202065Z {"Time":"2026-10-09T03:22:14.308555543Z","Action":"output","Package":"github.com/emersion/go-smtp","Test":"TestOwnerBDATCapturesPrivateResultEvenWhenNextChannelFull","Output":"--- PASS: TestOwnerBDATCapturesPrivateResultEvenWhenNextChannelFull (0.00s)\n"}
2026-10-09T03:22:14.3203359Z {"Time":"2026-10-09T03:22:14.308581682Z","Action":"pass","Package":"github.com/emersion/go-smtp","Test":"TestOwnerBDATCapturesPrivateResultEvenWhenNextChannelFull","Elapsed":0}
2026-10-09T03:22:14.3204958Z {"Time":"2026-10-09T03:22:14.308597736Z","Action":"run","Package":"github.com/emersion/go-smtp","Test":"TestOwnerTailLoggerRepeatedConcurrentCallsWaitForRelease"}
2026-10-09T03:22:14.3206697Z {"Time":"2026-10-09T03:22:14.308601982Z","Action":"output","Package":"github.com/emersion/go-smtp","Test":"TestOwnerTailLoggerRepeatedConcurrentCallsWaitForRelease","Output":"=== RUN   TestOwnerTailLoggerRepeatedConcurrentCallsWaitForRelease\n"}
2026-10-09T03:22:14.3209302Z {"Time":"2026-10-09T03:22:14.30890264Z","Action":"output","Package":"github.com/emersion/go-smtp","Test":"TestOwnerTailLoggerRepeatedConcurrentCallsWaitForRelease","Output":"--- PASS: TestOwnerTailLoggerRepeatedConcurrentCallsWaitForRelease (0.00s)\n"}
2026-10-09T03:22:14.3210402Z {"Time":"2026-10-09T03:22:14.308938223Z","Action":"pass","Package":"github.com/emersion/go-smtp","Test":"TestOwnerTailLoggerRepeatedConcurrentCallsWaitForRelease","Elapsed":0}
2026-10-09T03:22:14.3211189Z {"Time":"2026-10-09T03:22:14.308956801Z","Action":"run","Package":"github.com/emersion/go-smtp","Test":"TestOwnerBDATPanicTailIncludedInShutdown"}
2026-10-09T03:22:14.3212069Z {"Time":"2026-10-09T03:22:14.308960967Z","Action":"output","Package":"github.com/emersion/go-smtp","Test":"TestOwnerBDATPanicTailIncludedInShutdown","Output":"=== RUN   TestOwnerBDATPanicTailIncludedInShutdown\n"}
2026-10-09T03:22:14.3213144Z {"Time":"2026-10-09T03:22:14.309394332Z","Action":"output","Package":"github.com/emersion/go-smtp","Test":"TestOwnerBDATPanicTailIncludedInShutdown","Output":"--- PASS: TestOwnerBDATPanicTailIncludedInShutdown (0.00s)\n"}
2026-10-09T03:22:14.3214070Z {"Time":"2026-10-09T03:22:14.309403936Z","Action":"pass","Package":"github.com/emersion/go-smtp","Test":"TestOwnerBDATPanicTailIncludedInShutdown","Elapsed":0}
2026-10-09T03:22:14.3214944Z {"Time":"2026-10-09T03:22:14.309408974Z","Action":"run","Package":"github.com/emersion/go-smtp","Test":"TestOwnerBDATRepeatedTransactions"}
2026-10-09T03:22:14.3215762Z {"Time":"2026-10-09T03:22:14.309411888Z","Action":"output","Package":"github.com/emersion/go-smtp","Test":"TestOwnerBDATRepeatedTransactions","Output":"=== RUN   TestOwnerBDATRepeatedTransactions\n"}
2026-10-09T03:22:14.3216749Z {"Time":"2026-10-09T03:22:14.311096287Z","Action":"output","Package":"github.com/emersion/go-smtp","Test":"TestOwnerBDATRepeatedTransactions","Output":"--- PASS: TestOwnerBDATRepeatedTransactions (0.00s)\n"}
2026-10-09T03:22:14.3217605Z {"Time":"2026-10-09T03:22:14.311124609Z","Action":"pass","Package":"github.com/emersion/go-smtp","Test":"TestOwnerBDATRepeatedTransactions","Elapsed":0}
2026-10-09T03:22:14.3218306Z {"Time":"2026-10-09T03:22:14.31113184Z","Action":"run","Package":"github.com/emersion/go-smtp","Test":"TestOwnerBDATBackendCloseDoesNotSelfJoin"}
2026-10-09T03:22:14.3219182Z {"Time":"2026-10-09T03:22:14.311134844Z","Action":"output","Package":"github.com/emersion/go-smtp","Test":"TestOwnerBDATBackendCloseDoesNotSelfJoin","Output":"=== RUN   TestOwnerBDATBackendCloseDoesNotSelfJoin\n"}
2026-10-09T03:22:14.3220248Z {"Time":"2026-10-09T03:22:14.311420289Z","Action":"output","Package":"github.com/emersion/go-smtp","Test":"TestOwnerBDATBackendCloseDoesNotSelfJoin","Output":"--- PASS: TestOwnerBDATBackendCloseDoesNotSelfJoin (0.00s)\n"}
2026-10-09T03:22:14.3221158Z {"Time":"2026-10-09T03:22:14.311429543Z","Action":"pass","Package":"github.com/emersion/go-smtp","Test":"TestOwnerBDATBackendCloseDoesNotSelfJoin","Elapsed":0}
2026-10-09T03:22:14.3221875Z {"Time":"2026-10-09T03:22:14.31143442Z","Action":"run","Package":"github.com/emersion/go-smtp","Test":"TestOwnerBDATLastErrorAndPanicStatuses"}
2026-10-09T03:22:14.3222729Z {"Time":"2026-10-09T03:22:14.311437334Z","Action":"output","Package":"github.com/emersion/go-smtp","Test":"TestOwnerBDATLastErrorAndPanicStatuses","Output":"=== RUN   TestOwnerBDATLastErrorAndPanicStatuses\n"}
2026-10-09T03:22:14.3223589Z {"Time":"2026-10-09T03:22:14.311505045Z","Action":"run","Package":"github.com/emersion/go-smtp","Test":"TestOwnerBDATLastErrorAndPanicStatuses/success"}
2026-10-09T03:22:14.3224635Z {"Time":"2026-10-09T03:22:14.311533317Z","Action":"output","Package":"github.com/emersion/go-smtp","Test":"TestOwnerBDATLastErrorAndPanicStatuses/success","Output":"=== RUN   TestOwnerBDATLastErrorAndPanicStatuses/success\n"}
2026-10-09T03:22:14.3225799Z {"Time":"2026-10-09T03:22:14.311790581Z","Action":"output","Package":"github.com/emersion/go-smtp","Test":"TestOwnerBDATLastErrorAndPanicStatuses/success","Output":"--- PASS: TestOwnerBDATLastErrorAndPanicStatuses/success (0.00s)\n"}
2026-10-09T03:22:14.3226974Z {"Time":"2026-10-09T03:22:14.311815468Z","Action":"pass","Package":"github.com/emersion/go-smtp","Test":"TestOwnerBDATLastErrorAndPanicStatuses/success","Elapsed":0}
2026-10-09T03:22:14.3227753Z {"Time":"2026-10-09T03:22:14.311821957Z","Action":"run","Package":"github.com/emersion/go-smtp","Test":"TestOwnerBDATLastErrorAndPanicStatuses/backend_error"}
2026-10-09T03:22:14.3228717Z {"Time":"2026-10-09T03:22:14.311825202Z","Action":"output","Package":"github.com/emersion/go-smtp","Test":"TestOwnerBDATLastErrorAndPanicStatuses/backend_error","Output":"=== RUN   TestOwnerBDATLastErrorAndPanicStatuses/backend_error\n"}
2026-10-09T03:22:14.3229912Z {"Time":"2026-10-09T03:22:14.312178879Z","Action":"output","Package":"github.com/emersion/go-smtp","Test":"TestOwnerBDATLastErrorAndPanicStatuses/backend_error","Output":"--- PASS: TestOwnerBDATLastErrorAndPanicStatuses/backend_error (0.00s)\n"}
2026-10-09T03:22:14.3230927Z {"Time":"2026-10-09T03:22:14.312201623Z","Action":"pass","Package":"github.com/emersion/go-smtp","Test":"TestOwnerBDATLastErrorAndPanicStatuses/backend_error","Elapsed":0}
2026-10-09T03:22:14.3231727Z {"Time":"2026-10-09T03:22:14.312208453Z","Action":"run","Package":"github.com/emersion/go-smtp","Test":"TestOwnerBDATLastErrorAndPanicStatuses/panic"}
2026-10-09T03:22:14.3232775Z {"Time":"2026-10-09T03:22:14.312211217Z","Action":"output","Package":"github.com/emersion/go-smtp","Test":"TestOwnerBDATLastErrorAndPanicStatuses/panic","Output":"=== RUN   TestOwnerBDATLastErrorAndPanicStatuses/panic\n"}
2026-10-09T03:22:14.3233883Z {"Time":"2026-10-09T03:22:14.312560647Z","Action":"output","Package":"github.com/emersion/go-smtp","Test":"TestOwnerBDATLastErrorAndPanicStatuses/panic","Output":"--- PASS: TestOwnerBDATLastErrorAndPanicStatuses/panic (0.00s)\n"}
2026-10-09T03:22:14.3234973Z {"Time":"2026-10-09T03:22:14.312572695Z","Action":"pass","Package":"github.com/emersion/go-smtp","Test":"TestOwnerBDATLastErrorAndPanicStatuses/panic","Elapsed":0}
2026-10-09T03:22:14.3235913Z {"Time":"2026-10-09T03:22:14.31261646Z","Action":"output","Package":"github.com/emersion/go-smtp","Test":"TestOwnerBDATLastErrorAndPanicStatuses","Output":"--- PASS: TestOwnerBDATLastErrorAndPanicStatuses (0.00s)\n"}
2026-10-09T03:22:14.3236819Z {"Time":"2026-10-09T03:22:14.312647657Z","Action":"pass","Package":"github.com/emersion/go-smtp","Test":"TestOwnerBDATLastErrorAndPanicStatuses","Elapsed":0}
2026-10-09T03:22:14.3237575Z {"Time":"2026-10-09T03:22:14.312677261Z","Action":"run","Package":"github.com/emersion/go-smtp","Test":"TestOwnerBDATEarlyErrorResetsAndPreservesStatus"}
2026-10-09T03:22:14.3238519Z {"Time":"2026-10-09T03:22:14.312783369Z","Action":"output","Package":"github.com/emersion/go-smtp","Test":"TestOwnerBDATEarlyErrorResetsAndPreservesStatus","Output":"=== RUN   TestOwnerBDATEarlyErrorResetsAndPreservesStatus\n"}
2026-10-09T03:22:14.3239681Z {"Time":"2026-10-09T03:22:14.313137436Z","Action":"output","Package":"github.com/emersion/go-smtp","Test":"TestOwnerBDATEarlyErrorResetsAndPreservesStatus","Output":"--- PASS: TestOwnerBDATEarlyErrorResetsAndPreservesStatus (0.00s)\n"}
2026-10-09T03:22:14.3240678Z {"Time":"2026-10-09T03:22:14.313162083Z","Action":"pass","Package":"github.com/emersion/go-smtp","Test":"TestOwnerBDATEarlyErrorResetsAndPreservesStatus","Elapsed":0}
2026-10-09T03:22:14.3241439Z {"Time":"2026-10-09T03:22:14.313175623Z","Action":"run","Package":"github.com/emersion/go-smtp","Test":"TestOwnerShutdownWaitsForLateAcceptDisposal"}
2026-10-09T03:22:14.3242350Z {"Time":"2026-10-09T03:22:14.313188702Z","Action":"output","Package":"github.com/emersion/go-smtp","Test":"TestOwnerShutdownWaitsForLateAcceptDisposal","Output":"=== RUN   TestOwnerShutdownWaitsForLateAcceptDisposal\n"}
2026-10-09T03:22:14.3243465Z {"Time":"2026-10-09T03:22:14.313350223Z","Action":"output","Package":"github.com/emersion/go-smtp","Test":"TestOwnerShutdownWaitsForLateAcceptDisposal","Output":"--- PASS: TestOwnerShutdownWaitsForLateAcceptDisposal (0.00s)\n"}
2026-10-09T03:22:14.3244667Z {"Time":"2026-10-09T03:22:14.313358375Z","Action":"pass","Package":"github.com/emersion/go-smtp","Test":"TestOwnerShutdownWaitsForLateAcceptDisposal","Elapsed":0}
2026-10-09T03:22:14.3245480Z {"Time":"2026-10-09T03:22:14.313363543Z","Action":"run","Package":"github.com/emersion/go-smtp","Test":"TestOwnerShutdownRejectsLaterServe"}
2026-10-09T03:22:14.3246314Z {"Time":"2026-10-09T03:22:14.313371184Z","Action":"output","Package":"github.com/emersion/go-smtp","Test":"TestOwnerShutdownRejectsLaterServe","Output":"=== RUN   TestOwnerShutdownRejectsLaterServe\n"}
2026-10-09T03:22:14.3247302Z {"Time":"2026-10-09T03:22:14.313437833Z","Action":"output","Package":"github.com/emersion/go-smtp","Test":"TestOwnerShutdownRejectsLaterServe","Output":"--- PASS: TestOwnerShutdownRejectsLaterServe (0.00s)\n"}
2026-10-09T03:22:14.3248167Z {"Time":"2026-10-09T03:22:14.31346944Z","Action":"pass","Package":"github.com/emersion/go-smtp","Test":"TestOwnerShutdownRejectsLaterServe","Elapsed":0}
2026-10-09T03:22:14.3248871Z {"Time":"2026-10-09T03:22:14.313482109Z","Action":"run","Package":"github.com/emersion/go-smtp","Test":"TestOwnerBDATTailClosesReaderBeforeJoin"}
2026-10-09T03:22:14.3249741Z {"Time":"2026-10-09T03:22:14.313492525Z","Action":"output","Package":"github.com/emersion/go-smtp","Test":"TestOwnerBDATTailClosesReaderBeforeJoin","Output":"=== RUN   TestOwnerBDATTailClosesReaderBeforeJoin\n"}
2026-10-09T03:22:14.3250807Z {"Time":"2026-10-09T03:22:14.313640976Z","Action":"output","Package":"github.com/emersion/go-smtp","Test":"TestOwnerBDATTailClosesReaderBeforeJoin","Output":"--- PASS: TestOwnerBDATTailClosesReaderBeforeJoin (0.00s)\n"}
2026-10-09T03:22:14.3251712Z {"Time":"2026-10-09T03:22:14.313648898Z","Action":"pass","Package":"github.com/emersion/go-smtp","Test":"TestOwnerBDATTailClosesReaderBeforeJoin","Elapsed":0}
2026-10-09T03:22:14.3252425Z {"Time":"2026-10-09T03:22:14.313656028Z","Action":"run","Package":"github.com/emersion/go-smtp","Test":"TestOwnerBDATLMTPRepeatedResetAndLast"}
2026-10-09T03:22:14.3253280Z {"Time":"2026-10-09T03:22:14.313659083Z","Action":"output","Package":"github.com/emersion/go-smtp","Test":"TestOwnerBDATLMTPRepeatedResetAndLast","Output":"=== RUN   TestOwnerBDATLMTPRepeatedResetAndLast\n"}
2026-10-09T03:22:14.3254148Z {"Time":"2026-10-09T03:22:14.313732312Z","Action":"run","Package":"github.com/emersion/go-smtp","Test":"TestOwnerBDATLMTPRepeatedResetAndLast/fallback"}
2026-10-09T03:22:14.3255226Z {"Time":"2026-10-09T03:22:14.313745672Z","Action":"output","Package":"github.com/emersion/go-smtp","Test":"TestOwnerBDATLMTPRepeatedResetAndLast/fallback","Output":"=== RUN   TestOwnerBDATLMTPRepeatedResetAndLast/fallback\n"}
2026-10-09T03:22:14.3256356Z {"Time":"2026-10-09T03:22:14.314562899Z","Action":"output","Package":"github.com/emersion/go-smtp","Test":"TestOwnerBDATLMTPRepeatedResetAndLast/fallback","Output":"--- PASS: TestOwnerBDATLMTPRepeatedResetAndLast/fallback (0.00s)\n"}
2026-10-09T03:22:14.3257459Z {"Time":"2026-10-09T03:22:14.314574726Z","Action":"pass","Package":"github.com/emersion/go-smtp","Test":"TestOwnerBDATLMTPRepeatedResetAndLast/fallback","Elapsed":0}
2026-10-09T03:22:14.3258390Z {"Time":"2026-10-09T03:22:14.314599193Z","Action":"run","Package":"github.com/emersion/go-smtp","Test":"TestOwnerBDATLMTPRepeatedResetAndLast/native"}
2026-10-09T03:22:14.3259535Z {"Time":"2026-10-09T03:22:14.31461103Z","Action":"output","Package":"github.com/emersion/go-smtp","Test":"TestOwnerBDATLMTPRepeatedResetAndLast/native","Output":"=== RUN   TestOwnerBDATLMTPRepeatedResetAndLast/native\n"}
2026-10-09T03:22:14.3261436Z {"Time":"2026-10-09T03:22:14.315259536Z","Action":"output","Package":"github.com/emersion/go-smtp","Test":"TestOwnerBDATLMTPRepeatedResetAndLast/native","Output":"--- PASS: TestOwnerBDATLMTPRepeatedResetAndLast/native (0.00s)\n"}
2026-10-09T03:22:14.3262913Z {"Time":"2026-10-09T03:22:14.315269792Z","Action":"pass","Package":"github.com/emersion/go-smtp","Test":"TestOwnerBDATLMTPRepeatedResetAndLast/native","Elapsed":0}
2026-10-09T03:22:14.3264339Z {"Time":"2026-10-09T03:22:14.315311423Z","Action":"output","Package":"github.com/emersion/go-smtp","Test":"TestOwnerBDATLMTPRepeatedResetAndLast","Output":"--- PASS: TestOwnerBDATLMTPRepeatedResetAndLast (0.00s)\n"}
2026-10-09T03:22:14.3266071Z {"Time":"2026-10-09T03:22:14.315326045Z","Action":"pass","Package":"github.com/emersion/go-smtp","Test":"TestOwnerBDATLMTPRepeatedResetAndLast","Elapsed":0}
2026-10-09T03:22:14.3267123Z {"Time":"2026-10-09T03:22:14.315338304Z","Action":"run","Package":"github.com/emersion/go-smtp","Test":"TestOwnerBDATCloseResetRace"}
2026-10-09T03:22:14.3268500Z {"Time":"2026-10-09T03:22:14.3153491Z","Action":"output","Package":"github.com/emersion/go-smtp","Test":"TestOwnerBDATCloseResetRace","Output":"=== RUN   TestOwnerBDATCloseResetRace\n"}
2026-10-09T03:22:14.3270140Z {"Time":"2026-10-09T03:22:14.315790827Z","Action":"output","Package":"github.com/emersion/go-smtp","Test":"TestOwnerBDATCloseResetRace","Output":"--- PASS: TestOwnerBDATCloseResetRace (0.00s)\n"}
2026-10-09T03:22:14.3271578Z {"Time":"2026-10-09T03:22:14.315800622Z","Action":"pass","Package":"github.com/emersion/go-smtp","Test":"TestOwnerBDATCloseResetRace","Elapsed":0}
2026-10-09T03:22:14.3272892Z {"Time":"2026-10-09T03:22:14.31580609Z","Action":"run","Package":"github.com/emersion/go-smtp","Test":"TestOwnerClosedParseErrorsDoNotDispatchBufferedCommands"}
2026-10-09T03:22:14.3274823Z {"Time":"2026-10-09T03:22:14.315809265Z","Action":"output","Package":"github.com/emersion/go-smtp","Test":"TestOwnerClosedParseErrorsDoNotDispatchBufferedCommands","Output":"=== RUN   TestOwnerClosedParseErrorsDoNotDispatchBufferedCommands\n"}
2026-10-09T03:22:14.3276483Z {"Time":"2026-10-09T03:22:14.315849715Z","Action":"run","Package":"github.com/emersion/go-smtp","Test":"TestOwnerClosedParseErrorsDoNotDispatchBufferedCommands/new_session"}
2026-10-09T03:22:14.3277851Z {"Time":"2026-10-09T03:22:14.315865639Z","Action":"output","Package":"github.com/emersion/go-smtp","Test":"TestOwnerClosedParseErrorsDoNotDispatchBufferedCommands/new_session","Output":"=== RUN   TestOwnerClosedParseErrorsDoNotDispatchBufferedCommands/new_session\n"}
2026-10-09T03:22:14.3279613Z {"Time":"2026-10-09T03:22:14.316069122Z","Action":"output","Package":"github.com/emersion/go-smtp","Test":"TestOwnerClosedParseErrorsDoNotDispatchBufferedCommands/new_session","Output":"--- PASS: TestOwnerClosedParseErrorsDoNotDispatchBufferedCommands/new_session (0.00s)\n"}
2026-10-09T03:22:14.3281433Z {"Time":"2026-10-09T03:22:14.316083103Z","Action":"pass","Package":"github.com/emersion/go-smtp","Test":"TestOwnerClosedParseErrorsDoNotDispatchBufferedCommands/new_session","Elapsed":0}
2026-10-09T03:22:14.3282467Z {"Time":"2026-10-09T03:22:14.316123052Z","Action":"run","Package":"github.com/emersion/go-smtp","Test":"TestOwnerClosedParseErrorsDoNotDispatchBufferedCommands/existing_session"}
2026-10-09T03:22:14.3284015Z {"Time":"2026-10-09T03:22:14.316142701Z","Action":"output","Package":"github.com/emersion/go-smtp","Test":"TestOwnerClosedParseErrorsDoNotDispatchBufferedCommands/existing_session","Output":"=== RUN   TestOwnerClosedParseErrorsDoNotDispatchBufferedCommands/existing_session\n"}
2026-10-09T03:22:14.3286079Z {"Time":"2026-10-09T03:22:14.316334978Z","Action":"output","Package":"github.com/emersion/go-smtp","Test":"TestOwnerClosedParseErrorsDoNotDispatchBufferedCommands/existing_session","Output":"--- PASS: TestOwnerClosedParseErrorsDoNotDispatchBufferedCommands/existing_session (0.00s)\n"}
2026-10-09T03:22:14.3288312Z {"Time":"2026-10-09T03:22:14.316343991Z","Action":"pass","Package":"github.com/emersion/go-smtp","Test":"TestOwnerClosedParseErrorsDoNotDispatchBufferedCommands/existing_session","Elapsed":0}
2026-10-09T03:22:14.3290392Z {"Time":"2026-10-09T03:22:14.316380095Z","Action":"output","Package":"github.com/emersion/go-smtp","Test":"TestOwnerClosedParseErrorsDoNotDispatchBufferedCommands","Output":"--- PASS: TestOwnerClosedParseErrorsDoNotDispatchBufferedCommands (0.00s)\n"}
2026-10-09T03:22:14.3292639Z {"Time":"2026-10-09T03:22:14.316406314Z","Action":"pass","Package":"github.com/emersion/go-smtp","Test":"TestOwnerClosedParseErrorsDoNotDispatchBufferedCommands","Elapsed":0}
2026-10-09T03:22:14.3294206Z {"Time":"2026-10-09T03:22:14.316411001Z","Action":"run","Package":"github.com/emersion/go-smtp","Test":"TestOwnerR5CloudLogoutTailRetainedJoin"}
2026-10-09T03:22:14.3295237Z {"Time":"2026-10-09T03:22:14.316414376Z","Action":"output","Package":"github.com/emersion/go-smtp","Test":"TestOwnerR5CloudLogoutTailRetainedJoin","Output":"=== RUN   TestOwnerR5CloudLogoutTailRetainedJoin\n"}
2026-10-09T03:22:14.3296297Z {"Time":"2026-10-09T03:22:14.316795313Z","Action":"output","Package":"github.com/emersion/go-smtp","Test":"TestOwnerR5CloudLogoutTailRetainedJoin","Output":"--- PASS: TestOwnerR5CloudLogoutTailRetainedJoin (0.00s)\n"}
2026-10-09T03:22:14.3297201Z {"Time":"2026-10-09T03:22:14.316804006Z","Action":"pass","Package":"github.com/emersion/go-smtp","Test":"TestOwnerR5CloudLogoutTailRetainedJoin","Elapsed":0}
2026-10-09T03:22:14.3297950Z {"Time":"2026-10-09T03:22:14.316809054Z","Action":"run","Package":"github.com/emersion/go-smtp","Test":"TestParser"}
2026-10-09T03:22:14.3298983Z {"Time":"2026-10-09T03:22:14.316811928Z","Action":"output","Package":"github.com/emersion/go-smtp","Test":"TestParser","Output":"=== RUN   TestParser\n"}
2026-10-09T03:22:14.3299961Z {"Time":"2026-10-09T03:22:14.316909964Z","Action":"output","Package":"github.com/emersion/go-smtp","Test":"TestParser","Output":"--- PASS: TestParser (0.00s)\n"}
2026-10-09T03:22:14.3301062Z {"Time":"2026-10-09T03:22:14.316948241Z","Action":"pass","Package":"github.com/emersion/go-smtp","Test":"TestParser","Elapsed":0}
2026-10-09T03:22:14.3302074Z {"Time":"2026-10-09T03:22:14.316968211Z","Action":"run","Package":"github.com/emersion/go-smtp","Test":"TestServer_LMTP"}
2026-10-09T03:22:14.3303230Z {"Time":"2026-10-09T03:22:14.316984866Z","Action":"output","Package":"github.com/emersion/go-smtp","Test":"TestServer_LMTP","Output":"=== RUN   TestServer_LMTP\n"}
2026-10-09T03:22:14.3304734Z {"Time":"2026-10-09T03:22:14.317843044Z","Action":"output","Package":"github.com/emersion/go-smtp","Test":"TestServer_LMTP","Output":"--- PASS: TestServer_LMTP (0.00s)\n"}
2026-10-09T03:22:14.3305686Z {"Time":"2026-10-09T03:22:14.317853589Z","Action":"pass","Package":"github.com/emersion/go-smtp","Test":"TestServer_LMTP","Elapsed":0}
2026-10-09T03:22:14.3306704Z {"Time":"2026-10-09T03:22:14.317904735Z","Action":"run","Package":"github.com/emersion/go-smtp","Test":"TestServer_LMTP_Early"}
2026-10-09T03:22:14.3307429Z {"Time":"2026-10-09T03:22:14.317920148Z","Action":"output","Package":"github.com/emersion/go-smtp","Test":"TestServer_LMTP_Early","Output":"=== RUN   TestServer_LMTP_Early\n"}
2026-10-09T03:22:14.3308801Z {"Time":"2026-10-09T03:22:14.318778507Z","Action":"output","Package":"github.com/emersion/go-smtp","Test":"TestServer_LMTP_Early","Output":"--- PASS: TestServer_LMTP_Early (0.00s)\n"}
2026-10-09T03:22:14.3310108Z {"Time":"2026-10-09T03:22:14.318791826Z","Action":"pass","Package":"github.com/emersion/go-smtp","Test":"TestServer_LMTP_Early","Elapsed":0}
2026-10-09T03:22:14.3311196Z {"Time":"2026-10-09T03:22:14.318801351Z","Action":"run","Package":"github.com/emersion/go-smtp","Test":"TestServer_LMTP_Expand"}
2026-10-09T03:22:14.3312456Z {"Time":"2026-10-09T03:22:14.318804395Z","Action":"output","Package":"github.com/emersion/go-smtp","Test":"TestServer_LMTP_Expand","Output":"=== RUN   TestServer_LMTP_Expand\n"}
2026-10-09T03:22:14.3313945Z {"Time":"2026-10-09T03:22:14.319554642Z","Action":"output","Package":"github.com/emersion/go-smtp","Test":"TestServer_LMTP_Expand","Output":"--- PASS: TestServer_LMTP_Expand (0.00s)\n"}
2026-10-09T03:22:14.3315277Z {"Time":"2026-10-09T03:22:14.319594061Z","Action":"pass","Package":"github.com/emersion/go-smtp","Test":"TestServer_LMTP_Expand","Elapsed":0}
2026-10-09T03:22:14.3316264Z {"Time":"2026-10-09T03:22:14.319629774Z","Action":"run","Package":"github.com/emersion/go-smtp","Test":"TestServer_LMTP_DuplicatedRcpt"}
2026-10-09T03:22:14.3317510Z {"Time":"2026-10-09T03:22:14.319648973Z","Action":"output","Package":"github.com/emersion/go-smtp","Test":"TestServer_LMTP_DuplicatedRcpt","Output":"=== RUN   TestServer_LMTP_DuplicatedRcpt\n"}
2026-10-09T03:22:14.3318754Z {"Time":"2026-10-09T03:22:14.32053321Z","Action":"output","Package":"github.com/emersion/go-smtp","Test":"TestServer_LMTP_DuplicatedRcpt","Output":"--- PASS: TestServer_LMTP_DuplicatedRcpt (0.00s)\n"}
2026-10-09T03:22:14.3319904Z {"Time":"2026-10-09T03:22:14.320563745Z","Action":"pass","Package":"github.com/emersion/go-smtp","Test":"TestServer_LMTP_DuplicatedRcpt","Elapsed":0}
2026-10-09T03:22:14.3320789Z {"Time":"2026-10-09T03:22:14.320568102Z","Action":"run","Package":"github.com/emersion/go-smtp","Test":"TestServerAcceptErrorHandling"}
2026-10-09T03:22:14.3322125Z {"Time":"2026-10-09T03:22:14.320571066Z","Action":"output","Package":"github.com/emersion/go-smtp","Test":"TestServerAcceptErrorHandling","Output":"=== RUN   TestServerAcceptErrorHandling\n"}
2026-10-09T03:22:14.3323140Z {"Time":"2026-10-09T03:22:14.325879821Z","Action":"output","Package":"github.com/emersion/go-smtp","Test":"TestServerAcceptErrorHandling","Output":"--- PASS: TestServerAcceptErrorHandling (0.01s)\n"}
2026-10-09T03:22:14.3323974Z {"Time":"2026-10-09T03:22:14.325892701Z","Action":"pass","Package":"github.com/emersion/go-smtp","Test":"TestServerAcceptErrorHandling","Elapsed":0.01}
2026-10-09T03:22:14.3324789Z {"Time":"2026-10-09T03:22:14.325903537Z","Action":"run","Package":"github.com/emersion/go-smtp","Test":"TestServer_helo"}
2026-10-09T03:22:14.3325558Z {"Time":"2026-10-09T03:22:14.325906251Z","Action":"output","Package":"github.com/emersion/go-smtp","Test":"TestServer_helo","Output":"=== RUN   TestServer_helo\n"}
2026-10-09T03:22:14.3326777Z {"Time":"2026-10-09T03:22:14.326383101Z","Action":"output","Package":"github.com/emersion/go-smtp","Test":"TestServer_helo","Output":"--- PASS: TestServer_helo (0.00s)\n"}
2026-10-09T03:22:14.3327633Z {"Time":"2026-10-09T03:22:14.326403601Z","Action":"pass","Package":"github.com/emersion/go-smtp","Test":"TestServer_helo","Elapsed":0}
2026-10-09T03:22:14.3328592Z {"Time":"2026-10-09T03:22:14.326432074Z","Action":"run","Package":"github.com/emersion/go-smtp","Test":"TestServerAuthTwice"}
2026-10-09T03:22:14.3329834Z {"Time":"2026-10-09T03:22:14.326439114Z","Action":"output","Package":"github.com/emersion/go-smtp","Test":"TestServerAuthTwice","Output":"=== RUN   TestServerAuthTwice\n"}
2026-10-09T03:22:14.3331302Z {"Time":"2026-10-09T03:22:14.327172837Z","Action":"output","Package":"github.com/emersion/go-smtp","Test":"TestServerAuthTwice","Output":"--- PASS: TestServerAuthTwice (0.00s)\n"}
2026-10-09T03:22:14.3332622Z {"Time":"2026-10-09T03:22:14.327183964Z","Action":"pass","Package":"github.com/emersion/go-smtp","Test":"TestServerAuthTwice","Elapsed":0}
2026-10-09T03:22:14.3333726Z {"Time":"2026-10-09T03:22:14.327200518Z","Action":"run","Package":"github.com/emersion/go-smtp","Test":"TestServerCancelSASL"}
2026-10-09T03:22:14.3335139Z {"Time":"2026-10-09T03:22:14.327203372Z","Action":"output","Package":"github.com/emersion/go-smtp","Test":"TestServerCancelSASL","Output":"=== RUN   TestServerCancelSASL\n"}
2026-10-09T03:22:14.3336394Z {"Time":"2026-10-09T03:22:14.327728334Z","Action":"output","Package":"github.com/emersion/go-smtp","Test":"TestServerCancelSASL","Output":"--- PASS: TestServerCancelSASL (0.00s)\n"}
2026-10-09T03:22:14.3337500Z {"Time":"2026-10-09T03:22:14.327740122Z","Action":"pass","Package":"github.com/emersion/go-smtp","Test":"TestServerCancelSASL","Elapsed":0}
2026-10-09T03:22:14.3338201Z {"Time":"2026-10-09T03:22:14.327756727Z","Action":"run","Package":"github.com/emersion/go-smtp","Test":"TestServerEmptyFrom1"}
2026-10-09T03:22:14.3339006Z {"Time":"2026-10-09T03:22:14.327759631Z","Action":"output","Package":"github.com/emersion/go-smtp","Test":"TestServerEmptyFrom1","Output":"=== RUN   TestServerEmptyFrom1\n"}
2026-10-09T03:22:14.3340164Z {"Time":"2026-10-09T03:22:14.328393254Z","Action":"output","Package":"github.com/emersion/go-smtp","Test":"TestServerEmptyFrom1","Output":"--- PASS: TestServerEmptyFrom1 (0.00s)\n"}
2026-10-09T03:22:14.3341187Z {"Time":"2026-10-09T03:22:14.328412794Z","Action":"pass","Package":"github.com/emersion/go-smtp","Test":"TestServerEmptyFrom1","Elapsed":0}
2026-10-09T03:22:14.3341940Z {"Time":"2026-10-09T03:22:14.328420485Z","Action":"run","Package":"github.com/emersion/go-smtp","Test":"TestServerEmptyFrom2"}
2026-10-09T03:22:14.3342651Z {"Time":"2026-10-09T03:22:14.328423449Z","Action":"output","Package":"github.com/emersion/go-smtp","Test":"TestServerEmptyFrom2","Output":"=== RUN   TestServerEmptyFrom2\n"}
2026-10-09T03:22:14.3343477Z {"Time":"2026-10-09T03:22:14.329107218Z","Action":"output","Package":"github.com/emersion/go-smtp","Test":"TestServerEmptyFrom2","Output":"--- PASS: TestServerEmptyFrom2 (0.00s)\n"}
2026-10-09T03:22:14.3344219Z {"Time":"2026-10-09T03:22:14.329119195Z","Action":"pass","Package":"github.com/emersion/go-smtp","Test":"TestServerEmptyFrom2","Elapsed":0}
2026-10-09T03:22:14.3345024Z {"Time":"2026-10-09T03:22:14.329137823Z","Action":"run","Package":"github.com/emersion/go-smtp","Test":"TestServerPanicRecover"}
2026-10-09T03:22:14.3345745Z {"Time":"2026-10-09T03:22:14.329144263Z","Action":"output","Package":"github.com/emersion/go-smtp","Test":"TestServerPanicRecover","Output":"=== RUN   TestServerPanicRecover\n"}
2026-10-09T03:22:14.3346832Z {"Time":"2026-10-09T03:22:14.329787441Z","Action":"output","Package":"github.com/emersion/go-smtp","Test":"TestServerPanicRecover","Output":"--- PASS: TestServerPanicRecover (0.00s)\n"}
2026-10-09T03:22:14.3347595Z {"Time":"2026-10-09T03:22:14.329846178Z","Action":"pass","Package":"github.com/emersion/go-smtp","Test":"TestServerPanicRecover","Elapsed":0}
2026-10-09T03:22:14.3348202Z {"Time":"2026-10-09T03:22:14.329859108Z","Action":"run","Package":"github.com/emersion/go-smtp","Test":"TestServerSMTPUTF8"}
2026-10-09T03:22:14.3348891Z {"Time":"2026-10-09T03:22:14.329864836Z","Action":"output","Package":"github.com/emersion/go-smtp","Test":"TestServerSMTPUTF8","Output":"=== RUN   TestServerSMTPUTF8\n"}
2026-10-09T03:22:14.3349845Z {"Time":"2026-10-09T03:22:14.330584728Z","Action":"output","Package":"github.com/emersion/go-smtp","Test":"TestServerSMTPUTF8","Output":"--- PASS: TestServerSMTPUTF8 (0.00s)\n"}
2026-10-09T03:22:14.3350573Z {"Time":"2026-10-09T03:22:14.330607682Z","Action":"pass","Package":"github.com/emersion/go-smtp","Test":"TestServerSMTPUTF8","Elapsed":0}
2026-10-09T03:22:14.3351205Z {"Time":"2026-10-09T03:22:14.330631238Z","Action":"run","Package":"github.com/emersion/go-smtp","Test":"TestServerSMTPUTF8_Disabled"}
2026-10-09T03:22:14.3351964Z {"Time":"2026-10-09T03:22:14.330634162Z","Action":"output","Package":"github.com/emersion/go-smtp","Test":"TestServerSMTPUTF8_Disabled","Output":"=== RUN   TestServerSMTPUTF8_Disabled\n"}
2026-10-09T03:22:14.3352856Z {"Time":"2026-10-09T03:22:14.33128457Z","Action":"output","Package":"github.com/emersion/go-smtp","Test":"TestServerSMTPUTF8_Disabled","Output":"--- PASS: TestServerSMTPUTF8_Disabled (0.00s)\n"}
2026-10-09T03:22:14.3353793Z {"Time":"2026-10-09T03:22:14.33129796Z","Action":"pass","Package":"github.com/emersion/go-smtp","Test":"TestServerSMTPUTF8_Disabled","Elapsed":0}
2026-10-09T03:22:14.3354738Z {"Time":"2026-10-09T03:22:14.331315426Z","Action":"run","Package":"github.com/emersion/go-smtp","Test":"TestServer8BITMIME"}
2026-10-09T03:22:14.3355431Z {"Time":"2026-10-09T03:22:14.331319222Z","Action":"output","Package":"github.com/emersion/go-smtp","Test":"TestServer8BITMIME","Output":"=== RUN   TestServer8BITMIME\n"}
2026-10-09T03:22:14.3356247Z {"Time":"2026-10-09T03:22:14.331911144Z","Action":"output","Package":"github.com/emersion/go-smtp","Test":"TestServer8BITMIME","Output":"--- PASS: TestServer8BITMIME (0.00s)\n"}
2026-10-09T03:22:14.3356967Z {"Time":"2026-10-09T03:22:14.33192238Z","Action":"pass","Package":"github.com/emersion/go-smtp","Test":"TestServer8BITMIME","Elapsed":0}
2026-10-09T03:22:14.3357584Z {"Time":"2026-10-09T03:22:14.331936261Z","Action":"run","Package":"github.com/emersion/go-smtp","Test":"TestServer_BODYInvalidValue"}
2026-10-09T03:22:14.3358556Z {"Time":"2026-10-09T03:22:14.331941919Z","Action":"output","Package":"github.com/emersion/go-smtp","Test":"TestServer_BODYInvalidValue","Output":"=== RUN   TestServer_BODYInvalidValue\n"}
2026-10-09T03:22:14.3359568Z {"Time":"2026-10-09T03:22:14.332611676Z","Action":"output","Package":"github.com/emersion/go-smtp","Test":"TestServer_BODYInvalidValue","Output":"--- PASS: TestServer_BODYInvalidValue (0.00s)\n"}
2026-10-09T03:22:14.3360355Z {"Time":"2026-10-09T03:22:14.332623133Z","Action":"pass","Package":"github.com/emersion/go-smtp","Test":"TestServer_BODYInvalidValue","Elapsed":0}
2026-10-09T03:22:14.3360985Z {"Time":"2026-10-09T03:22:14.332864202Z","Action":"run","Package":"github.com/emersion/go-smtp","Test":"TestServerUnknownArg"}
2026-10-09T03:22:14.3361688Z {"Time":"2026-10-09T03:22:14.332872925Z","Action":"output","Package":"github.com/emersion/go-smtp","Test":"TestServerUnknownArg","Output":"=== RUN   TestServerUnknownArg\n"}
2026-10-09T03:22:14.3362813Z {"Time":"2026-10-09T03:22:14.333349375Z","Action":"output","Package":"github.com/emersion/go-smtp","Test":"TestServerUnknownArg","Output":"--- PASS: TestServerUnknownArg (0.00s)\n"}
2026-10-09T03:22:14.3363921Z {"Time":"2026-10-09T03:22:14.333364928Z","Action":"pass","Package":"github.com/emersion/go-smtp","Test":"TestServerUnknownArg","Elapsed":0}
2026-10-09T03:22:14.3364773Z {"Time":"2026-10-09T03:22:14.333371718Z","Action":"run","Package":"github.com/emersion/go-smtp","Test":"TestServerBadSize"}
2026-10-09T03:22:14.3365991Z {"Time":"2026-10-09T03:22:14.333374422Z","Action":"output","Package":"github.com/emersion/go-smtp","Test":"TestServerBadSize","Output":"=== RUN   TestServerBadSize\n"}
2026-10-09T03:22:14.3367425Z {"Time":"2026-10-09T03:22:14.333979193Z","Action":"output","Package":"github.com/emersion/go-smtp","Test":"TestServerBadSize","Output":"--- PASS: TestServerBadSize (0.00s)\n"}
2026-10-09T03:22:14.3368698Z {"Time":"2026-10-09T03:22:14.33399064Z","Action":"pass","Package":"github.com/emersion/go-smtp","Test":"TestServerBadSize","Elapsed":0}
2026-10-09T03:22:14.3369731Z {"Time":"2026-10-09T03:22:14.334001586Z","Action":"run","Package":"github.com/emersion/go-smtp","Test":"TestServerTooBig"}
2026-10-09T03:22:14.3370910Z {"Time":"2026-10-09T03:22:14.33400444Z","Action":"output","Package":"github.com/emersion/go-smtp","Test":"TestServerTooBig","Output":"=== RUN   TestServerTooBig\n"}
2026-10-09T03:22:14.3372340Z {"Time":"2026-10-09T03:22:14.334623522Z","Action":"output","Package":"github.com/emersion/go-smtp","Test":"TestServerTooBig","Output":"--- PASS: TestServerTooBig (0.00s)\n"}
2026-10-09T03:22:14.3373438Z {"Time":"2026-10-09T03:22:14.334657242Z","Action":"pass","Package":"github.com/emersion/go-smtp","Test":"TestServerTooBig","Elapsed":0}
2026-10-09T03:22:14.3374352Z {"Time":"2026-10-09T03:22:14.334932703Z","Action":"run","Package":"github.com/emersion/go-smtp","Test":"TestServerEmptyTo"}
2026-10-09T03:22:14.3375673Z {"Time":"2026-10-09T03:22:14.334942427Z","Action":"output","Package":"github.com/emersion/go-smtp","Test":"TestServerEmptyTo","Output":"=== RUN   TestServerEmptyTo\n"}
2026-10-09T03:22:14.3377080Z {"Time":"2026-10-09T03:22:14.335355913Z","Action":"output","Package":"github.com/emersion/go-smtp","Test":"TestServerEmptyTo","Output":"--- PASS: TestServerEmptyTo (0.00s)\n"}
2026-10-09T03:22:14.3378351Z {"Time":"2026-10-09T03:22:14.335381241Z","Action":"pass","Package":"github.com/emersion/go-smtp","Test":"TestServerEmptyTo","Elapsed":0}
2026-10-09T03:22:14.3379411Z {"Time":"2026-10-09T03:22:14.335411976Z","Action":"run","Package":"github.com/emersion/go-smtp","Test":"TestServer"}
2026-10-09T03:22:14.3380499Z {"Time":"2026-10-09T03:22:14.335415161Z","Action":"output","Package":"github.com/emersion/go-smtp","Test":"TestServer","Output":"=== RUN   TestServer\n"}
2026-10-09T03:22:14.3381777Z {"Time":"2026-10-09T03:22:14.336235803Z","Action":"output","Package":"github.com/emersion/go-smtp","Test":"TestServer","Output":"--- PASS: TestServer (0.00s)\n"}
2026-10-09T03:22:14.3382645Z {"Time":"2026-10-09T03:22:14.336245327Z","Action":"pass","Package":"github.com/emersion/go-smtp","Test":"TestServer","Elapsed":0}
2026-10-09T03:22:14.3383233Z {"Time":"2026-10-09T03:22:14.336255653Z","Action":"run","Package":"github.com/emersion/go-smtp","Test":"TestServer_LFDotLF"}
2026-10-09T03:22:14.3384058Z {"Time":"2026-10-09T03:22:14.336258868Z","Action":"output","Package":"github.com/emersion/go-smtp","Test":"TestServer_LFDotLF","Output":"=== RUN   TestServer_LFDotLF\n"}
2026-10-09T03:22:14.3385144Z {"Time":"2026-10-09T03:22:14.337115413Z","Action":"output","Package":"github.com/emersion/go-smtp","Test":"TestServer_LFDotLF","Output":"--- PASS: TestServer_LFDotLF (0.00s)\n"}
2026-10-09T03:22:14.3386225Z {"Time":"2026-10-09T03:22:14.337129033Z","Action":"pass","Package":"github.com/emersion/go-smtp","Test":"TestServer_LFDotLF","Elapsed":0}
2026-10-09T03:22:14.3387179Z {"Time":"2026-10-09T03:22:14.337137416Z","Action":"run","Package":"github.com/emersion/go-smtp","Test":"TestServer_EmptyMessage"}
2026-10-09T03:22:14.3388156Z {"Time":"2026-10-09T03:22:14.337139789Z","Action":"output","Package":"github.com/emersion/go-smtp","Test":"TestServer_EmptyMessage","Output":"=== RUN   TestServer_EmptyMessage\n"}
2026-10-09T03:22:14.3389379Z {"Time":"2026-10-09T03:22:14.337955945Z","Action":"output","Package":"github.com/emersion/go-smtp","Test":"TestServer_EmptyMessage","Output":"--- PASS: TestServer_EmptyMessage (0.00s)\n"}
2026-10-09T03:22:14.3390181Z {"Time":"2026-10-09T03:22:14.337975764Z","Action":"pass","Package":"github.com/emersion/go-smtp","Test":"TestServer_EmptyMessage","Elapsed":0}
2026-10-09T03:22:14.3390810Z {"Time":"2026-10-09T03:22:14.33797954Z","Action":"run","Package":"github.com/emersion/go-smtp","Test":"TestServer_authDisabled"}
2026-10-09T03:22:14.3391532Z {"Time":"2026-10-09T03:22:14.337985078Z","Action":"output","Package":"github.com/emersion/go-smtp","Test":"TestServer_authDisabled","Output":"=== RUN   TestServer_authDisabled\n"}
2026-10-09T03:22:14.3392439Z {"Time":"2026-10-09T03:22:14.338525543Z","Action":"output","Package":"github.com/emersion/go-smtp","Test":"TestServer_authDisabled","Output":"--- PASS: TestServer_authDisabled (0.00s)\n"}
2026-10-09T03:22:14.3393327Z {"Time":"2026-10-09T03:22:14.338546274Z","Action":"pass","Package":"github.com/emersion/go-smtp","Test":"TestServer_authDisabled","Elapsed":0}
2026-10-09T03:22:14.3394158Z {"Time":"2026-10-09T03:22:14.338774644Z","Action":"run","Package":"github.com/emersion/go-smtp","Test":"TestServer_otherCommands"}
2026-10-09T03:22:14.3395527Z {"Time":"2026-10-09T03:22:14.338783798Z","Action":"output","Package":"github.com/emersion/go-smtp","Test":"TestServer_otherCommands","Output":"=== RUN   TestServer_otherCommands\n"}
2026-10-09T03:22:14.3397010Z {"Time":"2026-10-09T03:22:14.33936294Z","Action":"output","Package":"github.com/emersion/go-smtp","Test":"TestServer_otherCommands","Output":"--- PASS: TestServer_otherCommands (0.00s)\n"}
2026-10-09T03:22:14.3397925Z {"Time":"2026-10-09T03:22:14.339372955Z","Action":"pass","Package":"github.com/emersion/go-smtp","Test":"TestServer_otherCommands","Elapsed":0}
2026-10-09T03:22:14.3398598Z {"Time":"2026-10-09T03:22:14.339395889Z","Action":"run","Package":"github.com/emersion/go-smtp","Test":"TestServer_tooManyInvalidCommands"}
2026-10-09T03:22:14.3399407Z {"Time":"2026-10-09T03:22:14.33940313Z","Action":"output","Package":"github.com/emersion/go-smtp","Test":"TestServer_tooManyInvalidCommands","Output":"=== RUN   TestServer_tooManyInvalidCommands\n"}
2026-10-09T03:22:14.3402461Z {"Time":"2026-10-09T03:22:14.340117073Z","Action":"output","Package":"github.com/emersion/go-smtp","Test":"TestServer_tooManyInvalidCommands","Output":"--- PASS: TestServer_tooManyInvalidCommands (0.00s)\n"}
2026-10-09T03:22:14.3403721Z {"Time":"2026-10-09T03:22:14.340127048Z","Action":"pass","Package":"github.com/emersion/go-smtp","Test":"TestServer_tooManyInvalidCommands","Elapsed":0}
2026-10-09T03:22:14.3404404Z {"Time":"2026-10-09T03:22:14.340136913Z","Action":"run","Package":"github.com/emersion/go-smtp","Test":"TestServer_tooLongMessage"}
2026-10-09T03:22:14.3405461Z {"Time":"2026-10-09T03:22:14.34014201Z","Action":"output","Package":"github.com/emersion/go-smtp","Test":"TestServer_tooLongMessage","Output":"=== RUN   TestServer_tooLongMessage\n"}
2026-10-09T03:22:14.3410808Z {"Time":"2026-10-09T03:22:14.340923524Z","Action":"output","Package":"github.com/emersion/go-smtp","Test":"TestServer_tooLongMessage","Output":"--- PASS: TestServer_tooLongMessage (0.00s)\n"}
2026-10-09T03:22:14.3412141Z {"Time":"2026-10-09T03:22:14.340935792Z","Action":"pass","Package":"github.com/emersion/go-smtp","Test":"TestServer_tooLongMessage","Elapsed":0}
2026-10-09T03:22:14.3413212Z {"Time":"2026-10-09T03:22:14.340944065Z","Action":"run","Package":"github.com/emersion/go-smtp","Test":"TestServer_smtpSmuggling"}
2026-10-09T03:22:14.3414035Z {"Time":"2026-10-09T03:22:14.340946879Z","Action":"output","Package":"github.com/emersion/go-smtp","Test":"TestServer_smtpSmuggling","Output":"=== RUN   TestServer_smtpSmuggling\n"}
2026-10-09T03:22:14.3415205Z {"Time":"2026-10-09T03:22:14.34099447Z","Action":"run","Package":"github.com/emersion/go-smtp","Test":"TestServer_smtpSmuggling/\u003cCR\u003e\u003cLF\u003e.\u003cLF\u003e"}
2026-10-09T03:22:14.3417035Z {"Time":"2026-10-09T03:22:14.341012116Z","Action":"output","Package":"github.com/emersion/go-smtp","Test":"TestServer_smtpSmuggling/\u003cCR\u003e\u003cLF\u003e.\u003cLF\u003e","Output":"=== RUN   TestServer_smtpSmuggling/\u003cCR\u003e\u003cLF\u003e.\u003cLF\u003e\n"}
2026-10-09T03:22:14.3419576Z {"Time":"2026-10-09T03:22:14.341825637Z","Action":"output","Package":"github.com/emersion/go-smtp","Test":"TestServer_smtpSmuggling/\u003cCR\u003e\u003cLF\u003e.\u003cLF\u003e","Output":"--- PASS: TestServer_smtpSmuggling/\u003cCR\u003e\u003cLF\u003e.\u003cLF\u003e (0.00s)\n"}
2026-10-09T03:22:14.3421455Z {"Time":"2026-10-09T03:22:14.341837285Z","Action":"pass","Package":"github.com/emersion/go-smtp","Test":"TestServer_smtpSmuggling/\u003cCR\u003e\u003cLF\u003e.\u003cLF\u003e","Elapsed":0}
2026-10-09T03:22:14.3422923Z {"Time":"2026-10-09T03:22:14.341864635Z","Action":"run","Package":"github.com/emersion/go-smtp","Test":"TestServer_smtpSmuggling/\u003cLF\u003e.\u003cCR\u003e\u003cLF\u003e"}
2026-10-09T03:22:14.3424168Z {"Time":"2026-10-09T03:22:14.341879407Z","Action":"output","Package":"github.com/emersion/go-smtp","Test":"TestServer_smtpSmuggling/\u003cLF\u003e.\u003cCR\u003e\u003cLF\u003e","Output":"=== RUN   TestServer_smtpSmuggling/\u003cLF\u003e.\u003cCR\u003e\u003cLF\u003e\n"}
2026-10-09T03:22:14.3429998Z {"Time":"2026-10-09T03:22:14.342621743Z","Action":"output","Package":"github.com/emersion/go-smtp","Test":"TestServer_smtpSmuggling/\u003cLF\u003e.\u003cCR\u003e\u003cLF\u003e","Output":"--- PASS: TestServer_smtpSmuggling/\u003cLF\u003e.\u003cCR\u003e\u003cLF\u003e (0.00s)\n"}
2026-10-09T03:22:14.3431120Z {"Time":"2026-10-09T03:22:14.342634252Z","Action":"pass","Package":"github.com/emersion/go-smtp","Test":"TestServer_smtpSmuggling/\u003cLF\u003e.\u003cCR\u003e\u003cLF\u003e","Elapsed":0}
2026-10-09T03:22:14.3432434Z {"Time":"2026-10-09T03:22:14.342668703Z","Action":"output","Package":"github.com/emersion/go-smtp","Test":"TestServer_smtpSmuggling","Output":"--- PASS: TestServer_smtpSmuggling (0.00s)\n"}
2026-10-09T03:22:14.3433789Z {"Time":"2026-10-09T03:22:14.342685007Z","Action":"pass","Package":"github.com/emersion/go-smtp","Test":"TestServer_smtpSmuggling","Elapsed":0}
2026-10-09T03:22:14.3434999Z {"Time":"2026-10-09T03:22:14.342712218Z","Action":"run","Package":"github.com/emersion/go-smtp","Test":"TestServer_tooLongLine"}
2026-10-09T03:22:14.3436239Z {"Time":"2026-10-09T03:22:14.342715763Z","Action":"output","Package":"github.com/emersion/go-smtp","Test":"TestServer_tooLongLine","Output":"=== RUN   TestServer_tooLongLine\n"}
2026-10-09T03:22:14.3437591Z {"Time":"2026-10-09T03:22:14.343309207Z","Action":"output","Package":"github.com/emersion/go-smtp","Test":"TestServer_tooLongLine","Output":"--- PASS: TestServer_tooLongLine (0.00s)\n"}
2026-10-09T03:22:14.3438346Z {"Time":"2026-10-09T03:22:14.343342046Z","Action":"pass","Package":"github.com/emersion/go-smtp","Test":"TestServer_tooLongLine","Elapsed":0}
2026-10-09T03:22:14.3439206Z {"Time":"2026-10-09T03:22:14.343359441Z","Action":"run","Package":"github.com/emersion/go-smtp","Test":"TestServer_anonymousUserError"}
2026-10-09T03:22:14.3440626Z {"Time":"2026-10-09T03:22:14.343375145Z","Action":"output","Package":"github.com/emersion/go-smtp","Test":"TestServer_anonymousUserError","Output":"=== RUN   TestServer_anonymousUserError\n"}
2026-10-09T03:22:14.3441631Z {"Time":"2026-10-09T03:22:14.343915089Z","Action":"output","Package":"github.com/emersion/go-smtp","Test":"TestServer_anonymousUserError","Output":"--- PASS: TestServer_anonymousUserError (0.00s)\n"}
2026-10-09T03:22:14.3442434Z {"Time":"2026-10-09T03:22:14.343927317Z","Action":"pass","Package":"github.com/emersion/go-smtp","Test":"TestServer_anonymousUserError","Elapsed":0}
2026-10-09T03:22:14.3443090Z {"Time":"2026-10-09T03:22:14.343933286Z","Action":"run","Package":"github.com/emersion/go-smtp","Test":"TestServer_anonymousUserOK"}
2026-10-09T03:22:14.3443836Z {"Time":"2026-10-09T03:22:14.34393611Z","Action":"output","Package":"github.com/emersion/go-smtp","Test":"TestServer_anonymousUserOK","Output":"=== RUN   TestServer_anonymousUserOK\n"}
2026-10-09T03:22:14.3447522Z {"Time":"2026-10-09T03:22:14.344632607Z","Action":"output","Package":"github.com/emersion/go-smtp","Test":"TestServer_anonymousUserOK","Output":"--- PASS: TestServer_anonymousUserOK (0.00s)\n"}
2026-10-09T03:22:14.3448524Z {"Time":"2026-10-09T03:22:14.344642462Z","Action":"pass","Package":"github.com/emersion/go-smtp","Test":"TestServer_anonymousUserOK","Elapsed":0}
2026-10-09T03:22:14.3449469Z {"Time":"2026-10-09T03:22:14.344663764Z","Action":"run","Package":"github.com/emersion/go-smtp","Test":"TestServer_authParam"}
2026-10-09T03:22:14.3450184Z {"Time":"2026-10-09T03:22:14.344668791Z","Action":"output","Package":"github.com/emersion/go-smtp","Test":"TestServer_authParam","Output":"=== RUN   TestServer_authParam\n"}
2026-10-09T03:22:14.3456947Z {"Time":"2026-10-09T03:22:14.345531806Z","Action":"output","Package":"github.com/emersion/go-smtp","Test":"TestServer_authParam","Output":"--- PASS: TestServer_authParam (0.00s)\n"}
2026-10-09T03:22:14.3458297Z {"Time":"2026-10-09T03:22:14.3455411Z","Action":"pass","Package":"github.com/emersion/go-smtp","Test":"TestServer_authParam","Elapsed":0}
2026-10-09T03:22:14.3459419Z {"Time":"2026-10-09T03:22:14.345561721Z","Action":"run","Package":"github.com/emersion/go-smtp","Test":"TestServer_Chunking"}
2026-10-09T03:22:14.3460398Z {"Time":"2026-10-09T03:22:14.345566458Z","Action":"output","Package":"github.com/emersion/go-smtp","Test":"TestServer_Chunking","Output":"=== RUN   TestServer_Chunking\n"}
2026-10-09T03:22:14.3465846Z {"Time":"2026-10-09T03:22:14.346418487Z","Action":"output","Package":"github.com/emersion/go-smtp","Test":"TestServer_Chunking","Output":"--- PASS: TestServer_Chunking (0.00s)\n"}
2026-10-09T03:22:14.3467234Z {"Time":"2026-10-09T03:22:14.346429804Z","Action":"pass","Package":"github.com/emersion/go-smtp","Test":"TestServer_Chunking","Elapsed":0}
2026-10-09T03:22:14.3468096Z {"Time":"2026-10-09T03:22:14.346439788Z","Action":"run","Package":"github.com/emersion/go-smtp","Test":"TestServer_Chunking_LMTP"}
2026-10-09T03:22:14.3468964Z {"Time":"2026-10-09T03:22:14.346478877Z","Action":"output","Package":"github.com/emersion/go-smtp","Test":"TestServer_Chunking_LMTP","Output":"=== RUN   TestServer_Chunking_LMTP\n"}
2026-10-09T03:22:14.3475205Z {"Time":"2026-10-09T03:22:14.347379167Z","Action":"output","Package":"github.com/emersion/go-smtp","Test":"TestServer_Chunking_LMTP","Output":"--- PASS: TestServer_Chunking_LMTP (0.00s)\n"}
2026-10-09T03:22:14.3476308Z {"Time":"2026-10-09T03:22:14.347391726Z","Action":"pass","Package":"github.com/emersion/go-smtp","Test":"TestServer_Chunking_LMTP","Elapsed":0}
2026-10-09T03:22:14.3477199Z {"Time":"2026-10-09T03:22:14.347419578Z","Action":"run","Package":"github.com/emersion/go-smtp","Test":"TestServer_Chunking_Reset"}
2026-10-09T03:22:14.3478076Z {"Time":"2026-10-09T03:22:14.347424685Z","Action":"output","Package":"github.com/emersion/go-smtp","Test":"TestServer_Chunking_Reset","Output":"=== RUN   TestServer_Chunking_Reset\n"}
2026-10-09T03:22:14.3483954Z {"Time":"2026-10-09T03:22:14.348245688Z","Action":"output","Package":"github.com/emersion/go-smtp","Test":"TestServer_Chunking_Reset","Output":"--- PASS: TestServer_Chunking_Reset (0.00s)\n"}
2026-10-09T03:22:14.3485350Z {"Time":"2026-10-09T03:22:14.348258196Z","Action":"pass","Package":"github.com/emersion/go-smtp","Test":"TestServer_Chunking_Reset","Elapsed":0}
2026-10-09T03:22:14.3486441Z {"Time":"2026-10-09T03:22:14.348263594Z","Action":"run","Package":"github.com/emersion/go-smtp","Test":"TestServer_Chunking_ClosedInTheMiddle"}
2026-10-09T03:22:14.3487421Z {"Time":"2026-10-09T03:22:14.348266158Z","Action":"output","Package":"github.com/emersion/go-smtp","Test":"TestServer_Chunking_ClosedInTheMiddle","Output":"=== RUN   TestServer_Chunking_ClosedInTheMiddle\n"}
2026-10-09T03:22:14.3491069Z {"Time":"2026-10-09T03:22:14.348970327Z","Action":"output","Package":"github.com/emersion/go-smtp","Test":"TestServer_Chunking_ClosedInTheMiddle","Output":"--- PASS: TestServer_Chunking_ClosedInTheMiddle (0.00s)\n"}
2026-10-09T03:22:14.3492026Z {"Time":"2026-10-09T03:22:14.348981554Z","Action":"pass","Package":"github.com/emersion/go-smtp","Test":"TestServer_Chunking_ClosedInTheMiddle","Elapsed":0}
2026-10-09T03:22:14.3492739Z {"Time":"2026-10-09T03:22:14.348989756Z","Action":"run","Package":"github.com/emersion/go-smtp","Test":"TestServer_Chunking_EarlyError"}
2026-10-09T03:22:14.3493524Z {"Time":"2026-10-09T03:22:14.348992921Z","Action":"output","Package":"github.com/emersion/go-smtp","Test":"TestServer_Chunking_EarlyError","Output":"=== RUN   TestServer_Chunking_EarlyError\n"}
2026-10-09T03:22:14.3498114Z {"Time":"2026-10-09T03:22:14.349707875Z","Action":"output","Package":"github.com/emersion/go-smtp","Test":"TestServer_Chunking_EarlyError","Output":"--- PASS: TestServer_Chunking_EarlyError (0.00s)\n"}
2026-10-09T03:22:14.3499636Z {"Time":"2026-10-09T03:22:14.349715216Z","Action":"pass","Package":"github.com/emersion/go-smtp","Test":"TestServer_Chunking_EarlyError","Elapsed":0}
2026-10-09T03:22:14.3500842Z {"Time":"2026-10-09T03:22:14.349742256Z","Action":"run","Package":"github.com/emersion/go-smtp","Test":"TestServer_Chunking_EarlyErrorDuringChunk"}
2026-10-09T03:22:14.3502453Z {"Time":"2026-10-09T03:22:14.349747454Z","Action":"output","Package":"github.com/emersion/go-smtp","Test":"TestServer_Chunking_EarlyErrorDuringChunk","Output":"=== RUN   TestServer_Chunking_EarlyErrorDuringChunk\n"}
2026-10-09T03:22:14.3507321Z {"Time":"2026-10-09T03:22:14.350587685Z","Action":"output","Package":"github.com/emersion/go-smtp","Test":"TestServer_Chunking_EarlyErrorDuringChunk","Output":"--- PASS: TestServer_Chunking_EarlyErrorDuringChunk (0.00s)\n"}
2026-10-09T03:22:14.3508987Z {"Time":"2026-10-09T03:22:14.350604781Z","Action":"pass","Package":"github.com/emersion/go-smtp","Test":"TestServer_Chunking_EarlyErrorDuringChunk","Elapsed":0}
2026-10-09T03:22:14.3510280Z {"Time":"2026-10-09T03:22:14.350611301Z","Action":"run","Package":"github.com/emersion/go-smtp","Test":"TestServer_Chunking_tooLongMessage"}
2026-10-09T03:22:14.3511698Z {"Time":"2026-10-09T03:22:14.350614425Z","Action":"output","Package":"github.com/emersion/go-smtp","Test":"TestServer_Chunking_tooLongMessage","Output":"=== RUN   TestServer_Chunking_tooLongMessage\n"}
2026-10-09T03:22:14.3515308Z {"Time":"2026-10-09T03:22:14.351424632Z","Action":"output","Package":"github.com/emersion/go-smtp","Test":"TestServer_Chunking_tooLongMessage","Output":"--- PASS: TestServer_Chunking_tooLongMessage (0.00s)\n"}
2026-10-09T03:22:14.3516484Z {"Time":"2026-10-09T03:22:14.351436279Z","Action":"pass","Package":"github.com/emersion/go-smtp","Test":"TestServer_Chunking_tooLongMessage","Elapsed":0}
2026-10-09T03:22:14.3517472Z {"Time":"2026-10-09T03:22:14.351460495Z","Action":"run","Package":"github.com/emersion/go-smtp","Test":"TestServer_Chunking_Binarymime"}
2026-10-09T03:22:14.3519069Z {"Time":"2026-10-09T03:22:14.35146354Z","Action":"output","Package":"github.com/emersion/go-smtp","Test":"TestServer_Chunking_Binarymime","Output":"=== RUN   TestServer_Chunking_Binarymime\n"}
2026-10-09T03:22:14.3525346Z {"Time":"2026-10-09T03:22:14.352333495Z","Action":"output","Package":"github.com/emersion/go-smtp","Test":"TestServer_Chunking_Binarymime","Output":"--- PASS: TestServer_Chunking_Binarymime (0.00s)\n"}
2026-10-09T03:22:14.3526875Z {"Time":"2026-10-09T03:22:14.352345223Z","Action":"pass","Package":"github.com/emersion/go-smtp","Test":"TestServer_Chunking_Binarymime","Elapsed":0}
2026-10-09T03:22:14.3528588Z {"Time":"2026-10-09T03:22:14.352362388Z","Action":"run","Package":"github.com/emersion/go-smtp","Test":"TestServer_TooLongCommand"}
2026-10-09T03:22:14.3529510Z {"Time":"2026-10-09T03:22:14.352366394Z","Action":"output","Package":"github.com/emersion/go-smtp","Test":"TestServer_TooLongCommand","Output":"=== RUN   TestServer_TooLongCommand\n"}
2026-10-09T03:22:14.3532804Z {"Time":"2026-10-09T03:22:14.353134288Z","Action":"output","Package":"github.com/emersion/go-smtp","Test":"TestServer_TooLongCommand","Output":"--- PASS: TestServer_TooLongCommand (0.00s)\n"}
2026-10-09T03:22:14.3534344Z {"Time":"2026-10-09T03:22:14.353153166Z","Action":"pass","Package":"github.com/emersion/go-smtp","Test":"TestServer_TooLongCommand","Elapsed":0}
2026-10-09T03:22:14.3535640Z {"Time":"2026-10-09T03:22:14.353161829Z","Action":"run","Package":"github.com/emersion/go-smtp","Test":"TestServerShutdown"}
2026-10-09T03:22:14.3536649Z {"Time":"2026-10-09T03:22:14.353165434Z","Action":"output","Package":"github.com/emersion/go-smtp","Test":"TestServerShutdown","Output":"=== RUN   TestServerShutdown\n"}
2026-10-09T03:22:14.3549810Z {"Time":"2026-10-09T03:22:14.354520042Z","Action":"output","Package":"github.com/emersion/go-smtp","Test":"TestServerShutdown","Output":"--- PASS: TestServerShutdown (0.00s)\n"}
2026-10-09T03:22:14.3551167Z {"Time":"2026-10-09T03:22:14.354530848Z","Action":"pass","Package":"github.com/emersion/go-smtp","Test":"TestServerShutdown","Elapsed":0}
2026-10-09T03:22:14.3552116Z {"Time":"2026-10-09T03:22:14.354584648Z","Action":"run","Package":"github.com/emersion/go-smtp","Test":"TestServerDSN"}
2026-10-09T03:22:14.3552832Z {"Time":"2026-10-09T03:22:14.354591157Z","Action":"output","Package":"github.com/emersion/go-smtp","Test":"TestServerDSN","Output":"=== RUN   TestServerDSN\n"}
2026-10-09T03:22:14.3561384Z {"Time":"2026-10-09T03:22:14.356003611Z","Action":"output","Package":"github.com/emersion/go-smtp","Test":"TestServerDSN","Output":"--- PASS: TestServerDSN (0.00s)\n"}
2026-10-09T03:22:14.3562600Z {"Time":"2026-10-09T03:22:14.356015999Z","Action":"pass","Package":"github.com/emersion/go-smtp","Test":"TestServerDSN","Elapsed":0}
2026-10-09T03:22:14.3563300Z {"Time":"2026-10-09T03:22:14.356046395Z","Action":"run","Package":"github.com/emersion/go-smtp","Test":"TestServerDSNwithSMTPUTF8"}
2026-10-09T03:22:14.3564101Z {"Time":"2026-10-09T03:22:14.356052474Z","Action":"output","Package":"github.com/emersion/go-smtp","Test":"TestServerDSNwithSMTPUTF8","Output":"=== RUN   TestServerDSNwithSMTPUTF8\n"}
2026-10-09T03:22:14.3572789Z {"Time":"2026-10-09T03:22:14.357153914Z","Action":"output","Package":"github.com/emersion/go-smtp","Test":"TestServerDSNwithSMTPUTF8","Output":"--- PASS: TestServerDSNwithSMTPUTF8 (0.00s)\n"}
2026-10-09T03:22:14.3574565Z {"Time":"2026-10-09T03:22:14.357163218Z","Action":"pass","Package":"github.com/emersion/go-smtp","Test":"TestServerDSNwithSMTPUTF8","Elapsed":0}
2026-10-09T03:22:14.3575387Z {"Time":"2026-10-09T03:22:14.357182707Z","Action":"run","Package":"github.com/emersion/go-smtp","Test":"TestServerRRVS"}
2026-10-09T03:22:14.3576103Z {"Time":"2026-10-09T03:22:14.357188445Z","Action":"output","Package":"github.com/emersion/go-smtp","Test":"TestServerRRVS","Output":"=== RUN   TestServerRRVS\n"}
2026-10-09T03:22:14.3580939Z {"Time":"2026-10-09T03:22:14.357960074Z","Action":"output","Package":"github.com/emersion/go-smtp","Test":"TestServerRRVS","Output":"--- PASS: TestServerRRVS (0.00s)\n"}
2026-10-09T03:22:14.3582572Z {"Time":"2026-10-09T03:22:14.35798407Z","Action":"pass","Package":"github.com/emersion/go-smtp","Test":"TestServerRRVS","Elapsed":0}
2026-10-09T03:22:14.3583740Z {"Time":"2026-10-09T03:22:14.358015677Z","Action":"run","Package":"github.com/emersion/go-smtp","Test":"TestServerDELIVERBY"}
2026-10-09T03:22:14.3585384Z {"Time":"2026-10-09T03:22:14.3580244Z","Action":"output","Package":"github.com/emersion/go-smtp","Test":"TestServerDELIVERBY","Output":"=== RUN   TestServerDELIVERBY\n"}
2026-10-09T03:22:14.3590498Z {"Time":"2026-10-09T03:22:14.358947425Z","Action":"output","Package":"github.com/emersion/go-smtp","Test":"TestServerDELIVERBY","Output":"--- PASS: TestServerDELIVERBY (0.00s)\n"}
2026-10-09T03:22:14.3591668Z {"Time":"2026-10-09T03:22:14.358958481Z","Action":"pass","Package":"github.com/emersion/go-smtp","Test":"TestServerDELIVERBY","Elapsed":0}
2026-10-09T03:22:14.3592803Z {"Time":"2026-10-09T03:22:14.358968636Z","Action":"run","Package":"github.com/emersion/go-smtp","Test":"TestServerMTPRIORITY"}
2026-10-09T03:22:14.3594065Z {"Time":"2026-10-09T03:22:14.358971681Z","Action":"output","Package":"github.com/emersion/go-smtp","Test":"TestServerMTPRIORITY","Output":"=== RUN   TestServerMTPRIORITY\n"}
2026-10-09T03:22:14.3599465Z {"Time":"2026-10-09T03:22:14.359842828Z","Action":"output","Package":"github.com/emersion/go-smtp","Test":"TestServerMTPRIORITY","Output":"--- PASS: TestServerMTPRIORITY (0.00s)\n"}
2026-10-09T03:22:14.3600271Z {"Time":"2026-10-09T03:22:14.359853965Z","Action":"pass","Package":"github.com/emersion/go-smtp","Test":"TestServerMTPRIORITY","Elapsed":0}
2026-10-09T03:22:14.3601327Z {"Time":"2026-10-09T03:22:14.360075034Z","Action":"output","Package":"github.com/emersion/go-smtp","Output":"PASS\n"}
2026-10-09T03:22:15.3624299Z {"Time":"2026-10-09T03:22:15.362196698Z","Action":"output","Package":"github.com/emersion/go-smtp","Output":"ok  \tgithub.com/emersion/go-smtp\t1.080s\n"}
2026-10-09T03:22:15.3625187Z {"Time":"2026-10-09T03:22:15.362222847Z","Action":"pass","Package":"github.com/emersion/go-smtp","Elapsed":1.08}
2026-10-09T03:22:15.3886362Z {"Time":"2026-10-09T03:22:15.38840734Z","Action":"start","Package":"github.com/emersion/go-smtp/cmd/smtp-debug-server"}
2026-10-09T03:22:15.3887286Z {"Time":"2026-10-09T03:22:15.388429974Z","Action":"output","Package":"github.com/emersion/go-smtp/cmd/smtp-debug-server","Output":"?   \tgithub.com/emersion/go-smtp/cmd/smtp-debug-server\t[no test files]\n"}
2026-10-09T03:22:15.3888144Z {"Time":"2026-10-09T03:22:15.388436354Z","Action":"skip","Package":"github.com/emersion/go-smtp/cmd/smtp-debug-server","Elapsed":0}
2026-10-09T03:22:15.5627210Z ##[group]Run set -euo pipefail
2026-10-09T03:22:15.5627499Z [36;1mset -euo pipefail[0m
2026-10-09T03:22:15.5627791Z [36;1mgo test -mod=readonly -race -p 1 -count=1 -timeout=120s -json \[0m
2026-10-09T03:22:15.5628106Z [36;1m  ./internal/api/handlers \[0m
2026-10-09T03:22:15.5628597Z [36;1m  -run '^(TestR5(SMTPPolicy|TemplateNUL|AdminName)|TestAdminHandlerSMTPPolicyFallbackAndUpdate$)' | tee exec-evidence/http.jsonl[0m
2026-10-09T03:22:15.5684992Z shell: /usr/bin/bash -e {0}
2026-10-09T03:22:15.5685213Z ##[endgroup]
2026-10-09T03:22:38.2866365Z {"Time":"2026-10-09T03:22:38.286328242Z","Action":"start","Package":"tabmail/internal/api/handlers"}
2026-10-09T03:22:38.3081725Z {"Time":"2026-10-09T03:22:38.307929965Z","Action":"run","Package":"tabmail/internal/api/handlers","Test":"TestAdminHandlerSMTPPolicyFallbackAndUpdate"}
2026-10-09T03:22:38.3083329Z {"Time":"2026-10-09T03:22:38.307957266Z","Action":"output","Package":"tabmail/internal/api/handlers","Test":"TestAdminHandlerSMTPPolicyFallbackAndUpdate","Output":"=== RUN   TestAdminHandlerSMTPPolicyFallbackAndUpdate\n"}
2026-10-09T03:22:38.3092510Z {"Time":"2026-10-09T03:22:38.309079273Z","Action":"output","Package":"tabmail/internal/api/handlers","Test":"TestAdminHandlerSMTPPolicyFallbackAndUpdate","Output":"--- PASS: TestAdminHandlerSMTPPolicyFallbackAndUpdate (0.00s)\n"}
2026-10-09T03:22:38.3094309Z {"Time":"2026-10-09T03:22:38.309094856Z","Action":"pass","Package":"tabmail/internal/api/handlers","Test":"TestAdminHandlerSMTPPolicyFallbackAndUpdate","Elapsed":0}
2026-10-09T03:22:38.3096093Z {"Time":"2026-10-09T03:22:38.309326731Z","Action":"run","Package":"tabmail/internal/api/handlers","Test":"TestR5AdminNameRejectsBeforePersistence"}
2026-10-09T03:22:38.3097442Z {"Time":"2026-10-09T03:22:38.309336796Z","Action":"output","Package":"tabmail/internal/api/handlers","Test":"TestR5AdminNameRejectsBeforePersistence","Output":"=== RUN   TestR5AdminNameRejectsBeforePersistence\n"}
2026-10-09T03:22:38.3098396Z {"Time":"2026-10-09T03:22:38.309430395Z","Action":"run","Package":"tabmail/internal/api/handlers","Test":"TestR5AdminNameRejectsBeforePersistence/tenant_create/empty"}
2026-10-09T03:22:38.3099479Z {"Time":"2026-10-09T03:22:38.309439208Z","Action":"output","Package":"tabmail/internal/api/handlers","Test":"TestR5AdminNameRejectsBeforePersistence/tenant_create/empty","Output":"=== RUN   TestR5AdminNameRejectsBeforePersistence/tenant_create/empty\n"}
2026-10-09T03:22:38.3101637Z {"Time":"2026-10-09T03:22:38.309980973Z","Action":"output","Package":"tabmail/internal/api/handlers","Test":"TestR5AdminNameRejectsBeforePersistence/tenant_create/empty","Output":"--- PASS: TestR5AdminNameRejectsBeforePersistence/tenant_create/empty (0.00s)\n"}
2026-10-09T03:22:38.3102770Z {"Time":"2026-10-09T03:22:38.309995404Z","Action":"pass","Package":"tabmail/internal/api/handlers","Test":"TestR5AdminNameRejectsBeforePersistence/tenant_create/empty","Elapsed":0}
2026-10-09T03:22:38.3125948Z {"Time":"2026-10-09T03:22:38.312473728Z","Action":"run","Package":"tabmail/internal/api/handlers","Test":"TestR5AdminNameRejectsBeforePersistence/tenant_create/omitted"}
2026-10-09T03:22:38.3127138Z {"Time":"2026-10-09T03:22:38.312482451Z","Action":"output","Package":"tabmail/internal/api/handlers","Test":"TestR5AdminNameRejectsBeforePersistence/tenant_create/omitted","Output":"=== RUN   TestR5AdminNameRejectsBeforePersistence/tenant_create/omitted\n"}
2026-10-09T03:22:38.3128802Z {"Time":"2026-10-09T03:22:38.312487348Z","Action":"output","Package":"tabmail/internal/api/handlers","Test":"TestR5AdminNameRejectsBeforePersistence/tenant_create/omitted","Output":"--- PASS: TestR5AdminNameRejectsBeforePersistence/tenant_create/omitted (0.00s)\n"}
2026-10-09T03:22:38.3129933Z {"Time":"2026-10-09T03:22:38.312490122Z","Action":"pass","Package":"tabmail/internal/api/handlers","Test":"TestR5AdminNameRejectsBeforePersistence/tenant_create/omitted","Elapsed":0}
2026-10-09T03:22:38.3131125Z {"Time":"2026-10-09T03:22:38.312498254Z","Action":"run","Package":"tabmail/internal/api/handlers","Test":"TestR5AdminNameRejectsBeforePersistence/tenant_create/null"}
2026-10-09T03:22:38.3132215Z {"Time":"2026-10-09T03:22:38.312504173Z","Action":"output","Package":"tabmail/internal/api/handlers","Test":"TestR5AdminNameRejectsBeforePersistence/tenant_create/null","Output":"=== RUN   TestR5AdminNameRejectsBeforePersistence/tenant_create/null\n"}
2026-10-09T03:22:38.3133553Z {"Time":"2026-10-09T03:22:38.31250891Z","Action":"output","Package":"tabmail/internal/api/handlers","Test":"TestR5AdminNameRejectsBeforePersistence/tenant_create/null","Output":"--- PASS: TestR5AdminNameRejectsBeforePersistence/tenant_create/null (0.00s)\n"}
2026-10-09T03:22:38.3135013Z {"Time":"2026-10-09T03:22:38.312512525Z","Action":"pass","Package":"tabmail/internal/api/handlers","Test":"TestR5AdminNameRejectsBeforePersistence/tenant_create/null","Elapsed":0}
2026-10-09T03:22:38.3135934Z {"Time":"2026-10-09T03:22:38.31251584Z","Action":"run","Package":"tabmail/internal/api/handlers","Test":"TestR5AdminNameRejectsBeforePersistence/tenant_create/ascii_whitespace"}
2026-10-09T03:22:38.3137121Z {"Time":"2026-10-09T03:22:38.312518775Z","Action":"output","Package":"tabmail/internal/api/handlers","Test":"TestR5AdminNameRejectsBeforePersistence/tenant_create/ascii_whitespace","Output":"=== RUN   TestR5AdminNameRejectsBeforePersistence/tenant_create/ascii_whitespace\n"}
2026-10-09T03:22:38.3138565Z {"Time":"2026-10-09T03:22:38.31252234Z","Action":"output","Package":"tabmail/internal/api/handlers","Test":"TestR5AdminNameRejectsBeforePersistence/tenant_create/ascii_whitespace","Output":"--- PASS: TestR5AdminNameRejectsBeforePersistence/tenant_create/ascii_whitespace (0.00s)\n"}
2026-10-09T03:22:38.3139945Z {"Time":"2026-10-09T03:22:38.312525845Z","Action":"pass","Package":"tabmail/internal/api/handlers","Test":"TestR5AdminNameRejectsBeforePersistence/tenant_create/ascii_whitespace","Elapsed":0}
2026-10-09T03:22:38.3140905Z {"Time":"2026-10-09T03:22:38.312530812Z","Action":"run","Package":"tabmail/internal/api/handlers","Test":"TestR5AdminNameRejectsBeforePersistence/tenant_create/unicode_whitespace"}
2026-10-09T03:22:38.3142123Z {"Time":"2026-10-09T03:22:38.312533647Z","Action":"output","Package":"tabmail/internal/api/handlers","Test":"TestR5AdminNameRejectsBeforePersistence/tenant_create/unicode_whitespace","Output":"=== RUN   TestR5AdminNameRejectsBeforePersistence/tenant_create/unicode_whitespace\n"}
2026-10-09T03:22:38.3143589Z {"Time":"2026-10-09T03:22:38.312538514Z","Action":"output","Package":"tabmail/internal/api/handlers","Test":"TestR5AdminNameRejectsBeforePersistence/tenant_create/unicode_whitespace","Output":"--- PASS: TestR5AdminNameRejectsBeforePersistence/tenant_create/unicode_whitespace (0.00s)\n"}
2026-10-09T03:22:38.3145268Z {"Time":"2026-10-09T03:22:38.312543712Z","Action":"pass","Package":"tabmail/internal/api/handlers","Test":"TestR5AdminNameRejectsBeforePersistence/tenant_create/unicode_whitespace","Elapsed":0}
2026-10-09T03:22:38.3146875Z {"Time":"2026-10-09T03:22:38.312547788Z","Action":"run","Package":"tabmail/internal/api/handlers","Test":"TestR5AdminNameRejectsBeforePersistence/tenant_create/embedded_nul"}
2026-10-09T03:22:38.3148801Z {"Time":"2026-10-09T03:22:38.312550482Z","Action":"output","Package":"tabmail/internal/api/handlers","Test":"TestR5AdminNameRejectsBeforePersistence/tenant_create/embedded_nul","Output":"=== RUN   TestR5AdminNameRejectsBeforePersistence/tenant_create/embedded_nul\n"}
2026-10-09T03:22:38.3151259Z {"Time":"2026-10-09T03:22:38.312554768Z","Action":"output","Package":"tabmail/internal/api/handlers","Test":"TestR5AdminNameRejectsBeforePersistence/tenant_create/embedded_nul","Output":"--- PASS: TestR5AdminNameRejectsBeforePersistence/tenant_create/embedded_nul (0.00s)\n"}
2026-10-09T03:22:38.3153178Z {"Time":"2026-10-09T03:22:38.312558714Z","Action":"pass","Package":"tabmail/internal/api/handlers","Test":"TestR5AdminNameRejectsBeforePersistence/tenant_create/embedded_nul","Elapsed":0}
2026-10-09T03:22:38.3154246Z {"Time":"2026-10-09T03:22:38.312564813Z","Action":"run","Package":"tabmail/internal/api/handlers","Test":"TestR5AdminNameRejectsBeforePersistence/tenant_create/ascii_over_limit"}
2026-10-09T03:22:38.3156195Z {"Time":"2026-10-09T03:22:38.312566556Z","Action":"output","Package":"tabmail/internal/api/handlers","Test":"TestR5AdminNameRejectsBeforePersistence/tenant_create/ascii_over_limit","Output":"=== RUN   TestR5AdminNameRejectsBeforePersistence/tenant_create/ascii_over_limit\n"}
2026-10-09T03:22:38.3158979Z {"Time":"2026-10-09T03:22:38.312782797Z","Action":"output","Package":"tabmail/internal/api/handlers","Test":"TestR5AdminNameRejectsBeforePersistence/tenant_create/ascii_over_limit","Output":"--- PASS: TestR5AdminNameRejectsBeforePersistence/tenant_create/ascii_over_limit (0.00s)\n"}
2026-10-09T03:22:38.3160658Z {"Time":"2026-10-09T03:22:38.312795726Z","Action":"pass","Package":"tabmail/internal/api/handlers","Test":"TestR5AdminNameRejectsBeforePersistence/tenant_create/ascii_over_limit","Elapsed":0}
2026-10-09T03:22:38.3161570Z {"Time":"2026-10-09T03:22:38.312837779Z","Action":"run","Package":"tabmail/internal/api/handlers","Test":"TestR5AdminNameRejectsBeforePersistence/tenant_create/unicode_over_limit"}
2026-10-09T03:22:38.3162764Z {"Time":"2026-10-09T03:22:38.31284549Z","Action":"output","Package":"tabmail/internal/api/handlers","Test":"TestR5AdminNameRejectsBeforePersistence/tenant_create/unicode_over_limit","Output":"=== RUN   TestR5AdminNameRejectsBeforePersistence/tenant_create/unicode_over_limit\n"}
2026-10-09T03:22:38.3164570Z {"Time":"2026-10-09T03:22:38.31338407Z","Action":"output","Package":"tabmail/internal/api/handlers","Test":"TestR5AdminNameRejectsBeforePersistence/tenant_create/unicode_over_limit","Output":"--- PASS: TestR5AdminNameRejectsBeforePersistence/tenant_create/unicode_over_limit (0.00s)\n"}
2026-10-09T03:22:38.3166247Z {"Time":"2026-10-09T03:22:38.313411742Z","Action":"pass","Package":"tabmail/internal/api/handlers","Test":"TestR5AdminNameRejectsBeforePersistence/tenant_create/unicode_over_limit","Elapsed":0}
2026-10-09T03:22:38.3167456Z {"Time":"2026-10-09T03:22:38.314939823Z","Action":"run","Package":"tabmail/internal/api/handlers","Test":"TestR5AdminNameRejectsBeforePersistence/plan_create/empty"}
2026-10-09T03:22:38.3168520Z {"Time":"2026-10-09T03:22:38.31495163Z","Action":"output","Package":"tabmail/internal/api/handlers","Test":"TestR5AdminNameRejectsBeforePersistence/plan_create/empty","Output":"=== RUN   TestR5AdminNameRejectsBeforePersistence/plan_create/empty\n"}
2026-10-09T03:22:38.3169788Z {"Time":"2026-10-09T03:22:38.314956968Z","Action":"output","Package":"tabmail/internal/api/handlers","Test":"TestR5AdminNameRejectsBeforePersistence/plan_create/empty","Output":"--- PASS: TestR5AdminNameRejectsBeforePersistence/plan_create/empty (0.00s)\n"}
2026-10-09T03:22:38.3170871Z {"Time":"2026-10-09T03:22:38.314960854Z","Action":"pass","Package":"tabmail/internal/api/handlers","Test":"TestR5AdminNameRejectsBeforePersistence/plan_create/empty","Elapsed":0}
2026-10-09T03:22:38.3172274Z {"Time":"2026-10-09T03:22:38.314966282Z","Action":"run","Package":"tabmail/internal/api/handlers","Test":"TestR5AdminNameRejectsBeforePersistence/plan_create/omitted"}
2026-10-09T03:22:38.3173316Z {"Time":"2026-10-09T03:22:38.314969156Z","Action":"output","Package":"tabmail/internal/api/handlers","Test":"TestR5AdminNameRejectsBeforePersistence/plan_create/omitted","Output":"=== RUN   TestR5AdminNameRejectsBeforePersistence/plan_create/omitted\n"}
2026-10-09T03:22:38.3174753Z {"Time":"2026-10-09T03:22:38.314973152Z","Action":"output","Package":"tabmail/internal/api/handlers","Test":"TestR5AdminNameRejectsBeforePersistence/plan_create/omitted","Output":"--- PASS: TestR5AdminNameRejectsBeforePersistence/plan_create/omitted (0.00s)\n"}
2026-10-09T03:22:38.3175839Z {"Time":"2026-10-09T03:22:38.314980313Z","Action":"pass","Package":"tabmail/internal/api/handlers","Test":"TestR5AdminNameRejectsBeforePersistence/plan_create/omitted","Elapsed":0}
2026-10-09T03:22:38.3177160Z {"Time":"2026-10-09T03:22:38.314983357Z","Action":"run","Package":"tabmail/internal/api/handlers","Test":"TestR5AdminNameRejectsBeforePersistence/plan_create/null"}
2026-10-09T03:22:38.3178311Z {"Time":"2026-10-09T03:22:38.314986121Z","Action":"output","Package":"tabmail/internal/api/handlers","Test":"TestR5AdminNameRejectsBeforePersistence/plan_create/null","Output":"=== RUN   TestR5AdminNameRejectsBeforePersistence/plan_create/null\n"}
2026-10-09T03:22:38.3179562Z {"Time":"2026-10-09T03:22:38.314989857Z","Action":"output","Package":"tabmail/internal/api/handlers","Test":"TestR5AdminNameRejectsBeforePersistence/plan_create/null","Output":"--- PASS: TestR5AdminNameRejectsBeforePersistence/plan_create/null (0.00s)\n"}
2026-10-09T03:22:38.3180649Z {"Time":"2026-10-09T03:22:38.314996357Z","Action":"pass","Package":"tabmail/internal/api/handlers","Test":"TestR5AdminNameRejectsBeforePersistence/plan_create/null","Elapsed":0}
2026-10-09T03:22:38.3189315Z {"Time":"2026-10-09T03:22:38.315581015Z","Action":"run","Package":"tabmail/internal/api/handlers","Test":"TestR5AdminNameRejectsBeforePersistence/plan_create/ascii_whitespace"}
2026-10-09T03:22:38.3191140Z {"Time":"2026-10-09T03:22:38.315615657Z","Action":"output","Package":"tabmail/internal/api/handlers","Test":"TestR5AdminNameRejectsBeforePersistence/plan_create/ascii_whitespace","Output":"=== RUN   TestR5AdminNameRejectsBeforePersistence/plan_create/ascii_whitespace\n"}
2026-10-09T03:22:38.3193224Z {"Time":"2026-10-09T03:22:38.316541633Z","Action":"output","Package":"tabmail/internal/api/handlers","Test":"TestR5AdminNameRejectsBeforePersistence/plan_create/ascii_whitespace","Output":"--- PASS: TestR5AdminNameRejectsBeforePersistence/plan_create/ascii_whitespace (0.00s)\n"}
2026-10-09T03:22:38.3194835Z {"Time":"2026-10-09T03:22:38.316554382Z","Action":"pass","Package":"tabmail/internal/api/handlers","Test":"TestR5AdminNameRejectsBeforePersistence/plan_create/ascii_whitespace","Elapsed":0}
2026-10-09T03:22:38.3195809Z {"Time":"2026-10-09T03:22:38.316624086Z","Action":"run","Package":"tabmail/internal/api/handlers","Test":"TestR5AdminNameRejectsBeforePersistence/plan_create/unicode_whitespace"}
2026-10-09T03:22:38.3196988Z {"Time":"2026-10-09T03:22:38.316632368Z","Action":"output","Package":"tabmail/internal/api/handlers","Test":"TestR5AdminNameRejectsBeforePersistence/plan_create/unicode_whitespace","Output":"=== RUN   TestR5AdminNameRejectsBeforePersistence/plan_create/unicode_whitespace\n"}
2026-10-09T03:22:38.3199065Z {"Time":"2026-10-09T03:22:38.317110819Z","Action":"output","Package":"tabmail/internal/api/handlers","Test":"TestR5AdminNameRejectsBeforePersistence/plan_create/unicode_whitespace","Output":"--- PASS: TestR5AdminNameRejectsBeforePersistence/plan_create/unicode_whitespace (0.00s)\n"}
2026-10-09T03:22:38.3200258Z {"Time":"2026-10-09T03:22:38.317141184Z","Action":"pass","Package":"tabmail/internal/api/handlers","Test":"TestR5AdminNameRejectsBeforePersistence/plan_create/unicode_whitespace","Elapsed":0}
2026-10-09T03:22:38.3201149Z {"Time":"2026-10-09T03:22:38.317167884Z","Action":"run","Package":"tabmail/internal/api/handlers","Test":"TestR5AdminNameRejectsBeforePersistence/plan_create/embedded_nul"}
2026-10-09T03:22:38.3202406Z {"Time":"2026-10-09T03:22:38.317172401Z","Action":"output","Package":"tabmail/internal/api/handlers","Test":"TestR5AdminNameRejectsBeforePersistence/plan_create/embedded_nul","Output":"=== RUN   TestR5AdminNameRejectsBeforePersistence/plan_create/embedded_nul\n"}
2026-10-09T03:22:38.3204167Z {"Time":"2026-10-09T03:22:38.317641167Z","Action":"output","Package":"tabmail/internal/api/handlers","Test":"TestR5AdminNameRejectsBeforePersistence/plan_create/embedded_nul","Output":"--- PASS: TestR5AdminNameRejectsBeforePersistence/plan_create/embedded_nul (0.00s)\n"}
2026-10-09T03:22:38.3205465Z {"Time":"2026-10-09T03:22:38.317669039Z","Action":"pass","Package":"tabmail/internal/api/handlers","Test":"TestR5AdminNameRejectsBeforePersistence/plan_create/embedded_nul","Elapsed":0}
2026-10-09T03:22:38.3206409Z {"Time":"2026-10-09T03:22:38.317706504Z","Action":"run","Package":"tabmail/internal/api/handlers","Test":"TestR5AdminNameRejectsBeforePersistence/plan_create/ascii_over_limit"}
2026-10-09T03:22:38.3207946Z {"Time":"2026-10-09T03:22:38.317712083Z","Action":"output","Package":"tabmail/internal/api/handlers","Test":"TestR5AdminNameRejectsBeforePersistence/plan_create/ascii_over_limit","Output":"=== RUN   TestR5AdminNameRejectsBeforePersistence/plan_create/ascii_over_limit\n"}
2026-10-09T03:22:38.3209599Z {"Time":"2026-10-09T03:22:38.318170013Z","Action":"output","Package":"tabmail/internal/api/handlers","Test":"TestR5AdminNameRejectsBeforePersistence/plan_create/ascii_over_limit","Output":"--- PASS: TestR5AdminNameRejectsBeforePersistence/plan_create/ascii_over_limit (0.00s)\n"}
2026-10-09T03:22:38.3210820Z {"Time":"2026-10-09T03:22:38.318178546Z","Action":"pass","Package":"tabmail/internal/api/handlers","Test":"TestR5AdminNameRejectsBeforePersistence/plan_create/ascii_over_limit","Elapsed":0}
2026-10-09T03:22:38.3211722Z {"Time":"2026-10-09T03:22:38.318226527Z","Action":"run","Package":"tabmail/internal/api/handlers","Test":"TestR5AdminNameRejectsBeforePersistence/plan_create/unicode_over_limit"}
2026-10-09T03:22:38.3213337Z {"Time":"2026-10-09T03:22:38.318233067Z","Action":"output","Package":"tabmail/internal/api/handlers","Test":"TestR5AdminNameRejectsBeforePersistence/plan_create/unicode_over_limit","Output":"=== RUN   TestR5AdminNameRejectsBeforePersistence/plan_create/unicode_over_limit\n"}
2026-10-09T03:22:38.3215285Z {"Time":"2026-10-09T03:22:38.318678389Z","Action":"output","Package":"tabmail/internal/api/handlers","Test":"TestR5AdminNameRejectsBeforePersistence/plan_create/unicode_over_limit","Output":"--- PASS: TestR5AdminNameRejectsBeforePersistence/plan_create/unicode_over_limit (0.00s)\n"}
2026-10-09T03:22:38.3216742Z {"Time":"2026-10-09T03:22:38.318691027Z","Action":"pass","Package":"tabmail/internal/api/handlers","Test":"TestR5AdminNameRejectsBeforePersistence/plan_create/unicode_over_limit","Elapsed":0}
2026-10-09T03:22:38.3217695Z {"Time":"2026-10-09T03:22:38.318743335Z","Action":"run","Package":"tabmail/internal/api/handlers","Test":"TestR5AdminNameRejectsBeforePersistence/plan_update/empty"}
2026-10-09T03:22:38.3219236Z {"Time":"2026-10-09T03:22:38.318751307Z","Action":"output","Package":"tabmail/internal/api/handlers","Test":"TestR5AdminNameRejectsBeforePersistence/plan_update/empty","Output":"=== RUN   TestR5AdminNameRejectsBeforePersistence/plan_update/empty\n"}
2026-10-09T03:22:38.3220524Z {"Time":"2026-10-09T03:22:38.319216899Z","Action":"output","Package":"tabmail/internal/api/handlers","Test":"TestR5AdminNameRejectsBeforePersistence/plan_update/empty","Output":"--- PASS: TestR5AdminNameRejectsBeforePersistence/plan_update/empty (0.00s)\n"}
2026-10-09T03:22:38.3221600Z {"Time":"2026-10-09T03:22:38.319229938Z","Action":"pass","Package":"tabmail/internal/api/handlers","Test":"TestR5AdminNameRejectsBeforePersistence/plan_update/empty","Elapsed":0}
2026-10-09T03:22:38.3222437Z {"Time":"2026-10-09T03:22:38.319269817Z","Action":"run","Package":"tabmail/internal/api/handlers","Test":"TestR5AdminNameRejectsBeforePersistence/plan_update/omitted"}
2026-10-09T03:22:38.3224070Z {"Time":"2026-10-09T03:22:38.319282937Z","Action":"output","Package":"tabmail/internal/api/handlers","Test":"TestR5AdminNameRejectsBeforePersistence/plan_update/omitted","Output":"=== RUN   TestR5AdminNameRejectsBeforePersistence/plan_update/omitted\n"}
2026-10-09T03:22:38.3225557Z {"Time":"2026-10-09T03:22:38.319714038Z","Action":"output","Package":"tabmail/internal/api/handlers","Test":"TestR5AdminNameRejectsBeforePersistence/plan_update/omitted","Output":"--- PASS: TestR5AdminNameRejectsBeforePersistence/plan_update/omitted (0.00s)\n"}
2026-10-09T03:22:38.3226664Z {"Time":"2026-10-09T03:22:38.31972233Z","Action":"pass","Package":"tabmail/internal/api/handlers","Test":"TestR5AdminNameRejectsBeforePersistence/plan_update/omitted","Elapsed":0}
2026-10-09T03:22:38.3227505Z {"Time":"2026-10-09T03:22:38.319775148Z","Action":"run","Package":"tabmail/internal/api/handlers","Test":"TestR5AdminNameRejectsBeforePersistence/plan_update/null"}
2026-10-09T03:22:38.3228989Z {"Time":"2026-10-09T03:22:38.319788328Z","Action":"output","Package":"tabmail/internal/api/handlers","Test":"TestR5AdminNameRejectsBeforePersistence/plan_update/null","Output":"=== RUN   TestR5AdminNameRejectsBeforePersistence/plan_update/null\n"}
2026-10-09T03:22:38.3230459Z {"Time":"2026-10-09T03:22:38.320222674Z","Action":"output","Package":"tabmail/internal/api/handlers","Test":"TestR5AdminNameRejectsBeforePersistence/plan_update/null","Output":"--- PASS: TestR5AdminNameRejectsBeforePersistence/plan_update/null (0.00s)\n"}
2026-10-09T03:22:38.3231569Z {"Time":"2026-10-09T03:22:38.320228552Z","Action":"pass","Package":"tabmail/internal/api/handlers","Test":"TestR5AdminNameRejectsBeforePersistence/plan_update/null","Elapsed":0}
2026-10-09T03:22:38.3232442Z {"Time":"2026-10-09T03:22:38.320262493Z","Action":"run","Package":"tabmail/internal/api/handlers","Test":"TestR5AdminNameRejectsBeforePersistence/plan_update/ascii_whitespace"}
2026-10-09T03:22:38.3233579Z {"Time":"2026-10-09T03:22:38.320267691Z","Action":"output","Package":"tabmail/internal/api/handlers","Test":"TestR5AdminNameRejectsBeforePersistence/plan_update/ascii_whitespace","Output":"=== RUN   TestR5AdminNameRejectsBeforePersistence/plan_update/ascii_whitespace\n"}
2026-10-09T03:22:38.3235190Z {"Time":"2026-10-09T03:22:38.320733673Z","Action":"output","Package":"tabmail/internal/api/handlers","Test":"TestR5AdminNameRejectsBeforePersistence/plan_update/ascii_whitespace","Output":"--- PASS: TestR5AdminNameRejectsBeforePersistence/plan_update/ascii_whitespace (0.00s)\n"}
2026-10-09T03:22:38.3236874Z {"Time":"2026-10-09T03:22:38.320770748Z","Action":"pass","Package":"tabmail/internal/api/handlers","Test":"TestR5AdminNameRejectsBeforePersistence/plan_update/ascii_whitespace","Elapsed":0}
2026-10-09T03:22:38.3237935Z {"Time":"2026-10-09T03:22:38.32078514Z","Action":"run","Package":"tabmail/internal/api/handlers","Test":"TestR5AdminNameRejectsBeforePersistence/plan_update/unicode_whitespace"}
2026-10-09T03:22:38.3239093Z {"Time":"2026-10-09T03:22:38.320787964Z","Action":"output","Package":"tabmail/internal/api/handlers","Test":"TestR5AdminNameRejectsBeforePersistence/plan_update/unicode_whitespace","Output":"=== RUN   TestR5AdminNameRejectsBeforePersistence/plan_update/unicode_whitespace\n"}
2026-10-09T03:22:38.3240515Z {"Time":"2026-10-09T03:22:38.32124314Z","Action":"output","Package":"tabmail/internal/api/handlers","Test":"TestR5AdminNameRejectsBeforePersistence/plan_update/unicode_whitespace","Output":"--- PASS: TestR5AdminNameRejectsBeforePersistence/plan_update/unicode_whitespace (0.00s)\n"}
2026-10-09T03:22:38.3241697Z {"Time":"2026-10-09T03:22:38.321250381Z","Action":"pass","Package":"tabmail/internal/api/handlers","Test":"TestR5AdminNameRejectsBeforePersistence/plan_update/unicode_whitespace","Elapsed":0}
2026-10-09T03:22:38.3242615Z {"Time":"2026-10-09T03:22:38.321281467Z","Action":"run","Package":"tabmail/internal/api/handlers","Test":"TestR5AdminNameRejectsBeforePersistence/plan_update/embedded_nul"}
2026-10-09T03:22:38.3243700Z {"Time":"2026-10-09T03:22:38.321285924Z","Action":"output","Package":"tabmail/internal/api/handlers","Test":"TestR5AdminNameRejectsBeforePersistence/plan_update/embedded_nul","Output":"=== RUN   TestR5AdminNameRejectsBeforePersistence/plan_update/embedded_nul\n"}
2026-10-09T03:22:38.3245148Z {"Time":"2026-10-09T03:22:38.32177492Z","Action":"output","Package":"tabmail/internal/api/handlers","Test":"TestR5AdminNameRejectsBeforePersistence/plan_update/embedded_nul","Output":"--- PASS: TestR5AdminNameRejectsBeforePersistence/plan_update/embedded_nul (0.00s)\n"}
2026-10-09T03:22:38.3246291Z {"Time":"2026-10-09T03:22:38.321781891Z","Action":"pass","Package":"tabmail/internal/api/handlers","Test":"TestR5AdminNameRejectsBeforePersistence/plan_update/embedded_nul","Elapsed":0}
2026-10-09T03:22:38.3247172Z {"Time":"2026-10-09T03:22:38.321819146Z","Action":"run","Package":"tabmail/internal/api/handlers","Test":"TestR5AdminNameRejectsBeforePersistence/plan_update/ascii_over_limit"}
2026-10-09T03:22:38.3248456Z {"Time":"2026-10-09T03:22:38.321831404Z","Action":"output","Package":"tabmail/internal/api/handlers","Test":"TestR5AdminNameRejectsBeforePersistence/plan_update/ascii_over_limit","Output":"=== RUN   TestR5AdminNameRejectsBeforePersistence/plan_update/ascii_over_limit\n"}
2026-10-09T03:22:38.3249867Z {"Time":"2026-10-09T03:22:38.32227289Z","Action":"output","Package":"tabmail/internal/api/handlers","Test":"TestR5AdminNameRejectsBeforePersistence/plan_update/ascii_over_limit","Output":"--- PASS: TestR5AdminNameRejectsBeforePersistence/plan_update/ascii_over_limit (0.00s)\n"}
2026-10-09T03:22:38.3251039Z {"Time":"2026-10-09T03:22:38.322281694Z","Action":"pass","Package":"tabmail/internal/api/handlers","Test":"TestR5AdminNameRejectsBeforePersistence/plan_update/ascii_over_limit","Elapsed":0}
2026-10-09T03:22:38.3251936Z {"Time":"2026-10-09T03:22:38.32231295Z","Action":"run","Package":"tabmail/internal/api/handlers","Test":"TestR5AdminNameRejectsBeforePersistence/plan_update/unicode_over_limit"}
2026-10-09T03:22:38.3253061Z {"Time":"2026-10-09T03:22:38.322328593Z","Action":"output","Package":"tabmail/internal/api/handlers","Test":"TestR5AdminNameRejectsBeforePersistence/plan_update/unicode_over_limit","Output":"=== RUN   TestR5AdminNameRejectsBeforePersistence/plan_update/unicode_over_limit\n"}
2026-10-09T03:22:38.3254546Z {"Time":"2026-10-09T03:22:38.32282415Z","Action":"output","Package":"tabmail/internal/api/handlers","Test":"TestR5AdminNameRejectsBeforePersistence/plan_update/unicode_over_limit","Output":"--- PASS: TestR5AdminNameRejectsBeforePersistence/plan_update/unicode_over_limit (0.00s)\n"}
2026-10-09T03:22:38.3256256Z {"Time":"2026-10-09T03:22:38.322831521Z","Action":"pass","Package":"tabmail/internal/api/handlers","Test":"TestR5AdminNameRejectsBeforePersistence/plan_update/unicode_over_limit","Elapsed":0}
2026-10-09T03:22:38.3257396Z {"Time":"2026-10-09T03:22:38.322891189Z","Action":"output","Package":"tabmail/internal/api/handlers","Test":"TestR5AdminNameRejectsBeforePersistence","Output":"--- PASS: TestR5AdminNameRejectsBeforePersistence (0.01s)\n"}
2026-10-09T03:22:38.3258370Z {"Time":"2026-10-09T03:22:38.323491742Z","Action":"pass","Package":"tabmail/internal/api/handlers","Test":"TestR5AdminNameRejectsBeforePersistence","Elapsed":0.01}
2026-10-09T03:22:38.3259480Z {"Time":"2026-10-09T03:22:38.323500675Z","Action":"run","Package":"tabmail/internal/api/handlers","Test":"TestR5AdminNamePreservesValidCharacters"}
2026-10-09T03:22:38.3261110Z {"Time":"2026-10-09T03:22:38.323504331Z","Action":"output","Package":"tabmail/internal/api/handlers","Test":"TestR5AdminNamePreservesValidCharacters","Output":"=== RUN   TestR5AdminNamePreservesValidCharacters\n"}
2026-10-09T03:22:38.3262073Z {"Time":"2026-10-09T03:22:38.323508276Z","Action":"run","Package":"tabmail/internal/api/handlers","Test":"TestR5AdminNamePreservesValidCharacters/tenant_create/ordinary"}
2026-10-09T03:22:38.3263150Z {"Time":"2026-10-09T03:22:38.323511772Z","Action":"output","Package":"tabmail/internal/api/handlers","Test":"TestR5AdminNamePreservesValidCharacters/tenant_create/ordinary","Output":"=== RUN   TestR5AdminNamePreservesValidCharacters/tenant_create/ordinary\n"}
2026-10-09T03:22:38.3264928Z {"Time":"2026-10-09T03:22:38.323616287Z","Action":"output","Package":"tabmail/internal/api/handlers","Test":"TestR5AdminNamePreservesValidCharacters/tenant_create/ordinary","Output":"--- PASS: TestR5AdminNamePreservesValidCharacters/tenant_create/ordinary (0.00s)\n"}
2026-10-09T03:22:38.3266156Z {"Time":"2026-10-09T03:22:38.323624119Z","Action":"pass","Package":"tabmail/internal/api/handlers","Test":"TestR5AdminNamePreservesValidCharacters/tenant_create/ordinary","Elapsed":0}
2026-10-09T03:22:38.3267042Z {"Time":"2026-10-09T03:22:38.325480618Z","Action":"run","Package":"tabmail/internal/api/handlers","Test":"TestR5AdminNamePreservesValidCharacters/tenant_create/ascii_at_limit"}
2026-10-09T03:22:38.3268313Z {"Time":"2026-10-09T03:22:38.325491243Z","Action":"output","Package":"tabmail/internal/api/handlers","Test":"TestR5AdminNamePreservesValidCharacters/tenant_create/ascii_at_limit","Output":"=== RUN   TestR5AdminNamePreservesValidCharacters/tenant_create/ascii_at_limit\n"}
2026-10-09T03:22:38.3270124Z {"Time":"2026-10-09T03:22:38.325497072Z","Action":"output","Package":"tabmail/internal/api/handlers","Test":"TestR5AdminNamePreservesValidCharacters/tenant_create/ascii_at_limit","Output":"--- PASS: TestR5AdminNamePreservesValidCharacters/tenant_create/ascii_at_limit (0.00s)\n"}
2026-10-09T03:22:38.3271303Z {"Time":"2026-10-09T03:22:38.325501088Z","Action":"pass","Package":"tabmail/internal/api/handlers","Test":"TestR5AdminNamePreservesValidCharacters/tenant_create/ascii_at_limit","Elapsed":0}
2026-10-09T03:22:38.3272213Z {"Time":"2026-10-09T03:22:38.325504924Z","Action":"run","Package":"tabmail/internal/api/handlers","Test":"TestR5AdminNamePreservesValidCharacters/tenant_create/unicode_at_limit"}
2026-10-09T03:22:38.3273551Z {"Time":"2026-10-09T03:22:38.325507888Z","Action":"output","Package":"tabmail/internal/api/handlers","Test":"TestR5AdminNamePreservesValidCharacters/tenant_create/unicode_at_limit","Output":"=== RUN   TestR5AdminNamePreservesValidCharacters/tenant_create/unicode_at_limit\n"}
2026-10-09T03:22:38.3275301Z {"Time":"2026-10-09T03:22:38.325512165Z","Action":"output","Package":"tabmail/internal/api/handlers","Test":"TestR5AdminNamePreservesValidCharacters/tenant_create/unicode_at_limit","Output":"--- PASS: TestR5AdminNamePreservesValidCharacters/tenant_create/unicode_at_limit (0.00s)\n"}
2026-10-09T03:22:38.3276478Z {"Time":"2026-10-09T03:22:38.32551576Z","Action":"pass","Package":"tabmail/internal/api/handlers","Test":"TestR5AdminNamePreservesValidCharacters/tenant_create/unicode_at_limit","Elapsed":0}
2026-10-09T03:22:38.3277511Z {"Time":"2026-10-09T03:22:38.325519075Z","Action":"run","Package":"tabmail/internal/api/handlers","Test":"TestR5AdminNamePreservesValidCharacters/tenant_create/meaningful_padding"}
2026-10-09T03:22:38.3279173Z {"Time":"2026-10-09T03:22:38.325521959Z","Action":"output","Package":"tabmail/internal/api/handlers","Test":"TestR5AdminNamePreservesValidCharacters/tenant_create/meaningful_padding","Output":"=== RUN   TestR5AdminNamePreservesValidCharacters/tenant_create/meaningful_padding\n"}
2026-10-09T03:22:38.3280608Z {"Time":"2026-10-09T03:22:38.325527137Z","Action":"output","Package":"tabmail/internal/api/handlers","Test":"TestR5AdminNamePreservesValidCharacters/tenant_create/meaningful_padding","Output":"--- PASS: TestR5AdminNamePreservesValidCharacters/tenant_create/meaningful_padding (0.00s)\n"}
2026-10-09T03:22:38.3281799Z {"Time":"2026-10-09T03:22:38.325530712Z","Action":"pass","Package":"tabmail/internal/api/handlers","Test":"TestR5AdminNamePreservesValidCharacters/tenant_create/meaningful_padding","Elapsed":0}
2026-10-09T03:22:38.3283131Z {"Time":"2026-10-09T03:22:38.325534067Z","Action":"run","Package":"tabmail/internal/api/handlers","Test":"TestR5AdminNamePreservesValidCharacters/plan_create/ordinary"}
2026-10-09T03:22:38.3284267Z {"Time":"2026-10-09T03:22:38.325536891Z","Action":"output","Package":"tabmail/internal/api/handlers","Test":"TestR5AdminNamePreservesValidCharacters/plan_create/ordinary","Output":"=== RUN   TestR5AdminNamePreservesValidCharacters/plan_create/ordinary\n"}
2026-10-09T03:22:38.3285682Z {"Time":"2026-10-09T03:22:38.325541058Z","Action":"output","Package":"tabmail/internal/api/handlers","Test":"TestR5AdminNamePreservesValidCharacters/plan_create/ordinary","Output":"--- PASS: TestR5AdminNamePreservesValidCharacters/plan_create/ordinary (0.00s)\n"}
2026-10-09T03:22:38.3286772Z {"Time":"2026-10-09T03:22:38.325544543Z","Action":"pass","Package":"tabmail/internal/api/handlers","Test":"TestR5AdminNamePreservesValidCharacters/plan_create/ordinary","Elapsed":0}
2026-10-09T03:22:38.3287819Z {"Time":"2026-10-09T03:22:38.32554929Z","Action":"run","Package":"tabmail/internal/api/handlers","Test":"TestR5AdminNamePreservesValidCharacters/plan_create/ascii_at_limit"}
2026-10-09T03:22:38.3289421Z {"Time":"2026-10-09T03:22:38.325552104Z","Action":"output","Package":"tabmail/internal/api/handlers","Test":"TestR5AdminNamePreservesValidCharacters/plan_create/ascii_at_limit","Output":"=== RUN   TestR5AdminNamePreservesValidCharacters/plan_create/ascii_at_limit\n"}
2026-10-09T03:22:38.3290815Z {"Time":"2026-10-09T03:22:38.325870056Z","Action":"output","Package":"tabmail/internal/api/handlers","Test":"TestR5AdminNamePreservesValidCharacters/plan_create/ascii_at_limit","Output":"--- PASS: TestR5AdminNamePreservesValidCharacters/plan_create/ascii_at_limit (0.00s)\n"}
2026-10-09T03:22:38.3291961Z {"Time":"2026-10-09T03:22:38.325903246Z","Action":"pass","Package":"tabmail/internal/api/handlers","Test":"TestR5AdminNamePreservesValidCharacters/plan_create/ascii_at_limit","Elapsed":0}
2026-10-09T03:22:38.3292853Z {"Time":"2026-10-09T03:22:38.325918008Z","Action":"run","Package":"tabmail/internal/api/handlers","Test":"TestR5AdminNamePreservesValidCharacters/plan_create/unicode_at_limit"}
2026-10-09T03:22:38.3293965Z {"Time":"2026-10-09T03:22:38.325930286Z","Action":"output","Package":"tabmail/internal/api/handlers","Test":"TestR5AdminNamePreservesValidCharacters/plan_create/unicode_at_limit","Output":"=== RUN   TestR5AdminNamePreservesValidCharacters/plan_create/unicode_at_limit\n"}
2026-10-09T03:22:38.3295999Z {"Time":"2026-10-09T03:22:38.326360285Z","Action":"output","Package":"tabmail/internal/api/handlers","Test":"TestR5AdminNamePreservesValidCharacters/plan_create/unicode_at_limit","Output":"--- PASS: TestR5AdminNamePreservesValidCharacters/plan_create/unicode_at_limit (0.00s)\n"}
2026-10-09T03:22:38.3297388Z {"Time":"2026-10-09T03:22:38.326383029Z","Action":"pass","Package":"tabmail/internal/api/handlers","Test":"TestR5AdminNamePreservesValidCharacters/plan_create/unicode_at_limit","Elapsed":0}
2026-10-09T03:22:38.3298426Z {"Time":"2026-10-09T03:22:38.326398061Z","Action":"run","Package":"tabmail/internal/api/handlers","Test":"TestR5AdminNamePreservesValidCharacters/plan_create/meaningful_padding"}
2026-10-09T03:22:38.3299577Z {"Time":"2026-10-09T03:22:38.326412322Z","Action":"output","Package":"tabmail/internal/api/handlers","Test":"TestR5AdminNamePreservesValidCharacters/plan_create/meaningful_padding","Output":"=== RUN   TestR5AdminNamePreservesValidCharacters/plan_create/meaningful_padding\n"}
2026-10-09T03:22:38.3301062Z {"Time":"2026-10-09T03:22:38.326883122Z","Action":"output","Package":"tabmail/internal/api/handlers","Test":"TestR5AdminNamePreservesValidCharacters/plan_create/meaningful_padding","Output":"--- PASS: TestR5AdminNamePreservesValidCharacters/plan_create/meaningful_padding (0.00s)\n"}
2026-10-09T03:22:38.3302446Z {"Time":"2026-10-09T03:22:38.326911144Z","Action":"pass","Package":"tabmail/internal/api/handlers","Test":"TestR5AdminNamePreservesValidCharacters/plan_create/meaningful_padding","Elapsed":0}
2026-10-09T03:22:38.3303354Z {"Time":"2026-10-09T03:22:38.326920237Z","Action":"run","Package":"tabmail/internal/api/handlers","Test":"TestR5AdminNamePreservesValidCharacters/plan_update/ordinary"}
2026-10-09T03:22:38.3304639Z {"Time":"2026-10-09T03:22:38.326923362Z","Action":"output","Package":"tabmail/internal/api/handlers","Test":"TestR5AdminNamePreservesValidCharacters/plan_update/ordinary","Output":"=== RUN   TestR5AdminNamePreservesValidCharacters/plan_update/ordinary\n"}
2026-10-09T03:22:38.3306019Z {"Time":"2026-10-09T03:22:38.327309005Z","Action":"output","Package":"tabmail/internal/api/handlers","Test":"TestR5AdminNamePreservesValidCharacters/plan_update/ordinary","Output":"--- PASS: TestR5AdminNamePreservesValidCharacters/plan_update/ordinary (0.00s)\n"}
2026-10-09T03:22:38.3307134Z {"Time":"2026-10-09T03:22:38.327335013Z","Action":"pass","Package":"tabmail/internal/api/handlers","Test":"TestR5AdminNamePreservesValidCharacters/plan_update/ordinary","Elapsed":0}
2026-10-09T03:22:38.3308219Z {"Time":"2026-10-09T03:22:38.327346981Z","Action":"run","Package":"tabmail/internal/api/handlers","Test":"TestR5AdminNamePreservesValidCharacters/plan_update/ascii_at_limit"}
2026-10-09T03:22:38.3309432Z {"Time":"2026-10-09T03:22:38.327350376Z","Action":"output","Package":"tabmail/internal/api/handlers","Test":"TestR5AdminNamePreservesValidCharacters/plan_update/ascii_at_limit","Output":"=== RUN   TestR5AdminNamePreservesValidCharacters/plan_update/ascii_at_limit\n"}
2026-10-09T03:22:38.3310959Z {"Time":"2026-10-09T03:22:38.327771993Z","Action":"output","Package":"tabmail/internal/api/handlers","Test":"TestR5AdminNamePreservesValidCharacters/plan_update/ascii_at_limit","Output":"--- PASS: TestR5AdminNamePreservesValidCharacters/plan_update/ascii_at_limit (0.00s)\n"}
2026-10-09T03:22:38.3312171Z {"Time":"2026-10-09T03:22:38.327800195Z","Action":"pass","Package":"tabmail/internal/api/handlers","Test":"TestR5AdminNamePreservesValidCharacters/plan_update/ascii_at_limit","Elapsed":0}
2026-10-09T03:22:38.3313071Z {"Time":"2026-10-09T03:22:38.327805633Z","Action":"run","Package":"tabmail/internal/api/handlers","Test":"TestR5AdminNamePreservesValidCharacters/plan_update/unicode_at_limit"}
2026-10-09T03:22:38.3314395Z {"Time":"2026-10-09T03:22:38.327809529Z","Action":"output","Package":"tabmail/internal/api/handlers","Test":"TestR5AdminNamePreservesValidCharacters/plan_update/unicode_at_limit","Output":"=== RUN   TestR5AdminNamePreservesValidCharacters/plan_update/unicode_at_limit\n"}
2026-10-09T03:22:38.3316686Z {"Time":"2026-10-09T03:22:38.328224045Z","Action":"output","Package":"tabmail/internal/api/handlers","Test":"TestR5AdminNamePreservesValidCharacters/plan_update/unicode_at_limit","Output":"--- PASS: TestR5AdminNamePreservesValidCharacters/plan_update/unicode_at_limit (0.00s)\n"}
2026-10-09T03:22:38.3317958Z {"Time":"2026-10-09T03:22:38.328249422Z","Action":"pass","Package":"tabmail/internal/api/handlers","Test":"TestR5AdminNamePreservesValidCharacters/plan_update/unicode_at_limit","Elapsed":0}
2026-10-09T03:22:38.3318990Z {"Time":"2026-10-09T03:22:38.328273218Z","Action":"run","Package":"tabmail/internal/api/handlers","Test":"TestR5AdminNamePreservesValidCharacters/plan_update/meaningful_padding"}
2026-10-09T03:22:38.3320129Z {"Time":"2026-10-09T03:22:38.328286077Z","Action":"output","Package":"tabmail/internal/api/handlers","Test":"TestR5AdminNamePreservesValidCharacters/plan_update/meaningful_padding","Output":"=== RUN   TestR5AdminNamePreservesValidCharacters/plan_update/meaningful_padding\n"}
2026-10-09T03:22:38.3321854Z {"Time":"2026-10-09T03:22:38.328746061Z","Action":"output","Package":"tabmail/internal/api/handlers","Test":"TestR5AdminNamePreservesValidCharacters/plan_update/meaningful_padding","Output":"--- PASS: TestR5AdminNamePreservesValidCharacters/plan_update/meaningful_padding (0.00s)\n"}
2026-10-09T03:22:38.3323055Z {"Time":"2026-10-09T03:22:38.32875903Z","Action":"pass","Package":"tabmail/internal/api/handlers","Test":"TestR5AdminNamePreservesValidCharacters/plan_update/meaningful_padding","Elapsed":0}
2026-10-09T03:22:38.3324076Z {"Time":"2026-10-09T03:22:38.328788313Z","Action":"output","Package":"tabmail/internal/api/handlers","Test":"TestR5AdminNamePreservesValidCharacters","Output":"--- PASS: TestR5AdminNamePreservesValidCharacters (0.01s)\n"}
2026-10-09T03:22:38.3325267Z {"Time":"2026-10-09T03:22:38.328803907Z","Action":"pass","Package":"tabmail/internal/api/handlers","Test":"TestR5AdminNamePreservesValidCharacters","Elapsed":0.01}
2026-10-09T03:22:38.3326533Z {"Time":"2026-10-09T03:22:38.328821673Z","Action":"run","Package":"tabmail/internal/api/handlers","Test":"TestR5AdminNameAuthorizationAndStorageFailure"}
2026-10-09T03:22:38.3328224Z {"Time":"2026-10-09T03:22:38.328843035Z","Action":"output","Package":"tabmail/internal/api/handlers","Test":"TestR5AdminNameAuthorizationAndStorageFailure","Output":"=== RUN   TestR5AdminNameAuthorizationAndStorageFailure\n"}
2026-10-09T03:22:38.3330163Z {"Time":"2026-10-09T03:22:38.329489856Z","Action":"run","Package":"tabmail/internal/api/handlers","Test":"TestR5AdminNameAuthorizationAndStorageFailure/tenant_create/tenant_admin"}
2026-10-09T03:22:38.3332295Z {"Time":"2026-10-09T03:22:38.329516165Z","Action":"output","Package":"tabmail/internal/api/handlers","Test":"TestR5AdminNameAuthorizationAndStorageFailure/tenant_create/tenant_admin","Output":"=== RUN   TestR5AdminNameAuthorizationAndStorageFailure/tenant_create/tenant_admin\n"}
2026-10-09T03:22:38.3334370Z {"Time":"2026-10-09T03:22:38.329524187Z","Action":"output","Package":"tabmail/internal/api/handlers","Test":"TestR5AdminNameAuthorizationAndStorageFailure/tenant_create/tenant_admin","Output":"--- PASS: TestR5AdminNameAuthorizationAndStorageFailure/tenant_create/tenant_admin (0.00s)\n"}
2026-10-09T03:22:38.3336091Z {"Time":"2026-10-09T03:22:38.329528083Z","Action":"pass","Package":"tabmail/internal/api/handlers","Test":"TestR5AdminNameAuthorizationAndStorageFailure/tenant_create/tenant_admin","Elapsed":0}
2026-10-09T03:22:38.3337015Z {"Time":"2026-10-09T03:22:38.329532249Z","Action":"run","Package":"tabmail/internal/api/handlers","Test":"TestR5AdminNameAuthorizationAndStorageFailure/tenant_create/member"}
2026-10-09T03:22:38.3338131Z {"Time":"2026-10-09T03:22:38.329535033Z","Action":"output","Package":"tabmail/internal/api/handlers","Test":"TestR5AdminNameAuthorizationAndStorageFailure/tenant_create/member","Output":"=== RUN   TestR5AdminNameAuthorizationAndStorageFailure/tenant_create/member\n"}
2026-10-09T03:22:38.3339543Z {"Time":"2026-10-09T03:22:38.331466744Z","Action":"output","Package":"tabmail/internal/api/handlers","Test":"TestR5AdminNameAuthorizationAndStorageFailure/tenant_create/member","Output":"--- PASS: TestR5AdminNameAuthorizationAndStorageFailure/tenant_create/member (0.00s)\n"}
2026-10-09T03:22:38.3340702Z {"Time":"2026-10-09T03:22:38.331480995Z","Action":"pass","Package":"tabmail/internal/api/handlers","Test":"TestR5AdminNameAuthorizationAndStorageFailure/tenant_create/member","Elapsed":0}
2026-10-09T03:22:38.3342233Z {"Time":"2026-10-09T03:22:38.331485582Z","Action":"run","Package":"tabmail/internal/api/handlers","Test":"TestR5AdminNameAuthorizationAndStorageFailure/tenant_create/storage_error"}
2026-10-09T03:22:38.3343713Z {"Time":"2026-10-09T03:22:38.331488706Z","Action":"output","Package":"tabmail/internal/api/handlers","Test":"TestR5AdminNameAuthorizationAndStorageFailure/tenant_create/storage_error","Output":"=== RUN   TestR5AdminNameAuthorizationAndStorageFailure/tenant_create/storage_error\n"}
2026-10-09T03:22:38.3345340Z {"Time":"2026-10-09T03:22:38.331493373Z","Action":"output","Package":"tabmail/internal/api/handlers","Test":"TestR5AdminNameAuthorizationAndStorageFailure/tenant_create/storage_error","Output":"--- PASS: TestR5AdminNameAuthorizationAndStorageFailure/tenant_create/storage_error (0.00s)\n"}
2026-10-09T03:22:38.3347082Z {"Time":"2026-10-09T03:22:38.331499282Z","Action":"pass","Package":"tabmail/internal/api/handlers","Test":"TestR5AdminNameAuthorizationAndStorageFailure/tenant_create/storage_error","Elapsed":0}
2026-10-09T03:22:38.3348027Z {"Time":"2026-10-09T03:22:38.331503098Z","Action":"run","Package":"tabmail/internal/api/handlers","Test":"TestR5AdminNameAuthorizationAndStorageFailure/plan_create/tenant_admin"}
2026-10-09T03:22:38.3349334Z {"Time":"2026-10-09T03:22:38.331506062Z","Action":"output","Package":"tabmail/internal/api/handlers","Test":"TestR5AdminNameAuthorizationAndStorageFailure/plan_create/tenant_admin","Output":"=== RUN   TestR5AdminNameAuthorizationAndStorageFailure/plan_create/tenant_admin\n"}
2026-10-09T03:22:38.3351165Z {"Time":"2026-10-09T03:22:38.331510058Z","Action":"output","Package":"tabmail/internal/api/handlers","Test":"TestR5AdminNameAuthorizationAndStorageFailure/plan_create/tenant_admin","Output":"--- PASS: TestR5AdminNameAuthorizationAndStorageFailure/plan_create/tenant_admin (0.00s)\n"}
2026-10-09T03:22:38.3352373Z {"Time":"2026-10-09T03:22:38.331513563Z","Action":"pass","Package":"tabmail/internal/api/handlers","Test":"TestR5AdminNameAuthorizationAndStorageFailure/plan_create/tenant_admin","Elapsed":0}
2026-10-09T03:22:38.3353284Z {"Time":"2026-10-09T03:22:38.331520474Z","Action":"run","Package":"tabmail/internal/api/handlers","Test":"TestR5AdminNameAuthorizationAndStorageFailure/plan_create/member"}
2026-10-09T03:22:38.3355303Z {"Time":"2026-10-09T03:22:38.331523318Z","Action":"output","Package":"tabmail/internal/api/handlers","Test":"TestR5AdminNameAuthorizationAndStorageFailure/plan_create/member","Output":"=== RUN   TestR5AdminNameAuthorizationAndStorageFailure/plan_create/member\n"}
2026-10-09T03:22:38.3357836Z {"Time":"2026-10-09T03:22:38.331527664Z","Action":"output","Package":"tabmail/internal/api/handlers","Test":"TestR5AdminNameAuthorizationAndStorageFailure/plan_create/member","Output":"--- PASS: TestR5AdminNameAuthorizationAndStorageFailure/plan_create/member (0.00s)\n"}
2026-10-09T03:22:38.3359945Z {"Time":"2026-10-09T03:22:38.33153131Z","Action":"pass","Package":"tabmail/internal/api/handlers","Test":"TestR5AdminNameAuthorizationAndStorageFailure/plan_create/member","Elapsed":0}
2026-10-09T03:22:38.3361600Z {"Time":"2026-10-09T03:22:38.331535025Z","Action":"run","Package":"tabmail/internal/api/handlers","Test":"TestR5AdminNameAuthorizationAndStorageFailure/plan_create/storage_error"}
2026-10-09T03:22:38.3363732Z {"Time":"2026-10-09T03:22:38.33153806Z","Action":"output","Package":"tabmail/internal/api/handlers","Test":"TestR5AdminNameAuthorizationAndStorageFailure/plan_create/storage_error","Output":"=== RUN   TestR5AdminNameAuthorizationAndStorageFailure/plan_create/storage_error\n"}
2026-10-09T03:22:38.3366545Z {"Time":"2026-10-09T03:22:38.331545871Z","Action":"output","Package":"tabmail/internal/api/handlers","Test":"TestR5AdminNameAuthorizationAndStorageFailure/plan_create/storage_error","Output":"--- PASS: TestR5AdminNameAuthorizationAndStorageFailure/plan_create/storage_error (0.00s)\n"}
2026-10-09T03:22:38.3368763Z {"Time":"2026-10-09T03:22:38.331550048Z","Action":"pass","Package":"tabmail/internal/api/handlers","Test":"TestR5AdminNameAuthorizationAndStorageFailure/plan_create/storage_error","Elapsed":0}
2026-10-09T03:22:38.3370760Z {"Time":"2026-10-09T03:22:38.331553763Z","Action":"run","Package":"tabmail/internal/api/handlers","Test":"TestR5AdminNameAuthorizationAndStorageFailure/plan_update/tenant_admin"}
2026-10-09T03:22:38.3372875Z {"Time":"2026-10-09T03:22:38.331556527Z","Action":"output","Package":"tabmail/internal/api/handlers","Test":"TestR5AdminNameAuthorizationAndStorageFailure/plan_update/tenant_admin","Output":"=== RUN   TestR5AdminNameAuthorizationAndStorageFailure/plan_update/tenant_admin\n"}
2026-10-09T03:22:38.3375675Z {"Time":"2026-10-09T03:22:38.331561805Z","Action":"output","Package":"tabmail/internal/api/handlers","Test":"TestR5AdminNameAuthorizationAndStorageFailure/plan_update/tenant_admin","Output":"--- PASS: TestR5AdminNameAuthorizationAndStorageFailure/plan_update/tenant_admin (0.00s)\n"}
2026-10-09T03:22:38.3377861Z {"Time":"2026-10-09T03:22:38.33156539Z","Action":"pass","Package":"tabmail/internal/api/handlers","Test":"TestR5AdminNameAuthorizationAndStorageFailure/plan_update/tenant_admin","Elapsed":0}
2026-10-09T03:22:38.3379471Z {"Time":"2026-10-09T03:22:38.331568455Z","Action":"run","Package":"tabmail/internal/api/handlers","Test":"TestR5AdminNameAuthorizationAndStorageFailure/plan_update/member"}
2026-10-09T03:22:38.3381531Z {"Time":"2026-10-09T03:22:38.331571119Z","Action":"output","Package":"tabmail/internal/api/handlers","Test":"TestR5AdminNameAuthorizationAndStorageFailure/plan_update/member","Output":"=== RUN   TestR5AdminNameAuthorizationAndStorageFailure/plan_update/member\n"}
2026-10-09T03:22:38.3384068Z {"Time":"2026-10-09T03:22:38.33207643Z","Action":"output","Package":"tabmail/internal/api/handlers","Test":"TestR5AdminNameAuthorizationAndStorageFailure/plan_update/member","Output":"--- PASS: TestR5AdminNameAuthorizationAndStorageFailure/plan_update/member (0.00s)\n"}
2026-10-09T03:22:38.3386359Z {"Time":"2026-10-09T03:22:38.332725635Z","Action":"pass","Package":"tabmail/internal/api/handlers","Test":"TestR5AdminNameAuthorizationAndStorageFailure/plan_update/member","Elapsed":0}
2026-10-09T03:22:38.3388056Z {"Time":"2026-10-09T03:22:38.332966282Z","Action":"run","Package":"tabmail/internal/api/handlers","Test":"TestR5AdminNameAuthorizationAndStorageFailure/plan_update/storage_error"}
2026-10-09T03:22:38.3390384Z {"Time":"2026-10-09T03:22:38.332975796Z","Action":"output","Package":"tabmail/internal/api/handlers","Test":"TestR5AdminNameAuthorizationAndStorageFailure/plan_update/storage_error","Output":"=== RUN   TestR5AdminNameAuthorizationAndStorageFailure/plan_update/storage_error\n"}
2026-10-09T03:22:38.3393105Z {"Time":"2026-10-09T03:22:38.33350334Z","Action":"output","Package":"tabmail/internal/api/handlers","Test":"TestR5AdminNameAuthorizationAndStorageFailure/plan_update/storage_error","Output":"--- PASS: TestR5AdminNameAuthorizationAndStorageFailure/plan_update/storage_error (0.00s)\n"}
2026-10-09T03:22:38.3395530Z {"Time":"2026-10-09T03:22:38.333515378Z","Action":"pass","Package":"tabmail/internal/api/handlers","Test":"TestR5AdminNameAuthorizationAndStorageFailure/plan_update/storage_error","Elapsed":0}
2026-10-09T03:22:38.3397495Z {"Time":"2026-10-09T03:22:38.333527076Z","Action":"output","Package":"tabmail/internal/api/handlers","Test":"TestR5AdminNameAuthorizationAndStorageFailure","Output":"--- PASS: TestR5AdminNameAuthorizationAndStorageFailure (0.00s)\n"}
2026-10-09T03:22:38.3399292Z {"Time":"2026-10-09T03:22:38.333545593Z","Action":"pass","Package":"tabmail/internal/api/handlers","Test":"TestR5AdminNameAuthorizationAndStorageFailure","Elapsed":0}
2026-10-09T03:22:38.3400714Z {"Time":"2026-10-09T03:22:38.334113708Z","Action":"run","Package":"tabmail/internal/api/handlers","Test":"TestR5SMTPPolicyReplacementRequiresExplicitFields"}
2026-10-09T03:22:38.3402518Z {"Time":"2026-10-09T03:22:38.33412208Z","Action":"output","Package":"tabmail/internal/api/handlers","Test":"TestR5SMTPPolicyReplacementRequiresExplicitFields","Output":"=== RUN   TestR5SMTPPolicyReplacementRequiresExplicitFields\n"}
2026-10-09T03:22:38.3404734Z {"Time":"2026-10-09T03:22:38.334140808Z","Action":"run","Package":"tabmail/internal/api/handlers","Test":"TestR5SMTPPolicyReplacementRequiresExplicitFields/whole_null"}
2026-10-09T03:22:38.3406676Z {"Time":"2026-10-09T03:22:38.334144013Z","Action":"output","Package":"tabmail/internal/api/handlers","Test":"TestR5SMTPPolicyReplacementRequiresExplicitFields/whole_null","Output":"=== RUN   TestR5SMTPPolicyReplacementRequiresExplicitFields/whole_null\n"}
2026-10-09T03:22:38.3409120Z {"Time":"2026-10-09T03:22:38.33457977Z","Action":"output","Package":"tabmail/internal/api/handlers","Test":"TestR5SMTPPolicyReplacementRequiresExplicitFields/whole_null","Output":"--- PASS: TestR5SMTPPolicyReplacementRequiresExplicitFields/whole_null (0.00s)\n"}
2026-10-09T03:22:38.3411180Z {"Time":"2026-10-09T03:22:38.334590847Z","Action":"pass","Package":"tabmail/internal/api/handlers","Test":"TestR5SMTPPolicyReplacementRequiresExplicitFields/whole_null","Elapsed":0}
2026-10-09T03:22:38.3412773Z {"Time":"2026-10-09T03:22:38.334635313Z","Action":"run","Package":"tabmail/internal/api/handlers","Test":"TestR5SMTPPolicyReplacementRequiresExplicitFields/empty_object"}
2026-10-09T03:22:38.3415865Z {"Time":"2026-10-09T03:22:38.33464019Z","Action":"output","Package":"tabmail/internal/api/handlers","Test":"TestR5SMTPPolicyReplacementRequiresExplicitFields/empty_object","Output":"=== RUN   TestR5SMTPPolicyReplacementRequiresExplicitFields/empty_object\n"}
2026-10-09T03:22:38.3418449Z {"Time":"2026-10-09T03:22:38.334934738Z","Action":"output","Package":"tabmail/internal/api/handlers","Test":"TestR5SMTPPolicyReplacementRequiresExplicitFields/empty_object","Output":"--- PASS: TestR5SMTPPolicyReplacementRequiresExplicitFields/empty_object (0.00s)\n"}
2026-10-09T03:22:38.3420576Z {"Time":"2026-10-09T03:22:38.334940907Z","Action":"pass","Package":"tabmail/internal/api/handlers","Test":"TestR5SMTPPolicyReplacementRequiresExplicitFields/empty_object","Elapsed":0}
2026-10-09T03:22:38.3422250Z {"Time":"2026-10-09T03:22:38.334964542Z","Action":"run","Package":"tabmail/internal/api/handlers","Test":"TestR5SMTPPolicyReplacementRequiresExplicitFields/default_accept/omitted"}
2026-10-09T03:22:38.3424404Z {"Time":"2026-10-09T03:22:38.33498339Z","Action":"output","Package":"tabmail/internal/api/handlers","Test":"TestR5SMTPPolicyReplacementRequiresExplicitFields/default_accept/omitted","Output":"=== RUN   TestR5SMTPPolicyReplacementRequiresExplicitFields/default_accept/omitted\n"}
2026-10-09T03:22:38.3427501Z {"Time":"2026-10-09T03:22:38.336052529Z","Action":"output","Package":"tabmail/internal/api/handlers","Test":"TestR5SMTPPolicyReplacementRequiresExplicitFields/default_accept/omitted","Output":"--- PASS: TestR5SMTPPolicyReplacementRequiresExplicitFields/default_accept/omitted (0.00s)\n"}
2026-10-09T03:22:38.3429786Z {"Time":"2026-10-09T03:22:38.336063034Z","Action":"pass","Package":"tabmail/internal/api/handlers","Test":"TestR5SMTPPolicyReplacementRequiresExplicitFields/default_accept/omitted","Elapsed":0}
2026-10-09T03:22:38.3431499Z {"Time":"2026-10-09T03:22:38.336066189Z","Action":"run","Package":"tabmail/internal/api/handlers","Test":"TestR5SMTPPolicyReplacementRequiresExplicitFields/default_accept/null"}
2026-10-09T03:22:38.3433613Z {"Time":"2026-10-09T03:22:38.336068493Z","Action":"output","Package":"tabmail/internal/api/handlers","Test":"TestR5SMTPPolicyReplacementRequiresExplicitFields/default_accept/null","Output":"=== RUN   TestR5SMTPPolicyReplacementRequiresExplicitFields/default_accept/null\n"}
2026-10-09T03:22:38.3436396Z {"Time":"2026-10-09T03:22:38.336071447Z","Action":"output","Package":"tabmail/internal/api/handlers","Test":"TestR5SMTPPolicyReplacementRequiresExplicitFields/default_accept/null","Output":"--- PASS: TestR5SMTPPolicyReplacementRequiresExplicitFields/default_accept/null (0.00s)\n"}
2026-10-09T03:22:38.3438584Z {"Time":"2026-10-09T03:22:38.336073941Z","Action":"pass","Package":"tabmail/internal/api/handlers","Test":"TestR5SMTPPolicyReplacementRequiresExplicitFields/default_accept/null","Elapsed":0}
2026-10-09T03:22:38.3440457Z {"Time":"2026-10-09T03:22:38.336076004Z","Action":"run","Package":"tabmail/internal/api/handlers","Test":"TestR5SMTPPolicyReplacementRequiresExplicitFields/default_store/omitted"}
2026-10-09T03:22:38.3442649Z {"Time":"2026-10-09T03:22:38.336078107Z","Action":"output","Package":"tabmail/internal/api/handlers","Test":"TestR5SMTPPolicyReplacementRequiresExplicitFields/default_store/omitted","Output":"=== RUN   TestR5SMTPPolicyReplacementRequiresExplicitFields/default_store/omitted\n"}
2026-10-09T03:22:38.3445512Z {"Time":"2026-10-09T03:22:38.336380366Z","Action":"output","Package":"tabmail/internal/api/handlers","Test":"TestR5SMTPPolicyReplacementRequiresExplicitFields/default_store/omitted","Output":"--- PASS: TestR5SMTPPolicyReplacementRequiresExplicitFields/default_store/omitted (0.00s)\n"}
2026-10-09T03:22:38.3447811Z {"Time":"2026-10-09T03:22:38.336397672Z","Action":"pass","Package":"tabmail/internal/api/handlers","Test":"TestR5SMTPPolicyReplacementRequiresExplicitFields/default_store/omitted","Elapsed":0}
2026-10-09T03:22:38.3449615Z {"Time":"2026-10-09T03:22:38.336427746Z","Action":"run","Package":"tabmail/internal/api/handlers","Test":"TestR5SMTPPolicyReplacementRequiresExplicitFields/default_store/null"}
2026-10-09T03:22:38.3451739Z {"Time":"2026-10-09T03:22:38.336432574Z","Action":"output","Package":"tabmail/internal/api/handlers","Test":"TestR5SMTPPolicyReplacementRequiresExplicitFields/default_store/null","Output":"=== RUN   TestR5SMTPPolicyReplacementRequiresExplicitFields/default_store/null\n"}
2026-10-09T03:22:38.3454553Z {"Time":"2026-10-09T03:22:38.336835412Z","Action":"output","Package":"tabmail/internal/api/handlers","Test":"TestR5SMTPPolicyReplacementRequiresExplicitFields/default_store/null","Output":"--- PASS: TestR5SMTPPolicyReplacementRequiresExplicitFields/default_store/null (0.00s)\n"}
2026-10-09T03:22:38.3456774Z {"Time":"2026-10-09T03:22:38.336843755Z","Action":"pass","Package":"tabmail/internal/api/handlers","Test":"TestR5SMTPPolicyReplacementRequiresExplicitFields/default_store/null","Elapsed":0}
2026-10-09T03:22:38.3458442Z {"Time":"2026-10-09T03:22:38.336876203Z","Action":"run","Package":"tabmail/internal/api/handlers","Test":"TestR5SMTPPolicyReplacementRequiresExplicitFields/accept_domains/omitted"}
2026-10-09T03:22:38.3460759Z {"Time":"2026-10-09T03:22:38.336878406Z","Action":"output","Package":"tabmail/internal/api/handlers","Test":"TestR5SMTPPolicyReplacementRequiresExplicitFields/accept_domains/omitted","Output":"=== RUN   TestR5SMTPPolicyReplacementRequiresExplicitFields/accept_domains/omitted\n"}
2026-10-09T03:22:38.3463411Z {"Time":"2026-10-09T03:22:38.337260574Z","Action":"output","Package":"tabmail/internal/api/handlers","Test":"TestR5SMTPPolicyReplacementRequiresExplicitFields/accept_domains/omitted","Output":"--- PASS: TestR5SMTPPolicyReplacementRequiresExplicitFields/accept_domains/omitted (0.00s)\n"}
2026-10-09T03:22:38.3465669Z {"Time":"2026-10-09T03:22:38.337276258Z","Action":"pass","Package":"tabmail/internal/api/handlers","Test":"TestR5SMTPPolicyReplacementRequiresExplicitFields/accept_domains/omitted","Elapsed":0}
2026-10-09T03:22:38.3467335Z {"Time":"2026-10-09T03:22:38.33731141Z","Action":"run","Package":"tabmail/internal/api/handlers","Test":"TestR5SMTPPolicyReplacementRequiresExplicitFields/accept_domains/null"}
2026-10-09T03:22:38.3469432Z {"Time":"2026-10-09T03:22:38.337316447Z","Action":"output","Package":"tabmail/internal/api/handlers","Test":"TestR5SMTPPolicyReplacementRequiresExplicitFields/accept_domains/null","Output":"=== RUN   TestR5SMTPPolicyReplacementRequiresExplicitFields/accept_domains/null\n"}
2026-10-09T03:22:38.3471559Z {"Time":"2026-10-09T03:22:38.337712045Z","Action":"output","Package":"tabmail/internal/api/handlers","Test":"TestR5SMTPPolicyReplacementRequiresExplicitFields/accept_domains/null","Output":"--- PASS: TestR5SMTPPolicyReplacementRequiresExplicitFields/accept_domains/null (0.00s)\n"}
2026-10-09T03:22:38.3472848Z {"Time":"2026-10-09T03:22:38.337736882Z","Action":"pass","Package":"tabmail/internal/api/handlers","Test":"TestR5SMTPPolicyReplacementRequiresExplicitFields/accept_domains/null","Elapsed":0}
2026-10-09T03:22:38.3474000Z {"Time":"2026-10-09T03:22:38.337770101Z","Action":"run","Package":"tabmail/internal/api/handlers","Test":"TestR5SMTPPolicyReplacementRequiresExplicitFields/reject_domains/omitted"}
2026-10-09T03:22:38.3475507Z {"Time":"2026-10-09T03:22:38.337774288Z","Action":"output","Package":"tabmail/internal/api/handlers","Test":"TestR5SMTPPolicyReplacementRequiresExplicitFields/reject_domains/omitted","Output":"=== RUN   TestR5SMTPPolicyReplacementRequiresExplicitFields/reject_domains/omitted\n"}
2026-10-09T03:22:38.3477027Z {"Time":"2026-10-09T03:22:38.338196074Z","Action":"output","Package":"tabmail/internal/api/handlers","Test":"TestR5SMTPPolicyReplacementRequiresExplicitFields/reject_domains/omitted","Output":"--- PASS: TestR5SMTPPolicyReplacementRequiresExplicitFields/reject_domains/omitted (0.00s)\n"}
2026-10-09T03:22:38.3478306Z {"Time":"2026-10-09T03:22:38.338225218Z","Action":"pass","Package":"tabmail/internal/api/handlers","Test":"TestR5SMTPPolicyReplacementRequiresExplicitFields/reject_domains/omitted","Elapsed":0}
2026-10-09T03:22:38.3479475Z {"Time":"2026-10-09T03:22:38.33823344Z","Action":"run","Package":"tabmail/internal/api/handlers","Test":"TestR5SMTPPolicyReplacementRequiresExplicitFields/reject_domains/null"}
2026-10-09T03:22:38.3480632Z {"Time":"2026-10-09T03:22:38.338236975Z","Action":"output","Package":"tabmail/internal/api/handlers","Test":"TestR5SMTPPolicyReplacementRequiresExplicitFields/reject_domains/null","Output":"=== RUN   TestR5SMTPPolicyReplacementRequiresExplicitFields/reject_domains/null\n"}
2026-10-09T03:22:38.3482439Z {"Time":"2026-10-09T03:22:38.338631502Z","Action":"output","Package":"tabmail/internal/api/handlers","Test":"TestR5SMTPPolicyReplacementRequiresExplicitFields/reject_domains/null","Output":"--- PASS: TestR5SMTPPolicyReplacementRequiresExplicitFields/reject_domains/null (0.00s)\n"}
2026-10-09T03:22:38.3483650Z {"Time":"2026-10-09T03:22:38.338640385Z","Action":"pass","Package":"tabmail/internal/api/handlers","Test":"TestR5SMTPPolicyReplacementRequiresExplicitFields/reject_domains/null","Elapsed":0}
2026-10-09T03:22:38.3484768Z {"Time":"2026-10-09T03:22:38.340484586Z","Action":"run","Package":"tabmail/internal/api/handlers","Test":"TestR5SMTPPolicyReplacementRequiresExplicitFields/store_domains/omitted"}
2026-10-09T03:22:38.3486579Z {"Time":"2026-10-09T03:22:38.34049458Z","Action":"output","Package":"tabmail/internal/api/handlers","Test":"TestR5SMTPPolicyReplacementRequiresExplicitFields/store_domains/omitted","Output":"=== RUN   TestR5SMTPPolicyReplacementRequiresExplicitFields/store_domains/omitted\n"}
2026-10-09T03:22:38.3488092Z {"Time":"2026-10-09T03:22:38.34050088Z","Action":"output","Package":"tabmail/internal/api/handlers","Test":"TestR5SMTPPolicyReplacementRequiresExplicitFields/store_domains/omitted","Output":"--- PASS: TestR5SMTPPolicyReplacementRequiresExplicitFields/store_domains/omitted (0.00s)\n"}
2026-10-09T03:22:38.3489307Z {"Time":"2026-10-09T03:22:38.340504786Z","Action":"pass","Package":"tabmail/internal/api/handlers","Test":"TestR5SMTPPolicyReplacementRequiresExplicitFields/store_domains/omitted","Elapsed":0}
2026-10-09T03:22:38.3490417Z {"Time":"2026-10-09T03:22:38.340508681Z","Action":"run","Package":"tabmail/internal/api/handlers","Test":"TestR5SMTPPolicyReplacementRequiresExplicitFields/store_domains/null"}
2026-10-09T03:22:38.3491558Z {"Time":"2026-10-09T03:22:38.34051461Z","Action":"output","Package":"tabmail/internal/api/handlers","Test":"TestR5SMTPPolicyReplacementRequiresExplicitFields/store_domains/null","Output":"=== RUN   TestR5SMTPPolicyReplacementRequiresExplicitFields/store_domains/null\n"}
2026-10-09T03:22:38.3493067Z {"Time":"2026-10-09T03:22:38.340518496Z","Action":"output","Package":"tabmail/internal/api/handlers","Test":"TestR5SMTPPolicyReplacementRequiresExplicitFields/store_domains/null","Output":"--- PASS: TestR5SMTPPolicyReplacementRequiresExplicitFields/store_domains/null (0.00s)\n"}
2026-10-09T03:22:38.3494565Z {"Time":"2026-10-09T03:22:38.340523954Z","Action":"pass","Package":"tabmail/internal/api/handlers","Test":"TestR5SMTPPolicyReplacementRequiresExplicitFields/store_domains/null","Elapsed":0}
2026-10-09T03:22:38.3495496Z {"Time":"2026-10-09T03:22:38.340528331Z","Action":"run","Package":"tabmail/internal/api/handlers","Test":"TestR5SMTPPolicyReplacementRequiresExplicitFields/discard_domains/omitted"}
2026-10-09T03:22:38.3496693Z {"Time":"2026-10-09T03:22:38.340532947Z","Action":"output","Package":"tabmail/internal/api/handlers","Test":"TestR5SMTPPolicyReplacementRequiresExplicitFields/discard_domains/omitted","Output":"=== RUN   TestR5SMTPPolicyReplacementRequiresExplicitFields/discard_domains/omitted\n"}
2026-10-09T03:22:38.3498910Z {"Time":"2026-10-09T03:22:38.340536643Z","Action":"output","Package":"tabmail/internal/api/handlers","Test":"TestR5SMTPPolicyReplacementRequiresExplicitFields/discard_domains/omitted","Output":"--- PASS: TestR5SMTPPolicyReplacementRequiresExplicitFields/discard_domains/omitted (0.00s)\n"}
2026-10-09T03:22:38.3501069Z {"Time":"2026-10-09T03:22:38.340540399Z","Action":"pass","Package":"tabmail/internal/api/handlers","Test":"TestR5SMTPPolicyReplacementRequiresExplicitFields/discard_domains/omitted","Elapsed":0}
2026-10-09T03:22:38.3502672Z {"Time":"2026-10-09T03:22:38.340543764Z","Action":"run","Package":"tabmail/internal/api/handlers","Test":"TestR5SMTPPolicyReplacementRequiresExplicitFields/discard_domains/null"}
2026-10-09T03:22:38.3504805Z {"Time":"2026-10-09T03:22:38.340546608Z","Action":"output","Package":"tabmail/internal/api/handlers","Test":"TestR5SMTPPolicyReplacementRequiresExplicitFields/discard_domains/null","Output":"=== RUN   TestR5SMTPPolicyReplacementRequiresExplicitFields/discard_domains/null\n"}
2026-10-09T03:22:38.3507380Z {"Time":"2026-10-09T03:22:38.340550213Z","Action":"output","Package":"tabmail/internal/api/handlers","Test":"TestR5SMTPPolicyReplacementRequiresExplicitFields/discard_domains/null","Output":"--- PASS: TestR5SMTPPolicyReplacementRequiresExplicitFields/discard_domains/null (0.00s)\n"}
2026-10-09T03:22:38.3509493Z {"Time":"2026-10-09T03:22:38.340553638Z","Action":"pass","Package":"tabmail/internal/api/handlers","Test":"TestR5SMTPPolicyReplacementRequiresExplicitFields/discard_domains/null","Elapsed":0}
2026-10-09T03:22:38.3511141Z {"Time":"2026-10-09T03:22:38.340556683Z","Action":"run","Package":"tabmail/internal/api/handlers","Test":"TestR5SMTPPolicyReplacementRequiresExplicitFields/reject_origin_domains/omitted"}
2026-10-09T03:22:38.3513446Z {"Time":"2026-10-09T03:22:38.340564034Z","Action":"output","Package":"tabmail/internal/api/handlers","Test":"TestR5SMTPPolicyReplacementRequiresExplicitFields/reject_origin_domains/omitted","Output":"=== RUN   TestR5SMTPPolicyReplacementRequiresExplicitFields/reject_origin_domains/omitted\n"}
2026-10-09T03:22:38.3515942Z {"Time":"2026-10-09T03:22:38.340875597Z","Action":"output","Package":"tabmail/internal/api/handlers","Test":"TestR5SMTPPolicyReplacementRequiresExplicitFields/reject_origin_domains/omitted","Output":"--- PASS: TestR5SMTPPolicyReplacementRequiresExplicitFields/reject_origin_domains/omitted (0.00s)\n"}
2026-10-09T03:22:38.3518188Z {"Time":"2026-10-09T03:22:38.343474349Z","Action":"pass","Package":"tabmail/internal/api/handlers","Test":"TestR5SMTPPolicyReplacementRequiresExplicitFields/reject_origin_domains/omitted","Elapsed":0}
2026-10-09T03:22:38.3519852Z {"Time":"2026-10-09T03:22:38.343484904Z","Action":"run","Package":"tabmail/internal/api/handlers","Test":"TestR5SMTPPolicyReplacementRequiresExplicitFields/reject_origin_domains/null"}
2026-10-09T03:22:38.3521198Z {"Time":"2026-10-09T03:22:38.343488199Z","Action":"output","Package":"tabmail/internal/api/handlers","Test":"TestR5SMTPPolicyReplacementRequiresExplicitFields/reject_origin_domains/null","Output":"=== RUN   TestR5SMTPPolicyReplacementRequiresExplicitFields/reject_origin_domains/null\n"}
2026-10-09T03:22:38.3523080Z {"Time":"2026-10-09T03:22:38.343493467Z","Action":"output","Package":"tabmail/internal/api/handlers","Test":"TestR5SMTPPolicyReplacementRequiresExplicitFields/reject_origin_domains/null","Output":"--- PASS: TestR5SMTPPolicyReplacementRequiresExplicitFields/reject_origin_domains/null (0.00s)\n"}
2026-10-09T03:22:38.3525526Z {"Time":"2026-10-09T03:22:38.343497593Z","Action":"pass","Package":"tabmail/internal/api/handlers","Test":"TestR5SMTPPolicyReplacementRequiresExplicitFields/reject_origin_domains/null","Elapsed":0}
2026-10-09T03:22:38.3527481Z {"Time":"2026-10-09T03:22:38.34350181Z","Action":"output","Package":"tabmail/internal/api/handlers","Test":"TestR5SMTPPolicyReplacementRequiresExplicitFields","Output":"--- PASS: TestR5SMTPPolicyReplacementRequiresExplicitFields (0.01s)\n"}
2026-10-09T03:22:38.3529283Z {"Time":"2026-10-09T03:22:38.343506907Z","Action":"pass","Package":"tabmail/internal/api/handlers","Test":"TestR5SMTPPolicyReplacementRequiresExplicitFields","Elapsed":0.01}
2026-10-09T03:22:38.3530704Z {"Time":"2026-10-09T03:22:38.343511654Z","Action":"run","Package":"tabmail/internal/api/handlers","Test":"TestR5SMTPPolicyReplacementRejectsMalformedValues"}
2026-10-09T03:22:38.3532423Z {"Time":"2026-10-09T03:22:38.343514458Z","Action":"output","Package":"tabmail/internal/api/handlers","Test":"TestR5SMTPPolicyReplacementRejectsMalformedValues","Output":"=== RUN   TestR5SMTPPolicyReplacementRejectsMalformedValues\n"}
2026-10-09T03:22:38.3534242Z {"Time":"2026-10-09T03:22:38.343517663Z","Action":"run","Package":"tabmail/internal/api/handlers","Test":"TestR5SMTPPolicyReplacementRejectsMalformedValues/accept_domains/null_element"}
2026-10-09T03:22:38.3536496Z {"Time":"2026-10-09T03:22:38.343520547Z","Action":"output","Package":"tabmail/internal/api/handlers","Test":"TestR5SMTPPolicyReplacementRejectsMalformedValues/accept_domains/null_element","Output":"=== RUN   TestR5SMTPPolicyReplacementRejectsMalformedValues/accept_domains/null_element\n"}
2026-10-09T03:22:38.3539030Z {"Time":"2026-10-09T03:22:38.343524243Z","Action":"output","Package":"tabmail/internal/api/handlers","Test":"TestR5SMTPPolicyReplacementRejectsMalformedValues/accept_domains/null_element","Output":"--- PASS: TestR5SMTPPolicyReplacementRejectsMalformedValues/accept_domains/null_element (0.00s)\n"}
2026-10-09T03:22:38.3540328Z {"Time":"2026-10-09T03:22:38.343527668Z","Action":"pass","Package":"tabmail/internal/api/handlers","Test":"TestR5SMTPPolicyReplacementRejectsMalformedValues/accept_domains/null_element","Elapsed":0}
2026-10-09T03:22:38.3541414Z {"Time":"2026-10-09T03:22:38.343530803Z","Action":"run","Package":"tabmail/internal/api/handlers","Test":"TestR5SMTPPolicyReplacementRejectsMalformedValues/reject_domains/null_element"}
2026-10-09T03:22:38.3543383Z {"Time":"2026-10-09T03:22:38.343533437Z","Action":"output","Package":"tabmail/internal/api/handlers","Test":"TestR5SMTPPolicyReplacementRejectsMalformedValues/reject_domains/null_element","Output":"=== RUN   TestR5SMTPPolicyReplacementRejectsMalformedValues/reject_domains/null_element\n"}
2026-10-09T03:22:38.3546155Z {"Time":"2026-10-09T03:22:38.343536892Z","Action":"output","Package":"tabmail/internal/api/handlers","Test":"TestR5SMTPPolicyReplacementRejectsMalformedValues/reject_domains/null_element","Output":"--- PASS: TestR5SMTPPolicyReplacementRejectsMalformedValues/reject_domains/null_element (0.00s)\n"}
2026-10-09T03:22:38.3547566Z {"Time":"2026-10-09T03:22:38.343539896Z","Action":"pass","Package":"tabmail/internal/api/handlers","Test":"TestR5SMTPPolicyReplacementRejectsMalformedValues/reject_domains/null_element","Elapsed":0}
2026-10-09T03:22:38.3548839Z {"Time":"2026-10-09T03:22:38.343542981Z","Action":"run","Package":"tabmail/internal/api/handlers","Test":"TestR5SMTPPolicyReplacementRejectsMalformedValues/store_domains/null_element"}
2026-10-09T03:22:38.3550990Z {"Time":"2026-10-09T03:22:38.343545615Z","Action":"output","Package":"tabmail/internal/api/handlers","Test":"TestR5SMTPPolicyReplacementRejectsMalformedValues/store_domains/null_element","Output":"=== RUN   TestR5SMTPPolicyReplacementRejectsMalformedValues/store_domains/null_element\n"}
2026-10-09T03:22:38.3553693Z {"Time":"2026-10-09T03:22:38.343551784Z","Action":"output","Package":"tabmail/internal/api/handlers","Test":"TestR5SMTPPolicyReplacementRejectsMalformedValues/store_domains/null_element","Output":"--- PASS: TestR5SMTPPolicyReplacementRejectsMalformedValues/store_domains/null_element (0.00s)\n"}
2026-10-09T03:22:38.3556031Z {"Time":"2026-10-09T03:22:38.343554959Z","Action":"pass","Package":"tabmail/internal/api/handlers","Test":"TestR5SMTPPolicyReplacementRejectsMalformedValues/store_domains/null_element","Elapsed":0}
2026-10-09T03:22:38.3557030Z {"Time":"2026-10-09T03:22:38.343558043Z","Action":"run","Package":"tabmail/internal/api/handlers","Test":"TestR5SMTPPolicyReplacementRejectsMalformedValues/discard_domains/null_element"}
2026-10-09T03:22:38.3558255Z {"Time":"2026-10-09T03:22:38.343560427Z","Action":"output","Package":"tabmail/internal/api/handlers","Test":"TestR5SMTPPolicyReplacementRejectsMalformedValues/discard_domains/null_element","Output":"=== RUN   TestR5SMTPPolicyReplacementRejectsMalformedValues/discard_domains/null_element\n"}
2026-10-09T03:22:38.3559994Z {"Time":"2026-10-09T03:22:38.343564062Z","Action":"output","Package":"tabmail/internal/api/handlers","Test":"TestR5SMTPPolicyReplacementRejectsMalformedValues/discard_domains/null_element","Output":"--- PASS: TestR5SMTPPolicyReplacementRejectsMalformedValues/discard_domains/null_element (0.00s)\n"}
2026-10-09T03:22:38.3562260Z {"Time":"2026-10-09T03:22:38.343567487Z","Action":"pass","Package":"tabmail/internal/api/handlers","Test":"TestR5SMTPPolicyReplacementRejectsMalformedValues/discard_domains/null_element","Elapsed":0}
2026-10-09T03:22:38.3563952Z {"Time":"2026-10-09T03:22:38.343570301Z","Action":"run","Package":"tabmail/internal/api/handlers","Test":"TestR5SMTPPolicyReplacementRejectsMalformedValues/reject_origin_domains/null_element"}
2026-10-09T03:22:38.3565492Z {"Time":"2026-10-09T03:22:38.343573085Z","Action":"output","Package":"tabmail/internal/api/handlers","Test":"TestR5SMTPPolicyReplacementRejectsMalformedValues/reject_origin_domains/null_element","Output":"=== RUN   TestR5SMTPPolicyReplacementRejectsMalformedValues/reject_origin_domains/null_element\n"}
2026-10-09T03:22:38.3567855Z {"Time":"2026-10-09T03:22:38.343907482Z","Action":"output","Package":"tabmail/internal/api/handlers","Test":"TestR5SMTPPolicyReplacementRejectsMalformedValues/reject_origin_domains/null_element","Output":"--- PASS: TestR5SMTPPolicyReplacementRejectsMalformedValues/reject_origin_domains/null_element (0.00s)\n"}
2026-10-09T03:22:38.3569959Z {"Time":"2026-10-09T03:22:38.343963556Z","Action":"pass","Package":"tabmail/internal/api/handlers","Test":"TestR5SMTPPolicyReplacementRejectsMalformedValues/reject_origin_domains/null_element","Elapsed":0}
2026-10-09T03:22:38.3570893Z {"Time":"2026-10-09T03:22:38.34402671Z","Action":"run","Package":"tabmail/internal/api/handlers","Test":"TestR5SMTPPolicyReplacementRejectsMalformedValues/string_bool"}
2026-10-09T03:22:38.3571977Z {"Time":"2026-10-09T03:22:38.344032198Z","Action":"output","Package":"tabmail/internal/api/handlers","Test":"TestR5SMTPPolicyReplacementRejectsMalformedValues/string_bool","Output":"=== RUN   TestR5SMTPPolicyReplacementRejectsMalformedValues/string_bool\n"}
2026-10-09T03:22:38.3573324Z {"Time":"2026-10-09T03:22:38.344485211Z","Action":"output","Package":"tabmail/internal/api/handlers","Test":"TestR5SMTPPolicyReplacementRejectsMalformedValues/string_bool","Output":"--- PASS: TestR5SMTPPolicyReplacementRejectsMalformedValues/string_bool (0.00s)\n"}
2026-10-09T03:22:38.3574560Z {"Time":"2026-10-09T03:22:38.344537889Z","Action":"pass","Package":"tabmail/internal/api/handlers","Test":"TestR5SMTPPolicyReplacementRejectsMalformedValues/string_bool","Elapsed":0}
2026-10-09T03:22:38.3575451Z {"Time":"2026-10-09T03:22:38.344587022Z","Action":"run","Package":"tabmail/internal/api/handlers","Test":"TestR5SMTPPolicyReplacementRejectsMalformedValues/integer_bool"}
2026-10-09T03:22:38.3576547Z {"Time":"2026-10-09T03:22:38.344593242Z","Action":"output","Package":"tabmail/internal/api/handlers","Test":"TestR5SMTPPolicyReplacementRejectsMalformedValues/integer_bool","Output":"=== RUN   TestR5SMTPPolicyReplacementRejectsMalformedValues/integer_bool\n"}
2026-10-09T03:22:38.3578047Z {"Time":"2026-10-09T03:22:38.345050902Z","Action":"output","Package":"tabmail/internal/api/handlers","Test":"TestR5SMTPPolicyReplacementRejectsMalformedValues/integer_bool","Output":"--- PASS: TestR5SMTPPolicyReplacementRejectsMalformedValues/integer_bool (0.00s)\n"}
2026-10-09T03:22:38.3579200Z {"Time":"2026-10-09T03:22:38.345113785Z","Action":"pass","Package":"tabmail/internal/api/handlers","Test":"TestR5SMTPPolicyReplacementRejectsMalformedValues/integer_bool","Elapsed":0}
2026-10-09T03:22:38.3580072Z {"Time":"2026-10-09T03:22:38.345174245Z","Action":"run","Package":"tabmail/internal/api/handlers","Test":"TestR5SMTPPolicyReplacementRejectsMalformedValues/scalar_list"}
2026-10-09T03:22:38.3581148Z {"Time":"2026-10-09T03:22:38.345179513Z","Action":"output","Package":"tabmail/internal/api/handlers","Test":"TestR5SMTPPolicyReplacementRejectsMalformedValues/scalar_list","Output":"=== RUN   TestR5SMTPPolicyReplacementRejectsMalformedValues/scalar_list\n"}
2026-10-09T03:22:38.3582503Z {"Time":"2026-10-09T03:22:38.34566209Z","Action":"output","Package":"tabmail/internal/api/handlers","Test":"TestR5SMTPPolicyReplacementRejectsMalformedValues/scalar_list","Output":"--- PASS: TestR5SMTPPolicyReplacementRejectsMalformedValues/scalar_list (0.00s)\n"}
2026-10-09T03:22:38.3583623Z {"Time":"2026-10-09T03:22:38.345713877Z","Action":"pass","Package":"tabmail/internal/api/handlers","Test":"TestR5SMTPPolicyReplacementRejectsMalformedValues/scalar_list","Elapsed":0}
2026-10-09T03:22:38.3584556Z {"Time":"2026-10-09T03:22:38.345796089Z","Action":"run","Package":"tabmail/internal/api/handlers","Test":"TestR5SMTPPolicyReplacementRejectsMalformedValues/object_list"}
2026-10-09T03:22:38.3585633Z {"Time":"2026-10-09T03:22:38.345801417Z","Action":"output","Package":"tabmail/internal/api/handlers","Test":"TestR5SMTPPolicyReplacementRejectsMalformedValues/object_list","Output":"=== RUN   TestR5SMTPPolicyReplacementRejectsMalformedValues/object_list\n"}
2026-10-09T03:22:38.3586966Z {"Time":"2026-10-09T03:22:38.347017414Z","Action":"output","Package":"tabmail/internal/api/handlers","Test":"TestR5SMTPPolicyReplacementRejectsMalformedValues/object_list","Output":"--- PASS: TestR5SMTPPolicyReplacementRejectsMalformedValues/object_list (0.00s)\n"}
2026-10-09T03:22:38.3588091Z {"Time":"2026-10-09T03:22:38.347063162Z","Action":"pass","Package":"tabmail/internal/api/handlers","Test":"TestR5SMTPPolicyReplacementRejectsMalformedValues/object_list","Elapsed":0}
2026-10-09T03:22:38.3589092Z {"Time":"2026-10-09T03:22:38.34947091Z","Action":"run","Package":"tabmail/internal/api/handlers","Test":"TestR5SMTPPolicyReplacementRejectsMalformedValues/unknown_field"}
2026-10-09T03:22:38.3590185Z {"Time":"2026-10-09T03:22:38.349480605Z","Action":"output","Package":"tabmail/internal/api/handlers","Test":"TestR5SMTPPolicyReplacementRejectsMalformedValues/unknown_field","Output":"=== RUN   TestR5SMTPPolicyReplacementRejectsMalformedValues/unknown_field\n"}
2026-10-09T03:22:38.3591539Z {"Time":"2026-10-09T03:22:38.349486253Z","Action":"output","Package":"tabmail/internal/api/handlers","Test":"TestR5SMTPPolicyReplacementRejectsMalformedValues/unknown_field","Output":"--- PASS: TestR5SMTPPolicyReplacementRejectsMalformedValues/unknown_field (0.00s)\n"}
2026-10-09T03:22:38.3592680Z {"Time":"2026-10-09T03:22:38.349490289Z","Action":"pass","Package":"tabmail/internal/api/handlers","Test":"TestR5SMTPPolicyReplacementRejectsMalformedValues/unknown_field","Elapsed":0}
2026-10-09T03:22:38.3593602Z {"Time":"2026-10-09T03:22:38.349494025Z","Action":"run","Package":"tabmail/internal/api/handlers","Test":"TestR5SMTPPolicyReplacementRejectsMalformedValues/trailing_document"}
2026-10-09T03:22:38.3594819Z {"Time":"2026-10-09T03:22:38.349496859Z","Action":"output","Package":"tabmail/internal/api/handlers","Test":"TestR5SMTPPolicyReplacementRejectsMalformedValues/trailing_document","Output":"=== RUN   TestR5SMTPPolicyReplacementRejectsMalformedValues/trailing_document\n"}
2026-10-09T03:22:38.3596333Z {"Time":"2026-10-09T03:22:38.349502357Z","Action":"output","Package":"tabmail/internal/api/handlers","Test":"TestR5SMTPPolicyReplacementRejectsMalformedValues/trailing_document","Output":"--- PASS: TestR5SMTPPolicyReplacementRejectsMalformedValues/trailing_document (0.00s)\n"}
2026-10-09T03:22:38.3597509Z {"Time":"2026-10-09T03:22:38.349505872Z","Action":"pass","Package":"tabmail/internal/api/handlers","Test":"TestR5SMTPPolicyReplacementRejectsMalformedValues/trailing_document","Elapsed":0}
2026-10-09T03:22:38.3598410Z {"Time":"2026-10-09T03:22:38.349509077Z","Action":"run","Package":"tabmail/internal/api/handlers","Test":"TestR5SMTPPolicyReplacementRejectsMalformedValues/top_level_array"}
2026-10-09T03:22:38.3599528Z {"Time":"2026-10-09T03:22:38.349511701Z","Action":"output","Package":"tabmail/internal/api/handlers","Test":"TestR5SMTPPolicyReplacementRejectsMalformedValues/top_level_array","Output":"=== RUN   TestR5SMTPPolicyReplacementRejectsMalformedValues/top_level_array\n"}
2026-10-09T03:22:38.3600895Z {"Time":"2026-10-09T03:22:38.349515507Z","Action":"output","Package":"tabmail/internal/api/handlers","Test":"TestR5SMTPPolicyReplacementRejectsMalformedValues/top_level_array","Output":"--- PASS: TestR5SMTPPolicyReplacementRejectsMalformedValues/top_level_array (0.00s)\n"}
2026-10-09T03:22:38.3602041Z {"Time":"2026-10-09T03:22:38.349519022Z","Action":"pass","Package":"tabmail/internal/api/handlers","Test":"TestR5SMTPPolicyReplacementRejectsMalformedValues/top_level_array","Elapsed":0}
2026-10-09T03:22:38.3603133Z {"Time":"2026-10-09T03:22:38.349522878Z","Action":"output","Package":"tabmail/internal/api/handlers","Test":"TestR5SMTPPolicyReplacementRejectsMalformedValues","Output":"--- PASS: TestR5SMTPPolicyReplacementRejectsMalformedValues (0.01s)\n"}
2026-10-09T03:22:38.3604163Z {"Time":"2026-10-09T03:22:38.349526293Z","Action":"pass","Package":"tabmail/internal/api/handlers","Test":"TestR5SMTPPolicyReplacementRejectsMalformedValues","Elapsed":0.01}
2026-10-09T03:22:38.3605082Z {"Time":"2026-10-09T03:22:38.349531801Z","Action":"run","Package":"tabmail/internal/api/handlers","Test":"TestR5SMTPPolicyReplacementPreservesExplicitValues"}
2026-10-09T03:22:38.3606085Z {"Time":"2026-10-09T03:22:38.349534655Z","Action":"output","Package":"tabmail/internal/api/handlers","Test":"TestR5SMTPPolicyReplacementPreservesExplicitValues","Output":"=== RUN   TestR5SMTPPolicyReplacementPreservesExplicitValues\n"}
2026-10-09T03:22:38.3607217Z {"Time":"2026-10-09T03:22:38.34953813Z","Action":"run","Package":"tabmail/internal/api/handlers","Test":"TestR5SMTPPolicyReplacementPreservesExplicitValues/complete_lists"}
2026-10-09T03:22:38.3608347Z {"Time":"2026-10-09T03:22:38.349540774Z","Action":"output","Package":"tabmail/internal/api/handlers","Test":"TestR5SMTPPolicyReplacementPreservesExplicitValues/complete_lists","Output":"=== RUN   TestR5SMTPPolicyReplacementPreservesExplicitValues/complete_lists\n"}
2026-10-09T03:22:38.3609731Z {"Time":"2026-10-09T03:22:38.34954468Z","Action":"output","Package":"tabmail/internal/api/handlers","Test":"TestR5SMTPPolicyReplacementPreservesExplicitValues/complete_lists","Output":"--- PASS: TestR5SMTPPolicyReplacementPreservesExplicitValues/complete_lists (0.00s)\n"}
2026-10-09T03:22:38.3610890Z {"Time":"2026-10-09T03:22:38.349548536Z","Action":"pass","Package":"tabmail/internal/api/handlers","Test":"TestR5SMTPPolicyReplacementPreservesExplicitValues/complete_lists","Elapsed":0}
2026-10-09T03:22:38.3611822Z {"Time":"2026-10-09T03:22:38.349551901Z","Action":"run","Package":"tabmail/internal/api/handlers","Test":"TestR5SMTPPolicyReplacementPreservesExplicitValues/explicit_reject_discard"}
2026-10-09T03:22:38.3613017Z {"Time":"2026-10-09T03:22:38.349554635Z","Action":"output","Package":"tabmail/internal/api/handlers","Test":"TestR5SMTPPolicyReplacementPreservesExplicitValues/explicit_reject_discard","Output":"=== RUN   TestR5SMTPPolicyReplacementPreservesExplicitValues/explicit_reject_discard\n"}
2026-10-09T03:22:38.3614686Z {"Time":"2026-10-09T03:22:38.349558591Z","Action":"output","Package":"tabmail/internal/api/handlers","Test":"TestR5SMTPPolicyReplacementPreservesExplicitValues/explicit_reject_discard","Output":"--- PASS: TestR5SMTPPolicyReplacementPreservesExplicitValues/explicit_reject_discard (0.00s)\n"}
2026-10-09T03:22:38.3615933Z {"Time":"2026-10-09T03:22:38.349562156Z","Action":"pass","Package":"tabmail/internal/api/handlers","Test":"TestR5SMTPPolicyReplacementPreservesExplicitValues/explicit_reject_discard","Elapsed":0}
2026-10-09T03:22:38.3616874Z {"Time":"2026-10-09T03:22:38.349565771Z","Action":"run","Package":"tabmail/internal/api/handlers","Test":"TestR5SMTPPolicyReplacementPreservesExplicitValues/explicit_accept_store"}
2026-10-09T03:22:38.3618053Z {"Time":"2026-10-09T03:22:38.349568636Z","Action":"output","Package":"tabmail/internal/api/handlers","Test":"TestR5SMTPPolicyReplacementPreservesExplicitValues/explicit_accept_store","Output":"=== RUN   TestR5SMTPPolicyReplacementPreservesExplicitValues/explicit_accept_store\n"}
2026-10-09T03:22:38.3619512Z {"Time":"2026-10-09T03:22:38.349573303Z","Action":"output","Package":"tabmail/internal/api/handlers","Test":"TestR5SMTPPolicyReplacementPreservesExplicitValues/explicit_accept_store","Output":"--- PASS: TestR5SMTPPolicyReplacementPreservesExplicitValues/explicit_accept_store (0.00s)\n"}
2026-10-09T03:22:38.3620735Z {"Time":"2026-10-09T03:22:38.349576928Z","Action":"pass","Package":"tabmail/internal/api/handlers","Test":"TestR5SMTPPolicyReplacementPreservesExplicitValues/explicit_accept_store","Elapsed":0}
2026-10-09T03:22:38.3621674Z {"Time":"2026-10-09T03:22:38.349580894Z","Action":"run","Package":"tabmail/internal/api/handlers","Test":"TestR5SMTPPolicyReplacementPreservesExplicitValues/explicit_accept_discard"}
2026-10-09T03:22:38.3622863Z {"Time":"2026-10-09T03:22:38.349583668Z","Action":"output","Package":"tabmail/internal/api/handlers","Test":"TestR5SMTPPolicyReplacementPreservesExplicitValues/explicit_accept_discard","Output":"=== RUN   TestR5SMTPPolicyReplacementPreservesExplicitValues/explicit_accept_discard\n"}
2026-10-09T03:22:38.3624353Z {"Time":"2026-10-09T03:22:38.349797356Z","Action":"output","Package":"tabmail/internal/api/handlers","Test":"TestR5SMTPPolicyReplacementPreservesExplicitValues/explicit_accept_discard","Output":"--- PASS: TestR5SMTPPolicyReplacementPreservesExplicitValues/explicit_accept_discard (0.00s)\n"}
2026-10-09T03:22:38.3625673Z {"Time":"2026-10-09T03:22:38.349806479Z","Action":"pass","Package":"tabmail/internal/api/handlers","Test":"TestR5SMTPPolicyReplacementPreservesExplicitValues/explicit_accept_discard","Elapsed":0}
2026-10-09T03:22:38.3626746Z {"Time":"2026-10-09T03:22:38.349810495Z","Action":"run","Package":"tabmail/internal/api/handlers","Test":"TestR5SMTPPolicyReplacementPreservesExplicitValues/legacy_response_timestamp"}
2026-10-09T03:22:38.3627969Z {"Time":"2026-10-09T03:22:38.349814441Z","Action":"output","Package":"tabmail/internal/api/handlers","Test":"TestR5SMTPPolicyReplacementPreservesExplicitValues/legacy_response_timestamp","Output":"=== RUN   TestR5SMTPPolicyReplacementPreservesExplicitValues/legacy_response_timestamp\n"}
2026-10-09T03:22:38.3629479Z {"Time":"2026-10-09T03:22:38.350218942Z","Action":"output","Package":"tabmail/internal/api/handlers","Test":"TestR5SMTPPolicyReplacementPreservesExplicitValues/legacy_response_timestamp","Output":"--- PASS: TestR5SMTPPolicyReplacementPreservesExplicitValues/legacy_response_timestamp (0.00s)\n"}
2026-10-09T03:22:38.3630746Z {"Time":"2026-10-09T03:22:38.350255917Z","Action":"pass","Package":"tabmail/internal/api/handlers","Test":"TestR5SMTPPolicyReplacementPreservesExplicitValues/legacy_response_timestamp","Elapsed":0}
2026-10-09T03:22:38.3631878Z {"Time":"2026-10-09T03:22:38.350279762Z","Action":"output","Package":"tabmail/internal/api/handlers","Test":"TestR5SMTPPolicyReplacementPreservesExplicitValues","Output":"--- PASS: TestR5SMTPPolicyReplacementPreservesExplicitValues (0.00s)\n"}
2026-10-09T03:22:38.3632925Z {"Time":"2026-10-09T03:22:38.350299632Z","Action":"pass","Package":"tabmail/internal/api/handlers","Test":"TestR5SMTPPolicyReplacementPreservesExplicitValues","Elapsed":0}
2026-10-09T03:22:38.3633903Z {"Time":"2026-10-09T03:22:38.350334033Z","Action":"run","Package":"tabmail/internal/api/handlers","Test":"TestR5SMTPPolicyReplacementAuthorizationAndStorageFailure"}
2026-10-09T03:22:38.3635049Z {"Time":"2026-10-09T03:22:38.350352641Z","Action":"output","Package":"tabmail/internal/api/handlers","Test":"TestR5SMTPPolicyReplacementAuthorizationAndStorageFailure","Output":"=== RUN   TestR5SMTPPolicyReplacementAuthorizationAndStorageFailure\n"}
2026-10-09T03:22:38.3636137Z {"Time":"2026-10-09T03:22:38.350373382Z","Action":"run","Package":"tabmail/internal/api/handlers","Test":"TestR5SMTPPolicyReplacementAuthorizationAndStorageFailure/tenant_admin"}
2026-10-09T03:22:38.3637310Z {"Time":"2026-10-09T03:22:38.35039279Z","Action":"output","Package":"tabmail/internal/api/handlers","Test":"TestR5SMTPPolicyReplacementAuthorizationAndStorageFailure/tenant_admin","Output":"=== RUN   TestR5SMTPPolicyReplacementAuthorizationAndStorageFailure/tenant_admin\n"}
2026-10-09T03:22:38.3638766Z {"Time":"2026-10-09T03:22:38.350718434Z","Action":"output","Package":"tabmail/internal/api/handlers","Test":"TestR5SMTPPolicyReplacementAuthorizationAndStorageFailure/tenant_admin","Output":"--- PASS: TestR5SMTPPolicyReplacementAuthorizationAndStorageFailure/tenant_admin (0.00s)\n"}
2026-10-09T03:22:38.3639993Z {"Time":"2026-10-09T03:22:38.350765324Z","Action":"pass","Package":"tabmail/internal/api/handlers","Test":"TestR5SMTPPolicyReplacementAuthorizationAndStorageFailure/tenant_admin","Elapsed":0}
2026-10-09T03:22:38.3640910Z {"Time":"2026-10-09T03:22:38.350786486Z","Action":"run","Package":"tabmail/internal/api/handlers","Test":"TestR5SMTPPolicyReplacementAuthorizationAndStorageFailure/member"}
2026-10-09T03:22:38.3642026Z {"Time":"2026-10-09T03:22:38.350804683Z","Action":"output","Package":"tabmail/internal/api/handlers","Test":"TestR5SMTPPolicyReplacementAuthorizationAndStorageFailure/member","Output":"=== RUN   TestR5SMTPPolicyReplacementAuthorizationAndStorageFailure/member\n"}
2026-10-09T03:22:38.3643421Z {"Time":"2026-10-09T03:22:38.351074133Z","Action":"output","Package":"tabmail/internal/api/handlers","Test":"TestR5SMTPPolicyReplacementAuthorizationAndStorageFailure/member","Output":"--- PASS: TestR5SMTPPolicyReplacementAuthorizationAndStorageFailure/member (0.00s)\n"}
2026-10-09T03:22:38.3644663Z {"Time":"2026-10-09T03:22:38.351111779Z","Action":"pass","Package":"tabmail/internal/api/handlers","Test":"TestR5SMTPPolicyReplacementAuthorizationAndStorageFailure/member","Elapsed":0}
2026-10-09T03:22:38.3645675Z {"Time":"2026-10-09T03:22:38.351135364Z","Action":"run","Package":"tabmail/internal/api/handlers","Test":"TestR5SMTPPolicyReplacementAuthorizationAndStorageFailure/storage_error"}
2026-10-09T03:22:38.3646863Z {"Time":"2026-10-09T03:22:38.351153952Z","Action":"output","Package":"tabmail/internal/api/handlers","Test":"TestR5SMTPPolicyReplacementAuthorizationAndStorageFailure/storage_error","Output":"=== RUN   TestR5SMTPPolicyReplacementAuthorizationAndStorageFailure/storage_error\n"}
2026-10-09T03:22:38.3648335Z {"Time":"2026-10-09T03:22:38.351491804Z","Action":"output","Package":"tabmail/internal/api/handlers","Test":"TestR5SMTPPolicyReplacementAuthorizationAndStorageFailure/storage_error","Output":"--- PASS: TestR5SMTPPolicyReplacementAuthorizationAndStorageFailure/storage_error (0.00s)\n"}
2026-10-09T03:22:38.3649613Z {"Time":"2026-10-09T03:22:38.351545444Z","Action":"pass","Package":"tabmail/internal/api/handlers","Test":"TestR5SMTPPolicyReplacementAuthorizationAndStorageFailure/storage_error","Elapsed":0}
2026-10-09T03:22:38.3650795Z {"Time":"2026-10-09T03:22:38.351568408Z","Action":"output","Package":"tabmail/internal/api/handlers","Test":"TestR5SMTPPolicyReplacementAuthorizationAndStorageFailure","Output":"--- PASS: TestR5SMTPPolicyReplacementAuthorizationAndStorageFailure (0.00s)\n"}
2026-10-09T03:22:38.3651906Z {"Time":"2026-10-09T03:22:38.351598633Z","Action":"pass","Package":"tabmail/internal/api/handlers","Test":"TestR5SMTPPolicyReplacementAuthorizationAndStorageFailure","Elapsed":0}
2026-10-09T03:22:38.3652784Z {"Time":"2026-10-09T03:22:38.351636719Z","Action":"run","Package":"tabmail/internal/api/handlers","Test":"TestR5TemplateNULPreviewHTTP"}
2026-10-09T03:22:38.3653572Z {"Time":"2026-10-09T03:22:38.351641636Z","Action":"output","Package":"tabmail/internal/api/handlers","Test":"TestR5TemplateNULPreviewHTTP","Output":"=== RUN   TestR5TemplateNULPreviewHTTP\n"}
2026-10-09T03:22:38.3654374Z {"Time":"2026-10-09T03:22:38.351668206Z","Action":"run","Package":"tabmail/internal/api/handlers","Test":"TestR5TemplateNULPreviewHTTP/subject"}
2026-10-09T03:22:38.3655306Z {"Time":"2026-10-09T03:22:38.351705822Z","Action":"output","Package":"tabmail/internal/api/handlers","Test":"TestR5TemplateNULPreviewHTTP/subject","Output":"=== RUN   TestR5TemplateNULPreviewHTTP/subject\n"}
2026-10-09T03:22:38.3656324Z {"Time":"2026-10-09T03:22:38.352174488Z","Action":"output","Package":"tabmail/internal/api/handlers","Test":"TestR5TemplateNULPreviewHTTP/subject","Output":"--- PASS: TestR5TemplateNULPreviewHTTP/subject (0.00s)\n"}
2026-10-09T03:22:38.3657213Z {"Time":"2026-10-09T03:22:38.352185184Z","Action":"pass","Package":"tabmail/internal/api/handlers","Test":"TestR5TemplateNULPreviewHTTP/subject","Elapsed":0}
2026-10-09T03:22:38.3657923Z {"Time":"2026-10-09T03:22:38.352239495Z","Action":"run","Package":"tabmail/internal/api/handlers","Test":"TestR5TemplateNULPreviewHTTP/text"}
2026-10-09T03:22:38.3658753Z {"Time":"2026-10-09T03:22:38.352265003Z","Action":"output","Package":"tabmail/internal/api/handlers","Test":"TestR5TemplateNULPreviewHTTP/text","Output":"=== RUN   TestR5TemplateNULPreviewHTTP/text\n"}
2026-10-09T03:22:38.3659741Z {"Time":"2026-10-09T03:22:38.352600201Z","Action":"output","Package":"tabmail/internal/api/handlers","Test":"TestR5TemplateNULPreviewHTTP/text","Output":"--- PASS: TestR5TemplateNULPreviewHTTP/text (0.00s)\n"}
2026-10-09T03:22:38.3660642Z {"Time":"2026-10-09T03:22:38.352608874Z","Action":"pass","Package":"tabmail/internal/api/handlers","Test":"TestR5TemplateNULPreviewHTTP/text","Elapsed":0}
2026-10-09T03:22:38.3661338Z {"Time":"2026-10-09T03:22:38.352614803Z","Action":"run","Package":"tabmail/internal/api/handlers","Test":"TestR5TemplateNULPreviewHTTP/html"}
2026-10-09T03:22:38.3662149Z {"Time":"2026-10-09T03:22:38.352617847Z","Action":"output","Package":"tabmail/internal/api/handlers","Test":"TestR5TemplateNULPreviewHTTP/html","Output":"=== RUN   TestR5TemplateNULPreviewHTTP/html\n"}
2026-10-09T03:22:38.3663235Z {"Time":"2026-10-09T03:22:38.352971092Z","Action":"output","Package":"tabmail/internal/api/handlers","Test":"TestR5TemplateNULPreviewHTTP/html","Output":"--- PASS: TestR5TemplateNULPreviewHTTP/html (0.00s)\n"}
2026-10-09T03:22:38.3664100Z {"Time":"2026-10-09T03:22:38.353012073Z","Action":"pass","Package":"tabmail/internal/api/handlers","Test":"TestR5TemplateNULPreviewHTTP/html","Elapsed":0}
2026-10-09T03:22:38.3664877Z {"Time":"2026-10-09T03:22:38.353034316Z","Action":"run","Package":"tabmail/internal/api/handlers","Test":"TestR5TemplateNULPreviewHTTP/option"}
2026-10-09T03:22:38.3665728Z {"Time":"2026-10-09T03:22:38.353053755Z","Action":"output","Package":"tabmail/internal/api/handlers","Test":"TestR5TemplateNULPreviewHTTP/option","Output":"=== RUN   TestR5TemplateNULPreviewHTTP/option\n"}
2026-10-09T03:22:38.3666736Z {"Time":"2026-10-09T03:22:38.353382874Z","Action":"output","Package":"tabmail/internal/api/handlers","Test":"TestR5TemplateNULPreviewHTTP/option","Output":"--- PASS: TestR5TemplateNULPreviewHTTP/option (0.00s)\n"}
2026-10-09T03:22:38.3667641Z {"Time":"2026-10-09T03:22:38.353392599Z","Action":"pass","Package":"tabmail/internal/api/handlers","Test":"TestR5TemplateNULPreviewHTTP/option","Elapsed":0}
2026-10-09T03:22:38.3668362Z {"Time":"2026-10-09T03:22:38.353420901Z","Action":"run","Package":"tabmail/internal/api/handlers","Test":"TestR5TemplateNULPreviewHTTP/value"}
2026-10-09T03:22:38.3669200Z {"Time":"2026-10-09T03:22:38.353425447Z","Action":"output","Package":"tabmail/internal/api/handlers","Test":"TestR5TemplateNULPreviewHTTP/value","Output":"=== RUN   TestR5TemplateNULPreviewHTTP/value\n"}
2026-10-09T03:22:38.3670352Z {"Time":"2026-10-09T03:22:38.354117205Z","Action":"output","Package":"tabmail/internal/api/handlers","Test":"TestR5TemplateNULPreviewHTTP/value","Output":"--- PASS: TestR5TemplateNULPreviewHTTP/value (0.00s)\n"}
2026-10-09T03:22:38.3671214Z {"Time":"2026-10-09T03:22:38.354126599Z","Action":"pass","Package":"tabmail/internal/api/handlers","Test":"TestR5TemplateNULPreviewHTTP/value","Elapsed":0}
2026-10-09T03:22:38.3671924Z {"Time":"2026-10-09T03:22:38.354131857Z","Action":"run","Package":"tabmail/internal/api/handlers","Test":"TestR5TemplateNULPreviewHTTP/employee"}
2026-10-09T03:22:38.3672783Z {"Time":"2026-10-09T03:22:38.354135192Z","Action":"output","Package":"tabmail/internal/api/handlers","Test":"TestR5TemplateNULPreviewHTTP/employee","Output":"=== RUN   TestR5TemplateNULPreviewHTTP/employee\n"}
2026-10-09T03:22:38.3673813Z {"Time":"2026-10-09T03:22:38.354773881Z","Action":"output","Package":"tabmail/internal/api/handlers","Test":"TestR5TemplateNULPreviewHTTP/employee","Output":"--- PASS: TestR5TemplateNULPreviewHTTP/employee (0.00s)\n"}
2026-10-09T03:22:38.3674785Z {"Time":"2026-10-09T03:22:38.354782945Z","Action":"pass","Package":"tabmail/internal/api/handlers","Test":"TestR5TemplateNULPreviewHTTP/employee","Elapsed":0}
2026-10-09T03:22:38.3675529Z {"Time":"2026-10-09T03:22:38.354855853Z","Action":"run","Package":"tabmail/internal/api/handlers","Test":"TestR5TemplateNULPreviewHTTP/valid_unicode"}
2026-10-09T03:22:38.3676428Z {"Time":"2026-10-09T03:22:38.354871466Z","Action":"output","Package":"tabmail/internal/api/handlers","Test":"TestR5TemplateNULPreviewHTTP/valid_unicode","Output":"=== RUN   TestR5TemplateNULPreviewHTTP/valid_unicode\n"}
2026-10-09T03:22:38.3677507Z {"Time":"2026-10-09T03:22:38.355947676Z","Action":"output","Package":"tabmail/internal/api/handlers","Test":"TestR5TemplateNULPreviewHTTP/valid_unicode","Output":"--- PASS: TestR5TemplateNULPreviewHTTP/valid_unicode (0.00s)\n"}
2026-10-09T03:22:38.3678458Z {"Time":"2026-10-09T03:22:38.356032241Z","Action":"pass","Package":"tabmail/internal/api/handlers","Test":"TestR5TemplateNULPreviewHTTP/valid_unicode","Elapsed":0}
2026-10-09T03:22:38.3679331Z {"Time":"2026-10-09T03:22:38.356597321Z","Action":"output","Package":"tabmail/internal/api/handlers","Test":"TestR5TemplateNULPreviewHTTP","Output":"--- PASS: TestR5TemplateNULPreviewHTTP (0.00s)\n"}
2026-10-09T03:22:38.3680284Z {"Time":"2026-10-09T03:22:38.356604983Z","Action":"pass","Package":"tabmail/internal/api/handlers","Test":"TestR5TemplateNULPreviewHTTP","Elapsed":0}
2026-10-09T03:22:38.3680929Z {"Time":"2026-10-09T03:22:38.356607807Z","Action":"output","Package":"tabmail/internal/api/handlers","Output":"PASS\n"}
2026-10-09T03:22:39.3590627Z {"Time":"2026-10-09T03:22:39.358808333Z","Action":"output","Package":"tabmail/internal/api/handlers","Output":"ok  \ttabmail/internal/api/handlers\t1.072s\n"}
2026-10-09T03:22:39.3591777Z {"Time":"2026-10-09T03:22:39.358838989Z","Action":"pass","Package":"tabmail/internal/api/handlers","Elapsed":1.073}
2026-10-09T03:22:39.4025739Z ##[group]Run set -euo pipefail
2026-10-09T03:22:39.4026040Z [36;1mset -euo pipefail[0m
2026-10-09T03:22:39.4026329Z [36;1mgo test -mod=readonly -race -p 1 -count=1 -timeout=120s -json \[0m
2026-10-09T03:22:39.4026644Z [36;1m  ./internal/store/postgres \[0m
2026-10-09T03:22:39.4026994Z [36;1m  -run '^TestR5TemplateNULNameBeforeSQL$' | tee exec-evidence/pre-sql.jsonl[0m
2026-10-09T03:22:39.4083408Z shell: /usr/bin/bash -e {0}
2026-10-09T03:22:39.4083631Z ##[endgroup]
2026-10-09T03:22:48.6510045Z {"Time":"2026-10-09T03:22:48.650669482Z","Action":"start","Package":"tabmail/internal/store/postgres"}
2026-10-09T03:22:48.6728712Z {"Time":"2026-10-09T03:22:48.672593639Z","Action":"run","Package":"tabmail/internal/store/postgres","Test":"TestR5TemplateNULNameBeforeSQL"}
2026-10-09T03:22:48.6729877Z {"Time":"2026-10-09T03:22:48.67262083Z","Action":"output","Package":"tabmail/internal/store/postgres","Test":"TestR5TemplateNULNameBeforeSQL","Output":"=== RUN   TestR5TemplateNULNameBeforeSQL\n"}
2026-10-09T03:22:48.6731834Z {"Time":"2026-10-09T03:22:48.67307915Z","Action":"run","Package":"tabmail/internal/store/postgres","Test":"TestR5TemplateNULNameBeforeSQL/create/nul_middle"}
2026-10-09T03:22:48.6733510Z {"Time":"2026-10-09T03:22:48.673090257Z","Action":"output","Package":"tabmail/internal/store/postgres","Test":"TestR5TemplateNULNameBeforeSQL/create/nul_middle","Output":"=== RUN   TestR5TemplateNULNameBeforeSQL/create/nul_middle\n"}
2026-10-09T03:22:48.6734935Z {"Time":"2026-10-09T03:22:48.673131538Z","Action":"output","Package":"tabmail/internal/store/postgres","Test":"TestR5TemplateNULNameBeforeSQL/create/nul_middle","Output":"--- PASS: TestR5TemplateNULNameBeforeSQL/create/nul_middle (0.00s)\n"}
2026-10-09T03:22:48.6736651Z {"Time":"2026-10-09T03:22:48.673185759Z","Action":"pass","Package":"tabmail/internal/store/postgres","Test":"TestR5TemplateNULNameBeforeSQL/create/nul_middle","Elapsed":0}
2026-10-09T03:22:48.6738112Z {"Time":"2026-10-09T03:22:48.673212238Z","Action":"run","Package":"tabmail/internal/store/postgres","Test":"TestR5TemplateNULNameBeforeSQL/create/nul_end"}
2026-10-09T03:22:48.6739443Z {"Time":"2026-10-09T03:22:48.673227601Z","Action":"output","Package":"tabmail/internal/store/postgres","Test":"TestR5TemplateNULNameBeforeSQL/create/nul_end","Output":"=== RUN   TestR5TemplateNULNameBeforeSQL/create/nul_end\n"}
2026-10-09T03:22:48.6741260Z {"Time":"2026-10-09T03:22:48.673515399Z","Action":"output","Package":"tabmail/internal/store/postgres","Test":"TestR5TemplateNULNameBeforeSQL/create/nul_end","Output":"--- PASS: TestR5TemplateNULNameBeforeSQL/create/nul_end (0.00s)\n"}
2026-10-09T03:22:48.6742314Z {"Time":"2026-10-09T03:22:48.673526124Z","Action":"pass","Package":"tabmail/internal/store/postgres","Test":"TestR5TemplateNULNameBeforeSQL/create/nul_end","Elapsed":0}
2026-10-09T03:22:48.6743222Z {"Time":"2026-10-09T03:22:48.673533095Z","Action":"run","Package":"tabmail/internal/store/postgres","Test":"TestR5TemplateNULNameBeforeSQL/create/blank"}
2026-10-09T03:22:48.6744970Z {"Time":"2026-10-09T03:22:48.67353636Z","Action":"output","Package":"tabmail/internal/store/postgres","Test":"TestR5TemplateNULNameBeforeSQL/create/blank","Output":"=== RUN   TestR5TemplateNULNameBeforeSQL/create/blank\n"}
2026-10-09T03:22:48.6746918Z {"Time":"2026-10-09T03:22:48.673542018Z","Action":"output","Package":"tabmail/internal/store/postgres","Test":"TestR5TemplateNULNameBeforeSQL/create/blank","Output":"--- PASS: TestR5TemplateNULNameBeforeSQL/create/blank (0.00s)\n"}
2026-10-09T03:22:48.6748603Z {"Time":"2026-10-09T03:22:48.673548458Z","Action":"pass","Package":"tabmail/internal/store/postgres","Test":"TestR5TemplateNULNameBeforeSQL/create/blank","Elapsed":0}
2026-10-09T03:22:48.6749961Z {"Time":"2026-10-09T03:22:48.673551322Z","Action":"run","Package":"tabmail/internal/store/postgres","Test":"TestR5TemplateNULNameBeforeSQL/create/oversized"}
2026-10-09T03:22:48.6751913Z {"Time":"2026-10-09T03:22:48.673554016Z","Action":"output","Package":"tabmail/internal/store/postgres","Test":"TestR5TemplateNULNameBeforeSQL/create/oversized","Output":"=== RUN   TestR5TemplateNULNameBeforeSQL/create/oversized\n"}
2026-10-09T03:22:48.6753964Z {"Time":"2026-10-09T03:22:48.673558072Z","Action":"output","Package":"tabmail/internal/store/postgres","Test":"TestR5TemplateNULNameBeforeSQL/create/oversized","Output":"--- PASS: TestR5TemplateNULNameBeforeSQL/create/oversized (0.00s)\n"}
2026-10-09T03:22:48.6755879Z {"Time":"2026-10-09T03:22:48.673561998Z","Action":"pass","Package":"tabmail/internal/store/postgres","Test":"TestR5TemplateNULNameBeforeSQL/create/oversized","Elapsed":0}
2026-10-09T03:22:48.6757154Z {"Time":"2026-10-09T03:22:48.673565673Z","Action":"run","Package":"tabmail/internal/store/postgres","Test":"TestR5TemplateNULNameBeforeSQL/create/ascii"}
2026-10-09T03:22:48.6758109Z {"Time":"2026-10-09T03:22:48.673568327Z","Action":"output","Package":"tabmail/internal/store/postgres","Test":"TestR5TemplateNULNameBeforeSQL/create/ascii","Output":"=== RUN   TestR5TemplateNULNameBeforeSQL/create/ascii\n"}
2026-10-09T03:22:48.6759427Z {"Time":"2026-10-09T03:22:48.673982453Z","Action":"output","Package":"tabmail/internal/store/postgres","Test":"TestR5TemplateNULNameBeforeSQL/create/ascii","Output":"--- PASS: TestR5TemplateNULNameBeforeSQL/create/ascii (0.00s)\n"}
2026-10-09T03:22:48.6760411Z {"Time":"2026-10-09T03:22:48.673993068Z","Action":"pass","Package":"tabmail/internal/store/postgres","Test":"TestR5TemplateNULNameBeforeSQL/create/ascii","Elapsed":0}
2026-10-09T03:22:48.6761219Z {"Time":"2026-10-09T03:22:48.674003314Z","Action":"run","Package":"tabmail/internal/store/postgres","Test":"TestR5TemplateNULNameBeforeSQL/create/unicode"}
2026-10-09T03:22:48.6762161Z {"Time":"2026-10-09T03:22:48.674006749Z","Action":"output","Package":"tabmail/internal/store/postgres","Test":"TestR5TemplateNULNameBeforeSQL/create/unicode","Output":"=== RUN   TestR5TemplateNULNameBeforeSQL/create/unicode\n"}
2026-10-09T03:22:48.6763441Z {"Time":"2026-10-09T03:22:48.674290861Z","Action":"output","Package":"tabmail/internal/store/postgres","Test":"TestR5TemplateNULNameBeforeSQL/create/unicode","Output":"--- PASS: TestR5TemplateNULNameBeforeSQL/create/unicode (0.00s)\n"}
2026-10-09T03:22:48.6764682Z {"Time":"2026-10-09T03:22:48.674300175Z","Action":"pass","Package":"tabmail/internal/store/postgres","Test":"TestR5TemplateNULNameBeforeSQL/create/unicode","Elapsed":0}
2026-10-09T03:22:48.6765488Z {"Time":"2026-10-09T03:22:48.674329999Z","Action":"run","Package":"tabmail/internal/store/postgres","Test":"TestR5TemplateNULNameBeforeSQL/update/nul_middle"}
2026-10-09T03:22:48.6766444Z {"Time":"2026-10-09T03:22:48.674333835Z","Action":"output","Package":"tabmail/internal/store/postgres","Test":"TestR5TemplateNULNameBeforeSQL/update/nul_middle","Output":"=== RUN   TestR5TemplateNULNameBeforeSQL/update/nul_middle\n"}
2026-10-09T03:22:48.6767653Z {"Time":"2026-10-09T03:22:48.674457619Z","Action":"output","Package":"tabmail/internal/store/postgres","Test":"TestR5TemplateNULNameBeforeSQL/update/nul_middle","Output":"--- PASS: TestR5TemplateNULNameBeforeSQL/update/nul_middle (0.00s)\n"}
2026-10-09T03:22:48.6768717Z {"Time":"2026-10-09T03:22:48.674470187Z","Action":"pass","Package":"tabmail/internal/store/postgres","Test":"TestR5TemplateNULNameBeforeSQL/update/nul_middle","Elapsed":0}
2026-10-09T03:22:48.6769518Z {"Time":"2026-10-09T03:22:48.67458633Z","Action":"run","Package":"tabmail/internal/store/postgres","Test":"TestR5TemplateNULNameBeforeSQL/update/nul_end"}
2026-10-09T03:22:48.6770462Z {"Time":"2026-10-09T03:22:48.674619229Z","Action":"output","Package":"tabmail/internal/store/postgres","Test":"TestR5TemplateNULNameBeforeSQL/update/nul_end","Output":"=== RUN   TestR5TemplateNULNameBeforeSQL/update/nul_end\n"}
2026-10-09T03:22:48.6771595Z {"Time":"2026-10-09T03:22:48.674638167Z","Action":"output","Package":"tabmail/internal/store/postgres","Test":"TestR5TemplateNULNameBeforeSQL/update/nul_end","Output":"--- PASS: TestR5TemplateNULNameBeforeSQL/update/nul_end (0.00s)\n"}
2026-10-09T03:22:48.6772721Z {"Time":"2026-10-09T03:22:48.674654521Z","Action":"pass","Package":"tabmail/internal/store/postgres","Test":"TestR5TemplateNULNameBeforeSQL/update/nul_end","Elapsed":0}
2026-10-09T03:22:48.6773526Z {"Time":"2026-10-09T03:22:48.67468077Z","Action":"run","Package":"tabmail/internal/store/postgres","Test":"TestR5TemplateNULNameBeforeSQL/update/blank"}
2026-10-09T03:22:48.6774604Z {"Time":"2026-10-09T03:22:48.674708912Z","Action":"output","Package":"tabmail/internal/store/postgres","Test":"TestR5TemplateNULNameBeforeSQL/update/blank","Output":"=== RUN   TestR5TemplateNULNameBeforeSQL/update/blank\n"}
2026-10-09T03:22:48.6775747Z {"Time":"2026-10-09T03:22:48.674733949Z","Action":"output","Package":"tabmail/internal/store/postgres","Test":"TestR5TemplateNULNameBeforeSQL/update/blank","Output":"--- PASS: TestR5TemplateNULNameBeforeSQL/update/blank (0.00s)\n"}
2026-10-09T03:22:48.6776723Z {"Time":"2026-10-09T03:22:48.674751125Z","Action":"pass","Package":"tabmail/internal/store/postgres","Test":"TestR5TemplateNULNameBeforeSQL/update/blank","Elapsed":0}
2026-10-09T03:22:48.6777645Z {"Time":"2026-10-09T03:22:48.674765967Z","Action":"run","Package":"tabmail/internal/store/postgres","Test":"TestR5TemplateNULNameBeforeSQL/update/oversized"}
2026-10-09T03:22:48.6778626Z {"Time":"2026-10-09T03:22:48.674796672Z","Action":"output","Package":"tabmail/internal/store/postgres","Test":"TestR5TemplateNULNameBeforeSQL/update/oversized","Output":"=== RUN   TestR5TemplateNULNameBeforeSQL/update/oversized\n"}
2026-10-09T03:22:48.6779784Z {"Time":"2026-10-09T03:22:48.674814669Z","Action":"output","Package":"tabmail/internal/store/postgres","Test":"TestR5TemplateNULNameBeforeSQL/update/oversized","Output":"--- PASS: TestR5TemplateNULNameBeforeSQL/update/oversized (0.00s)\n"}
2026-10-09T03:22:48.6780774Z {"Time":"2026-10-09T03:22:48.674838665Z","Action":"pass","Package":"tabmail/internal/store/postgres","Test":"TestR5TemplateNULNameBeforeSQL/update/oversized","Elapsed":0}
2026-10-09T03:22:48.6781567Z {"Time":"2026-10-09T03:22:48.674873116Z","Action":"run","Package":"tabmail/internal/store/postgres","Test":"TestR5TemplateNULNameBeforeSQL/update/ascii"}
2026-10-09T03:22:48.6782506Z {"Time":"2026-10-09T03:22:48.674888729Z","Action":"output","Package":"tabmail/internal/store/postgres","Test":"TestR5TemplateNULNameBeforeSQL/update/ascii","Output":"=== RUN   TestR5TemplateNULNameBeforeSQL/update/ascii\n"}
2026-10-09T03:22:48.6783624Z {"Time":"2026-10-09T03:22:48.675036319Z","Action":"output","Package":"tabmail/internal/store/postgres","Test":"TestR5TemplateNULNameBeforeSQL/update/ascii","Output":"--- PASS: TestR5TemplateNULNameBeforeSQL/update/ascii (0.00s)\n"}
2026-10-09T03:22:48.6784716Z {"Time":"2026-10-09T03:22:48.675060444Z","Action":"pass","Package":"tabmail/internal/store/postgres","Test":"TestR5TemplateNULNameBeforeSQL/update/ascii","Elapsed":0}
2026-10-09T03:22:48.6785506Z {"Time":"2026-10-09T03:22:48.675083819Z","Action":"run","Package":"tabmail/internal/store/postgres","Test":"TestR5TemplateNULNameBeforeSQL/update/unicode"}
2026-10-09T03:22:48.6786453Z {"Time":"2026-10-09T03:22:48.675099022Z","Action":"output","Package":"tabmail/internal/store/postgres","Test":"TestR5TemplateNULNameBeforeSQL/update/unicode","Output":"=== RUN   TestR5TemplateNULNameBeforeSQL/update/unicode\n"}
2026-10-09T03:22:48.6787618Z {"Time":"2026-10-09T03:22:48.67530633Z","Action":"output","Package":"tabmail/internal/store/postgres","Test":"TestR5TemplateNULNameBeforeSQL/update/unicode","Output":"--- PASS: TestR5TemplateNULNameBeforeSQL/update/unicode (0.00s)\n"}
2026-10-09T03:22:48.6788627Z {"Time":"2026-10-09T03:22:48.675315153Z","Action":"pass","Package":"tabmail/internal/store/postgres","Test":"TestR5TemplateNULNameBeforeSQL/update/unicode","Elapsed":0}
2026-10-09T03:22:48.6789568Z {"Time":"2026-10-09T03:22:48.675341262Z","Action":"output","Package":"tabmail/internal/store/postgres","Test":"TestR5TemplateNULNameBeforeSQL","Output":"--- PASS: TestR5TemplateNULNameBeforeSQL (0.00s)\n"}
2026-10-09T03:22:48.6790579Z {"Time":"2026-10-09T03:22:48.67538053Z","Action":"pass","Package":"tabmail/internal/store/postgres","Test":"TestR5TemplateNULNameBeforeSQL","Elapsed":0}
2026-10-09T03:22:48.6791285Z {"Time":"2026-10-09T03:22:48.676293316Z","Action":"output","Package":"tabmail/internal/store/postgres","Output":"PASS\n"}
2026-10-09T03:22:49.6787561Z {"Time":"2026-10-09T03:22:49.678503296Z","Action":"output","Package":"tabmail/internal/store/postgres","Output":"ok  \ttabmail/internal/store/postgres\t1.028s\n"}
2026-10-09T03:22:49.6788785Z {"Time":"2026-10-09T03:22:49.678537337Z","Action":"pass","Package":"tabmail/internal/store/postgres","Elapsed":1.028}
2026-10-09T03:22:49.7098757Z ##[group]Run actions/upload-artifact@v4
2026-10-09T03:22:49.7099009Z with:
2026-10-09T03:22:49.7099185Z   name: exec-go-regressions
2026-10-09T03:22:49.7099499Z   path: exec-evidence
2026-10-09T03:22:49.7099903Z   if-no-files-found: error
2026-10-09T03:22:49.7100217Z   retention-days: 14
2026-10-09T03:22:49.7100500Z   compression-level: 6
2026-10-09T03:22:49.7100893Z   overwrite: false
2026-10-09T03:22:49.7101318Z   include-hidden-files: false
2026-10-09T03:22:49.7101644Z ##[endgroup]
2026-10-09T03:22:49.8466286Z (node:4013) [DEP0040] DeprecationWarning: The `punycode` module is deprecated. Please use a userland alternative instead.
2026-10-09T03:22:49.8466926Z (Use `node --trace-deprecation ...` to show where the warning was created)
2026-10-09T03:22:49.8537559Z With the provided path, there will be 5 files uploaded
2026-10-09T03:22:49.8541108Z Artifact name is valid!
2026-10-09T03:22:49.8541787Z Root directory input is valid!
2026-10-09T03:22:50.0438118Z Beginning upload of artifact content to blob storage
2026-10-09T03:22:50.0751275Z (node:4013) [DEP0169] DeprecationWarning: `url.parse()` behavior is not standardized and prone to errors that have security implications. Use the WHATWG URL API instead. CVEs are not issued for `url.parse()` vulnerabilities.
2026-10-09T03:22:50.1395600Z Uploaded bytes 48420
2026-10-09T03:22:50.1598306Z Finished uploading artifact content to blob storage!
2026-10-09T03:22:50.1599066Z SHA256 digest of uploaded artifact zip is 4fb4d1ba6c1b8c2fa668d1fd1aa986ea58619b35567240b49269a6c7a9b37a7d
2026-10-09T03:22:50.1599852Z Finalizing artifact upload
2026-10-09T03:22:50.3712552Z Artifact exec-go-regressions.zip successfully finalized. Artifact ID 11594025957
2026-10-09T03:22:50.3713489Z Artifact exec-go-regressions has been successfully uploaded! Final size is 48420 bytes. Artifact ID is 11594025957
2026-10-09T03:22:50.3718324Z Artifact download URL: https://github.com/jyqj/tabmail/actions/runs/37878613080/artifacts/11594025957
2026-10-09T03:22:50.3870573Z Post job cleanup.
2026-10-09T03:22:50.4881546Z (node:4025) [DEP0040] DeprecationWarning: The `punycode` module is deprecated. Please use a userland alternative instead.
2026-10-09T03:22:50.4882150Z (Use `node --trace-deprecation ...` to show where the warning was created)
2026-10-09T03:22:50.4927808Z [command]/opt/hostedtoolcache/go/1.25.7/x64/bin/go env GOMODCACHE
2026-10-09T03:22:50.4960208Z [command]/opt/hostedtoolcache/go/1.25.7/x64/bin/go env GOCACHE
2026-10-09T03:22:50.4982507Z /home/runner/go/pkg/mod
2026-10-09T03:22:50.4999578Z /home/runner/.cache/go-build
2026-10-09T03:22:50.5005366Z Cache hit occurred on the primary key setup-go-Linux-x64-ubuntu24-go-1.25.7-4513745f7b95ab0bc8e1f9edd24c294514fb4a9ee51f2290b342654582d5d782, not saving cache.
2026-10-09T03:22:50.5122855Z Post job cleanup.
2026-10-09T03:22:50.5852967Z [command]/usr/bin/git version
2026-10-09T03:22:50.5887187Z git version 2.55.0
2026-10-09T03:22:50.5919947Z Temporarily overriding HOME='/home/runner/work/_temp/9acbef91-a946-4356-96c1-f45c3adfb956' before making global git config changes
2026-10-09T03:22:50.5925149Z Adding repository directory to the temporary git global config as a safe directory
2026-10-09T03:22:50.5925753Z [command]/usr/bin/git config --global --add safe.directory /home/runner/work/tabmail/tabmail
2026-10-09T03:22:50.5965552Z [command]/usr/bin/git config --local --name-only --get-regexp core\.sshCommand
2026-10-09T03:22:50.5997759Z [command]/usr/bin/git submodule foreach --recursive sh -c "git config --local --name-only --get-regexp 'core\.sshCommand' && git config --local --unset-all 'core.sshCommand' || :"
2026-10-09T03:22:50.6209766Z [command]/usr/bin/git config --local --name-only --get-regexp http\.https\:\/\/github\.com\/\.extraheader
2026-10-09T03:22:50.6238979Z [command]/usr/bin/git submodule foreach --recursive sh -c "git config --local --name-only --get-regexp 'http\.https\:\/\/github\.com\/\.extraheader' && git config --local --unset-all 'http.https://github.com/.extraheader' || :"
2026-10-09T03:22:50.6446212Z [command]/usr/bin/git config --local --name-only --get-regexp ^includeIf\.gitdir:
2026-10-09T03:22:50.6477384Z [command]/usr/bin/git submodule foreach --recursive git config --local --show-origin --name-only --get-regexp remote.origin.url
2026-10-09T03:22:50.6787773Z Cleaning up orphan processes
2026-10-09T03:22:50.7025859Z ##[warning]Node.js 20 is deprecated. The following actions target Node.js 20 but are being forced to run on Node.js 24: actions/checkout@v4, actions/setup-go@v5, actions/upload-artifact@v4. For more information see: https://github.blog/changelog/2025-09-19-deprecation-of-node-20-on-github-actions-runners/
