2026-10-09T04:14:35.9007964Z Current runner version: '2.337.0'
2026-10-09T04:14:35.9033204Z ##[group]Runner Image Provisioner
2026-10-09T04:14:35.9034130Z Hosted Compute Agent
2026-10-09T04:14:35.9034766Z Version: 20261002.596
2026-10-09T04:14:35.9035484Z Commit: c3d12f3313a95f25162a1503be624f3b0617f8c0
2026-10-09T04:14:35.9036261Z Build Date: 2026-10-02T22:28:27Z
2026-10-09T04:14:35.9037372Z Worker ID: {627c8283-1d64-4c73-b02b-de5a8d33ec22}
2026-10-09T04:14:35.9038176Z Region: westus
2026-10-09T04:14:35.9038728Z Cloud: Azure
2026-10-09T04:14:35.9039335Z ##[endgroup]
2026-10-09T04:14:35.9040933Z ##[group]Operating System
2026-10-09T04:14:35.9041597Z Ubuntu
2026-10-09T04:14:35.9042224Z 24.04.5
2026-10-09T04:14:35.9042747Z LTS
2026-10-09T04:14:35.9043363Z ##[endgroup]
2026-10-09T04:14:35.9043952Z ##[group]Runner Image
2026-10-09T04:14:35.9044617Z Image: ubuntu-24.04
2026-10-09T04:14:35.9045258Z Version: 20261004.327.1
2026-10-09T04:14:35.9046512Z Included Software: https://github.com/actions/runner-images/blob/ubuntu24/20261004.327/images/ubuntu/Ubuntu2404-Readme.md
2026-10-09T04:14:35.9048384Z Image Release: https://github.com/actions/runner-images/releases/tag/ubuntu24%2F20261004.327
2026-10-09T04:14:35.9049383Z ##[endgroup]
2026-10-09T04:14:35.9050549Z ##[group]GITHUB_TOKEN Permissions
2026-10-09T04:14:35.9052440Z Contents: read
2026-10-09T04:14:35.9053164Z Metadata: read
2026-10-09T04:14:35.9053756Z ##[endgroup]
2026-10-09T04:14:35.9055927Z Secret source: Actions
2026-10-09T04:14:35.9057346Z Cache mode: write
2026-10-09T04:14:35.9058198Z Prepare workflow directory
2026-10-09T04:14:35.9435802Z Prepare all required actions
2026-10-09T04:14:35.9500419Z Getting action download info
2026-10-09T04:14:36.2985646Z Download action repository 'actions/checkout@v4' (SHA:11d5960a326750d5838078e36cf38b85af677262)
2026-10-09T04:14:36.4023077Z Download action repository 'actions/setup-node@v4' (SHA:49933ea5288caeca8642d1e84afbd3f7d6820020)
2026-10-09T04:14:36.4955129Z Download action repository 'actions/upload-artifact@v4' (SHA:ea165f8d65b6e75b540449e92b4886f43607fa02)
2026-10-09T04:14:36.7035742Z Complete job name: web-regressions
2026-10-09T04:14:36.7890873Z ##[group]Run actions/checkout@v4
2026-10-09T04:14:36.7891772Z with:
2026-10-09T04:14:36.7892219Z   persist-credentials: false
2026-10-09T04:14:36.7892755Z   repository: jyqj/tabmail
2026-10-09T04:14:36.7896728Z   token: ***
2026-10-09T04:14:36.7897371Z   ssh-strict: true
2026-10-09T04:14:36.7897822Z   ssh-user: git
2026-10-09T04:14:36.7898248Z   clean: true
2026-10-09T04:14:36.7898699Z   sparse-checkout-cone-mode: true
2026-10-09T04:14:36.7899220Z   fetch-depth: 1
2026-10-09T04:14:36.7899659Z   fetch-tags: false
2026-10-09T04:14:36.7900106Z   show-progress: true
2026-10-09T04:14:36.7900564Z   lfs: false
2026-10-09T04:14:36.7900984Z   submodules: false
2026-10-09T04:14:36.7901462Z   set-safe-directory: true
2026-10-09T04:14:36.7902033Z   allow-unsafe-pr-checkout: false
2026-10-09T04:14:36.7902879Z ##[endgroup]
2026-10-09T04:14:36.8961476Z Syncing repository: jyqj/tabmail
2026-10-09T04:14:36.8963270Z ##[group]Getting Git version info
2026-10-09T04:14:36.8964077Z Working directory is '/home/runner/work/tabmail/tabmail'
2026-10-09T04:14:36.8965123Z [command]/usr/bin/git version
2026-10-09T04:14:36.9054922Z git version 2.55.0
2026-10-09T04:14:36.9077489Z ##[endgroup]
2026-10-09T04:14:36.9094371Z Temporarily overriding HOME='/home/runner/work/_temp/3acb4599-8d18-4815-8952-7a3bfcf6ac3e' before making global git config changes
2026-10-09T04:14:36.9096847Z Adding repository directory to the temporary git global config as a safe directory
2026-10-09T04:14:36.9101130Z [command]/usr/bin/git config --global --add safe.directory /home/runner/work/tabmail/tabmail
2026-10-09T04:14:36.9151868Z Deleting the contents of '/home/runner/work/tabmail/tabmail'
2026-10-09T04:14:36.9156089Z ##[group]Initializing the repository
2026-10-09T04:14:36.9161306Z [command]/usr/bin/git init /home/runner/work/tabmail/tabmail
2026-10-09T04:14:36.9279458Z hint: Using 'master' as the name for the initial branch. This default branch name
2026-10-09T04:14:36.9281872Z hint: will change to "main" in Git 3.0. To configure the initial branch name
2026-10-09T04:14:36.9283783Z hint: to use in all of your new repositories, which will suppress this warning,
2026-10-09T04:14:36.9285603Z hint: call:
2026-10-09T04:14:36.9287276Z hint:
2026-10-09T04:14:36.9288674Z hint: 	git config --global init.defaultBranch <name>
2026-10-09T04:14:36.9290176Z hint:
2026-10-09T04:14:36.9291490Z hint: Names commonly chosen instead of 'master' are 'main', 'trunk' and
2026-10-09T04:14:36.9293617Z hint: 'development'. The just-created branch can be renamed via this command:
2026-10-09T04:14:36.9295458Z hint:
2026-10-09T04:14:36.9296541Z hint: 	git branch -m <name>
2026-10-09T04:14:36.9297918Z hint:
2026-10-09T04:14:36.9299220Z hint: Disable this message with "git config set advice.defaultBranchName false"
2026-10-09T04:14:36.9301503Z Initialized empty Git repository in /home/runner/work/tabmail/tabmail/.git/
2026-10-09T04:14:36.9303650Z [command]/usr/bin/git remote add origin https://github.com/jyqj/tabmail
2026-10-09T04:14:36.9343220Z ##[endgroup]
2026-10-09T04:14:36.9344044Z ##[group]Disabling automatic garbage collection
2026-10-09T04:14:36.9346970Z [command]/usr/bin/git config --local gc.auto 0
2026-10-09T04:14:36.9375373Z ##[endgroup]
2026-10-09T04:14:36.9376242Z ##[group]Setting up auth
2026-10-09T04:14:36.9382317Z [command]/usr/bin/git config --local --name-only --get-regexp core\.sshCommand
2026-10-09T04:14:36.9414597Z [command]/usr/bin/git submodule foreach --recursive sh -c "git config --local --name-only --get-regexp 'core\.sshCommand' && git config --local --unset-all 'core.sshCommand' || :"
2026-10-09T04:14:36.9802268Z [command]/usr/bin/git config --local --name-only --get-regexp http\.https\:\/\/github\.com\/\.extraheader
2026-10-09T04:14:36.9836220Z [command]/usr/bin/git submodule foreach --recursive sh -c "git config --local --name-only --get-regexp 'http\.https\:\/\/github\.com\/\.extraheader' && git config --local --unset-all 'http.https://github.com/.extraheader' || :"
2026-10-09T04:14:37.0080498Z [command]/usr/bin/git config --local --name-only --get-regexp ^includeIf\.gitdir:
2026-10-09T04:14:37.0118687Z [command]/usr/bin/git submodule foreach --recursive git config --local --show-origin --name-only --get-regexp remote.origin.url
2026-10-09T04:14:37.0351572Z [command]/usr/bin/git config --local http.https://github.com/.extraheader AUTHORIZATION: basic ***
2026-10-09T04:14:37.0387926Z ##[endgroup]
2026-10-09T04:14:37.0389319Z ##[group]Fetching the repository
2026-10-09T04:14:37.0398828Z [command]/usr/bin/git -c protocol.version=2 fetch --no-tags --prune --no-recurse-submodules --depth=1 origin +e7f80316b25dba2cf0a35996bd45c00c62443668:refs/remotes/pull/224/merge
2026-10-09T04:14:39.9487304Z From https://github.com/jyqj/tabmail
2026-10-09T04:14:39.9489737Z  * [new ref]         e7f80316b25dba2cf0a35996bd45c00c62443668 -> pull/224/merge
2026-10-09T04:14:39.9509763Z ##[endgroup]
2026-10-09T04:14:39.9511262Z ##[group]Determining the checkout info
2026-10-09T04:14:39.9512936Z ##[endgroup]
2026-10-09T04:14:39.9513859Z [command]/usr/bin/git sparse-checkout disable
2026-10-09T04:14:39.9564802Z [command]/usr/bin/git config --local --unset-all extensions.worktreeConfig
2026-10-09T04:14:39.9596086Z ##[group]Checking out the ref
2026-10-09T04:14:39.9599704Z [command]/usr/bin/git checkout --progress --force refs/remotes/pull/224/merge
2026-10-09T04:14:40.3515103Z Note: switching to 'refs/remotes/pull/224/merge'.
2026-10-09T04:14:40.3515770Z 
2026-10-09T04:14:40.3516130Z You are in 'detached HEAD' state. You can look around, make experimental
2026-10-09T04:14:40.3516911Z changes and commit them, and you can discard any commits you make in this
2026-10-09T04:14:40.3518321Z state without impacting any branches by switching back to a branch.
2026-10-09T04:14:40.3518854Z 
2026-10-09T04:14:40.3519167Z If you want to create a new branch to retain commits you create, you may
2026-10-09T04:14:40.3519825Z do so (now or later) by using -c with the switch command. Example:
2026-10-09T04:14:40.3520517Z 
2026-10-09T04:14:40.3520693Z   git switch -c <new-branch-name>
2026-10-09T04:14:40.3520967Z 
2026-10-09T04:14:40.3521157Z Or undo this operation with:
2026-10-09T04:14:40.3521440Z 
2026-10-09T04:14:40.3521585Z   git switch -
2026-10-09T04:14:40.3521810Z 
2026-10-09T04:14:40.3522184Z Turn off this advice by setting config variable advice.detachedHead to false
2026-10-09T04:14:40.3522647Z 
2026-10-09T04:14:40.3523140Z HEAD is now at e7f8031 Merge a0c61d24b17030577566b120a7ddd810506b25e7 into ff43326e81f262daaac7b3dfd8b3047a8f51743b
2026-10-09T04:14:40.3550077Z ##[endgroup]
2026-10-09T04:14:40.3594404Z [command]/usr/bin/git log -1 --format=%H
2026-10-09T04:14:40.3617777Z e7f80316b25dba2cf0a35996bd45c00c62443668
2026-10-09T04:14:40.3627343Z ##[group]Removing auth
2026-10-09T04:14:40.3631485Z [command]/usr/bin/git config --local --name-only --get-regexp core\.sshCommand
2026-10-09T04:14:40.3661318Z [command]/usr/bin/git submodule foreach --recursive sh -c "git config --local --name-only --get-regexp 'core\.sshCommand' && git config --local --unset-all 'core.sshCommand' || :"
2026-10-09T04:14:40.3951514Z [command]/usr/bin/git config --local --name-only --get-regexp http\.https\:\/\/github\.com\/\.extraheader
2026-10-09T04:14:40.3952553Z http.https://github.com/.extraheader
2026-10-09T04:14:40.3960060Z [command]/usr/bin/git config --local --unset-all http.https://github.com/.extraheader
2026-10-09T04:14:40.3961651Z [command]/usr/bin/git submodule foreach --recursive sh -c "git config --local --name-only --get-regexp 'http\.https\:\/\/github\.com\/\.extraheader' && git config --local --unset-all 'http.https://github.com/.extraheader' || :"
2026-10-09T04:14:40.4193769Z [command]/usr/bin/git config --local --name-only --get-regexp ^includeIf\.gitdir:
2026-10-09T04:14:40.4228817Z [command]/usr/bin/git submodule foreach --recursive git config --local --show-origin --name-only --get-regexp remote.origin.url
2026-10-09T04:14:40.4448120Z ##[endgroup]
2026-10-09T04:14:40.4707596Z ##[group]Run actions/setup-node@v4
2026-10-09T04:14:40.4708133Z with:
2026-10-09T04:14:40.4708389Z   node-version: 22
2026-10-09T04:14:40.4708656Z   cache: npm
2026-10-09T04:14:40.4708952Z   cache-dependency-path: web/package-lock.json
2026-10-09T04:14:40.4709318Z   always-auth: false
2026-10-09T04:14:40.4709590Z   check-latest: false
2026-10-09T04:14:40.4712398Z   token: ***
2026-10-09T04:14:40.4712653Z ##[endgroup]
2026-10-09T04:14:40.6153851Z Found in cache @ /opt/hostedtoolcache/node/22.23.3/x64
2026-10-09T04:14:40.6157917Z (node:2364) [DEP0040] DeprecationWarning: The `punycode` module is deprecated. Please use a userland alternative instead.
2026-10-09T04:14:40.6158800Z (Use `node --trace-deprecation ...` to show where the warning was created)
2026-10-09T04:14:40.6161261Z ##[group]Environment details
2026-10-09T04:14:41.0529340Z node: v22.23.3
2026-10-09T04:14:41.0529984Z npm: 10.9.9
2026-10-09T04:14:41.0530339Z yarn: 1.22.22
2026-10-09T04:14:41.0532005Z ##[endgroup]
2026-10-09T04:14:41.0556322Z [command]/opt/hostedtoolcache/node/22.23.3/x64/bin/npm config get cache
2026-10-09T04:14:41.1689392Z /home/runner/.npm
2026-10-09T04:14:41.4457775Z npm cache is not found
2026-10-09T04:14:41.4619335Z ##[group]Run mkdir exec-web-evidence
2026-10-09T04:14:41.4619779Z [36;1mmkdir exec-web-evidence[0m
2026-10-09T04:14:41.4620195Z [36;1mgit rev-parse HEAD HEAD^{tree} | tee exec-web-evidence/source.txt[0m
2026-10-09T04:14:41.4900984Z shell: /usr/bin/bash -e {0}
2026-10-09T04:14:41.4901337Z ##[endgroup]
2026-10-09T04:14:41.5049800Z e7f80316b25dba2cf0a35996bd45c00c62443668
2026-10-09T04:14:41.5050597Z 4034b36faa89a421f2a21b525cf35e93da4a1670
2026-10-09T04:14:41.5146767Z ##[group]Run npm ci
2026-10-09T04:14:41.5147424Z [36;1mnpm ci[0m
2026-10-09T04:14:41.5211814Z shell: /usr/bin/bash -e {0}
2026-10-09T04:14:41.5212094Z ##[endgroup]
2026-10-09T04:14:47.1604355Z npm warn deprecated node-domexception@1.0.0: Use your platform's native DOMException instead
2026-10-09T04:15:04.2344772Z 
2026-10-09T04:15:04.2345983Z added 760 packages, and audited 761 packages in 23s
2026-10-09T04:15:04.2346794Z 
2026-10-09T04:15:04.2347303Z 264 packages are looking for funding
2026-10-09T04:15:04.2347656Z   run `npm fund` for details
2026-10-09T04:15:04.2846773Z 
2026-10-09T04:15:04.2847652Z 8 high severity vulnerabilities
2026-10-09T04:15:04.2848030Z 
2026-10-09T04:15:04.2848331Z To address issues that do not require attention, run:
2026-10-09T04:15:04.2848844Z   npm audit fix
2026-10-09T04:15:04.2849042Z 
2026-10-09T04:15:04.2849370Z To address all issues (including breaking changes), run:
2026-10-09T04:15:04.2849813Z   npm audit fix --force
2026-10-09T04:15:04.2850057Z 
2026-10-09T04:15:04.2850217Z Run `npm audit` for details.
2026-10-09T04:15:04.3607580Z ##[group]Run npx tsc --noEmit --incremental false
2026-10-09T04:15:04.3608156Z [36;1mnpx tsc --noEmit --incremental false[0m
2026-10-09T04:15:04.3672538Z shell: /usr/bin/bash -e {0}
2026-10-09T04:15:04.3672805Z ##[endgroup]
2026-10-09T04:15:15.0015542Z ##[group]Run set -euo pipefail
2026-10-09T04:15:15.0015895Z [36;1mset -euo pipefail[0m
2026-10-09T04:15:15.0016162Z [36;1mnpx vitest run \[0m
2026-10-09T04:15:15.0016484Z [36;1m  components/company/grants-conflict-review.test.tsx \[0m
2026-10-09T04:15:15.0016874Z [36;1m  components/company/grants.test.tsx \[0m
2026-10-09T04:15:15.0017545Z [36;1m  components/company/mailbox-lifecycle-review.test.tsx \[0m
2026-10-09T04:15:15.0017990Z [36;1m  features/company/mailbox-create-ownership.test.tsx \[0m
2026-10-09T04:15:15.0018424Z [36;1m  features/company/mailbox-owner-freshness.test.tsx \[0m
2026-10-09T04:15:15.0018813Z [36;1m  features/company/mailbox-retention.test.tsx \[0m
2026-10-09T04:15:15.0019195Z [36;1m  components/company/compose-rich-initial.test.tsx \[0m
2026-10-09T04:15:15.0019597Z [36;1m  components/company/compose-rich-reload.test.tsx \[0m
2026-10-09T04:15:15.0020007Z [36;1m  features/mail/components/rich-message-paste.test.tsx \[0m
2026-10-09T04:15:15.0020433Z [36;1m  features/mail/components/rich-message.test.tsx \[0m
2026-10-09T04:15:15.0020857Z [36;1m  features/mail/workspace-mailbox-route-recovery.test.tsx \[0m
2026-10-09T04:15:15.0021292Z [36;1m  features/mail/workspace-editor-opening.test.tsx \[0m
2026-10-09T04:15:15.0021697Z [36;1m  features/mail/workspace-compose-navigation.test.tsx \[0m
2026-10-09T04:15:15.0022081Z [36;1m  features/mail/workspace-events.test.tsx \[0m
2026-10-09T04:15:15.0022402Z [36;1m  lib/compose-identity.test.ts \[0m
2026-10-09T04:15:15.0022801Z [36;1m  --reporter=json --outputFile=../exec-web-evidence/vitest.json[0m
2026-10-09T04:15:15.0085818Z shell: /usr/bin/bash -e {0}
2026-10-09T04:15:15.0086083Z ##[endgroup]
2026-10-09T04:15:15.5528517Z [33m(!) Your Vite config uses features that are unsupported by `configLoader: 'native'`, which is planned to become the default in a future major version of Vite:
2026-10-09T04:15:15.5529737Z   - ESM syntax in a file loaded as CommonJS (vitest.config.ts:1:1). Use a `.mjs` extension or set `"type": "module"` in the closest package.json
2026-10-09T04:15:15.5530789Z Set `VITE_CONFIG_NATIVE_IGNORE_WARNING=true` to suppress this warning.[39m
2026-10-09T04:15:37.1633600Z JSON report written to /home/runner/work/tabmail/tabmail/exec-web-evidence/vitest.json
2026-10-09T04:15:37.2279414Z ##[group]Run if test -f exec-web-evidence/vitest.json; then
2026-10-09T04:15:37.2279874Z [36;1mif test -f exec-web-evidence/vitest.json; then[0m
2026-10-09T04:15:37.2280218Z [36;1m  cat exec-web-evidence/vitest.json[0m
2026-10-09T04:15:37.2280495Z [36;1mfi[0m
2026-10-09T04:15:37.2361771Z shell: /usr/bin/bash -e {0}
2026-10-09T04:15:37.2362046Z ##[endgroup]
2026-10-09T04:15:37.2850247Z {"numTotalTestSuites":30,"numPassedTestSuites":30,"numFailedTestSuites":0,"numPendingTestSuites":0,"numTotalTests":229,"numPassedTests":229,"numFailedTests":0,"numPendingTests":0,"numTodoTests":0,"snapshot":{"added":0,"failure":false,"filesAdded":0,"filesRemoved":0,"filesRemovedList":[],"filesUnmatched":0,"filesUpdated":0,"matched":0,"total":0,"unchecked":0,"uncheckedKeysByFile":[],"unmatched":0,"updated":0,"didUpdate":false},"startTime":1791519315588,"success":true,"testResults":[{"assertionResults":[{"ancestorTitles":["composeIdentity"],"fullName":"composeIdentity preserves the current authorized sender","status":"passed","title":"preserves the current authorized sender","duration":2.152841999999964,"failureMessages":[],"meta":{},"tags":[]},{"ancestorTitles":["composeIdentity"],"fullName":"composeIdentity prefers free-form fallback but still supports template-only senders","status":"passed","title":"prefers free-form fallback but still supports template-only senders","duration":0.4938670000001366,"failureMessages":[],"meta":{},"tags":[]},{"ancestorTitles":["composeIdentity"],"fullName":"composeIdentity does not trust a stale preferred object after its rights change","status":"passed","title":"does not trust a stale preferred object after its rights change","duration":0.3281049999998231,"failureMessages":[],"meta":{},"tags":[]},{"ancestorTitles":["composeIdentity"],"fullName":"composeIdentity reports no sender instead of choosing a read-only mailbox","status":"passed","title":"reports no sender instead of choosing a read-only mailbox","duration":0.37446300000010524,"failureMessages":[],"meta":{},"tags":[]}],"startTime":1791519337152,"endTime":1791519337155.3745,"status":"passed","message":"","name":"/home/runner/work/tabmail/tabmail/web/lib/compose-identity.test.ts"},{"assertionResults":[{"ancestorTitles":["opening formatted drafts without losing HTML"],"fullName":"opening formatted drafts without losing HTML opens a saved HTML draft in the formatted editor without generating an edit","status":"passed","title":"opens a saved HTML draft in the formatted editor without generating an edit","duration":372.1618310000001,"failureMessages":[],"meta":{},"tags":[]},{"ancestorTitles":["opening formatted drafts without losing HTML"],"fullName":"opening formatted drafts without losing HTML preserves formatting in the first edit and explicit draft save after reopening","status":"passed","title":"preserves formatting in the first edit and explicit draft save after reopening","duration":147.52089999999998,"failureMessages":[],"meta":{},"tags":[]},{"ancestorTitles":["opening formatted drafts without losing HTML"],"fullName":"opening formatted drafts without losing HTML preserves formatting in the first autosave after reopening","status":"passed","title":"preserves formatting in the first autosave after reopening","duration":79.60584800000015,"failureMessages":[],"meta":{},"tags":[]},{"ancestorTitles":["opening formatted drafts without losing HTML"],"fullName":"opening formatted drafts without losing HTML opens new reply/forward payloads with HTML in the formatted editor","status":"passed","title":"opens new reply/forward payloads with HTML in the formatted editor","duration":163.94944099999975,"failureMessages":[],"meta":{},"tags":[]},{"ancestorTitles":["opening formatted drafts without losing HTML"],"fullName":"opening formatted drafts without losing HTML requires confirmation before deliberately discarding saved formatting","status":"passed","title":"requires confirmation before deliberately discarding saved formatting","duration":159.05595100000028,"failureMessages":[],"meta":{},"tags":[]},{"ancestorTitles":["opening formatted drafts without losing HTML"],"fullName":"opening formatted drafts without losing HTML allows an explicitly confirmed transition to plain text","status":"passed","title":"allows an explicitly confirmed transition to plain text","duration":142.6040680000001,"failureMessages":[],"meta":{},"tags":[]},{"ancestorTitles":["opening formatted drafts without losing HTML"],"fullName":"opening formatted drafts without losing HTML sanitizes initial HTML before exposing an editable DOM","status":"passed","title":"sanitizes initial HTML before exposing an editable DOM","duration":93.88255899999967,"failureMessages":[],"meta":{},"tags":[]},{"ancestorTitles":["opening formatted drafts without losing HTML"],"fullName":"opening formatted drafts without losing HTML keeps a draft with undefined HTML in plain text mode","status":"passed","title":"keeps a draft with undefined HTML in plain text mode","duration":131.84447799999998,"failureMessages":[],"meta":{},"tags":[]},{"ancestorTitles":["opening formatted drafts without losing HTML"],"fullName":"opening formatted drafts without losing HTML keeps a draft with  HTML in plain text mode","status":"passed","title":"keeps a draft with  HTML in plain text mode","duration":122.69653800000015,"failureMessages":[],"meta":{},"tags":[]},{"ancestorTitles":["opening formatted drafts without losing HTML"],"fullName":"opening formatted drafts without losing HTML still allows a plain draft to opt into formatting","status":"passed","title":"still allows a plain draft to opt into formatting","duration":123.96077600000035,"failureMessages":[],"meta":{},"tags":[]},{"ancestorTitles":["opening formatted drafts without losing HTML"],"fullName":"opening formatted drafts without losing HTML shows newly loaded HTML after a plain draft conflicts and is explicitly reloaded","status":"passed","title":"shows newly loaded HTML after a plain draft conflicts and is explicitly reloaded","duration":218.43667600000026,"failureMessages":[],"meta":{},"tags":[]}],"startTime":1791519333288,"endTime":1791519335044.4368,"status":"passed","message":"","name":"/home/runner/work/tabmail/tabmail/web/components/company/compose-rich-initial.test.tsx"},{"assertionResults":[{"ancestorTitles":[],"fullName":"replaces focused rich DOM on confirmed reload and submits subsequent input against the loaded revision","status":"passed","title":"replaces focused rich DOM on confirmed reload and submits subsequent input against the loaded revision","duration":839.9410539999999,"failureMessages":[],"meta":{},"tags":[]},{"ancestorTitles":[],"fullName":"clears focused rich content when the explicitly loaded server draft has an empty body","status":"passed","title":"clears focused rich content when the explicitly loaded server draft has an empty body","duration":364.08300499999996,"failureMessages":[],"meta":{},"tags":[]},{"ancestorTitles":[],"fullName":"loads server plain text as literal text into the existing rich mode","status":"passed","title":"loads server plain text as literal text into the existing rich mode","duration":290.44834100000026,"failureMessages":[],"meta":{},"tags":[]},{"ancestorTitles":[],"fullName":"sanitizes server HTML before replacing focused editable DOM","status":"passed","title":"sanitizes server HTML before replacing focused editable DOM","duration":327.51461199999994,"failureMessages":[],"meta":{},"tags":[]},{"ancestorTitles":[],"fullName":"discards native DOM edits even when the loaded body values equal the last controlled values","status":"passed","title":"discards native DOM edits even when the loaded body values equal the last controlled values","duration":343.842901,"failureMessages":[],"meta":{},"tags":[]},{"ancestorTitles":[],"fullName":"handles successive explicit reloads without remounting or leaving formatted mode","status":"passed","title":"handles successive explicit reloads without remounting or leaving formatted mode","duration":477.0591589999999,"failureMessages":[],"meta":{},"tags":[]},{"ancestorTitles":[],"fullName":"retains current DOM while a reload is pending, then applies its confirmed server body","status":"passed","title":"retains current DOM while a reload is pending, then applies its confirmed server body","duration":289.9974780000002,"failureMessages":[],"meta":{},"tags":[]},{"ancestorTitles":[],"fullName":"a network reload failure preserves current DOM, selection and unsaved input","status":"passed","title":"a network reload failure preserves current DOM, selection and unsaved input","duration":255.10685999999987,"failureMessages":[],"meta":{},"tags":[]},{"ancestorTitles":[],"fullName":"a 503 reload failure preserves current DOM, selection and unsaved input","status":"passed","title":"a 503 reload failure preserves current DOM, selection and unsaved input","duration":207.57088599999952,"failureMessages":[],"meta":{},"tags":[]},{"ancestorTitles":[],"fullName":"a malformed JSON reload failure preserves current DOM, selection and unsaved input","status":"passed","title":"a malformed JSON reload failure preserves current DOM, selection and unsaved input","duration":232.85632799999985,"failureMessages":[],"meta":{},"tags":[]},{"ancestorTitles":[],"fullName":"a wrong draft reload failure preserves current DOM, selection and unsaved input","status":"passed","title":"a wrong draft reload failure preserves current DOM, selection and unsaved input","duration":231.61524800000007,"failureMessages":[],"meta":{},"tags":[]},{"ancestorTitles":[],"fullName":"a invalid revision reload failure preserves current DOM, selection and unsaved input","status":"passed","title":"a invalid revision reload failure preserves current DOM, selection and unsaved input","duration":193.27973999999995,"failureMessages":[],"meta":{},"tags":[]},{"ancestorTitles":[],"fullName":"cancelled reload confirmation keeps the existing rich node and never reads","status":"passed","title":"cancelled reload confirmation keeps the existing rich node and never reads","duration":227.3098200000004,"failureMessages":[],"meta":{},"tags":[]},{"ancestorTitles":[],"fullName":"ordinary input and explicit save preserve the existing rich nodes and caret","status":"passed","title":"ordinary input and explicit save preserve the existing rich nodes and caret","duration":186.65835199999947,"failureMessages":[],"meta":{},"tags":[]},{"ancestorTitles":[],"fullName":"an older autosave acknowledgement does not replace newer focused input or its caret","status":"passed","title":"an older autosave acknowledgement does not replace newer focused input or its caret","duration":160.43698099999983,"failureMessages":[],"meta":{},"tags":[]},{"ancestorTitles":[],"fullName":"keeping edits as a new draft preserves rich DOM and does not act as server reload","status":"passed","title":"keeping edits as a new draft preserves rich DOM and does not act as server reload","duration":233.15416200000072,"failureMessages":[],"meta":{},"tags":[]}],"startTime":1791519317470,"endTime":1791519322331.154,"status":"passed","message":"","name":"/home/runner/work/tabmail/tabmail/web/components/company/compose-rich-reload.test.tsx"},{"assertionResults":[{"ancestorTitles":["grant conflict review requires an authoritative snapshot"],"fullName":"grant conflict review requires an authoritative snapshot submits the atomic grant revision and preserves explicit false values","status":"passed","title":"submits the atomic grant revision and preserves explicit false values","duration":376.52793599999995,"failureMessages":[],"meta":{},"tags":[]},{"ancestorTitles":["grant conflict review requires an authoritative snapshot"],"fullName":"grant conflict review requires an authoritative snapshot does not clear a 409 by choosing another member from the rejected cache","status":"passed","title":"does not clear a 409 by choosing another member from the rejected cache","duration":127.559031,"failureMessages":[],"meta":{},"tags":[]},{"ancestorTitles":["grant conflict review requires an authoritative snapshot"],"fullName":"grant conflict review requires an authoritative snapshot does not clear a 409 by clearing and reselecting the original member","status":"passed","title":"does not clear a 409 by clearing and reselecting the original member","duration":127.47095300000024,"failureMessages":[],"meta":{},"tags":[]},{"ancestorTitles":["grant conflict review requires an authoritative snapshot"],"fullName":"grant conflict review requires an authoritative snapshot keeps a 409 latched while the administrator edits individual rights","status":"passed","title":"keeps a 409 latched while the administrator edits individual rights","duration":106.95466799999986,"failureMessages":[],"meta":{},"tags":[]},{"ancestorTitles":["grant conflict review requires an authoritative snapshot"],"fullName":"grant conflict review requires an authoritative snapshot does not use a background read and reselection to substitute for explicit conflict review","status":"passed","title":"does not use a background read and reselection to substitute for explicit conflict review","duration":81.73630600000024,"failureMessages":[],"meta":{},"tags":[]},{"ancestorTitles":["grant conflict review requires an authoritative snapshot"],"fullName":"grant conflict review requires an authoritative snapshot preserves the conflicted form when the explicit grant reload fails","status":"passed","title":"preserves the conflicted form when the explicit grant reload fails","duration":100.42078599999968,"failureMessages":[],"meta":{},"tags":[]},{"ancestorTitles":["grant conflict review requires an authoritative snapshot"],"fullName":"grant conflict review requires an authoritative snapshot does not release a failed explicit review after a later background recovery","status":"passed","title":"does not release a failed explicit review after a later background recovery","duration":104.32102399999985,"failureMessages":[],"meta":{},"tags":[]},{"ancestorTitles":["grant conflict review requires an authoritative snapshot"],"fullName":"grant conflict review requires an authoritative snapshot allows a same-revision explicit read after a transient conflict, followed by deliberate review","status":"passed","title":"allows a same-revision explicit read after a transient conflict, followed by deliberate review","duration":115.56347700000015,"failureMessages":[],"meta":{},"tags":[]},{"ancestorTitles":["grant conflict review requires an authoritative snapshot"],"fullName":"grant conflict review requires an authoritative snapshot does not accept a grant revision that moves backwards after a conflict","status":"passed","title":"does not accept a grant revision that moves backwards after a conflict","duration":85.11818700000003,"failureMessages":[],"meta":{},"tags":[]},{"ancestorTitles":["grant conflict review requires an authoritative snapshot"],"fullName":"grant conflict review requires an authoritative snapshot requires deliberate member review after an explicit read of the new revision","status":"passed","title":"requires deliberate member review after an explicit read of the new revision","duration":118.19575499999974,"failureMessages":[],"meta":{},"tags":[]},{"ancestorTitles":["grant conflict review requires an authoritative snapshot"],"fullName":"grant conflict review requires an authoritative snapshot holds the write gate until an explicit reload has actually completed","status":"passed","title":"holds the write gate until an explicit reload has actually completed","duration":92.07950500000015,"failureMessages":[],"meta":{},"tags":[]},{"ancestorTitles":["grant conflict review requires an authoritative snapshot"],"fullName":"grant conflict review requires an authoritative snapshot does not admit writes from an older snapshot while background revalidation is pending","status":"passed","title":"does not admit writes from an older snapshot while background revalidation is pending","duration":45.662284,"failureMessages":[],"meta":{},"tags":[]},{"ancestorTitles":["grant conflict review requires an authoritative snapshot"],"fullName":"grant conflict review requires an authoritative snapshot does not bind a cached revision when a member is selected during revalidation","status":"passed","title":"does not bind a cached revision when a member is selected during revalidation","duration":42.58720199999971,"failureMessages":[],"meta":{},"tags":[]},{"ancestorTitles":["grant conflict review requires an authoritative snapshot"],"fullName":"grant conflict review requires an authoritative snapshot preserves unsaved rights and blocks saving when a normal explicit reload fails","status":"passed","title":"preserves unsaved rights and blocks saving when a normal explicit reload fails","duration":47.107656000000134,"failureMessages":[],"meta":{},"tags":[]},{"ancestorTitles":["grant conflict review requires an authoritative snapshot"],"fullName":"grant conflict review requires an authoritative snapshot preserves the conflict if refreshing the surrounding mailbox list fails","status":"passed","title":"preserves the conflict if refreshing the surrounding mailbox list fails","duration":51.19424900000013,"failureMessages":[],"meta":{},"tags":[]},{"ancestorTitles":["grant conflict review requires an authoritative snapshot"],"fullName":"grant conflict review requires an authoritative snapshot requires a completed first read and deliberate selection before any write","status":"passed","title":"requires a completed first read and deliberate selection before any write","duration":49.55411000000004,"failureMessages":[],"meta":{},"tags":[]}],"startTime":1791519321957,"endTime":1791519323630.5542,"status":"passed","message":"","name":"/home/runner/work/tabmail/tabmail/web/components/company/grants-conflict-review.test.tsx"},{"assertionResults":[{"ancestorTitles":["GrantEditor optimistic concurrency"],"fullName":"GrantEditor optimistic concurrency uses the atomic grant snapshot version rather than the parent mailbox version","status":"passed","title":"uses the atomic grant snapshot version rather than the parent mailbox version","duration":378.4097330000002,"failureMessages":[],"meta":{},"tags":[]},{"ancestorTitles":["GrantEditor optimistic concurrency"],"fullName":"GrantEditor optimistic concurrency never replays a conflicted form; reload and member review use the new snapshot","status":"passed","title":"never replays a conflicted form; reload and member review use the new snapshot","duration":208.14357999999993,"failureMessages":[],"meta":{},"tags":[]}],"startTime":1791519335476,"endTime":1791519336063.1436,"status":"passed","message":"","name":"/home/runner/work/tabmail/tabmail/web/components/company/grants.test.tsx"},{"assertionResults":[{"ancestorTitles":["mailbox lifecycle revision review"],"fullName":"mailbox lifecycle revision review preserves the personal lifecycle endpoint, revision and exact reason","status":"passed","title":"preserves the personal lifecycle endpoint, revision and exact reason","duration":322.0713709999998,"failureMessages":[],"meta":{},"tags":[]},{"ancestorTitles":["mailbox lifecycle revision review"],"fullName":"mailbox lifecycle revision review preserves the legacy lifecycle endpoint, revision and exact reason","status":"passed","title":"preserves the legacy lifecycle endpoint, revision and exact reason","duration":102.3161799999998,"failureMessages":[],"meta":{},"tags":[]},{"ancestorTitles":["mailbox lifecycle revision review"],"fullName":"mailbox lifecycle revision review keeps a personal 409 locked until an explicit successful review","status":"passed","title":"keeps a personal 409 locked until an explicit successful review","duration":121.49533299999985,"failureMessages":[],"meta":{},"tags":[]},{"ancestorTitles":["mailbox lifecycle revision review"],"fullName":"mailbox lifecycle revision review keeps a legacy 409 locked until an explicit successful review","status":"passed","title":"keeps a legacy 409 locked until an explicit successful review","duration":76.20190000000002,"failureMessages":[],"meta":{},"tags":[]},{"ancestorTitles":["mailbox lifecycle revision review"],"fullName":"mailbox lifecycle revision review does not unlock a conflict after target edits or away-and-back selection","status":"passed","title":"does not unlock a conflict after target edits or away-and-back selection","duration":108.8531869999997,"failureMessages":[],"meta":{},"tags":[]},{"ancestorTitles":["mailbox lifecycle revision review"],"fullName":"mailbox lifecycle revision review does not rebase a rejected handover onto a background mailbox revision","status":"passed","title":"does not rebase a rejected handover onto a background mailbox revision","duration":121.60384999999997,"failureMessages":[],"meta":{},"tags":[]},{"ancestorTitles":["mailbox lifecycle revision review"],"fullName":"mailbox lifecycle revision review pins a dirty lifecycle draft before its first submission","status":"passed","title":"pins a dirty lifecycle draft before its first submission","duration":76.86563699999988,"failureMessages":[],"meta":{},"tags":[]},{"ancestorTitles":["mailbox lifecycle revision review"],"fullName":"mailbox lifecycle revision review a failed mailbox read cannot release a conflict","status":"passed","title":"a failed mailbox read cannot release a conflict","duration":131.00511400000005,"failureMessages":[],"meta":{},"tags":[]},{"ancestorTitles":["mailbox lifecycle revision review"],"fullName":"mailbox lifecycle revision review a older mailbox read cannot release a conflict","status":"passed","title":"a older mailbox read cannot release a conflict","duration":146.74366199999986,"failureMessages":[],"meta":{},"tags":[]},{"ancestorTitles":["mailbox lifecycle revision review"],"fullName":"mailbox lifecycle revision review a missing mailbox read cannot release a conflict","status":"passed","title":"a missing mailbox read cannot release a conflict","duration":123.00038700000005,"failureMessages":[],"meta":{},"tags":[]},{"ancestorTitles":["mailbox lifecycle revision review"],"fullName":"mailbox lifecycle revision review a duplicate mailbox read cannot release a conflict","status":"passed","title":"a duplicate mailbox read cannot release a conflict","duration":102.41441900000018,"failureMessages":[],"meta":{},"tags":[]},{"ancestorTitles":["mailbox lifecycle revision review"],"fullName":"mailbox lifecycle revision review a other tenant mailbox read cannot release a conflict","status":"passed","title":"a other tenant mailbox read cannot release a conflict","duration":77.11520599999994,"failureMessages":[],"meta":{},"tags":[]},{"ancestorTitles":["mailbox lifecycle revision review"],"fullName":"mailbox lifecycle revision review a invalid revision mailbox read cannot release a conflict","status":"passed","title":"a invalid revision mailbox read cannot release a conflict","duration":116.54160300000012,"failureMessages":[],"meta":{},"tags":[]},{"ancestorTitles":["mailbox lifecycle revision review"],"fullName":"mailbox lifecycle revision review requires acknowledgement and submits the actually reviewed revision 9","status":"passed","title":"requires acknowledgement and submits the actually reviewed revision 9","duration":114.0511590000001,"failureMessages":[],"meta":{},"tags":[]},{"ancestorTitles":["mailbox lifecycle revision review"],"fullName":"mailbox lifecycle revision review requires acknowledgement and submits the actually reviewed revision 13","status":"passed","title":"requires acknowledgement and submits the actually reviewed revision 13","duration":120.01612099999966,"failureMessages":[],"meta":{},"tags":[]},{"ancestorTitles":["mailbox lifecycle revision review"],"fullName":"mailbox lifecycle revision review does not keep a reviewed owner as the next transfer target","status":"passed","title":"does not keep a reviewed owner as the next transfer target","duration":116.0646829999996,"failureMessages":[],"meta":{},"tags":[]},{"ancestorTitles":["mailbox lifecycle revision review"],"fullName":"mailbox lifecycle revision review requires acknowledgement before a reviewed legacy conversion","status":"passed","title":"requires acknowledgement before a reviewed legacy conversion","duration":101.22376500000018,"failureMessages":[],"meta":{},"tags":[]},{"ancestorTitles":["mailbox lifecycle revision review"],"fullName":"mailbox lifecycle revision review preserves a successful receipt when parent refresh fails, without enabling a replay","status":"passed","title":"preserves a successful receipt when parent refresh fails, without enabling a replay","duration":76.60781000000043,"failureMessages":[],"meta":{},"tags":[]},{"ancestorTitles":["mailbox lifecycle revision review"],"fullName":"mailbox lifecycle revision review requires review after an unknown or unavailable write result","status":"passed","title":"requires review after an unknown or unavailable write result","duration":56.47854499999994,"failureMessages":[],"meta":{},"tags":[]},{"ancestorTitles":["mailbox lifecycle revision review"],"fullName":"mailbox lifecycle revision review does not adopt a review that overlaps a newer local draft","status":"passed","title":"does not adopt a review that overlaps a newer local draft","duration":100.18707100000029,"failureMessages":[],"meta":{},"tags":[]},{"ancestorTitles":["mailbox lifecycle revision review"],"fullName":"mailbox lifecycle revision review does not admit duplicate lifecycle writes before React renders busy","status":"passed","title":"does not admit duplicate lifecycle writes before React renders busy","duration":57.58474200000046,"failureMessages":[],"meta":{},"tags":[]}],"startTime":1791519324081,"endTime":1791519326450.5847,"status":"passed","message":"","name":"/home/runner/work/tabmail/tabmail/web/components/company/mailbox-lifecycle-review.test.tsx"},{"assertionResults":[{"ancestorTitles":["same-mounted Compose query navigation investigation"],"fullName":"same-mounted Compose query navigation investigation retains the same editor and unsaved input across query navigation without sending","status":"passed","title":"retains the same editor and unsaved input across query navigation without sending","duration":586.7232059999999,"failureMessages":[],"meta":{},"tags":[]},{"ancestorTitles":["same-mounted Compose query navigation investigation"],"fullName":"same-mounted Compose query navigation investigation ordinary dispatched success closes the consumed editor and navigates to receipts","status":"passed","title":"ordinary dispatched success closes the consumed editor and navigates to receipts","duration":225.25223800000003,"failureMessages":[],"meta":{},"tags":[]},{"ancestorTitles":["same-mounted Compose query navigation investigation"],"fullName":"same-mounted Compose query navigation investigation already-dispatched success must not overwrite a newer mailbox/folder/message query","status":"passed","title":"already-dispatched success must not overwrite a newer mailbox/folder/message query","duration":234.7384430000002,"failureMessages":[],"meta":{},"tags":[]},{"ancestorTitles":["same-mounted Compose query navigation investigation"],"fullName":"same-mounted Compose query navigation investigation successful completion preserves unrelated query data added while the same view remains","status":"passed","title":"successful completion preserves unrelated query data added while the same view remains","duration":246.57148800000004,"failureMessages":[],"meta":{},"tags":[]},{"ancestorTitles":["same-mounted Compose query navigation investigation"],"fullName":"same-mounted Compose query navigation investigation a committed mailbox change retires redirect ownership but reconciles the consumed editor","status":"passed","title":"a committed mailbox change retires redirect ownership but reconciles the consumed editor","duration":223.64908699999978,"failureMessages":[],"meta":{},"tags":[]},{"ancestorTitles":["same-mounted Compose query navigation investigation"],"fullName":"same-mounted Compose query navigation investigation a committed folder change retires redirect ownership but reconciles the consumed editor","status":"passed","title":"a committed folder change retires redirect ownership but reconciles the consumed editor","duration":218.5741320000002,"failureMessages":[],"meta":{},"tags":[]},{"ancestorTitles":["same-mounted Compose query navigation investigation"],"fullName":"same-mounted Compose query navigation investigation a committed q change retires redirect ownership but reconciles the consumed editor","status":"passed","title":"a committed q change retires redirect ownership but reconciles the consumed editor","duration":182.24888499999997,"failureMessages":[],"meta":{},"tags":[]},{"ancestorTitles":["same-mounted Compose query navigation investigation"],"fullName":"same-mounted Compose query navigation investigation a committed page change retires redirect ownership but reconciles the consumed editor","status":"passed","title":"a committed page change retires redirect ownership but reconciles the consumed editor","duration":157.9916830000002,"failureMessages":[],"meta":{},"tags":[]},{"ancestorTitles":["same-mounted Compose query navigation investigation"],"fullName":"same-mounted Compose query navigation investigation a committed message change retires redirect ownership but reconciles the consumed editor","status":"passed","title":"a committed message change retires redirect ownership but reconciles the consumed editor","duration":172.31270200000017,"failureMessages":[],"meta":{},"tags":[]},{"ancestorTitles":["same-mounted Compose query navigation investigation"],"fullName":"same-mounted Compose query navigation investigation changing received/sent source in an archive view retires redirect ownership","status":"passed","title":"changing received/sent source in an archive view retires redirect ownership","duration":148.12814700000035,"failureMessages":[],"meta":{},"tags":[]},{"ancestorTitles":["same-mounted Compose query navigation investigation"],"fullName":"same-mounted Compose query navigation investigation navigation away and back cannot revive an old redirect","status":"passed","title":"navigation away and back cannot revive an old redirect","duration":150.77692599999955,"failureMessages":[],"meta":{},"tags":[]},{"ancestorTitles":["same-mounted Compose query navigation investigation"],"fullName":"same-mounted Compose query navigation investigation query order alone preserves a legitimate completion","status":"passed","title":"query order alone preserves a legitimate completion","duration":119.27248999999938,"failureMessages":[],"meta":{},"tags":[]},{"ancestorTitles":["same-mounted Compose query navigation investigation"],"fullName":"same-mounted Compose query navigation investigation refresh while submitting preserves a legitimate completion","status":"passed","title":"refresh while submitting preserves a legitimate completion","duration":198.74357800000053,"failureMessages":[],"meta":{},"tags":[]},{"ancestorTitles":["same-mounted Compose query navigation investigation"],"fullName":"same-mounted Compose query navigation investigation an explicit Send after earlier query navigation owns the new view","status":"passed","title":"an explicit Send after earlier query navigation owns the new view","duration":131.97351199999957,"failureMessages":[],"meta":{},"tags":[]},{"ancestorTitles":["same-mounted Compose query navigation investigation"],"fullName":"same-mounted Compose query navigation investigation query navigation during save preserves the explicit send and only retires its redirect","status":"passed","title":"query navigation during save preserves the explicit send and only retires its redirect","duration":248.26928300000054,"failureMessages":[],"meta":{},"tags":[]}],"startTime":1791519322408,"endTime":1791519325654.2693,"status":"passed","message":"","name":"/home/runner/work/tabmail/tabmail/web/features/mail/workspace-compose-navigation.test.tsx"},{"assertionResults":[{"ancestorTitles":["editor opening completion ownership"],"fullName":"editor opening completion ownership Continue editing ordinarily opens its prepared editor","status":"passed","title":"Continue editing ordinarily opens its prepared editor","duration":503.005895,"failureMessages":[],"meta":{},"tags":[]},{"ancestorTitles":["editor opening completion ownership"],"fullName":"editor opening completion ownership Reply ordinarily opens its prepared editor","status":"passed","title":"Reply ordinarily opens its prepared editor","duration":299.8596180000004,"failureMessages":[],"meta":{},"tags":[]},{"ancestorTitles":["editor opening completion ownership"],"fullName":"editor opening completion ownership Reply all ordinarily opens its prepared editor","status":"passed","title":"Reply all ordinarily opens its prepared editor","duration":199.67696100000012,"failureMessages":[],"meta":{},"tags":[]},{"ancestorTitles":["editor opening completion ownership"],"fullName":"editor opening completion ownership Forward ordinarily opens its prepared editor","status":"passed","title":"Forward ordinarily opens its prepared editor","duration":227.1137359999998,"failureMessages":[],"meta":{},"tags":[]},{"ancestorTitles":["editor opening completion ownership"],"fullName":"editor opening completion ownership late Continue editing cannot replace a newer dirty Compose","status":"passed","title":"late Continue editing cannot replace a newer dirty Compose","duration":202.87831000000006,"failureMessages":[],"meta":{},"tags":[]},{"ancestorTitles":["editor opening completion ownership"],"fullName":"editor opening completion ownership late Reply cannot replace a newer dirty Compose","status":"passed","title":"late Reply cannot replace a newer dirty Compose","duration":279.40964600000007,"failureMessages":[],"meta":{},"tags":[]},{"ancestorTitles":["editor opening completion ownership"],"fullName":"editor opening completion ownership late Reply all cannot replace a newer dirty Compose","status":"passed","title":"late Reply all cannot replace a newer dirty Compose","duration":269.27199299999984,"failureMessages":[],"meta":{},"tags":[]},{"ancestorTitles":["editor opening completion ownership"],"fullName":"editor opening completion ownership late Forward cannot replace a newer dirty Compose","status":"passed","title":"late Forward cannot replace a newer dirty Compose","duration":230.27200699999958,"failureMessages":[],"meta":{},"tags":[]},{"ancestorTitles":["editor opening completion ownership"],"fullName":"editor opening completion ownership late Continue editing cannot take over a newer committed view","status":"passed","title":"late Continue editing cannot take over a newer committed view","duration":95.25572800000009,"failureMessages":[],"meta":{},"tags":[]},{"ancestorTitles":["editor opening completion ownership"],"fullName":"editor opening completion ownership late Reply cannot take over a newer committed view","status":"passed","title":"late Reply cannot take over a newer committed view","duration":103.2317149999999,"failureMessages":[],"meta":{},"tags":[]},{"ancestorTitles":["editor opening completion ownership"],"fullName":"editor opening completion ownership late Reply all cannot take over a newer committed view","status":"passed","title":"late Reply all cannot take over a newer committed view","duration":143.90687499999967,"failureMessages":[],"meta":{},"tags":[]},{"ancestorTitles":["editor opening completion ownership"],"fullName":"editor opening completion ownership late Forward cannot take over a newer committed view","status":"passed","title":"late Forward cannot take over a newer committed view","duration":129.33243800000037,"failureMessages":[],"meta":{},"tags":[]},{"ancestorTitles":["editor opening completion ownership"],"fullName":"editor opening completion ownership Continue editing does not regain ownership after navigating away and back","status":"passed","title":"Continue editing does not regain ownership after navigating away and back","duration":103.00412200000028,"failureMessages":[],"meta":{},"tags":[]},{"ancestorTitles":["editor opening completion ownership"],"fullName":"editor opening completion ownership Reply does not regain ownership after navigating away and back","status":"passed","title":"Reply does not regain ownership after navigating away and back","duration":177.39246100000037,"failureMessages":[],"meta":{},"tags":[]},{"ancestorTitles":["editor opening completion ownership"],"fullName":"editor opening completion ownership Reply all does not regain ownership after navigating away and back","status":"passed","title":"Reply all does not regain ownership after navigating away and back","duration":222.70622999999978,"failureMessages":[],"meta":{},"tags":[]},{"ancestorTitles":["editor opening completion ownership"],"fullName":"editor opening completion ownership Forward does not regain ownership after navigating away and back","status":"passed","title":"Forward does not regain ownership after navigating away and back","duration":179.31021099999998,"failureMessages":[],"meta":{},"tags":[]},{"ancestorTitles":["editor opening completion ownership"],"fullName":"editor opening completion ownership unrelated query fields and refresh preserve ordinary Continue editing","status":"passed","title":"unrelated query fields and refresh preserve ordinary Continue editing","duration":124.24875499999962,"failureMessages":[],"meta":{},"tags":[]},{"ancestorTitles":["editor opening completion ownership"],"fullName":"editor opening completion ownership unrelated query fields and refresh preserve ordinary Reply","status":"passed","title":"unrelated query fields and refresh preserve ordinary Reply","duration":194.16896200000065,"failureMessages":[],"meta":{},"tags":[]},{"ancestorTitles":["editor opening completion ownership"],"fullName":"editor opening completion ownership unrelated query fields and refresh preserve ordinary Reply all","status":"passed","title":"unrelated query fields and refresh preserve ordinary Reply all","duration":217.7336350000005,"failureMessages":[],"meta":{},"tags":[]},{"ancestorTitles":["editor opening completion ownership"],"fullName":"editor opening completion ownership unrelated query fields and refresh preserve ordinary Forward","status":"passed","title":"unrelated query fields and refresh preserve ordinary Forward","duration":249.71870300000046,"failureMessages":[],"meta":{},"tags":[]},{"ancestorTitles":["editor opening completion ownership"],"fullName":"editor opening completion ownership superseded Continue editing failures do not disturb the newer editor","status":"passed","title":"superseded Continue editing failures do not disturb the newer editor","duration":126.2813299999998,"failureMessages":[],"meta":{},"tags":[]},{"ancestorTitles":["editor opening completion ownership"],"fullName":"editor opening completion ownership superseded Reply failures do not disturb the newer editor","status":"passed","title":"superseded Reply failures do not disturb the newer editor","duration":249.97910300000058,"failureMessages":[],"meta":{},"tags":[]},{"ancestorTitles":["editor opening completion ownership"],"fullName":"editor opening completion ownership superseded Reply all failures do not disturb the newer editor","status":"passed","title":"superseded Reply all failures do not disturb the newer editor","duration":231.90017500000067,"failureMessages":[],"meta":{},"tags":[]},{"ancestorTitles":["editor opening completion ownership"],"fullName":"editor opening completion ownership superseded Forward failures do not disturb the newer editor","status":"passed","title":"superseded Forward failures do not disturb the newer editor","duration":204.06879599999957,"failureMessages":[],"meta":{},"tags":[]},{"ancestorTitles":["editor opening completion ownership"],"fullName":"editor opening completion ownership current Continue editing failures remain visible","status":"passed","title":"current Continue editing failures remain visible","duration":62.41400700000031,"failureMessages":[],"meta":{},"tags":[]},{"ancestorTitles":["editor opening completion ownership"],"fullName":"editor opening completion ownership current Reply failures remain visible","status":"passed","title":"current Reply failures remain visible","duration":167.73365000000013,"failureMessages":[],"meta":{},"tags":[]},{"ancestorTitles":["editor opening completion ownership"],"fullName":"editor opening completion ownership current Reply all failures remain visible","status":"passed","title":"current Reply all failures remain visible","duration":184.84755500000028,"failureMessages":[],"meta":{},"tags":[]},{"ancestorTitles":["editor opening completion ownership"],"fullName":"editor opening completion ownership current Forward failures remain visible","status":"passed","title":"current Forward failures remain visible","duration":163.1005639999994,"failureMessages":[],"meta":{},"tags":[]}],"startTime":1791519328192,"endTime":1791519333735.1006,"status":"passed","message":"","name":"/home/runner/work/tabmail/tabmail/web/features/mail/workspace-editor-opening.test.tsx"},{"assertionResults":[{"ancestorTitles":["mail workspace visible-read invalidation"],"fullName":"mail workspace visible-read invalidation manual refresh revalidates the open message, attachments and conversation","status":"passed","title":"manual refresh revalidates the open message, attachments and conversation","duration":794.0054960000002,"failureMessages":[],"meta":{},"tags":[]},{"ancestorTitles":["mail workspace visible-read invalidation"],"fullName":"mail workspace visible-read invalidation SSE invalidation revalidates the open message, attachments and conversation","status":"passed","title":"SSE invalidation revalidates the open message, attachments and conversation","duration":297.97795099999985,"failureMessages":[],"meta":{},"tags":[]},{"ancestorTitles":["mail workspace visible-read invalidation"],"fullName":"mail workspace visible-read invalidation EOF reconnect revalidates the open message, attachments and conversation","status":"passed","title":"EOF reconnect revalidates the open message, attachments and conversation","duration":362.69330200000013,"failureMessages":[],"meta":{},"tags":[]},{"ancestorTitles":["mail workspace visible-read invalidation"],"fullName":"mail workspace visible-read invalidation invalidates only current-session owned reads and ignores ping frames","status":"passed","title":"invalidates only current-session owned reads and ignores ping frames","duration":206.30795199999966,"failureMessages":[],"meta":{},"tags":[]},{"ancestorTitles":["mail workspace visible-read invalidation"],"fullName":"mail workspace visible-read invalidation a late detail read from the old account cannot replace the current message","status":"passed","title":"a late detail read from the old account cannot replace the current message","duration":302.99526799999967,"failureMessages":[],"meta":{},"tags":[]},{"ancestorTitles":["mail workspace visible-read invalidation"],"fullName":"mail workspace visible-read invalidation a late detail read from the old tenant cannot replace the current message","status":"passed","title":"a late detail read from the old tenant cannot replace the current message","duration":297.3558720000001,"failureMessages":[],"meta":{},"tags":[]},{"ancestorTitles":["mail workspace visible-read invalidation"],"fullName":"mail workspace visible-read invalidation token-only rotation preserves the open conversation and uses the replacement credential","status":"passed","title":"token-only rotation preserves the open conversation and uses the replacement credential","duration":300.0379479999997,"failureMessages":[],"meta":{},"tags":[]}],"startTime":1791519330476,"endTime":1791519333038.0378,"status":"passed","message":"","name":"/home/runner/work/tabmail/tabmail/web/features/mail/workspace-events.test.tsx"},{"assertionResults":[{"ancestorTitles":["explicit mailbox route recovery"],"fullName":"explicit mailbox route recovery R01 keeps an unavailable inbox route unresolved","status":"passed","title":"R01 keeps an unavailable inbox route unresolved","duration":513.8746889999998,"failureMessages":[],"meta":{},"tags":[]},{"ancestorTitles":["explicit mailbox route recovery"],"fullName":"explicit mailbox route recovery R02 keeps an unavailable sent route unresolved","status":"passed","title":"R02 keeps an unavailable sent route unresolved","duration":194.28845300000012,"failureMessages":[],"meta":{},"tags":[]},{"ancestorTitles":["explicit mailbox route recovery"],"fullName":"explicit mailbox route recovery R03 keeps an unavailable archive route unresolved","status":"passed","title":"R03 keeps an unavailable archive route unresolved","duration":147.05480699999998,"failureMessages":[],"meta":{},"tags":[]},{"ancestorTitles":["explicit mailbox route recovery"],"fullName":"explicit mailbox route recovery R04 keeps an unavailable trash route unresolved","status":"passed","title":"R04 keeps an unavailable trash route unresolved","duration":131.00520899999992,"failureMessages":[],"meta":{},"tags":[]},{"ancestorTitles":["explicit mailbox route recovery"],"fullName":"explicit mailbox route recovery R05 rejects an explicit mailbox with no read or send rights","status":"passed","title":"R05 rejects an explicit mailbox with no read or send rights","duration":80.40322700000024,"failureMessages":[],"meta":{},"tags":[]},{"ancestorTitles":["explicit mailbox route recovery"],"fullName":"explicit mailbox route recovery R06 distinguishes an empty explicit mailbox from an absent parameter","status":"passed","title":"R06 distinguishes an empty explicit mailbox from an absent parameter","duration":100.48544400000037,"failureMessages":[],"meta":{},"tags":[]},{"ancestorTitles":["explicit mailbox route recovery"],"fullName":"explicit mailbox route recovery R07 prevents Compose from silently choosing another mailbox","status":"passed","title":"R07 prevents Compose from silently choosing another mailbox","duration":103.84862599999997,"failureMessages":[],"meta":{},"tags":[]},{"ancestorTitles":["explicit mailbox route recovery"],"fullName":"explicit mailbox route recovery R08 retains the ordinary default when no mailbox parameter exists","status":"passed","title":"R08 retains the ordinary default when no mailbox parameter exists","duration":189.10307999999986,"failureMessages":[],"meta":{},"tags":[]},{"ancestorTitles":["explicit mailbox route recovery"],"fullName":"explicit mailbox route recovery R09 resolves a valid explicit mailbox instead of the first one","status":"passed","title":"R09 resolves a valid explicit mailbox instead of the first one","duration":141.90480399999979,"failureMessages":[],"meta":{},"tags":[]},{"ancestorTitles":["explicit mailbox route recovery"],"fullName":"explicit mailbox route recovery R10 keeps a selected send-only identity usable for Compose","status":"passed","title":"R10 keeps a selected send-only identity usable for Compose","duration":124.20730000000003,"failureMessages":[],"meta":{},"tags":[]},{"ancestorTitles":["explicit mailbox route recovery"],"fullName":"explicit mailbox route recovery R11 retains an authorized sender for a selected read-only mailbox","status":"passed","title":"R11 retains an authorized sender for a selected read-only mailbox","duration":137.63910000000033,"failureMessages":[],"meta":{},"tags":[]},{"ancestorTitles":["explicit mailbox route recovery"],"fullName":"explicit mailbox route recovery R12 does not report permanent unavailability during the initial read","status":"passed","title":"R12 does not report permanent unavailability during the initial read","duration":91.89471000000003,"failureMessages":[],"meta":{},"tags":[]},{"ancestorTitles":["explicit mailbox route recovery"],"fullName":"explicit mailbox route recovery R13 closes a revoked mailbox and its stream without a fallback read","status":"passed","title":"R13 closes a revoked mailbox and its stream without a fallback read","duration":185.1842740000002,"failureMessages":[],"meta":{},"tags":[]},{"ancestorTitles":["explicit mailbox route recovery"],"fullName":"explicit mailbox route recovery R14 resolves the requested mailbox after an explicit refresh restores access","status":"passed","title":"R14 resolves the requested mailbox after an explicit refresh restores access","duration":139.96550300000035,"failureMessages":[],"meta":{},"tags":[]},{"ancestorTitles":["explicit mailbox route recovery"],"fullName":"explicit mailbox route recovery R15 reads another mailbox only after explicit selection and clears stale detail and page","status":"passed","title":"R15 reads another mailbox only after explicit selection and clears stale detail and page","duration":152.2728160000006,"failureMessages":[],"meta":{},"tags":[]},{"ancestorTitles":["explicit mailbox route recovery"],"fullName":"explicit mailbox route recovery R16 preserves cross-mailbox drafts and explicitly opening one","status":"passed","title":"R16 preserves cross-mailbox drafts and explicitly opening one","duration":159.1135430000004,"failureMessages":[],"meta":{},"tags":[]},{"ancestorTitles":["explicit mailbox route recovery"],"fullName":"explicit mailbox route recovery R17 preserves cross-mailbox delivery status without a fallback stream","status":"passed","title":"R17 preserves cross-mailbox delivery status without a fallback stream","duration":104.15274199999931,"failureMessages":[],"meta":{},"tags":[]},{"ancestorTitles":["explicit mailbox route recovery"],"fullName":"explicit mailbox route recovery R18 retires pending editor opening between two unavailable mailbox routes","status":"passed","title":"R18 retires pending editor opening between two unavailable mailbox routes","duration":83.1930339999999,"failureMessages":[],"meta":{},"tags":[]}],"startTime":1791519317644,"endTime":1791519320424.193,"status":"passed","message":"","name":"/home/runner/work/tabmail/tabmail/web/features/mail/workspace-mailbox-route-recovery.test.tsx"},{"assertionResults":[{"ancestorTitles":["mailbox creation request and draft ownership"],"fullName":"mailbox creation request and draft ownership clears an unchanged successful local part while retaining resource type and retention","status":"passed","title":"clears an unchanged successful local part while retaining resource type and retention","duration":612.015639,"failureMessages":[],"meta":{},"tags":[]},{"ancestorTitles":["mailbox creation request and draft ownership"],"fullName":"mailbox creation request and draft ownership keeps a newer local part when the previous creation succeeds","status":"passed","title":"keeps a newer local part when the previous creation succeeds","duration":220.69291900000007,"failureMessages":[],"meta":{},"tags":[]},{"ancestorTitles":["mailbox creation request and draft ownership"],"fullName":"mailbox creation request and draft ownership does not clear a new A → B → A local part intent","status":"passed","title":"does not clear a new A → B → A local part intent","duration":148.10517900000013,"failureMessages":[],"meta":{},"tags":[]},{"ancestorTitles":["mailbox creation request and draft ownership"],"fullName":"mailbox creation request and draft ownership does not clear a new A → B → A retention intent","status":"passed","title":"does not clear a new A → B → A retention intent","duration":161.06216900000027,"failureMessages":[],"meta":{},"tags":[]},{"ancestorTitles":["mailbox creation request and draft ownership"],"fullName":"mailbox creation request and draft ownership does not clear a new A → B → A resource type intent","status":"passed","title":"does not clear a new A → B → A resource type intent","duration":176.44165900000007,"failureMessages":[],"meta":{},"tags":[]},{"ancestorTitles":["mailbox creation request and draft ownership"],"fullName":"mailbox creation request and draft ownership keeps a different personal owner and the new resource intent after a pending shared creation","status":"passed","title":"keeps a different personal owner and the new resource intent after a pending shared creation","duration":105.5240219999996,"failureMessages":[],"meta":{},"tags":[]},{"ancestorTitles":["mailbox creation request and draft ownership"],"fullName":"mailbox creation request and draft ownership keeps an A → B → A owner reselection independent of an older personal creation","status":"passed","title":"keeps an A → B → A owner reselection independent of an older personal creation","duration":152.0537089999998,"failureMessages":[],"meta":{},"tags":[]},{"ancestorTitles":["mailbox creation request and draft ownership"],"fullName":"mailbox creation request and draft ownership does not clear the unfinished local part when a directory refresh retires the submitted owner","status":"passed","title":"does not clear the unfinished local part when a directory refresh retires the submitted owner","duration":124.46476699999994,"failureMessages":[],"meta":{},"tags":[]},{"ancestorTitles":["mailbox creation request and draft ownership"],"fullName":"mailbox creation request and draft ownership preserves a newer managed-mailbox selection when creation finishes","status":"passed","title":"preserves a newer managed-mailbox selection when creation finishes","duration":128.94076799999993,"failureMessages":[],"meta":{},"tags":[]},{"ancestorTitles":["mailbox creation request and draft ownership"],"fullName":"mailbox creation request and draft ownership suppresses a retired page's creation side effects (failure=false)","status":"passed","title":"suppresses a retired page's creation side effects (failure=false)","duration":146.7903799999999,"failureMessages":[],"meta":{},"tags":[]},{"ancestorTitles":["mailbox creation request and draft ownership"],"fullName":"mailbox creation request and draft ownership suppresses a retired page's creation side effects (failure=true)","status":"passed","title":"suppresses a retired page's creation side effects (failure=true)","duration":134.12664300000006,"failureMessages":[],"meta":{},"tags":[]},{"ancestorTitles":["mailbox creation request and draft ownership"],"fullName":"mailbox creation request and draft ownership lets the new account create while an older session request remains pending","status":"passed","title":"lets the new account create while an older session request remains pending","duration":180.09840199999962,"failureMessages":[],"meta":{},"tags":[]},{"ancestorTitles":["mailbox creation request and draft ownership"],"fullName":"mailbox creation request and draft ownership lets the new tenant create while an older session request remains pending","status":"passed","title":"lets the new tenant create while an older session request remains pending","duration":125.76015899999948,"failureMessages":[],"meta":{},"tags":[]},{"ancestorTitles":["mailbox creation request and draft ownership"],"fullName":"mailbox creation request and draft ownership lets the new role create while an older session request remains pending","status":"passed","title":"lets the new role create while an older session request remains pending","duration":131.4269059999997,"failureMessages":[],"meta":{},"tags":[]},{"ancestorTitles":["mailbox creation request and draft ownership"],"fullName":"mailbox creation request and draft ownership keeps an active creation and its busy state across token-only rotation","status":"passed","title":"keeps an active creation and its busy state across token-only rotation","duration":116.46241399999963,"failureMessages":[],"meta":{},"tags":[]},{"ancestorTitles":["mailbox creation request and draft ownership"],"fullName":"mailbox creation request and draft ownership blocks synchronous duplicate clicks without sending a second non-idempotent create","status":"passed","title":"blocks synchronous duplicate clicks without sending a second non-idempotent create","duration":107.31279200000063,"failureMessages":[],"meta":{},"tags":[]},{"ancestorTitles":["mailbox creation request and draft ownership"],"fullName":"mailbox creation request and draft ownership keeps current input and owner after a rejected personal creation","status":"passed","title":"keeps current input and owner after a rejected personal creation","duration":144.19233799999984,"failureMessages":[],"meta":{},"tags":[]},{"ancestorTitles":["mailbox creation request and draft ownership"],"fullName":"mailbox creation request and draft ownership keeps an acknowledged creation separate from failed mailbox-list readback and retries only reads","status":"passed","title":"keeps an acknowledged creation separate from failed mailbox-list readback and retries only reads","duration":171.92301000000043,"failureMessages":[],"meta":{},"tags":[]},{"ancestorTitles":["mailbox creation request and draft ownership"],"fullName":"mailbox creation request and draft ownership does not clear edits made while the post-create list refresh is pending","status":"passed","title":"does not clear edits made while the post-create list refresh is pending","duration":116.9990230000003,"failureMessages":[],"meta":{},"tags":[]}],"startTime":1791519317568,"endTime":1791519320772.999,"status":"passed","message":"","name":"/home/runner/work/tabmail/tabmail/web/features/company/mailbox-create-ownership.test.tsx"},{"assertionResults":[{"ancestorTitles":["personal mailbox owner eligibility"],"fullName":"personal mailbox owner eligibility waits for the initial directory before allowing an explicit owner selection","status":"passed","title":"waits for the initial directory before allowing an explicit owner selection","duration":690.448001,"failureMessages":[],"meta":{},"tags":[]},{"ancestorTitles":["personal mailbox owner eligibility"],"fullName":"personal mailbox owner eligibility creates a personal mailbox from an explicitly selected current active owner with retention zero","status":"passed","title":"creates a personal mailbox from an explicitly selected current active owner with retention zero","duration":244.60792899999979,"failureMessages":[],"meta":{},"tags":[]},{"ancestorTitles":["personal mailbox owner eligibility"],"fullName":"personal mailbox owner eligibility does not invent a ban on active admin owners","status":"passed","title":"does not invent a ban on active admin owners","duration":203.2538770000001,"failureMessages":[],"meta":{},"tags":[]},{"ancestorTitles":["personal mailbox owner eligibility"],"fullName":"personal mailbox owner eligibility does not invent a ban on active super_admin owners","status":"passed","title":"does not invent a ban on active super_admin owners","duration":178.10904600000003,"failureMessages":[],"meta":{},"tags":[]},{"ancestorTitles":["personal mailbox owner eligibility"],"fullName":"personal mailbox owner eligibility retires a frozen selected owner and requires explicit reselection if that id becomes eligible again","status":"passed","title":"retires a frozen selected owner and requires explicit reselection if that id becomes eligible again","duration":445.7449999999999,"failureMessages":[],"meta":{},"tags":[]},{"ancestorTitles":["personal mailbox owner eligibility"],"fullName":"personal mailbox owner eligibility retires a removed selected owner and requires explicit reselection if that id becomes eligible again","status":"passed","title":"retires a removed selected owner and requires explicit reselection if that id becomes eligible again","duration":340.8848700000003,"failureMessages":[],"meta":{},"tags":[]},{"ancestorTitles":["personal mailbox owner eligibility"],"fullName":"personal mailbox owner eligibility retires a foreign-tenant selected owner and requires explicit reselection if that id becomes eligible again","status":"passed","title":"retires a foreign-tenant selected owner and requires explicit reselection if that id becomes eligible again","duration":353.31718799999953,"failureMessages":[],"meta":{},"tags":[]},{"ancestorTitles":["personal mailbox owner eligibility"],"fullName":"personal mailbox owner eligibility blocks creation during revalidation and keeps the selection if the successful directory still contains the owner","status":"passed","title":"blocks creation during revalidation and keeps the selection if the successful directory still contains the owner","duration":231.8272480000005,"failureMessages":[],"meta":{},"tags":[]},{"ancestorTitles":["personal mailbox owner eligibility"],"fullName":"personal mailbox owner eligibility rejects a cached owner after directory 503 and requires a successful read plus a new selection","status":"passed","title":"rejects a cached owner after directory 503 and requires a successful read plus a new selection","duration":300.4040759999998,"failureMessages":[],"meta":{},"tags":[]},{"ancestorTitles":["personal mailbox owner eligibility"],"fullName":"personal mailbox owner eligibility rejects a cached owner after directory 403 and requires a successful read plus a new selection","status":"passed","title":"rejects a cached owner after directory 403 and requires a successful read plus a new selection","duration":366.2892470000006,"failureMessages":[],"meta":{},"tags":[]},{"ancestorTitles":["personal mailbox owner eligibility"],"fullName":"personal mailbox owner eligibility rejects a cached owner after directory network and requires a successful read plus a new selection","status":"passed","title":"rejects a cached owner after directory network and requires a successful read plus a new selection","duration":315.0395559999997,"failureMessages":[],"meta":{},"tags":[]},{"ancestorTitles":["personal mailbox owner eligibility"],"fullName":"personal mailbox owner eligibility does not accept a partial directory when a later page fails","status":"passed","title":"does not accept a partial directory when a later page fails","duration":216.4776269999993,"failureMessages":[],"meta":{},"tags":[]},{"ancestorTitles":["personal mailbox owner eligibility"],"fullName":"personal mailbox owner eligibility does not revive a hidden personal owner after a removed directory refresh","status":"passed","title":"does not revive a hidden personal owner after a removed directory refresh","duration":470.008546,"failureMessages":[],"meta":{},"tags":[]},{"ancestorTitles":["personal mailbox owner eligibility"],"fullName":"personal mailbox owner eligibility does not revive a hidden personal owner after a failed-read directory refresh","status":"passed","title":"does not revive a hidden personal owner after a failed-read directory refresh","duration":412.35429600000043,"failureMessages":[],"meta":{},"tags":[]},{"ancestorTitles":["personal mailbox owner eligibility"],"fullName":"personal mailbox owner eligibility keeps shared creation independent of a loading member directory","status":"passed","title":"keeps shared creation independent of a loading member directory","duration":161.85440300000027,"failureMessages":[],"meta":{},"tags":[]},{"ancestorTitles":["personal mailbox owner eligibility"],"fullName":"personal mailbox owner eligibility keeps shared creation independent of a failed member directory","status":"passed","title":"keeps shared creation independent of a failed member directory","duration":127.0809419999996,"failureMessages":[],"meta":{},"tags":[]},{"ancestorTitles":["personal mailbox owner eligibility"],"fullName":"personal mailbox owner eligibility does not discard a valid owner because only the separate mailbox list failed","status":"passed","title":"does not discard a valid owner because only the separate mailbox list failed","duration":209.94859199999973,"failureMessages":[],"meta":{},"tags":[]},{"ancestorTitles":["personal mailbox owner eligibility"],"fullName":"personal mailbox owner eligibility does not carry an owner selection across a account boundary even if the same id is listed again","status":"passed","title":"does not carry an owner selection across a account boundary even if the same id is listed again","duration":296.1259890000001,"failureMessages":[],"meta":{},"tags":[]},{"ancestorTitles":["personal mailbox owner eligibility"],"fullName":"personal mailbox owner eligibility does not carry an owner selection across a tenant boundary even if the same id is listed again","status":"passed","title":"does not carry an owner selection across a tenant boundary even if the same id is listed again","duration":314.6862279999996,"failureMessages":[],"meta":{},"tags":[]},{"ancestorTitles":["personal mailbox owner eligibility"],"fullName":"personal mailbox owner eligibility does not carry an owner selection across a role boundary even if the same id is listed again","status":"passed","title":"does not carry an owner selection across a role boundary even if the same id is listed again","duration":260.7381740000001,"failureMessages":[],"meta":{},"tags":[]},{"ancestorTitles":["personal mailbox owner eligibility"],"fullName":"personal mailbox owner eligibility retains the selected owner through token-only rotation within the same session","status":"passed","title":"retains the selected owner through token-only rotation within the same session","duration":191.69231299999956,"failureMessages":[],"meta":{},"tags":[]}],"startTime":1791519325491,"endTime":1791519331822.6924,"status":"passed","message":"","name":"/home/runner/work/tabmail/tabmail/web/features/company/mailbox-owner-freshness.test.tsx"},{"assertionResults":[{"ancestorTitles":["company mailbox retention input"],"fullName":"company mailbox retention input creates a shared mailbox with the explicit whole-hour value 0","status":"passed","title":"creates a shared mailbox with the explicit whole-hour value 0","duration":336.2528890000001,"failureMessages":[],"meta":{},"tags":[]},{"ancestorTitles":["company mailbox retention input"],"fullName":"company mailbox retention input creates a shared mailbox with the explicit whole-hour value 1","status":"passed","title":"creates a shared mailbox with the explicit whole-hour value 1","duration":98.14563899999985,"failureMessages":[],"meta":{},"tags":[]},{"ancestorTitles":["company mailbox retention input"],"fullName":"company mailbox retention input creates a shared mailbox with the explicit whole-hour value 876000","status":"passed","title":"creates a shared mailbox with the explicit whole-hour value 876000","duration":111.000673,"failureMessages":[],"meta":{},"tags":[]},{"ancestorTitles":["company mailbox retention input"],"fullName":"company mailbox retention input creates a shared mailbox with the explicit whole-hour value 00024","status":"passed","title":"creates a shared mailbox with the explicit whole-hour value 00024","duration":82.77449400000023,"failureMessages":[],"meta":{},"tags":[]},{"ancestorTitles":["company mailbox retention input"],"fullName":"company mailbox retention input creates a shared mailbox with the explicit whole-hour value 1e3","status":"passed","title":"creates a shared mailbox with the explicit whole-hour value 1e3","duration":57.4270290000004,"failureMessages":[],"meta":{},"tags":[]},{"ancestorTitles":["company mailbox retention input"],"fullName":"company mailbox retention input blocks the invalid shared retention input \"\" without creating a mailbox","status":"passed","title":"blocks the invalid shared retention input \"\" without creating a mailbox","duration":46.87384599999996,"failureMessages":[],"meta":{},"tags":[]},{"ancestorTitles":["company mailbox retention input"],"fullName":"company mailbox retention input blocks the invalid shared retention input \"-1\" without creating a mailbox","status":"passed","title":"blocks the invalid shared retention input \"-1\" without creating a mailbox","duration":41.42793800000027,"failureMessages":[],"meta":{},"tags":[]},{"ancestorTitles":["company mailbox retention input"],"fullName":"company mailbox retention input blocks the invalid shared retention input \"1.5\" without creating a mailbox","status":"passed","title":"blocks the invalid shared retention input \"1.5\" without creating a mailbox","duration":30.814155000000028,"failureMessages":[],"meta":{},"tags":[]},{"ancestorTitles":["company mailbox retention input"],"fullName":"company mailbox retention input blocks the invalid shared retention input \"876001\" without creating a mailbox","status":"passed","title":"blocks the invalid shared retention input \"876001\" without creating a mailbox","duration":35.502817999999934,"failureMessages":[],"meta":{},"tags":[]},{"ancestorTitles":["company mailbox retention input"],"fullName":"company mailbox retention input blocks the invalid shared retention input \"9007199254740992\" without creating a mailbox","status":"passed","title":"blocks the invalid shared retention input \"9007199254740992\" without creating a mailbox","duration":33.75180799999998,"failureMessages":[],"meta":{},"tags":[]},{"ancestorTitles":["company mailbox retention input"],"fullName":"company mailbox retention input blocks the invalid shared retention input \"1e309\" without creating a mailbox","status":"passed","title":"blocks the invalid shared retention input \"1e309\" without creating a mailbox","duration":49.62189099999978,"failureMessages":[],"meta":{},"tags":[]},{"ancestorTitles":["company mailbox retention input"],"fullName":"company mailbox retention input keeps a cleared retention field empty until the user explicitly chooses permanent storage","status":"passed","title":"keeps a cleared retention field empty until the user explicitly chooses permanent storage","duration":46.36523699999998,"failureMessages":[],"meta":{},"tags":[]},{"ancestorTitles":["company mailbox retention input"],"fullName":"company mailbox retention input ignores hidden shared retention \"\" for a personal mailbox","status":"passed","title":"ignores hidden shared retention \"\" for a personal mailbox","duration":54.08570000000009,"failureMessages":[],"meta":{},"tags":[]},{"ancestorTitles":["company mailbox retention input"],"fullName":"company mailbox retention input ignores hidden shared retention \"-1\" for a personal mailbox","status":"passed","title":"ignores hidden shared retention \"-1\" for a personal mailbox","duration":61.398399000000154,"failureMessages":[],"meta":{},"tags":[]},{"ancestorTitles":["company mailbox retention input"],"fullName":"company mailbox retention input ignores hidden shared retention \"1.5\" for a personal mailbox","status":"passed","title":"ignores hidden shared retention \"1.5\" for a personal mailbox","duration":61.451636999999664,"failureMessages":[],"meta":{},"tags":[]},{"ancestorTitles":["company mailbox retention input"],"fullName":"company mailbox retention input ignores hidden shared retention \"876001\" for a personal mailbox","status":"passed","title":"ignores hidden shared retention \"876001\" for a personal mailbox","duration":53.64510399999972,"failureMessages":[],"meta":{},"tags":[]},{"ancestorTitles":["company mailbox retention input"],"fullName":"company mailbox retention input restores the invalid shared input after visiting the personal form","status":"passed","title":"restores the invalid shared input after visiting the personal form","duration":74.00730599999997,"failureMessages":[],"meta":{},"tags":[]},{"ancestorTitles":["company mailbox retention input"],"fullName":"company mailbox retention input keeps the selected shared retention intact when the server rejects creation","status":"passed","title":"keeps the selected shared retention intact when the server rejects creation","duration":53.530964999999924,"failureMessages":[],"meta":{},"tags":[]},{"ancestorTitles":[],"fullName":"rejects fractional intent 1e-324 even if Number rounds it to an integer","status":"passed","title":"rejects fractional intent 1e-324 even if Number rounds it to an integer","duration":46.05560999999989,"failureMessages":[],"meta":{},"tags":[]},{"ancestorTitles":[],"fullName":"rejects fractional intent 1.0000000000000001 even if Number rounds it to an integer","status":"passed","title":"rejects fractional intent 1.0000000000000001 even if Number rounds it to an integer","duration":30.117813000000297,"failureMessages":[],"meta":{},"tags":[]},{"ancestorTitles":[],"fullName":"rejects fractional intent 876000.00000000001 even if Number rounds it to an integer","status":"passed","title":"rejects fractional intent 876000.00000000001 even if Number rounds it to an integer","duration":30.437270999999782,"failureMessages":[],"meta":{},"tags":[]},{"ancestorTitles":[],"fullName":"preserves an exact whole-hour decimal 1.20e1","status":"passed","title":"preserves an exact whole-hour decimal 1.20e1","duration":33.51670800000011,"failureMessages":[],"meta":{},"tags":[]},{"ancestorTitles":[],"fullName":"preserves an exact whole-hour decimal 12.000","status":"passed","title":"preserves an exact whole-hour decimal 12.000","duration":28.18333500000017,"failureMessages":[],"meta":{},"tags":[]},{"ancestorTitles":[],"fullName":"preserves an exact whole-hour decimal 0e-324","status":"passed","title":"preserves an exact whole-hour decimal 0e-324","duration":32.076262999999926,"failureMessages":[],"meta":{},"tags":[]}],"startTime":1791519334751,"endTime":1791519336280.0762,"status":"passed","message":"","name":"/home/runner/work/tabmail/tabmail/web/features/company/mailbox-retention.test.tsx"},{"assertionResults":[{"ancestorTitles":["rich message paste Range ownership"],"fullName":"rich message paste Range ownership rejects a genuine after-forward boundary crossing without mutating any DOM","status":"passed","title":"rejects a genuine after-forward boundary crossing without mutating any DOM","duration":333.30441299999984,"failureMessages":[],"meta":{},"tags":[]},{"ancestorTitles":["rich message paste Range ownership"],"fullName":"rich message paste Range ownership rejects a genuine after-backward boundary crossing without mutating any DOM","status":"passed","title":"rejects a genuine after-backward boundary crossing without mutating any DOM","duration":81.04172199999994,"failureMessages":[],"meta":{},"tags":[]},{"ancestorTitles":["rich message paste Range ownership"],"fullName":"rich message paste Range ownership rejects a genuine before-backward boundary crossing without mutating any DOM","status":"passed","title":"rejects a genuine before-backward boundary crossing without mutating any DOM","duration":57.243400000000065,"failureMessages":[],"meta":{},"tags":[]},{"ancestorTitles":["rich message paste Range ownership"],"fullName":"rich message paste Range ownership rejects a genuine before-forward boundary crossing without mutating any DOM","status":"passed","title":"rejects a genuine before-forward boundary crossing without mutating any DOM","duration":43.72450499999991,"failureMessages":[],"meta":{},"tags":[]},{"ancestorTitles":["rich message paste Range ownership"],"fullName":"rich message paste Range ownership rejects a forward selection spanning two editors","status":"passed","title":"rejects a forward selection spanning two editors","duration":73.04929899999979,"failureMessages":[],"meta":{},"tags":[]},{"ancestorTitles":["rich message paste Range ownership"],"fullName":"rich message paste Range ownership rejects a backward selection spanning two editors","status":"passed","title":"rejects a backward selection spanning two editors","duration":52.81243399999994,"failureMessages":[],"meta":{},"tags":[]},{"ancestorTitles":["rich message paste Range ownership"],"fullName":"rich message paste Range ownership does not use a selection wholly within another editor","status":"passed","title":"does not use a selection wholly within another editor","duration":52.69985200000019,"failureMessages":[],"meta":{},"tags":[]},{"ancestorTitles":["rich message paste Range ownership"],"fullName":"rich message paste Range ownership does not insert into an outside caret","status":"passed","title":"does not insert into an outside caret","duration":39.63814400000001,"failureMessages":[],"meta":{},"tags":[]},{"ancestorTitles":["rich message paste Range ownership"],"fullName":"rich message paste Range ownership does not insert when there is no selection","status":"passed","title":"does not insert when there is no selection","duration":61.93985300000031,"failureMessages":[],"meta":{},"tags":[]},{"ancestorTitles":["rich message paste Range ownership"],"fullName":"rich message paste Range ownership does not change DOM or emit for a caret selection after disabled is committed","status":"passed","title":"does not change DOM or emit for a caret selection after disabled is committed","duration":55.725446999999804,"failureMessages":[],"meta":{},"tags":[]},{"ancestorTitles":["rich message paste Range ownership"],"fullName":"rich message paste Range ownership does not change DOM or emit for a forward selection after disabled is committed","status":"passed","title":"does not change DOM or emit for a forward selection after disabled is committed","duration":62.893254999999954,"failureMessages":[],"meta":{},"tags":[]},{"ancestorTitles":["rich message paste Range ownership"],"fullName":"rich message paste Range ownership does not change DOM or emit for a backward selection after disabled is committed","status":"passed","title":"does not change DOM or emit for a backward selection after disabled is committed","duration":58.568217000000004,"failureMessages":[],"meta":{},"tags":[]},{"ancestorTitles":["rich message paste Range ownership"],"fullName":"rich message paste Range ownership resumes normal paste when the same editor is enabled again","status":"passed","title":"resumes normal paste when the same editor is enabled again","duration":90.15816399999994,"failureMessages":[],"meta":{},"tags":[]},{"ancestorTitles":["contained paste controls"],"fullName":"contained paste controls inserts at the start caret and leaves it immediately after pasted text","status":"passed","title":"inserts at the start caret and leaves it immediately after pasted text","duration":48.91243399999985,"failureMessages":[],"meta":{},"tags":[]},{"ancestorTitles":["contained paste controls"],"fullName":"contained paste controls inserts at the middle caret and leaves it immediately after pasted text","status":"passed","title":"inserts at the middle caret and leaves it immediately after pasted text","duration":37.85966600000029,"failureMessages":[],"meta":{},"tags":[]},{"ancestorTitles":["contained paste controls"],"fullName":"contained paste controls inserts at the end caret and leaves it immediately after pasted text","status":"passed","title":"inserts at the end caret and leaves it immediately after pasted text","duration":45.51694399999997,"failureMessages":[],"meta":{},"tags":[]},{"ancestorTitles":["contained paste controls"],"fullName":"contained paste controls inserts at the empty caret and leaves it immediately after pasted text","status":"passed","title":"inserts at the empty caret and leaves it immediately after pasted text","duration":35.22629300000017,"failureMessages":[],"meta":{},"tags":[]},{"ancestorTitles":["contained paste controls"],"fullName":"contained paste controls replaces a contained forward selection once","status":"passed","title":"replaces a contained forward selection once","duration":26.378094000000146,"failureMessages":[],"meta":{},"tags":[]},{"ancestorTitles":["contained paste controls"],"fullName":"contained paste controls replaces a contained backward selection once","status":"passed","title":"replaces a contained backward selection once","duration":32.93032200000016,"failureMessages":[],"meta":{},"tags":[]},{"ancestorTitles":["contained paste controls"],"fullName":"contained paste controls replaces a forward range across nested formatting nodes","status":"passed","title":"replaces a forward range across nested formatting nodes","duration":39.87930099999994,"failureMessages":[],"meta":{},"tags":[]},{"ancestorTitles":["contained paste controls"],"fullName":"contained paste controls replaces a backward range across nested formatting nodes","status":"passed","title":"replaces a backward range across nested formatting nodes","duration":55.79839799999991,"failureMessages":[],"meta":{},"tags":[]},{"ancestorTitles":["contained paste controls"],"fullName":"contained paste controls accepts an editor-root selection of all children","status":"passed","title":"accepts an editor-root selection of all children","duration":47.83138400000007,"failureMessages":[],"meta":{},"tags":[]},{"ancestorTitles":["contained paste controls"],"fullName":"contained paste controls accepts a caret between editor-root children","status":"passed","title":"accepts a caret between editor-root children","duration":45.595116999999846,"failureMessages":[],"meta":{},"tags":[]},{"ancestorTitles":["contained paste controls"],"fullName":"contained paste controls inserts clipboard markup and line breaks as literal text and emits sanitized HTML","status":"passed","title":"inserts clipboard markup and line breaks as literal text and emits sanitized HTML","duration":38.56616200000008,"failureMessages":[],"meta":{},"tags":[]},{"ancestorTitles":["contained paste controls"],"fullName":"contained paste controls preserves the existing empty-clipboard replacement behavior","status":"passed","title":"preserves the existing empty-clipboard replacement behavior","duration":35.51599499999975,"failureMessages":[],"meta":{},"tags":[]}],"startTime":1791519327214,"endTime":1791519328767.516,"status":"passed","message":"","name":"/home/runner/work/tabmail/tabmail/web/features/mail/components/rich-message-paste.test.tsx"},{"assertionResults":[{"ancestorTitles":["constrained formatting editor"],"fullName":"constrained formatting editor removes active tags, remote media, attributes and javascript URLs","status":"passed","title":"removes active tags, remote media, attributes and javascript URLs","duration":24.234973999999966,"failureMessages":[],"meta":{},"tags":[]},{"ancestorTitles":["constrained formatting editor"],"fullName":"constrained formatting editor keeps plain text first-class and blocks HTML drops in rich mode","status":"passed","title":"keeps plain text first-class and blocks HTML drops in rich mode","duration":207.76519899999994,"failureMessages":[],"meta":{},"tags":[]}],"startTime":1791519336583,"endTime":1791519336815.7651,"status":"passed","message":"","name":"/home/runner/work/tabmail/tabmail/web/features/mail/components/rich-message.test.tsx"}]}
2026-10-09T04:15:37.3199696Z ##[group]Run actions/upload-artifact@v4
2026-10-09T04:15:37.3200001Z with:
2026-10-09T04:15:37.3200206Z   name: exec-web-regressions
2026-10-09T04:15:37.3200462Z   path: exec-web-evidence
2026-10-09T04:15:37.3200696Z   if-no-files-found: error
2026-10-09T04:15:37.3200923Z   retention-days: 14
2026-10-09T04:15:37.3201135Z   compression-level: 6
2026-10-09T04:15:37.3201351Z   overwrite: false
2026-10-09T04:15:37.3201569Z   include-hidden-files: false
2026-10-09T04:15:37.3201815Z ##[endgroup]
2026-10-09T04:15:37.4943820Z (node:2662) [DEP0040] DeprecationWarning: The `punycode` module is deprecated. Please use a userland alternative instead.
2026-10-09T04:15:37.4945689Z (Use `node --trace-deprecation ...` to show where the warning was created)
2026-10-09T04:15:37.5010271Z With the provided path, there will be 2 files uploaded
2026-10-09T04:15:37.5017231Z Artifact name is valid!
2026-10-09T04:15:37.5018086Z Root directory input is valid!
2026-10-09T04:15:37.8630923Z Beginning upload of artifact content to blob storage
2026-10-09T04:15:37.8862709Z (node:2662) [DEP0169] DeprecationWarning: `url.parse()` behavior is not standardized and prone to errors that have security implications. Use the WHATWG URL API instead. CVEs are not issued for `url.parse()` vulnerabilities.
2026-10-09T04:15:38.1837931Z Uploaded bytes 9899
2026-10-09T04:15:38.2680055Z Finished uploading artifact content to blob storage!
2026-10-09T04:15:38.2681178Z SHA256 digest of uploaded artifact zip is e181f6b099585dbe023f9dc598ad0c2191b421cb7e7dd262b45504fc4d45920c
2026-10-09T04:15:38.2682285Z Finalizing artifact upload
2026-10-09T04:15:38.5228600Z Artifact exec-web-regressions.zip successfully finalized. Artifact ID 11594879324
2026-10-09T04:15:38.5230488Z Artifact exec-web-regressions has been successfully uploaded! Final size is 9899 bytes. Artifact ID is 11594879324
2026-10-09T04:15:38.5236408Z Artifact download URL: https://github.com/jyqj/tabmail/actions/runs/37882924528/artifacts/11594879324
2026-10-09T04:15:38.5415789Z Post job cleanup.
2026-10-09T04:15:38.6662950Z (node:2674) [DEP0040] DeprecationWarning: The `punycode` module is deprecated. Please use a userland alternative instead.
2026-10-09T04:15:38.6664424Z (Use `node --trace-deprecation ...` to show where the warning was created)
2026-10-09T04:15:38.6866439Z [command]/usr/bin/tar --posix -cf cache.tzst --exclude cache.tzst -P -C /home/runner/work/tabmail/tabmail --files-from manifest.txt --use-compress-program zstdmt
2026-10-09T04:15:39.3404191Z (node:2674) [DEP0169] DeprecationWarning: `url.parse()` behavior is not standardized and prone to errors that have security implications. Use the WHATWG URL API instead. CVEs are not issued for `url.parse()` vulnerabilities.
2026-10-09T04:15:40.3261599Z Sent 12335423 of 213662015 (5.8%), 11.8 MBs/sec
2026-10-09T04:15:41.2262913Z Sent 213662015 of 213662015 (100.0%), 107.2 MBs/sec
2026-10-09T04:15:41.4996291Z Cache saved with the key: node-cache-Linux-x64-npm-1f11d5bf27382bb59d5ee0cb204bd42aa8ea0c75776f465906e824633b82434c
2026-10-09T04:15:41.5172753Z Post job cleanup.
2026-10-09T04:15:41.6043236Z [command]/usr/bin/git version
2026-10-09T04:15:41.6080137Z git version 2.55.0
2026-10-09T04:15:41.6121399Z Temporarily overriding HOME='/home/runner/work/_temp/cdf07f3f-0fc3-42e7-82bb-b96fd3934959' before making global git config changes
2026-10-09T04:15:41.6123207Z Adding repository directory to the temporary git global config as a safe directory
2026-10-09T04:15:41.6127860Z [command]/usr/bin/git config --global --add safe.directory /home/runner/work/tabmail/tabmail
2026-10-09T04:15:41.6165811Z [command]/usr/bin/git config --local --name-only --get-regexp core\.sshCommand
2026-10-09T04:15:41.6199733Z [command]/usr/bin/git submodule foreach --recursive sh -c "git config --local --name-only --get-regexp 'core\.sshCommand' && git config --local --unset-all 'core.sshCommand' || :"
2026-10-09T04:15:41.6455832Z [command]/usr/bin/git config --local --name-only --get-regexp http\.https\:\/\/github\.com\/\.extraheader
2026-10-09T04:15:41.6490613Z [command]/usr/bin/git submodule foreach --recursive sh -c "git config --local --name-only --get-regexp 'http\.https\:\/\/github\.com\/\.extraheader' && git config --local --unset-all 'http.https://github.com/.extraheader' || :"
2026-10-09T04:15:41.6718499Z [command]/usr/bin/git config --local --name-only --get-regexp ^includeIf\.gitdir:
2026-10-09T04:15:41.6750566Z [command]/usr/bin/git submodule foreach --recursive git config --local --show-origin --name-only --get-regexp remote.origin.url
2026-10-09T04:15:41.7118522Z Cleaning up orphan processes
2026-10-09T04:15:41.7576004Z ##[warning]Node.js 20 is deprecated. The following actions target Node.js 20 but are being forced to run on Node.js 24: actions/checkout@v4, actions/setup-node@v4, actions/upload-artifact@v4. For more information see: https://github.blog/changelog/2025-09-19-deprecation-of-node-20-on-github-actions-runners/
