2026-10-09T04:14:23.8625704Z Current runner version: '2.337.0'
2026-10-09T04:14:23.8642949Z ##[group]Runner Image Provisioner
2026-10-09T04:14:23.8643517Z Hosted Compute Agent
2026-10-09T04:14:23.8643881Z Version: 20261002.596
2026-10-09T04:14:23.8644253Z Commit: c3d12f3313a95f25162a1503be624f3b0617f8c0
2026-10-09T04:14:23.8644746Z Build Date: 2026-10-02T22:28:27Z
2026-10-09T04:14:23.8645148Z Worker ID: {6916439d-f3df-4040-baf5-eb66e39c9807}
2026-10-09T04:14:23.8645607Z Region: westus2
2026-10-09T04:14:23.8645947Z Cloud: Azure
2026-10-09T04:14:23.8646269Z ##[endgroup]
2026-10-09T04:14:23.8647039Z ##[group]Operating System
2026-10-09T04:14:23.8647396Z Ubuntu
2026-10-09T04:14:23.8647698Z 24.04.5
2026-10-09T04:14:23.8648048Z LTS
2026-10-09T04:14:23.8648356Z ##[endgroup]
2026-10-09T04:14:23.8648705Z ##[group]Runner Image
2026-10-09T04:14:23.8649109Z Image: ubuntu-24.04
2026-10-09T04:14:23.8649465Z Version: 20261004.327.1
2026-10-09T04:14:23.8650220Z Included Software: https://github.com/actions/runner-images/blob/ubuntu24/20261004.327/images/ubuntu/Ubuntu2404-Readme.md
2026-10-09T04:14:23.8651128Z Image Release: https://github.com/actions/runner-images/releases/tag/ubuntu24%2F20261004.327
2026-10-09T04:14:23.8651868Z ##[endgroup]
2026-10-09T04:14:23.8652559Z ##[group]GITHUB_TOKEN Permissions
2026-10-09T04:14:23.8653970Z Contents: read
2026-10-09T04:14:23.8654308Z Metadata: read
2026-10-09T04:14:23.8654750Z ##[endgroup]
2026-10-09T04:14:23.8656004Z Secret source: Actions
2026-10-09T04:14:23.8656578Z Cache mode: write
2026-10-09T04:14:23.8657010Z Prepare workflow directory
2026-10-09T04:14:23.9070739Z Prepare all required actions
2026-10-09T04:14:23.9101659Z Getting action download info
2026-10-09T04:14:24.2306240Z Download action repository 'actions/checkout@v4' (SHA:11d5960a326750d5838078e36cf38b85af677262)
2026-10-09T04:14:24.5803401Z Download action repository 'actions/setup-node@v4' (SHA:49933ea5288caeca8642d1e84afbd3f7d6820020)
2026-10-09T04:14:25.0676450Z Download action repository 'actions/upload-artifact@v4' (SHA:ea165f8d65b6e75b540449e92b4886f43607fa02)
2026-10-09T04:14:25.5226808Z Complete job name: identical-route-fixture
2026-10-09T04:14:25.5769561Z ##[group]Run actions/checkout@v4
2026-10-09T04:14:25.5770307Z with:
2026-10-09T04:14:25.5770651Z   ref: a0c61d24b17030577566b120a7ddd810506b25e7
2026-10-09T04:14:25.5771113Z   path: candidate
2026-10-09T04:14:25.5771538Z   fetch-depth: 0
2026-10-09T04:14:25.5771871Z   persist-credentials: false
2026-10-09T04:14:25.5772262Z   repository: jyqj/tabmail
2026-10-09T04:14:25.5776139Z   token: ***
2026-10-09T04:14:25.5776436Z   ssh-strict: true
2026-10-09T04:14:25.5776743Z   ssh-user: git
2026-10-09T04:14:25.5777040Z   clean: true
2026-10-09T04:14:25.5777366Z   sparse-checkout-cone-mode: true
2026-10-09T04:14:25.5777779Z   fetch-tags: false
2026-10-09T04:14:25.5778111Z   show-progress: true
2026-10-09T04:14:25.5778433Z   lfs: false
2026-10-09T04:14:25.5778726Z   submodules: false
2026-10-09T04:14:25.5779057Z   set-safe-directory: true
2026-10-09T04:14:25.5779442Z   allow-unsafe-pr-checkout: false
2026-10-09T04:14:25.5779930Z env:
2026-10-09T04:14:25.5780327Z   R5_CANDIDATE_SHA: a0c61d24b17030577566b120a7ddd810506b25e7
2026-10-09T04:14:25.5780834Z ##[endgroup]
2026-10-09T04:14:25.6420463Z Syncing repository: jyqj/tabmail
2026-10-09T04:14:25.6421904Z ##[group]Getting Git version info
2026-10-09T04:14:25.6422492Z Working directory is '/home/runner/work/tabmail/tabmail/candidate'
2026-10-09T04:14:25.6423344Z [command]/usr/bin/git version
2026-10-09T04:14:25.6487375Z git version 2.55.0
2026-10-09T04:14:25.6498265Z ##[endgroup]
2026-10-09T04:14:25.6507355Z Temporarily overriding HOME='/home/runner/work/_temp/aa281ce1-b6b1-4d74-ad10-80ec8266e55c' before making global git config changes
2026-10-09T04:14:25.6509424Z Adding repository directory to the temporary git global config as a safe directory
2026-10-09T04:14:25.6511093Z [command]/usr/bin/git config --global --add safe.directory /home/runner/work/tabmail/tabmail/candidate
2026-10-09T04:14:25.6606639Z ##[group]Initializing the repository
2026-10-09T04:14:25.6609142Z [command]/usr/bin/git init /home/runner/work/tabmail/tabmail/candidate
2026-10-09T04:14:25.6818876Z hint: Using 'master' as the name for the initial branch. This default branch name
2026-10-09T04:14:25.6819769Z hint: will change to "main" in Git 3.0. To configure the initial branch name
2026-10-09T04:14:25.6820597Z hint: to use in all of your new repositories, which will suppress this warning,
2026-10-09T04:14:25.6821682Z hint: call:
2026-10-09T04:14:25.6822111Z hint:
2026-10-09T04:14:25.6822691Z hint: 	git config --global init.defaultBranch <name>
2026-10-09T04:14:25.6823439Z hint:
2026-10-09T04:14:25.6824131Z hint: Names commonly chosen instead of 'master' are 'main', 'trunk' and
2026-10-09T04:14:25.6825414Z hint: 'development'. The just-created branch can be renamed via this command:
2026-10-09T04:14:25.6826204Z hint:
2026-10-09T04:14:25.6826643Z hint: 	git branch -m <name>
2026-10-09T04:14:25.6827012Z hint:
2026-10-09T04:14:25.6827519Z hint: Disable this message with "git config set advice.defaultBranchName false"
2026-10-09T04:14:25.6828733Z Initialized empty Git repository in /home/runner/work/tabmail/tabmail/candidate/.git/
2026-10-09T04:14:25.6830452Z [command]/usr/bin/git remote add origin https://github.com/jyqj/tabmail
2026-10-09T04:14:25.7032141Z ##[endgroup]
2026-10-09T04:14:25.7032717Z ##[group]Disabling automatic garbage collection
2026-10-09T04:14:25.7033869Z [command]/usr/bin/git config --local gc.auto 0
2026-10-09T04:14:25.7089022Z ##[endgroup]
2026-10-09T04:14:25.7089542Z ##[group]Setting up auth
2026-10-09T04:14:25.7092920Z [command]/usr/bin/git config --local --name-only --get-regexp core\.sshCommand
2026-10-09T04:14:25.7115057Z [command]/usr/bin/git submodule foreach --recursive sh -c "git config --local --name-only --get-regexp 'core\.sshCommand' && git config --local --unset-all 'core.sshCommand' || :"
2026-10-09T04:14:25.7549975Z [command]/usr/bin/git config --local --name-only --get-regexp http\.https\:\/\/github\.com\/\.extraheader
2026-10-09T04:14:25.7574034Z [command]/usr/bin/git submodule foreach --recursive sh -c "git config --local --name-only --get-regexp 'http\.https\:\/\/github\.com\/\.extraheader' && git config --local --unset-all 'http.https://github.com/.extraheader' || :"
2026-10-09T04:14:25.7742171Z [command]/usr/bin/git config --local --name-only --get-regexp ^includeIf\.gitdir:
2026-10-09T04:14:25.7763196Z [command]/usr/bin/git submodule foreach --recursive git config --local --show-origin --name-only --get-regexp remote.origin.url
2026-10-09T04:14:25.7930361Z [command]/usr/bin/git config --local http.https://github.com/.extraheader AUTHORIZATION: basic ***
2026-10-09T04:14:25.8195758Z ##[endgroup]
2026-10-09T04:14:25.8197184Z ##[group]Fetching the repository
2026-10-09T04:14:25.8214134Z [command]/usr/bin/git -c protocol.version=2 fetch --prune --no-recurse-submodules origin +refs/heads/*:refs/remotes/origin/* +refs/tags/*:refs/tags/*
2026-10-09T04:14:30.8949226Z From https://github.com/jyqj/tabmail
2026-10-09T04:14:30.8949703Z  * [new branch]      audit-pr21-41b015c       -> origin/audit-pr21-41b015c
2026-10-09T04:14:30.8950189Z  * [new branch]      candidate/r5-consumer-adapter-20261004 -> origin/candidate/r5-consumer-adapter-20261004
2026-10-09T04:14:30.8950894Z  * [new branch]      candidate/r5-consumer-adapter-corrected-20261004 -> origin/candidate/r5-consumer-adapter-corrected-20261004
2026-10-09T04:14:30.8951791Z  * [new branch]      candidate/r5-consumer-classifier-contract-20261004 -> origin/candidate/r5-consumer-classifier-contract-20261004
2026-10-09T04:14:30.8952592Z  * [new branch]      candidate/r5-consumer-generated-provenance-20261004 -> origin/candidate/r5-consumer-generated-provenance-20261004
2026-10-09T04:14:30.8953303Z  * [new branch]      candidate/r5-runtime-v3-20261004 -> origin/candidate/r5-runtime-v3-20261004
2026-10-09T04:14:30.8953838Z  * [new branch]      candidate/r5-slice4-batch-20261004 -> origin/candidate/r5-slice4-batch-20261004
2026-10-09T04:14:30.8954416Z  * [new branch]      candidate/slice4-bridge-caller-20261004 -> origin/candidate/slice4-bridge-caller-20261004
2026-10-09T04:14:30.8955419Z  * [new branch]      chore/company-mail-r5-checkpoint-20260930 -> origin/chore/company-mail-r5-checkpoint-20260930
2026-10-09T04:14:30.8956162Z  * [new branch]      chore/selected-v3-metadata-gate-20261004-pnkZA9ce -> origin/chore/selected-v3-metadata-gate-20261004-pnkZA9ce
2026-10-09T04:14:30.8956852Z  * [new branch]      ci/company-mail-r5-wiring-20261003 -> origin/ci/company-mail-r5-wiring-20261003
2026-10-09T04:14:30.8957455Z  * [new branch]      cloud/r5-source-integration-20261004 -> origin/cloud/r5-source-integration-20261004
2026-10-09T04:14:30.8958202Z  * [new branch]      cloud/r5-union-components-f52-20261004-prestart-c741 -> origin/cloud/r5-union-components-f52-20261004-prestart-c741
2026-10-09T04:14:30.8959037Z  * [new branch]      cloud/r5-union-dbhttp-f52-20261004-0449 -> origin/cloud/r5-union-dbhttp-f52-20261004-0449
2026-10-09T04:14:30.8959721Z  * [new branch]      cloud/r5-union-default-f52-20261004-0441 -> origin/cloud/r5-union-default-f52-20261004-0441
2026-10-09T04:14:30.8960343Z  * [new branch]      codex/pe-independent-review -> origin/codex/pe-independent-review
2026-10-09T04:14:30.8960837Z  * [new branch]      codex/pe-shared-adapter  -> origin/codex/pe-shared-adapter
2026-10-09T04:14:30.8961605Z  * [new branch]      codex/r5-approved-catalog-reconciliation-20261004 -> origin/codex/r5-approved-catalog-reconciliation-20261004
2026-10-09T04:14:30.8962316Z  * [new branch]      codex/r5-compatibility-source-boundary -> origin/codex/r5-compatibility-source-boundary
2026-10-09T04:14:30.8962979Z  * [new branch]      codex/r5-compile-stability-20261004 -> origin/codex/r5-compile-stability-20261004
2026-10-09T04:14:30.8963595Z  * [new branch]      codex/r5-current-wire-20261003 -> origin/codex/r5-current-wire-20261003
2026-10-09T04:14:30.8964146Z  * [new branch]      codex/r5-env-evidence-20261004 -> origin/codex/r5-env-evidence-20261004
2026-10-09T04:14:30.8964707Z  * [new branch]      codex/r5-external-runtime-20261003 -> origin/codex/r5-external-runtime-20261003
2026-10-09T04:14:30.8965483Z  * [new branch]      codex/r5-v3-preparation-slice2 -> origin/codex/r5-v3-preparation-slice2
2026-10-09T04:14:30.8966065Z  * [new branch]      design/r5-v3-consumer-opt-in-20261004 -> origin/design/r5-v3-consumer-opt-in-20261004
2026-10-09T04:14:30.8966650Z  * [new branch]      docs/r5-archive-boundary-v1 -> origin/docs/r5-archive-boundary-v1
2026-10-09T04:14:30.8967323Z  * [new branch]      evidence/r5-catalog-rev11-3a-20261008-b8f95a -> origin/evidence/r5-catalog-rev11-3a-20261008-b8f95a
2026-10-09T04:14:30.8967879Z  * [new branch]      experiment/goose-buffer-64k -> origin/experiment/goose-buffer-64k
2026-10-09T04:14:30.8968261Z  * [new branch]      feat/r5-archive-boundary-v1 -> origin/feat/r5-archive-boundary-v1
2026-10-09T04:14:30.8968766Z  * [new branch]      feat/runtime-batch-validation -> origin/feat/runtime-batch-validation
2026-10-09T04:14:30.8969108Z  * [new branch]      fix/auth-body-limit-20261005 -> origin/fix/auth-body-limit-20261005
2026-10-09T04:14:30.8969543Z  * [new branch]      fix/batch-supervisor-lifecycle-20261004 -> origin/fix/batch-supervisor-lifecycle-20261004
2026-10-09T04:14:30.8969955Z  * [new branch]      fix/browser-reply-journey-20261003 -> origin/fix/browser-reply-journey-20261003
2026-10-09T04:14:30.8970353Z  * [new branch]      fix/compose-query-completion-20261005 -> origin/fix/compose-query-completion-20261005
2026-10-09T04:14:30.8970754Z  * [new branch]      fix/compose-send-lifecycle-20261005 -> origin/fix/compose-send-lifecycle-20261005
2026-10-09T04:14:30.8971108Z  * [new branch]      fix/direct-null-mx-20261006 -> origin/fix/direct-null-mx-20261006
2026-10-09T04:14:30.8971801Z  * [new branch]      fix/draft-reload-serialization-20261005 -> origin/fix/draft-reload-serialization-20261005
2026-10-09T04:14:30.8972281Z  * [new branch]      fix/editor-opening-ownership-20261005 -> origin/fix/editor-opening-ownership-20261005
2026-10-09T04:14:30.8972645Z  * [new branch]      fix/lf01-frozen-offboarding -> origin/fix/lf01-frozen-offboarding
2026-10-09T04:14:30.8973162Z  * [new branch]      fix/live-content-refresh-20261005 -> origin/fix/live-content-refresh-20261005
2026-10-09T04:14:30.8973561Z  * [new branch]      fix/mail-reader-invalidation-20261004 -> origin/fix/mail-reader-invalidation-20261004
2026-10-09T04:14:30.8974003Z  * [new branch]      fix/message-action-reconciliation-20261005 -> origin/fix/message-action-reconciliation-20261005
2026-10-09T04:14:30.8974417Z  * [new branch]      fix/offboarding-successor-authz -> origin/fix/offboarding-successor-authz
2026-10-09T04:14:30.8974763Z  * [new branch]      fix/pr21-client-inventory -> origin/fix/pr21-client-inventory
2026-10-09T04:14:30.8975097Z  * [new branch]      fix/pr21-harness-lint-41b015c -> origin/fix/pr21-harness-lint-41b015c
2026-10-09T04:14:30.8975492Z  * [new branch]      fix/profile-refresh-three-way-20261003 -> origin/fix/profile-refresh-three-way-20261003
2026-10-09T04:14:30.8975945Z  * [new branch]      fix/r5-benchmark-strict-evidence-20261001 -> origin/fix/r5-benchmark-strict-evidence-20261001
2026-10-09T04:14:30.8976344Z  * [new branch]      fix/r5-descriptor-tests  -> origin/fix/r5-descriptor-tests
2026-10-09T04:14:30.8976663Z  * [new branch]      fix/r5-excluded-metadata -> origin/fix/r5-excluded-metadata
2026-10-09T04:14:30.8976981Z  * [new branch]      fix/r5-fixture-owner-join -> origin/fix/r5-fixture-owner-join
2026-10-09T04:14:30.8977394Z  * [new branch]      fix/r5-legacy-recipients-alias-20261003 -> origin/fix/r5-legacy-recipients-alias-20261003
2026-10-09T04:14:30.8977859Z  * [new branch]      fix/r5-pe-seed-f875      -> origin/fix/r5-pe-seed-f875
2026-10-09T04:14:30.8978224Z  * [new branch]      fix/r5-rc-receipt-contract-20261003 -> origin/fix/r5-rc-receipt-contract-20261003
2026-10-09T04:14:30.8978632Z  * [new branch]      fix/r5-receipt-inspection-test-gate -> origin/fix/r5-receipt-inspection-test-gate
2026-10-09T04:14:30.8979065Z  * [new branch]      fix/r5-receipt-surface-contract-20261003 -> origin/fix/r5-receipt-surface-contract-20261003
2026-10-09T04:14:30.8979558Z  * [new branch]      fix/r5-router-touch-oracle -> origin/fix/r5-router-touch-oracle
2026-10-09T04:14:30.8979928Z  * [new branch]      fix/r5-schema16-benchmark-fixtures -> origin/fix/r5-schema16-benchmark-fixtures
2026-10-09T04:14:30.8980350Z  * [new branch]      fix/r5-selected-source-binding-20261003 -> origin/fix/r5-selected-source-binding-20261003
2026-10-09T04:14:30.8980782Z  * [new branch]      fix/r5-shared-receipt-legacy-20261003 -> origin/fix/r5-shared-receipt-legacy-20261003
2026-10-09T04:14:30.8981217Z  * [new branch]      fix/r5-source-excluded-metadata-20261003 -> origin/fix/r5-source-excluded-metadata-20261003
2026-10-09T04:14:30.8981845Z  * [new branch]      fix/r5-source-runner-preparation -> origin/fix/r5-source-runner-preparation
2026-10-09T04:14:30.8982195Z  * [new branch]      fix/r5-stream-transport  -> origin/fix/r5-stream-transport
2026-10-09T04:14:30.8982527Z  * [new branch]      fix/r5-transaction-inventory -> origin/fix/r5-transaction-inventory
2026-10-09T04:14:30.8982903Z  * [new branch]      fix/r5-v3-producer-path-20261004 -> origin/fix/r5-v3-producer-path-20261004
2026-10-09T04:14:30.8983317Z  * [new branch]      fix/r5-v3-rejection-evidence-20261004 -> origin/fix/r5-v3-rejection-evidence-20261004
2026-10-09T04:14:30.8983788Z  * [new branch]      fix/receipt-aggregate-refresh-20261005 -> origin/fix/receipt-aggregate-refresh-20261005
2026-10-09T04:14:30.8984220Z  * [new branch]      fix/recipient-reload-display-20261005 -> origin/fix/recipient-reload-display-20261005
2026-10-09T04:14:30.8984662Z  * [new branch]      fix/selected-attestation-stable-capture -> origin/fix/selected-attestation-stable-capture
2026-10-09T04:14:30.8985087Z  * [new branch]      fix/sent-action-lifecycle-20261005 -> origin/fix/sent-action-lifecycle-20261005
2026-10-09T04:14:30.8985460Z  * [new branch]      fix/smtp-data-cause-20261006 -> origin/fix/smtp-data-cause-20261006
2026-10-09T04:14:30.8985796Z  * [new branch]      fix/smtp-owner-logger-gate -> origin/fix/smtp-owner-logger-gate
2026-10-09T04:14:30.8986208Z  * [new branch]      fix/sse-framing-20261004 -> origin/fix/sse-framing-20261004
2026-10-09T04:14:30.8986561Z  * [new branch]      fix/subject-wire-encoding-20261006 -> origin/fix/subject-wire-encoding-20261006
2026-10-09T04:14:30.8986949Z  * [new branch]      fix/tabmail-exec-round3-20261009 -> origin/fix/tabmail-exec-round3-20261009
2026-10-09T04:14:30.8987354Z  * [new branch]      fix/tabmail-followup-recovery-20261008 -> origin/fix/tabmail-followup-recovery-20261008
2026-10-09T04:14:30.8987781Z  * [new branch]      integration/catalog-v3-frozen-20261004 -> origin/integration/catalog-v3-frozen-20261004
2026-10-09T04:14:30.8988198Z  * [new branch]      integration/company-mail-r5-20261003 -> origin/integration/company-mail-r5-20261003
2026-10-09T04:14:30.8988634Z  * [new branch]      integration/company-mail-r5-batch2-20261003 -> origin/integration/company-mail-r5-batch2-20261003
2026-10-09T04:14:30.8989099Z  * [new branch]      integration/company-mail-r5-batch3-20261003 -> origin/integration/company-mail-r5-batch3-20261003
2026-10-09T04:14:30.8989572Z  * [new branch]      integration/company-mail-r5-batch4-20261003 -> origin/integration/company-mail-r5-batch4-20261003
2026-10-09T04:14:30.8990029Z  * [new branch]      integration/company-mail-r5-batch5-20261003 -> origin/integration/company-mail-r5-batch5-20261003
2026-10-09T04:14:30.8990523Z  * [new branch]      integration/company-mail-r5-pr-management-20261007 -> origin/integration/company-mail-r5-pr-management-20261007
2026-10-09T04:14:30.8990989Z  * [new branch]      integration/pe-lf-components-20261004 -> origin/integration/pe-lf-components-20261004
2026-10-09T04:14:30.8991545Z  * [new branch]      integration/r5-consumer-slices23-20261004 -> origin/integration/r5-consumer-slices23-20261004
2026-10-09T04:14:30.8991971Z  * [new branch]      integration/r5-slice4-combined-20261004 -> origin/integration/r5-slice4-combined-20261004
2026-10-09T04:14:30.8992391Z  * [new branch]      integration/r5-source-combined-20261003 -> origin/integration/r5-source-combined-20261003
2026-10-09T04:14:30.8993079Z  * [new branch]      investigate/pe03-profile-editor -> origin/investigate/pe03-profile-editor
2026-10-09T04:14:30.8993534Z  * [new branch]      main                     -> origin/main
2026-10-09T04:14:30.8993889Z  * [new branch]      prep/source-policy-20261003 -> origin/prep/source-policy-20261003
2026-10-09T04:14:30.8994230Z  * [new branch]      r5-cloud-background-20261003 -> origin/r5-cloud-background-20261003
2026-10-09T04:14:30.8994574Z  * [new branch]      r5-cloud-smtp-owner-20261003 -> origin/r5-cloud-smtp-owner-20261003
2026-10-09T04:14:30.8994912Z  * [new branch]      r5-permission-audit-20261003 -> origin/r5-permission-audit-20261003
2026-10-09T04:14:30.8995289Z  * [new branch]      r5-source-v3-pure-isolated-20261003 -> origin/r5-source-v3-pure-isolated-20261003
2026-10-09T04:14:30.8995681Z  * [new branch]      r5/formal-components-f875-20261004 -> origin/r5/formal-components-f875-20261004
2026-10-09T04:14:30.8996112Z  * [new branch]      review/external-batch-independent-20261004 -> origin/review/external-batch-independent-20261004
2026-10-09T04:14:30.8996540Z  * [new branch]      review/independent-frontend-7a43654 -> origin/review/independent-frontend-7a43654
2026-10-09T04:14:30.8996978Z  * [new branch]      review/offboarding-pair-independent-20261004 -> origin/review/offboarding-pair-independent-20261004
2026-10-09T04:14:30.8997399Z  * [new branch]      review/r5-archive-fixed-0c1f4f6 -> origin/review/r5-archive-fixed-0c1f4f6
2026-10-09T04:14:30.8997813Z  * [new branch]      review/r5-catalog-independent-cloud-20261004 -> origin/review/r5-catalog-independent-cloud-20261004
2026-10-09T04:14:30.8998264Z  * [new branch]      review/r5-classifier-independent-20261004 -> origin/review/r5-classifier-independent-20261004
2026-10-09T04:14:30.8998718Z  * [new branch]      review/r5-corrected-independent-20261004 -> origin/review/r5-corrected-independent-20261004
2026-10-09T04:14:30.8999344Z  * [new branch]      review/r5-env-independent-20261004 -> origin/review/r5-env-independent-20261004
2026-10-09T04:14:30.9000119Z  * [new branch]      review/r5-env-p2-delta-independent-20261004 -> origin/review/r5-env-p2-delta-independent-20261004
2026-10-09T04:14:30.9000771Z  * [new branch]      review/r5-generated-independent-20261004 -> origin/review/r5-generated-independent-20261004
2026-10-09T04:14:30.9001476Z  * [new branch]      review/r5-independent-20261004 -> origin/review/r5-independent-20261004
2026-10-09T04:14:30.9002181Z  * [new branch]      review/r5-preparation-slice2-independent-20261004 -> origin/review/r5-preparation-slice2-independent-20261004
2026-10-09T04:14:30.9002990Z  * [new branch]      review/r5-runtime-v3-slice3-independent-20261004 -> origin/review/r5-runtime-v3-slice3-independent-20261004
2026-10-09T04:14:30.9003735Z  * [new branch]      review/r5-slice4-batch-independent-20261004 -> origin/review/r5-slice4-batch-independent-20261004
2026-10-09T04:14:30.9004416Z  * [new branch]      review/r5-slice5-independent-20261004 -> origin/review/r5-slice5-independent-20261004
2026-10-09T04:14:30.9005190Z  * [new branch]      review/selected-attestation-v1-independent-20261003 -> origin/review/selected-attestation-v1-independent-20261003
2026-10-09T04:14:30.9006092Z  * [new branch]      review/slice4-bridge-independent-20261004 -> origin/review/slice4-bridge-independent-20261004
2026-10-09T04:14:30.9006790Z  * [new branch]      review/source-excluded-independent-20261003 -> origin/review/source-excluded-independent-20261003
2026-10-09T04:14:30.9007219Z  * [new branch]      tooling/selected-binding-v3-20261004 -> origin/tooling/selected-binding-v3-20261004
2026-10-09T04:14:30.9007626Z  * [new branch]      verification/r5-slice5-closure-20261004 -> origin/verification/r5-slice5-closure-20261004
2026-10-09T04:14:30.9008081Z  * [new branch]      verification/r5-slice5-physical-plan-v2-20261004 -> origin/verification/r5-slice5-physical-plan-v2-20261004
2026-10-09T04:14:30.9008512Z  * [new branch]      work/company-mail-r5-goal-20260930 -> origin/work/company-mail-r5-goal-20260930
2026-10-09T04:14:30.9009056Z  * [new branch]      work/r5-followup-round3-source-20261007 -> origin/work/r5-followup-round3-source-20261007
2026-10-09T04:14:30.9009406Z  * [new tag]         archive/codex-deep-authz -> archive/codex-deep-authz
2026-10-09T04:14:30.9009726Z  * [new tag]         archive/ingress-operations-console -> archive/ingress-operations-console
2026-10-09T04:14:30.9010073Z  * [new tag]         baseline/company-mail-r4-20260928 -> baseline/company-mail-r4-20260928
2026-10-09T04:14:30.9010433Z  * [new tag]         baseline/company-mail-r5-b01u-20260930 -> baseline/company-mail-r5-b01u-20260930
2026-10-09T04:14:30.9010809Z  * [new tag]         v1.0.0                   -> v1.0.0
2026-10-09T04:14:30.9012314Z [command]/usr/bin/git rev-parse --verify --quiet a0c61d24b17030577566b120a7ddd810506b25e7^{object}
2026-10-09T04:14:30.9012665Z a0c61d24b17030577566b120a7ddd810506b25e7
2026-10-09T04:14:30.9013175Z ##[endgroup]
2026-10-09T04:14:30.9013440Z ##[group]Determining the checkout info
2026-10-09T04:14:30.9013712Z ##[endgroup]
2026-10-09T04:14:30.9013882Z [command]/usr/bin/git sparse-checkout disable
2026-10-09T04:14:30.9038025Z [command]/usr/bin/git config --local --unset-all extensions.worktreeConfig
2026-10-09T04:14:30.9057806Z ##[group]Checking out the ref
2026-10-09T04:14:30.9059786Z [command]/usr/bin/git checkout --progress --force a0c61d24b17030577566b120a7ddd810506b25e7
2026-10-09T04:14:31.1886043Z Note: switching to 'a0c61d24b17030577566b120a7ddd810506b25e7'.
2026-10-09T04:14:31.1886356Z 
2026-10-09T04:14:31.1886535Z You are in 'detached HEAD' state. You can look around, make experimental
2026-10-09T04:14:31.1886783Z changes and commit them, and you can discard any commits you make in this
2026-10-09T04:14:31.1887026Z state without impacting any branches by switching back to a branch.
2026-10-09T04:14:31.1887164Z 
2026-10-09T04:14:31.1887262Z If you want to create a new branch to retain commits you create, you may
2026-10-09T04:14:31.1887487Z do so (now or later) by using -c with the switch command. Example:
2026-10-09T04:14:31.1887866Z 
2026-10-09T04:14:31.1887926Z   git switch -c <new-branch-name>
2026-10-09T04:14:31.1888019Z 
2026-10-09T04:14:31.1888081Z Or undo this operation with:
2026-10-09T04:14:31.1888164Z 
2026-10-09T04:14:31.1888209Z   git switch -
2026-10-09T04:14:31.1888273Z 
2026-10-09T04:14:31.1888381Z Turn off this advice by setting config variable advice.detachedHead to false
2026-10-09T04:14:31.1888534Z 
2026-10-09T04:14:31.1888703Z HEAD is now at a0c61d2 test: give delayed mailbox responses independent bodies and resolve runner paths at runtime
2026-10-09T04:14:31.1921019Z ##[endgroup]
2026-10-09T04:14:31.1955209Z [command]/usr/bin/git log -1 --format=%H
2026-10-09T04:14:31.1975353Z a0c61d24b17030577566b120a7ddd810506b25e7
2026-10-09T04:14:31.1982058Z ##[group]Removing auth
2026-10-09T04:14:31.1984228Z [command]/usr/bin/git config --local --name-only --get-regexp core\.sshCommand
2026-10-09T04:14:31.2005278Z [command]/usr/bin/git submodule foreach --recursive sh -c "git config --local --name-only --get-regexp 'core\.sshCommand' && git config --local --unset-all 'core.sshCommand' || :"
2026-10-09T04:14:31.2166829Z [command]/usr/bin/git config --local --name-only --get-regexp http\.https\:\/\/github\.com\/\.extraheader
2026-10-09T04:14:31.2184638Z http.https://github.com/.extraheader
2026-10-09T04:14:31.2189751Z [command]/usr/bin/git config --local --unset-all http.https://github.com/.extraheader
2026-10-09T04:14:31.2243140Z [command]/usr/bin/git submodule foreach --recursive sh -c "git config --local --name-only --get-regexp 'http\.https\:\/\/github\.com\/\.extraheader' && git config --local --unset-all 'http.https://github.com/.extraheader' || :"
2026-10-09T04:14:31.2400088Z [command]/usr/bin/git config --local --name-only --get-regexp ^includeIf\.gitdir:
2026-10-09T04:14:31.2420743Z [command]/usr/bin/git submodule foreach --recursive git config --local --show-origin --name-only --get-regexp remote.origin.url
2026-10-09T04:14:31.2575574Z ##[endgroup]
2026-10-09T04:14:31.2744245Z ##[group]Run actions/checkout@v4
2026-10-09T04:14:31.2744382Z with:
2026-10-09T04:14:31.2744507Z   ref: ff43326e81f262daaac7b3dfd8b3047a8f51743b
2026-10-09T04:14:31.2744661Z   path: baseline
2026-10-09T04:14:31.2744768Z   fetch-depth: 1
2026-10-09T04:14:31.2744880Z   persist-credentials: false
2026-10-09T04:14:31.2745012Z   repository: jyqj/tabmail
2026-10-09T04:14:31.2746189Z   token: ***
2026-10-09T04:14:31.2746293Z   ssh-strict: true
2026-10-09T04:14:31.2746400Z   ssh-user: git
2026-10-09T04:14:31.2746503Z   clean: true
2026-10-09T04:14:31.2746618Z   sparse-checkout-cone-mode: true
2026-10-09T04:14:31.2746752Z   fetch-tags: false
2026-10-09T04:14:31.2746864Z   show-progress: true
2026-10-09T04:14:31.2746974Z   lfs: false
2026-10-09T04:14:31.2747072Z   submodules: false
2026-10-09T04:14:31.2747182Z   set-safe-directory: true
2026-10-09T04:14:31.2747311Z   allow-unsafe-pr-checkout: false
2026-10-09T04:14:31.2747447Z env:
2026-10-09T04:14:31.2747612Z   R5_CANDIDATE_SHA: a0c61d24b17030577566b120a7ddd810506b25e7
2026-10-09T04:14:31.2747786Z ##[endgroup]
2026-10-09T04:14:31.3238690Z Syncing repository: jyqj/tabmail
2026-10-09T04:14:31.3240619Z ##[group]Getting Git version info
2026-10-09T04:14:31.3240862Z Working directory is '/home/runner/work/tabmail/tabmail/baseline'
2026-10-09T04:14:31.3259224Z [command]/usr/bin/git version
2026-10-09T04:14:31.3284601Z git version 2.55.0
2026-10-09T04:14:31.3294784Z ##[endgroup]
2026-10-09T04:14:31.3303062Z Temporarily overriding HOME='/home/runner/work/_temp/1d1b6083-5b38-49b4-8acc-3b635af47738' before making global git config changes
2026-10-09T04:14:31.3303715Z Adding repository directory to the temporary git global config as a safe directory
2026-10-09T04:14:31.3306230Z [command]/usr/bin/git config --global --add safe.directory /home/runner/work/tabmail/tabmail/baseline
2026-10-09T04:14:31.3329014Z ##[group]Initializing the repository
2026-10-09T04:14:31.3331596Z [command]/usr/bin/git init /home/runner/work/tabmail/tabmail/baseline
2026-10-09T04:14:31.3375308Z Initialized empty Git repository in /home/runner/work/tabmail/tabmail/baseline/.git/
2026-10-09T04:14:31.3375815Z hint: Using 'master' as the name for the initial branch. This default branch name
2026-10-09T04:14:31.3376233Z hint: will change to "main" in Git 3.0. To configure the initial branch name
2026-10-09T04:14:31.3376642Z hint: to use in all of your new repositories, which will suppress this warning,
2026-10-09T04:14:31.3376967Z hint: call:
2026-10-09T04:14:31.3377126Z hint:
2026-10-09T04:14:31.3377343Z hint: 	git config --global init.defaultBranch <name>
2026-10-09T04:14:31.3377605Z hint:
2026-10-09T04:14:31.3377854Z hint: Names commonly chosen instead of 'master' are 'main', 'trunk' and
2026-10-09T04:14:31.3378274Z hint: 'development'. The just-created branch can be renamed via this command:
2026-10-09T04:14:31.3378582Z hint:
2026-10-09T04:14:31.3378756Z hint: 	git branch -m <name>
2026-10-09T04:14:31.3378950Z hint:
2026-10-09T04:14:31.3379223Z hint: Disable this message with "git config set advice.defaultBranchName false"
2026-10-09T04:14:31.3382207Z [command]/usr/bin/git remote add origin https://github.com/jyqj/tabmail
2026-10-09T04:14:31.3406293Z ##[endgroup]
2026-10-09T04:14:31.3406619Z ##[group]Disabling automatic garbage collection
2026-10-09T04:14:31.3409184Z [command]/usr/bin/git config --local gc.auto 0
2026-10-09T04:14:31.3429961Z ##[endgroup]
2026-10-09T04:14:31.3430154Z ##[group]Setting up auth
2026-10-09T04:14:31.3433945Z [command]/usr/bin/git config --local --name-only --get-regexp core\.sshCommand
2026-10-09T04:14:31.3455588Z [command]/usr/bin/git submodule foreach --recursive sh -c "git config --local --name-only --get-regexp 'core\.sshCommand' && git config --local --unset-all 'core.sshCommand' || :"
2026-10-09T04:14:31.3616395Z [command]/usr/bin/git config --local --name-only --get-regexp http\.https\:\/\/github\.com\/\.extraheader
2026-10-09T04:14:31.3638381Z [command]/usr/bin/git submodule foreach --recursive sh -c "git config --local --name-only --get-regexp 'http\.https\:\/\/github\.com\/\.extraheader' && git config --local --unset-all 'http.https://github.com/.extraheader' || :"
2026-10-09T04:14:31.3799208Z [command]/usr/bin/git config --local --name-only --get-regexp ^includeIf\.gitdir:
2026-10-09T04:14:31.3820095Z [command]/usr/bin/git submodule foreach --recursive git config --local --show-origin --name-only --get-regexp remote.origin.url
2026-10-09T04:14:31.3978864Z [command]/usr/bin/git config --local http.https://github.com/.extraheader AUTHORIZATION: basic ***
2026-10-09T04:14:31.4005131Z ##[endgroup]
2026-10-09T04:14:31.4005341Z ##[group]Fetching the repository
2026-10-09T04:14:31.4010095Z [command]/usr/bin/git -c protocol.version=2 fetch --no-tags --prune --no-recurse-submodules --depth=1 origin ff43326e81f262daaac7b3dfd8b3047a8f51743b
2026-10-09T04:14:34.3329057Z From https://github.com/jyqj/tabmail
2026-10-09T04:14:34.3329341Z  * branch            ff43326e81f262daaac7b3dfd8b3047a8f51743b -> FETCH_HEAD
2026-10-09T04:14:34.3332977Z ##[endgroup]
2026-10-09T04:14:34.3333224Z ##[group]Determining the checkout info
2026-10-09T04:14:34.3335087Z ##[endgroup]
2026-10-09T04:14:34.3339526Z [command]/usr/bin/git sparse-checkout disable
2026-10-09T04:14:34.3369610Z [command]/usr/bin/git config --local --unset-all extensions.worktreeConfig
2026-10-09T04:14:34.3389236Z ##[group]Checking out the ref
2026-10-09T04:14:34.3391542Z [command]/usr/bin/git checkout --progress --force ff43326e81f262daaac7b3dfd8b3047a8f51743b
2026-10-09T04:14:34.6019513Z Note: switching to 'ff43326e81f262daaac7b3dfd8b3047a8f51743b'.
2026-10-09T04:14:34.6019784Z 
2026-10-09T04:14:34.6020077Z You are in 'detached HEAD' state. You can look around, make experimental
2026-10-09T04:14:34.6020490Z changes and commit them, and you can discard any commits you make in this
2026-10-09T04:14:34.6020900Z state without impacting any branches by switching back to a branch.
2026-10-09T04:14:34.6021155Z 
2026-10-09T04:14:34.6021612Z If you want to create a new branch to retain commits you create, you may
2026-10-09T04:14:34.6022201Z do so (now or later) by using -c with the switch command. Example:
2026-10-09T04:14:34.6022401Z 
2026-10-09T04:14:34.6022535Z   git switch -c <new-branch-name>
2026-10-09T04:14:34.6022669Z 
2026-10-09T04:14:34.6022775Z Or undo this operation with:
2026-10-09T04:14:34.6022935Z 
2026-10-09T04:14:34.6023070Z   git switch -
2026-10-09T04:14:34.6023167Z 
2026-10-09T04:14:34.6023470Z Turn off this advice by setting config variable advice.detachedHead to false
2026-10-09T04:14:34.6023738Z 
2026-10-09T04:14:34.6026100Z HEAD is now at ff43326 Merge R5 EXEC round 2: complete names, rich drafts and DATA boundary tasks
2026-10-09T04:14:34.6046963Z ##[endgroup]
2026-10-09T04:14:34.6078376Z [command]/usr/bin/git log -1 --format=%H
2026-10-09T04:14:34.6097335Z ff43326e81f262daaac7b3dfd8b3047a8f51743b
2026-10-09T04:14:34.6104121Z ##[group]Removing auth
2026-10-09T04:14:34.6106311Z [command]/usr/bin/git config --local --name-only --get-regexp core\.sshCommand
2026-10-09T04:14:34.6127413Z [command]/usr/bin/git submodule foreach --recursive sh -c "git config --local --name-only --get-regexp 'core\.sshCommand' && git config --local --unset-all 'core.sshCommand' || :"
2026-10-09T04:14:34.6287643Z [command]/usr/bin/git config --local --name-only --get-regexp http\.https\:\/\/github\.com\/\.extraheader
2026-10-09T04:14:34.6303252Z http.https://github.com/.extraheader
2026-10-09T04:14:34.6308087Z [command]/usr/bin/git config --local --unset-all http.https://github.com/.extraheader
2026-10-09T04:14:34.6331531Z [command]/usr/bin/git submodule foreach --recursive sh -c "git config --local --name-only --get-regexp 'http\.https\:\/\/github\.com\/\.extraheader' && git config --local --unset-all 'http.https://github.com/.extraheader' || :"
2026-10-09T04:14:34.6490862Z [command]/usr/bin/git config --local --name-only --get-regexp ^includeIf\.gitdir:
2026-10-09T04:14:34.6510778Z [command]/usr/bin/git submodule foreach --recursive git config --local --show-origin --name-only --get-regexp remote.origin.url
2026-10-09T04:14:34.6674797Z ##[endgroup]
2026-10-09T04:14:34.6805375Z ##[group]Run actions/setup-node@v4
2026-10-09T04:14:34.6805517Z with:
2026-10-09T04:14:34.6805625Z   node-version: 22
2026-10-09T04:14:34.6805739Z   cache: npm
2026-10-09T04:14:34.6805942Z   cache-dependency-path: candidate/web/package-lock.json
baseline/web/package-lock.json

2026-10-09T04:14:34.6806175Z   always-auth: false
2026-10-09T04:14:34.6806291Z   check-latest: false
2026-10-09T04:14:34.6807469Z   token: ***
2026-10-09T04:14:34.6807570Z env:
2026-10-09T04:14:34.6807705Z   R5_CANDIDATE_SHA: a0c61d24b17030577566b120a7ddd810506b25e7
2026-10-09T04:14:34.6807876Z ##[endgroup]
2026-10-09T04:14:34.7633063Z Found in cache @ /opt/hostedtoolcache/node/22.23.3/x64
2026-10-09T04:14:34.7635159Z (node:2359) [DEP0040] DeprecationWarning: The `punycode` module is deprecated. Please use a userland alternative instead.
2026-10-09T04:14:34.7636745Z (Use `node --trace-deprecation ...` to show where the warning was created)
2026-10-09T04:14:34.7637077Z ##[group]Environment details
2026-10-09T04:14:35.0423497Z node: v22.23.3
2026-10-09T04:14:35.0423742Z npm: 10.9.9
2026-10-09T04:14:35.0423849Z yarn: 1.22.22
2026-10-09T04:14:35.0424154Z ##[endgroup]
2026-10-09T04:14:35.0434775Z [command]/opt/hostedtoolcache/node/22.23.3/x64/bin/npm config get cache
2026-10-09T04:14:35.1165860Z /home/runner/.npm
2026-10-09T04:14:35.3462983Z npm cache is not found
2026-10-09T04:14:35.3564828Z ##[group]Run python3 -B - <<'PY'
2026-10-09T04:14:35.3565048Z [36;1mpython3 -B - <<'PY'[0m
2026-10-09T04:14:35.3565236Z [36;1mimport json, os, pathlib, subprocess, sys, time[0m
2026-10-09T04:14:35.3565503Z [36;1mroot = pathlib.Path(os.environ["RUNNER_TEMP"]) / "exec08-route-evidence"[0m
2026-10-09T04:14:35.3565738Z [36;1mroot.mkdir(mode=0o700)[0m
2026-10-09T04:14:35.3565940Z [36;1mcommand = [sys.executable, "-B", "-m", "unittest", "discover",[0m
2026-10-09T04:14:35.3566242Z [36;1m           "-s", "candidate/scripts/tests", "-p", "test_r5_mailbox_route_recovery.py", "-v"][0m
2026-10-09T04:14:35.3566693Z [36;1mrow = {"command": command, "started_at": time.time(), "timed_out": False}[0m
2026-10-09T04:14:35.3567012Z [36;1mwith (root / "verifier.stdout").open("wb") as out, (root / "verifier.stderr").open("wb") as err:[0m
2026-10-09T04:14:35.3567341Z [36;1m    try:[0m
2026-10-09T04:14:35.3567582Z [36;1m        result = subprocess.run(command, stdout=out, stderr=err, timeout=60, check=False)[0m
2026-10-09T04:14:35.3567849Z [36;1m        row["returncode"] = result.returncode[0m
2026-10-09T04:14:35.3568039Z [36;1m    except subprocess.TimeoutExpired:[0m
2026-10-09T04:14:35.3568239Z [36;1m        row["returncode"], row["timed_out"] = 124, True[0m
2026-10-09T04:14:35.3568427Z [36;1mrow["finished_at"] = time.time()[0m
2026-10-09T04:14:35.3568659Z [36;1m(root / "verifier.execution.json").write_text(json.dumps(row, indent=2) + "\n")[0m
2026-10-09T04:14:35.3568902Z [36;1mraise SystemExit(row["returncode"])[0m
2026-10-09T04:14:35.3569056Z [36;1mPY[0m
2026-10-09T04:14:35.3825097Z shell: /usr/bin/bash -e {0}
2026-10-09T04:14:35.3825254Z env:
2026-10-09T04:14:35.3825411Z   R5_CANDIDATE_SHA: a0c61d24b17030577566b120a7ddd810506b25e7
2026-10-09T04:14:35.3825595Z ##[endgroup]
2026-10-09T04:14:35.5275700Z ##[group]Run python3 -B candidate/scripts/run_r5_mailbox_route_recovery.py \
2026-10-09T04:14:35.5275998Z [36;1mpython3 -B candidate/scripts/run_r5_mailbox_route_recovery.py \[0m
2026-10-09T04:14:35.5276214Z [36;1m  --baseline "$GITHUB_WORKSPACE/baseline" \[0m
2026-10-09T04:14:35.5276398Z [36;1m  --candidate "$GITHUB_WORKSPACE/candidate" \[0m
2026-10-09T04:14:35.5276572Z [36;1m  --candidate-sha "$R5_CANDIDATE_SHA" \[0m
2026-10-09T04:14:35.5276767Z [36;1m  --output "$RUNNER_TEMP/exec08-route-evidence/dual-source"[0m
2026-10-09T04:14:35.5324002Z shell: /usr/bin/bash -e {0}
2026-10-09T04:14:35.5324129Z env:
2026-10-09T04:14:35.5324269Z   R5_CANDIDATE_SHA: a0c61d24b17030577566b120a7ddd810506b25e7
2026-10-09T04:14:35.5324439Z ##[endgroup]
2026-10-09T04:15:01.7965566Z {"errors": {}, "passed": true, "results": {"baseline": {"all_ids": ["explicit mailbox route recovery R01 keeps an unavailable inbox route unresolved", "explicit mailbox route recovery R02 keeps an unavailable sent route unresolved", "explicit mailbox route recovery R03 keeps an unavailable archive route unresolved", "explicit mailbox route recovery R04 keeps an unavailable trash route unresolved", "explicit mailbox route recovery R05 rejects an explicit mailbox with no read or send rights", "explicit mailbox route recovery R06 distinguishes an empty explicit mailbox from an absent parameter", "explicit mailbox route recovery R07 prevents Compose from silently choosing another mailbox", "explicit mailbox route recovery R08 retains the ordinary default when no mailbox parameter exists", "explicit mailbox route recovery R09 resolves a valid explicit mailbox instead of the first one", "explicit mailbox route recovery R10 keeps a selected send-only identity usable for Compose", "explicit mailbox route recovery R11 retains an authorized sender for a selected read-only mailbox", "explicit mailbox route recovery R12 does not report permanent unavailability during the initial read", "explicit mailbox route recovery R13 closes a revoked mailbox and its stream without a fallback read", "explicit mailbox route recovery R14 resolves the requested mailbox after an explicit refresh restores access", "explicit mailbox route recovery R15 reads another mailbox only after explicit selection and clears stale detail and page", "explicit mailbox route recovery R16 preserves cross-mailbox drafts and explicitly opening one", "explicit mailbox route recovery R17 preserves cross-mailbox delivery status without a fallback stream", "explicit mailbox route recovery R18 retires pending editor opening between two unavailable mailbox routes"], "exit_code": 1, "failed": 13, "leaf_count": 18, "negative_ids": ["explicit mailbox route recovery R01 keeps an unavailable inbox route unresolved", "explicit mailbox route recovery R02 keeps an unavailable sent route unresolved", "explicit mailbox route recovery R03 keeps an unavailable archive route unresolved", "explicit mailbox route recovery R04 keeps an unavailable trash route unresolved", "explicit mailbox route recovery R05 rejects an explicit mailbox with no read or send rights", "explicit mailbox route recovery R06 distinguishes an empty explicit mailbox from an absent parameter", "explicit mailbox route recovery R07 prevents Compose from silently choosing another mailbox", "explicit mailbox route recovery R13 closes a revoked mailbox and its stream without a fallback read", "explicit mailbox route recovery R14 resolves the requested mailbox after an explicit refresh restores access", "explicit mailbox route recovery R15 reads another mailbox only after explicit selection and clears stale detail and page", "explicit mailbox route recovery R16 preserves cross-mailbox drafts and explicitly opening one", "explicit mailbox route recovery R17 preserves cross-mailbox delivery status without a fallback stream", "explicit mailbox route recovery R18 retires pending editor opening between two unavailable mailbox routes"], "passed": 5, "pending": 0, "positive_ids": ["explicit mailbox route recovery R08 retains the ordinary default when no mailbox parameter exists", "explicit mailbox route recovery R09 resolves a valid explicit mailbox instead of the first one", "explicit mailbox route recovery R10 keeps a selected send-only identity usable for Compose", "explicit mailbox route recovery R11 retains an authorized sender for a selected read-only mailbox", "explicit mailbox route recovery R12 does not report permanent unavailability during the initial read"], "skipped": 0}, "candidate": {"all_ids": ["explicit mailbox route recovery R01 keeps an unavailable inbox route unresolved", "explicit mailbox route recovery R02 keeps an unavailable sent route unresolved", "explicit mailbox route recovery R03 keeps an unavailable archive route unresolved", "explicit mailbox route recovery R04 keeps an unavailable trash route unresolved", "explicit mailbox route recovery R05 rejects an explicit mailbox with no read or send rights", "explicit mailbox route recovery R06 distinguishes an empty explicit mailbox from an absent parameter", "explicit mailbox route recovery R07 prevents Compose from silently choosing another mailbox", "explicit mailbox route recovery R08 retains the ordinary default when no mailbox parameter exists", "explicit mailbox route recovery R09 resolves a valid explicit mailbox instead of the first one", "explicit mailbox route recovery R10 keeps a selected send-only identity usable for Compose", "explicit mailbox route recovery R11 retains an authorized sender for a selected read-only mailbox", "explicit mailbox route recovery R12 does not report permanent unavailability during the initial read", "explicit mailbox route recovery R13 closes a revoked mailbox and its stream without a fallback read", "explicit mailbox route recovery R14 resolves the requested mailbox after an explicit refresh restores access", "explicit mailbox route recovery R15 reads another mailbox only after explicit selection and clears stale detail and page", "explicit mailbox route recovery R16 preserves cross-mailbox drafts and explicitly opening one", "explicit mailbox route recovery R17 preserves cross-mailbox delivery status without a fallback stream", "explicit mailbox route recovery R18 retires pending editor opening between two unavailable mailbox routes"], "exit_code": 0, "failed": 0, "leaf_count": 18, "negative_ids": ["explicit mailbox route recovery R01 keeps an unavailable inbox route unresolved", "explicit mailbox route recovery R02 keeps an unavailable sent route unresolved", "explicit mailbox route recovery R03 keeps an unavailable archive route unresolved", "explicit mailbox route recovery R04 keeps an unavailable trash route unresolved", "explicit mailbox route recovery R05 rejects an explicit mailbox with no read or send rights", "explicit mailbox route recovery R06 distinguishes an empty explicit mailbox from an absent parameter", "explicit mailbox route recovery R07 prevents Compose from silently choosing another mailbox", "explicit mailbox route recovery R13 closes a revoked mailbox and its stream without a fallback read", "explicit mailbox route recovery R14 resolves the requested mailbox after an explicit refresh restores access", "explicit mailbox route recovery R15 reads another mailbox only after explicit selection and clears stale detail and page", "explicit mailbox route recovery R16 preserves cross-mailbox drafts and explicitly opening one", "explicit mailbox route recovery R17 preserves cross-mailbox delivery status without a fallback stream", "explicit mailbox route recovery R18 retires pending editor opening between two unavailable mailbox routes"], "passed": 18, "pending": 0, "positive_ids": ["explicit mailbox route recovery R08 retains the ordinary default when no mailbox parameter exists", "explicit mailbox route recovery R09 resolves a valid explicit mailbox instead of the first one", "explicit mailbox route recovery R10 keeps a selected send-only identity usable for Compose", "explicit mailbox route recovery R11 retains an authorized sender for a selected read-only mailbox", "explicit mailbox route recovery R12 does not report permanent unavailability during the initial read"], "skipped": 0}}}
2026-10-09T04:15:01.8025313Z ##[group]Run python3 -B - <<'PY'
2026-10-09T04:15:01.8025503Z [36;1mpython3 -B - <<'PY'[0m
2026-10-09T04:15:01.8025647Z [36;1mimport json, os, pathlib, sys, uuid[0m
2026-10-09T04:15:01.8025870Z [36;1mroot = pathlib.Path(os.environ["RUNNER_TEMP"]) / "exec08-route-evidence"[0m
2026-10-09T04:15:01.8026080Z [36;1mtoken = uuid.uuid4().hex[0m
2026-10-09T04:15:01.8026241Z [36;1mprint("::stop-commands::" + token, flush=True)[0m
2026-10-09T04:15:01.8026396Z [36;1mtry:[0m
2026-10-09T04:15:01.8026506Z [36;1m    if not root.exists():[0m
2026-10-09T04:15:01.8026690Z [36;1m        print(json.dumps({"missing_evidence_directory": str(root)}))[0m
2026-10-09T04:15:01.8026873Z [36;1m    else:[0m
2026-10-09T04:15:01.8027002Z [36;1m        for path in sorted(root.rglob("*")):[0m
2026-10-09T04:15:01.8027220Z [36;1m            if path.is_file() and path.suffix in {".stdout", ".stderr", ".json"}:[0m
2026-10-09T04:15:01.8027437Z [36;1m                content = path.read_bytes()[0m
2026-10-09T04:15:01.8027662Z [36;1m                print(json.dumps({"evidence_file": str(path.relative_to(root)),[0m
2026-10-09T04:15:01.8027888Z [36;1m                                  "bytes": len(content)}), flush=True)[0m
2026-10-09T04:15:01.8028102Z [36;1m                sys.stdout.write(content.decode("utf-8", errors="replace"))[0m
2026-10-09T04:15:01.8028304Z [36;1m                sys.stdout.write("\n")[0m
2026-10-09T04:15:01.8028455Z [36;1m                sys.stdout.flush()[0m
2026-10-09T04:15:01.8028592Z [36;1mfinally:[0m
2026-10-09T04:15:01.8028721Z [36;1m    print("::" + token + "::", flush=True)[0m
2026-10-09T04:15:01.8028863Z [36;1mPY[0m
2026-10-09T04:15:01.8076953Z shell: /usr/bin/bash -e {0}
2026-10-09T04:15:01.8077086Z env:
2026-10-09T04:15:01.8077230Z   R5_CANDIDATE_SHA: a0c61d24b17030577566b120a7ddd810506b25e7
2026-10-09T04:15:01.8077401Z ##[endgroup]
2026-10-09T04:15:01.8298518Z ::stop-commands::***
2026-10-09T04:15:01.8299429Z {"evidence_file": "dual-source/baseline/execution.json", "bytes": 8906}
2026-10-09T04:15:01.8299932Z {
2026-10-09T04:15:01.8300175Z   "after": {
2026-10-09T04:15:01.8300618Z     "commit": "3bce5f864fbfcf13b1483fc253a275d8f46ef45b",
2026-10-09T04:15:01.8301187Z     "package_lock_sha256": "c4f70934466c07c0a2589ead49f120d1b2278d9775e13fdbf7386913b1658869",
2026-10-09T04:15:01.8301922Z     "status": "",
2026-10-09T04:15:01.8302321Z     "test_sha256": "2a72bb78cc5f9e82d037a0358875c2d0c433d8cd956e0e7801795756c88e9c66",
2026-10-09T04:15:01.8302900Z     "tree": "bdab2bf7c362a15fe1eb56563fa58d88a91efcc0"
2026-10-09T04:15:01.8303229Z   },
2026-10-09T04:15:01.8303547Z   "before": {
2026-10-09T04:15:01.8303876Z     "commit": "3bce5f864fbfcf13b1483fc253a275d8f46ef45b",
2026-10-09T04:15:01.8304442Z     "package_lock_sha256": "c4f70934466c07c0a2589ead49f120d1b2278d9775e13fdbf7386913b1658869",
2026-10-09T04:15:01.8305075Z     "status": "",
2026-10-09T04:15:01.8305499Z     "test_sha256": "2a72bb78cc5f9e82d037a0358875c2d0c433d8cd956e0e7801795756c88e9c66",
2026-10-09T04:15:01.8306108Z     "tree": "bdab2bf7c362a15fe1eb56563fa58d88a91efcc0"
2026-10-09T04:15:01.8306526Z   },
2026-10-09T04:15:01.8306779Z   "evidence_sha256": {
2026-10-09T04:15:01.8307371Z     "execution-boundary-reporter.mjs": "eaecfd994cdb7b0bef0e582da1d95a8d0cb23e83024f58e25762676b47de3bef",
2026-10-09T04:15:01.8308170Z     "node-version.execution.json": "cb4368555632cda89e59dda3af33dd4bf481edeb7ee29e19a784485e3ed1140e",
2026-10-09T04:15:01.8308993Z     "node-version.stderr": "e3b0c44298fc1c149afbf4c8996fb92427ae41e4649b934ca495991b7852b855",
2026-10-09T04:15:01.8309617Z     "node-version.stdout": "33e26f35db6e57ce0c486ddc815fe966867e4f649e418eaf323f75f4720eb8e9",
2026-10-09T04:15:01.8310280Z     "npm-ci.execution.json": "91449d10b7d8b29d751079cc0c8708dd9abb1ba5871ac8c9da02e147a0a0b187",
2026-10-09T04:15:01.8310896Z     "npm-ci.stderr": "9c06cf1a9709d4e19ec0a9b7488f4d9a8ea575baf77ab26cfe28e8c863cc376c",
2026-10-09T04:15:01.8311817Z     "npm-ci.stdout": "1c94ee1d6bc074a0bba492f77f7bf7f687793f987a79c91d4edbe4ef905bf99e",
2026-10-09T04:15:01.8312320Z     "npm-version.execution.json": "4a4a2821bc2d09866faf0cedad5e6bddff80c3f161167679a13bc9e26710e07e",
2026-10-09T04:15:01.8312796Z     "npm-version.stderr": "e3b0c44298fc1c149afbf4c8996fb92427ae41e4649b934ca495991b7852b855",
2026-10-09T04:15:01.8313215Z     "npm-version.stdout": "d49bd31f65cb736f4045946e1c8365657cfed300dc0e4f173af5e93ab4500e1a",
2026-10-09T04:15:01.8313648Z     "run-status.json": "9e739b04efd99effc2c0c228b2c58f79234b9d9c5b99cf2d910231ccae1cd211",
2026-10-09T04:15:01.8314111Z     "vitest.execution.json": "b87e532af250e2e25c647798604d2a7e4804c52170e92c219c37c4a151559ebf",
2026-10-09T04:15:01.8314501Z     "vitest.json": "ff8c44ba24324b2b82e630335fb0529844b92af48d726d70ec04453b0e40e97c",
2026-10-09T04:15:01.8314900Z     "vitest.stderr": "b4acd4f819050212c4fe3b3ed8416421330f7ff8c72cb9bb667c335f3e24a94e",
2026-10-09T04:15:01.8315313Z     "vitest.stdout": "3b94550401131c75d47762f6e7278d1cbb899840df9686d07331a668a713eb43"
2026-10-09T04:15:01.8315605Z   },
2026-10-09T04:15:01.8315895Z   "expected_baseline": "ff43326e81f262daaac7b3dfd8b3047a8f51743b",
2026-10-09T04:15:01.8316206Z   "expected_candidate": "a0c61d24b17030577566b120a7ddd810506b25e7",
2026-10-09T04:15:01.8316510Z   "install": {
2026-10-09T04:15:01.8316689Z     "command": [
2026-10-09T04:15:01.8316888Z       "npm",
2026-10-09T04:15:01.8317109Z       "ci"
2026-10-09T04:15:01.8317377Z     ],
2026-10-09T04:15:01.8317592Z     "cwd": "/home/runner/work/tabmail/tabmail/baseline/web",
2026-10-09T04:15:01.8318105Z     "finished_at": 1791519288.782415,
2026-10-09T04:15:01.8318429Z     "returncode": 0,
2026-10-09T04:15:01.8318738Z     "started_at": 1791519276.041527,
2026-10-09T04:15:01.8319203Z     "stderr_sha256": "9c06cf1a9709d4e19ec0a9b7488f4d9a8ea575baf77ab26cfe28e8c863cc376c",
2026-10-09T04:15:01.8319913Z     "stdout_sha256": "1c94ee1d6bc074a0bba492f77f7bf7f687793f987a79c91d4edbe4ef905bf99e",
2026-10-09T04:15:01.8320392Z     "timed_out": false,
2026-10-09T04:15:01.8320686Z     "timeout_seconds": 300
2026-10-09T04:15:01.8321025Z   },
2026-10-09T04:15:01.8321377Z   "mode": "baseline",
2026-10-09T04:15:01.8321718Z   "node": {
2026-10-09T04:15:01.8321961Z     "command": [
2026-10-09T04:15:01.8322163Z       "node",
2026-10-09T04:15:01.8322378Z       "--version"
2026-10-09T04:15:01.8322547Z     ],
2026-10-09T04:15:01.8322840Z     "cwd": "/home/runner/work/tabmail/tabmail/baseline/web",
2026-10-09T04:15:01.8323092Z     "finished_at": 1791519275.9773557,
2026-10-09T04:15:01.8323318Z     "returncode": 0,
2026-10-09T04:15:01.8323554Z     "started_at": 1791519275.9738724,
2026-10-09T04:15:01.8323843Z     "stderr_sha256": "e3b0c44298fc1c149afbf4c8996fb92427ae41e4649b934ca495991b7852b855",
2026-10-09T04:15:01.8324295Z     "stdout_sha256": "33e26f35db6e57ce0c486ddc815fe966867e4f649e418eaf323f75f4720eb8e9",
2026-10-09T04:15:01.8324698Z     "timed_out": false,
2026-10-09T04:15:01.8324921Z     "timeout_seconds": 30
2026-10-09T04:15:01.8325106Z   },
2026-10-09T04:15:01.8325264Z   "npm": {
2026-10-09T04:15:01.8325507Z     "command": [
2026-10-09T04:15:01.8325715Z       "npm",
2026-10-09T04:15:01.8325920Z       "--version"
2026-10-09T04:15:01.8326097Z     ],
2026-10-09T04:15:01.8326301Z     "cwd": "/home/runner/work/tabmail/tabmail/baseline/web",
2026-10-09T04:15:01.8326675Z     "finished_at": 1791519276.0412939,
2026-10-09T04:15:01.8326877Z     "returncode": 0,
2026-10-09T04:15:01.8327112Z     "started_at": 1791519275.9776042,
2026-10-09T04:15:01.8327413Z     "stderr_sha256": "e3b0c44298fc1c149afbf4c8996fb92427ae41e4649b934ca495991b7852b855",
2026-10-09T04:15:01.8327863Z     "stdout_sha256": "d49bd31f65cb736f4045946e1c8365657cfed300dc0e4f173af5e93ab4500e1a",
2026-10-09T04:15:01.8328157Z     "timed_out": false,
2026-10-09T04:15:01.8328351Z     "timeout_seconds": 30
2026-10-09T04:15:01.8328581Z   },
2026-10-09T04:15:01.8328832Z   "python": "3.12.3 (main, Aug 31 2026, 10:18:26) [GCC 13.3.0]",
2026-10-09T04:15:01.8329227Z   "reporter_sha256": "eaecfd994cdb7b0bef0e582da1d95a8d0cb23e83024f58e25762676b47de3bef",
2026-10-09T04:15:01.8329619Z   "results": {
2026-10-09T04:15:01.8329798Z     "all_ids": [
2026-10-09T04:15:01.8330132Z       "explicit mailbox route recovery R01 keeps an unavailable inbox route unresolved",
2026-10-09T04:15:01.8330533Z       "explicit mailbox route recovery R02 keeps an unavailable sent route unresolved",
2026-10-09T04:15:01.8330927Z       "explicit mailbox route recovery R03 keeps an unavailable archive route unresolved",
2026-10-09T04:15:01.8331465Z       "explicit mailbox route recovery R04 keeps an unavailable trash route unresolved",
2026-10-09T04:15:01.8331849Z       "explicit mailbox route recovery R05 rejects an explicit mailbox with no read or send rights",
2026-10-09T04:15:01.8332669Z       "explicit mailbox route recovery R06 distinguishes an empty explicit mailbox from an absent parameter",
2026-10-09T04:15:01.8333444Z       "explicit mailbox route recovery R07 prevents Compose from silently choosing another mailbox",
2026-10-09T04:15:01.8334119Z       "explicit mailbox route recovery R08 retains the ordinary default when no mailbox parameter exists",
2026-10-09T04:15:01.8334774Z       "explicit mailbox route recovery R09 resolves a valid explicit mailbox instead of the first one",
2026-10-09T04:15:01.8335460Z       "explicit mailbox route recovery R10 keeps a selected send-only identity usable for Compose",
2026-10-09T04:15:01.8335886Z       "explicit mailbox route recovery R11 retains an authorized sender for a selected read-only mailbox",
2026-10-09T04:15:01.8336376Z       "explicit mailbox route recovery R12 does not report permanent unavailability during the initial read",
2026-10-09T04:15:01.8336829Z       "explicit mailbox route recovery R13 closes a revoked mailbox and its stream without a fallback read",
2026-10-09T04:15:01.8337297Z       "explicit mailbox route recovery R14 resolves the requested mailbox after an explicit refresh restores access",
2026-10-09T04:15:01.8337839Z       "explicit mailbox route recovery R15 reads another mailbox only after explicit selection and clears stale detail and page",
2026-10-09T04:15:01.8338309Z       "explicit mailbox route recovery R16 preserves cross-mailbox drafts and explicitly opening one",
2026-10-09T04:15:01.8338835Z       "explicit mailbox route recovery R17 preserves cross-mailbox delivery status without a fallback stream",
2026-10-09T04:15:01.8339290Z       "explicit mailbox route recovery R18 retires pending editor opening between two unavailable mailbox routes"
2026-10-09T04:15:01.8339592Z     ],
2026-10-09T04:15:01.8339832Z     "exit_code": 1,
2026-10-09T04:15:01.8340102Z     "failed": 13,
2026-10-09T04:15:01.8340344Z     "leaf_count": 18,
2026-10-09T04:15:01.8340530Z     "negative_ids": [
2026-10-09T04:15:01.8340835Z       "explicit mailbox route recovery R01 keeps an unavailable inbox route unresolved",
2026-10-09T04:15:01.8341890Z       "explicit mailbox route recovery R02 keeps an unavailable sent route unresolved",
2026-10-09T04:15:01.8342534Z       "explicit mailbox route recovery R03 keeps an unavailable archive route unresolved",
2026-10-09T04:15:01.8343128Z       "explicit mailbox route recovery R04 keeps an unavailable trash route unresolved",
2026-10-09T04:15:01.8343733Z       "explicit mailbox route recovery R05 rejects an explicit mailbox with no read or send rights",
2026-10-09T04:15:01.8344463Z       "explicit mailbox route recovery R06 distinguishes an empty explicit mailbox from an absent parameter",
2026-10-09T04:15:01.8345047Z       "explicit mailbox route recovery R07 prevents Compose from silently choosing another mailbox",
2026-10-09T04:15:01.8345493Z       "explicit mailbox route recovery R13 closes a revoked mailbox and its stream without a fallback read",
2026-10-09T04:15:01.8345982Z       "explicit mailbox route recovery R14 resolves the requested mailbox after an explicit refresh restores access",
2026-10-09T04:15:01.8346468Z       "explicit mailbox route recovery R15 reads another mailbox only after explicit selection and clears stale detail and page",
2026-10-09T04:15:01.8347101Z       "explicit mailbox route recovery R16 preserves cross-mailbox drafts and explicitly opening one",
2026-10-09T04:15:01.8347556Z       "explicit mailbox route recovery R17 preserves cross-mailbox delivery status without a fallback stream",
2026-10-09T04:15:01.8347954Z       "explicit mailbox route recovery R18 retires pending editor opening between two unavailable mailbox routes"
2026-10-09T04:15:01.8348197Z     ],
2026-10-09T04:15:01.8348300Z     "passed": 5,
2026-10-09T04:15:01.8348415Z     "pending": 0,
2026-10-09T04:15:01.8348526Z     "positive_ids": [
2026-10-09T04:15:01.8348772Z       "explicit mailbox route recovery R08 retains the ordinary default when no mailbox parameter exists",
2026-10-09T04:15:01.8349127Z       "explicit mailbox route recovery R09 resolves a valid explicit mailbox instead of the first one",
2026-10-09T04:15:01.8349476Z       "explicit mailbox route recovery R10 keeps a selected send-only identity usable for Compose",
2026-10-09T04:15:01.8349830Z       "explicit mailbox route recovery R11 retains an authorized sender for a selected read-only mailbox",
2026-10-09T04:15:01.8350194Z       "explicit mailbox route recovery R12 does not report permanent unavailability during the initial read"
2026-10-09T04:15:01.8350431Z     ],
2026-10-09T04:15:01.8350532Z     "skipped": 0
2026-10-09T04:15:01.8350640Z   },
2026-10-09T04:15:01.8350781Z   "root": "/home/runner/work/tabmail/tabmail/baseline",
2026-10-09T04:15:01.8351040Z   "runner_sha256": "a75ad6b643b5c2c388055fd824441ca16377b4e8353c649d07ad0785958db0d6",
2026-10-09T04:15:01.8351373Z   "test": {
2026-10-09T04:15:01.8351479Z     "command": [
2026-10-09T04:15:01.8351586Z       "node",
2026-10-09T04:15:01.8351790Z       "/home/runner/work/tabmail/tabmail/baseline/web/node_modules/vitest/vitest.mjs",
2026-10-09T04:15:01.8352002Z       "run",
2026-10-09T04:15:01.8352174Z       "features/mail/workspace-mailbox-route-recovery.test.tsx",
2026-10-09T04:15:01.8352378Z       "--maxWorkers=1",
2026-10-09T04:15:01.8352523Z       "--no-file-parallelism",
2026-10-09T04:15:01.8352663Z       "--reporter=json",
2026-10-09T04:15:01.8353151Z       "--reporter=/home/runner/work/_temp/exec08-route-evidence/dual-source/baseline/execution-boundary-reporter.mjs",
2026-10-09T04:15:01.8353729Z       "--outputFile=/home/runner/work/_temp/exec08-route-evidence/dual-source/baseline/vitest.json"
2026-10-09T04:15:01.8353956Z     ],
2026-10-09T04:15:01.8354106Z     "cwd": "/home/runner/work/tabmail/tabmail/baseline/web",
2026-10-09T04:15:01.8354288Z     "finished_at": 1791519291.7028255,
2026-10-09T04:15:01.8354425Z     "returncode": 1,
2026-10-09T04:15:01.8354556Z     "started_at": 1791519288.7827475,
2026-10-09T04:15:01.8354794Z     "stderr_sha256": "b4acd4f819050212c4fe3b3ed8416421330f7ff8c72cb9bb667c335f3e24a94e",
2026-10-09T04:15:01.8355099Z     "stdout_sha256": "3b94550401131c75d47762f6e7278d1cbb899840df9686d07331a668a713eb43",
2026-10-09T04:15:01.8355391Z     "timed_out": false,
2026-10-09T04:15:01.8355514Z     "timeout_seconds": 120
2026-10-09T04:15:01.8355637Z   },
2026-10-09T04:15:01.8355832Z   "test_sha256": "2a72bb78cc5f9e82d037a0358875c2d0c433d8cd956e0e7801795756c88e9c66"
2026-10-09T04:15:01.8356038Z }
2026-10-09T04:15:01.8356098Z 
2026-10-09T04:15:01.8356270Z {"evidence_file": "dual-source/baseline/node-version.execution.json", "bytes": 423}
2026-10-09T04:15:01.8356479Z {
2026-10-09T04:15:01.8356577Z   "command": [
2026-10-09T04:15:01.8356685Z     "node",
2026-10-09T04:15:01.8356789Z     "--version"
2026-10-09T04:15:01.8356895Z   ],
2026-10-09T04:15:01.8357042Z   "cwd": "/home/runner/work/tabmail/tabmail/baseline/web",
2026-10-09T04:15:01.8357220Z   "finished_at": 1791519275.9773557,
2026-10-09T04:15:01.8357356Z   "returncode": 0,
2026-10-09T04:15:01.8357484Z   "started_at": 1791519275.9738724,
2026-10-09T04:15:01.8357718Z   "stderr_sha256": "e3b0c44298fc1c149afbf4c8996fb92427ae41e4649b934ca495991b7852b855",
2026-10-09T04:15:01.8358031Z   "stdout_sha256": "33e26f35db6e57ce0c486ddc815fe966867e4f649e418eaf323f75f4720eb8e9",
2026-10-09T04:15:01.8358244Z   "timed_out": false,
2026-10-09T04:15:01.8358556Z   "timeout_seconds": 30
2026-10-09T04:15:01.8358673Z }
2026-10-09T04:15:01.8358726Z 
2026-10-09T04:15:01.8358868Z {"evidence_file": "dual-source/baseline/node-version.stderr", "bytes": 0}
2026-10-09T04:15:01.8359016Z 
2026-10-09T04:15:01.8359150Z {"evidence_file": "dual-source/baseline/node-version.stdout", "bytes": 9}
2026-10-09T04:15:01.8359340Z v22.23.3
2026-10-09T04:15:01.8359399Z 
2026-10-09T04:15:01.8359549Z {"evidence_file": "dual-source/baseline/npm-ci.execution.json", "bytes": 414}
2026-10-09T04:15:01.8359742Z {
2026-10-09T04:15:01.8359838Z   "command": [
2026-10-09T04:15:01.8359945Z     "npm",
2026-10-09T04:15:01.8360052Z     "ci"
2026-10-09T04:15:01.8360149Z   ],
2026-10-09T04:15:01.8360293Z   "cwd": "/home/runner/work/tabmail/tabmail/baseline/web",
2026-10-09T04:15:01.8360475Z   "finished_at": 1791519288.782415,
2026-10-09T04:15:01.8360610Z   "returncode": 0,
2026-10-09T04:15:01.8360739Z   "started_at": 1791519276.041527,
2026-10-09T04:15:01.8360973Z   "stderr_sha256": "9c06cf1a9709d4e19ec0a9b7488f4d9a8ea575baf77ab26cfe28e8c863cc376c",
2026-10-09T04:15:01.8361440Z   "stdout_sha256": "1c94ee1d6bc074a0bba492f77f7bf7f687793f987a79c91d4edbe4ef905bf99e",
2026-10-09T04:15:01.8361657Z   "timed_out": false,
2026-10-09T04:15:01.8361776Z   "timeout_seconds": 300
2026-10-09T04:15:01.8361891Z }
2026-10-09T04:15:01.8361945Z 
2026-10-09T04:15:01.8362072Z {"evidence_file": "dual-source/baseline/npm-ci.stderr", "bytes": 93}
2026-10-09T04:15:01.8362399Z npm warn deprecated node-domexception@1.0.0: Use your platform's native DOMException instead
2026-10-09T04:15:01.8362581Z 
2026-10-09T04:15:01.8362711Z {"evidence_file": "dual-source/baseline/npm-ci.stdout", "bytes": 336}
2026-10-09T04:15:01.8362849Z 
2026-10-09T04:15:01.8362950Z added 760 packages, and audited 761 packages in 12s
2026-10-09T04:15:01.8363068Z 
2026-10-09T04:15:01.8363142Z 264 packages are looking for funding
2026-10-09T04:15:01.8363295Z   run `npm fund` for details
2026-10-09T04:15:01.8363376Z 
2026-10-09T04:15:01.8363451Z 8 high severity vulnerabilities
2026-10-09T04:15:01.8363544Z 
2026-10-09T04:15:01.8363648Z To address issues that do not require attention, run:
2026-10-09T04:15:01.8363808Z   npm audit fix
2026-10-09T04:15:01.8363876Z 
2026-10-09T04:15:01.8363986Z To address all issues (including breaking changes), run:
2026-10-09T04:15:01.8364157Z   npm audit fix --force
2026-10-09T04:15:01.8364235Z 
2026-10-09T04:15:01.8364296Z Run `npm audit` for details.
2026-10-09T04:15:01.8364379Z 
2026-10-09T04:15:01.8364541Z {"evidence_file": "dual-source/baseline/npm-version.execution.json", "bytes": 422}
2026-10-09T04:15:01.8364749Z {
2026-10-09T04:15:01.8364847Z   "command": [
2026-10-09T04:15:01.8364953Z     "npm",
2026-10-09T04:15:01.8365056Z     "--version"
2026-10-09T04:15:01.8365164Z   ],
2026-10-09T04:15:01.8365305Z   "cwd": "/home/runner/work/tabmail/tabmail/baseline/web",
2026-10-09T04:15:01.8365575Z   "finished_at": 1791519276.0412939,
2026-10-09T04:15:01.8365709Z   "returncode": 0,
2026-10-09T04:15:01.8365835Z   "started_at": 1791519275.9776042,
2026-10-09T04:15:01.8366067Z   "stderr_sha256": "e3b0c44298fc1c149afbf4c8996fb92427ae41e4649b934ca495991b7852b855",
2026-10-09T04:15:01.8366375Z   "stdout_sha256": "d49bd31f65cb736f4045946e1c8365657cfed300dc0e4f173af5e93ab4500e1a",
2026-10-09T04:15:01.8366587Z   "timed_out": false,
2026-10-09T04:15:01.8366707Z   "timeout_seconds": 30
2026-10-09T04:15:01.8366822Z }
2026-10-09T04:15:01.8366873Z 
2026-10-09T04:15:01.8367010Z {"evidence_file": "dual-source/baseline/npm-version.stderr", "bytes": 0}
2026-10-09T04:15:01.8367155Z 
2026-10-09T04:15:01.8367287Z {"evidence_file": "dual-source/baseline/npm-version.stdout", "bytes": 7}
2026-10-09T04:15:01.8367476Z 10.9.9
2026-10-09T04:15:01.8367530Z 
2026-10-09T04:15:01.8367664Z {"evidence_file": "dual-source/baseline/run-status.json", "bytes": 308}
2026-10-09T04:15:01.8367849Z {
2026-10-09T04:15:01.8367947Z   "schema": 1,
2026-10-09T04:15:01.8368061Z   "nodeVersion": "22.23.3",
2026-10-09T04:15:01.8368188Z   "runStarts": 1,
2026-10-09T04:15:01.8368298Z   "runEnds": 1,
2026-10-09T04:15:01.8368494Z   "processTimeout": false,
2026-10-09T04:15:01.8368620Z   "reason": "failed",
2026-10-09T04:15:01.8368737Z   "moduleFiles": [
2026-10-09T04:15:01.8369006Z     "/home/runner/work/tabmail/tabmail/baseline/web/features/mail/workspace-mailbox-route-recovery.test.tsx"
2026-10-09T04:15:01.8369262Z   ],
2026-10-09T04:15:01.8369367Z   "unhandledErrors": [],
2026-10-09T04:15:01.8369493Z   "scopeErrors": []
2026-10-09T04:15:01.8369602Z }
2026-10-09T04:15:01.8369653Z 
2026-10-09T04:15:01.8369785Z {"evidence_file": "dual-source/baseline/verified.json", "bytes": 8906}
2026-10-09T04:15:01.8369966Z {
2026-10-09T04:15:01.8370062Z   "after": {
2026-10-09T04:15:01.8370217Z     "commit": "3bce5f864fbfcf13b1483fc253a275d8f46ef45b",
2026-10-09T04:15:01.8370492Z     "package_lock_sha256": "c4f70934466c07c0a2589ead49f120d1b2278d9775e13fdbf7386913b1658869",
2026-10-09T04:15:01.8370718Z     "status": "",
2026-10-09T04:15:01.8370921Z     "test_sha256": "2a72bb78cc5f9e82d037a0358875c2d0c433d8cd956e0e7801795756c88e9c66",
2026-10-09T04:15:01.8371181Z     "tree": "bdab2bf7c362a15fe1eb56563fa58d88a91efcc0"
2026-10-09T04:15:01.8371835Z   },
2026-10-09T04:15:01.8371990Z   "before": {
2026-10-09T04:15:01.8372229Z     "commit": "3bce5f864fbfcf13b1483fc253a275d8f46ef45b",
2026-10-09T04:15:01.8372661Z     "package_lock_sha256": "c4f70934466c07c0a2589ead49f120d1b2278d9775e13fdbf7386913b1658869",
2026-10-09T04:15:01.8373016Z     "status": "",
2026-10-09T04:15:01.8373280Z     "test_sha256": "2a72bb78cc5f9e82d037a0358875c2d0c433d8cd956e0e7801795756c88e9c66",
2026-10-09T04:15:01.8373527Z     "tree": "bdab2bf7c362a15fe1eb56563fa58d88a91efcc0"
2026-10-09T04:15:01.8373681Z   },
2026-10-09T04:15:01.8373786Z   "evidence_sha256": {
2026-10-09T04:15:01.8374058Z     "execution-boundary-reporter.mjs": "eaecfd994cdb7b0bef0e582da1d95a8d0cb23e83024f58e25762676b47de3bef",
2026-10-09T04:15:01.8374457Z     "node-version.execution.json": "cb4368555632cda89e59dda3af33dd4bf481edeb7ee29e19a784485e3ed1140e",
2026-10-09T04:15:01.8374824Z     "node-version.stderr": "e3b0c44298fc1c149afbf4c8996fb92427ae41e4649b934ca495991b7852b855",
2026-10-09T04:15:01.8375161Z     "node-version.stdout": "33e26f35db6e57ce0c486ddc815fe966867e4f649e418eaf323f75f4720eb8e9",
2026-10-09T04:15:01.8375505Z     "npm-ci.execution.json": "91449d10b7d8b29d751079cc0c8708dd9abb1ba5871ac8c9da02e147a0a0b187",
2026-10-09T04:15:01.8375926Z     "npm-ci.stderr": "9c06cf1a9709d4e19ec0a9b7488f4d9a8ea575baf77ab26cfe28e8c863cc376c",
2026-10-09T04:15:01.8376247Z     "npm-ci.stdout": "1c94ee1d6bc074a0bba492f77f7bf7f687793f987a79c91d4edbe4ef905bf99e",
2026-10-09T04:15:01.8376595Z     "npm-version.execution.json": "4a4a2821bc2d09866faf0cedad5e6bddff80c3f161167679a13bc9e26710e07e",
2026-10-09T04:15:01.8376952Z     "npm-version.stderr": "e3b0c44298fc1c149afbf4c8996fb92427ae41e4649b934ca495991b7852b855",
2026-10-09T04:15:01.8377381Z     "npm-version.stdout": "d49bd31f65cb736f4045946e1c8365657cfed300dc0e4f173af5e93ab4500e1a",
2026-10-09T04:15:01.8377713Z     "run-status.json": "9e739b04efd99effc2c0c228b2c58f79234b9d9c5b99cf2d910231ccae1cd211",
2026-10-09T04:15:01.8378049Z     "vitest.execution.json": "b87e532af250e2e25c647798604d2a7e4804c52170e92c219c37c4a151559ebf",
2026-10-09T04:15:01.8378370Z     "vitest.json": "ff8c44ba24324b2b82e630335fb0529844b92af48d726d70ec04453b0e40e97c",
2026-10-09T04:15:01.8378680Z     "vitest.stderr": "b4acd4f819050212c4fe3b3ed8416421330f7ff8c72cb9bb667c335f3e24a94e",
2026-10-09T04:15:01.8378987Z     "vitest.stdout": "3b94550401131c75d47762f6e7278d1cbb899840df9686d07331a668a713eb43"
2026-10-09T04:15:01.8379195Z   },
2026-10-09T04:15:01.8379360Z   "expected_baseline": "ff43326e81f262daaac7b3dfd8b3047a8f51743b",
2026-10-09T04:15:01.8379603Z   "expected_candidate": "a0c61d24b17030577566b120a7ddd810506b25e7",
2026-10-09T04:15:01.8379778Z   "install": {
2026-10-09T04:15:01.8379890Z     "command": [
2026-10-09T04:15:01.8380001Z       "npm",
2026-10-09T04:15:01.8380105Z       "ci"
2026-10-09T04:15:01.8380205Z     ],
2026-10-09T04:15:01.8380354Z     "cwd": "/home/runner/work/tabmail/tabmail/baseline/web",
2026-10-09T04:15:01.8380616Z     "finished_at": 1791519288.782415,
2026-10-09T04:15:01.8380755Z     "returncode": 0,
2026-10-09T04:15:01.8380886Z     "started_at": 1791519276.041527,
2026-10-09T04:15:01.8381119Z     "stderr_sha256": "9c06cf1a9709d4e19ec0a9b7488f4d9a8ea575baf77ab26cfe28e8c863cc376c",
2026-10-09T04:15:01.8381593Z     "stdout_sha256": "1c94ee1d6bc074a0bba492f77f7bf7f687793f987a79c91d4edbe4ef905bf99e",
2026-10-09T04:15:01.8381808Z     "timed_out": false,
2026-10-09T04:15:01.8381934Z     "timeout_seconds": 300
2026-10-09T04:15:01.8382054Z   },
2026-10-09T04:15:01.8382154Z   "mode": "baseline",
2026-10-09T04:15:01.8382270Z   "node": {
2026-10-09T04:15:01.8392944Z     "command": [
2026-10-09T04:15:01.8393131Z       "node",
2026-10-09T04:15:01.8393314Z       "--version"
2026-10-09T04:15:01.8393481Z     ],
2026-10-09T04:15:01.8393715Z     "cwd": "/home/runner/work/tabmail/tabmail/baseline/web",
2026-10-09T04:15:01.8393999Z     "finished_at": 1791519275.9773557,
2026-10-09T04:15:01.8394210Z     "returncode": 0,
2026-10-09T04:15:01.8394409Z     "started_at": 1791519275.9738724,
2026-10-09T04:15:01.8394772Z     "stderr_sha256": "e3b0c44298fc1c149afbf4c8996fb92427ae41e4649b934ca495991b7852b855",
2026-10-09T04:15:01.8395272Z     "stdout_sha256": "33e26f35db6e57ce0c486ddc815fe966867e4f649e418eaf323f75f4720eb8e9",
2026-10-09T04:15:01.8395606Z     "timed_out": false,
2026-10-09T04:15:01.8395802Z     "timeout_seconds": 30
2026-10-09T04:15:01.8395990Z   },
2026-10-09T04:15:01.8396152Z   "npm": {
2026-10-09T04:15:01.8396317Z     "command": [
2026-10-09T04:15:01.8396491Z       "npm",
2026-10-09T04:15:01.8396657Z       "--version"
2026-10-09T04:15:01.8396829Z     ],
2026-10-09T04:15:01.8397066Z     "cwd": "/home/runner/work/tabmail/tabmail/baseline/web",
2026-10-09T04:15:01.8397370Z     "finished_at": 1791519276.0412939,
2026-10-09T04:15:01.8397589Z     "returncode": 0,
2026-10-09T04:15:01.8397800Z     "started_at": 1791519275.9776042,
2026-10-09T04:15:01.8398199Z     "stderr_sha256": "e3b0c44298fc1c149afbf4c8996fb92427ae41e4649b934ca495991b7852b855",
2026-10-09T04:15:01.8398707Z     "stdout_sha256": "d49bd31f65cb736f4045946e1c8365657cfed300dc0e4f173af5e93ab4500e1a",
2026-10-09T04:15:01.8399015Z     "timed_out": false,
2026-10-09T04:15:01.8399140Z     "timeout_seconds": 30
2026-10-09T04:15:01.8399262Z   },
2026-10-09T04:15:01.8399416Z   "python": "3.12.3 (main, Aug 31 2026, 10:18:26) [GCC 13.3.0]",
2026-10-09T04:15:01.8399689Z   "reporter_sha256": "eaecfd994cdb7b0bef0e582da1d95a8d0cb23e83024f58e25762676b47de3bef",
2026-10-09T04:15:01.8399907Z   "results": {
2026-10-09T04:15:01.8400018Z     "all_ids": [
2026-10-09T04:15:01.8400222Z       "explicit mailbox route recovery R01 keeps an unavailable inbox route unresolved",
2026-10-09T04:15:01.8400521Z       "explicit mailbox route recovery R02 keeps an unavailable sent route unresolved",
2026-10-09T04:15:01.8400970Z       "explicit mailbox route recovery R03 keeps an unavailable archive route unresolved",
2026-10-09T04:15:01.8401487Z       "explicit mailbox route recovery R04 keeps an unavailable trash route unresolved",
2026-10-09T04:15:01.8401812Z       "explicit mailbox route recovery R05 rejects an explicit mailbox with no read or send rights",
2026-10-09T04:15:01.8402178Z       "explicit mailbox route recovery R06 distinguishes an empty explicit mailbox from an absent parameter",
2026-10-09T04:15:01.8402537Z       "explicit mailbox route recovery R07 prevents Compose from silently choosing another mailbox",
2026-10-09T04:15:01.8402891Z       "explicit mailbox route recovery R08 retains the ordinary default when no mailbox parameter exists",
2026-10-09T04:15:01.8403245Z       "explicit mailbox route recovery R09 resolves a valid explicit mailbox instead of the first one",
2026-10-09T04:15:01.8403589Z       "explicit mailbox route recovery R10 keeps a selected send-only identity usable for Compose",
2026-10-09T04:15:01.8403944Z       "explicit mailbox route recovery R11 retains an authorized sender for a selected read-only mailbox",
2026-10-09T04:15:01.8404394Z       "explicit mailbox route recovery R12 does not report permanent unavailability during the initial read",
2026-10-09T04:15:01.8404763Z       "explicit mailbox route recovery R13 closes a revoked mailbox and its stream without a fallback read",
2026-10-09T04:15:01.8405148Z       "explicit mailbox route recovery R14 resolves the requested mailbox after an explicit refresh restores access",
2026-10-09T04:15:01.8405568Z       "explicit mailbox route recovery R15 reads another mailbox only after explicit selection and clears stale detail and page",
2026-10-09T04:15:01.8405960Z       "explicit mailbox route recovery R16 preserves cross-mailbox drafts and explicitly opening one",
2026-10-09T04:15:01.8406325Z       "explicit mailbox route recovery R17 preserves cross-mailbox delivery status without a fallback stream",
2026-10-09T04:15:01.8406708Z       "explicit mailbox route recovery R18 retires pending editor opening between two unavailable mailbox routes"
2026-10-09T04:15:01.8406952Z     ],
2026-10-09T04:15:01.8407061Z     "exit_code": 1,
2026-10-09T04:15:01.8407175Z     "failed": 13,
2026-10-09T04:15:01.8407288Z     "leaf_count": 18,
2026-10-09T04:15:01.8407404Z     "negative_ids": [
2026-10-09T04:15:01.8407613Z       "explicit mailbox route recovery R01 keeps an unavailable inbox route unresolved",
2026-10-09T04:15:01.8407913Z       "explicit mailbox route recovery R02 keeps an unavailable sent route unresolved",
2026-10-09T04:15:01.8408214Z       "explicit mailbox route recovery R03 keeps an unavailable archive route unresolved",
2026-10-09T04:15:01.8408512Z       "explicit mailbox route recovery R04 keeps an unavailable trash route unresolved",
2026-10-09T04:15:01.8408832Z       "explicit mailbox route recovery R05 rejects an explicit mailbox with no read or send rights",
2026-10-09T04:15:01.8409192Z       "explicit mailbox route recovery R06 distinguishes an empty explicit mailbox from an absent parameter",
2026-10-09T04:15:01.8409549Z       "explicit mailbox route recovery R07 prevents Compose from silently choosing another mailbox",
2026-10-09T04:15:01.8409901Z       "explicit mailbox route recovery R13 closes a revoked mailbox and its stream without a fallback read",
2026-10-09T04:15:01.8410284Z       "explicit mailbox route recovery R14 resolves the requested mailbox after an explicit refresh restores access",
2026-10-09T04:15:01.8410699Z       "explicit mailbox route recovery R15 reads another mailbox only after explicit selection and clears stale detail and page",
2026-10-09T04:15:01.8411086Z       "explicit mailbox route recovery R16 preserves cross-mailbox drafts and explicitly opening one",
2026-10-09T04:15:01.8411605Z       "explicit mailbox route recovery R17 preserves cross-mailbox delivery status without a fallback stream",
2026-10-09T04:15:01.8411984Z       "explicit mailbox route recovery R18 retires pending editor opening between two unavailable mailbox routes"
2026-10-09T04:15:01.8412315Z     ],
2026-10-09T04:15:01.8412421Z     "passed": 5,
2026-10-09T04:15:01.8412532Z     "pending": 0,
2026-10-09T04:15:01.8412647Z     "positive_ids": [
2026-10-09T04:15:01.8412884Z       "explicit mailbox route recovery R08 retains the ordinary default when no mailbox parameter exists",
2026-10-09T04:15:01.8413237Z       "explicit mailbox route recovery R09 resolves a valid explicit mailbox instead of the first one",
2026-10-09T04:15:01.8413579Z       "explicit mailbox route recovery R10 keeps a selected send-only identity usable for Compose",
2026-10-09T04:15:01.8413928Z       "explicit mailbox route recovery R11 retains an authorized sender for a selected read-only mailbox",
2026-10-09T04:15:01.8414326Z       "explicit mailbox route recovery R12 does not report permanent unavailability during the initial read"
2026-10-09T04:15:01.8414566Z     ],
2026-10-09T04:15:01.8414666Z     "skipped": 0
2026-10-09T04:15:01.8414777Z   },
2026-10-09T04:15:01.8414919Z   "root": "/home/runner/work/tabmail/tabmail/baseline",
2026-10-09T04:15:01.8415177Z   "runner_sha256": "a75ad6b643b5c2c388055fd824441ca16377b4e8353c649d07ad0785958db0d6",
2026-10-09T04:15:01.8415470Z   "test": {
2026-10-09T04:15:01.8415574Z     "command": [
2026-10-09T04:15:01.8415681Z       "node",
2026-10-09T04:15:01.8415887Z       "/home/runner/work/tabmail/tabmail/baseline/web/node_modules/vitest/vitest.mjs",
2026-10-09T04:15:01.8416093Z       "run",
2026-10-09T04:15:01.8416262Z       "features/mail/workspace-mailbox-route-recovery.test.tsx",
2026-10-09T04:15:01.8416448Z       "--maxWorkers=1",
2026-10-09T04:15:01.8416588Z       "--no-file-parallelism",
2026-10-09T04:15:01.8416723Z       "--reporter=json",
2026-10-09T04:15:01.8417008Z       "--reporter=/home/runner/work/_temp/exec08-route-evidence/dual-source/baseline/execution-boundary-reporter.mjs",
2026-10-09T04:15:01.8417392Z       "--outputFile=/home/runner/work/_temp/exec08-route-evidence/dual-source/baseline/vitest.json"
2026-10-09T04:15:01.8417625Z     ],
2026-10-09T04:15:01.8417771Z     "cwd": "/home/runner/work/tabmail/tabmail/baseline/web",
2026-10-09T04:15:01.8417951Z     "finished_at": 1791519291.7028255,
2026-10-09T04:15:01.8418090Z     "returncode": 1,
2026-10-09T04:15:01.8418221Z     "started_at": 1791519288.7827475,
2026-10-09T04:15:01.8418457Z     "stderr_sha256": "b4acd4f819050212c4fe3b3ed8416421330f7ff8c72cb9bb667c335f3e24a94e",
2026-10-09T04:15:01.8418762Z     "stdout_sha256": "3b94550401131c75d47762f6e7278d1cbb899840df9686d07331a668a713eb43",
2026-10-09T04:15:01.8418972Z     "timed_out": false,
2026-10-09T04:15:01.8419099Z     "timeout_seconds": 120
2026-10-09T04:15:01.8419217Z   },
2026-10-09T04:15:01.8419409Z   "test_sha256": "2a72bb78cc5f9e82d037a0358875c2d0c433d8cd956e0e7801795756c88e9c66"
2026-10-09T04:15:01.8419615Z }
2026-10-09T04:15:01.8419674Z 
2026-10-09T04:15:01.8419828Z {"evidence_file": "dual-source/baseline/vitest.execution.json", "bytes": 856}
2026-10-09T04:15:01.8420025Z {
2026-10-09T04:15:01.8420123Z   "command": [
2026-10-09T04:15:01.8420229Z     "node",
2026-10-09T04:15:01.8420424Z     "/home/runner/work/tabmail/tabmail/baseline/web/node_modules/vitest/vitest.mjs",
2026-10-09T04:15:01.8420634Z     "run",
2026-10-09T04:15:01.8420800Z     "features/mail/workspace-mailbox-route-recovery.test.tsx",
2026-10-09T04:15:01.8420981Z     "--maxWorkers=1",
2026-10-09T04:15:01.8421109Z     "--no-file-parallelism",
2026-10-09T04:15:01.8421380Z     "--reporter=json",
2026-10-09T04:15:01.8421662Z     "--reporter=/home/runner/work/_temp/exec08-route-evidence/dual-source/baseline/execution-boundary-reporter.mjs",
2026-10-09T04:15:01.8422042Z     "--outputFile=/home/runner/work/_temp/exec08-route-evidence/dual-source/baseline/vitest.json"
2026-10-09T04:15:01.8422266Z   ],
2026-10-09T04:15:01.8422413Z   "cwd": "/home/runner/work/tabmail/tabmail/baseline/web",
2026-10-09T04:15:01.8422589Z   "finished_at": 1791519291.7028255,
2026-10-09T04:15:01.8422725Z   "returncode": 1,
2026-10-09T04:15:01.8422986Z   "started_at": 1791519288.7827475,
2026-10-09T04:15:01.8423215Z   "stderr_sha256": "b4acd4f819050212c4fe3b3ed8416421330f7ff8c72cb9bb667c335f3e24a94e",
2026-10-09T04:15:01.8423515Z   "stdout_sha256": "3b94550401131c75d47762f6e7278d1cbb899840df9686d07331a668a713eb43",
2026-10-09T04:15:01.8423719Z   "timed_out": false,
2026-10-09T04:15:01.8423840Z   "timeout_seconds": 120
2026-10-09T04:15:01.8423960Z }
2026-10-09T04:15:01.8424013Z 
2026-10-09T04:15:01.8424145Z {"evidence_file": "dual-source/baseline/vitest.json", "bytes": 31034}
2026-10-09T04:15:01.8493503Z {"numTotalTestSuites":2,"numPassedTestSuites":0,"numFailedTestSuites":2,"numPendingTestSuites":0,"numTotalTests":18,"numPassedTests":5,"numFailedTests":13,"numPendingTests":0,"numTodoTests":0,"snapshot":{"added":0,"failure":false,"filesAdded":0,"filesRemoved":0,"filesRemovedList":[],"filesUnmatched":0,"filesUpdated":0,"matched":0,"total":0,"unchecked":0,"uncheckedKeysByFile":[],"unmatched":0,"updated":0,"didUpdate":false},"startTime":1791519289031,"success":false,"testResults":[{"assertionResults":[{"ancestorTitles":["explicit mailbox route recovery"],"fullName":"explicit mailbox route recovery R01 keeps an unavailable inbox route unresolved","status":"failed","title":"R01 keeps an unavailable inbox route unresolved","duration":156.49448199999995,"failureMessages":["AssertionError: expected [ { …(3) }, { …(3) }, { …(3) }, …(2) ] to have a length of +0 but got 5\n    at Proxy.<anonymous> (file:///home/runner/work/tabmail/tabmail/baseline/web/node_modules/@vitest/expect/dist/index.js:1389:20)\n    at Proxy.<anonymous> (file:///home/runner/work/tabmail/tabmail/baseline/web/node_modules/@vitest/expect/dist/index.js:1156:15)\n    at Proxy.methodWrapper (file:///home/runner/work/tabmail/tabmail/baseline/web/node_modules/chai/index.js:1700:25)\n    at assertUnavailable (/home/runner/work/tabmail/tabmail/baseline/web/features/mail/workspace-mailbox-route-recovery.test.tsx:62:26)\n    at /home/runner/work/tabmail/tabmail/baseline/web/features/mail/workspace-mailbox-route-recovery.test.tsx:123:7\n    at file:///home/runner/work/tabmail/tabmail/baseline/web/node_modules/@vitest/runner/dist/chunk-artifact.js:1903:20"],"meta":{},"tags":[]},{"ancestorTitles":["explicit mailbox route recovery"],"fullName":"explicit mailbox route recovery R02 keeps an unavailable sent route unresolved","status":"failed","title":"R02 keeps an unavailable sent route unresolved","duration":38.46627000000001,"failureMessages":["AssertionError: expected [ { …(3) }, { …(3) }, { …(3) } ] to have a length of +0 but got 3\n    at Proxy.<anonymous> (file:///home/runner/work/tabmail/tabmail/baseline/web/node_modules/@vitest/expect/dist/index.js:1389:20)\n    at Proxy.<anonymous> (file:///home/runner/work/tabmail/tabmail/baseline/web/node_modules/@vitest/expect/dist/index.js:1156:15)\n    at Proxy.methodWrapper (file:///home/runner/work/tabmail/tabmail/baseline/web/node_modules/chai/index.js:1700:25)\n    at assertUnavailable (/home/runner/work/tabmail/tabmail/baseline/web/features/mail/workspace-mailbox-route-recovery.test.tsx:62:26)\n    at /home/runner/work/tabmail/tabmail/baseline/web/features/mail/workspace-mailbox-route-recovery.test.tsx:123:7\n    at file:///home/runner/work/tabmail/tabmail/baseline/web/node_modules/@vitest/runner/dist/chunk-artifact.js:1903:20"],"meta":{},"tags":[]},{"ancestorTitles":["explicit mailbox route recovery"],"fullName":"explicit mailbox route recovery R03 keeps an unavailable archive route unresolved","status":"failed","title":"R03 keeps an unavailable archive route unresolved","duration":40.00584900000001,"failureMessages":["AssertionError: expected [ { …(3) }, { …(3) }, { …(3) }, …(2) ] to have a length of +0 but got 5\n    at Proxy.<anonymous> (file:///home/runner/work/tabmail/tabmail/baseline/web/node_modules/@vitest/expect/dist/index.js:1389:20)\n    at Proxy.<anonymous> (file:///home/runner/work/tabmail/tabmail/baseline/web/node_modules/@vitest/expect/dist/index.js:1156:15)\n    at Proxy.methodWrapper (file:///home/runner/work/tabmail/tabmail/baseline/web/node_modules/chai/index.js:1700:25)\n    at assertUnavailable (/home/runner/work/tabmail/tabmail/baseline/web/features/mail/workspace-mailbox-route-recovery.test.tsx:62:26)\n    at /home/runner/work/tabmail/tabmail/baseline/web/features/mail/workspace-mailbox-route-recovery.test.tsx:123:7\n    at file:///home/runner/work/tabmail/tabmail/baseline/web/node_modules/@vitest/runner/dist/chunk-artifact.js:1903:20"],"meta":{},"tags":[]},{"ancestorTitles":["explicit mailbox route recovery"],"fullName":"explicit mailbox route recovery R04 keeps an unavailable trash route unresolved","status":"failed","title":"R04 keeps an unavailable trash route unresolved","duration":36.73697599999991,"failureMessages":["AssertionError: expected [ { …(3) }, { …(3) }, { …(3) }, …(2) ] to have a length of +0 but got 5\n    at Proxy.<anonymous> (file:///home/runner/work/tabmail/tabmail/baseline/web/node_modules/@vitest/expect/dist/index.js:1389:20)\n    at Proxy.<anonymous> (file:///home/runner/work/tabmail/tabmail/baseline/web/node_modules/@vitest/expect/dist/index.js:1156:15)\n    at Proxy.methodWrapper (file:///home/runner/work/tabmail/tabmail/baseline/web/node_modules/chai/index.js:1700:25)\n    at assertUnavailable (/home/runner/work/tabmail/tabmail/baseline/web/features/mail/workspace-mailbox-route-recovery.test.tsx:62:26)\n    at /home/runner/work/tabmail/tabmail/baseline/web/features/mail/workspace-mailbox-route-recovery.test.tsx:123:7\n    at file:///home/runner/work/tabmail/tabmail/baseline/web/node_modules/@vitest/runner/dist/chunk-artifact.js:1903:20"],"meta":{},"tags":[]},{"ancestorTitles":["explicit mailbox route recovery"],"fullName":"explicit mailbox route recovery R05 rejects an explicit mailbox with no read or send rights","status":"failed","title":"R05 rejects an explicit mailbox with no read or send rights","duration":30.893899000000033,"failureMessages":["AssertionError: expected [ { …(3) }, { …(3) }, { …(3) }, …(2) ] to have a length of +0 but got 5\n    at Proxy.<anonymous> (file:///home/runner/work/tabmail/tabmail/baseline/web/node_modules/@vitest/expect/dist/index.js:1389:20)\n    at Proxy.<anonymous> (file:///home/runner/work/tabmail/tabmail/baseline/web/node_modules/@vitest/expect/dist/index.js:1156:15)\n    at Proxy.methodWrapper (file:///home/runner/work/tabmail/tabmail/baseline/web/node_modules/chai/index.js:1700:25)\n    at assertUnavailable (/home/runner/work/tabmail/tabmail/baseline/web/features/mail/workspace-mailbox-route-recovery.test.tsx:62:26)\n    at /home/runner/work/tabmail/tabmail/baseline/web/features/mail/workspace-mailbox-route-recovery.test.tsx:131:5\n    at file:///home/runner/work/tabmail/tabmail/baseline/web/node_modules/@vitest/runner/dist/chunk-artifact.js:1903:20"],"meta":{},"tags":[]},{"ancestorTitles":["explicit mailbox route recovery"],"fullName":"explicit mailbox route recovery R06 distinguishes an empty explicit mailbox from an absent parameter","status":"failed","title":"R06 distinguishes an empty explicit mailbox from an absent parameter","duration":28.73104699999999,"failureMessages":["AssertionError: expected [ { …(3) }, { …(3) }, { …(3) }, …(2) ] to have a length of +0 but got 5\n    at Proxy.<anonymous> (file:///home/runner/work/tabmail/tabmail/baseline/web/node_modules/@vitest/expect/dist/index.js:1389:20)\n    at Proxy.<anonymous> (file:///home/runner/work/tabmail/tabmail/baseline/web/node_modules/@vitest/expect/dist/index.js:1156:15)\n    at Proxy.methodWrapper (file:///home/runner/work/tabmail/tabmail/baseline/web/node_modules/chai/index.js:1700:25)\n    at assertUnavailable (/home/runner/work/tabmail/tabmail/baseline/web/features/mail/workspace-mailbox-route-recovery.test.tsx:62:26)\n    at /home/runner/work/tabmail/tabmail/baseline/web/features/mail/workspace-mailbox-route-recovery.test.tsx:135:5\n    at file:///home/runner/work/tabmail/tabmail/baseline/web/node_modules/@vitest/runner/dist/chunk-artifact.js:1903:20"],"meta":{},"tags":[]},{"ancestorTitles":["explicit mailbox route recovery"],"fullName":"explicit mailbox route recovery R07 prevents Compose from silently choosing another mailbox","status":"failed","title":"R07 prevents Compose from silently choosing another mailbox","duration":37.54239899999993,"failureMessages":["Error: expect(element).toBeDisabled()\n\nReceived element is not disabled:\n  <button\n  class=\"rounded-md border px-3 py-2 text-sm font-medium hover:bg-muted disabled:opacity-50 \"\n  type=\"button\"\n/>\n    at Proxy.__VITEST_EXTEND_ASSERTION__ (file:///home/runner/work/tabmail/tabmail/baseline/web/node_modules/@vitest/expect/dist/index.js:1888:12)\n    at Proxy.<anonymous> (file:///home/runner/work/tabmail/tabmail/baseline/web/node_modules/@vitest/expect/dist/index.js:1156:15)\n    at Proxy.methodWrapper (file:///home/runner/work/tabmail/tabmail/baseline/web/node_modules/chai/index.js:1700:25)\n    at /home/runner/work/tabmail/tabmail/baseline/web/features/mail/workspace-mailbox-route-recovery.test.tsx:139:29\n    at file:///home/runner/work/tabmail/tabmail/baseline/web/node_modules/@vitest/runner/dist/chunk-artifact.js:1903:20"],"meta":{},"tags":[]},{"ancestorTitles":["explicit mailbox route recovery"],"fullName":"explicit mailbox route recovery R08 retains the ordinary default when no mailbox parameter exists","status":"passed","title":"R08 retains the ordinary default when no mailbox parameter exists","duration":46.5363890000001,"failureMessages":[],"meta":{},"tags":[]},{"ancestorTitles":["explicit mailbox route recovery"],"fullName":"explicit mailbox route recovery R09 resolves a valid explicit mailbox instead of the first one","status":"passed","title":"R09 resolves a valid explicit mailbox instead of the first one","duration":39.971529000000146,"failureMessages":[],"meta":{},"tags":[]},{"ancestorTitles":["explicit mailbox route recovery"],"fullName":"explicit mailbox route recovery R10 keeps a selected send-only identity usable for Compose","status":"passed","title":"R10 keeps a selected send-only identity usable for Compose","duration":48.783682,"failureMessages":[],"meta":{},"tags":[]},{"ancestorTitles":["explicit mailbox route recovery"],"fullName":"explicit mailbox route recovery R11 retains an authorized sender for a selected read-only mailbox","status":"passed","title":"R11 retains an authorized sender for a selected read-only mailbox","duration":58.51458699999989,"failureMessages":[],"meta":{},"tags":[]},{"ancestorTitles":["explicit mailbox route recovery"],"fullName":"explicit mailbox route recovery R12 does not report permanent unavailability during the initial read","status":"passed","title":"R12 does not report permanent unavailability during the initial read","duration":32.70675600000004,"failureMessages":[],"meta":{},"tags":[]},{"ancestorTitles":["explicit mailbox route recovery"],"fullName":"explicit mailbox route recovery R13 closes a revoked mailbox and its stream without a fallback read","status":"failed","title":"R13 closes a revoked mailbox and its stream without a fallback read","duration":1044.890805,"failureMessages":["Error: expect(element).toHaveTextContent()\n\nExpected element to have text content:\n  /requested mailbox.*unavailable/i\nReceived:\n  No messages\n\nIgnored nodes: comments, script, style\n\u001b[36m<html\u001b[39m\n  \u001b[33mlang\u001b[39m=\u001b[32m\"en\"\u001b[39m\n\u001b[36m>\u001b[39m\n  \u001b[36m<head />\u001b[39m\n  \u001b[36m<body>\u001b[39m\n    \u001b[36m<div>\u001b[39m\n      \u001b[36m<main\u001b[39m\n        \u001b[33mclass\u001b[39m=\u001b[32m\"mx-auto w-full max-w-screen-2xl space-y-4 p-4 md:p-6\"\u001b[39m\n      \u001b[36m>\u001b[39m\n        \u001b[36m<header\u001b[39m\n          \u001b[33mclass\u001b[39m=\u001b[32m\"flex flex-wrap items-center justify-between gap-3\"\u001b[39m\n        \u001b[36m>\u001b[39m\n          \u001b[36m<div>\u001b[39m\n            \u001b[36m<h1\u001b[39m\n              \u001b[33mclass\u001b[39m=\u001b[32m\"text-2xl font-semibold\"\u001b[39m\n            \u001b[36m>\u001b[39m\n              \u001b[0mCompany mail\u001b[0m\n            \u001b[36m</h1>\u001b[39m\n            \u001b[36m<p\u001b[39m\n              \u001b[33mclass\u001b[39m=\u001b[32m\"text-sm text-muted-foreground\"\u001b[39m\n            \u001b[36m>\u001b[39m\n              \u001b[0mPersonal and shared mailboxes · message content and delivery status are separate\u001b[0m\n            \u001b[36m</p>\u001b[39m\n          \u001b[36m</div>\u001b[39m\n          \u001b[36m<div\u001b[39m\n            \u001b[33mclass\u001b[39m=\u001b[32m\"flex gap-2\"\u001b[39m\n          \u001b[36m>\u001b[39m\n            \u001b[36m<button\u001b[39m\n              \u001b[33mclass\u001b[39m=\u001b[32m\"rounded-md border px-3 py-2 text-sm font-medium hover:bg-muted disabled:opacity-50 \"\u001b[39m\n              \u001b[33mtype\u001b[39m=\u001b[32m\"button\"\u001b[39m\n            \u001b[36m>\u001b[39m\n              \u001b[0mRefresh\u001b[0m\n            \u001b[36m</button>\u001b[39m\n            \u001b[36m<button\u001b[39m\n              \u001b[33mclass\u001b[39m=\u001b[32m\"rounded-md border px-3 py-2 text-sm font-medium hover:bg-muted disabled:opacity-50 \"\u001b[39m\n              \u001b[33mtype\u001b[39m=\u001b[32m\"button\"\u001b[39m\n            \u001b[36m>\u001b[39m\n              \u001b[0mCompose\u001b[0m\n            \u001b[36m</button>\u001b[39m\n          \u001b[36m</div>\u001b[39m\n        \u001b[36m</header>\u001b[39m\n        \u001b[36m<div\u001b[39m\n          \u001b[33mclass\u001b[39m=\u001b[32m\"grid gap-5 md:grid-cols-[210px_minmax(0,1fr)]\"\u001b[39m\n        \u001b[36m>\u001b[39m\n          \u001b[36m<aside\u001b[39m\n            \u001b[33mclass\u001b[39m=\u001b[32m\"space-y-5\"\u001b[39m\n          \u001b[36m>\u001b[39m\n            \u001b[36m<nav\u001b[39m\n              \u001b[33maria-label\u001b[39m=\u001b[32m\"Mailboxes\"\u001b[39m\n              \u001b[33mclass\u001b[39m=\u001b[32m\"space-y-1\"\u001b[39m\n            \u001b[36m>\u001b[39m\n              \u001b[36m<button\u001b[39m\n                \u001b[33maria-pressed\u001b[39m=\u001b[32m\"true\"\u001b[39m\n                \u001b[33mclass\u001b[39m=\u001b[32m\"block w-full rounded border p-3 text-left text-xs bg-muted\"\u001b[39m\n              \u001b[36m>\u001b[39m\n                \u001b[36m<span\u001b[39m\n                  \u001b[33mclass\u001b[39m=\u001b[32m\"block break-all font-medium\"\u001b[39m\n                \u001b[36m>\u001b[39m\n                  \u001b[0mmailbox-one@fixture.test\u001b[0m\n                \u001b[36m</span>\u001b[39m\n                \u001b[36m<span\u001b[39m\n                  \u001b[33mclass\u001b[39m=\u001b[32m\"text-muted-foreground\"\u001b[39m\n                \u001b[36m>\u001b[39m\n                  \u001b[0mPersonal\u001b[0m\n                  \u001b[0m · \u001b[0m\n                  \u001b[0mread\u001b[0m\n                \u001b[36m</span>\u001b[39m\n              \u001b[36m</button>\u001b[39m\n            \u001b[36m</nav>\u001b[39m\n            \u001b[36m<nav\u001b[39m\n              \u001b[33maria-label\u001b[39m=\u001b[32m\"Mail folders\"\u001b[39m\n              \u001b[33mclass\u001b[39m=\u001b[32m\"flex flex-wrap gap-2 md:flex-col\"\u001b[39m\n            \u001b[36m>\u001b[39m\n              \u001b[36m<button\u001b[39m\n                \u001b[33maria-pressed\u001b[39m=\u001b[32m\"true\"\u001b[39m\n                \u001b[33mclass\u001b[39m=\u001b[32m\"rounded-md border px-3 py-2 text-sm font-medium hover:bg-muted disabled:opacity-50 bg-muted text-left\"\u001b[39m\n                \u001b[33mtype\u001b[39m=\u001b[32m\"button\"\u001b[39m\n              \u001b[36m>\u001b[39m\n                \u001b[0mInbox\u001b[0m\n              \u001b[36m</button>\u001b[39m\n              \u001b[36m<button\u001b[39m\n                \u001b[33maria-pressed\u001b[39m=\u001b[32m\"false\"\u001b[39m\n                \u001b[33mclass\u001b[39m=\u001b[32m\"rounded-md border px-3 py-2 text-sm font-medium hover:bg-muted disabled:opacity-50 text-left\"\u001b[39m\n                \u001b[33mtype\u001b[39m=\u001b[32m\"button\"\u001b[39m\n              \u001b[36m>\u001b[39m\n                \u001b[0mSent mail\u001b[0m\n              \u001b[36m</button>\u001b[39m\n              \u001b[36m<button\u001b[39m\n                \u001b[33maria-pressed\u001b[39m=\u001b[32m\"false\"\u001b[39m\n                \u001b[33mclass\u001b[39m=\u001b[32m\"rounded-md border px-3 py-2 text-sm font-medium hover:bg-muted disabled:opacity-50 text-left\"\u001b[39m\n                \u001b[33mtype\u001b[39m=\u001b[32m\"button\"\u001b[39m\n              \u001b[36m>\u001b[39m\n                \u001b[0mDrafts\u001b[0m\n              \u001b[36m</button>\u001b[39m\n              \u001b[36m<button\u001b[39m\n                \u001b[33maria-pressed\u001b[39m=\u001b[32m\"false\"\u001b[39m\n                \u001b[33mclass\u001b[39m=\u001b[32m\"rounded-md border px-3 py-2 text-sm font-medium hover:bg-muted disabled:opacity-50 text-left\"\u001b[39m\n                \u001b[33mtype\u001b[39m=\u001b[32m\"button\"\u001b[39m\n              \u001b[36m>\u001b[39m\n                \u001b[0mArchive\u001b[0m\n              \u001b[36m</button>\u001b[39m\n              \u001b[36m<button\u001b[39m\n                \u001b[33maria-pressed\u001b[39m=\u001b[32m\"false\"\u001b[39m\n                \u001b[33mclass\u001b[39m=\u001b[32m\"rounded-md border px-3 py-2 text-sm font-medium hover:bg-muted disabled:opacity-50 text-left\"\u001b[39m\n                \u001b[33mtype\u001b[39m=\u001b[32m\"button\"\u001b[39m\n              \u001b[36m>\u001b[39m\n                \u001b[0mTrash\u001b[0m\n              \u001b[36m</button>\u001b[39m\n              \u001b[36m<button\u001b[39m\n                \u001b[33maria-pressed\u001b[39m=\u001b[32m\"false\"\u001b[39m\n                \u001b[33mclass\u001b[39m=\u001b[32m\"rounded-md border px-3 py-2 text-sm font-medium hover:bg-muted disabled:opacity-50 text-left\"\u001b[39m\n                \u001b[33mtype\u001b[39m=\u001b[32m\"button\"\u001b[39m\n              \u001b[36m>\u001b[39m\n                \u001b[0mDelivery status\u001b[0m\n              \u001b[36m</button>\u001b[39m\n            \u001b[36m</nav>\u001b[39m\n          \u001b[36m</aside>\u001b[39m\n          \u001b[36m<section\u001b[39m\n            \u001b[33mclass\u001b[39m=\u001b[32m\"min-w-0 space-y-4\"\u001b[39m\n          \u001b[36m>\u001b[39m\n            \u001b[36m<h2\u001b[39m\n              \u001b[33mclass\u001b[39m=\u001b[32m\"text-lg font-semibold\"\u001b[39m\n            \u001b[36m>\u001b[39m\n              \u001b[0mInbox\u001b[0m\n            \u001b[36m</h2>\u001b[39m\n            \u001b[36m<p\u001b[39m\n              \u001b[33mclass\u001b[39m=\u001b[32m\"text-sm\"\u001b[39m\n            \u001b[36m>\u001b[39m\n              \u001b[0mCurrent mailbox\u001b[0m\n              \u001b[0m: \u001b[0m\n              \u001b[0mmailbox-one@fixture.test\u001b[0m\n            \u001b[36m</p>\u001b[39m\n            \u001b[36m<form\u001b[39m\n              \u001b[33mclass\u001b[39m=\u001b[32m\"flex items-end gap-2\"\u001b[39m\n            \u001b[36m>\u001b[39m\n              \u001b[36m<div\u001b[39m\n                \u001b[33mclass\u001b[39m=\u001b[32m\"flex-1\"\u001b[39m\n              \u001b[36m>\u001b[39m\n                \u001b[36m<div\u001b[39m\n                  \u001b[33mclass\u001b[39m=\u001b[32m\"space-y-1.5\"\u001b[39m\n                \u001b[36m>\u001b[39m\n                  \u001b[36m<label\u001b[39m\n                    \u001b[33mclass\u001b[39m=\u001b[32m\"text-sm font-medium\"\u001b[39m\n                    \u001b[33mfor\u001b[39m=\u001b[32m\"_r_1a_\"\u001b[39m\n                  \u001b[36m>\u001b[39m\n                    \u001b[0mSearch subject, addresses and indexed body\u001b[0m\n                  \u001b[36m</label>\u001b[39m\n                  \u001b[36m<input\u001b[39m\n                    \u001b[33mclass\u001b[39m=\u001b[32m\"w-full rounded-md border bg-background px-3 py-2 text-sm disabled:opacity-50\"\u001b[39m\n                    \u001b[33mid\u001b[39m=\u001b[32m\"_r_1a_\"\u001b[39m\n                    \u001b[33mmaxlength\u001b[39m=\u001b[32m\"200\"\u001b[39m\n                    \u001b[33mvalue\u001b[39m=\u001b[32m\"\"\u001b[39m\n                  \u001b[36m/>\u001b[39m\n                \u001b[36m</div>\u001b[39m\n              \u001b[36m</div>\u001b[39m\n              \u001b[36m<button\u001b[39m\n                \u001b[33mclass\u001b[39m=\u001b[32m\"rounded-md border px-3 py-2 text-sm font-medium hover:bg-muted disabled:opacity-50 \"\u001b[39m\n                \u001b[33mtype\u001b[39m=\u001b[32m\"submit\"\u001b[39m\n              \u001b[36m>\u001b[39m\n                \u001b[0mSearch\u001b[0m\n              \u001b[36m</button>\u001b[39m\n            \u001b[36m</form>\u001b[39m\n            \u001b[36m<div\u001b[39m\n              \u001b[33mclass\u001b[39m=\u001b[32m\"space-y-3\"\u001b[39m\n            \u001b[36m>\u001b[39m\n              \u001b[36m<p\u001b[39m\n                \u001b[33mclass\u001b[39m=\u001b[32m\"text-xs text-muted-foreground\"\u001b[39m\n              \u001b[36m>\u001b[39m\n                \u001b[0mBody index 0/0; failed 0. Subject/address search remains available for unindexed mail.\u001b[0m\n              \u001b[36m</p>\u001b[39m\n              \u001b[36m<p\u001b[39m\n                \u001b[33mclass\u001b[39m=\u001b[32m\"text-sm text-muted-foreground\"\u001b[39m\n                \u001b[33mrole\u001b[39m=\u001b[32m\"status\"\u001b[39m\n              \u001b[36m>\u001b[39m\n                \u001b[0mNo messages\u001b[0m\n              \u001b[36m</p>\u001b[39m\n              \u001b[36m<div\u001b[39m\n                \u001b[33mclass\u001b[39m=\u001b[32m\"grid min-h-96 gap-4 lg:grid-cols-[minmax(240px,0.85fr)_minmax(0,1.5fr)]\"\u001b[39m\n              \u001b[36m>\u001b[39m\n                \u001b[36m<div\u001b[39m\n                  \u001b[33mclass\u001b[39m=\u001b[32m\"min-w-0 space-y-1 rounded-lg border p-2\"\u001b[39m\n                \u001b[36m/>\u001b[39m\n                \u001b[36m<div\u001b[39m\n                  \u001b[33mclass\u001b[39m=\u001b[32m\"min-w-0\"\u001b[39m\n                \u001b[36m>\u001b[39m\n                  \u001b[36m<p\u001b[39m\n                    \u001b[33mclass\u001b[39m=\u001b[32m\"p-5 text-sm text-muted-foreground\"\u001b[39m\n                  \u001b[36m>\u001b[39m\n                    \u001b[0mSelect a message to read\u001b[0m\n                  \u001b[36m</p>\u001b[39m\n                \u001b[36m</div>\u001b[39m\n              \u001b[36m</div>\u001b[39m\n              \u001b[36m<nav\u001b[39m\n                \u001b[33maria-label\u001b[39m=\u001b[32m\"Pagination\"\u001b[39m\n                \u001b[33mclass\u001b[39m=\u001b[32m\"flex items-center justify-center gap-3 py-3\"\u001b[39m\n              \u001b[36m>\u001b[39m\n                \u001b[36m<button\u001b[39m\n                  \u001b[33mclass\u001b[39m=\u001b[32m\"rounded-md border px-3 py-2 text-sm font-medium hover:bg-muted disabled:opacity-50 \"\u001b[39m\n                  \u001b[33mdisabled\u001b[39m=\u001b[32m\"\"\u001b[39m\n                  \u001b[33mtype\u001b[39m=\u001b[32m\"button\"\u001b[39m\n                \u001b[36m>\u001b[39m\n                  \u001b[0mPrevious\u001b[0m\n                \u001b[36m</button>\u001b[39m\n                \u001b[36m<span\u001b[39m\n                  \u001b[33mclass\u001b[39m=\u001b[32m\"text-sm\"\u001b[39m\n                \u001b[36m>\u001b[39m\n                  \u001b[0m1\u001b[0m\n                  \u001b[0m / \u001b[0m\n                  \u001b[0m1\u001b[0m\n                  \u001b[0m · \u001b[0m\n                  \u001b[0m0\u001b[0m\n                \u001b[36m</span>\u001b[39m\n                \u001b[36m<button\u001b[39m\n                  \u001b[33mclass\u001b[39m=\u001b[32m\"rounded-md border px-3 py-2 text-sm font-medium hover:bg-muted disabled:opacity-50 \"\u001b[39m\n                  \u001b[33mdisabled\u001b[39m=\u001b[32m\"\"\u001b[39m\n                  \u001b[33mtype\u001b[39m=\u001b[32m\"button\"\u001b[39m\n                \u001b[36m>\u001b[39m\n                  \u001b[0mNext\u001b[0m\n                \u001b[36m</button>\u001b[39m\n              \u001b[36m</nav>\u001b[39m\n            \u001b[36m</div>\u001b[39m\n          \u001b[36m</section>\u001b[39m\n        \u001b[36m</div>\u001b[39m\n      \u001b[36m</main>\u001b[39m\n    \u001b[36m</div>\u001b[39m\n  \u001b[36m</body>\u001b[39m\n\u001b[36m</html>\u001b[39m\n    at Proxy.__VITEST_EXTEND_ASSERTION__ (file:///home/runner/work/tabmail/tabmail/baseline/web/node_modules/@vitest/expect/dist/index.js:1888:12)\n    at Proxy.<anonymous> (file:///home/runner/work/tabmail/tabmail/baseline/web/node_modules/@vitest/expect/dist/index.js:1156:15)\n    at Proxy.methodWrapper (file:///home/runner/work/tabmail/tabmail/baseline/web/node_modules/chai/index.js:1700:25)\n    at /home/runner/work/tabmail/tabmail/baseline/web/features/mail/workspace-mailbox-route-recovery.test.tsx:192:60\n    at runWithExpensiveErrorDiagnosticsDisabled (/home/runner/work/tabmail/tabmail/baseline/web/node_modules/@testing-library/dom/dist/config.js:47:12)\n    at checkCallback (/home/runner/work/tabmail/tabmail/baseline/web/node_modules/@testing-library/dom/dist/wait-for.js:124:77)\n    at Timeout.checkRealTimersCallback (/home/runner/work/tabmail/tabmail/baseline/web/node_modules/@testing-library/dom/dist/wait-for.js:118:16)\n    at listOnTimeout (node:internal/timers:585:17)\n    at processTimers (node:internal/timers:521:7)"],"meta":{},"tags":[]},{"ancestorTitles":["explicit mailbox route recovery"],"fullName":"explicit mailbox route recovery R14 resolves the requested mailbox after an explicit refresh restores access","status":"failed","title":"R14 resolves the requested mailbox after an explicit refresh restores access","duration":23.501166000000012,"failureMessages":["AssertionError: expected [ { …(3) }, { …(3) }, { …(3) }, …(2) ] to have a length of +0 but got 5\n    at Proxy.<anonymous> (file:///home/runner/work/tabmail/tabmail/baseline/web/node_modules/@vitest/expect/dist/index.js:1389:20)\n    at Proxy.<anonymous> (file:///home/runner/work/tabmail/tabmail/baseline/web/node_modules/@vitest/expect/dist/index.js:1156:15)\n    at Proxy.methodWrapper (file:///home/runner/work/tabmail/tabmail/baseline/web/node_modules/chai/index.js:1700:25)\n    at assertUnavailable (/home/runner/work/tabmail/tabmail/baseline/web/features/mail/workspace-mailbox-route-recovery.test.tsx:62:26)\n    at /home/runner/work/tabmail/tabmail/baseline/web/features/mail/workspace-mailbox-route-recovery.test.tsx:201:5\n    at file:///home/runner/work/tabmail/tabmail/baseline/web/node_modules/@vitest/runner/dist/chunk-artifact.js:1903:20"],"meta":{},"tags":[]},{"ancestorTitles":["explicit mailbox route recovery"],"fullName":"explicit mailbox route recovery R15 reads another mailbox only after explicit selection and clears stale detail and page","status":"failed","title":"R15 reads another mailbox only after explicit selection and clears stale detail and page","duration":26.355809000000136,"failureMessages":["AssertionError: expected [ { …(3) }, { …(3) }, { …(3) }, …(6) ] to have a length of +0 but got 9\n    at Proxy.<anonymous> (file:///home/runner/work/tabmail/tabmail/baseline/web/node_modules/@vitest/expect/dist/index.js:1389:20)\n    at Proxy.<anonymous> (file:///home/runner/work/tabmail/tabmail/baseline/web/node_modules/@vitest/expect/dist/index.js:1156:15)\n    at Proxy.methodWrapper (file:///home/runner/work/tabmail/tabmail/baseline/web/node_modules/chai/index.js:1700:25)\n    at assertUnavailable (/home/runner/work/tabmail/tabmail/baseline/web/features/mail/workspace-mailbox-route-recovery.test.tsx:62:26)\n    at /home/runner/work/tabmail/tabmail/baseline/web/features/mail/workspace-mailbox-route-recovery.test.tsx:210:5\n    at file:///home/runner/work/tabmail/tabmail/baseline/web/node_modules/@vitest/runner/dist/chunk-artifact.js:1903:20"],"meta":{},"tags":[]},{"ancestorTitles":["explicit mailbox route recovery"],"fullName":"explicit mailbox route recovery R16 preserves cross-mailbox drafts and explicitly opening one","status":"failed","title":"R16 preserves cross-mailbox drafts and explicitly opening one","duration":44.790066000000024,"failureMessages":["AssertionError: expected [ { …(3) } ] to have a length of +0 but got 1\n    at Proxy.<anonymous> (file:///home/runner/work/tabmail/tabmail/baseline/web/node_modules/@vitest/expect/dist/index.js:1389:20)\n    at Proxy.<anonymous> (file:///home/runner/work/tabmail/tabmail/baseline/web/node_modules/@vitest/expect/dist/index.js:1156:15)\n    at Proxy.methodWrapper (file:///home/runner/work/tabmail/tabmail/baseline/web/node_modules/chai/index.js:1700:25)\n    at /home/runner/work/tabmail/tabmail/baseline/web/features/mail/workspace-mailbox-route-recovery.test.tsx:222:28\n    at file:///home/runner/work/tabmail/tabmail/baseline/web/node_modules/@vitest/runner/dist/chunk-artifact.js:1903:20"],"meta":{},"tags":[]},{"ancestorTitles":["explicit mailbox route recovery"],"fullName":"explicit mailbox route recovery R17 preserves cross-mailbox delivery status without a fallback stream","status":"failed","title":"R17 preserves cross-mailbox delivery status without a fallback stream","duration":40.085087999999814,"failureMessages":["AssertionError: expected [ { …(3) } ] to have a length of +0 but got 1\n    at Proxy.<anonymous> (file:///home/runner/work/tabmail/tabmail/baseline/web/node_modules/@vitest/expect/dist/index.js:1389:20)\n    at Proxy.<anonymous> (file:///home/runner/work/tabmail/tabmail/baseline/web/node_modules/@vitest/expect/dist/index.js:1156:15)\n    at Proxy.methodWrapper (file:///home/runner/work/tabmail/tabmail/baseline/web/node_modules/chai/index.js:1700:25)\n    at /home/runner/work/tabmail/tabmail/baseline/web/features/mail/workspace-mailbox-route-recovery.test.tsx:234:28\n    at file:///home/runner/work/tabmail/tabmail/baseline/web/node_modules/@vitest/runner/dist/chunk-artifact.js:1903:20"],"meta":{},"tags":[]},{"ancestorTitles":["explicit mailbox route recovery"],"fullName":"explicit mailbox route recovery R18 retires pending editor opening between two unavailable mailbox routes","status":"failed","title":"R18 retires pending editor opening between two unavailable mailbox routes","duration":56.418826999999965,"failureMessages":["Error: expect(element).not.toBeInTheDocument()\n\nexpected document not to contain element, found <input\n  class=\"w-full rounded-md border bg-background px-3 py-2 text-sm disabled:opacity-50\"\n  id=\"_r_1k_\"\n  maxlength=\"998\"\n  value=\"Saved cross-mailbox draft\"\n/> instead\n    at Proxy.__VITEST_EXTEND_ASSERTION__ (file:///home/runner/work/tabmail/tabmail/baseline/web/node_modules/@vitest/expect/dist/index.js:1888:12)\n    at Proxy.<anonymous> (file:///home/runner/work/tabmail/tabmail/baseline/web/node_modules/@vitest/expect/dist/index.js:1156:15)\n    at Proxy.methodWrapper (file:///home/runner/work/tabmail/tabmail/baseline/web/node_modules/chai/index.js:1700:25)\n    at /home/runner/work/tabmail/tabmail/baseline/web/features/mail/workspace-mailbox-route-recovery.test.tsx:247:52\n    at file:///home/runner/work/tabmail/tabmail/baseline/web/node_modules/@vitest/runner/dist/chunk-artifact.js:1903:20"],"meta":{},"tags":[]}],"startTime":1791519289784,"endTime":1791519291615.419,"status":"failed","message":"","name":"/home/runner/work/tabmail/tabmail/baseline/web/features/mail/workspace-mailbox-route-recovery.test.tsx"}]}
2026-10-09T04:15:01.8538959Z {"evidence_file": "dual-source/baseline/vitest.stderr", "bytes": 375}
2026-10-09T04:15:01.8539417Z (!) Your Vite config uses features that are unsupported by `configLoader: 'native'`, which is planned to become the default in a future major version of Vite:
2026-10-09T04:15:01.8539948Z   - ESM syntax in a file loaded as CommonJS (vitest.config.ts:1:1). Use a `.mjs` extension or set `"type": "module"` in the closest package.json
2026-10-09T04:15:01.8540330Z Set `VITE_CONFIG_NATIVE_IGNORE_WARNING=true` to suppress this warning.
2026-10-09T04:15:01.8540477Z 
2026-10-09T04:15:01.8540609Z {"evidence_file": "dual-source/baseline/vitest.stdout", "bytes": 102}
2026-10-09T04:15:01.8540943Z JSON report written to /home/runner/work/_temp/exec08-route-evidence/dual-source/baseline/vitest.json
2026-10-09T04:15:01.8541140Z 
2026-10-09T04:15:01.8541382Z {"evidence_file": "dual-source/candidate/execution.json", "bytes": 8914}
2026-10-09T04:15:01.8541569Z {
2026-10-09T04:15:01.8541670Z   "after": {
2026-10-09T04:15:01.8541828Z     "commit": "a0c61d24b17030577566b120a7ddd810506b25e7",
2026-10-09T04:15:01.8542106Z     "package_lock_sha256": "c4f70934466c07c0a2589ead49f120d1b2278d9775e13fdbf7386913b1658869",
2026-10-09T04:15:01.8542429Z     "status": "",
2026-10-09T04:15:01.8542634Z     "test_sha256": "2a72bb78cc5f9e82d037a0358875c2d0c433d8cd956e0e7801795756c88e9c66",
2026-10-09T04:15:01.8542881Z     "tree": "4034b36faa89a421f2a21b525cf35e93da4a1670"
2026-10-09T04:15:01.8543033Z   },
2026-10-09T04:15:01.8543139Z   "before": {
2026-10-09T04:15:01.8543287Z     "commit": "a0c61d24b17030577566b120a7ddd810506b25e7",
2026-10-09T04:15:01.8543551Z     "package_lock_sha256": "c4f70934466c07c0a2589ead49f120d1b2278d9775e13fdbf7386913b1658869",
2026-10-09T04:15:01.8543772Z     "status": "",
2026-10-09T04:15:01.8543974Z     "test_sha256": "2a72bb78cc5f9e82d037a0358875c2d0c433d8cd956e0e7801795756c88e9c66",
2026-10-09T04:15:01.8544219Z     "tree": "4034b36faa89a421f2a21b525cf35e93da4a1670"
2026-10-09T04:15:01.8544367Z   },
2026-10-09T04:15:01.8544474Z   "evidence_sha256": {
2026-10-09T04:15:01.8544744Z     "execution-boundary-reporter.mjs": "1dd925f72e11859a53eabcd449ee3cf5a1c03da96db652b8d86af782b835fa58",
2026-10-09T04:15:01.8545133Z     "node-version.execution.json": "583d9325f4c197881f4050e01c7cc4278eb3d08f0d5d2a478583d061ffb5b1c6",
2026-10-09T04:15:01.8545566Z     "node-version.stderr": "e3b0c44298fc1c149afbf4c8996fb92427ae41e4649b934ca495991b7852b855",
2026-10-09T04:15:01.8545907Z     "node-version.stdout": "33e26f35db6e57ce0c486ddc815fe966867e4f649e418eaf323f75f4720eb8e9",
2026-10-09T04:15:01.8546251Z     "npm-ci.execution.json": "c1589c71e18e006c7ea8c64e01e9ae7bd9a22bd5468023f755ba74d0ef164a16",
2026-10-09T04:15:01.8546584Z     "npm-ci.stderr": "9c06cf1a9709d4e19ec0a9b7488f4d9a8ea575baf77ab26cfe28e8c863cc376c",
2026-10-09T04:15:01.8546899Z     "npm-ci.stdout": "c6ff857f5b78e1359d106c1ca91db1107de1fef990d8b8c5dd6f19a4a19adbfe",
2026-10-09T04:15:01.8547247Z     "npm-version.execution.json": "494ba0cf2abb8bffaa9e1fb04f89882bd33df058314b0de874486be1cbd088b1",
2026-10-09T04:15:01.8547598Z     "npm-version.stderr": "e3b0c44298fc1c149afbf4c8996fb92427ae41e4649b934ca495991b7852b855",
2026-10-09T04:15:01.8547931Z     "npm-version.stdout": "d49bd31f65cb736f4045946e1c8365657cfed300dc0e4f173af5e93ab4500e1a",
2026-10-09T04:15:01.8548259Z     "run-status.json": "aa09722c0a9e6acc6dab0263317d575b0366f0410b19b5525c18e54d5bd7f69a",
2026-10-09T04:15:01.8548596Z     "vitest.execution.json": "d578bb267e01f86455027fbb857314cd33812b8b7d8b1cc7c384774bedeb98a3",
2026-10-09T04:15:01.8548915Z     "vitest.json": "7aae1592e9689686e7d0b7b5e98e08933b9c5c2d441046eafda0c3da9d274172",
2026-10-09T04:15:01.8549220Z     "vitest.stderr": "b4acd4f819050212c4fe3b3ed8416421330f7ff8c72cb9bb667c335f3e24a94e",
2026-10-09T04:15:01.8549529Z     "vitest.stdout": "178124aa79a98626c134ed9078095036cf937eda2a552bd2cf869eacbec006c9"
2026-10-09T04:15:01.8549734Z   },
2026-10-09T04:15:01.8549898Z   "expected_baseline": "ff43326e81f262daaac7b3dfd8b3047a8f51743b",
2026-10-09T04:15:01.8550139Z   "expected_candidate": "a0c61d24b17030577566b120a7ddd810506b25e7",
2026-10-09T04:15:01.8550317Z   "install": {
2026-10-09T04:15:01.8550425Z     "command": [
2026-10-09T04:15:01.8550540Z       "npm",
2026-10-09T04:15:01.8550645Z       "ci"
2026-10-09T04:15:01.8550750Z     ],
2026-10-09T04:15:01.8550900Z     "cwd": "/home/runner/work/tabmail/tabmail/candidate/web",
2026-10-09T04:15:01.8551087Z     "finished_at": 1791519299.8600929,
2026-10-09T04:15:01.8551341Z     "returncode": 0,
2026-10-09T04:15:01.8551482Z     "started_at": 1791519291.821619,
2026-10-09T04:15:01.8551714Z     "stderr_sha256": "9c06cf1a9709d4e19ec0a9b7488f4d9a8ea575baf77ab26cfe28e8c863cc376c",
2026-10-09T04:15:01.8552025Z     "stdout_sha256": "c6ff857f5b78e1359d106c1ca91db1107de1fef990d8b8c5dd6f19a4a19adbfe",
2026-10-09T04:15:01.8552242Z     "timed_out": false,
2026-10-09T04:15:01.8552373Z     "timeout_seconds": 300
2026-10-09T04:15:01.8552492Z   },
2026-10-09T04:15:01.8552595Z   "mode": "candidate",
2026-10-09T04:15:01.8552713Z   "node": {
2026-10-09T04:15:01.8552814Z     "command": [
2026-10-09T04:15:01.8552926Z       "node",
2026-10-09T04:15:01.8553033Z       "--version"
2026-10-09T04:15:01.8553139Z     ],
2026-10-09T04:15:01.8553381Z     "cwd": "/home/runner/work/tabmail/tabmail/candidate/web",
2026-10-09T04:15:01.8553560Z     "finished_at": 1791519291.7576108,
2026-10-09T04:15:01.8553694Z     "returncode": 0,
2026-10-09T04:15:01.8553826Z     "started_at": 1791519291.754157,
2026-10-09T04:15:01.8554054Z     "stderr_sha256": "e3b0c44298fc1c149afbf4c8996fb92427ae41e4649b934ca495991b7852b855",
2026-10-09T04:15:01.8554364Z     "stdout_sha256": "33e26f35db6e57ce0c486ddc815fe966867e4f649e418eaf323f75f4720eb8e9",
2026-10-09T04:15:01.8554578Z     "timed_out": false,
2026-10-09T04:15:01.8554704Z     "timeout_seconds": 30
2026-10-09T04:15:01.8554823Z   },
2026-10-09T04:15:01.8554922Z   "npm": {
2026-10-09T04:15:01.8555027Z     "command": [
2026-10-09T04:15:01.8555134Z       "npm",
2026-10-09T04:15:01.8555239Z       "--version"
2026-10-09T04:15:01.8555344Z     ],
2026-10-09T04:15:01.8555490Z     "cwd": "/home/runner/work/tabmail/tabmail/candidate/web",
2026-10-09T04:15:01.8555667Z     "finished_at": 1791519291.8214097,
2026-10-09T04:15:01.8555807Z     "returncode": 0,
2026-10-09T04:15:01.8555937Z     "started_at": 1791519291.7577584,
2026-10-09T04:15:01.8556167Z     "stderr_sha256": "e3b0c44298fc1c149afbf4c8996fb92427ae41e4649b934ca495991b7852b855",
2026-10-09T04:15:01.8556557Z     "stdout_sha256": "d49bd31f65cb736f4045946e1c8365657cfed300dc0e4f173af5e93ab4500e1a",
2026-10-09T04:15:01.8556771Z     "timed_out": false,
2026-10-09T04:15:01.8556893Z     "timeout_seconds": 30
2026-10-09T04:15:01.8557012Z   },
2026-10-09T04:15:01.8557163Z   "python": "3.12.3 (main, Aug 31 2026, 10:18:26) [GCC 13.3.0]",
2026-10-09T04:15:01.8557428Z   "reporter_sha256": "1dd925f72e11859a53eabcd449ee3cf5a1c03da96db652b8d86af782b835fa58",
2026-10-09T04:15:01.8557642Z   "results": {
2026-10-09T04:15:01.8557748Z     "all_ids": [
2026-10-09T04:15:01.8557954Z       "explicit mailbox route recovery R01 keeps an unavailable inbox route unresolved",
2026-10-09T04:15:01.8558253Z       "explicit mailbox route recovery R02 keeps an unavailable sent route unresolved",
2026-10-09T04:15:01.8558556Z       "explicit mailbox route recovery R03 keeps an unavailable archive route unresolved",
2026-10-09T04:15:01.8558860Z       "explicit mailbox route recovery R04 keeps an unavailable trash route unresolved",
2026-10-09T04:15:01.8559184Z       "explicit mailbox route recovery R05 rejects an explicit mailbox with no read or send rights",
2026-10-09T04:15:01.8559547Z       "explicit mailbox route recovery R06 distinguishes an empty explicit mailbox from an absent parameter",
2026-10-09T04:15:01.8559904Z       "explicit mailbox route recovery R07 prevents Compose from silently choosing another mailbox",
2026-10-09T04:15:01.8560259Z       "explicit mailbox route recovery R08 retains the ordinary default when no mailbox parameter exists",
2026-10-09T04:15:01.8560613Z       "explicit mailbox route recovery R09 resolves a valid explicit mailbox instead of the first one",
2026-10-09T04:15:01.8560955Z       "explicit mailbox route recovery R10 keeps a selected send-only identity usable for Compose",
2026-10-09T04:15:01.8561428Z       "explicit mailbox route recovery R11 retains an authorized sender for a selected read-only mailbox",
2026-10-09T04:15:01.8561798Z       "explicit mailbox route recovery R12 does not report permanent unavailability during the initial read",
2026-10-09T04:15:01.8562166Z       "explicit mailbox route recovery R13 closes a revoked mailbox and its stream without a fallback read",
2026-10-09T04:15:01.8562552Z       "explicit mailbox route recovery R14 resolves the requested mailbox after an explicit refresh restores access",
2026-10-09T04:15:01.8562972Z       "explicit mailbox route recovery R15 reads another mailbox only after explicit selection and clears stale detail and page",
2026-10-09T04:15:01.8563366Z       "explicit mailbox route recovery R16 preserves cross-mailbox drafts and explicitly opening one",
2026-10-09T04:15:01.8563734Z       "explicit mailbox route recovery R17 preserves cross-mailbox delivery status without a fallback stream",
2026-10-09T04:15:01.8564202Z       "explicit mailbox route recovery R18 retires pending editor opening between two unavailable mailbox routes"
2026-10-09T04:15:01.8564444Z     ],
2026-10-09T04:15:01.8564545Z     "exit_code": 0,
2026-10-09T04:15:01.8564662Z     "failed": 0,
2026-10-09T04:15:01.8564774Z     "leaf_count": 18,
2026-10-09T04:15:01.8564894Z     "negative_ids": [
2026-10-09T04:15:01.8565105Z       "explicit mailbox route recovery R01 keeps an unavailable inbox route unresolved",
2026-10-09T04:15:01.8565407Z       "explicit mailbox route recovery R02 keeps an unavailable sent route unresolved",
2026-10-09T04:15:01.8565709Z       "explicit mailbox route recovery R03 keeps an unavailable archive route unresolved",
2026-10-09T04:15:01.8566012Z       "explicit mailbox route recovery R04 keeps an unavailable trash route unresolved",
2026-10-09T04:15:01.8566330Z       "explicit mailbox route recovery R05 rejects an explicit mailbox with no read or send rights",
2026-10-09T04:15:01.8566693Z       "explicit mailbox route recovery R06 distinguishes an empty explicit mailbox from an absent parameter",
2026-10-09T04:15:01.8567049Z       "explicit mailbox route recovery R07 prevents Compose from silently choosing another mailbox",
2026-10-09T04:15:01.8567481Z       "explicit mailbox route recovery R13 closes a revoked mailbox and its stream without a fallback read",
2026-10-09T04:15:01.8567866Z       "explicit mailbox route recovery R14 resolves the requested mailbox after an explicit refresh restores access",
2026-10-09T04:15:01.8568282Z       "explicit mailbox route recovery R15 reads another mailbox only after explicit selection and clears stale detail and page",
2026-10-09T04:15:01.8568672Z       "explicit mailbox route recovery R16 preserves cross-mailbox drafts and explicitly opening one",
2026-10-09T04:15:01.8569034Z       "explicit mailbox route recovery R17 preserves cross-mailbox delivery status without a fallback stream",
2026-10-09T04:15:01.8569414Z       "explicit mailbox route recovery R18 retires pending editor opening between two unavailable mailbox routes"
2026-10-09T04:15:01.8569661Z     ],
2026-10-09T04:15:01.8569762Z     "passed": 18,
2026-10-09T04:15:01.8569877Z     "pending": 0,
2026-10-09T04:15:01.8569992Z     "positive_ids": [
2026-10-09T04:15:01.8570237Z       "explicit mailbox route recovery R08 retains the ordinary default when no mailbox parameter exists",
2026-10-09T04:15:01.8570591Z       "explicit mailbox route recovery R09 resolves a valid explicit mailbox instead of the first one",
2026-10-09T04:15:01.8570940Z       "explicit mailbox route recovery R10 keeps a selected send-only identity usable for Compose",
2026-10-09T04:15:01.8571421Z       "explicit mailbox route recovery R11 retains an authorized sender for a selected read-only mailbox",
2026-10-09T04:15:01.8571785Z       "explicit mailbox route recovery R12 does not report permanent unavailability during the initial read"
2026-10-09T04:15:01.8572018Z     ],
2026-10-09T04:15:01.8572121Z     "skipped": 0
2026-10-09T04:15:01.8572227Z   },
2026-10-09T04:15:01.8572373Z   "root": "/home/runner/work/tabmail/tabmail/candidate",
2026-10-09T04:15:01.8572630Z   "runner_sha256": "a75ad6b643b5c2c388055fd824441ca16377b4e8353c649d07ad0785958db0d6",
2026-10-09T04:15:01.8572839Z   "test": {
2026-10-09T04:15:01.8572947Z     "command": [
2026-10-09T04:15:01.8573054Z       "node",
2026-10-09T04:15:01.8573254Z       "/home/runner/work/tabmail/tabmail/candidate/web/node_modules/vitest/vitest.mjs",
2026-10-09T04:15:01.8573466Z       "run",
2026-10-09T04:15:01.8573633Z       "features/mail/workspace-mailbox-route-recovery.test.tsx",
2026-10-09T04:15:01.8573819Z       "--maxWorkers=1",
2026-10-09T04:15:01.8573961Z       "--no-file-parallelism",
2026-10-09T04:15:01.8574097Z       "--reporter=json",
2026-10-09T04:15:01.8574386Z       "--reporter=/home/runner/work/_temp/exec08-route-evidence/dual-source/candidate/execution-boundary-reporter.mjs",
2026-10-09T04:15:01.8574774Z       "--outputFile=/home/runner/work/_temp/exec08-route-evidence/dual-source/candidate/vitest.json"
2026-10-09T04:15:01.8575093Z     ],
2026-10-09T04:15:01.8575239Z     "cwd": "/home/runner/work/tabmail/tabmail/candidate/web",
2026-10-09T04:15:01.8575424Z     "finished_at": 1791519301.781716,
2026-10-09T04:15:01.8575561Z     "returncode": 0,
2026-10-09T04:15:01.8575693Z     "started_at": 1791519299.8604846,
2026-10-09T04:15:01.8575924Z     "stderr_sha256": "b4acd4f819050212c4fe3b3ed8416421330f7ff8c72cb9bb667c335f3e24a94e",
2026-10-09T04:15:01.8576229Z     "stdout_sha256": "178124aa79a98626c134ed9078095036cf937eda2a552bd2cf869eacbec006c9",
2026-10-09T04:15:01.8576437Z     "timed_out": false,
2026-10-09T04:15:01.8576558Z     "timeout_seconds": 120
2026-10-09T04:15:01.8576674Z   },
2026-10-09T04:15:01.8576868Z   "test_sha256": "2a72bb78cc5f9e82d037a0358875c2d0c433d8cd956e0e7801795756c88e9c66"
2026-10-09T04:15:01.8577069Z }
2026-10-09T04:15:01.8577123Z 
2026-10-09T04:15:01.8577289Z {"evidence_file": "dual-source/candidate/node-version.execution.json", "bytes": 423}
2026-10-09T04:15:01.8577496Z {
2026-10-09T04:15:01.8577599Z   "command": [
2026-10-09T04:15:01.8577706Z     "node",
2026-10-09T04:15:01.8577808Z     "--version"
2026-10-09T04:15:01.8577914Z   ],
2026-10-09T04:15:01.8578059Z   "cwd": "/home/runner/work/tabmail/tabmail/candidate/web",
2026-10-09T04:15:01.8578322Z   "finished_at": 1791519291.7576108,
2026-10-09T04:15:01.8578458Z   "returncode": 0,
2026-10-09T04:15:01.8578584Z   "started_at": 1791519291.754157,
2026-10-09T04:15:01.8578811Z   "stderr_sha256": "e3b0c44298fc1c149afbf4c8996fb92427ae41e4649b934ca495991b7852b855",
2026-10-09T04:15:01.8579116Z   "stdout_sha256": "33e26f35db6e57ce0c486ddc815fe966867e4f649e418eaf323f75f4720eb8e9",
2026-10-09T04:15:01.8579327Z   "timed_out": false,
2026-10-09T04:15:01.8579445Z   "timeout_seconds": 30
2026-10-09T04:15:01.8579558Z }
2026-10-09T04:15:01.8579613Z 
2026-10-09T04:15:01.8579753Z {"evidence_file": "dual-source/candidate/node-version.stderr", "bytes": 0}
2026-10-09T04:15:01.8579899Z 
2026-10-09T04:15:01.8580034Z {"evidence_file": "dual-source/candidate/node-version.stdout", "bytes": 9}
2026-10-09T04:15:01.8580224Z v22.23.3
2026-10-09T04:15:01.8580282Z 
2026-10-09T04:15:01.8580431Z {"evidence_file": "dual-source/candidate/npm-ci.execution.json", "bytes": 416}
2026-10-09T04:15:01.8580630Z {
2026-10-09T04:15:01.8580727Z   "command": [
2026-10-09T04:15:01.8580832Z     "npm",
2026-10-09T04:15:01.8580936Z     "ci"
2026-10-09T04:15:01.8581033Z   ],
2026-10-09T04:15:01.8581176Z   "cwd": "/home/runner/work/tabmail/tabmail/candidate/web",
2026-10-09T04:15:01.8581525Z   "finished_at": 1791519299.8600929,
2026-10-09T04:15:01.8581658Z   "returncode": 0,
2026-10-09T04:15:01.8581784Z   "started_at": 1791519291.821619,
2026-10-09T04:15:01.8582013Z   "stderr_sha256": "9c06cf1a9709d4e19ec0a9b7488f4d9a8ea575baf77ab26cfe28e8c863cc376c",
2026-10-09T04:15:01.8582322Z   "stdout_sha256": "c6ff857f5b78e1359d106c1ca91db1107de1fef990d8b8c5dd6f19a4a19adbfe",
2026-10-09T04:15:01.8582533Z   "timed_out": false,
2026-10-09T04:15:01.8582652Z   "timeout_seconds": 300
2026-10-09T04:15:01.8582768Z }
2026-10-09T04:15:01.8582820Z 
2026-10-09T04:15:01.8582950Z {"evidence_file": "dual-source/candidate/npm-ci.stderr", "bytes": 93}
2026-10-09T04:15:01.8583268Z npm warn deprecated node-domexception@1.0.0: Use your platform's native DOMException instead
2026-10-09T04:15:01.8583452Z 
2026-10-09T04:15:01.8583581Z {"evidence_file": "dual-source/candidate/npm-ci.stdout", "bytes": 335}
2026-10-09T04:15:01.8583719Z 
2026-10-09T04:15:01.8583813Z added 760 packages, and audited 761 packages in 8s
2026-10-09T04:15:01.8583925Z 
2026-10-09T04:15:01.8583996Z 264 packages are looking for funding
2026-10-09T04:15:01.8584139Z   run `npm fund` for details
2026-10-09T04:15:01.8584221Z 
2026-10-09T04:15:01.8584293Z 8 high severity vulnerabilities
2026-10-09T04:15:01.8584379Z 
2026-10-09T04:15:01.8584478Z To address issues that do not require attention, run:
2026-10-09T04:15:01.8584635Z   npm audit fix
2026-10-09T04:15:01.8584700Z 
2026-10-09T04:15:01.8584804Z To address all issues (including breaking changes), run:
2026-10-09T04:15:01.8585103Z   npm audit fix --force
2026-10-09T04:15:01.8585177Z 
2026-10-09T04:15:01.8585239Z Run `npm audit` for details.
2026-10-09T04:15:01.8585320Z 
2026-10-09T04:15:01.8585481Z {"evidence_file": "dual-source/candidate/npm-version.execution.json", "bytes": 423}
2026-10-09T04:15:01.8585687Z {
2026-10-09T04:15:01.8585784Z   "command": [
2026-10-09T04:15:01.8585889Z     "npm",
2026-10-09T04:15:01.8585990Z     "--version"
2026-10-09T04:15:01.8586094Z   ],
2026-10-09T04:15:01.8586240Z   "cwd": "/home/runner/work/tabmail/tabmail/candidate/web",
2026-10-09T04:15:01.8586416Z   "finished_at": 1791519291.8214097,
2026-10-09T04:15:01.8586546Z   "returncode": 0,
2026-10-09T04:15:01.8586671Z   "started_at": 1791519291.7577584,
2026-10-09T04:15:01.8586897Z   "stderr_sha256": "e3b0c44298fc1c149afbf4c8996fb92427ae41e4649b934ca495991b7852b855",
2026-10-09T04:15:01.8587202Z   "stdout_sha256": "d49bd31f65cb736f4045946e1c8365657cfed300dc0e4f173af5e93ab4500e1a",
2026-10-09T04:15:01.8587410Z   "timed_out": false,
2026-10-09T04:15:01.8587530Z   "timeout_seconds": 30
2026-10-09T04:15:01.8587642Z }
2026-10-09T04:15:01.8587695Z 
2026-10-09T04:15:01.8587832Z {"evidence_file": "dual-source/candidate/npm-version.stderr", "bytes": 0}
2026-10-09T04:15:01.8587979Z 
2026-10-09T04:15:01.8588194Z {"evidence_file": "dual-source/candidate/npm-version.stdout", "bytes": 7}
2026-10-09T04:15:01.8588377Z 10.9.9
2026-10-09T04:15:01.8588435Z 
2026-10-09T04:15:01.8588567Z {"evidence_file": "dual-source/candidate/run-status.json", "bytes": 309}
2026-10-09T04:15:01.8588748Z {
2026-10-09T04:15:01.8588844Z   "schema": 1,
2026-10-09T04:15:01.8588958Z   "nodeVersion": "22.23.3",
2026-10-09T04:15:01.8589080Z   "runStarts": 1,
2026-10-09T04:15:01.8589191Z   "runEnds": 1,
2026-10-09T04:15:01.8589305Z   "processTimeout": false,
2026-10-09T04:15:01.8589431Z   "reason": "passed",
2026-10-09T04:15:01.8589546Z   "moduleFiles": [
2026-10-09T04:15:01.8589817Z     "/home/runner/work/tabmail/tabmail/candidate/web/features/mail/workspace-mailbox-route-recovery.test.tsx"
2026-10-09T04:15:01.8590077Z   ],
2026-10-09T04:15:01.8590181Z   "unhandledErrors": [],
2026-10-09T04:15:01.8590302Z   "scopeErrors": []
2026-10-09T04:15:01.8590408Z }
2026-10-09T04:15:01.8590461Z 
2026-10-09T04:15:01.8590596Z {"evidence_file": "dual-source/candidate/verified.json", "bytes": 8914}
2026-10-09T04:15:01.8590777Z {
2026-10-09T04:15:01.8590871Z   "after": {
2026-10-09T04:15:01.8591017Z     "commit": "a0c61d24b17030577566b120a7ddd810506b25e7",
2026-10-09T04:15:01.8591360Z     "package_lock_sha256": "c4f70934466c07c0a2589ead49f120d1b2278d9775e13fdbf7386913b1658869",
2026-10-09T04:15:01.8591581Z     "status": "",
2026-10-09T04:15:01.8591779Z     "test_sha256": "2a72bb78cc5f9e82d037a0358875c2d0c433d8cd956e0e7801795756c88e9c66",
2026-10-09T04:15:01.8592023Z     "tree": "4034b36faa89a421f2a21b525cf35e93da4a1670"
2026-10-09T04:15:01.8592172Z   },
2026-10-09T04:15:01.8592269Z   "before": {
2026-10-09T04:15:01.8592413Z     "commit": "a0c61d24b17030577566b120a7ddd810506b25e7",
2026-10-09T04:15:01.8592675Z     "package_lock_sha256": "c4f70934466c07c0a2589ead49f120d1b2278d9775e13fdbf7386913b1658869",
2026-10-09T04:15:01.8592892Z     "status": "",
2026-10-09T04:15:01.8593091Z     "test_sha256": "2a72bb78cc5f9e82d037a0358875c2d0c433d8cd956e0e7801795756c88e9c66",
2026-10-09T04:15:01.8593333Z     "tree": "4034b36faa89a421f2a21b525cf35e93da4a1670"
2026-10-09T04:15:01.8593478Z   },
2026-10-09T04:15:01.8593582Z   "evidence_sha256": {
2026-10-09T04:15:01.8593845Z     "execution-boundary-reporter.mjs": "1dd925f72e11859a53eabcd449ee3cf5a1c03da96db652b8d86af782b835fa58",
2026-10-09T04:15:01.8594226Z     "node-version.execution.json": "583d9325f4c197881f4050e01c7cc4278eb3d08f0d5d2a478583d061ffb5b1c6",
2026-10-09T04:15:01.8594574Z     "node-version.stderr": "e3b0c44298fc1c149afbf4c8996fb92427ae41e4649b934ca495991b7852b855",
2026-10-09T04:15:01.8594905Z     "node-version.stdout": "33e26f35db6e57ce0c486ddc815fe966867e4f649e418eaf323f75f4720eb8e9",
2026-10-09T04:15:01.8595243Z     "npm-ci.execution.json": "c1589c71e18e006c7ea8c64e01e9ae7bd9a22bd5468023f755ba74d0ef164a16",
2026-10-09T04:15:01.8595663Z     "npm-ci.stderr": "9c06cf1a9709d4e19ec0a9b7488f4d9a8ea575baf77ab26cfe28e8c863cc376c",
2026-10-09T04:15:01.8595978Z     "npm-ci.stdout": "c6ff857f5b78e1359d106c1ca91db1107de1fef990d8b8c5dd6f19a4a19adbfe",
2026-10-09T04:15:01.8596322Z     "npm-version.execution.json": "494ba0cf2abb8bffaa9e1fb04f89882bd33df058314b0de874486be1cbd088b1",
2026-10-09T04:15:01.8596674Z     "npm-version.stderr": "e3b0c44298fc1c149afbf4c8996fb92427ae41e4649b934ca495991b7852b855",
2026-10-09T04:15:01.8597005Z     "npm-version.stdout": "d49bd31f65cb736f4045946e1c8365657cfed300dc0e4f173af5e93ab4500e1a",
2026-10-09T04:15:01.8597327Z     "run-status.json": "aa09722c0a9e6acc6dab0263317d575b0366f0410b19b5525c18e54d5bd7f69a",
2026-10-09T04:15:01.8597656Z     "vitest.execution.json": "d578bb267e01f86455027fbb857314cd33812b8b7d8b1cc7c384774bedeb98a3",
2026-10-09T04:15:01.8597972Z     "vitest.json": "7aae1592e9689686e7d0b7b5e98e08933b9c5c2d441046eafda0c3da9d274172",
2026-10-09T04:15:01.8598282Z     "vitest.stderr": "b4acd4f819050212c4fe3b3ed8416421330f7ff8c72cb9bb667c335f3e24a94e",
2026-10-09T04:15:01.8598585Z     "vitest.stdout": "178124aa79a98626c134ed9078095036cf937eda2a552bd2cf869eacbec006c9"
2026-10-09T04:15:01.8598867Z   },
2026-10-09T04:15:01.8599031Z   "expected_baseline": "ff43326e81f262daaac7b3dfd8b3047a8f51743b",
2026-10-09T04:15:01.8599269Z   "expected_candidate": "a0c61d24b17030577566b120a7ddd810506b25e7",
2026-10-09T04:15:01.8599443Z   "install": {
2026-10-09T04:15:01.8599549Z     "command": [
2026-10-09T04:15:01.8599655Z       "npm",
2026-10-09T04:15:01.8599758Z       "ci"
2026-10-09T04:15:01.8599857Z     ],
2026-10-09T04:15:01.8600007Z     "cwd": "/home/runner/work/tabmail/tabmail/candidate/web",
2026-10-09T04:15:01.8600186Z     "finished_at": 1791519299.8600929,
2026-10-09T04:15:01.8600322Z     "returncode": 0,
2026-10-09T04:15:01.8600450Z     "started_at": 1791519291.821619,
2026-10-09T04:15:01.8600678Z     "stderr_sha256": "9c06cf1a9709d4e19ec0a9b7488f4d9a8ea575baf77ab26cfe28e8c863cc376c",
2026-10-09T04:15:01.8600988Z     "stdout_sha256": "c6ff857f5b78e1359d106c1ca91db1107de1fef990d8b8c5dd6f19a4a19adbfe",
2026-10-09T04:15:01.8601205Z     "timed_out": false,
2026-10-09T04:15:01.8601440Z     "timeout_seconds": 300
2026-10-09T04:15:01.8601557Z   },
2026-10-09T04:15:01.8601658Z   "mode": "candidate",
2026-10-09T04:15:01.8601771Z   "node": {
2026-10-09T04:15:01.8601873Z     "command": [
2026-10-09T04:15:01.8601978Z       "node",
2026-10-09T04:15:01.8602081Z       "--version"
2026-10-09T04:15:01.8602186Z     ],
2026-10-09T04:15:01.8602331Z     "cwd": "/home/runner/work/tabmail/tabmail/candidate/web",
2026-10-09T04:15:01.8602508Z     "finished_at": 1791519291.7576108,
2026-10-09T04:15:01.8602642Z     "returncode": 0,
2026-10-09T04:15:01.8602770Z     "started_at": 1791519291.754157,
2026-10-09T04:15:01.8602997Z     "stderr_sha256": "e3b0c44298fc1c149afbf4c8996fb92427ae41e4649b934ca495991b7852b855",
2026-10-09T04:15:01.8603303Z     "stdout_sha256": "33e26f35db6e57ce0c486ddc815fe966867e4f649e418eaf323f75f4720eb8e9",
2026-10-09T04:15:01.8603516Z     "timed_out": false,
2026-10-09T04:15:01.8603637Z     "timeout_seconds": 30
2026-10-09T04:15:01.8603754Z   },
2026-10-09T04:15:01.8603851Z   "npm": {
2026-10-09T04:15:01.8603960Z     "command": [
2026-10-09T04:15:01.8604064Z       "npm",
2026-10-09T04:15:01.8604168Z       "--version"
2026-10-09T04:15:01.8604275Z     ],
2026-10-09T04:15:01.8604418Z     "cwd": "/home/runner/work/tabmail/tabmail/candidate/web",
2026-10-09T04:15:01.8604594Z     "finished_at": 1791519291.8214097,
2026-10-09T04:15:01.8604727Z     "returncode": 0,
2026-10-09T04:15:01.8604859Z     "started_at": 1791519291.7577584,
2026-10-09T04:15:01.8605086Z     "stderr_sha256": "e3b0c44298fc1c149afbf4c8996fb92427ae41e4649b934ca495991b7852b855",
2026-10-09T04:15:01.8605388Z     "stdout_sha256": "d49bd31f65cb736f4045946e1c8365657cfed300dc0e4f173af5e93ab4500e1a",
2026-10-09T04:15:01.8605599Z     "timed_out": false,
2026-10-09T04:15:01.8605721Z     "timeout_seconds": 30
2026-10-09T04:15:01.8605931Z   },
2026-10-09T04:15:01.8606077Z   "python": "3.12.3 (main, Aug 31 2026, 10:18:26) [GCC 13.3.0]",
2026-10-09T04:15:01.8606343Z   "reporter_sha256": "1dd925f72e11859a53eabcd449ee3cf5a1c03da96db652b8d86af782b835fa58",
2026-10-09T04:15:01.8606562Z   "results": {
2026-10-09T04:15:01.8606666Z     "all_ids": [
2026-10-09T04:15:01.8606866Z       "explicit mailbox route recovery R01 keeps an unavailable inbox route unresolved",
2026-10-09T04:15:01.8607160Z       "explicit mailbox route recovery R02 keeps an unavailable sent route unresolved",
2026-10-09T04:15:01.8607462Z       "explicit mailbox route recovery R03 keeps an unavailable archive route unresolved",
2026-10-09T04:15:01.8607762Z       "explicit mailbox route recovery R04 keeps an unavailable trash route unresolved",
2026-10-09T04:15:01.8608082Z       "explicit mailbox route recovery R05 rejects an explicit mailbox with no read or send rights",
2026-10-09T04:15:01.8608443Z       "explicit mailbox route recovery R06 distinguishes an empty explicit mailbox from an absent parameter",
2026-10-09T04:15:01.8608805Z       "explicit mailbox route recovery R07 prevents Compose from silently choosing another mailbox",
2026-10-09T04:15:01.8609232Z       "explicit mailbox route recovery R08 retains the ordinary default when no mailbox parameter exists",
2026-10-09T04:15:01.8609585Z       "explicit mailbox route recovery R09 resolves a valid explicit mailbox instead of the first one",
2026-10-09T04:15:01.8609929Z       "explicit mailbox route recovery R10 keeps a selected send-only identity usable for Compose",
2026-10-09T04:15:01.8610277Z       "explicit mailbox route recovery R11 retains an authorized sender for a selected read-only mailbox",
2026-10-09T04:15:01.8610641Z       "explicit mailbox route recovery R12 does not report permanent unavailability during the initial read",
2026-10-09T04:15:01.8611010Z       "explicit mailbox route recovery R13 closes a revoked mailbox and its stream without a fallback read",
2026-10-09T04:15:01.8611463Z       "explicit mailbox route recovery R14 resolves the requested mailbox after an explicit refresh restores access",
2026-10-09T04:15:01.8611887Z       "explicit mailbox route recovery R15 reads another mailbox only after explicit selection and clears stale detail and page",
2026-10-09T04:15:01.8612279Z       "explicit mailbox route recovery R16 preserves cross-mailbox drafts and explicitly opening one",
2026-10-09T04:15:01.8612648Z       "explicit mailbox route recovery R17 preserves cross-mailbox delivery status without a fallback stream",
2026-10-09T04:15:01.8613027Z       "explicit mailbox route recovery R18 retires pending editor opening between two unavailable mailbox routes"
2026-10-09T04:15:01.8613266Z     ],
2026-10-09T04:15:01.8613372Z     "exit_code": 0,
2026-10-09T04:15:01.8613482Z     "failed": 0,
2026-10-09T04:15:01.8613593Z     "leaf_count": 18,
2026-10-09T04:15:01.8613709Z     "negative_ids": [
2026-10-09T04:15:01.8613916Z       "explicit mailbox route recovery R01 keeps an unavailable inbox route unresolved",
2026-10-09T04:15:01.8614218Z       "explicit mailbox route recovery R02 keeps an unavailable sent route unresolved",
2026-10-09T04:15:01.8614522Z       "explicit mailbox route recovery R03 keeps an unavailable archive route unresolved",
2026-10-09T04:15:01.8614823Z       "explicit mailbox route recovery R04 keeps an unavailable trash route unresolved",
2026-10-09T04:15:01.8615144Z       "explicit mailbox route recovery R05 rejects an explicit mailbox with no read or send rights",
2026-10-09T04:15:01.8615501Z       "explicit mailbox route recovery R06 distinguishes an empty explicit mailbox from an absent parameter",
2026-10-09T04:15:01.8615855Z       "explicit mailbox route recovery R07 prevents Compose from silently choosing another mailbox",
2026-10-09T04:15:01.8616208Z       "explicit mailbox route recovery R13 closes a revoked mailbox and its stream without a fallback read",
2026-10-09T04:15:01.8616587Z       "explicit mailbox route recovery R14 resolves the requested mailbox after an explicit refresh restores access",
2026-10-09T04:15:01.8617090Z       "explicit mailbox route recovery R15 reads another mailbox only after explicit selection and clears stale detail and page",
2026-10-09T04:15:01.8617481Z       "explicit mailbox route recovery R16 preserves cross-mailbox drafts and explicitly opening one",
2026-10-09T04:15:01.8617846Z       "explicit mailbox route recovery R17 preserves cross-mailbox delivery status without a fallback stream",
2026-10-09T04:15:01.8618228Z       "explicit mailbox route recovery R18 retires pending editor opening between two unavailable mailbox routes"
2026-10-09T04:15:01.8618471Z     ],
2026-10-09T04:15:01.8618573Z     "passed": 18,
2026-10-09T04:15:01.8618684Z     "pending": 0,
2026-10-09T04:15:01.8618796Z     "positive_ids": [
2026-10-09T04:15:01.8619036Z       "explicit mailbox route recovery R08 retains the ordinary default when no mailbox parameter exists",
2026-10-09T04:15:01.8619390Z       "explicit mailbox route recovery R09 resolves a valid explicit mailbox instead of the first one",
2026-10-09T04:15:01.8619732Z       "explicit mailbox route recovery R10 keeps a selected send-only identity usable for Compose",
2026-10-09T04:15:01.8620158Z       "explicit mailbox route recovery R11 retains an authorized sender for a selected read-only mailbox",
2026-10-09T04:15:01.8620523Z       "explicit mailbox route recovery R12 does not report permanent unavailability during the initial read"
2026-10-09T04:15:01.8620757Z     ],
2026-10-09T04:15:01.8620855Z     "skipped": 0
2026-10-09T04:15:01.8620959Z   },
2026-10-09T04:15:01.8621100Z   "root": "/home/runner/work/tabmail/tabmail/candidate",
2026-10-09T04:15:01.8621419Z   "runner_sha256": "a75ad6b643b5c2c388055fd824441ca16377b4e8353c649d07ad0785958db0d6",
2026-10-09T04:15:01.8621692Z   "test": {
2026-10-09T04:15:01.8621792Z     "command": [
2026-10-09T04:15:01.8621894Z       "node",
2026-10-09T04:15:01.8622094Z       "/home/runner/work/tabmail/tabmail/candidate/web/node_modules/vitest/vitest.mjs",
2026-10-09T04:15:01.8622306Z       "run",
2026-10-09T04:15:01.8622471Z       "features/mail/workspace-mailbox-route-recovery.test.tsx",
2026-10-09T04:15:01.8622655Z       "--maxWorkers=1",
2026-10-09T04:15:01.8622792Z       "--no-file-parallelism",
2026-10-09T04:15:01.8622928Z       "--reporter=json",
2026-10-09T04:15:01.8623214Z       "--reporter=/home/runner/work/_temp/exec08-route-evidence/dual-source/candidate/execution-boundary-reporter.mjs",
2026-10-09T04:15:01.8623599Z       "--outputFile=/home/runner/work/_temp/exec08-route-evidence/dual-source/candidate/vitest.json"
2026-10-09T04:15:01.8623823Z     ],
2026-10-09T04:15:01.8623967Z     "cwd": "/home/runner/work/tabmail/tabmail/candidate/web",
2026-10-09T04:15:01.8624147Z     "finished_at": 1791519301.781716,
2026-10-09T04:15:01.8624280Z     "returncode": 0,
2026-10-09T04:15:01.8624412Z     "started_at": 1791519299.8604846,
2026-10-09T04:15:01.8624641Z     "stderr_sha256": "b4acd4f819050212c4fe3b3ed8416421330f7ff8c72cb9bb667c335f3e24a94e",
2026-10-09T04:15:01.8624942Z     "stdout_sha256": "178124aa79a98626c134ed9078095036cf937eda2a552bd2cf869eacbec006c9",
2026-10-09T04:15:01.8625153Z     "timed_out": false,
2026-10-09T04:15:01.8625281Z     "timeout_seconds": 120
2026-10-09T04:15:01.8625398Z   },
2026-10-09T04:15:01.8625594Z   "test_sha256": "2a72bb78cc5f9e82d037a0358875c2d0c433d8cd956e0e7801795756c88e9c66"
2026-10-09T04:15:01.8625795Z }
2026-10-09T04:15:01.8625850Z 
2026-10-09T04:15:01.8626001Z {"evidence_file": "dual-source/candidate/vitest.execution.json", "bytes": 859}
2026-10-09T04:15:01.8626195Z {
2026-10-09T04:15:01.8626292Z   "command": [
2026-10-09T04:15:01.8626398Z     "node",
2026-10-09T04:15:01.8626613Z     "/home/runner/work/tabmail/tabmail/candidate/web/node_modules/vitest/vitest.mjs",
2026-10-09T04:15:01.8626821Z     "run",
2026-10-09T04:15:01.8626986Z     "features/mail/workspace-mailbox-route-recovery.test.tsx",
2026-10-09T04:15:01.8627167Z     "--maxWorkers=1",
2026-10-09T04:15:01.8627295Z     "--no-file-parallelism",
2026-10-09T04:15:01.8627428Z     "--reporter=json",
2026-10-09T04:15:01.8627798Z     "--reporter=/home/runner/work/_temp/exec08-route-evidence/dual-source/candidate/execution-boundary-reporter.mjs",
2026-10-09T04:15:01.8628180Z     "--outputFile=/home/runner/work/_temp/exec08-route-evidence/dual-source/candidate/vitest.json"
2026-10-09T04:15:01.8628404Z   ],
2026-10-09T04:15:01.8628552Z   "cwd": "/home/runner/work/tabmail/tabmail/candidate/web",
2026-10-09T04:15:01.8628734Z   "finished_at": 1791519301.781716,
2026-10-09T04:15:01.8628867Z   "returncode": 0,
2026-10-09T04:15:01.8628992Z   "started_at": 1791519299.8604846,
2026-10-09T04:15:01.8629221Z   "stderr_sha256": "b4acd4f819050212c4fe3b3ed8416421330f7ff8c72cb9bb667c335f3e24a94e",
2026-10-09T04:15:01.8629524Z   "stdout_sha256": "178124aa79a98626c134ed9078095036cf937eda2a552bd2cf869eacbec006c9",
2026-10-09T04:15:01.8629732Z   "timed_out": false,
2026-10-09T04:15:01.8629849Z   "timeout_seconds": 120
2026-10-09T04:15:01.8629968Z }
2026-10-09T04:15:01.8630020Z 
2026-10-09T04:15:01.8630151Z {"evidence_file": "dual-source/candidate/vitest.json", "bytes": 6567}
2026-10-09T04:15:01.8643622Z {"numTotalTestSuites":2,"numPassedTestSuites":2,"numFailedTestSuites":0,"numPendingTestSuites":0,"numTotalTests":18,"numPassedTests":18,"numFailedTests":0,"numPendingTests":0,"numTodoTests":0,"snapshot":{"added":0,"failure":false,"filesAdded":0,"filesRemoved":0,"filesRemovedList":[],"filesUnmatched":0,"filesUpdated":0,"matched":0,"total":0,"unchecked":0,"uncheckedKeysByFile":[],"unmatched":0,"updated":0,"didUpdate":false},"startTime":1791519300110,"success":true,"testResults":[{"assertionResults":[{"ancestorTitles":["explicit mailbox route recovery"],"fullName":"explicit mailbox route recovery R01 keeps an unavailable inbox route unresolved","status":"passed","title":"R01 keeps an unavailable inbox route unresolved","duration":157.66099800000006,"failureMessages":[],"meta":{},"tags":[]},{"ancestorTitles":["explicit mailbox route recovery"],"fullName":"explicit mailbox route recovery R02 keeps an unavailable sent route unresolved","status":"passed","title":"R02 keeps an unavailable sent route unresolved","duration":49.89843099999996,"failureMessages":[],"meta":{},"tags":[]},{"ancestorTitles":["explicit mailbox route recovery"],"fullName":"explicit mailbox route recovery R03 keeps an unavailable archive route unresolved","status":"passed","title":"R03 keeps an unavailable archive route unresolved","duration":46.879999999999995,"failureMessages":[],"meta":{},"tags":[]},{"ancestorTitles":["explicit mailbox route recovery"],"fullName":"explicit mailbox route recovery R04 keeps an unavailable trash route unresolved","status":"passed","title":"R04 keeps an unavailable trash route unresolved","duration":36.62751700000001,"failureMessages":[],"meta":{},"tags":[]},{"ancestorTitles":["explicit mailbox route recovery"],"fullName":"explicit mailbox route recovery R05 rejects an explicit mailbox with no read or send rights","status":"passed","title":"R05 rejects an explicit mailbox with no read or send rights","duration":28.007495999999946,"failureMessages":[],"meta":{},"tags":[]},{"ancestorTitles":["explicit mailbox route recovery"],"fullName":"explicit mailbox route recovery R06 distinguishes an empty explicit mailbox from an absent parameter","status":"passed","title":"R06 distinguishes an empty explicit mailbox from an absent parameter","duration":28.305417000000034,"failureMessages":[],"meta":{},"tags":[]},{"ancestorTitles":["explicit mailbox route recovery"],"fullName":"explicit mailbox route recovery R07 prevents Compose from silently choosing another mailbox","status":"passed","title":"R07 prevents Compose from silently choosing another mailbox","duration":30.139803999999913,"failureMessages":[],"meta":{},"tags":[]},{"ancestorTitles":["explicit mailbox route recovery"],"fullName":"explicit mailbox route recovery R08 retains the ordinary default when no mailbox parameter exists","status":"passed","title":"R08 retains the ordinary default when no mailbox parameter exists","duration":46.26461900000004,"failureMessages":[],"meta":{},"tags":[]},{"ancestorTitles":["explicit mailbox route recovery"],"fullName":"explicit mailbox route recovery R09 resolves a valid explicit mailbox instead of the first one","status":"passed","title":"R09 resolves a valid explicit mailbox instead of the first one","duration":37.10159500000009,"failureMessages":[],"meta":{},"tags":[]},{"ancestorTitles":["explicit mailbox route recovery"],"fullName":"explicit mailbox route recovery R10 keeps a selected send-only identity usable for Compose","status":"passed","title":"R10 keeps a selected send-only identity usable for Compose","duration":38.73902399999997,"failureMessages":[],"meta":{},"tags":[]},{"ancestorTitles":["explicit mailbox route recovery"],"fullName":"explicit mailbox route recovery R11 retains an authorized sender for a selected read-only mailbox","status":"passed","title":"R11 retains an authorized sender for a selected read-only mailbox","duration":49.15942199999995,"failureMessages":[],"meta":{},"tags":[]},{"ancestorTitles":["explicit mailbox route recovery"],"fullName":"explicit mailbox route recovery R12 does not report permanent unavailability during the initial read","status":"passed","title":"R12 does not report permanent unavailability during the initial read","duration":30.750098000000207,"failureMessages":[],"meta":{},"tags":[]},{"ancestorTitles":["explicit mailbox route recovery"],"fullName":"explicit mailbox route recovery R13 closes a revoked mailbox and its stream without a fallback read","status":"passed","title":"R13 closes a revoked mailbox and its stream without a fallback read","duration":62.54368699999986,"failureMessages":[],"meta":{},"tags":[]},{"ancestorTitles":["explicit mailbox route recovery"],"fullName":"explicit mailbox route recovery R14 resolves the requested mailbox after an explicit refresh restores access","status":"passed","title":"R14 resolves the requested mailbox after an explicit refresh restores access","duration":43.806957999999895,"failureMessages":[],"meta":{},"tags":[]},{"ancestorTitles":["explicit mailbox route recovery"],"fullName":"explicit mailbox route recovery R15 reads another mailbox only after explicit selection and clears stale detail and page","status":"passed","title":"R15 reads another mailbox only after explicit selection and clears stale detail and page","duration":45.21119399999998,"failureMessages":[],"meta":{},"tags":[]},{"ancestorTitles":["explicit mailbox route recovery"],"fullName":"explicit mailbox route recovery R16 preserves cross-mailbox drafts and explicitly opening one","status":"passed","title":"R16 preserves cross-mailbox drafts and explicitly opening one","duration":46.91866899999991,"failureMessages":[],"meta":{},"tags":[]},{"ancestorTitles":["explicit mailbox route recovery"],"fullName":"explicit mailbox route recovery R17 preserves cross-mailbox delivery status without a fallback stream","status":"passed","title":"R17 preserves cross-mailbox delivery status without a fallback stream","duration":38.657641999999896,"failureMessages":[],"meta":{},"tags":[]},{"ancestorTitles":["explicit mailbox route recovery"],"fullName":"explicit mailbox route recovery R18 retires pending editor opening between two unavailable mailbox routes","status":"passed","title":"R18 retires pending editor opening between two unavailable mailbox routes","duration":38.60245800000007,"failureMessages":[],"meta":{},"tags":[]}],"startTime":1791519300856,"endTime":1791519301711.6025,"status":"passed","message":"","name":"/home/runner/work/tabmail/tabmail/candidate/web/features/mail/workspace-mailbox-route-recovery.test.tsx"}]}
2026-10-09T04:15:01.8654001Z {"evidence_file": "dual-source/candidate/vitest.stderr", "bytes": 375}
2026-10-09T04:15:01.8654443Z (!) Your Vite config uses features that are unsupported by `configLoader: 'native'`, which is planned to become the default in a future major version of Vite:
2026-10-09T04:15:01.8654951Z   - ESM syntax in a file loaded as CommonJS (vitest.config.ts:1:1). Use a `.mjs` extension or set `"type": "module"` in the closest package.json
2026-10-09T04:15:01.8655326Z Set `VITE_CONFIG_NATIVE_IGNORE_WARNING=true` to suppress this warning.
2026-10-09T04:15:01.8655546Z 
2026-10-09T04:15:01.8655675Z {"evidence_file": "dual-source/candidate/vitest.stdout", "bytes": 103}
2026-10-09T04:15:01.8656013Z JSON report written to /home/runner/work/_temp/exec08-route-evidence/dual-source/candidate/vitest.json
2026-10-09T04:15:01.8656212Z 
2026-10-09T04:15:01.8656328Z {"evidence_file": "dual-source/summary.json", "bytes": 19725}
2026-10-09T04:15:01.8656496Z {
2026-10-09T04:15:01.8656644Z   "baseline": "ff43326e81f262daaac7b3dfd8b3047a8f51743b",
2026-10-09T04:15:01.8656853Z   "candidate": "a0c61d24b17030577566b120a7ddd810506b25e7",
2026-10-09T04:15:01.8657015Z   "errors": {},
2026-10-09T04:15:01.8657126Z   "overlay": {
2026-10-09T04:15:01.8657278Z     "commit": "3bce5f864fbfcf13b1483fc253a275d8f46ef45b",
2026-10-09T04:15:01.8657547Z     "package_lock_sha256": "c4f70934466c07c0a2589ead49f120d1b2278d9775e13fdbf7386913b1658869",
2026-10-09T04:15:01.8657770Z     "status": "",
2026-10-09T04:15:01.8657972Z     "test_sha256": "2a72bb78cc5f9e82d037a0358875c2d0c433d8cd956e0e7801795756c88e9c66",
2026-10-09T04:15:01.8658222Z     "tree": "bdab2bf7c362a15fe1eb56563fa58d88a91efcc0"
2026-10-09T04:15:01.8658374Z   },
2026-10-09T04:15:01.8658475Z   "results": {
2026-10-09T04:15:01.8658665Z     "baseline": {
2026-10-09T04:15:01.8658774Z       "after": {
2026-10-09T04:15:01.8658932Z         "commit": "3bce5f864fbfcf13b1483fc253a275d8f46ef45b",
2026-10-09T04:15:01.8659206Z         "package_lock_sha256": "c4f70934466c07c0a2589ead49f120d1b2278d9775e13fdbf7386913b1658869",
2026-10-09T04:15:01.8659433Z         "status": "",
2026-10-09T04:15:01.8659642Z         "test_sha256": "2a72bb78cc5f9e82d037a0358875c2d0c433d8cd956e0e7801795756c88e9c66",
2026-10-09T04:15:01.8659889Z         "tree": "bdab2bf7c362a15fe1eb56563fa58d88a91efcc0"
2026-10-09T04:15:01.8660044Z       },
2026-10-09T04:15:01.8660149Z       "before": {
2026-10-09T04:15:01.8660300Z         "commit": "3bce5f864fbfcf13b1483fc253a275d8f46ef45b",
2026-10-09T04:15:01.8660569Z         "package_lock_sha256": "c4f70934466c07c0a2589ead49f120d1b2278d9775e13fdbf7386913b1658869",
2026-10-09T04:15:01.8660793Z         "status": "",
2026-10-09T04:15:01.8661007Z         "test_sha256": "2a72bb78cc5f9e82d037a0358875c2d0c433d8cd956e0e7801795756c88e9c66",
2026-10-09T04:15:01.8661318Z         "tree": "bdab2bf7c362a15fe1eb56563fa58d88a91efcc0"
2026-10-09T04:15:01.8661471Z       },
2026-10-09T04:15:01.8661578Z       "evidence_sha256": {
2026-10-09T04:15:01.8661856Z         "execution-boundary-reporter.mjs": "eaecfd994cdb7b0bef0e582da1d95a8d0cb23e83024f58e25762676b47de3bef",
2026-10-09T04:15:01.8662255Z         "node-version.execution.json": "cb4368555632cda89e59dda3af33dd4bf481edeb7ee29e19a784485e3ed1140e",
2026-10-09T04:15:01.8662616Z         "node-version.stderr": "e3b0c44298fc1c149afbf4c8996fb92427ae41e4649b934ca495991b7852b855",
2026-10-09T04:15:01.8662956Z         "node-version.stdout": "33e26f35db6e57ce0c486ddc815fe966867e4f649e418eaf323f75f4720eb8e9",
2026-10-09T04:15:01.8663302Z         "npm-ci.execution.json": "91449d10b7d8b29d751079cc0c8708dd9abb1ba5871ac8c9da02e147a0a0b187",
2026-10-09T04:15:01.8663641Z         "npm-ci.stderr": "9c06cf1a9709d4e19ec0a9b7488f4d9a8ea575baf77ab26cfe28e8c863cc376c",
2026-10-09T04:15:01.8663963Z         "npm-ci.stdout": "1c94ee1d6bc074a0bba492f77f7bf7f687793f987a79c91d4edbe4ef905bf99e",
2026-10-09T04:15:01.8664371Z         "npm-version.execution.json": "4a4a2821bc2d09866faf0cedad5e6bddff80c3f161167679a13bc9e26710e07e",
2026-10-09T04:15:01.8664725Z         "npm-version.stderr": "e3b0c44298fc1c149afbf4c8996fb92427ae41e4649b934ca495991b7852b855",
2026-10-09T04:15:01.8665064Z         "npm-version.stdout": "d49bd31f65cb736f4045946e1c8365657cfed300dc0e4f173af5e93ab4500e1a",
2026-10-09T04:15:01.8665396Z         "run-status.json": "9e739b04efd99effc2c0c228b2c58f79234b9d9c5b99cf2d910231ccae1cd211",
2026-10-09T04:15:01.8665732Z         "vitest.execution.json": "b87e532af250e2e25c647798604d2a7e4804c52170e92c219c37c4a151559ebf",
2026-10-09T04:15:01.8666058Z         "vitest.json": "ff8c44ba24324b2b82e630335fb0529844b92af48d726d70ec04453b0e40e97c",
2026-10-09T04:15:01.8666461Z         "vitest.stderr": "b4acd4f819050212c4fe3b3ed8416421330f7ff8c72cb9bb667c335f3e24a94e",
2026-10-09T04:15:01.8666776Z         "vitest.stdout": "3b94550401131c75d47762f6e7278d1cbb899840df9686d07331a668a713eb43"
2026-10-09T04:15:01.8666982Z       },
2026-10-09T04:15:01.8667150Z       "expected_baseline": "ff43326e81f262daaac7b3dfd8b3047a8f51743b",
2026-10-09T04:15:01.8667395Z       "expected_candidate": "a0c61d24b17030577566b120a7ddd810506b25e7",
2026-10-09T04:15:01.8667575Z       "install": {
2026-10-09T04:15:01.8667686Z         "command": [
2026-10-09T04:15:01.8667802Z           "npm",
2026-10-09T04:15:01.8667908Z           "ci"
2026-10-09T04:15:01.8668012Z         ],
2026-10-09T04:15:01.8668166Z         "cwd": "/home/runner/work/tabmail/tabmail/baseline/web",
2026-10-09T04:15:01.8668352Z         "finished_at": 1791519288.782415,
2026-10-09T04:15:01.8668494Z         "returncode": 0,
2026-10-09T04:15:01.8668631Z         "started_at": 1791519276.041527,
2026-10-09T04:15:01.8668873Z         "stderr_sha256": "9c06cf1a9709d4e19ec0a9b7488f4d9a8ea575baf77ab26cfe28e8c863cc376c",
2026-10-09T04:15:01.8669307Z         "stdout_sha256": "1c94ee1d6bc074a0bba492f77f7bf7f687793f987a79c91d4edbe4ef905bf99e",
2026-10-09T04:15:01.8669528Z         "timed_out": false,
2026-10-09T04:15:01.8669667Z         "timeout_seconds": 300
2026-10-09T04:15:01.8669792Z       },
2026-10-09T04:15:01.8677162Z       "mode": "baseline",
2026-10-09T04:15:01.8677395Z       "node": {
2026-10-09T04:15:01.8677543Z         "command": [
2026-10-09T04:15:01.8677667Z           "node",
2026-10-09T04:15:01.8677778Z           "--version"
2026-10-09T04:15:01.8677889Z         ],
2026-10-09T04:15:01.8678048Z         "cwd": "/home/runner/work/tabmail/tabmail/baseline/web",
2026-10-09T04:15:01.8678240Z         "finished_at": 1791519275.9773557,
2026-10-09T04:15:01.8678387Z         "returncode": 0,
2026-10-09T04:15:01.8678524Z         "started_at": 1791519275.9738724,
2026-10-09T04:15:01.8678775Z         "stderr_sha256": "e3b0c44298fc1c149afbf4c8996fb92427ae41e4649b934ca495991b7852b855",
2026-10-09T04:15:01.8679097Z         "stdout_sha256": "33e26f35db6e57ce0c486ddc815fe966867e4f649e418eaf323f75f4720eb8e9",
2026-10-09T04:15:01.8679322Z         "timed_out": false,
2026-10-09T04:15:01.8679455Z         "timeout_seconds": 30
2026-10-09T04:15:01.8679580Z       },
2026-10-09T04:15:01.8679685Z       "npm": {
2026-10-09T04:15:01.8679795Z         "command": [
2026-10-09T04:15:01.8679907Z           "npm",
2026-10-09T04:15:01.8680016Z           "--version"
2026-10-09T04:15:01.8680127Z         ],
2026-10-09T04:15:01.8680276Z         "cwd": "/home/runner/work/tabmail/tabmail/baseline/web",
2026-10-09T04:15:01.8680459Z         "finished_at": 1791519276.0412939,
2026-10-09T04:15:01.8680601Z         "returncode": 0,
2026-10-09T04:15:01.8680735Z         "started_at": 1791519275.9776042,
2026-10-09T04:15:01.8680968Z         "stderr_sha256": "e3b0c44298fc1c149afbf4c8996fb92427ae41e4649b934ca495991b7852b855",
2026-10-09T04:15:01.8681361Z         "stdout_sha256": "d49bd31f65cb736f4045946e1c8365657cfed300dc0e4f173af5e93ab4500e1a",
2026-10-09T04:15:01.8681577Z         "timed_out": false,
2026-10-09T04:15:01.8681705Z         "timeout_seconds": 30
2026-10-09T04:15:01.8681827Z       },
2026-10-09T04:15:01.8681986Z       "python": "3.12.3 (main, Aug 31 2026, 10:18:26) [GCC 13.3.0]",
2026-10-09T04:15:01.8682266Z       "reporter_sha256": "eaecfd994cdb7b0bef0e582da1d95a8d0cb23e83024f58e25762676b47de3bef",
2026-10-09T04:15:01.8682490Z       "results": {
2026-10-09T04:15:01.8682600Z         "all_ids": [
2026-10-09T04:15:01.8682813Z           "explicit mailbox route recovery R01 keeps an unavailable inbox route unresolved",
2026-10-09T04:15:01.8683120Z           "explicit mailbox route recovery R02 keeps an unavailable sent route unresolved",
2026-10-09T04:15:01.8683428Z           "explicit mailbox route recovery R03 keeps an unavailable archive route unresolved",
2026-10-09T04:15:01.8683736Z           "explicit mailbox route recovery R04 keeps an unavailable trash route unresolved",
2026-10-09T04:15:01.8684181Z           "explicit mailbox route recovery R05 rejects an explicit mailbox with no read or send rights",
2026-10-09T04:15:01.8684552Z           "explicit mailbox route recovery R06 distinguishes an empty explicit mailbox from an absent parameter",
2026-10-09T04:15:01.8684916Z           "explicit mailbox route recovery R07 prevents Compose from silently choosing another mailbox",
2026-10-09T04:15:01.8685274Z           "explicit mailbox route recovery R08 retains the ordinary default when no mailbox parameter exists",
2026-10-09T04:15:01.8685633Z           "explicit mailbox route recovery R09 resolves a valid explicit mailbox instead of the first one",
2026-10-09T04:15:01.8685981Z           "explicit mailbox route recovery R10 keeps a selected send-only identity usable for Compose",
2026-10-09T04:15:01.8686338Z           "explicit mailbox route recovery R11 retains an authorized sender for a selected read-only mailbox",
2026-10-09T04:15:01.8686712Z           "explicit mailbox route recovery R12 does not report permanent unavailability during the initial read",
2026-10-09T04:15:01.8687158Z           "explicit mailbox route recovery R13 closes a revoked mailbox and its stream without a fallback read",
2026-10-09T04:15:01.8687547Z           "explicit mailbox route recovery R14 resolves the requested mailbox after an explicit refresh restores access",
2026-10-09T04:15:01.8687971Z           "explicit mailbox route recovery R15 reads another mailbox only after explicit selection and clears stale detail and page",
2026-10-09T04:15:01.8688369Z           "explicit mailbox route recovery R16 preserves cross-mailbox drafts and explicitly opening one",
2026-10-09T04:15:01.8688740Z           "explicit mailbox route recovery R17 preserves cross-mailbox delivery status without a fallback stream",
2026-10-09T04:15:01.8689127Z           "explicit mailbox route recovery R18 retires pending editor opening between two unavailable mailbox routes"
2026-10-09T04:15:01.8689375Z         ],
2026-10-09T04:15:01.8689481Z         "exit_code": 1,
2026-10-09T04:15:01.8689602Z         "failed": 13,
2026-10-09T04:15:01.8689720Z         "leaf_count": 18,
2026-10-09T04:15:01.8689849Z         "negative_ids": [
2026-10-09T04:15:01.8690063Z           "explicit mailbox route recovery R01 keeps an unavailable inbox route unresolved",
2026-10-09T04:15:01.8690370Z           "explicit mailbox route recovery R02 keeps an unavailable sent route unresolved",
2026-10-09T04:15:01.8690678Z           "explicit mailbox route recovery R03 keeps an unavailable archive route unresolved",
2026-10-09T04:15:01.8690985Z           "explicit mailbox route recovery R04 keeps an unavailable trash route unresolved",
2026-10-09T04:15:01.8691377Z           "explicit mailbox route recovery R05 rejects an explicit mailbox with no read or send rights",
2026-10-09T04:15:01.8691739Z           "explicit mailbox route recovery R06 distinguishes an empty explicit mailbox from an absent parameter",
2026-10-09T04:15:01.8692099Z           "explicit mailbox route recovery R07 prevents Compose from silently choosing another mailbox",
2026-10-09T04:15:01.8692460Z           "explicit mailbox route recovery R13 closes a revoked mailbox and its stream without a fallback read",
2026-10-09T04:15:01.8692849Z           "explicit mailbox route recovery R14 resolves the requested mailbox after an explicit refresh restores access",
2026-10-09T04:15:01.8693268Z           "explicit mailbox route recovery R15 reads another mailbox only after explicit selection and clears stale detail and page",
2026-10-09T04:15:01.8693665Z           "explicit mailbox route recovery R16 preserves cross-mailbox drafts and explicitly opening one",
2026-10-09T04:15:01.8694032Z           "explicit mailbox route recovery R17 preserves cross-mailbox delivery status without a fallback stream",
2026-10-09T04:15:01.8694416Z           "explicit mailbox route recovery R18 retires pending editor opening between two unavailable mailbox routes"
2026-10-09T04:15:01.8694751Z         ],
2026-10-09T04:15:01.8694853Z         "passed": 5,
2026-10-09T04:15:01.8694972Z         "pending": 0,
2026-10-09T04:15:01.8695091Z         "positive_ids": [
2026-10-09T04:15:01.8695339Z           "explicit mailbox route recovery R08 retains the ordinary default when no mailbox parameter exists",
2026-10-09T04:15:01.8695697Z           "explicit mailbox route recovery R09 resolves a valid explicit mailbox instead of the first one",
2026-10-09T04:15:01.8696049Z           "explicit mailbox route recovery R10 keeps a selected send-only identity usable for Compose",
2026-10-09T04:15:01.8696402Z           "explicit mailbox route recovery R11 retains an authorized sender for a selected read-only mailbox",
2026-10-09T04:15:01.8696769Z           "explicit mailbox route recovery R12 does not report permanent unavailability during the initial read"
2026-10-09T04:15:01.8697006Z         ],
2026-10-09T04:15:01.8697109Z         "skipped": 0
2026-10-09T04:15:01.8697218Z       },
2026-10-09T04:15:01.8697368Z       "root": "/home/runner/work/tabmail/tabmail/baseline",
2026-10-09T04:15:01.8697633Z       "runner_sha256": "a75ad6b643b5c2c388055fd824441ca16377b4e8353c649d07ad0785958db0d6",
2026-10-09T04:15:01.8697844Z       "test": {
2026-10-09T04:15:01.8698030Z         "command": [
2026-10-09T04:15:01.8698141Z           "node",
2026-10-09T04:15:01.8698346Z           "/home/runner/work/tabmail/tabmail/baseline/web/node_modules/vitest/vitest.mjs",
2026-10-09T04:15:01.8698556Z           "run",
2026-10-09T04:15:01.8698731Z           "features/mail/workspace-mailbox-route-recovery.test.tsx",
2026-10-09T04:15:01.8698919Z           "--maxWorkers=1",
2026-10-09T04:15:01.8699063Z           "--no-file-parallelism",
2026-10-09T04:15:01.8699209Z           "--reporter=json",
2026-10-09T04:15:01.8699506Z           "--reporter=/home/runner/work/_temp/exec08-route-evidence/dual-source/baseline/execution-boundary-reporter.mjs",
2026-10-09T04:15:01.8699892Z           "--outputFile=/home/runner/work/_temp/exec08-route-evidence/dual-source/baseline/vitest.json"
2026-10-09T04:15:01.8700121Z         ],
2026-10-09T04:15:01.8700272Z         "cwd": "/home/runner/work/tabmail/tabmail/baseline/web",
2026-10-09T04:15:01.8700455Z         "finished_at": 1791519291.7028255,
2026-10-09T04:15:01.8700603Z         "returncode": 1,
2026-10-09T04:15:01.8700741Z         "started_at": 1791519288.7827475,
2026-10-09T04:15:01.8700982Z         "stderr_sha256": "b4acd4f819050212c4fe3b3ed8416421330f7ff8c72cb9bb667c335f3e24a94e",
2026-10-09T04:15:01.8701357Z         "stdout_sha256": "3b94550401131c75d47762f6e7278d1cbb899840df9686d07331a668a713eb43",
2026-10-09T04:15:01.8701570Z         "timed_out": false,
2026-10-09T04:15:01.8701707Z         "timeout_seconds": 120
2026-10-09T04:15:01.8701752Z       },
2026-10-09T04:15:01.8701895Z       "test_sha256": "2a72bb78cc5f9e82d037a0358875c2d0c433d8cd956e0e7801795756c88e9c66"
2026-10-09T04:15:01.8701939Z     },
2026-10-09T04:15:01.8701988Z     "candidate": {
2026-10-09T04:15:01.8702036Z       "after": {
2026-10-09T04:15:01.8702130Z         "commit": "a0c61d24b17030577566b120a7ddd810506b25e7",
2026-10-09T04:15:01.8702289Z         "package_lock_sha256": "c4f70934466c07c0a2589ead49f120d1b2278d9775e13fdbf7386913b1658869",
2026-10-09T04:15:01.8702344Z         "status": "",
2026-10-09T04:15:01.8702486Z         "test_sha256": "2a72bb78cc5f9e82d037a0358875c2d0c433d8cd956e0e7801795756c88e9c66",
2026-10-09T04:15:01.8702573Z         "tree": "4034b36faa89a421f2a21b525cf35e93da4a1670"
2026-10-09T04:15:01.8702619Z       },
2026-10-09T04:15:01.8702666Z       "before": {
2026-10-09T04:15:01.8702754Z         "commit": "a0c61d24b17030577566b120a7ddd810506b25e7",
2026-10-09T04:15:01.8702913Z         "package_lock_sha256": "c4f70934466c07c0a2589ead49f120d1b2278d9775e13fdbf7386913b1658869",
2026-10-09T04:15:01.8702964Z         "status": "",
2026-10-09T04:15:01.8703101Z         "test_sha256": "2a72bb78cc5f9e82d037a0358875c2d0c433d8cd956e0e7801795756c88e9c66",
2026-10-09T04:15:01.8703188Z         "tree": "4034b36faa89a421f2a21b525cf35e93da4a1670"
2026-10-09T04:15:01.8703323Z       },
2026-10-09T04:15:01.8703376Z       "evidence_sha256": {
2026-10-09T04:15:01.8703577Z         "execution-boundary-reporter.mjs": "1dd925f72e11859a53eabcd449ee3cf5a1c03da96db652b8d86af782b835fa58",
2026-10-09T04:15:01.8703760Z         "node-version.execution.json": "583d9325f4c197881f4050e01c7cc4278eb3d08f0d5d2a478583d061ffb5b1c6",
2026-10-09T04:15:01.8703921Z         "node-version.stderr": "e3b0c44298fc1c149afbf4c8996fb92427ae41e4649b934ca495991b7852b855",
2026-10-09T04:15:01.8704080Z         "node-version.stdout": "33e26f35db6e57ce0c486ddc815fe966867e4f649e418eaf323f75f4720eb8e9",
2026-10-09T04:15:01.8704249Z         "npm-ci.execution.json": "c1589c71e18e006c7ea8c64e01e9ae7bd9a22bd5468023f755ba74d0ef164a16",
2026-10-09T04:15:01.8704401Z         "npm-ci.stderr": "9c06cf1a9709d4e19ec0a9b7488f4d9a8ea575baf77ab26cfe28e8c863cc376c",
2026-10-09T04:15:01.8704547Z         "npm-ci.stdout": "c6ff857f5b78e1359d106c1ca91db1107de1fef990d8b8c5dd6f19a4a19adbfe",
2026-10-09T04:15:01.8704734Z         "npm-version.execution.json": "494ba0cf2abb8bffaa9e1fb04f89882bd33df058314b0de874486be1cbd088b1",
2026-10-09T04:15:01.8704895Z         "npm-version.stderr": "e3b0c44298fc1c149afbf4c8996fb92427ae41e4649b934ca495991b7852b855",
2026-10-09T04:15:01.8705131Z         "npm-version.stdout": "d49bd31f65cb736f4045946e1c8365657cfed300dc0e4f173af5e93ab4500e1a",
2026-10-09T04:15:01.8705285Z         "run-status.json": "aa09722c0a9e6acc6dab0263317d575b0366f0410b19b5525c18e54d5bd7f69a",
2026-10-09T04:15:01.8705448Z         "vitest.execution.json": "d578bb267e01f86455027fbb857314cd33812b8b7d8b1cc7c384774bedeb98a3",
2026-10-09T04:15:01.8705592Z         "vitest.json": "7aae1592e9689686e7d0b7b5e98e08933b9c5c2d441046eafda0c3da9d274172",
2026-10-09T04:15:01.8705736Z         "vitest.stderr": "b4acd4f819050212c4fe3b3ed8416421330f7ff8c72cb9bb667c335f3e24a94e",
2026-10-09T04:15:01.8705881Z         "vitest.stdout": "178124aa79a98626c134ed9078095036cf937eda2a552bd2cf869eacbec006c9"
2026-10-09T04:15:01.8705930Z       },
2026-10-09T04:15:01.8706042Z       "expected_baseline": "ff43326e81f262daaac7b3dfd8b3047a8f51743b",
2026-10-09T04:15:01.8706155Z       "expected_candidate": "a0c61d24b17030577566b120a7ddd810506b25e7",
2026-10-09T04:15:01.8706208Z       "install": {
2026-10-09T04:15:01.8706254Z         "command": [
2026-10-09T04:15:01.8706300Z           "npm",
2026-10-09T04:15:01.8706347Z           "ci"
2026-10-09T04:15:01.8706389Z         ],
2026-10-09T04:15:01.8706488Z         "cwd": "/home/runner/work/tabmail/tabmail/candidate/web",
2026-10-09T04:15:01.8706555Z         "finished_at": 1791519299.8600929,
2026-10-09T04:15:01.8706604Z         "returncode": 0,
2026-10-09T04:15:01.8706669Z         "started_at": 1791519291.821619,
2026-10-09T04:15:01.8706818Z         "stderr_sha256": "9c06cf1a9709d4e19ec0a9b7488f4d9a8ea575baf77ab26cfe28e8c863cc376c",
2026-10-09T04:15:01.8706963Z         "stdout_sha256": "c6ff857f5b78e1359d106c1ca91db1107de1fef990d8b8c5dd6f19a4a19adbfe",
2026-10-09T04:15:01.8707014Z         "timed_out": false,
2026-10-09T04:15:01.8707077Z         "timeout_seconds": 300
2026-10-09T04:15:01.8707120Z       },
2026-10-09T04:15:01.8707171Z       "mode": "candidate",
2026-10-09T04:15:01.8707216Z       "node": {
2026-10-09T04:15:01.8707266Z         "command": [
2026-10-09T04:15:01.8707312Z           "node",
2026-10-09T04:15:01.8707359Z           "--version"
2026-10-09T04:15:01.8707401Z         ],
2026-10-09T04:15:01.8707498Z         "cwd": "/home/runner/work/tabmail/tabmail/candidate/web",
2026-10-09T04:15:01.8707563Z         "finished_at": 1791519291.7576108,
2026-10-09T04:15:01.8707612Z         "returncode": 0,
2026-10-09T04:15:01.8707675Z         "started_at": 1791519291.754157,
2026-10-09T04:15:01.8707819Z         "stderr_sha256": "e3b0c44298fc1c149afbf4c8996fb92427ae41e4649b934ca495991b7852b855",
2026-10-09T04:15:01.8707963Z         "stdout_sha256": "33e26f35db6e57ce0c486ddc815fe966867e4f649e418eaf323f75f4720eb8e9",
2026-10-09T04:15:01.8708012Z         "timed_out": false,
2026-10-09T04:15:01.8708065Z         "timeout_seconds": 30
2026-10-09T04:15:01.8708167Z       },
2026-10-09T04:15:01.8708212Z       "npm": {
2026-10-09T04:15:01.8708258Z         "command": [
2026-10-09T04:15:01.8708304Z           "npm",
2026-10-09T04:15:01.8708350Z           "--version"
2026-10-09T04:15:01.8708395Z         ],
2026-10-09T04:15:01.8708489Z         "cwd": "/home/runner/work/tabmail/tabmail/candidate/web",
2026-10-09T04:15:01.8708553Z         "finished_at": 1791519291.8214097,
2026-10-09T04:15:01.8708602Z         "returncode": 0,
2026-10-09T04:15:01.8708666Z         "started_at": 1791519291.7577584,
2026-10-09T04:15:01.8708808Z         "stderr_sha256": "e3b0c44298fc1c149afbf4c8996fb92427ae41e4649b934ca495991b7852b855",
2026-10-09T04:15:01.8708950Z         "stdout_sha256": "d49bd31f65cb736f4045946e1c8365657cfed300dc0e4f173af5e93ab4500e1a",
2026-10-09T04:15:01.8709000Z         "timed_out": false,
2026-10-09T04:15:01.8709051Z         "timeout_seconds": 30
2026-10-09T04:15:01.8709095Z       },
2026-10-09T04:15:01.8709194Z       "python": "3.12.3 (main, Aug 31 2026, 10:18:26) [GCC 13.3.0]",
2026-10-09T04:15:01.8709347Z       "reporter_sha256": "1dd925f72e11859a53eabcd449ee3cf5a1c03da96db652b8d86af782b835fa58",
2026-10-09T04:15:01.8709394Z       "results": {
2026-10-09T04:15:01.8709500Z         "all_ids": [
2026-10-09T04:15:01.8709647Z           "explicit mailbox route recovery R01 keeps an unavailable inbox route unresolved",
2026-10-09T04:15:01.8709789Z           "explicit mailbox route recovery R02 keeps an unavailable sent route unresolved",
2026-10-09T04:15:01.8709935Z           "explicit mailbox route recovery R03 keeps an unavailable archive route unresolved",
2026-10-09T04:15:01.8710073Z           "explicit mailbox route recovery R04 keeps an unavailable trash route unresolved",
2026-10-09T04:15:01.8710238Z           "explicit mailbox route recovery R05 rejects an explicit mailbox with no read or send rights",
2026-10-09T04:15:01.8710419Z           "explicit mailbox route recovery R06 distinguishes an empty explicit mailbox from an absent parameter",
2026-10-09T04:15:01.8710585Z           "explicit mailbox route recovery R07 prevents Compose from silently choosing another mailbox",
2026-10-09T04:15:01.8710760Z           "explicit mailbox route recovery R08 retains the ordinary default when no mailbox parameter exists",
2026-10-09T04:15:01.8710928Z           "explicit mailbox route recovery R09 resolves a valid explicit mailbox instead of the first one",
2026-10-09T04:15:01.8711092Z           "explicit mailbox route recovery R10 keeps a selected send-only identity usable for Compose",
2026-10-09T04:15:01.8711335Z           "explicit mailbox route recovery R11 retains an authorized sender for a selected read-only mailbox",
2026-10-09T04:15:01.8711516Z           "explicit mailbox route recovery R12 does not report permanent unavailability during the initial read",
2026-10-09T04:15:01.8711694Z           "explicit mailbox route recovery R13 closes a revoked mailbox and its stream without a fallback read",
2026-10-09T04:15:01.8711893Z           "explicit mailbox route recovery R14 resolves the requested mailbox after an explicit refresh restores access",
2026-10-09T04:15:01.8712114Z           "explicit mailbox route recovery R15 reads another mailbox only after explicit selection and clears stale detail and page",
2026-10-09T04:15:01.8712287Z           "explicit mailbox route recovery R16 preserves cross-mailbox drafts and explicitly opening one",
2026-10-09T04:15:01.8712471Z           "explicit mailbox route recovery R17 preserves cross-mailbox delivery status without a fallback stream",
2026-10-09T04:15:01.8712662Z           "explicit mailbox route recovery R18 retires pending editor opening between two unavailable mailbox routes"
2026-10-09T04:15:01.8712706Z         ],
2026-10-09T04:15:01.8712758Z         "exit_code": 0,
2026-10-09T04:15:01.8712807Z         "failed": 0,
2026-10-09T04:15:01.8712857Z         "leaf_count": 18,
2026-10-09T04:15:01.8712909Z         "negative_ids": [
2026-10-09T04:15:01.8713055Z           "explicit mailbox route recovery R01 keeps an unavailable inbox route unresolved",
2026-10-09T04:15:01.8713283Z           "explicit mailbox route recovery R02 keeps an unavailable sent route unresolved",
2026-10-09T04:15:01.8713432Z           "explicit mailbox route recovery R03 keeps an unavailable archive route unresolved",
2026-10-09T04:15:01.8713575Z           "explicit mailbox route recovery R04 keeps an unavailable trash route unresolved",
2026-10-09T04:15:01.8713740Z           "explicit mailbox route recovery R05 rejects an explicit mailbox with no read or send rights",
2026-10-09T04:15:01.8713922Z           "explicit mailbox route recovery R06 distinguishes an empty explicit mailbox from an absent parameter",
2026-10-09T04:15:01.8714088Z           "explicit mailbox route recovery R07 prevents Compose from silently choosing another mailbox",
2026-10-09T04:15:01.8714265Z           "explicit mailbox route recovery R13 closes a revoked mailbox and its stream without a fallback read",
2026-10-09T04:15:01.8714460Z           "explicit mailbox route recovery R14 resolves the requested mailbox after an explicit refresh restores access",
2026-10-09T04:15:01.8714767Z           "explicit mailbox route recovery R15 reads another mailbox only after explicit selection and clears stale detail and page",
2026-10-09T04:15:01.8714942Z           "explicit mailbox route recovery R16 preserves cross-mailbox drafts and explicitly opening one",
2026-10-09T04:15:01.8715124Z           "explicit mailbox route recovery R17 preserves cross-mailbox delivery status without a fallback stream",
2026-10-09T04:15:01.8715311Z           "explicit mailbox route recovery R18 retires pending editor opening between two unavailable mailbox routes"
2026-10-09T04:15:01.8715358Z         ],
2026-10-09T04:15:01.8715409Z         "passed": 18,
2026-10-09T04:15:01.8715458Z         "pending": 0,
2026-10-09T04:15:01.8715511Z         "positive_ids": [
2026-10-09T04:15:01.8715686Z           "explicit mailbox route recovery R08 retains the ordinary default when no mailbox parameter exists",
2026-10-09T04:15:01.8715857Z           "explicit mailbox route recovery R09 resolves a valid explicit mailbox instead of the first one",
2026-10-09T04:15:01.8716028Z           "explicit mailbox route recovery R10 keeps a selected send-only identity usable for Compose",
2026-10-09T04:15:01.8716203Z           "explicit mailbox route recovery R11 retains an authorized sender for a selected read-only mailbox",
2026-10-09T04:15:01.8716380Z           "explicit mailbox route recovery R12 does not report permanent unavailability during the initial read"
2026-10-09T04:15:01.8716423Z         ],
2026-10-09T04:15:01.8716473Z         "skipped": 0
2026-10-09T04:15:01.8716519Z       },
2026-10-09T04:15:01.8716614Z       "root": "/home/runner/work/tabmail/tabmail/candidate",
2026-10-09T04:15:01.8716763Z       "runner_sha256": "a75ad6b643b5c2c388055fd824441ca16377b4e8353c649d07ad0785958db0d6",
2026-10-09T04:15:01.8716811Z       "test": {
2026-10-09T04:15:01.8716857Z         "command": [
2026-10-09T04:15:01.8716906Z           "node",
2026-10-09T04:15:01.8717054Z           "/home/runner/work/tabmail/tabmail/candidate/web/node_modules/vitest/vitest.mjs",
2026-10-09T04:15:01.8717099Z           "run",
2026-10-09T04:15:01.8717215Z           "features/mail/workspace-mailbox-route-recovery.test.tsx",
2026-10-09T04:15:01.8717269Z           "--maxWorkers=1",
2026-10-09T04:15:01.8717338Z           "--no-file-parallelism",
2026-10-09T04:15:01.8717395Z           "--reporter=json",
2026-10-09T04:15:01.8717613Z           "--reporter=/home/runner/work/_temp/exec08-route-evidence/dual-source/candidate/execution-boundary-reporter.mjs",
2026-10-09T04:15:01.8717780Z           "--outputFile=/home/runner/work/_temp/exec08-route-evidence/dual-source/candidate/vitest.json"
2026-10-09T04:15:01.8717826Z         ],
2026-10-09T04:15:01.8717923Z         "cwd": "/home/runner/work/tabmail/tabmail/candidate/web",
2026-10-09T04:15:01.8717989Z         "finished_at": 1791519301.781716,
2026-10-09T04:15:01.8718042Z         "returncode": 0,
2026-10-09T04:15:01.8718164Z         "started_at": 1791519299.8604846,
2026-10-09T04:15:01.8718314Z         "stderr_sha256": "b4acd4f819050212c4fe3b3ed8416421330f7ff8c72cb9bb667c335f3e24a94e",
2026-10-09T04:15:01.8718460Z         "stdout_sha256": "178124aa79a98626c134ed9078095036cf937eda2a552bd2cf869eacbec006c9",
2026-10-09T04:15:01.8718513Z         "timed_out": false,
2026-10-09T04:15:01.8718578Z         "timeout_seconds": 120
2026-10-09T04:15:01.8718621Z       },
2026-10-09T04:15:01.8718762Z       "test_sha256": "2a72bb78cc5f9e82d037a0358875c2d0c433d8cd956e0e7801795756c88e9c66"
2026-10-09T04:15:01.8718810Z     }
2026-10-09T04:15:01.8718853Z   },
2026-10-09T04:15:01.8718982Z   "test": "web/features/mail/workspace-mailbox-route-recovery.test.tsx",
2026-10-09T04:15:01.8719121Z   "test_sha256": "2a72bb78cc5f9e82d037a0358875c2d0c433d8cd956e0e7801795756c88e9c66"
2026-10-09T04:15:01.8719166Z }
2026-10-09T04:15:01.8719172Z 
2026-10-09T04:15:01.8719288Z {"evidence_file": "verifier.execution.json", "bytes": 314}
2026-10-09T04:15:01.8719338Z {
2026-10-09T04:15:01.8719385Z   "command": [
2026-10-09T04:15:01.8719441Z     "/usr/bin/python3",
2026-10-09T04:15:01.8719490Z     "-B",
2026-10-09T04:15:01.8719533Z     "-m",
2026-10-09T04:15:01.8719583Z     "unittest",
2026-10-09T04:15:01.8719689Z     "discover",
2026-10-09T04:15:01.8719734Z     "-s",
2026-10-09T04:15:01.8719799Z     "candidate/scripts/tests",
2026-10-09T04:15:01.8719847Z     "-p",
2026-10-09T04:15:01.8719916Z     "test_r5_mailbox_route_recovery.py",
2026-10-09T04:15:01.8719964Z     "-v"
2026-10-09T04:15:01.8720009Z   ],
2026-10-09T04:15:01.8720073Z   "started_at": 1791519275.4079244,
2026-10-09T04:15:01.8720127Z   "timed_out": false,
2026-10-09T04:15:01.8720179Z   "returncode": 0,
2026-10-09T04:15:01.8720242Z   "finished_at": 1791519275.5216794
2026-10-09T04:15:01.8720287Z }
2026-10-09T04:15:01.8720292Z 
2026-10-09T04:15:01.8720390Z {"evidence_file": "verifier.stderr", "bytes": 5743}
2026-10-09T04:15:01.8720668Z test_accepts_complete_candidate (test_r5_mailbox_route_recovery.MailboxRouteVerifierTests.test_accepts_complete_candidate) ... ok
2026-10-09T04:15:01.8721014Z test_accepts_only_fixed_baseline_business_failures (test_r5_mailbox_route_recovery.MailboxRouteVerifierTests.test_accepts_only_fixed_baseline_business_failures) ... ok
2026-10-09T04:15:01.8721363Z test_parser_preserves_valid_report (test_r5_mailbox_route_recovery.MailboxRouteVerifierTests.test_parser_preserves_valid_report) ... ok
2026-10-09T04:15:01.8721663Z test_parser_rejects_duplicate_object_keys (test_r5_mailbox_route_recovery.MailboxRouteVerifierTests.test_parser_rejects_duplicate_object_keys) ... ok
2026-10-09T04:15:01.8721955Z test_parser_rejects_non_finite_numbers (test_r5_mailbox_route_recovery.MailboxRouteVerifierTests.test_parser_rejects_non_finite_numbers) ... ok
2026-10-09T04:15:01.8722302Z test_rejects_additional_error_on_already_failed_leaf (test_r5_mailbox_route_recovery.MailboxRouteVerifierTests.test_rejects_additional_error_on_already_failed_leaf) ... ok
2026-10-09T04:15:01.8722622Z test_rejects_baseline_without_observed_defect (test_r5_mailbox_route_recovery.MailboxRouteVerifierTests.test_rejects_baseline_without_observed_defect) ... ok
2026-10-09T04:15:01.8722983Z test_rejects_boolean_disguised_as_integer_count_or_exit (test_r5_mailbox_route_recovery.MailboxRouteVerifierTests.test_rejects_boolean_disguised_as_integer_count_or_exit) ... ok
2026-10-09T04:15:01.8723344Z test_rejects_duplicate_replacing_one_required_assertion (test_r5_mailbox_route_recovery.MailboxRouteVerifierTests.test_rejects_duplicate_replacing_one_required_assertion) ... ok
2026-10-09T04:15:01.8723672Z test_rejects_each_nonterminal_or_skipped_status (test_r5_mailbox_route_recovery.MailboxRouteVerifierTests.test_rejects_each_nonterminal_or_skipped_status) ... ok
2026-10-09T04:15:01.8724038Z test_rejects_error_attached_to_already_failed_suite_scope (test_r5_mailbox_route_recovery.MailboxRouteVerifierTests.test_rejects_error_attached_to_already_failed_suite_scope) ... ok
2026-10-09T04:15:01.8724343Z test_rejects_exit_one_despite_success_true (test_r5_mailbox_route_recovery.MailboxRouteVerifierTests.test_rejects_exit_one_despite_success_true) ... ok
2026-10-09T04:15:01.8724681Z test_rejects_extra_assertion (test_r5_mailbox_route_recovery.MailboxRouteVerifierTests.test_rejects_extra_assertion) ... ok
2026-10-09T04:15:01.8724908Z test_rejects_extra_file (test_r5_mailbox_route_recovery.MailboxRouteVerifierTests.test_rejects_extra_file) ... ok
2026-10-09T04:15:01.8725199Z test_rejects_extra_runtime_error_fields (test_r5_mailbox_route_recovery.MailboxRouteVerifierTests.test_rejects_extra_runtime_error_fields) ... ok
2026-10-09T04:15:01.8725471Z test_rejects_file_collection_error (test_r5_mailbox_route_recovery.MailboxRouteVerifierTests.test_rejects_file_collection_error) ... ok
2026-10-09T04:15:01.8725820Z test_rejects_incomplete_duplicate_or_interrupted_run (test_r5_mailbox_route_recovery.MailboxRouteVerifierTests.test_rejects_incomplete_duplicate_or_interrupted_run) ... ok
2026-10-09T04:15:01.8726127Z test_rejects_inconsistent_title_or_ancestor (test_r5_mailbox_route_recovery.MailboxRouteVerifierTests.test_rejects_inconsistent_title_or_ancestor) ... ok
2026-10-09T04:15:01.8726609Z test_rejects_infrastructure_error_appended_to_defect_message (test_r5_mailbox_route_recovery.MailboxRouteVerifierTests.test_rejects_infrastructure_error_appended_to_defect_message) ... ok
2026-10-09T04:15:01.8726979Z test_rejects_missing_assertion_even_with_original_summary (test_r5_mailbox_route_recovery.MailboxRouteVerifierTests.test_rejects_missing_assertion_even_with_original_summary) ... ok
2026-10-09T04:15:01.8727272Z test_rejects_missing_report_or_boundary (test_r5_mailbox_route_recovery.MailboxRouteVerifierTests.test_rejects_missing_report_or_boundary) ... ok
2026-10-09T04:15:01.8727585Z test_rejects_missing_stale_editor_observation (test_r5_mailbox_route_recovery.MailboxRouteVerifierTests.test_rejects_missing_stale_editor_observation) ... ok
2026-10-09T04:15:01.8727927Z test_rejects_passing_assertion_with_failure_message (test_r5_mailbox_route_recovery.MailboxRouteVerifierTests.test_rejects_passing_assertion_with_failure_message) ... ok
2026-10-09T04:15:01.8728314Z test_rejects_passing_assertion_with_missing_failure_metadata (test_r5_mailbox_route_recovery.MailboxRouteVerifierTests.test_rejects_passing_assertion_with_missing_failure_metadata) ... ok
2026-10-09T04:15:01.8728675Z test_rejects_reported_223_pass_six_pending_success_shape (test_r5_mailbox_route_recovery.MailboxRouteVerifierTests.test_rejects_reported_223_pass_six_pending_success_shape) ... ok
2026-10-09T04:15:01.8729050Z test_rejects_revocation_loader_error_instead_of_old_fallback (test_r5_mailbox_route_recovery.MailboxRouteVerifierTests.test_rejects_revocation_loader_error_instead_of_old_fallback) ... ok
2026-10-09T04:15:01.8729304Z test_rejects_snapshot_failure (test_r5_mailbox_route_recovery.MailboxRouteVerifierTests.test_rejects_snapshot_failure) ... ok
2026-10-09T04:15:01.8729638Z test_rejects_success_true_with_pending_assertion (test_r5_mailbox_route_recovery.MailboxRouteVerifierTests.test_rejects_success_true_with_pending_assertion) ... ok
2026-10-09T04:15:01.8729938Z test_rejects_summary_counter_disagreement (test_r5_mailbox_route_recovery.MailboxRouteVerifierTests.test_rejects_summary_counter_disagreement) ... ok
2026-10-09T04:15:01.8730241Z test_rejects_summary_success_disagreement (test_r5_mailbox_route_recovery.MailboxRouteVerifierTests.test_rejects_summary_success_disagreement) ... ok
2026-10-09T04:15:01.8730523Z test_rejects_unexpected_assertion_id (test_r5_mailbox_route_recovery.MailboxRouteVerifierTests.test_rejects_unexpected_assertion_id) ... ok
2026-10-09T04:15:01.8730888Z test_rejects_unhandled_error_despite_expected_assertions (test_r5_mailbox_route_recovery.MailboxRouteVerifierTests.test_rejects_unhandled_error_despite_expected_assertions) ... ok
2026-10-09T04:15:01.8731151Z test_rejects_wrong_baseline_exit (test_r5_mailbox_route_recovery.MailboxRouteVerifierTests.test_rejects_wrong_baseline_exit) ... ok
2026-10-09T04:15:01.8731566Z test_rejects_wrong_baseline_failure_set_at_same_totals (test_r5_mailbox_route_recovery.MailboxRouteVerifierTests.test_rejects_wrong_baseline_failure_set_at_same_totals) ... ok
2026-10-09T04:15:01.8731926Z test_rejects_wrong_file_path (test_r5_mailbox_route_recovery.MailboxRouteVerifierTests.test_rejects_wrong_file_path) ... ok
2026-10-09T04:15:01.8732214Z test_rejects_wrong_node_or_extra_module (test_r5_mailbox_route_recovery.MailboxRouteVerifierTests.test_rejects_wrong_node_or_extra_module) ... ok
2026-10-09T04:15:01.8732223Z 
2026-10-09T04:15:01.8732344Z ----------------------------------------------------------------------
2026-10-09T04:15:01.8732405Z Ran 36 tests in 0.002s
2026-10-09T04:15:01.8732409Z 
2026-10-09T04:15:01.8732455Z OK
2026-10-09T04:15:01.8732459Z 
2026-10-09T04:15:01.8732552Z {"evidence_file": "verifier.stdout", "bytes": 0}
2026-10-09T04:15:01.8732557Z 
2026-10-09T04:15:01.8732877Z ::***::
2026-10-09T04:15:01.8774556Z ##[group]Run actions/upload-artifact@v4
2026-10-09T04:15:01.8774606Z with:
2026-10-09T04:15:01.8774684Z   name: exec08-mailbox-route-recovery-37882924532-1
2026-10-09T04:15:01.8774760Z   path: /home/runner/work/_temp/exec08-route-evidence
2026-10-09T04:15:01.8774811Z   if-no-files-found: error
2026-10-09T04:15:01.8774858Z   retention-days: 14
2026-10-09T04:15:01.8774904Z   compression-level: 6
2026-10-09T04:15:01.8774947Z   overwrite: false
2026-10-09T04:15:01.8774999Z   include-hidden-files: false
2026-10-09T04:15:01.8775041Z env:
2026-10-09T04:15:01.8775121Z   R5_CANDIDATE_SHA: a0c61d24b17030577566b120a7ddd810506b25e7
2026-10-09T04:15:01.8775165Z ##[endgroup]
2026-10-09T04:15:01.9766942Z (node:2669) [DEP0040] DeprecationWarning: The `punycode` module is deprecated. Please use a userland alternative instead.
2026-10-09T04:15:01.9767360Z (Use `node --trace-deprecation ...` to show where the warning was created)
2026-10-09T04:15:01.9825614Z With the provided path, there will be 38 files uploaded
2026-10-09T04:15:01.9828354Z Artifact name is valid!
2026-10-09T04:15:01.9828633Z Root directory input is valid!
2026-10-09T04:15:02.3768457Z Beginning upload of artifact content to blob storage
2026-10-09T04:15:02.4077290Z (node:2669) [DEP0169] DeprecationWarning: `url.parse()` behavior is not standardized and prone to errors that have security implications. Use the WHATWG URL API instead. CVEs are not issued for `url.parse()` vulnerabilities.
2026-10-09T04:15:02.7336389Z Uploaded bytes 29125
2026-10-09T04:15:02.8029274Z Finished uploading artifact content to blob storage!
2026-10-09T04:15:02.8029931Z SHA256 digest of uploaded artifact zip is 8918aeb5e538bc3e2815fb4676230314ea6e856ed3fc89c1daeb76a735d29177
2026-10-09T04:15:02.8030898Z Finalizing artifact upload
2026-10-09T04:15:03.0662174Z Artifact exec08-mailbox-route-recovery-37882924532-1.zip successfully finalized. Artifact ID 11595232851
2026-10-09T04:15:03.0662721Z Artifact exec08-mailbox-route-recovery-37882924532-1 has been successfully uploaded! Final size is 29125 bytes. Artifact ID is 11595232851
2026-10-09T04:15:03.0666099Z Artifact download URL: https://github.com/jyqj/tabmail/actions/runs/37882924532/artifacts/11595232851
2026-10-09T04:15:03.0789434Z Post job cleanup.
2026-10-09T04:15:03.1498051Z (node:2681) [DEP0040] DeprecationWarning: The `punycode` module is deprecated. Please use a userland alternative instead.
2026-10-09T04:15:03.1498494Z (Use `node --trace-deprecation ...` to show where the warning was created)
2026-10-09T04:15:03.1644779Z [command]/usr/bin/tar --posix -cf cache.tzst --exclude cache.tzst -P -C /home/runner/work/tabmail/tabmail --files-from manifest.txt --use-compress-program zstdmt
2026-10-09T04:15:03.6070568Z (node:2681) [DEP0169] DeprecationWarning: `url.parse()` behavior is not standardized and prone to errors that have security implications. Use the WHATWG URL API instead. CVEs are not issued for `url.parse()` vulnerabilities.
2026-10-09T04:15:04.5999839Z Sent 0 of 213671154 (0.0%), 0.0 MBs/sec
2026-10-09T04:15:05.6000195Z Sent 12344562 of 213671154 (5.8%), 5.9 MBs/sec
2026-10-09T04:15:05.9136080Z Sent 213671154 of 213671154 (100.0%), 88.1 MBs/sec
2026-10-09T04:15:06.2248201Z Cache saved with the key: node-cache-Linux-x64-npm-ea9229328a8c23e9215172b1d9679c26a577c31e1db125cfc1235fc8f3cc24a8
2026-10-09T04:15:06.2548228Z Post job cleanup.
2026-10-09T04:15:06.3089036Z [command]/usr/bin/git version
2026-10-09T04:15:06.3115754Z git version 2.55.0
2026-10-09T04:15:06.3137901Z Temporarily overriding HOME='/home/runner/work/_temp/bb41892b-2a52-41af-81e0-c5eb43da607b' before making global git config changes
2026-10-09T04:15:06.3138517Z Adding repository directory to the temporary git global config as a safe directory
2026-10-09T04:15:06.3140896Z [command]/usr/bin/git config --global --add safe.directory /home/runner/work/tabmail/tabmail/baseline
2026-10-09T04:15:06.3766338Z [command]/usr/bin/git config --local --name-only --get-regexp core\.sshCommand
2026-10-09T04:15:06.3791082Z [command]/usr/bin/git submodule foreach --recursive sh -c "git config --local --name-only --get-regexp 'core\.sshCommand' && git config --local --unset-all 'core.sshCommand' || :"
2026-10-09T04:15:06.3954365Z [command]/usr/bin/git config --local --name-only --get-regexp http\.https\:\/\/github\.com\/\.extraheader
2026-10-09T04:15:06.3975226Z [command]/usr/bin/git submodule foreach --recursive sh -c "git config --local --name-only --get-regexp 'http\.https\:\/\/github\.com\/\.extraheader' && git config --local --unset-all 'http.https://github.com/.extraheader' || :"
2026-10-09T04:15:06.4133326Z [command]/usr/bin/git config --local --name-only --get-regexp ^includeIf\.gitdir:
2026-10-09T04:15:06.4154303Z [command]/usr/bin/git submodule foreach --recursive git config --local --show-origin --name-only --get-regexp remote.origin.url
2026-10-09T04:15:06.4539594Z Post job cleanup.
2026-10-09T04:15:06.5039428Z [command]/usr/bin/git version
2026-10-09T04:15:06.5065778Z git version 2.55.0
2026-10-09T04:15:06.5088158Z Temporarily overriding HOME='/home/runner/work/_temp/c635ba48-3edd-498e-9cb6-b10fc2ec1dce' before making global git config changes
2026-10-09T04:15:06.5088839Z Adding repository directory to the temporary git global config as a safe directory
2026-10-09T04:15:06.5091198Z [command]/usr/bin/git config --global --add safe.directory /home/runner/work/tabmail/tabmail/candidate
2026-10-09T04:15:06.5636068Z [command]/usr/bin/git config --local --name-only --get-regexp core\.sshCommand
2026-10-09T04:15:06.5656696Z [command]/usr/bin/git submodule foreach --recursive sh -c "git config --local --name-only --get-regexp 'core\.sshCommand' && git config --local --unset-all 'core.sshCommand' || :"
2026-10-09T04:15:06.5818992Z [command]/usr/bin/git config --local --name-only --get-regexp http\.https\:\/\/github\.com\/\.extraheader
2026-10-09T04:15:06.5840110Z [command]/usr/bin/git submodule foreach --recursive sh -c "git config --local --name-only --get-regexp 'http\.https\:\/\/github\.com\/\.extraheader' && git config --local --unset-all 'http.https://github.com/.extraheader' || :"
2026-10-09T04:15:06.5999350Z [command]/usr/bin/git config --local --name-only --get-regexp ^includeIf\.gitdir:
2026-10-09T04:15:06.6052075Z [command]/usr/bin/git submodule foreach --recursive git config --local --show-origin --name-only --get-regexp remote.origin.url
2026-10-09T04:15:06.6739578Z Cleaning up orphan processes
2026-10-09T04:15:06.6937307Z ##[warning]Node.js 20 is deprecated. The following actions target Node.js 20 but are being forced to run on Node.js 24: actions/checkout@v4, actions/setup-node@v4, actions/upload-artifact@v4. For more information see: https://github.blog/changelog/2025-09-19-deprecation-of-node-20-on-github-actions-runners/
