2026-10-09T04:09:51.3959995Z Current runner version: '2.337.0'
2026-10-09T04:09:51.3975949Z ##[group]Runner Image Provisioner
2026-10-09T04:09:51.3976538Z Hosted Compute Agent
2026-10-09T04:09:51.3976976Z Version: 20261002.596
2026-10-09T04:09:51.3977409Z Commit: c3d12f3313a95f25162a1503be624f3b0617f8c0
2026-10-09T04:09:51.3977901Z Build Date: 2026-10-02T22:28:27Z
2026-10-09T04:09:51.3978404Z Worker ID: {2135eb9e-4899-4c41-b2b6-4e5633ea9ab1}
2026-10-09T04:09:51.3978881Z Region: centralus
2026-10-09T04:09:51.3979267Z Cloud: Azure
2026-10-09T04:09:51.3979636Z ##[endgroup]
2026-10-09T04:09:51.3980500Z ##[group]Operating System
2026-10-09T04:09:51.3980972Z Ubuntu
2026-10-09T04:09:51.3981325Z 24.04.5
2026-10-09T04:09:51.3981677Z LTS
2026-10-09T04:09:51.3982051Z ##[endgroup]
2026-10-09T04:09:51.3982423Z ##[group]Runner Image
2026-10-09T04:09:51.3982860Z Image: ubuntu-24.04
2026-10-09T04:09:51.3983244Z Version: 20261004.327.1
2026-10-09T04:09:51.3984121Z Included Software: https://github.com/actions/runner-images/blob/ubuntu24/20261004.327/images/ubuntu/Ubuntu2404-Readme.md
2026-10-09T04:09:51.3985147Z Image Release: https://github.com/actions/runner-images/releases/tag/ubuntu24%2F20261004.327
2026-10-09T04:09:51.3985975Z ##[endgroup]
2026-10-09T04:09:51.3986723Z ##[group]GITHUB_TOKEN Permissions
2026-10-09T04:09:51.3988389Z Contents: read
2026-10-09T04:09:51.3988783Z Metadata: read
2026-10-09T04:09:51.3989146Z ##[endgroup]
2026-10-09T04:09:51.3990547Z Secret source: Actions
2026-10-09T04:09:51.3991235Z Cache mode: write
2026-10-09T04:09:51.3991724Z Prepare workflow directory
2026-10-09T04:09:51.4214348Z Prepare all required actions
2026-10-09T04:09:51.4248572Z Getting action download info
2026-10-09T04:09:51.6513062Z Download action repository 'actions/checkout@v4' (SHA:11d5960a326750d5838078e36cf38b85af677262)
2026-10-09T04:09:51.7153748Z Download action repository 'actions/setup-node@v4' (SHA:49933ea5288caeca8642d1e84afbd3f7d6820020)
2026-10-09T04:09:51.8100959Z Download action repository 'actions/upload-artifact@v4' (SHA:ea165f8d65b6e75b540449e92b4886f43607fa02)
2026-10-09T04:09:52.0174043Z Complete job name: web-regressions
2026-10-09T04:09:52.0672695Z ##[group]Run actions/checkout@v4
2026-10-09T04:09:52.0673365Z with:
2026-10-09T04:09:52.0673717Z   persist-credentials: false
2026-10-09T04:09:52.0674127Z   repository: jyqj/tabmail
2026-10-09T04:09:52.0676883Z   token: ***
2026-10-09T04:09:52.0677226Z   ssh-strict: true
2026-10-09T04:09:52.0677601Z   ssh-user: git
2026-10-09T04:09:52.0678057Z   clean: true
2026-10-09T04:09:52.0678427Z   sparse-checkout-cone-mode: true
2026-10-09T04:09:52.0678856Z   fetch-depth: 1
2026-10-09T04:09:52.0679186Z   fetch-tags: false
2026-10-09T04:09:52.0679561Z   show-progress: true
2026-10-09T04:09:52.0679914Z   lfs: false
2026-10-09T04:09:52.0680251Z   submodules: false
2026-10-09T04:09:52.0680635Z   set-safe-directory: true
2026-10-09T04:09:52.0681034Z   allow-unsafe-pr-checkout: false
2026-10-09T04:09:52.0681578Z ##[endgroup]
2026-10-09T04:09:52.1378317Z Syncing repository: jyqj/tabmail
2026-10-09T04:09:52.1379595Z ##[group]Getting Git version info
2026-10-09T04:09:52.1380247Z Working directory is '/home/runner/work/tabmail/tabmail'
2026-10-09T04:09:52.1381013Z [command]/usr/bin/git version
2026-10-09T04:09:52.1451771Z git version 2.55.0
2026-10-09T04:09:52.1463977Z ##[endgroup]
2026-10-09T04:09:52.1473287Z Temporarily overriding HOME='/home/runner/work/_temp/f1c22df1-a6fc-4633-bafe-c0bf007a60a1' before making global git config changes
2026-10-09T04:09:52.1474584Z Adding repository directory to the temporary git global config as a safe directory
2026-10-09T04:09:52.1476476Z [command]/usr/bin/git config --global --add safe.directory /home/runner/work/tabmail/tabmail
2026-10-09T04:09:52.1511681Z Deleting the contents of '/home/runner/work/tabmail/tabmail'
2026-10-09T04:09:52.1514649Z ##[group]Initializing the repository
2026-10-09T04:09:52.1517654Z [command]/usr/bin/git init /home/runner/work/tabmail/tabmail
2026-10-09T04:09:52.1607200Z hint: Using 'master' as the name for the initial branch. This default branch name
2026-10-09T04:09:52.1608178Z hint: will change to "main" in Git 3.0. To configure the initial branch name
2026-10-09T04:09:52.1609087Z hint: to use in all of your new repositories, which will suppress this warning,
2026-10-09T04:09:52.1609799Z hint: call:
2026-10-09T04:09:52.1610243Z hint:
2026-10-09T04:09:52.1610712Z hint: 	git config --global init.defaultBranch <name>
2026-10-09T04:09:52.1611221Z hint:
2026-10-09T04:09:52.1611804Z hint: Names commonly chosen instead of 'master' are 'main', 'trunk' and
2026-10-09T04:09:52.1612494Z hint: 'development'. The just-created branch can be renamed via this command:
2026-10-09T04:09:52.1613062Z hint:
2026-10-09T04:09:52.1613419Z hint: 	git branch -m <name>
2026-10-09T04:09:52.1613788Z hint:
2026-10-09T04:09:52.1614361Z hint: Disable this message with "git config set advice.defaultBranchName false"
2026-10-09T04:09:52.1615430Z Initialized empty Git repository in /home/runner/work/tabmail/tabmail/.git/
2026-10-09T04:09:52.1616791Z [command]/usr/bin/git remote add origin https://github.com/jyqj/tabmail
2026-10-09T04:09:52.1655795Z ##[endgroup]
2026-10-09T04:09:52.1656487Z ##[group]Disabling automatic garbage collection
2026-10-09T04:09:52.1658970Z [command]/usr/bin/git config --local gc.auto 0
2026-10-09T04:09:52.1680454Z ##[endgroup]
2026-10-09T04:09:52.1681623Z ##[group]Setting up auth
2026-10-09T04:09:52.1684607Z [command]/usr/bin/git config --local --name-only --get-regexp core\.sshCommand
2026-10-09T04:09:52.1703657Z [command]/usr/bin/git submodule foreach --recursive sh -c "git config --local --name-only --get-regexp 'core\.sshCommand' && git config --local --unset-all 'core.sshCommand' || :"
2026-10-09T04:09:52.1960296Z [command]/usr/bin/git config --local --name-only --get-regexp http\.https\:\/\/github\.com\/\.extraheader
2026-10-09T04:09:52.1979676Z [command]/usr/bin/git submodule foreach --recursive sh -c "git config --local --name-only --get-regexp 'http\.https\:\/\/github\.com\/\.extraheader' && git config --local --unset-all 'http.https://github.com/.extraheader' || :"
2026-10-09T04:09:52.2118613Z [command]/usr/bin/git config --local --name-only --get-regexp ^includeIf\.gitdir:
2026-10-09T04:09:52.2139161Z [command]/usr/bin/git submodule foreach --recursive git config --local --show-origin --name-only --get-regexp remote.origin.url
2026-10-09T04:09:52.2278768Z [command]/usr/bin/git config --local http.https://github.com/.extraheader AUTHORIZATION: basic ***
2026-10-09T04:09:52.2314151Z ##[endgroup]
2026-10-09T04:09:52.2314818Z ##[group]Fetching the repository
2026-10-09T04:09:52.2319872Z [command]/usr/bin/git -c protocol.version=2 fetch --no-tags --prune --no-recurse-submodules --depth=1 origin +bd7bea1a4d400317641ce2c5e160eb31486e88a6:refs/remotes/pull/224/merge
2026-10-09T04:09:55.0080112Z From https://github.com/jyqj/tabmail
2026-10-09T04:09:55.0081709Z  * [new ref]         bd7bea1a4d400317641ce2c5e160eb31486e88a6 -> pull/224/merge
2026-10-09T04:09:55.0086289Z ##[endgroup]
2026-10-09T04:09:55.0087711Z ##[group]Determining the checkout info
2026-10-09T04:09:55.0089167Z ##[endgroup]
2026-10-09T04:09:55.0092376Z [command]/usr/bin/git sparse-checkout disable
2026-10-09T04:09:55.0135151Z [command]/usr/bin/git config --local --unset-all extensions.worktreeConfig
2026-10-09T04:09:55.0159750Z ##[group]Checking out the ref
2026-10-09T04:09:55.0161386Z [command]/usr/bin/git checkout --progress --force refs/remotes/pull/224/merge
2026-10-09T04:09:55.2957695Z Note: switching to 'refs/remotes/pull/224/merge'.
2026-10-09T04:09:55.2958432Z 
2026-10-09T04:09:55.2958644Z You are in 'detached HEAD' state. You can look around, make experimental
2026-10-09T04:09:55.2959328Z changes and commit them, and you can discard any commits you make in this
2026-10-09T04:09:55.2959802Z state without impacting any branches by switching back to a branch.
2026-10-09T04:09:55.2960049Z 
2026-10-09T04:09:55.2960275Z If you want to create a new branch to retain commits you create, you may
2026-10-09T04:09:55.2960705Z do so (now or later) by using -c with the switch command. Example:
2026-10-09T04:09:55.2961091Z 
2026-10-09T04:09:55.2961259Z   git switch -c <new-branch-name>
2026-10-09T04:09:55.2961469Z 
2026-10-09T04:09:55.2961608Z Or undo this operation with:
2026-10-09T04:09:55.2961784Z 
2026-10-09T04:09:55.2961927Z   git switch -
2026-10-09T04:09:55.2962092Z 
2026-10-09T04:09:55.2962331Z Turn off this advice by setting config variable advice.detachedHead to false
2026-10-09T04:09:55.2962576Z 
2026-10-09T04:09:55.2962888Z HEAD is now at bd7bea1 Merge 6c475d30e490ae69e2db512d431617aa4e9301d8 into ff43326e81f262daaac7b3dfd8b3047a8f51743b
2026-10-09T04:09:55.2974269Z ##[endgroup]
2026-10-09T04:09:55.2999534Z [command]/usr/bin/git log -1 --format=%H
2026-10-09T04:09:55.3014506Z bd7bea1a4d400317641ce2c5e160eb31486e88a6
2026-10-09T04:09:55.3020569Z ##[group]Removing auth
2026-10-09T04:09:55.3023492Z [command]/usr/bin/git config --local --name-only --get-regexp core\.sshCommand
2026-10-09T04:09:55.3041665Z [command]/usr/bin/git submodule foreach --recursive sh -c "git config --local --name-only --get-regexp 'core\.sshCommand' && git config --local --unset-all 'core.sshCommand' || :"
2026-10-09T04:09:55.3183246Z [command]/usr/bin/git config --local --name-only --get-regexp http\.https\:\/\/github\.com\/\.extraheader
2026-10-09T04:09:55.3199416Z http.https://github.com/.extraheader
2026-10-09T04:09:55.3203784Z [command]/usr/bin/git config --local --unset-all http.https://github.com/.extraheader
2026-10-09T04:09:55.3225495Z [command]/usr/bin/git submodule foreach --recursive sh -c "git config --local --name-only --get-regexp 'http\.https\:\/\/github\.com\/\.extraheader' && git config --local --unset-all 'http.https://github.com/.extraheader' || :"
2026-10-09T04:09:55.3360986Z [command]/usr/bin/git config --local --name-only --get-regexp ^includeIf\.gitdir:
2026-10-09T04:09:55.3377615Z [command]/usr/bin/git submodule foreach --recursive git config --local --show-origin --name-only --get-regexp remote.origin.url
2026-10-09T04:09:55.3512338Z ##[endgroup]
2026-10-09T04:09:55.3706971Z ##[group]Run actions/setup-node@v4
2026-10-09T04:09:55.3707333Z with:
2026-10-09T04:09:55.3707583Z   node-version: 22
2026-10-09T04:09:55.3707821Z   cache: npm
2026-10-09T04:09:55.3708162Z   cache-dependency-path: web/package-lock.json
2026-10-09T04:09:55.3708482Z   always-auth: false
2026-10-09T04:09:55.3708788Z   check-latest: false
2026-10-09T04:09:55.3710517Z   token: ***
2026-10-09T04:09:55.3710760Z ##[endgroup]
2026-10-09T04:09:55.4688468Z Found in cache @ /opt/hostedtoolcache/node/22.23.3/x64
2026-10-09T04:09:55.4690466Z (node:2244) [DEP0040] DeprecationWarning: The `punycode` module is deprecated. Please use a userland alternative instead.
2026-10-09T04:09:55.4691026Z (Use `node --trace-deprecation ...` to show where the warning was created)
2026-10-09T04:09:55.4692714Z ##[group]Environment details
2026-10-09T04:09:55.7657776Z node: v22.23.3
2026-10-09T04:09:55.7658205Z npm: 10.9.9
2026-10-09T04:09:55.7658548Z yarn: 1.22.22
2026-10-09T04:09:55.7659395Z ##[endgroup]
2026-10-09T04:09:55.7675542Z [command]/opt/hostedtoolcache/node/22.23.3/x64/bin/npm config get cache
2026-10-09T04:09:55.8453768Z /home/runner/.npm
2026-10-09T04:09:55.9835228Z npm cache is not found
2026-10-09T04:09:55.9937282Z ##[group]Run mkdir exec-web-evidence
2026-10-09T04:09:55.9937748Z [36;1mmkdir exec-web-evidence[0m
2026-10-09T04:09:55.9938113Z [36;1mgit rev-parse HEAD HEAD^{tree} | tee exec-web-evidence/source.txt[0m
2026-10-09T04:09:56.0100933Z shell: /usr/bin/bash -e {0}
2026-10-09T04:09:56.0101197Z ##[endgroup]
2026-10-09T04:09:56.0192475Z bd7bea1a4d400317641ce2c5e160eb31486e88a6
2026-10-09T04:09:56.0192926Z 55a10b9e87f71bccd0a726cd184abeddeb6e78e1
2026-10-09T04:09:56.0256283Z ##[group]Run npm ci
2026-10-09T04:09:56.0256520Z [36;1mnpm ci[0m
2026-10-09T04:09:56.0282690Z shell: /usr/bin/bash -e {0}
2026-10-09T04:09:56.0283006Z ##[endgroup]
2026-10-09T04:09:58.6770962Z npm warn deprecated node-domexception@1.0.0: Use your platform's native DOMException instead
2026-10-09T04:10:10.1838884Z 
2026-10-09T04:10:10.1862644Z added 760 packages, and audited 761 packages in 14s
2026-10-09T04:10:10.1863648Z 
2026-10-09T04:10:10.1863806Z 264 packages are looking for funding
2026-10-09T04:10:10.1864086Z   run `npm fund` for details
2026-10-09T04:10:10.2120094Z 
2026-10-09T04:10:10.2121101Z 8 high severity vulnerabilities
2026-10-09T04:10:10.2121384Z 
2026-10-09T04:10:10.2121585Z To address issues that do not require attention, run:
2026-10-09T04:10:10.2121871Z   npm audit fix
2026-10-09T04:10:10.2122056Z 
2026-10-09T04:10:10.2122226Z To address all issues (including breaking changes), run:
2026-10-09T04:10:10.2122548Z   npm audit fix --force
2026-10-09T04:10:10.2122821Z 
2026-10-09T04:10:10.2122929Z Run `npm audit` for details.
2026-10-09T04:10:10.2419954Z ##[group]Run npx tsc --noEmit --incremental false
2026-10-09T04:10:10.2420360Z [36;1mnpx tsc --noEmit --incremental false[0m
2026-10-09T04:10:10.2456274Z shell: /usr/bin/bash -e {0}
2026-10-09T04:10:10.2456587Z ##[endgroup]
2026-10-09T04:10:16.7250934Z ##[group]Run set -euo pipefail
2026-10-09T04:10:16.7251258Z [36;1mset -euo pipefail[0m
2026-10-09T04:10:16.7251617Z [36;1mnpx vitest run \[0m
2026-10-09T04:10:16.7251910Z [36;1m  components/company/grants-conflict-review.test.tsx \[0m
2026-10-09T04:10:16.7252232Z [36;1m  components/company/grants.test.tsx \[0m
2026-10-09T04:10:16.7252573Z [36;1m  components/company/mailbox-lifecycle-review.test.tsx \[0m
2026-10-09T04:10:16.7252924Z [36;1m  features/company/mailbox-create-ownership.test.tsx \[0m
2026-10-09T04:10:16.7253279Z [36;1m  features/company/mailbox-owner-freshness.test.tsx \[0m
2026-10-09T04:10:16.7253640Z [36;1m  features/company/mailbox-retention.test.tsx \[0m
2026-10-09T04:10:16.7253987Z [36;1m  components/company/compose-rich-initial.test.tsx \[0m
2026-10-09T04:10:16.7254342Z [36;1m  components/company/compose-rich-reload.test.tsx \[0m
2026-10-09T04:10:16.7254679Z [36;1m  features/mail/components/rich-message-paste.test.tsx \[0m
2026-10-09T04:10:16.7255128Z [36;1m  features/mail/components/rich-message.test.tsx \[0m
2026-10-09T04:10:16.7255657Z [36;1m  features/mail/workspace-mailbox-route-recovery.test.tsx \[0m
2026-10-09T04:10:16.7256017Z [36;1m  features/mail/workspace-editor-opening.test.tsx \[0m
2026-10-09T04:10:16.7256364Z [36;1m  features/mail/workspace-compose-navigation.test.tsx \[0m
2026-10-09T04:10:16.7256695Z [36;1m  features/mail/workspace-events.test.tsx \[0m
2026-10-09T04:10:16.7257012Z [36;1m  lib/compose-identity.test.ts \[0m
2026-10-09T04:10:16.7257395Z [36;1m  --reporter=json --outputFile=../exec-web-evidence/vitest.json[0m
2026-10-09T04:10:16.7292610Z shell: /usr/bin/bash -e {0}
2026-10-09T04:10:16.7292920Z ##[endgroup]
2026-10-09T04:10:17.0562775Z [33m(!) Your Vite config uses features that are unsupported by `configLoader: 'native'`, which is planned to become the default in a future major version of Vite:
2026-10-09T04:10:17.0563616Z   - ESM syntax in a file loaded as CommonJS (vitest.config.ts:1:1). Use a `.mjs` extension or set `"type": "module"` in the closest package.json
2026-10-09T04:10:17.0564364Z Set `VITE_CONFIG_NATIVE_IGNORE_WARNING=true` to suppress this warning.[39m
2026-10-09T04:10:30.3438553Z JSON report written to /home/runner/work/tabmail/tabmail/exec-web-evidence/vitest.json
2026-10-09T04:10:30.3657003Z ##[error]Process completed with exit code 1.
2026-10-09T04:10:30.3777082Z ##[group]Run if test -f exec-web-evidence/vitest.json; then
2026-10-09T04:10:30.3777612Z [36;1mif test -f exec-web-evidence/vitest.json; then[0m
2026-10-09T04:10:30.3778029Z [36;1m  cat exec-web-evidence/vitest.json[0m
2026-10-09T04:10:30.3778441Z [36;1mfi[0m
2026-10-09T04:10:30.3815163Z shell: /usr/bin/bash -e {0}
2026-10-09T04:10:30.3815673Z ##[endgroup]
2026-10-09T04:10:30.4225669Z {"numTotalTestSuites":30,"numPassedTestSuites":28,"numFailedTestSuites":2,"numPendingTestSuites":0,"numTotalTests":229,"numPassedTests":228,"numFailedTests":1,"numPendingTests":0,"numTodoTests":0,"snapshot":{"added":0,"failure":false,"filesAdded":0,"filesRemoved":0,"filesRemovedList":[],"filesUnmatched":0,"filesUpdated":0,"matched":0,"total":0,"unchecked":0,"uncheckedKeysByFile":[],"unmatched":0,"updated":0,"didUpdate":false},"startTime":1791519017077,"success":false,"testResults":[{"assertionResults":[{"ancestorTitles":["composeIdentity"],"fullName":"composeIdentity preserves the current authorized sender","status":"passed","title":"preserves the current authorized sender","duration":5.6288900000000694,"failureMessages":[],"meta":{},"tags":[]},{"ancestorTitles":["composeIdentity"],"fullName":"composeIdentity prefers free-form fallback but still supports template-only senders","status":"passed","title":"prefers free-form fallback but still supports template-only senders","duration":0.4647659999999405,"failureMessages":[],"meta":{},"tags":[]},{"ancestorTitles":["composeIdentity"],"fullName":"composeIdentity does not trust a stale preferred object after its rights change","status":"passed","title":"does not trust a stale preferred object after its rights change","duration":0.260206999999923,"failureMessages":[],"meta":{},"tags":[]},{"ancestorTitles":["composeIdentity"],"fullName":"composeIdentity reports no sender instead of choosing a read-only mailbox","status":"passed","title":"reports no sender instead of choosing a read-only mailbox","duration":0.30970400000001064,"failureMessages":[],"meta":{},"tags":[]}],"startTime":1791519030098,"endTime":1791519030105.3098,"status":"passed","message":"","name":"/home/runner/work/tabmail/tabmail/web/lib/compose-identity.test.ts"},{"assertionResults":[{"ancestorTitles":["opening formatted drafts without losing HTML"],"fullName":"opening formatted drafts without losing HTML opens a saved HTML draft in the formatted editor without generating an edit","status":"passed","title":"opens a saved HTML draft in the formatted editor without generating an edit","duration":288.04042000000004,"failureMessages":[],"meta":{},"tags":[]},{"ancestorTitles":["opening formatted drafts without losing HTML"],"fullName":"opening formatted drafts without losing HTML preserves formatting in the first edit and explicit draft save after reopening","status":"passed","title":"preserves formatting in the first edit and explicit draft save after reopening","duration":85.67029899999989,"failureMessages":[],"meta":{},"tags":[]},{"ancestorTitles":["opening formatted drafts without losing HTML"],"fullName":"opening formatted drafts without losing HTML preserves formatting in the first autosave after reopening","status":"passed","title":"preserves formatting in the first autosave after reopening","duration":43.77758199999994,"failureMessages":[],"meta":{},"tags":[]},{"ancestorTitles":["opening formatted drafts without losing HTML"],"fullName":"opening formatted drafts without losing HTML opens new reply/forward payloads with HTML in the formatted editor","status":"passed","title":"opens new reply/forward payloads with HTML in the formatted editor","duration":108.29521599999998,"failureMessages":[],"meta":{},"tags":[]},{"ancestorTitles":["opening formatted drafts without losing HTML"],"fullName":"opening formatted drafts without losing HTML requires confirmation before deliberately discarding saved formatting","status":"passed","title":"requires confirmation before deliberately discarding saved formatting","duration":88.23416399999996,"failureMessages":[],"meta":{},"tags":[]},{"ancestorTitles":["opening formatted drafts without losing HTML"],"fullName":"opening formatted drafts without losing HTML allows an explicitly confirmed transition to plain text","status":"passed","title":"allows an explicitly confirmed transition to plain text","duration":104.70022900000004,"failureMessages":[],"meta":{},"tags":[]},{"ancestorTitles":["opening formatted drafts without losing HTML"],"fullName":"opening formatted drafts without losing HTML sanitizes initial HTML before exposing an editable DOM","status":"passed","title":"sanitizes initial HTML before exposing an editable DOM","duration":37.22375799999986,"failureMessages":[],"meta":{},"tags":[]},{"ancestorTitles":["opening formatted drafts without losing HTML"],"fullName":"opening formatted drafts without losing HTML keeps a draft with undefined HTML in plain text mode","status":"passed","title":"keeps a draft with undefined HTML in plain text mode","duration":49.743645000000015,"failureMessages":[],"meta":{},"tags":[]},{"ancestorTitles":["opening formatted drafts without losing HTML"],"fullName":"opening formatted drafts without losing HTML keeps a draft with  HTML in plain text mode","status":"passed","title":"keeps a draft with  HTML in plain text mode","duration":42.63667200000009,"failureMessages":[],"meta":{},"tags":[]},{"ancestorTitles":["opening formatted drafts without losing HTML"],"fullName":"opening formatted drafts without losing HTML still allows a plain draft to opt into formatting","status":"passed","title":"still allows a plain draft to opt into formatting","duration":81.11552700000016,"failureMessages":[],"meta":{},"tags":[]},{"ancestorTitles":["opening formatted drafts without losing HTML"],"fullName":"opening formatted drafts without losing HTML shows newly loaded HTML after a plain draft conflicts and is explicitly reloaded","status":"passed","title":"shows newly loaded HTML after a plain draft conflicts and is explicitly reloaded","duration":148.24711400000024,"failureMessages":[],"meta":{},"tags":[]}],"startTime":1791519028291,"endTime":1791519029369.247,"status":"passed","message":"","name":"/home/runner/work/tabmail/tabmail/web/components/company/compose-rich-initial.test.tsx"},{"assertionResults":[{"ancestorTitles":[],"fullName":"replaces focused rich DOM on confirmed reload and submits subsequent input against the loaded revision","status":"passed","title":"replaces focused rich DOM on confirmed reload and submits subsequent input against the loaded revision","duration":526.8170339999999,"failureMessages":[],"meta":{},"tags":[]},{"ancestorTitles":[],"fullName":"clears focused rich content when the explicitly loaded server draft has an empty body","status":"passed","title":"clears focused rich content when the explicitly loaded server draft has an empty body","duration":194.74799100000018,"failureMessages":[],"meta":{},"tags":[]},{"ancestorTitles":[],"fullName":"loads server plain text as literal text into the existing rich mode","status":"passed","title":"loads server plain text as literal text into the existing rich mode","duration":166.864552,"failureMessages":[],"meta":{},"tags":[]},{"ancestorTitles":[],"fullName":"sanitizes server HTML before replacing focused editable DOM","status":"passed","title":"sanitizes server HTML before replacing focused editable DOM","duration":159.53267300000016,"failureMessages":[],"meta":{},"tags":[]},{"ancestorTitles":[],"fullName":"discards native DOM edits even when the loaded body values equal the last controlled values","status":"passed","title":"discards native DOM edits even when the loaded body values equal the last controlled values","duration":183.1181489999999,"failureMessages":[],"meta":{},"tags":[]},{"ancestorTitles":[],"fullName":"handles successive explicit reloads without remounting or leaving formatted mode","status":"passed","title":"handles successive explicit reloads without remounting or leaving formatted mode","duration":207.7490029999999,"failureMessages":[],"meta":{},"tags":[]},{"ancestorTitles":[],"fullName":"retains current DOM while a reload is pending, then applies its confirmed server body","status":"passed","title":"retains current DOM while a reload is pending, then applies its confirmed server body","duration":183.45890000000009,"failureMessages":[],"meta":{},"tags":[]},{"ancestorTitles":[],"fullName":"a network reload failure preserves current DOM, selection and unsaved input","status":"passed","title":"a network reload failure preserves current DOM, selection and unsaved input","duration":134.05831199999966,"failureMessages":[],"meta":{},"tags":[]},{"ancestorTitles":[],"fullName":"a 503 reload failure preserves current DOM, selection and unsaved input","status":"passed","title":"a 503 reload failure preserves current DOM, selection and unsaved input","duration":127.51217300000008,"failureMessages":[],"meta":{},"tags":[]},{"ancestorTitles":[],"fullName":"a malformed JSON reload failure preserves current DOM, selection and unsaved input","status":"passed","title":"a malformed JSON reload failure preserves current DOM, selection and unsaved input","duration":120.73484400000007,"failureMessages":[],"meta":{},"tags":[]},{"ancestorTitles":[],"fullName":"a wrong draft reload failure preserves current DOM, selection and unsaved input","status":"passed","title":"a wrong draft reload failure preserves current DOM, selection and unsaved input","duration":138.67939100000012,"failureMessages":[],"meta":{},"tags":[]},{"ancestorTitles":[],"fullName":"a invalid revision reload failure preserves current DOM, selection and unsaved input","status":"passed","title":"a invalid revision reload failure preserves current DOM, selection and unsaved input","duration":122.25384699999995,"failureMessages":[],"meta":{},"tags":[]},{"ancestorTitles":[],"fullName":"cancelled reload confirmation keeps the existing rich node and never reads","status":"passed","title":"cancelled reload confirmation keeps the existing rich node and never reads","duration":149.40099899999996,"failureMessages":[],"meta":{},"tags":[]},{"ancestorTitles":[],"fullName":"ordinary input and explicit save preserve the existing rich nodes and caret","status":"passed","title":"ordinary input and explicit save preserve the existing rich nodes and caret","duration":97.13988599999993,"failureMessages":[],"meta":{},"tags":[]},{"ancestorTitles":[],"fullName":"an older autosave acknowledgement does not replace newer focused input or its caret","status":"passed","title":"an older autosave acknowledgement does not replace newer focused input or its caret","duration":46.79641099999981,"failureMessages":[],"meta":{},"tags":[]},{"ancestorTitles":[],"fullName":"keeping edits as a new draft preserves rich DOM and does not act as server reload","status":"passed","title":"keeping edits as a new draft preserves rich DOM and does not act as server reload","duration":134.34735,"failureMessages":[],"meta":{},"tags":[]}],"startTime":1791519018226,"endTime":1791519020919.3474,"status":"passed","message":"","name":"/home/runner/work/tabmail/tabmail/web/components/company/compose-rich-reload.test.tsx"},{"assertionResults":[{"ancestorTitles":["grant conflict review requires an authoritative snapshot"],"fullName":"grant conflict review requires an authoritative snapshot submits the atomic grant revision and preserves explicit false values","status":"passed","title":"submits the atomic grant revision and preserves explicit false values","duration":236.35984500000006,"failureMessages":[],"meta":{},"tags":[]},{"ancestorTitles":["grant conflict review requires an authoritative snapshot"],"fullName":"grant conflict review requires an authoritative snapshot does not clear a 409 by choosing another member from the rejected cache","status":"passed","title":"does not clear a 409 by choosing another member from the rejected cache","duration":111.82907599999999,"failureMessages":[],"meta":{},"tags":[]},{"ancestorTitles":["grant conflict review requires an authoritative snapshot"],"fullName":"grant conflict review requires an authoritative snapshot does not clear a 409 by clearing and reselecting the original member","status":"passed","title":"does not clear a 409 by clearing and reselecting the original member","duration":64.3281300000001,"failureMessages":[],"meta":{},"tags":[]},{"ancestorTitles":["grant conflict review requires an authoritative snapshot"],"fullName":"grant conflict review requires an authoritative snapshot keeps a 409 latched while the administrator edits individual rights","status":"passed","title":"keeps a 409 latched while the administrator edits individual rights","duration":49.4980529999998,"failureMessages":[],"meta":{},"tags":[]},{"ancestorTitles":["grant conflict review requires an authoritative snapshot"],"fullName":"grant conflict review requires an authoritative snapshot does not use a background read and reselection to substitute for explicit conflict review","status":"passed","title":"does not use a background read and reselection to substitute for explicit conflict review","duration":59.03982199999996,"failureMessages":[],"meta":{},"tags":[]},{"ancestorTitles":["grant conflict review requires an authoritative snapshot"],"fullName":"grant conflict review requires an authoritative snapshot preserves the conflicted form when the explicit grant reload fails","status":"passed","title":"preserves the conflicted form when the explicit grant reload fails","duration":60.57104800000002,"failureMessages":[],"meta":{},"tags":[]},{"ancestorTitles":["grant conflict review requires an authoritative snapshot"],"fullName":"grant conflict review requires an authoritative snapshot does not release a failed explicit review after a later background recovery","status":"passed","title":"does not release a failed explicit review after a later background recovery","duration":92.48388100000011,"failureMessages":[],"meta":{},"tags":[]},{"ancestorTitles":["grant conflict review requires an authoritative snapshot"],"fullName":"grant conflict review requires an authoritative snapshot allows a same-revision explicit read after a transient conflict, followed by deliberate review","status":"passed","title":"allows a same-revision explicit read after a transient conflict, followed by deliberate review","duration":58.56617499999993,"failureMessages":[],"meta":{},"tags":[]},{"ancestorTitles":["grant conflict review requires an authoritative snapshot"],"fullName":"grant conflict review requires an authoritative snapshot does not accept a grant revision that moves backwards after a conflict","status":"passed","title":"does not accept a grant revision that moves backwards after a conflict","duration":58.86568699999998,"failureMessages":[],"meta":{},"tags":[]},{"ancestorTitles":["grant conflict review requires an authoritative snapshot"],"fullName":"grant conflict review requires an authoritative snapshot requires deliberate member review after an explicit read of the new revision","status":"passed","title":"requires deliberate member review after an explicit read of the new revision","duration":68.20318300000008,"failureMessages":[],"meta":{},"tags":[]},{"ancestorTitles":["grant conflict review requires an authoritative snapshot"],"fullName":"grant conflict review requires an authoritative snapshot holds the write gate until an explicit reload has actually completed","status":"passed","title":"holds the write gate until an explicit reload has actually completed","duration":68.92132900000001,"failureMessages":[],"meta":{},"tags":[]},{"ancestorTitles":["grant conflict review requires an authoritative snapshot"],"fullName":"grant conflict review requires an authoritative snapshot does not admit writes from an older snapshot while background revalidation is pending","status":"passed","title":"does not admit writes from an older snapshot while background revalidation is pending","duration":40.40965499999993,"failureMessages":[],"meta":{},"tags":[]},{"ancestorTitles":["grant conflict review requires an authoritative snapshot"],"fullName":"grant conflict review requires an authoritative snapshot does not bind a cached revision when a member is selected during revalidation","status":"passed","title":"does not bind a cached revision when a member is selected during revalidation","duration":29.84977200000003,"failureMessages":[],"meta":{},"tags":[]},{"ancestorTitles":["grant conflict review requires an authoritative snapshot"],"fullName":"grant conflict review requires an authoritative snapshot preserves unsaved rights and blocks saving when a normal explicit reload fails","status":"passed","title":"preserves unsaved rights and blocks saving when a normal explicit reload fails","duration":41.8879730000001,"failureMessages":[],"meta":{},"tags":[]},{"ancestorTitles":["grant conflict review requires an authoritative snapshot"],"fullName":"grant conflict review requires an authoritative snapshot preserves the conflict if refreshing the surrounding mailbox list fails","status":"passed","title":"preserves the conflict if refreshing the surrounding mailbox list fails","duration":37.6611640000001,"failureMessages":[],"meta":{},"tags":[]},{"ancestorTitles":["grant conflict review requires an authoritative snapshot"],"fullName":"grant conflict review requires an authoritative snapshot requires a completed first read and deliberate selection before any write","status":"passed","title":"requires a completed first read and deliberate selection before any write","duration":35.54218300000002,"failureMessages":[],"meta":{},"tags":[]}],"startTime":1791519021090,"endTime":1791519022204.5422,"status":"passed","message":"","name":"/home/runner/work/tabmail/tabmail/web/components/company/grants-conflict-review.test.tsx"},{"assertionResults":[{"ancestorTitles":["GrantEditor optimistic concurrency"],"fullName":"GrantEditor optimistic concurrency uses the atomic grant snapshot version rather than the parent mailbox version","status":"passed","title":"uses the atomic grant snapshot version rather than the parent mailbox version","duration":231.99066100000005,"failureMessages":[],"meta":{},"tags":[]},{"ancestorTitles":["GrantEditor optimistic concurrency"],"fullName":"GrantEditor optimistic concurrency never replays a conflicted form; reload and member review use the new snapshot","status":"passed","title":"never replays a conflicted form; reload and member review use the new snapshot","duration":118.6320740000001,"failureMessages":[],"meta":{},"tags":[]}],"startTime":1791519029014,"endTime":1791519029364.632,"status":"passed","message":"","name":"/home/runner/work/tabmail/tabmail/web/components/company/grants.test.tsx"},{"assertionResults":[{"ancestorTitles":["mailbox lifecycle revision review"],"fullName":"mailbox lifecycle revision review preserves the personal lifecycle endpoint, revision and exact reason","status":"passed","title":"preserves the personal lifecycle endpoint, revision and exact reason","duration":218.92644599999994,"failureMessages":[],"meta":{},"tags":[]},{"ancestorTitles":["mailbox lifecycle revision review"],"fullName":"mailbox lifecycle revision review preserves the legacy lifecycle endpoint, revision and exact reason","status":"passed","title":"preserves the legacy lifecycle endpoint, revision and exact reason","duration":46.733248,"failureMessages":[],"meta":{},"tags":[]},{"ancestorTitles":["mailbox lifecycle revision review"],"fullName":"mailbox lifecycle revision review keeps a personal 409 locked until an explicit successful review","status":"passed","title":"keeps a personal 409 locked until an explicit successful review","duration":74.22004500000003,"failureMessages":[],"meta":{},"tags":[]},{"ancestorTitles":["mailbox lifecycle revision review"],"fullName":"mailbox lifecycle revision review keeps a legacy 409 locked until an explicit successful review","status":"passed","title":"keeps a legacy 409 locked until an explicit successful review","duration":50.77685999999994,"failureMessages":[],"meta":{},"tags":[]},{"ancestorTitles":["mailbox lifecycle revision review"],"fullName":"mailbox lifecycle revision review does not unlock a conflict after target edits or away-and-back selection","status":"passed","title":"does not unlock a conflict after target edits or away-and-back selection","duration":62.622067000000015,"failureMessages":[],"meta":{},"tags":[]},{"ancestorTitles":["mailbox lifecycle revision review"],"fullName":"mailbox lifecycle revision review does not rebase a rejected handover onto a background mailbox revision","status":"passed","title":"does not rebase a rejected handover onto a background mailbox revision","duration":62.936373,"failureMessages":[],"meta":{},"tags":[]},{"ancestorTitles":["mailbox lifecycle revision review"],"fullName":"mailbox lifecycle revision review pins a dirty lifecycle draft before its first submission","status":"passed","title":"pins a dirty lifecycle draft before its first submission","duration":43.79162499999984,"failureMessages":[],"meta":{},"tags":[]},{"ancestorTitles":["mailbox lifecycle revision review"],"fullName":"mailbox lifecycle revision review a failed mailbox read cannot release a conflict","status":"passed","title":"a failed mailbox read cannot release a conflict","duration":65.67052399999989,"failureMessages":[],"meta":{},"tags":[]},{"ancestorTitles":["mailbox lifecycle revision review"],"fullName":"mailbox lifecycle revision review a older mailbox read cannot release a conflict","status":"passed","title":"a older mailbox read cannot release a conflict","duration":67.90888100000006,"failureMessages":[],"meta":{},"tags":[]},{"ancestorTitles":["mailbox lifecycle revision review"],"fullName":"mailbox lifecycle revision review a missing mailbox read cannot release a conflict","status":"passed","title":"a missing mailbox read cannot release a conflict","duration":78.56121499999995,"failureMessages":[],"meta":{},"tags":[]},{"ancestorTitles":["mailbox lifecycle revision review"],"fullName":"mailbox lifecycle revision review a duplicate mailbox read cannot release a conflict","status":"passed","title":"a duplicate mailbox read cannot release a conflict","duration":70.9150830000001,"failureMessages":[],"meta":{},"tags":[]},{"ancestorTitles":["mailbox lifecycle revision review"],"fullName":"mailbox lifecycle revision review a other tenant mailbox read cannot release a conflict","status":"passed","title":"a other tenant mailbox read cannot release a conflict","duration":84.241127,"failureMessages":[],"meta":{},"tags":[]},{"ancestorTitles":["mailbox lifecycle revision review"],"fullName":"mailbox lifecycle revision review a invalid revision mailbox read cannot release a conflict","status":"passed","title":"a invalid revision mailbox read cannot release a conflict","duration":63.791970999999876,"failureMessages":[],"meta":{},"tags":[]},{"ancestorTitles":["mailbox lifecycle revision review"],"fullName":"mailbox lifecycle revision review requires acknowledgement and submits the actually reviewed revision 9","status":"passed","title":"requires acknowledgement and submits the actually reviewed revision 9","duration":73.78051000000005,"failureMessages":[],"meta":{},"tags":[]},{"ancestorTitles":["mailbox lifecycle revision review"],"fullName":"mailbox lifecycle revision review requires acknowledgement and submits the actually reviewed revision 13","status":"passed","title":"requires acknowledgement and submits the actually reviewed revision 13","duration":87.14382299999988,"failureMessages":[],"meta":{},"tags":[]},{"ancestorTitles":["mailbox lifecycle revision review"],"fullName":"mailbox lifecycle revision review does not keep a reviewed owner as the next transfer target","status":"passed","title":"does not keep a reviewed owner as the next transfer target","duration":79.3213639999999,"failureMessages":[],"meta":{},"tags":[]},{"ancestorTitles":["mailbox lifecycle revision review"],"fullName":"mailbox lifecycle revision review requires acknowledgement before a reviewed legacy conversion","status":"passed","title":"requires acknowledgement before a reviewed legacy conversion","duration":70.77924299999995,"failureMessages":[],"meta":{},"tags":[]},{"ancestorTitles":["mailbox lifecycle revision review"],"fullName":"mailbox lifecycle revision review preserves a successful receipt when parent refresh fails, without enabling a replay","status":"passed","title":"preserves a successful receipt when parent refresh fails, without enabling a replay","duration":41.17936000000009,"failureMessages":[],"meta":{},"tags":[]},{"ancestorTitles":["mailbox lifecycle revision review"],"fullName":"mailbox lifecycle revision review requires review after an unknown or unavailable write result","status":"passed","title":"requires review after an unknown or unavailable write result","duration":25.795505999999932,"failureMessages":[],"meta":{},"tags":[]},{"ancestorTitles":["mailbox lifecycle revision review"],"fullName":"mailbox lifecycle revision review does not adopt a review that overlaps a newer local draft","status":"passed","title":"does not adopt a review that overlaps a newer local draft","duration":58.33825200000001,"failureMessages":[],"meta":{},"tags":[]},{"ancestorTitles":["mailbox lifecycle revision review"],"fullName":"mailbox lifecycle revision review does not admit duplicate lifecycle writes before React renders busy","status":"passed","title":"does not admit duplicate lifecycle writes before React renders busy","duration":27.896855999999843,"failureMessages":[],"meta":{},"tags":[]}],"startTime":1791519021847,"endTime":1791519023302.897,"status":"passed","message":"","name":"/home/runner/work/tabmail/tabmail/web/components/company/mailbox-lifecycle-review.test.tsx"},{"assertionResults":[{"ancestorTitles":["same-mounted Compose query navigation investigation"],"fullName":"same-mounted Compose query navigation investigation retains the same editor and unsaved input across query navigation without sending","status":"passed","title":"retains the same editor and unsaved input across query navigation without sending","duration":395.109605,"failureMessages":[],"meta":{},"tags":[]},{"ancestorTitles":["same-mounted Compose query navigation investigation"],"fullName":"same-mounted Compose query navigation investigation ordinary dispatched success closes the consumed editor and navigates to receipts","status":"passed","title":"ordinary dispatched success closes the consumed editor and navigates to receipts","duration":169.9033629999999,"failureMessages":[],"meta":{},"tags":[]},{"ancestorTitles":["same-mounted Compose query navigation investigation"],"fullName":"same-mounted Compose query navigation investigation already-dispatched success must not overwrite a newer mailbox/folder/message query","status":"passed","title":"already-dispatched success must not overwrite a newer mailbox/folder/message query","duration":149.1307569999999,"failureMessages":[],"meta":{},"tags":[]},{"ancestorTitles":["same-mounted Compose query navigation investigation"],"fullName":"same-mounted Compose query navigation investigation successful completion preserves unrelated query data added while the same view remains","status":"passed","title":"successful completion preserves unrelated query data added while the same view remains","duration":111.58616800000004,"failureMessages":[],"meta":{},"tags":[]},{"ancestorTitles":["same-mounted Compose query navigation investigation"],"fullName":"same-mounted Compose query navigation investigation a committed mailbox change retires redirect ownership but reconciles the consumed editor","status":"passed","title":"a committed mailbox change retires redirect ownership but reconciles the consumed editor","duration":143.81593699999985,"failureMessages":[],"meta":{},"tags":[]},{"ancestorTitles":["same-mounted Compose query navigation investigation"],"fullName":"same-mounted Compose query navigation investigation a committed folder change retires redirect ownership but reconciles the consumed editor","status":"passed","title":"a committed folder change retires redirect ownership but reconciles the consumed editor","duration":108.99061900000015,"failureMessages":[],"meta":{},"tags":[]},{"ancestorTitles":["same-mounted Compose query navigation investigation"],"fullName":"same-mounted Compose query navigation investigation a committed q change retires redirect ownership but reconciles the consumed editor","status":"passed","title":"a committed q change retires redirect ownership but reconciles the consumed editor","duration":105.89615999999978,"failureMessages":[],"meta":{},"tags":[]},{"ancestorTitles":["same-mounted Compose query navigation investigation"],"fullName":"same-mounted Compose query navigation investigation a committed page change retires redirect ownership but reconciles the consumed editor","status":"passed","title":"a committed page change retires redirect ownership but reconciles the consumed editor","duration":104.22823199999993,"failureMessages":[],"meta":{},"tags":[]},{"ancestorTitles":["same-mounted Compose query navigation investigation"],"fullName":"same-mounted Compose query navigation investigation a committed message change retires redirect ownership but reconciles the consumed editor","status":"passed","title":"a committed message change retires redirect ownership but reconciles the consumed editor","duration":91.77777400000014,"failureMessages":[],"meta":{},"tags":[]},{"ancestorTitles":["same-mounted Compose query navigation investigation"],"fullName":"same-mounted Compose query navigation investigation changing received/sent source in an archive view retires redirect ownership","status":"passed","title":"changing received/sent source in an archive view retires redirect ownership","duration":94.67710299999999,"failureMessages":[],"meta":{},"tags":[]},{"ancestorTitles":["same-mounted Compose query navigation investigation"],"fullName":"same-mounted Compose query navigation investigation navigation away and back cannot revive an old redirect","status":"passed","title":"navigation away and back cannot revive an old redirect","duration":123.68878600000016,"failureMessages":[],"meta":{},"tags":[]},{"ancestorTitles":["same-mounted Compose query navigation investigation"],"fullName":"same-mounted Compose query navigation investigation query order alone preserves a legitimate completion","status":"passed","title":"query order alone preserves a legitimate completion","duration":105.57182899999998,"failureMessages":[],"meta":{},"tags":[]},{"ancestorTitles":["same-mounted Compose query navigation investigation"],"fullName":"same-mounted Compose query navigation investigation refresh while submitting preserves a legitimate completion","status":"passed","title":"refresh while submitting preserves a legitimate completion","duration":113.75821200000019,"failureMessages":[],"meta":{},"tags":[]},{"ancestorTitles":["same-mounted Compose query navigation investigation"],"fullName":"same-mounted Compose query navigation investigation an explicit Send after earlier query navigation owns the new view","status":"passed","title":"an explicit Send after earlier query navigation owns the new view","duration":112.74839800000018,"failureMessages":[],"meta":{},"tags":[]},{"ancestorTitles":["same-mounted Compose query navigation investigation"],"fullName":"same-mounted Compose query navigation investigation query navigation during save preserves the explicit send and only retires its redirect","status":"passed","title":"query navigation during save preserves the explicit send and only retires its redirect","duration":178.6277500000001,"failureMessages":[],"meta":{},"tags":[]}],"startTime":1791519021134,"endTime":1791519023243.6277,"status":"passed","message":"","name":"/home/runner/work/tabmail/tabmail/web/features/mail/workspace-compose-navigation.test.tsx"},{"assertionResults":[{"ancestorTitles":["editor opening completion ownership"],"fullName":"editor opening completion ownership Continue editing ordinarily opens its prepared editor","status":"passed","title":"Continue editing ordinarily opens its prepared editor","duration":345.935612,"failureMessages":[],"meta":{},"tags":[]},{"ancestorTitles":["editor opening completion ownership"],"fullName":"editor opening completion ownership Reply ordinarily opens its prepared editor","status":"passed","title":"Reply ordinarily opens its prepared editor","duration":186.07603999999992,"failureMessages":[],"meta":{},"tags":[]},{"ancestorTitles":["editor opening completion ownership"],"fullName":"editor opening completion ownership Reply all ordinarily opens its prepared editor","status":"passed","title":"Reply all ordinarily opens its prepared editor","duration":132.50732500000004,"failureMessages":[],"meta":{},"tags":[]},{"ancestorTitles":["editor opening completion ownership"],"fullName":"editor opening completion ownership Forward ordinarily opens its prepared editor","status":"passed","title":"Forward ordinarily opens its prepared editor","duration":121.78177100000016,"failureMessages":[],"meta":{},"tags":[]},{"ancestorTitles":["editor opening completion ownership"],"fullName":"editor opening completion ownership late Continue editing cannot replace a newer dirty Compose","status":"passed","title":"late Continue editing cannot replace a newer dirty Compose","duration":107.61311300000011,"failureMessages":[],"meta":{},"tags":[]},{"ancestorTitles":["editor opening completion ownership"],"fullName":"editor opening completion ownership late Reply cannot replace a newer dirty Compose","status":"passed","title":"late Reply cannot replace a newer dirty Compose","duration":140.24151200000006,"failureMessages":[],"meta":{},"tags":[]},{"ancestorTitles":["editor opening completion ownership"],"fullName":"editor opening completion ownership late Reply all cannot replace a newer dirty Compose","status":"passed","title":"late Reply all cannot replace a newer dirty Compose","duration":154.96855000000005,"failureMessages":[],"meta":{},"tags":[]},{"ancestorTitles":["editor opening completion ownership"],"fullName":"editor opening completion ownership late Forward cannot replace a newer dirty Compose","status":"passed","title":"late Forward cannot replace a newer dirty Compose","duration":145.634681,"failureMessages":[],"meta":{},"tags":[]},{"ancestorTitles":["editor opening completion ownership"],"fullName":"editor opening completion ownership late Continue editing cannot take over a newer committed view","status":"passed","title":"late Continue editing cannot take over a newer committed view","duration":50.26889400000027,"failureMessages":[],"meta":{},"tags":[]},{"ancestorTitles":["editor opening completion ownership"],"fullName":"editor opening completion ownership late Reply cannot take over a newer committed view","status":"passed","title":"late Reply cannot take over a newer committed view","duration":88.94748800000025,"failureMessages":[],"meta":{},"tags":[]},{"ancestorTitles":["editor opening completion ownership"],"fullName":"editor opening completion ownership late Reply all cannot take over a newer committed view","status":"passed","title":"late Reply all cannot take over a newer committed view","duration":96.27939600000036,"failureMessages":[],"meta":{},"tags":[]},{"ancestorTitles":["editor opening completion ownership"],"fullName":"editor opening completion ownership late Forward cannot take over a newer committed view","status":"passed","title":"late Forward cannot take over a newer committed view","duration":105.0189819999996,"failureMessages":[],"meta":{},"tags":[]},{"ancestorTitles":["editor opening completion ownership"],"fullName":"editor opening completion ownership Continue editing does not regain ownership after navigating away and back","status":"passed","title":"Continue editing does not regain ownership after navigating away and back","duration":51.73906299999999,"failureMessages":[],"meta":{},"tags":[]},{"ancestorTitles":["editor opening completion ownership"],"fullName":"editor opening completion ownership Reply does not regain ownership after navigating away and back","status":"passed","title":"Reply does not regain ownership after navigating away and back","duration":97.32809800000041,"failureMessages":[],"meta":{},"tags":[]},{"ancestorTitles":["editor opening completion ownership"],"fullName":"editor opening completion ownership Reply all does not regain ownership after navigating away and back","status":"passed","title":"Reply all does not regain ownership after navigating away and back","duration":91.51061900000013,"failureMessages":[],"meta":{},"tags":[]},{"ancestorTitles":["editor opening completion ownership"],"fullName":"editor opening completion ownership Forward does not regain ownership after navigating away and back","status":"passed","title":"Forward does not regain ownership after navigating away and back","duration":118.41128200000003,"failureMessages":[],"meta":{},"tags":[]},{"ancestorTitles":["editor opening completion ownership"],"fullName":"editor opening completion ownership unrelated query fields and refresh preserve ordinary Continue editing","status":"passed","title":"unrelated query fields and refresh preserve ordinary Continue editing","duration":69.7740660000004,"failureMessages":[],"meta":{},"tags":[]},{"ancestorTitles":["editor opening completion ownership"],"fullName":"editor opening completion ownership unrelated query fields and refresh preserve ordinary Reply","status":"passed","title":"unrelated query fields and refresh preserve ordinary Reply","duration":128.52356099999997,"failureMessages":[],"meta":{},"tags":[]},{"ancestorTitles":["editor opening completion ownership"],"fullName":"editor opening completion ownership unrelated query fields and refresh preserve ordinary Reply all","status":"passed","title":"unrelated query fields and refresh preserve ordinary Reply all","duration":124.65613699999994,"failureMessages":[],"meta":{},"tags":[]},{"ancestorTitles":["editor opening completion ownership"],"fullName":"editor opening completion ownership unrelated query fields and refresh preserve ordinary Forward","status":"passed","title":"unrelated query fields and refresh preserve ordinary Forward","duration":141.28352499999983,"failureMessages":[],"meta":{},"tags":[]},{"ancestorTitles":["editor opening completion ownership"],"fullName":"editor opening completion ownership superseded Continue editing failures do not disturb the newer editor","status":"passed","title":"superseded Continue editing failures do not disturb the newer editor","duration":59.25469999999996,"failureMessages":[],"meta":{},"tags":[]},{"ancestorTitles":["editor opening completion ownership"],"fullName":"editor opening completion ownership superseded Reply failures do not disturb the newer editor","status":"passed","title":"superseded Reply failures do not disturb the newer editor","duration":130.4814019999999,"failureMessages":[],"meta":{},"tags":[]},{"ancestorTitles":["editor opening completion ownership"],"fullName":"editor opening completion ownership superseded Reply all failures do not disturb the newer editor","status":"passed","title":"superseded Reply all failures do not disturb the newer editor","duration":120.38840399999981,"failureMessages":[],"meta":{},"tags":[]},{"ancestorTitles":["editor opening completion ownership"],"fullName":"editor opening completion ownership superseded Forward failures do not disturb the newer editor","status":"passed","title":"superseded Forward failures do not disturb the newer editor","duration":98.8567280000002,"failureMessages":[],"meta":{},"tags":[]},{"ancestorTitles":["editor opening completion ownership"],"fullName":"editor opening completion ownership current Continue editing failures remain visible","status":"passed","title":"current Continue editing failures remain visible","duration":45.106080999999904,"failureMessages":[],"meta":{},"tags":[]},{"ancestorTitles":["editor opening completion ownership"],"fullName":"editor opening completion ownership current Reply failures remain visible","status":"passed","title":"current Reply failures remain visible","duration":86.826051,"failureMessages":[],"meta":{},"tags":[]},{"ancestorTitles":["editor opening completion ownership"],"fullName":"editor opening completion ownership current Reply all failures remain visible","status":"passed","title":"current Reply all failures remain visible","duration":76.5593000000008,"failureMessages":[],"meta":{},"tags":[]},{"ancestorTitles":["editor opening completion ownership"],"fullName":"editor opening completion ownership current Forward failures remain visible","status":"passed","title":"current Forward failures remain visible","duration":91.98705100000006,"failureMessages":[],"meta":{},"tags":[]}],"startTime":1791519024413,"endTime":1791519027621.987,"status":"passed","message":"","name":"/home/runner/work/tabmail/tabmail/web/features/mail/workspace-editor-opening.test.tsx"},{"assertionResults":[{"ancestorTitles":["mail workspace visible-read invalidation"],"fullName":"mail workspace visible-read invalidation manual refresh revalidates the open message, attachments and conversation","status":"passed","title":"manual refresh revalidates the open message, attachments and conversation","duration":440.6543509999999,"failureMessages":[],"meta":{},"tags":[]},{"ancestorTitles":["mail workspace visible-read invalidation"],"fullName":"mail workspace visible-read invalidation SSE invalidation revalidates the open message, attachments and conversation","status":"passed","title":"SSE invalidation revalidates the open message, attachments and conversation","duration":168.2365719999998,"failureMessages":[],"meta":{},"tags":[]},{"ancestorTitles":["mail workspace visible-read invalidation"],"fullName":"mail workspace visible-read invalidation EOF reconnect revalidates the open message, attachments and conversation","status":"passed","title":"EOF reconnect revalidates the open message, attachments and conversation","duration":202.67814799999996,"failureMessages":[],"meta":{},"tags":[]},{"ancestorTitles":["mail workspace visible-read invalidation"],"fullName":"mail workspace visible-read invalidation invalidates only current-session owned reads and ignores ping frames","status":"passed","title":"invalidates only current-session owned reads and ignores ping frames","duration":147.69377499999996,"failureMessages":[],"meta":{},"tags":[]},{"ancestorTitles":["mail workspace visible-read invalidation"],"fullName":"mail workspace visible-read invalidation a late detail read from the old account cannot replace the current message","status":"passed","title":"a late detail read from the old account cannot replace the current message","duration":146.88457399999993,"failureMessages":[],"meta":{},"tags":[]},{"ancestorTitles":["mail workspace visible-read invalidation"],"fullName":"mail workspace visible-read invalidation a late detail read from the old tenant cannot replace the current message","status":"passed","title":"a late detail read from the old tenant cannot replace the current message","duration":184.21796700000004,"failureMessages":[],"meta":{},"tags":[]},{"ancestorTitles":["mail workspace visible-read invalidation"],"fullName":"mail workspace visible-read invalidation token-only rotation preserves the open conversation and uses the replacement credential","status":"passed","title":"token-only rotation preserves the open conversation and uses the replacement credential","duration":150.22274500000003,"failureMessages":[],"meta":{},"tags":[]}],"startTime":1791519026607,"endTime":1791519028047.2227,"status":"passed","message":"","name":"/home/runner/work/tabmail/tabmail/web/features/mail/workspace-events.test.tsx"},{"assertionResults":[{"ancestorTitles":["explicit mailbox route recovery"],"fullName":"explicit mailbox route recovery R01 keeps an unavailable inbox route unresolved","status":"passed","title":"R01 keeps an unavailable inbox route unresolved","duration":315.00740599999995,"failureMessages":[],"meta":{},"tags":[]},{"ancestorTitles":["explicit mailbox route recovery"],"fullName":"explicit mailbox route recovery R02 keeps an unavailable sent route unresolved","status":"passed","title":"R02 keeps an unavailable sent route unresolved","duration":119.19186100000002,"failureMessages":[],"meta":{},"tags":[]},{"ancestorTitles":["explicit mailbox route recovery"],"fullName":"explicit mailbox route recovery R03 keeps an unavailable archive route unresolved","status":"passed","title":"R03 keeps an unavailable archive route unresolved","duration":100.79499699999997,"failureMessages":[],"meta":{},"tags":[]},{"ancestorTitles":["explicit mailbox route recovery"],"fullName":"explicit mailbox route recovery R04 keeps an unavailable trash route unresolved","status":"passed","title":"R04 keeps an unavailable trash route unresolved","duration":67.70150400000011,"failureMessages":[],"meta":{},"tags":[]},{"ancestorTitles":["explicit mailbox route recovery"],"fullName":"explicit mailbox route recovery R05 rejects an explicit mailbox with no read or send rights","status":"passed","title":"R05 rejects an explicit mailbox with no read or send rights","duration":49.68691599999988,"failureMessages":[],"meta":{},"tags":[]},{"ancestorTitles":["explicit mailbox route recovery"],"fullName":"explicit mailbox route recovery R06 distinguishes an empty explicit mailbox from an absent parameter","status":"passed","title":"R06 distinguishes an empty explicit mailbox from an absent parameter","duration":54.124398000000156,"failureMessages":[],"meta":{},"tags":[]},{"ancestorTitles":["explicit mailbox route recovery"],"fullName":"explicit mailbox route recovery R07 prevents Compose from silently choosing another mailbox","status":"passed","title":"R07 prevents Compose from silently choosing another mailbox","duration":67.47385899999995,"failureMessages":[],"meta":{},"tags":[]},{"ancestorTitles":["explicit mailbox route recovery"],"fullName":"explicit mailbox route recovery R08 retains the ordinary default when no mailbox parameter exists","status":"passed","title":"R08 retains the ordinary default when no mailbox parameter exists","duration":112.3411450000001,"failureMessages":[],"meta":{},"tags":[]},{"ancestorTitles":["explicit mailbox route recovery"],"fullName":"explicit mailbox route recovery R09 resolves a valid explicit mailbox instead of the first one","status":"passed","title":"R09 resolves a valid explicit mailbox instead of the first one","duration":80.84703799999988,"failureMessages":[],"meta":{},"tags":[]},{"ancestorTitles":["explicit mailbox route recovery"],"fullName":"explicit mailbox route recovery R10 keeps a selected send-only identity usable for Compose","status":"passed","title":"R10 keeps a selected send-only identity usable for Compose","duration":51.928339999999935,"failureMessages":[],"meta":{},"tags":[]},{"ancestorTitles":["explicit mailbox route recovery"],"fullName":"explicit mailbox route recovery R11 retains an authorized sender for a selected read-only mailbox","status":"passed","title":"R11 retains an authorized sender for a selected read-only mailbox","duration":78.8515309999998,"failureMessages":[],"meta":{},"tags":[]},{"ancestorTitles":["explicit mailbox route recovery"],"fullName":"explicit mailbox route recovery R12 does not report permanent unavailability during the initial read","status":"failed","title":"R12 does not report permanent unavailability during the initial read","duration":109.26625999999987,"failureMessages":["TestingLibraryElementError: Unable to find an accessible element with the role \"button\" and name `/mailbox-two@fixture\\.test/`\n\nHere are the accessible roles:\n\n  main:\n\n  Name \"\":\n  \u001b[36m<main\u001b[39m\n    \u001b[33mclass\u001b[39m=\u001b[32m\"mx-auto w-full max-w-screen-2xl space-y-4 p-4 md:p-6\"\u001b[39m\n  \u001b[36m/>\u001b[39m\n\n  --------------------------------------------------\n  banner:\n\n  Name \"\":\n  \u001b[36m<header\u001b[39m\n    \u001b[33mclass\u001b[39m=\u001b[32m\"flex flex-wrap items-center justify-between gap-3\"\u001b[39m\n  \u001b[36m/>\u001b[39m\n\n  --------------------------------------------------\n  heading:\n\n  Name \"Company mail\":\n  \u001b[36m<h1\u001b[39m\n    \u001b[33mclass\u001b[39m=\u001b[32m\"text-2xl font-semibold\"\u001b[39m\n  \u001b[36m/>\u001b[39m\n\n  Name \"Inbox\":\n  \u001b[36m<h2\u001b[39m\n    \u001b[33mclass\u001b[39m=\u001b[32m\"text-lg font-semibold\"\u001b[39m\n  \u001b[36m/>\u001b[39m\n\n  --------------------------------------------------\n  paragraph:\n\n  Name \"\":\n  \u001b[36m<p\u001b[39m\n    \u001b[33mclass\u001b[39m=\u001b[32m\"text-sm text-muted-foreground\"\u001b[39m\n  \u001b[36m/>\u001b[39m\n\n  Name \"\":\n  \u001b[36m<p />\u001b[39m\n\n  Name \"\":\n  \u001b[36m<p\u001b[39m\n    \u001b[33mclass\u001b[39m=\u001b[32m\"text-sm\"\u001b[39m\n  \u001b[36m/>\u001b[39m\n\n  --------------------------------------------------\n  button:\n\n  Name \"Refresh\":\n  \u001b[36m<button\u001b[39m\n    \u001b[33mclass\u001b[39m=\u001b[32m\"rounded-md border px-3 py-2 text-sm font-medium hover:bg-muted disabled:opacity-50 \"\u001b[39m\n    \u001b[33mtype\u001b[39m=\u001b[32m\"button\"\u001b[39m\n  \u001b[36m/>\u001b[39m\n\n  Name \"Compose\":\n  \u001b[36m<button\u001b[39m\n    \u001b[33mclass\u001b[39m=\u001b[32m\"rounded-md border px-3 py-2 text-sm font-medium hover:bg-muted disabled:opacity-50 \"\u001b[39m\n    \u001b[33mdisabled\u001b[39m=\u001b[32m\"\"\u001b[39m\n    \u001b[33mtype\u001b[39m=\u001b[32m\"button\"\u001b[39m\n  \u001b[36m/>\u001b[39m\n\n  Name \"Retry loading\":\n  \u001b[36m<button\u001b[39m\n    \u001b[33mclass\u001b[39m=\u001b[32m\"rounded-md border px-3 py-2 text-sm font-medium hover:bg-muted disabled:opacity-50 \"\u001b[39m\n    \u001b[33mtype\u001b[39m=\u001b[32m\"button\"\u001b[39m\n  \u001b[36m/>\u001b[39m\n\n  Name \"Inbox\":\n  \u001b[36m<button\u001b[39m\n    \u001b[33maria-pressed\u001b[39m=\u001b[32m\"true\"\u001b[39m\n    \u001b[33mclass\u001b[39m=\u001b[32m\"rounded-md border px-3 py-2 text-sm font-medium hover:bg-muted disabled:opacity-50 bg-muted text-left\"\u001b[39m\n    \u001b[33mtype\u001b[39m=\u001b[32m\"button\"\u001b[39m\n  \u001b[36m/>\u001b[39m\n\n  Name \"Sent mail\":\n  \u001b[36m<button\u001b[39m\n    \u001b[33maria-pressed\u001b[39m=\u001b[32m\"false\"\u001b[39m\n    \u001b[33mclass\u001b[39m=\u001b[32m\"rounded-md border px-3 py-2 text-sm font-medium hover:bg-muted disabled:opacity-50 text-left\"\u001b[39m\n    \u001b[33mtype\u001b[39m=\u001b[32m\"button\"\u001b[39m\n  \u001b[36m/>\u001b[39m\n\n  Name \"Drafts\":\n  \u001b[36m<button\u001b[39m\n    \u001b[33maria-pressed\u001b[39m=\u001b[32m\"false\"\u001b[39m\n    \u001b[33mclass\u001b[39m=\u001b[32m\"rounded-md border px-3 py-2 text-sm font-medium hover:bg-muted disabled:opacity-50 text-left\"\u001b[39m\n    \u001b[33mtype\u001b[39m=\u001b[32m\"button\"\u001b[39m\n  \u001b[36m/>\u001b[39m\n\n  Name \"Archive\":\n  \u001b[36m<button\u001b[39m\n    \u001b[33maria-pressed\u001b[39m=\u001b[32m\"false\"\u001b[39m\n    \u001b[33mclass\u001b[39m=\u001b[32m\"rounded-md border px-3 py-2 text-sm font-medium hover:bg-muted disabled:opacity-50 text-left\"\u001b[39m\n    \u001b[33mtype\u001b[39m=\u001b[32m\"button\"\u001b[39m\n  \u001b[36m/>\u001b[39m\n\n  Name \"Trash\":\n  \u001b[36m<button\u001b[39m\n    \u001b[33maria-pressed\u001b[39m=\u001b[32m\"false\"\u001b[39m\n    \u001b[33mclass\u001b[39m=\u001b[32m\"rounded-md border px-3 py-2 text-sm font-medium hover:bg-muted disabled:opacity-50 text-left\"\u001b[39m\n    \u001b[33mtype\u001b[39m=\u001b[32m\"button\"\u001b[39m\n  \u001b[36m/>\u001b[39m\n\n  Name \"Delivery status\":\n  \u001b[36m<button\u001b[39m\n    \u001b[33maria-pressed\u001b[39m=\u001b[32m\"false\"\u001b[39m\n    \u001b[33mclass\u001b[39m=\u001b[32m\"rounded-md border px-3 py-2 text-sm font-medium hover:bg-muted disabled:opacity-50 text-left\"\u001b[39m\n    \u001b[33mtype\u001b[39m=\u001b[32m\"button\"\u001b[39m\n  \u001b[36m/>\u001b[39m\n\n  Name \"Search\":\n  \u001b[36m<button\u001b[39m\n    \u001b[33mclass\u001b[39m=\u001b[32m\"rounded-md border px-3 py-2 text-sm font-medium hover:bg-muted disabled:opacity-50 \"\u001b[39m\n    \u001b[33mtype\u001b[39m=\u001b[32m\"submit\"\u001b[39m\n  \u001b[36m/>\u001b[39m\n\n  --------------------------------------------------\n  alert:\n\n  Name \"\":\n  \u001b[36m<div\u001b[39m\n    \u001b[33mclass\u001b[39m=\u001b[32m\"rounded-md border border-destructive p-3 text-sm\"\u001b[39m\n    \u001b[33mrole\u001b[39m=\u001b[32m\"alert\"\u001b[39m\n  \u001b[36m/>\u001b[39m\n\n  --------------------------------------------------\n  complementary:\n\n  Name \"\":\n  \u001b[36m<aside\u001b[39m\n    \u001b[33mclass\u001b[39m=\u001b[32m\"space-y-5\"\u001b[39m\n  \u001b[36m/>\u001b[39m\n\n  --------------------------------------------------\n  navigation:\n\n  Name \"Mailboxes\":\n  \u001b[36m<nav\u001b[39m\n    \u001b[33maria-label\u001b[39m=\u001b[32m\"Mailboxes\"\u001b[39m\n    \u001b[33mclass\u001b[39m=\u001b[32m\"space-y-1\"\u001b[39m\n  \u001b[36m/>\u001b[39m\n\n  Name \"Mail folders\":\n  \u001b[36m<nav\u001b[39m\n    \u001b[33maria-label\u001b[39m=\u001b[32m\"Mail folders\"\u001b[39m\n    \u001b[33mclass\u001b[39m=\u001b[32m\"flex flex-wrap gap-2 md:flex-col\"\u001b[39m\n  \u001b[36m/>\u001b[39m\n\n  --------------------------------------------------\n  textbox:\n\n  Name \"Search subject, addresses and indexed body\":\n  \u001b[36m<input\u001b[39m\n    \u001b[33mclass\u001b[39m=\u001b[32m\"w-full rounded-md border bg-background px-3 py-2 text-sm disabled:opacity-50\"\u001b[39m\n    \u001b[33mid\u001b[39m=\u001b[32m\"_r_11_\"\u001b[39m\n    \u001b[33mmaxlength\u001b[39m=\u001b[32m\"200\"\u001b[39m\n    \u001b[33mvalue\u001b[39m=\u001b[32m\"\"\u001b[39m\n  \u001b[36m/>\u001b[39m\n\n  --------------------------------------------------\n  status:\n\n  Name \"\":\n  \u001b[36m<p\u001b[39m\n    \u001b[33mrole\u001b[39m=\u001b[32m\"status\"\u001b[39m\n  \u001b[36m/>\u001b[39m\n\n  --------------------------------------------------\n\nIgnored nodes: comments, script, style\n\u001b[36m<body>\u001b[39m\n  \u001b[36m<div>\u001b[39m\n    \u001b[36m<main\u001b[39m\n      \u001b[33mclass\u001b[39m=\u001b[32m\"mx-auto w-full max-w-screen-2xl space-y-4 p-4 md:p-6\"\u001b[39m\n    \u001b[36m>\u001b[39m\n      \u001b[36m<header\u001b[39m\n        \u001b[33mclass\u001b[39m=\u001b[32m\"flex flex-wrap items-center justify-between gap-3\"\u001b[39m\n      \u001b[36m>\u001b[39m\n        \u001b[36m<div>\u001b[39m\n          \u001b[36m<h1\u001b[39m\n            \u001b[33mclass\u001b[39m=\u001b[32m\"text-2xl font-semibold\"\u001b[39m\n          \u001b[36m>\u001b[39m\n            \u001b[0mCompany mail\u001b[0m\n          \u001b[36m</h1>\u001b[39m\n          \u001b[36m<p\u001b[39m\n            \u001b[33mclass\u001b[39m=\u001b[32m\"text-sm text-muted-foreground\"\u001b[39m\n          \u001b[36m>\u001b[39m\n            \u001b[0mPersonal and shared mailboxes · message content and delivery status are separate\u001b[0m\n          \u001b[36m</p>\u001b[39m\n        \u001b[36m</div>\u001b[39m\n        \u001b[36m<div\u001b[39m\n          \u001b[33mclass\u001b[39m=\u001b[32m\"flex gap-2\"\u001b[39m\n        \u001b[36m>\u001b[39m\n          \u001b[36m<button\u001b[39m\n            \u001b[33mclass\u001b[39m=\u001b[32m\"rounded-md border px-3 py-2 text-sm font-medium hover:bg-muted disabled:opacity-50 \"\u001b[39m\n            \u001b[33mtype\u001b[39m=\u001b[32m\"button\"\u001b[39m\n          \u001b[36m>\u001b[39m\n            \u001b[0mRefresh\u001b[0m\n          \u001b[36m</button>\u001b[39m\n          \u001b[36m<button\u001b[39m\n            \u001b[33mclass\u001b[39m=\u001b[32m\"rounded-md border px-3 py-2 text-sm font-medium hover:bg-muted disabled:opacity-50 \"\u001b[39m\n            \u001b[33mdisabled\u001b[39m=\u001b[32m\"\"\u001b[39m\n            \u001b[33mtype\u001b[39m=\u001b[32m\"button\"\u001b[39m\n          \u001b[36m>\u001b[39m\n            \u001b[0mCompose\u001b[0m\n          \u001b[36m</button>\u001b[39m\n        \u001b[36m</div>\u001b[39m\n      \u001b[36m</header>\u001b[39m\n      \u001b[36m<div\u001b[39m\n        \u001b[33mclass\u001b[39m=\u001b[32m\"rounded-md border border-destructive p-3 text-sm\"\u001b[39m\n        \u001b[33mrole\u001b[39m=\u001b[32m\"alert\"\u001b[39m\n      \u001b[36m>\u001b[39m\n        \u001b[36m<p>\u001b[39m\n          \u001b[0mBody is unusable: Body has already been read\u001b[0m\n        \u001b[36m</p>\u001b[39m\n        \u001b[36m<button\u001b[39m\n          \u001b[33mclass\u001b[39m=\u001b[32m\"rounded-md border px-3 py-2 text-sm font-medium hover:bg-muted disabled:opacity-50 \"\u001b[39m\n          \u001b[33mtype\u001b[39m=\u001b[32m\"button\"\u001b[39m\n        \u001b[36m>\u001b[39m\n          \u001b[0mRetry loading\u001b[0m\n        \u001b[36m</button>\u001b[39m\n      \u001b[36m</div>\u001b[39m\n      \u001b[36m<div\u001b[39m\n        \u001b[33mclass\u001b[39m=\u001b[32m\"grid gap-5 md:grid-cols-[210px_minmax(0,1fr)]\"\u001b[39m\n      \u001b[36m>\u001b[39m\n        \u001b[36m<aside\u001b[39m\n          \u001b[33mclass\u001b[39m=\u001b[32m\"space-y-5\"\u001b[39m\n        \u001b[36m>\u001b[39m\n          \u001b[36m<nav\u001b[39m\n            \u001b[33maria-label\u001b[39m=\u001b[32m\"Mailboxes\"\u001b[39m\n            \u001b[33mclass\u001b[39m=\u001b[32m\"space-y-1\"\u001b[39m\n          \u001b[36m/>\u001b[39m\n          \u001b[36m<nav\u001b[39m\n            \u001b[33maria-label\u001b[39m=\u001b[32m\"Mail folders\"\u001b[39m\n            \u001b[33mclass\u001b[39m=\u001b[32m\"flex flex-wrap gap-2 md:flex-col\"\u001b[39m\n          \u001b[36m>\u001b[39m\n            \u001b[36m<button\u001b[39m\n              \u001b[33maria-pressed\u001b[39m=\u001b[32m\"true\"\u001b[39m\n              \u001b[33mclass\u001b[39m=\u001b[32m\"rounded-md border px-3 py-2 text-sm font-medium hover:bg-muted disabled:opacity-50 bg-muted text-left\"\u001b[39m\n              \u001b[33mtype\u001b[39m=\u001b[32m\"button\"\u001b[39m\n            \u001b[36m>\u001b[39m\n              \u001b[0mInbox\u001b[0m\n            \u001b[36m</button>\u001b[39m\n            \u001b[36m<button\u001b[39m\n              \u001b[33maria-pressed\u001b[39m=\u001b[32m\"false\"\u001b[39m\n              \u001b[33mclass\u001b[39m=\u001b[32m\"rounded-md border px-3 py-2 text-sm font-medium hover:bg-muted disabled:opacity-50 text-left\"\u001b[39m\n              \u001b[33mtype\u001b[39m=\u001b[32m\"button\"\u001b[39m\n            \u001b[36m>\u001b[39m\n              \u001b[0mSent mail\u001b[0m\n            \u001b[36m</button>\u001b[39m\n            \u001b[36m<button\u001b[39m\n              \u001b[33maria-pressed\u001b[39m=\u001b[32m\"false\"\u001b[39m\n              \u001b[33mclass\u001b[39m=\u001b[32m\"rounded-md border px-3 py-2 text-sm font-medium hover:bg-muted disabled:opacity-50 text-left\"\u001b[39m\n              \u001b[33mtype\u001b[39m=\u001b[32m\"button\"\u001b[39m\n            \u001b[36m>\u001b[39m\n              \u001b[0mDrafts\u001b[0m\n            \u001b[36m</button>\u001b[39m\n            \u001b[36m<button\u001b[39m\n              \u001b[33maria-pressed\u001b[39m=\u001b[32m\"false\"\u001b[39m\n              \u001b[33mclass\u001b[39m=\u001b[32m\"rounded-md border px-3 py-2 text-sm font-medium hover:bg-muted disabled:opacity-50 text-left\"\u001b[39m\n              \u001b[33mtype\u001b[39m=\u001b[32m\"button\"\u001b[39m\n            \u001b[36m>\u001b[39m\n              \u001b[0mArchive\u001b[0m\n            \u001b[36m</button>\u001b[39m\n            \u001b[36m<button\u001b[39m\n              \u001b[33maria-pressed\u001b[39m=\u001b[32m\"false\"\u001b[39m\n              \u001b[33mclass\u001b[39m=\u001b[32m\"rounded-md border px-3 py-2 text-sm font-medium hover:bg-muted disabled:opacity-50 text-left\"\u001b[39m\n              \u001b[33mtype\u001b[39m=\u001b[32m\"button\"\u001b[39m\n            \u001b[36m>\u001b[39m\n              \u001b[0mTrash\u001b[0m\n            \u001b[36m</button>\u001b[39m\n            \u001b[36m<button\u001b[39m\n              \u001b[33maria-pressed\u001b[39m=\u001b[32m\"false\"\u001b[39m\n              \u001b[33mclass\u001b[39m=\u001b[32m\"rounded-md border px-3 py-2 text-sm font-medium hover:bg-muted disabled:opacity-50 text-left\"\u001b[39m\n              \u001b[33mtype\u001b[39m=\u001b[32m\"button\"\u001b[39m\n            \u001b[36m>\u001b[39m\n              \u001b[0mDelivery status\u001b[0m\n            \u001b[36m</button>\u001b[39m\n          \u001b[36m</nav>\u001b[39m\n        \u001b[36m</aside>\u001b[39m\n        \u001b[36m<section\u001b[39m\n          \u001b[33mclass\u001b[39m=\u001b[32m\"min-w-0 space-y-4\"\u001b[39m\n        \u001b[36m>\u001b[39m\n          \u001b[36m<h2\u001b[39m\n            \u001b[33mclass\u001b[39m=\u001b[32m\"text-lg font-semibold\"\u001b[39m\n          \u001b[36m>\u001b[39m\n            \u001b[0mInbox\u001b[0m\n          \u001b[36m</h2>\u001b[39m\n          \u001b[36m<p\u001b[39m\n            \u001b[33mclass\u001b[39m=\u001b[32m\"text-sm\"\u001b[39m\n          \u001b[36m>\u001b[39m\n            \u001b[0mCurrent mailbox\u001b[0m\n            \u001b[0m: \u001b[0m\n            \u001b[0m—\u001b[0m\n          \u001b[36m</p>\u001b[39m\n          \u001b[36m<form\u001b[39m\n            \u001b[33mclass\u001b[39m=\u001b[32m\"flex items-end gap-2\"\u001b[39m\n          \u001b[36m>\u001b[39m\n            \u001b[36m<div\u001b[39m\n              \u001b[33mclass\u001b[39m=\u001b[32m\"flex-1\"\u001b[39m\n            \u001b[36m>\u001b[39m\n              \u001b[36m<div\u001b[39m\n                \u001b[33mclass\u001b[39m=\u001b[32m\"space-y-1.5\"\u001b[39m\n              \u001b[36m>\u001b[39m\n                \u001b[36m<label\u001b[39m\n                  \u001b[33mclass\u001b[39m=\u001b[32m\"text-sm font-medium\"\u001b[39m\n                  \u001b[33mfor\u001b[39m=\u001b[32m\"_r_11_\"\u001b[39m\n                \u001b[36m>\u001b[39m\n                  \u001b[0mSearch subject, addresses and indexed body\u001b[0m\n                \u001b[36m</label>\u001b[39m\n                \u001b[36m<input\u001b[39m\n                  \u001b[33mclass\u001b[39m=\u001b[32m\"w-full rounded-md border bg-background px-3 py-2 text-sm disabled:opacity-50\"\u001b[39m\n                  \u001b[33mid\u001b[39m=\u001b[32m\"_r_11_\"\u001b[39m\n                  \u001b[33mmaxlength\u001b[39m=\u001b[32m\"200\"\u001b[39m\n                  \u001b[33mvalue\u001b[39m=\u001b[32m\"\"\u001b[39m\n                \u001b[36m/>\u001b[39m\n              \u001b[36m</div>\u001b[39m\n            \u001b[36m</div>\u001b[39m\n            \u001b[36m<button\u001b[39m\n              \u001b[33mclass\u001b[39m=\u001b[32m\"rounded-md border px-3 py-2 text-sm font-medium hover:bg-muted disabled:opacity-50 \"\u001b[39m\n              \u001b[33mtype\u001b[39m=\u001b[32m\"submit\"\u001b[39m\n            \u001b[36m>\u001b[39m\n              \u001b[0mSearch\u001b[0m\n            \u001b[36m</button>\u001b[39m\n          \u001b[36m</form>\u001b[39m\n          \u001b[36m<p\u001b[39m\n            \u001b[33mrole\u001b[39m=\u001b[32m\"status\"\u001b[39m\n          \u001b[36m>\u001b[39m\n            \u001b[0mNo readable mailbox is selected; authorized send identities remain available for composing.\u001b[0m\n          \u001b[36m</p>\u001b[39m\n        \u001b[36m</section>\u001b[39m\n      \u001b[36m</div>\u001b[39m\n    \u001b[36m</main>\u001b[39m\n  \u001b[36m</div>\u001b[39m\n\u001b[36m</body>\u001b[39m\n    at Object.getElementError (/home/runner/work/tabmail/tabmail/web/node_modules/@testing-library/dom/dist/config.js:37:19)\n    at /home/runner/work/tabmail/tabmail/web/node_modules/@testing-library/dom/dist/query-helpers.js:76:38\n    at /home/runner/work/tabmail/tabmail/web/node_modules/@testing-library/dom/dist/query-helpers.js:52:17\n    at /home/runner/work/tabmail/tabmail/web/node_modules/@testing-library/dom/dist/query-helpers.js:95:19\n    at mailboxButton (/home/runner/work/tabmail/tabmail/web/features/mail/workspace-mailbox-route-recovery.test.tsx:53:46)\n    at assertReading (/home/runner/work/tabmail/tabmail/web/features/mail/workspace-mailbox-route-recovery.test.tsx:71:10)\n    at /home/runner/work/tabmail/tabmail/web/features/mail/workspace-mailbox-route-recovery.test.tsx:184:5\n    at file:///home/runner/work/tabmail/tabmail/web/node_modules/@vitest/runner/dist/chunk-artifact.js:1903:20"],"meta":{},"tags":[]},{"ancestorTitles":["explicit mailbox route recovery"],"fullName":"explicit mailbox route recovery R13 closes a revoked mailbox and its stream without a fallback read","status":"passed","title":"R13 closes a revoked mailbox and its stream without a fallback read","duration":136.57309000000032,"failureMessages":[],"meta":{},"tags":[]},{"ancestorTitles":["explicit mailbox route recovery"],"fullName":"explicit mailbox route recovery R14 resolves the requested mailbox after an explicit refresh restores access","status":"passed","title":"R14 resolves the requested mailbox after an explicit refresh restores access","duration":92.64183000000003,"failureMessages":[],"meta":{},"tags":[]},{"ancestorTitles":["explicit mailbox route recovery"],"fullName":"explicit mailbox route recovery R15 reads another mailbox only after explicit selection and clears stale detail and page","status":"passed","title":"R15 reads another mailbox only after explicit selection and clears stale detail and page","duration":78.15517,"failureMessages":[],"meta":{},"tags":[]},{"ancestorTitles":["explicit mailbox route recovery"],"fullName":"explicit mailbox route recovery R16 preserves cross-mailbox drafts and explicitly opening one","status":"passed","title":"R16 preserves cross-mailbox drafts and explicitly opening one","duration":73.20700899999974,"failureMessages":[],"meta":{},"tags":[]},{"ancestorTitles":["explicit mailbox route recovery"],"fullName":"explicit mailbox route recovery R17 preserves cross-mailbox delivery status without a fallback stream","status":"passed","title":"R17 preserves cross-mailbox delivery status without a fallback stream","duration":67.82048699999996,"failureMessages":[],"meta":{},"tags":[]},{"ancestorTitles":["explicit mailbox route recovery"],"fullName":"explicit mailbox route recovery R18 retires pending editor opening between two unavailable mailbox routes","status":"passed","title":"R18 retires pending editor opening between two unavailable mailbox routes","duration":61.99042499999996,"failureMessages":[],"meta":{},"tags":[]}],"startTime":1791519018336,"endTime":1791519020053.9905,"status":"failed","message":"","name":"/home/runner/work/tabmail/tabmail/web/features/mail/workspace-mailbox-route-recovery.test.tsx"},{"assertionResults":[{"ancestorTitles":["mailbox creation request and draft ownership"],"fullName":"mailbox creation request and draft ownership clears an unchanged successful local part while retaining resource type and retention","status":"passed","title":"clears an unchanged successful local part while retaining resource type and retention","duration":366.4766679999998,"failureMessages":[],"meta":{},"tags":[]},{"ancestorTitles":["mailbox creation request and draft ownership"],"fullName":"mailbox creation request and draft ownership keeps a newer local part when the previous creation succeeds","status":"passed","title":"keeps a newer local part when the previous creation succeeds","duration":108.34631999999988,"failureMessages":[],"meta":{},"tags":[]},{"ancestorTitles":["mailbox creation request and draft ownership"],"fullName":"mailbox creation request and draft ownership does not clear a new A → B → A local part intent","status":"passed","title":"does not clear a new A → B → A local part intent","duration":89.49202600000012,"failureMessages":[],"meta":{},"tags":[]},{"ancestorTitles":["mailbox creation request and draft ownership"],"fullName":"mailbox creation request and draft ownership does not clear a new A → B → A retention intent","status":"passed","title":"does not clear a new A → B → A retention intent","duration":87.5285879999999,"failureMessages":[],"meta":{},"tags":[]},{"ancestorTitles":["mailbox creation request and draft ownership"],"fullName":"mailbox creation request and draft ownership does not clear a new A → B → A resource type intent","status":"passed","title":"does not clear a new A → B → A resource type intent","duration":93.01556000000005,"failureMessages":[],"meta":{},"tags":[]},{"ancestorTitles":["mailbox creation request and draft ownership"],"fullName":"mailbox creation request and draft ownership keeps a different personal owner and the new resource intent after a pending shared creation","status":"passed","title":"keeps a different personal owner and the new resource intent after a pending shared creation","duration":83.04787399999987,"failureMessages":[],"meta":{},"tags":[]},{"ancestorTitles":["mailbox creation request and draft ownership"],"fullName":"mailbox creation request and draft ownership keeps an A → B → A owner reselection independent of an older personal creation","status":"passed","title":"keeps an A → B → A owner reselection independent of an older personal creation","duration":88.60569299999975,"failureMessages":[],"meta":{},"tags":[]},{"ancestorTitles":["mailbox creation request and draft ownership"],"fullName":"mailbox creation request and draft ownership does not clear the unfinished local part when a directory refresh retires the submitted owner","status":"passed","title":"does not clear the unfinished local part when a directory refresh retires the submitted owner","duration":79.25106899999992,"failureMessages":[],"meta":{},"tags":[]},{"ancestorTitles":["mailbox creation request and draft ownership"],"fullName":"mailbox creation request and draft ownership preserves a newer managed-mailbox selection when creation finishes","status":"passed","title":"preserves a newer managed-mailbox selection when creation finishes","duration":98.69965599999978,"failureMessages":[],"meta":{},"tags":[]},{"ancestorTitles":["mailbox creation request and draft ownership"],"fullName":"mailbox creation request and draft ownership suppresses a retired page's creation side effects (failure=false)","status":"passed","title":"suppresses a retired page's creation side effects (failure=false)","duration":63.955985000000055,"failureMessages":[],"meta":{},"tags":[]},{"ancestorTitles":["mailbox creation request and draft ownership"],"fullName":"mailbox creation request and draft ownership suppresses a retired page's creation side effects (failure=true)","status":"passed","title":"suppresses a retired page's creation side effects (failure=true)","duration":64.585059,"failureMessages":[],"meta":{},"tags":[]},{"ancestorTitles":["mailbox creation request and draft ownership"],"fullName":"mailbox creation request and draft ownership lets the new account create while an older session request remains pending","status":"passed","title":"lets the new account create while an older session request remains pending","duration":92.81074399999989,"failureMessages":[],"meta":{},"tags":[]},{"ancestorTitles":["mailbox creation request and draft ownership"],"fullName":"mailbox creation request and draft ownership lets the new tenant create while an older session request remains pending","status":"passed","title":"lets the new tenant create while an older session request remains pending","duration":82.15633900000012,"failureMessages":[],"meta":{},"tags":[]},{"ancestorTitles":["mailbox creation request and draft ownership"],"fullName":"mailbox creation request and draft ownership lets the new role create while an older session request remains pending","status":"passed","title":"lets the new role create while an older session request remains pending","duration":93.37065299999995,"failureMessages":[],"meta":{},"tags":[]},{"ancestorTitles":["mailbox creation request and draft ownership"],"fullName":"mailbox creation request and draft ownership keeps an active creation and its busy state across token-only rotation","status":"passed","title":"keeps an active creation and its busy state across token-only rotation","duration":47.267287000000124,"failureMessages":[],"meta":{},"tags":[]},{"ancestorTitles":["mailbox creation request and draft ownership"],"fullName":"mailbox creation request and draft ownership blocks synchronous duplicate clicks without sending a second non-idempotent create","status":"passed","title":"blocks synchronous duplicate clicks without sending a second non-idempotent create","duration":60.80274599999984,"failureMessages":[],"meta":{},"tags":[]},{"ancestorTitles":["mailbox creation request and draft ownership"],"fullName":"mailbox creation request and draft ownership keeps current input and owner after a rejected personal creation","status":"passed","title":"keeps current input and owner after a rejected personal creation","duration":76.85987900000009,"failureMessages":[],"meta":{},"tags":[]},{"ancestorTitles":["mailbox creation request and draft ownership"],"fullName":"mailbox creation request and draft ownership keeps an acknowledged creation separate from failed mailbox-list readback and retries only reads","status":"passed","title":"keeps an acknowledged creation separate from failed mailbox-list readback and retries only reads","duration":83.86614599999984,"failureMessages":[],"meta":{},"tags":[]},{"ancestorTitles":["mailbox creation request and draft ownership"],"fullName":"mailbox creation request and draft ownership does not clear edits made while the post-create list refresh is pending","status":"passed","title":"does not clear edits made while the post-create list refresh is pending","duration":65.70730000000003,"failureMessages":[],"meta":{},"tags":[]}],"startTime":1791519018309,"endTime":1791519020134.7073,"status":"passed","message":"","name":"/home/runner/work/tabmail/tabmail/web/features/company/mailbox-create-ownership.test.tsx"},{"assertionResults":[{"ancestorTitles":["personal mailbox owner eligibility"],"fullName":"personal mailbox owner eligibility waits for the initial directory before allowing an explicit owner selection","status":"passed","title":"waits for the initial directory before allowing an explicit owner selection","duration":381.56982400000015,"failureMessages":[],"meta":{},"tags":[]},{"ancestorTitles":["personal mailbox owner eligibility"],"fullName":"personal mailbox owner eligibility creates a personal mailbox from an explicitly selected current active owner with retention zero","status":"passed","title":"creates a personal mailbox from an explicitly selected current active owner with retention zero","duration":151.44362999999998,"failureMessages":[],"meta":{},"tags":[]},{"ancestorTitles":["personal mailbox owner eligibility"],"fullName":"personal mailbox owner eligibility does not invent a ban on active admin owners","status":"passed","title":"does not invent a ban on active admin owners","duration":175.59959600000002,"failureMessages":[],"meta":{},"tags":[]},{"ancestorTitles":["personal mailbox owner eligibility"],"fullName":"personal mailbox owner eligibility does not invent a ban on active super_admin owners","status":"passed","title":"does not invent a ban on active super_admin owners","duration":136.49966800000016,"failureMessages":[],"meta":{},"tags":[]},{"ancestorTitles":["personal mailbox owner eligibility"],"fullName":"personal mailbox owner eligibility retires a frozen selected owner and requires explicit reselection if that id becomes eligible again","status":"passed","title":"retires a frozen selected owner and requires explicit reselection if that id becomes eligible again","duration":243.49094300000024,"failureMessages":[],"meta":{},"tags":[]},{"ancestorTitles":["personal mailbox owner eligibility"],"fullName":"personal mailbox owner eligibility retires a removed selected owner and requires explicit reselection if that id becomes eligible again","status":"passed","title":"retires a removed selected owner and requires explicit reselection if that id becomes eligible again","duration":256.9379859999999,"failureMessages":[],"meta":{},"tags":[]},{"ancestorTitles":["personal mailbox owner eligibility"],"fullName":"personal mailbox owner eligibility retires a foreign-tenant selected owner and requires explicit reselection if that id becomes eligible again","status":"passed","title":"retires a foreign-tenant selected owner and requires explicit reselection if that id becomes eligible again","duration":235.46921900000007,"failureMessages":[],"meta":{},"tags":[]},{"ancestorTitles":["personal mailbox owner eligibility"],"fullName":"personal mailbox owner eligibility blocks creation during revalidation and keeps the selection if the successful directory still contains the owner","status":"passed","title":"blocks creation during revalidation and keeps the selection if the successful directory still contains the owner","duration":211.43623799999978,"failureMessages":[],"meta":{},"tags":[]},{"ancestorTitles":["personal mailbox owner eligibility"],"fullName":"personal mailbox owner eligibility rejects a cached owner after directory 503 and requires a successful read plus a new selection","status":"passed","title":"rejects a cached owner after directory 503 and requires a successful read plus a new selection","duration":223.52525200000036,"failureMessages":[],"meta":{},"tags":[]},{"ancestorTitles":["personal mailbox owner eligibility"],"fullName":"personal mailbox owner eligibility rejects a cached owner after directory 403 and requires a successful read plus a new selection","status":"passed","title":"rejects a cached owner after directory 403 and requires a successful read plus a new selection","duration":208.69936700000017,"failureMessages":[],"meta":{},"tags":[]},{"ancestorTitles":["personal mailbox owner eligibility"],"fullName":"personal mailbox owner eligibility rejects a cached owner after directory network and requires a successful read plus a new selection","status":"passed","title":"rejects a cached owner after directory network and requires a successful read plus a new selection","duration":167.16315200000008,"failureMessages":[],"meta":{},"tags":[]},{"ancestorTitles":["personal mailbox owner eligibility"],"fullName":"personal mailbox owner eligibility does not accept a partial directory when a later page fails","status":"passed","title":"does not accept a partial directory when a later page fails","duration":134.21669900000006,"failureMessages":[],"meta":{},"tags":[]},{"ancestorTitles":["personal mailbox owner eligibility"],"fullName":"personal mailbox owner eligibility does not revive a hidden personal owner after a removed directory refresh","status":"passed","title":"does not revive a hidden personal owner after a removed directory refresh","duration":240.83651400000008,"failureMessages":[],"meta":{},"tags":[]},{"ancestorTitles":["personal mailbox owner eligibility"],"fullName":"personal mailbox owner eligibility does not revive a hidden personal owner after a failed-read directory refresh","status":"passed","title":"does not revive a hidden personal owner after a failed-read directory refresh","duration":181.0804680000001,"failureMessages":[],"meta":{},"tags":[]},{"ancestorTitles":["personal mailbox owner eligibility"],"fullName":"personal mailbox owner eligibility keeps shared creation independent of a loading member directory","status":"passed","title":"keeps shared creation independent of a loading member directory","duration":113.90579400000024,"failureMessages":[],"meta":{},"tags":[]},{"ancestorTitles":["personal mailbox owner eligibility"],"fullName":"personal mailbox owner eligibility keeps shared creation independent of a failed member directory","status":"passed","title":"keeps shared creation independent of a failed member directory","duration":80.30834099999993,"failureMessages":[],"meta":{},"tags":[]},{"ancestorTitles":["personal mailbox owner eligibility"],"fullName":"personal mailbox owner eligibility does not discard a valid owner because only the separate mailbox list failed","status":"passed","title":"does not discard a valid owner because only the separate mailbox list failed","duration":125.76080600000023,"failureMessages":[],"meta":{},"tags":[]},{"ancestorTitles":["personal mailbox owner eligibility"],"fullName":"personal mailbox owner eligibility does not carry an owner selection across a account boundary even if the same id is listed again","status":"passed","title":"does not carry an owner selection across a account boundary even if the same id is listed again","duration":188.03904499999953,"failureMessages":[],"meta":{},"tags":[]},{"ancestorTitles":["personal mailbox owner eligibility"],"fullName":"personal mailbox owner eligibility does not carry an owner selection across a tenant boundary even if the same id is listed again","status":"passed","title":"does not carry an owner selection across a tenant boundary even if the same id is listed again","duration":226.2503370000004,"failureMessages":[],"meta":{},"tags":[]},{"ancestorTitles":["personal mailbox owner eligibility"],"fullName":"personal mailbox owner eligibility does not carry an owner selection across a role boundary even if the same id is listed again","status":"passed","title":"does not carry an owner selection across a role boundary even if the same id is listed again","duration":166.74412699999993,"failureMessages":[],"meta":{},"tags":[]},{"ancestorTitles":["personal mailbox owner eligibility"],"fullName":"personal mailbox owner eligibility retains the selected owner through token-only rotation within the same session","status":"passed","title":"retains the selected owner through token-only rotation within the same session","duration":124.91003099999944,"failureMessages":[],"meta":{},"tags":[]}],"startTime":1791519023331,"endTime":1791519027305.91,"status":"passed","message":"","name":"/home/runner/work/tabmail/tabmail/web/features/company/mailbox-owner-freshness.test.tsx"},{"assertionResults":[{"ancestorTitles":["company mailbox retention input"],"fullName":"company mailbox retention input creates a shared mailbox with the explicit whole-hour value 0","status":"passed","title":"creates a shared mailbox with the explicit whole-hour value 0","duration":194.8854379999999,"failureMessages":[],"meta":{},"tags":[]},{"ancestorTitles":["company mailbox retention input"],"fullName":"company mailbox retention input creates a shared mailbox with the explicit whole-hour value 1","status":"passed","title":"creates a shared mailbox with the explicit whole-hour value 1","duration":52.80041700000015,"failureMessages":[],"meta":{},"tags":[]},{"ancestorTitles":["company mailbox retention input"],"fullName":"company mailbox retention input creates a shared mailbox with the explicit whole-hour value 876000","status":"passed","title":"creates a shared mailbox with the explicit whole-hour value 876000","duration":47.650773999999956,"failureMessages":[],"meta":{},"tags":[]},{"ancestorTitles":["company mailbox retention input"],"fullName":"company mailbox retention input creates a shared mailbox with the explicit whole-hour value 00024","status":"passed","title":"creates a shared mailbox with the explicit whole-hour value 00024","duration":61.28708900000015,"failureMessages":[],"meta":{},"tags":[]},{"ancestorTitles":["company mailbox retention input"],"fullName":"company mailbox retention input creates a shared mailbox with the explicit whole-hour value 1e3","status":"passed","title":"creates a shared mailbox with the explicit whole-hour value 1e3","duration":41.909156000000166,"failureMessages":[],"meta":{},"tags":[]},{"ancestorTitles":["company mailbox retention input"],"fullName":"company mailbox retention input blocks the invalid shared retention input \"\" without creating a mailbox","status":"passed","title":"blocks the invalid shared retention input \"\" without creating a mailbox","duration":26.954741000000013,"failureMessages":[],"meta":{},"tags":[]},{"ancestorTitles":["company mailbox retention input"],"fullName":"company mailbox retention input blocks the invalid shared retention input \"-1\" without creating a mailbox","status":"passed","title":"blocks the invalid shared retention input \"-1\" without creating a mailbox","duration":26.014966999999842,"failureMessages":[],"meta":{},"tags":[]},{"ancestorTitles":["company mailbox retention input"],"fullName":"company mailbox retention input blocks the invalid shared retention input \"1.5\" without creating a mailbox","status":"passed","title":"blocks the invalid shared retention input \"1.5\" without creating a mailbox","duration":29.5206290000001,"failureMessages":[],"meta":{},"tags":[]},{"ancestorTitles":["company mailbox retention input"],"fullName":"company mailbox retention input blocks the invalid shared retention input \"876001\" without creating a mailbox","status":"passed","title":"blocks the invalid shared retention input \"876001\" without creating a mailbox","duration":30.79266399999983,"failureMessages":[],"meta":{},"tags":[]},{"ancestorTitles":["company mailbox retention input"],"fullName":"company mailbox retention input blocks the invalid shared retention input \"9007199254740992\" without creating a mailbox","status":"passed","title":"blocks the invalid shared retention input \"9007199254740992\" without creating a mailbox","duration":36.50871799999982,"failureMessages":[],"meta":{},"tags":[]},{"ancestorTitles":["company mailbox retention input"],"fullName":"company mailbox retention input blocks the invalid shared retention input \"1e309\" without creating a mailbox","status":"passed","title":"blocks the invalid shared retention input \"1e309\" without creating a mailbox","duration":27.77285699999993,"failureMessages":[],"meta":{},"tags":[]},{"ancestorTitles":["company mailbox retention input"],"fullName":"company mailbox retention input keeps a cleared retention field empty until the user explicitly chooses permanent storage","status":"passed","title":"keeps a cleared retention field empty until the user explicitly chooses permanent storage","duration":46.40686800000003,"failureMessages":[],"meta":{},"tags":[]},{"ancestorTitles":["company mailbox retention input"],"fullName":"company mailbox retention input ignores hidden shared retention \"\" for a personal mailbox","status":"passed","title":"ignores hidden shared retention \"\" for a personal mailbox","duration":44.608625000000075,"failureMessages":[],"meta":{},"tags":[]},{"ancestorTitles":["company mailbox retention input"],"fullName":"company mailbox retention input ignores hidden shared retention \"-1\" for a personal mailbox","status":"passed","title":"ignores hidden shared retention \"-1\" for a personal mailbox","duration":51.046963000000005,"failureMessages":[],"meta":{},"tags":[]},{"ancestorTitles":["company mailbox retention input"],"fullName":"company mailbox retention input ignores hidden shared retention \"1.5\" for a personal mailbox","status":"passed","title":"ignores hidden shared retention \"1.5\" for a personal mailbox","duration":43.159452999999985,"failureMessages":[],"meta":{},"tags":[]},{"ancestorTitles":["company mailbox retention input"],"fullName":"company mailbox retention input ignores hidden shared retention \"876001\" for a personal mailbox","status":"passed","title":"ignores hidden shared retention \"876001\" for a personal mailbox","duration":33.30856800000015,"failureMessages":[],"meta":{},"tags":[]},{"ancestorTitles":["company mailbox retention input"],"fullName":"company mailbox retention input restores the invalid shared input after visiting the personal form","status":"passed","title":"restores the invalid shared input after visiting the personal form","duration":39.96069200000011,"failureMessages":[],"meta":{},"tags":[]},{"ancestorTitles":["company mailbox retention input"],"fullName":"company mailbox retention input keeps the selected shared retention intact when the server rejects creation","status":"passed","title":"keeps the selected shared retention intact when the server rejects creation","duration":33.27973699999984,"failureMessages":[],"meta":{},"tags":[]},{"ancestorTitles":[],"fullName":"rejects fractional intent 1e-324 even if Number rounds it to an integer","status":"passed","title":"rejects fractional intent 1e-324 even if Number rounds it to an integer","duration":31.24860600000011,"failureMessages":[],"meta":{},"tags":[]},{"ancestorTitles":[],"fullName":"rejects fractional intent 1.0000000000000001 even if Number rounds it to an integer","status":"passed","title":"rejects fractional intent 1.0000000000000001 even if Number rounds it to an integer","duration":21.897200999999995,"failureMessages":[],"meta":{},"tags":[]},{"ancestorTitles":[],"fullName":"rejects fractional intent 876000.00000000001 even if Number rounds it to an integer","status":"passed","title":"rejects fractional intent 876000.00000000001 even if Number rounds it to an integer","duration":43.35924699999987,"failureMessages":[],"meta":{},"tags":[]},{"ancestorTitles":[],"fullName":"preserves an exact whole-hour decimal 1.20e1","status":"passed","title":"preserves an exact whole-hour decimal 1.20e1","duration":21.75567000000001,"failureMessages":[],"meta":{},"tags":[]},{"ancestorTitles":[],"fullName":"preserves an exact whole-hour decimal 12.000","status":"passed","title":"preserves an exact whole-hour decimal 12.000","duration":26.03094299999998,"failureMessages":[],"meta":{},"tags":[]},{"ancestorTitles":[],"fullName":"preserves an exact whole-hour decimal 0e-324","status":"passed","title":"preserves an exact whole-hour decimal 0e-324","duration":22.97258399999987,"failureMessages":[],"meta":{},"tags":[]}],"startTime":1791519028628,"endTime":1791519029663.9727,"status":"passed","message":"","name":"/home/runner/work/tabmail/tabmail/web/features/company/mailbox-retention.test.tsx"},{"assertionResults":[{"ancestorTitles":["rich message paste Range ownership"],"fullName":"rich message paste Range ownership rejects a genuine after-forward boundary crossing without mutating any DOM","status":"passed","title":"rejects a genuine after-forward boundary crossing without mutating any DOM","duration":212.6168479999999,"failureMessages":[],"meta":{},"tags":[]},{"ancestorTitles":["rich message paste Range ownership"],"fullName":"rich message paste Range ownership rejects a genuine after-backward boundary crossing without mutating any DOM","status":"passed","title":"rejects a genuine after-backward boundary crossing without mutating any DOM","duration":54.567699000000175,"failureMessages":[],"meta":{},"tags":[]},{"ancestorTitles":["rich message paste Range ownership"],"fullName":"rich message paste Range ownership rejects a genuine before-backward boundary crossing without mutating any DOM","status":"passed","title":"rejects a genuine before-backward boundary crossing without mutating any DOM","duration":44.472939,"failureMessages":[],"meta":{},"tags":[]},{"ancestorTitles":["rich message paste Range ownership"],"fullName":"rich message paste Range ownership rejects a genuine before-forward boundary crossing without mutating any DOM","status":"passed","title":"rejects a genuine before-forward boundary crossing without mutating any DOM","duration":35.86716200000001,"failureMessages":[],"meta":{},"tags":[]},{"ancestorTitles":["rich message paste Range ownership"],"fullName":"rich message paste Range ownership rejects a forward selection spanning two editors","status":"passed","title":"rejects a forward selection spanning two editors","duration":55.95427399999994,"failureMessages":[],"meta":{},"tags":[]},{"ancestorTitles":["rich message paste Range ownership"],"fullName":"rich message paste Range ownership rejects a backward selection spanning two editors","status":"passed","title":"rejects a backward selection spanning two editors","duration":45.54788400000007,"failureMessages":[],"meta":{},"tags":[]},{"ancestorTitles":["rich message paste Range ownership"],"fullName":"rich message paste Range ownership does not use a selection wholly within another editor","status":"passed","title":"does not use a selection wholly within another editor","duration":41.18439599999988,"failureMessages":[],"meta":{},"tags":[]},{"ancestorTitles":["rich message paste Range ownership"],"fullName":"rich message paste Range ownership does not insert into an outside caret","status":"passed","title":"does not insert into an outside caret","duration":35.26856500000008,"failureMessages":[],"meta":{},"tags":[]},{"ancestorTitles":["rich message paste Range ownership"],"fullName":"rich message paste Range ownership does not insert when there is no selection","status":"passed","title":"does not insert when there is no selection","duration":28.947485000000142,"failureMessages":[],"meta":{},"tags":[]},{"ancestorTitles":["rich message paste Range ownership"],"fullName":"rich message paste Range ownership does not change DOM or emit for a caret selection after disabled is committed","status":"passed","title":"does not change DOM or emit for a caret selection after disabled is committed","duration":41.01119399999993,"failureMessages":[],"meta":{},"tags":[]},{"ancestorTitles":["rich message paste Range ownership"],"fullName":"rich message paste Range ownership does not change DOM or emit for a forward selection after disabled is committed","status":"passed","title":"does not change DOM or emit for a forward selection after disabled is committed","duration":33.91365900000005,"failureMessages":[],"meta":{},"tags":[]},{"ancestorTitles":["rich message paste Range ownership"],"fullName":"rich message paste Range ownership does not change DOM or emit for a backward selection after disabled is committed","status":"passed","title":"does not change DOM or emit for a backward selection after disabled is committed","duration":26.87740400000007,"failureMessages":[],"meta":{},"tags":[]},{"ancestorTitles":["rich message paste Range ownership"],"fullName":"rich message paste Range ownership resumes normal paste when the same editor is enabled again","status":"passed","title":"resumes normal paste when the same editor is enabled again","duration":50.23250200000007,"failureMessages":[],"meta":{},"tags":[]},{"ancestorTitles":["contained paste controls"],"fullName":"contained paste controls inserts at the start caret and leaves it immediately after pasted text","status":"passed","title":"inserts at the start caret and leaves it immediately after pasted text","duration":36.026058999999805,"failureMessages":[],"meta":{},"tags":[]},{"ancestorTitles":["contained paste controls"],"fullName":"contained paste controls inserts at the middle caret and leaves it immediately after pasted text","status":"passed","title":"inserts at the middle caret and leaves it immediately after pasted text","duration":22.363996999999927,"failureMessages":[],"meta":{},"tags":[]},{"ancestorTitles":["contained paste controls"],"fullName":"contained paste controls inserts at the end caret and leaves it immediately after pasted text","status":"passed","title":"inserts at the end caret and leaves it immediately after pasted text","duration":20.563635000000204,"failureMessages":[],"meta":{},"tags":[]},{"ancestorTitles":["contained paste controls"],"fullName":"contained paste controls inserts at the empty caret and leaves it immediately after pasted text","status":"passed","title":"inserts at the empty caret and leaves it immediately after pasted text","duration":28.602236999999832,"failureMessages":[],"meta":{},"tags":[]},{"ancestorTitles":["contained paste controls"],"fullName":"contained paste controls replaces a contained forward selection once","status":"passed","title":"replaces a contained forward selection once","duration":24.584499999999935,"failureMessages":[],"meta":{},"tags":[]},{"ancestorTitles":["contained paste controls"],"fullName":"contained paste controls replaces a contained backward selection once","status":"passed","title":"replaces a contained backward selection once","duration":21.627791999999772,"failureMessages":[],"meta":{},"tags":[]},{"ancestorTitles":["contained paste controls"],"fullName":"contained paste controls replaces a forward range across nested formatting nodes","status":"passed","title":"replaces a forward range across nested formatting nodes","duration":26.873403999999937,"failureMessages":[],"meta":{},"tags":[]},{"ancestorTitles":["contained paste controls"],"fullName":"contained paste controls replaces a backward range across nested formatting nodes","status":"passed","title":"replaces a backward range across nested formatting nodes","duration":33.091281999999865,"failureMessages":[],"meta":{},"tags":[]},{"ancestorTitles":["contained paste controls"],"fullName":"contained paste controls accepts an editor-root selection of all children","status":"passed","title":"accepts an editor-root selection of all children","duration":35.13840899999968,"failureMessages":[],"meta":{},"tags":[]},{"ancestorTitles":["contained paste controls"],"fullName":"contained paste controls accepts a caret between editor-root children","status":"passed","title":"accepts a caret between editor-root children","duration":20.373541999999816,"failureMessages":[],"meta":{},"tags":[]},{"ancestorTitles":["contained paste controls"],"fullName":"contained paste controls inserts clipboard markup and line breaks as literal text and emits sanitized HTML","status":"passed","title":"inserts clipboard markup and line breaks as literal text and emits sanitized HTML","duration":26.643305000000055,"failureMessages":[],"meta":{},"tags":[]},{"ancestorTitles":["contained paste controls"],"fullName":"contained paste controls preserves the existing empty-clipboard replacement behavior","status":"passed","title":"preserves the existing empty-clipboard replacement behavior","duration":20.110454000000118,"failureMessages":[],"meta":{},"tags":[]}],"startTime":1791519024514,"endTime":1791519025537.1104,"status":"passed","message":"","name":"/home/runner/work/tabmail/tabmail/web/features/mail/components/rich-message-paste.test.tsx"},{"assertionResults":[{"ancestorTitles":["constrained formatting editor"],"fullName":"constrained formatting editor removes active tags, remote media, attributes and javascript URLs","status":"passed","title":"removes active tags, remote media, attributes and javascript URLs","duration":12.368121999999971,"failureMessages":[],"meta":{},"tags":[]},{"ancestorTitles":["constrained formatting editor"],"fullName":"constrained formatting editor keeps plain text first-class and blocks HTML drops in rich mode","status":"passed","title":"keeps plain text first-class and blocks HTML drops in rich mode","duration":109.17890899999998,"failureMessages":[],"meta":{},"tags":[]}],"startTime":1791519030180,"endTime":1791519030301.179,"status":"passed","message":"","name":"/home/runner/work/tabmail/tabmail/web/features/mail/components/rich-message.test.tsx"}]}
2026-10-09T04:10:30.4697831Z ##[group]Run actions/upload-artifact@v4
2026-10-09T04:10:30.4698082Z with:
2026-10-09T04:10:30.4698291Z   name: exec-web-regressions
2026-10-09T04:10:30.4698496Z   path: exec-web-evidence
2026-10-09T04:10:30.4698701Z   if-no-files-found: error
2026-10-09T04:10:30.4698878Z   retention-days: 14
2026-10-09T04:10:30.4699135Z   compression-level: 6
2026-10-09T04:10:30.4699284Z   overwrite: false
2026-10-09T04:10:30.4699435Z   include-hidden-files: false
2026-10-09T04:10:30.4699594Z ##[endgroup]
2026-10-09T04:10:30.5856317Z (node:2508) [DEP0040] DeprecationWarning: The `punycode` module is deprecated. Please use a userland alternative instead.
2026-10-09T04:10:30.5857453Z (Use `node --trace-deprecation ...` to show where the warning was created)
2026-10-09T04:10:30.5903187Z With the provided path, there will be 2 files uploaded
2026-10-09T04:10:30.5905829Z Artifact name is valid!
2026-10-09T04:10:30.5906448Z Root directory input is valid!
2026-10-09T04:10:30.8645608Z Beginning upload of artifact content to blob storage
2026-10-09T04:10:30.8792861Z (node:2508) [DEP0169] DeprecationWarning: `url.parse()` behavior is not standardized and prone to errors that have security implications. Use the WHATWG URL API instead. CVEs are not issued for `url.parse()` vulnerabilities.
2026-10-09T04:10:31.0143996Z Uploaded bytes 11687
2026-10-09T04:10:31.0609345Z Finished uploading artifact content to blob storage!
2026-10-09T04:10:31.0610055Z SHA256 digest of uploaded artifact zip is 029ef06fbbd37f90ae80cd117ee782e15a9b41ba8c67d4402c232579385bdfb6
2026-10-09T04:10:31.0610922Z Finalizing artifact upload
2026-10-09T04:10:31.2862627Z Artifact exec-web-regressions.zip successfully finalized. Artifact ID 11595156693
2026-10-09T04:10:31.2863416Z Artifact exec-web-regressions has been successfully uploaded! Final size is 11687 bytes. Artifact ID is 11595156693
2026-10-09T04:10:31.2868332Z Artifact download URL: https://github.com/jyqj/tabmail/actions/runs/37882581583/artifacts/11595156693
2026-10-09T04:10:31.3189154Z Post job cleanup.
2026-10-09T04:10:31.3806350Z [command]/usr/bin/git version
2026-10-09T04:10:31.3829997Z git version 2.55.0
2026-10-09T04:10:31.3853221Z Temporarily overriding HOME='/home/runner/work/_temp/6e13cc07-60ce-4972-9ff3-bf25db108563' before making global git config changes
2026-10-09T04:10:31.3854095Z Adding repository directory to the temporary git global config as a safe directory
2026-10-09T04:10:31.3857287Z [command]/usr/bin/git config --global --add safe.directory /home/runner/work/tabmail/tabmail
2026-10-09T04:10:31.3882884Z [command]/usr/bin/git config --local --name-only --get-regexp core\.sshCommand
2026-10-09T04:10:31.3905964Z [command]/usr/bin/git submodule foreach --recursive sh -c "git config --local --name-only --get-regexp 'core\.sshCommand' && git config --local --unset-all 'core.sshCommand' || :"
2026-10-09T04:10:31.4056039Z [command]/usr/bin/git config --local --name-only --get-regexp http\.https\:\/\/github\.com\/\.extraheader
2026-10-09T04:10:31.4077162Z [command]/usr/bin/git submodule foreach --recursive sh -c "git config --local --name-only --get-regexp 'http\.https\:\/\/github\.com\/\.extraheader' && git config --local --unset-all 'http.https://github.com/.extraheader' || :"
2026-10-09T04:10:31.4223828Z [command]/usr/bin/git config --local --name-only --get-regexp ^includeIf\.gitdir:
2026-10-09T04:10:31.4245178Z [command]/usr/bin/git submodule foreach --recursive git config --local --show-origin --name-only --get-regexp remote.origin.url
2026-10-09T04:10:31.4481180Z Cleaning up orphan processes
2026-10-09T04:10:31.4657753Z ##[warning]Node.js 20 is deprecated. The following actions target Node.js 20 but are being forced to run on Node.js 24: actions/checkout@v4, actions/setup-node@v4, actions/upload-artifact@v4. For more information see: https://github.blog/changelog/2025-09-19-deprecation-of-node-20-on-github-actions-runners/
