2026-10-09T04:09:52.5685522Z Current runner version: '2.337.0'
2026-10-09T04:09:52.5710687Z ##[group]Runner Image Provisioner
2026-10-09T04:09:52.5711562Z Hosted Compute Agent
2026-10-09T04:09:52.5712138Z Version: 20261002.596
2026-10-09T04:09:52.5712874Z Commit: c3d12f3313a95f25162a1503be624f3b0617f8c0
2026-10-09T04:09:52.5713626Z Build Date: 2026-10-02T22:28:27Z
2026-10-09T04:09:52.5714348Z Worker ID: {87dbbe93-9dbb-4486-baf3-90680f1527cc}
2026-10-09T04:09:52.5715335Z Region: westus
2026-10-09T04:09:52.5715905Z Cloud: Azure
2026-10-09T04:09:52.5716576Z ##[endgroup]
2026-10-09T04:09:52.5718052Z ##[group]Operating System
2026-10-09T04:09:52.5718847Z Ubuntu
2026-10-09T04:09:52.5719416Z 24.04.5
2026-10-09T04:09:52.5719962Z LTS
2026-10-09T04:09:52.5720547Z ##[endgroup]
2026-10-09T04:09:52.5721106Z ##[group]Runner Image
2026-10-09T04:09:52.5721750Z Image: ubuntu-24.04
2026-10-09T04:09:52.5722381Z Version: 20261004.327.1
2026-10-09T04:09:52.5723661Z Included Software: https://github.com/actions/runner-images/blob/ubuntu24/20261004.327/images/ubuntu/Ubuntu2404-Readme.md
2026-10-09T04:09:52.5725499Z Image Release: https://github.com/actions/runner-images/releases/tag/ubuntu24%2F20261004.327
2026-10-09T04:09:52.5726477Z ##[endgroup]
2026-10-09T04:09:52.5727675Z ##[group]GITHUB_TOKEN Permissions
2026-10-09T04:09:52.5729527Z Contents: read
2026-10-09T04:09:52.5730359Z Metadata: read
2026-10-09T04:09:52.5730909Z ##[endgroup]
2026-10-09T04:09:52.5733026Z Secret source: Actions
2026-10-09T04:09:52.5733990Z Cache mode: write
2026-10-09T04:09:52.5734731Z Prepare workflow directory
2026-10-09T04:09:52.6106445Z Prepare all required actions
2026-10-09T04:09:52.6172515Z Getting action download info
2026-10-09T04:09:52.9661913Z Download action repository 'actions/checkout@v4' (SHA:11d5960a326750d5838078e36cf38b85af677262)
2026-10-09T04:09:53.0647826Z Download action repository 'actions/setup-go@v5' (SHA:40f1582b2485089dde7abd97c1529aa768e1baff)
2026-10-09T04:09:53.5441725Z Download action repository 'actions/upload-artifact@v4' (SHA:ea165f8d65b6e75b540449e92b4886f43607fa02)
2026-10-09T04:09:53.7467933Z Complete job name: smtputf8-recovery
2026-10-09T04:09:53.8278726Z ##[group]Run actions/checkout@v4
2026-10-09T04:09:53.8279678Z with:
2026-10-09T04:09:53.8280214Z   persist-credentials: false
2026-10-09T04:09:53.8280811Z   fetch-depth: 0
2026-10-09T04:09:53.8281314Z   repository: jyqj/tabmail
2026-10-09T04:09:53.8285558Z   token: ***
2026-10-09T04:09:53.8286046Z   ssh-strict: true
2026-10-09T04:09:53.8286539Z   ssh-user: git
2026-10-09T04:09:53.8287000Z   clean: true
2026-10-09T04:09:53.8287495Z   sparse-checkout-cone-mode: true
2026-10-09T04:09:53.8288079Z   fetch-tags: false
2026-10-09T04:09:53.8288567Z   show-progress: true
2026-10-09T04:09:53.8289068Z   lfs: false
2026-10-09T04:09:53.8289534Z   submodules: false
2026-10-09T04:09:53.8290016Z   set-safe-directory: true
2026-10-09T04:09:53.8290574Z   allow-unsafe-pr-checkout: false
2026-10-09T04:09:53.8291425Z ##[endgroup]
2026-10-09T04:09:53.9280363Z Syncing repository: jyqj/tabmail
2026-10-09T04:09:53.9282202Z ##[group]Getting Git version info
2026-10-09T04:09:53.9283129Z Working directory is '/home/runner/work/tabmail/tabmail'
2026-10-09T04:09:53.9284228Z [command]/usr/bin/git version
2026-10-09T04:09:53.9346968Z git version 2.55.0
2026-10-09T04:09:53.9367110Z ##[endgroup]
2026-10-09T04:09:53.9380490Z Temporarily overriding HOME='/home/runner/work/_temp/ec94f145-44f4-483d-9c36-cb8389ef668a' before making global git config changes
2026-10-09T04:09:53.9382630Z Adding repository directory to the temporary git global config as a safe directory
2026-10-09T04:09:53.9385146Z [command]/usr/bin/git config --global --add safe.directory /home/runner/work/tabmail/tabmail
2026-10-09T04:09:53.9432147Z Deleting the contents of '/home/runner/work/tabmail/tabmail'
2026-10-09T04:09:53.9436318Z ##[group]Initializing the repository
2026-10-09T04:09:53.9440166Z [command]/usr/bin/git init /home/runner/work/tabmail/tabmail
2026-10-09T04:09:53.9551092Z hint: Using 'master' as the name for the initial branch. This default branch name
2026-10-09T04:09:53.9554012Z hint: will change to "main" in Git 3.0. To configure the initial branch name
2026-10-09T04:09:53.9556371Z hint: to use in all of your new repositories, which will suppress this warning,
2026-10-09T04:09:53.9558023Z hint: call:
2026-10-09T04:09:53.9558821Z hint:
2026-10-09T04:09:53.9559874Z hint: 	git config --global init.defaultBranch <name>
2026-10-09T04:09:53.9561182Z hint:
2026-10-09T04:09:53.9562248Z hint: Names commonly chosen instead of 'master' are 'main', 'trunk' and
2026-10-09T04:09:53.9563720Z hint: 'development'. The just-created branch can be renamed via this command:
2026-10-09T04:09:53.9565631Z hint:
2026-10-09T04:09:53.9566494Z hint: 	git branch -m <name>
2026-10-09T04:09:53.9567189Z hint:
2026-10-09T04:09:53.9567995Z hint: Disable this message with "git config set advice.defaultBranchName false"
2026-10-09T04:09:53.9569161Z Initialized empty Git repository in /home/runner/work/tabmail/tabmail/.git/
2026-10-09T04:09:53.9571217Z [command]/usr/bin/git remote add origin https://github.com/jyqj/tabmail
2026-10-09T04:09:53.9612897Z ##[endgroup]
2026-10-09T04:09:53.9613789Z ##[group]Disabling automatic garbage collection
2026-10-09T04:09:53.9616395Z [command]/usr/bin/git config --local gc.auto 0
2026-10-09T04:09:53.9644809Z ##[endgroup]
2026-10-09T04:09:53.9645989Z ##[group]Setting up auth
2026-10-09T04:09:53.9651421Z [command]/usr/bin/git config --local --name-only --get-regexp core\.sshCommand
2026-10-09T04:09:53.9681435Z [command]/usr/bin/git submodule foreach --recursive sh -c "git config --local --name-only --get-regexp 'core\.sshCommand' && git config --local --unset-all 'core.sshCommand' || :"
2026-10-09T04:09:54.0049782Z [command]/usr/bin/git config --local --name-only --get-regexp http\.https\:\/\/github\.com\/\.extraheader
2026-10-09T04:09:54.0080439Z [command]/usr/bin/git submodule foreach --recursive sh -c "git config --local --name-only --get-regexp 'http\.https\:\/\/github\.com\/\.extraheader' && git config --local --unset-all 'http.https://github.com/.extraheader' || :"
2026-10-09T04:09:54.0296371Z [command]/usr/bin/git config --local --name-only --get-regexp ^includeIf\.gitdir:
2026-10-09T04:09:54.0327252Z [command]/usr/bin/git submodule foreach --recursive git config --local --show-origin --name-only --get-regexp remote.origin.url
2026-10-09T04:09:54.0537350Z [command]/usr/bin/git config --local http.https://github.com/.extraheader AUTHORIZATION: basic ***
2026-10-09T04:09:54.0572385Z ##[endgroup]
2026-10-09T04:09:54.0573259Z ##[group]Fetching the repository
2026-10-09T04:09:54.0581791Z [command]/usr/bin/git -c protocol.version=2 fetch --prune --no-recurse-submodules origin +refs/heads/*:refs/remotes/origin/* +refs/tags/*:refs/tags/* +bd7bea1a4d400317641ce2c5e160eb31486e88a6:refs/remotes/pull/224/merge
2026-10-09T04:10:01.1854799Z From https://github.com/jyqj/tabmail
2026-10-09T04:10:01.1857498Z  * [new branch]      audit-pr21-41b015c                       -> origin/audit-pr21-41b015c
2026-10-09T04:10:01.1858598Z  * [new branch]      candidate/r5-consumer-adapter-20261004   -> origin/candidate/r5-consumer-adapter-20261004
2026-10-09T04:10:01.1859738Z  * [new branch]      candidate/r5-consumer-adapter-corrected-20261004 -> origin/candidate/r5-consumer-adapter-corrected-20261004
2026-10-09T04:10:01.1860895Z  * [new branch]      candidate/r5-consumer-classifier-contract-20261004 -> origin/candidate/r5-consumer-classifier-contract-20261004
2026-10-09T04:10:01.1862038Z  * [new branch]      candidate/r5-consumer-generated-provenance-20261004 -> origin/candidate/r5-consumer-generated-provenance-20261004
2026-10-09T04:10:01.1863094Z  * [new branch]      candidate/r5-runtime-v3-20261004         -> origin/candidate/r5-runtime-v3-20261004
2026-10-09T04:10:01.1863991Z  * [new branch]      candidate/r5-slice4-batch-20261004       -> origin/candidate/r5-slice4-batch-20261004
2026-10-09T04:10:01.1865187Z  * [new branch]      candidate/slice4-bridge-caller-20261004  -> origin/candidate/slice4-bridge-caller-20261004
2026-10-09T04:10:01.1866806Z  * [new branch]      chore/company-mail-r5-checkpoint-20260930 -> origin/chore/company-mail-r5-checkpoint-20260930
2026-10-09T04:10:01.1869302Z  * [new branch]      chore/selected-v3-metadata-gate-20261004-pnkZA9ce -> origin/chore/selected-v3-metadata-gate-20261004-pnkZA9ce
2026-10-09T04:10:01.1870597Z  * [new branch]      ci/company-mail-r5-wiring-20261003       -> origin/ci/company-mail-r5-wiring-20261003
2026-10-09T04:10:01.1871564Z  * [new branch]      cloud/r5-source-integration-20261004     -> origin/cloud/r5-source-integration-20261004
2026-10-09T04:10:01.1872810Z  * [new branch]      cloud/r5-union-components-f52-20261004-prestart-c741 -> origin/cloud/r5-union-components-f52-20261004-prestart-c741
2026-10-09T04:10:01.1874006Z  * [new branch]      cloud/r5-union-dbhttp-f52-20261004-0449  -> origin/cloud/r5-union-dbhttp-f52-20261004-0449
2026-10-09T04:10:01.1875438Z  * [new branch]      cloud/r5-union-default-f52-20261004-0441 -> origin/cloud/r5-union-default-f52-20261004-0441
2026-10-09T04:10:01.1877035Z  * [new branch]      codex/pe-independent-review              -> origin/codex/pe-independent-review
2026-10-09T04:10:01.1878319Z  * [new branch]      codex/pe-shared-adapter                  -> origin/codex/pe-shared-adapter
2026-10-09T04:10:01.1879715Z  * [new branch]      codex/r5-approved-catalog-reconciliation-20261004 -> origin/codex/r5-approved-catalog-reconciliation-20261004
2026-10-09T04:10:01.1881273Z  * [new branch]      codex/r5-compatibility-source-boundary   -> origin/codex/r5-compatibility-source-boundary
2026-10-09T04:10:01.1882716Z  * [new branch]      codex/r5-compile-stability-20261004      -> origin/codex/r5-compile-stability-20261004
2026-10-09T04:10:01.1884039Z  * [new branch]      codex/r5-current-wire-20261003           -> origin/codex/r5-current-wire-20261003
2026-10-09T04:10:01.1884796Z  * [new branch]      codex/r5-env-evidence-20261004           -> origin/codex/r5-env-evidence-20261004
2026-10-09T04:10:01.1886032Z  * [new branch]      codex/r5-external-runtime-20261003       -> origin/codex/r5-external-runtime-20261003
2026-10-09T04:10:01.1887028Z  * [new branch]      codex/r5-v3-preparation-slice2           -> origin/codex/r5-v3-preparation-slice2
2026-10-09T04:10:01.1888038Z  * [new branch]      design/r5-v3-consumer-opt-in-20261004    -> origin/design/r5-v3-consumer-opt-in-20261004
2026-10-09T04:10:01.1888816Z  * [new branch]      docs/r5-archive-boundary-v1              -> origin/docs/r5-archive-boundary-v1
2026-10-09T04:10:01.1889607Z  * [new branch]      evidence/r5-catalog-rev11-3a-20261008-b8f95a -> origin/evidence/r5-catalog-rev11-3a-20261008-b8f95a
2026-10-09T04:10:01.1890936Z  * [new branch]      experiment/goose-buffer-64k              -> origin/experiment/goose-buffer-64k
2026-10-09T04:10:01.1891753Z  * [new branch]      feat/r5-archive-boundary-v1              -> origin/feat/r5-archive-boundary-v1
2026-10-09T04:10:01.1892591Z  * [new branch]      feat/runtime-batch-validation            -> origin/feat/runtime-batch-validation
2026-10-09T04:10:01.1893316Z  * [new branch]      fix/auth-body-limit-20261005             -> origin/fix/auth-body-limit-20261005
2026-10-09T04:10:01.1894109Z  * [new branch]      fix/batch-supervisor-lifecycle-20261004  -> origin/fix/batch-supervisor-lifecycle-20261004
2026-10-09T04:10:01.1895251Z  * [new branch]      fix/browser-reply-journey-20261003       -> origin/fix/browser-reply-journey-20261003
2026-10-09T04:10:01.1896227Z  * [new branch]      fix/compose-query-completion-20261005    -> origin/fix/compose-query-completion-20261005
2026-10-09T04:10:01.1897069Z  * [new branch]      fix/compose-send-lifecycle-20261005      -> origin/fix/compose-send-lifecycle-20261005
2026-10-09T04:10:01.1897790Z  * [new branch]      fix/direct-null-mx-20261006              -> origin/fix/direct-null-mx-20261006
2026-10-09T04:10:01.1898544Z  * [new branch]      fix/draft-reload-serialization-20261005  -> origin/fix/draft-reload-serialization-20261005
2026-10-09T04:10:01.1899367Z  * [new branch]      fix/editor-opening-ownership-20261005    -> origin/fix/editor-opening-ownership-20261005
2026-10-09T04:10:01.1900343Z  * [new branch]      fix/lf01-frozen-offboarding              -> origin/fix/lf01-frozen-offboarding
2026-10-09T04:10:01.1901096Z  * [new branch]      fix/live-content-refresh-20261005        -> origin/fix/live-content-refresh-20261005
2026-10-09T04:10:01.1901893Z  * [new branch]      fix/mail-reader-invalidation-20261004    -> origin/fix/mail-reader-invalidation-20261004
2026-10-09T04:10:01.1902756Z  * [new branch]      fix/message-action-reconciliation-20261005 -> origin/fix/message-action-reconciliation-20261005
2026-10-09T04:10:01.1903584Z  * [new branch]      fix/offboarding-successor-authz          -> origin/fix/offboarding-successor-authz
2026-10-09T04:10:01.1904324Z  * [new branch]      fix/pr21-client-inventory                -> origin/fix/pr21-client-inventory
2026-10-09T04:10:01.1905301Z  * [new branch]      fix/pr21-harness-lint-41b015c            -> origin/fix/pr21-harness-lint-41b015c
2026-10-09T04:10:01.1906113Z  * [new branch]      fix/profile-refresh-three-way-20261003   -> origin/fix/profile-refresh-three-way-20261003
2026-10-09T04:10:01.1907016Z  * [new branch]      fix/r5-benchmark-strict-evidence-20261001 -> origin/fix/r5-benchmark-strict-evidence-20261001
2026-10-09T04:10:01.1907807Z  * [new branch]      fix/r5-descriptor-tests                  -> origin/fix/r5-descriptor-tests
2026-10-09T04:10:01.1908493Z  * [new branch]      fix/r5-excluded-metadata                 -> origin/fix/r5-excluded-metadata
2026-10-09T04:10:01.1909179Z  * [new branch]      fix/r5-fixture-owner-join                -> origin/fix/r5-fixture-owner-join
2026-10-09T04:10:01.1909968Z  * [new branch]      fix/r5-legacy-recipients-alias-20261003  -> origin/fix/r5-legacy-recipients-alias-20261003
2026-10-09T04:10:01.1910713Z  * [new branch]      fix/r5-pe-seed-f875                      -> origin/fix/r5-pe-seed-f875
2026-10-09T04:10:01.1911438Z  * [new branch]      fix/r5-rc-receipt-contract-20261003      -> origin/fix/r5-rc-receipt-contract-20261003
2026-10-09T04:10:01.1912245Z  * [new branch]      fix/r5-receipt-inspection-test-gate      -> origin/fix/r5-receipt-inspection-test-gate
2026-10-09T04:10:01.1913267Z  * [new branch]      fix/r5-receipt-surface-contract-20261003 -> origin/fix/r5-receipt-surface-contract-20261003
2026-10-09T04:10:01.1914098Z  * [new branch]      fix/r5-router-touch-oracle               -> origin/fix/r5-router-touch-oracle
2026-10-09T04:10:01.1914875Z  * [new branch]      fix/r5-schema16-benchmark-fixtures       -> origin/fix/r5-schema16-benchmark-fixtures
2026-10-09T04:10:01.1916091Z  * [new branch]      fix/r5-selected-source-binding-20261003  -> origin/fix/r5-selected-source-binding-20261003
2026-10-09T04:10:01.1916959Z  * [new branch]      fix/r5-shared-receipt-legacy-20261003    -> origin/fix/r5-shared-receipt-legacy-20261003
2026-10-09T04:10:01.1917810Z  * [new branch]      fix/r5-source-excluded-metadata-20261003 -> origin/fix/r5-source-excluded-metadata-20261003
2026-10-09T04:10:01.1918642Z  * [new branch]      fix/r5-source-runner-preparation         -> origin/fix/r5-source-runner-preparation
2026-10-09T04:10:01.1919532Z  * [new branch]      fix/r5-stream-transport                  -> origin/fix/r5-stream-transport
2026-10-09T04:10:01.1920248Z  * [new branch]      fix/r5-transaction-inventory             -> origin/fix/r5-transaction-inventory
2026-10-09T04:10:01.1921008Z  * [new branch]      fix/r5-v3-producer-path-20261004         -> origin/fix/r5-v3-producer-path-20261004
2026-10-09T04:10:01.1921973Z  * [new branch]      fix/r5-v3-rejection-evidence-20261004    -> origin/fix/r5-v3-rejection-evidence-20261004
2026-10-09T04:10:01.1922874Z  * [new branch]      fix/receipt-aggregate-refresh-20261005   -> origin/fix/receipt-aggregate-refresh-20261005
2026-10-09T04:10:01.1923723Z  * [new branch]      fix/recipient-reload-display-20261005    -> origin/fix/recipient-reload-display-20261005
2026-10-09T04:10:01.1925223Z  * [new branch]      fix/selected-attestation-stable-capture  -> origin/fix/selected-attestation-stable-capture
2026-10-09T04:10:01.1926158Z  * [new branch]      fix/sent-action-lifecycle-20261005       -> origin/fix/sent-action-lifecycle-20261005
2026-10-09T04:10:01.1927117Z  * [new branch]      fix/smtp-data-cause-20261006             -> origin/fix/smtp-data-cause-20261006
2026-10-09T04:10:01.1927851Z  * [new branch]      fix/smtp-owner-logger-gate               -> origin/fix/smtp-owner-logger-gate
2026-10-09T04:10:01.1928793Z  * [new branch]      fix/sse-framing-20261004                 -> origin/fix/sse-framing-20261004
2026-10-09T04:10:01.1929870Z  * [new branch]      fix/subject-wire-encoding-20261006       -> origin/fix/subject-wire-encoding-20261006
2026-10-09T04:10:01.1930756Z  * [new branch]      fix/tabmail-exec-round3-20261009         -> origin/fix/tabmail-exec-round3-20261009
2026-10-09T04:10:01.1931579Z  * [new branch]      fix/tabmail-followup-recovery-20261008   -> origin/fix/tabmail-followup-recovery-20261008
2026-10-09T04:10:01.1932426Z  * [new branch]      integration/catalog-v3-frozen-20261004   -> origin/integration/catalog-v3-frozen-20261004
2026-10-09T04:10:01.1933273Z  * [new branch]      integration/company-mail-r5-20261003     -> origin/integration/company-mail-r5-20261003
2026-10-09T04:10:01.1934253Z  * [new branch]      integration/company-mail-r5-batch2-20261003 -> origin/integration/company-mail-r5-batch2-20261003
2026-10-09T04:10:01.1935846Z  * [new branch]      integration/company-mail-r5-batch3-20261003 -> origin/integration/company-mail-r5-batch3-20261003
2026-10-09T04:10:01.1936783Z  * [new branch]      integration/company-mail-r5-batch4-20261003 -> origin/integration/company-mail-r5-batch4-20261003
2026-10-09T04:10:01.1937662Z  * [new branch]      integration/company-mail-r5-batch5-20261003 -> origin/integration/company-mail-r5-batch5-20261003
2026-10-09T04:10:01.1938944Z  * [new branch]      integration/company-mail-r5-pr-management-20261007 -> origin/integration/company-mail-r5-pr-management-20261007
2026-10-09T04:10:01.1940492Z  * [new branch]      integration/pe-lf-components-20261004    -> origin/integration/pe-lf-components-20261004
2026-10-09T04:10:01.1941532Z  * [new branch]      integration/r5-consumer-slices23-20261004 -> origin/integration/r5-consumer-slices23-20261004
2026-10-09T04:10:01.1942399Z  * [new branch]      integration/r5-slice4-combined-20261004  -> origin/integration/r5-slice4-combined-20261004
2026-10-09T04:10:01.1943225Z  * [new branch]      integration/r5-source-combined-20261003  -> origin/integration/r5-source-combined-20261003
2026-10-09T04:10:01.1944062Z  * [new branch]      investigate/pe03-profile-editor          -> origin/investigate/pe03-profile-editor
2026-10-09T04:10:01.1944859Z  * [new branch]      main                                     -> origin/main
2026-10-09T04:10:01.1945769Z  * [new branch]      prep/source-policy-20261003              -> origin/prep/source-policy-20261003
2026-10-09T04:10:01.1946504Z  * [new branch]      r5-cloud-background-20261003             -> origin/r5-cloud-background-20261003
2026-10-09T04:10:01.1947224Z  * [new branch]      r5-cloud-smtp-owner-20261003             -> origin/r5-cloud-smtp-owner-20261003
2026-10-09T04:10:01.1947956Z  * [new branch]      r5-permission-audit-20261003             -> origin/r5-permission-audit-20261003
2026-10-09T04:10:01.1948716Z  * [new branch]      r5-source-v3-pure-isolated-20261003      -> origin/r5-source-v3-pure-isolated-20261003
2026-10-09T04:10:01.1949509Z  * [new branch]      r5/formal-components-f875-20261004       -> origin/r5/formal-components-f875-20261004
2026-10-09T04:10:01.1950380Z  * [new branch]      review/external-batch-independent-20261004 -> origin/review/external-batch-independent-20261004
2026-10-09T04:10:01.1951237Z  * [new branch]      review/independent-frontend-7a43654      -> origin/review/independent-frontend-7a43654
2026-10-09T04:10:01.1952509Z  * [new branch]      review/offboarding-pair-independent-20261004 -> origin/review/offboarding-pair-independent-20261004
2026-10-09T04:10:01.1953862Z  * [new branch]      review/r5-archive-fixed-0c1f4f6          -> origin/review/r5-archive-fixed-0c1f4f6
2026-10-09T04:10:01.1954748Z  * [new branch]      review/r5-catalog-independent-cloud-20261004 -> origin/review/r5-catalog-independent-cloud-20261004
2026-10-09T04:10:01.1956024Z  * [new branch]      review/r5-classifier-independent-20261004 -> origin/review/r5-classifier-independent-20261004
2026-10-09T04:10:01.1956886Z  * [new branch]      review/r5-corrected-independent-20261004 -> origin/review/r5-corrected-independent-20261004
2026-10-09T04:10:01.1957726Z  * [new branch]      review/r5-env-independent-20261004       -> origin/review/r5-env-independent-20261004
2026-10-09T04:10:01.1958588Z  * [new branch]      review/r5-env-p2-delta-independent-20261004 -> origin/review/r5-env-p2-delta-independent-20261004
2026-10-09T04:10:01.1959595Z  * [new branch]      review/r5-generated-independent-20261004 -> origin/review/r5-generated-independent-20261004
2026-10-09T04:10:01.1961041Z  * [new branch]      review/r5-independent-20261004           -> origin/review/r5-independent-20261004
2026-10-09T04:10:01.1962377Z  * [new branch]      review/r5-preparation-slice2-independent-20261004 -> origin/review/r5-preparation-slice2-independent-20261004
2026-10-09T04:10:01.1963416Z  * [new branch]      review/r5-runtime-v3-slice3-independent-20261004 -> origin/review/r5-runtime-v3-slice3-independent-20261004
2026-10-09T04:10:01.1964843Z  * [new branch]      review/r5-slice4-batch-independent-20261004 -> origin/review/r5-slice4-batch-independent-20261004
2026-10-09T04:10:01.1966850Z  * [new branch]      review/r5-slice5-independent-20261004    -> origin/review/r5-slice5-independent-20261004
2026-10-09T04:10:01.1968805Z  * [new branch]      review/selected-attestation-v1-independent-20261003 -> origin/review/selected-attestation-v1-independent-20261003
2026-10-09T04:10:01.1970683Z  * [new branch]      review/slice4-bridge-independent-20261004 -> origin/review/slice4-bridge-independent-20261004
2026-10-09T04:10:01.1972442Z  * [new branch]      review/source-excluded-independent-20261003 -> origin/review/source-excluded-independent-20261003
2026-10-09T04:10:01.1974381Z  * [new branch]      tooling/selected-binding-v3-20261004     -> origin/tooling/selected-binding-v3-20261004
2026-10-09T04:10:01.1976178Z  * [new branch]      verification/r5-slice5-closure-20261004  -> origin/verification/r5-slice5-closure-20261004
2026-10-09T04:10:01.1977850Z  * [new branch]      verification/r5-slice5-physical-plan-v2-20261004 -> origin/verification/r5-slice5-physical-plan-v2-20261004
2026-10-09T04:10:01.1979424Z  * [new branch]      work/company-mail-r5-goal-20260930       -> origin/work/company-mail-r5-goal-20260930
2026-10-09T04:10:01.1981104Z  * [new branch]      work/r5-followup-round3-source-20261007  -> origin/work/r5-followup-round3-source-20261007
2026-10-09T04:10:01.1981868Z  * [new tag]         archive/codex-deep-authz                 -> archive/codex-deep-authz
2026-10-09T04:10:01.1982554Z  * [new tag]         archive/ingress-operations-console       -> archive/ingress-operations-console
2026-10-09T04:10:01.1983280Z  * [new tag]         baseline/company-mail-r4-20260928        -> baseline/company-mail-r4-20260928
2026-10-09T04:10:01.1984026Z  * [new tag]         baseline/company-mail-r5-b01u-20260930   -> baseline/company-mail-r5-b01u-20260930
2026-10-09T04:10:01.1984671Z  * [new tag]         v1.0.0                                   -> v1.0.0
2026-10-09T04:10:01.1985517Z  * [new ref]         bd7bea1a4d400317641ce2c5e160eb31486e88a6 -> pull/224/merge
2026-10-09T04:10:01.1987495Z ##[endgroup]
2026-10-09T04:10:01.1988379Z ##[group]Determining the checkout info
2026-10-09T04:10:01.1988929Z ##[endgroup]
2026-10-09T04:10:01.1989290Z [command]/usr/bin/git sparse-checkout disable
2026-10-09T04:10:01.1990166Z [command]/usr/bin/git config --local --unset-all extensions.worktreeConfig
2026-10-09T04:10:01.1991179Z ##[group]Checking out the ref
2026-10-09T04:10:01.1991648Z [command]/usr/bin/git checkout --progress --force refs/remotes/pull/224/merge
2026-10-09T04:10:01.5886208Z Note: switching to 'refs/remotes/pull/224/merge'.
2026-10-09T04:10:01.5886621Z 
2026-10-09T04:10:01.5886911Z You are in 'detached HEAD' state. You can look around, make experimental
2026-10-09T04:10:01.5887907Z changes and commit them, and you can discard any commits you make in this
2026-10-09T04:10:01.5888545Z state without impacting any branches by switching back to a branch.
2026-10-09T04:10:01.5888921Z 
2026-10-09T04:10:01.5889176Z If you want to create a new branch to retain commits you create, you may
2026-10-09T04:10:01.5889772Z do so (now or later) by using -c with the switch command. Example:
2026-10-09T04:10:01.5890118Z 
2026-10-09T04:10:01.5890250Z   git switch -c <new-branch-name>
2026-10-09T04:10:01.5890496Z 
2026-10-09T04:10:01.5890621Z Or undo this operation with:
2026-10-09T04:10:01.5890833Z 
2026-10-09T04:10:01.5890953Z   git switch -
2026-10-09T04:10:01.5891106Z 
2026-10-09T04:10:01.5891389Z Turn off this advice by setting config variable advice.detachedHead to false
2026-10-09T04:10:01.5891800Z 
2026-10-09T04:10:01.5892270Z HEAD is now at bd7bea1 Merge 6c475d30e490ae69e2db512d431617aa4e9301d8 into ff43326e81f262daaac7b3dfd8b3047a8f51743b
2026-10-09T04:10:01.5921895Z ##[endgroup]
2026-10-09T04:10:01.5972088Z [command]/usr/bin/git log -1 --format=%H
2026-10-09T04:10:01.5995923Z bd7bea1a4d400317641ce2c5e160eb31486e88a6
2026-10-09T04:10:01.6005820Z ##[group]Removing auth
2026-10-09T04:10:01.6009727Z [command]/usr/bin/git config --local --name-only --get-regexp core\.sshCommand
2026-10-09T04:10:01.6040005Z [command]/usr/bin/git submodule foreach --recursive sh -c "git config --local --name-only --get-regexp 'core\.sshCommand' && git config --local --unset-all 'core.sshCommand' || :"
2026-10-09T04:10:01.6262806Z [command]/usr/bin/git config --local --name-only --get-regexp http\.https\:\/\/github\.com\/\.extraheader
2026-10-09T04:10:01.6288590Z http.https://github.com/.extraheader
2026-10-09T04:10:01.6296579Z [command]/usr/bin/git config --local --unset-all http.https://github.com/.extraheader
2026-10-09T04:10:01.6327314Z [command]/usr/bin/git submodule foreach --recursive sh -c "git config --local --name-only --get-regexp 'http\.https\:\/\/github\.com\/\.extraheader' && git config --local --unset-all 'http.https://github.com/.extraheader' || :"
2026-10-09T04:10:01.6550506Z [command]/usr/bin/git config --local --name-only --get-regexp ^includeIf\.gitdir:
2026-10-09T04:10:01.6584059Z [command]/usr/bin/git submodule foreach --recursive git config --local --show-origin --name-only --get-regexp remote.origin.url
2026-10-09T04:10:01.6823888Z ##[endgroup]
2026-10-09T04:10:01.7076604Z ##[group]Run actions/setup-go@v5
2026-10-09T04:10:01.7076900Z with:
2026-10-09T04:10:01.7077107Z   go-version-file: go.mod
2026-10-09T04:10:01.7077350Z   check-latest: false
2026-10-09T04:10:01.7079843Z   token: ***
2026-10-09T04:10:01.7080045Z   cache: true
2026-10-09T04:10:01.7080244Z ##[endgroup]
2026-10-09T04:10:01.8364594Z Setup go version spec 1.25.7
2026-10-09T04:10:01.8375652Z Attempting to download 1.25.7...
2026-10-09T04:10:01.8484637Z (node:2393) [DEP0040] DeprecationWarning: The `punycode` module is deprecated. Please use a userland alternative instead.
2026-10-09T04:10:01.8486134Z (Use `node --trace-deprecation ...` to show where the warning was created)
2026-10-09T04:10:02.4842166Z matching 1.25.7...
2026-10-09T04:10:02.4886434Z Acquiring 1.25.7 from https://github.com/actions/go-versions/releases/download/1.25.7-21696103256/go-1.25.7-linux-x64.tar.gz
2026-10-09T04:10:03.4084283Z Extracting Go...
2026-10-09T04:10:03.4212856Z [command]/usr/bin/tar xz --warning=no-unknown-keyword --overwrite -C /home/runner/work/_temp/63854d1b-8fa1-4689-802e-d5a32dc6dd00 -f /home/runner/work/_temp/47ee2d2b-b1b1-4150-a533-1f600b0e9337
2026-10-09T04:10:04.8843254Z Successfully extracted go to /home/runner/work/_temp/63854d1b-8fa1-4689-802e-d5a32dc6dd00
2026-10-09T04:10:04.8843778Z Adding to the cache ...
2026-10-09T04:10:11.2732990Z Successfully cached go to /opt/hostedtoolcache/go/1.25.7/x64
2026-10-09T04:10:11.2735879Z Added go to the path
2026-10-09T04:10:11.2738312Z Successfully set up Go version 1.25.7
2026-10-09T04:10:11.2978454Z [command]/opt/hostedtoolcache/go/1.25.7/x64/bin/go env GOMODCACHE
2026-10-09T04:10:11.3029585Z [command]/opt/hostedtoolcache/go/1.25.7/x64/bin/go env GOCACHE
2026-10-09T04:10:11.3071622Z /home/runner/go/pkg/mod
2026-10-09T04:10:11.3087929Z /home/runner/.cache/go-build
2026-10-09T04:10:11.5605905Z Cache hit for: setup-go-Linux-x64-ubuntu24-go-1.25.7-4513745f7b95ab0bc8e1f9edd24c294514fb4a9ee51f2290b342654582d5d782
2026-10-09T04:10:11.5701569Z (node:2393) [DEP0169] DeprecationWarning: `url.parse()` behavior is not standardized and prone to errors that have security implications. Use the WHATWG URL API instead. CVEs are not issued for `url.parse()` vulnerabilities.
2026-10-09T04:10:12.8239144Z Received 4194304 of 266857975 (1.6%), 4.0 MBs/sec
2026-10-09T04:10:13.8236265Z Received 134217728 of 266857975 (50.3%), 64.0 MBs/sec
2026-10-09T04:10:14.5956775Z Received 266857975 of 266857975 (100.0%), 91.8 MBs/sec
2026-10-09T04:10:14.5958173Z Cache Size: ~254 MB (266857975 B)
2026-10-09T04:10:14.5992358Z [command]/usr/bin/tar -xf /home/runner/work/_temp/efa82fb7-c356-4358-a2e7-8649ed6680bb/cache.tzst -P -C /home/runner/work/tabmail/tabmail --use-compress-program unzstd
2026-10-09T04:10:16.0700189Z Cache restored successfully
2026-10-09T04:10:16.0822485Z Cache restored from key: setup-go-Linux-x64-ubuntu24-go-1.25.7-4513745f7b95ab0bc8e1f9edd24c294514fb4a9ee51f2290b342654582d5d782
2026-10-09T04:10:16.0852232Z go version go1.25.7 linux/amd64
2026-10-09T04:10:16.0852555Z 
2026-10-09T04:10:16.0852999Z ##[group]go env
2026-10-09T04:10:16.1046029Z AR='ar'
2026-10-09T04:10:16.1046735Z CC='gcc'
2026-10-09T04:10:16.1047121Z CGO_CFLAGS='-O2 -g'
2026-10-09T04:10:16.1047531Z CGO_CPPFLAGS=''
2026-10-09T04:10:16.1047931Z CGO_CXXFLAGS='-O2 -g'
2026-10-09T04:10:16.1048333Z CGO_ENABLED='1'
2026-10-09T04:10:16.1048701Z CGO_FFLAGS='-O2 -g'
2026-10-09T04:10:16.1049082Z CGO_LDFLAGS='-O2 -g'
2026-10-09T04:10:16.1049455Z CXX='g++'
2026-10-09T04:10:16.1049799Z GCCGO='gccgo'
2026-10-09T04:10:16.1050156Z GO111MODULE=''
2026-10-09T04:10:16.1050516Z GOAMD64='v1'
2026-10-09T04:10:16.1050889Z GOARCH='amd64'
2026-10-09T04:10:16.1051249Z GOAUTH='netrc'
2026-10-09T04:10:16.1051593Z GOBIN=''
2026-10-09T04:10:16.1051977Z GOCACHE='/home/runner/.cache/go-build'
2026-10-09T04:10:16.1052473Z GOCACHEPROG=''
2026-10-09T04:10:16.1052751Z GODEBUG=''
2026-10-09T04:10:16.1053005Z GOENV='/home/runner/.config/go/env'
2026-10-09T04:10:16.1053271Z GOEXE=''
2026-10-09T04:10:16.1053465Z GOEXPERIMENT=''
2026-10-09T04:10:16.1053902Z GOFIPS140='off'
2026-10-09T04:10:16.1054120Z GOFLAGS=''
2026-10-09T04:10:16.1054782Z GOGCCFLAGS='-fPIC -m64 -pthread -Wl,--no-gc-sections -fmessage-length=0 -ffile-prefix-map=/tmp/go-build2923036267=/tmp/go-build -gno-record-gcc-switches'
2026-10-09T04:10:16.1055796Z GOHOSTARCH='amd64'
2026-10-09T04:10:16.1056013Z GOHOSTOS='linux'
2026-10-09T04:10:16.1056222Z GOINSECURE=''
2026-10-09T04:10:16.1056466Z GOMOD='/home/runner/work/tabmail/tabmail/go.mod'
2026-10-09T04:10:16.1057424Z GOMODCACHE='/home/runner/go/pkg/mod'
2026-10-09T04:10:16.1057901Z GONOPROXY=''
2026-10-09T04:10:16.1058285Z GONOSUMDB=''
2026-10-09T04:10:16.1058618Z GOOS='linux'
2026-10-09T04:10:16.1058980Z GOPATH='/home/runner/go'
2026-10-09T04:10:16.1059382Z GOPRIVATE=''
2026-10-09T04:10:16.1059830Z GOPROXY='https://proxy.golang.org,direct'
2026-10-09T04:10:16.1060418Z GOROOT='/opt/hostedtoolcache/go/1.25.7/x64'
2026-10-09T04:10:16.1060947Z GOSUMDB='sum.golang.org'
2026-10-09T04:10:16.1061365Z GOTELEMETRY='local'
2026-10-09T04:10:16.1061855Z GOTELEMETRYDIR='/home/runner/.config/go/telemetry'
2026-10-09T04:10:16.1062400Z GOTMPDIR=''
2026-10-09T04:10:16.1062781Z GOTOOLCHAIN='auto'
2026-10-09T04:10:16.1063368Z GOTOOLDIR='/opt/hostedtoolcache/go/1.25.7/x64/pkg/tool/linux_amd64'
2026-10-09T04:10:16.1064006Z GOVCS=''
2026-10-09T04:10:16.1064360Z GOVERSION='go1.25.7'
2026-10-09T04:10:16.1064598Z GOWORK=''
2026-10-09T04:10:16.1064804Z PKG_CONFIG='pkg-config'
2026-10-09T04:10:16.1065195Z 
2026-10-09T04:10:16.1065518Z ##[endgroup]
2026-10-09T04:10:16.1322424Z ##[group]Run python3 -B -m unittest discover -s scripts/tests -p test_r5_smtputf8_recovery.py -v
2026-10-09T04:10:16.1323883Z [36;1mpython3 -B -m unittest discover -s scripts/tests -p test_r5_smtputf8_recovery.py -v[0m
2026-10-09T04:10:16.4576829Z shell: /usr/bin/bash -e {0}
2026-10-09T04:10:16.4577179Z ##[endgroup]
2026-10-09T04:10:16.5297188Z test_accepts_exact_baseline_71_pass_38_fail_and_candidate_109_pass (test_r5_smtputf8_recovery.SMTPUTF8RecoveryVerifierTest.test_accepts_exact_baseline_71_pass_38_fail_and_candidate_109_pass) ... ok
2026-10-09T04:10:16.5458463Z test_rejects_absent_fake_duplicate_or_reassigned_wire_evidence (test_r5_smtputf8_recovery.SMTPUTF8RecoveryVerifierTest.test_rejects_absent_fake_duplicate_or_reassigned_wire_evidence) ... ok
2026-10-09T04:10:16.5556910Z test_rejects_empty_unrelated_build_race_or_panic_execution (test_r5_smtputf8_recovery.SMTPUTF8RecoveryVerifierTest.test_rejects_empty_unrelated_build_race_or_panic_execution) ... ok
2026-10-09T04:10:16.5736983Z test_rejects_extra_assertions_in_any_scope_and_duplicate_allowed_assertions (test_r5_smtputf8_recovery.SMTPUTF8RecoveryVerifierTest.test_rejects_extra_assertions_in_any_scope_and_duplicate_allowed_assertions) ... ok
2026-10-09T04:10:16.5936576Z test_rejects_missing_duplicate_skipped_and_unfinished_execution (test_r5_smtputf8_recovery.SMTPUTF8RecoveryVerifierTest.test_rejects_missing_duplicate_skipped_and_unfinished_execution) ... ok
2026-10-09T04:10:16.6112510Z test_rejects_wrong_failure_set_or_exit_code (test_r5_smtputf8_recovery.SMTPUTF8RecoveryVerifierTest.test_rejects_wrong_failure_set_or_exit_code) ... ok
2026-10-09T04:10:16.6113519Z 
2026-10-09T04:10:16.6113803Z ----------------------------------------------------------------------
2026-10-09T04:10:16.6114386Z Ran 6 tests in 0.087s
2026-10-09T04:10:16.6114605Z 
2026-10-09T04:10:16.6114717Z OK
2026-10-09T04:10:16.6237443Z ##[group]Run set -euo pipefail
2026-10-09T04:10:16.6237769Z [36;1mset -euo pipefail[0m
2026-10-09T04:10:16.6238297Z [36;1mgit worktree add --detach "$RUNNER_TEMP/tabmail-smtputf8-baseline" ff43326e81f262daaac7b3dfd8b3047a8f51743b[0m
2026-10-09T04:10:16.6238923Z [36;1mpython3 -B scripts/run_r5_smtputf8_recovery.py \[0m
2026-10-09T04:10:16.6239389Z [36;1m  --baseline "$RUNNER_TEMP/tabmail-smtputf8-baseline" --candidate . \[0m
2026-10-09T04:10:16.6239880Z [36;1m  --output "$RUNNER_TEMP/tabmail-smtputf8-evidence"[0m
2026-10-09T04:10:16.6300515Z shell: /usr/bin/bash -e {0}
2026-10-09T04:10:16.6300773Z ##[endgroup]
2026-10-09T04:10:16.6400461Z Preparing worktree (detached HEAD ff43326)
2026-10-09T04:10:17.0371134Z HEAD is now at ff43326 Merge R5 EXEC round 2: complete names, rich drafts and DATA boundary tasks
2026-10-09T04:10:30.4335726Z {"passed": true, "results": {"baseline": {"started_ids": ["TestExecSMTPUTF8Capabilities", "TestExecSMTPUTF8Capabilities/direct_plain/capable=false/ascii_quoted_alabel", "TestExecSMTPUTF8Capabilities/direct_plain/capable=false/eight_bit_body_only", "TestExecSMTPUTF8Capabilities/direct_plain/capable=false/encoded_headers_body_and_attachment", "TestExecSMTPUTF8Capabilities/direct_plain/capable=false/unicode_domain_envelope_only", "TestExecSMTPUTF8Capabilities/direct_plain/capable=false/unicode_last_bcc", "TestExecSMTPUTF8Capabilities/direct_plain/capable=false/unicode_recipient_envelope_only", "TestExecSMTPUTF8Capabilities/direct_plain/capable=false/unicode_sender_envelope_only", "TestExecSMTPUTF8Capabilities/direct_plain/capable=false/unicode_top_level_header", "TestExecSMTPUTF8Capabilities/direct_plain/capable=true/ascii_quoted_alabel", "TestExecSMTPUTF8Capabilities/direct_plain/capable=true/eight_bit_body_only", "TestExecSMTPUTF8Capabilities/direct_plain/capable=true/encoded_headers_body_and_attachment", "TestExecSMTPUTF8Capabilities/direct_plain/capable=true/unicode_domain_envelope_only", "TestExecSMTPUTF8Capabilities/direct_plain/capable=true/unicode_last_bcc", "TestExecSMTPUTF8Capabilities/direct_plain/capable=true/unicode_recipient_envelope_only", "TestExecSMTPUTF8Capabilities/direct_plain/capable=true/unicode_sender_envelope_only", "TestExecSMTPUTF8Capabilities/direct_plain/capable=true/unicode_top_level_header", "TestExecSMTPUTF8Capabilities/direct_starttls/capable=false/ascii_quoted_alabel", "TestExecSMTPUTF8Capabilities/direct_starttls/capable=false/eight_bit_body_only", "TestExecSMTPUTF8Capabilities/direct_starttls/capable=false/encoded_headers_body_and_attachment", "TestExecSMTPUTF8Capabilities/direct_starttls/capable=false/unicode_domain_envelope_only", "TestExecSMTPUTF8Capabilities/direct_starttls/capable=false/unicode_last_bcc", "TestExecSMTPUTF8Capabilities/direct_starttls/capable=false/unicode_recipient_envelope_only", "TestExecSMTPUTF8Capabilities/direct_starttls/capable=false/unicode_sender_envelope_only", "TestExecSMTPUTF8Capabilities/direct_starttls/capable=false/unicode_top_level_header", "TestExecSMTPUTF8Capabilities/direct_starttls/capable=true/ascii_quoted_alabel", "TestExecSMTPUTF8Capabilities/direct_starttls/capable=true/eight_bit_body_only", "TestExecSMTPUTF8Capabilities/direct_starttls/capable=true/encoded_headers_body_and_attachment", "TestExecSMTPUTF8Capabilities/direct_starttls/capable=true/unicode_domain_envelope_only", "TestExecSMTPUTF8Capabilities/direct_starttls/capable=true/unicode_last_bcc", "TestExecSMTPUTF8Capabilities/direct_starttls/capable=true/unicode_recipient_envelope_only", "TestExecSMTPUTF8Capabilities/direct_starttls/capable=true/unicode_sender_envelope_only", "TestExecSMTPUTF8Capabilities/direct_starttls/capable=true/unicode_top_level_header", "TestExecSMTPUTF8Capabilities/relay_implicit_tls/capable=false/ascii_quoted_alabel", "TestExecSMTPUTF8Capabilities/relay_implicit_tls/capable=false/eight_bit_body_only", "TestExecSMTPUTF8Capabilities/relay_implicit_tls/capable=false/encoded_headers_body_and_attachment", "TestExecSMTPUTF8Capabilities/relay_implicit_tls/capable=false/unicode_domain_envelope_only", "TestExecSMTPUTF8Capabilities/relay_implicit_tls/capable=false/unicode_last_bcc", "TestExecSMTPUTF8Capabilities/relay_implicit_tls/capable=false/unicode_recipient_envelope_only", "TestExecSMTPUTF8Capabilities/relay_implicit_tls/capable=false/unicode_sender_envelope_only", "TestExecSMTPUTF8Capabilities/relay_implicit_tls/capable=false/unicode_top_level_header", "TestExecSMTPUTF8Capabilities/relay_implicit_tls/capable=true/ascii_quoted_alabel", "TestExecSMTPUTF8Capabilities/relay_implicit_tls/capable=true/eight_bit_body_only", "TestExecSMTPUTF8Capabilities/relay_implicit_tls/capable=true/encoded_headers_body_and_attachment", "TestExecSMTPUTF8Capabilities/relay_implicit_tls/capable=true/unicode_domain_envelope_only", "TestExecSMTPUTF8Capabilities/relay_implicit_tls/capable=true/unicode_last_bcc", "TestExecSMTPUTF8Capabilities/relay_implicit_tls/capable=true/unicode_recipient_envelope_only", "TestExecSMTPUTF8Capabilities/relay_implicit_tls/capable=true/unicode_sender_envelope_only", "TestExecSMTPUTF8Capabilities/relay_implicit_tls/capable=true/unicode_top_level_header", "TestExecSMTPUTF8Capabilities/relay_plain/capable=false/ascii_quoted_alabel", "TestExecSMTPUTF8Capabilities/relay_plain/capable=false/eight_bit_body_only", "TestExecSMTPUTF8Capabilities/relay_plain/capable=false/encoded_headers_body_and_attachment", "TestExecSMTPUTF8Capabilities/relay_plain/capable=false/unicode_domain_envelope_only", "TestExecSMTPUTF8Capabilities/relay_plain/capable=false/unicode_last_bcc", "TestExecSMTPUTF8Capabilities/relay_plain/capable=false/unicode_recipient_envelope_only", "TestExecSMTPUTF8Capabilities/relay_plain/capable=false/unicode_sender_envelope_only", "TestExecSMTPUTF8Capabilities/relay_plain/capable=false/unicode_top_level_header", "TestExecSMTPUTF8Capabilities/relay_plain/capable=true/ascii_quoted_alabel", "TestExecSMTPUTF8Capabilities/relay_plain/capable=true/eight_bit_body_only", "TestExecSMTPUTF8Capabilities/relay_plain/capable=true/encoded_headers_body_and_attachment", "TestExecSMTPUTF8Capabilities/relay_plain/capable=true/unicode_domain_envelope_only", "TestExecSMTPUTF8Capabilities/relay_plain/capable=true/unicode_last_bcc", "TestExecSMTPUTF8Capabilities/relay_plain/capable=true/unicode_recipient_envelope_only", "TestExecSMTPUTF8Capabilities/relay_plain/capable=true/unicode_sender_envelope_only", "TestExecSMTPUTF8Capabilities/relay_plain/capable=true/unicode_top_level_header", "TestExecSMTPUTF8Capabilities/relay_starttls/capable=false/ascii_quoted_alabel", "TestExecSMTPUTF8Capabilities/relay_starttls/capable=false/eight_bit_body_only", "TestExecSMTPUTF8Capabilities/relay_starttls/capable=false/encoded_headers_body_and_attachment", "TestExecSMTPUTF8Capabilities/relay_starttls/capable=false/unicode_domain_envelope_only", "TestExecSMTPUTF8Capabilities/relay_starttls/capable=false/unicode_last_bcc", "TestExecSMTPUTF8Capabilities/relay_starttls/capable=false/unicode_recipient_envelope_only", "TestExecSMTPUTF8Capabilities/relay_starttls/capable=false/unicode_sender_envelope_only", "TestExecSMTPUTF8Capabilities/relay_starttls/capable=false/unicode_top_level_header", "TestExecSMTPUTF8Capabilities/relay_starttls/capable=true/ascii_quoted_alabel", "TestExecSMTPUTF8Capabilities/relay_starttls/capable=true/eight_bit_body_only", "TestExecSMTPUTF8Capabilities/relay_starttls/capable=true/encoded_headers_body_and_attachment", "TestExecSMTPUTF8Capabilities/relay_starttls/capable=true/unicode_domain_envelope_only", "TestExecSMTPUTF8Capabilities/relay_starttls/capable=true/unicode_last_bcc", "TestExecSMTPUTF8Capabilities/relay_starttls/capable=true/unicode_recipient_envelope_only", "TestExecSMTPUTF8Capabilities/relay_starttls/capable=true/unicode_sender_envelope_only", "TestExecSMTPUTF8Capabilities/relay_starttls/capable=true/unicode_top_level_header", "TestExecSMTPUTF8HELOFallback", "TestExecSMTPUTF8HELOFallback/direct_plain/ascii_quoted_alabel", "TestExecSMTPUTF8HELOFallback/direct_plain/unicode_sender_envelope_only", "TestExecSMTPUTF8HELOFallback/relay_plain/ascii_quoted_alabel", "TestExecSMTPUTF8HELOFallback/relay_plain/unicode_sender_envelope_only", "TestExecSMTPUTF8RefreshAfterSTARTTLS", "TestExecSMTPUTF8RefreshAfterSTARTTLS/direct_starttls/final_capable=false/encoded_headers_body_and_attachment", "TestExecSMTPUTF8RefreshAfterSTARTTLS/direct_starttls/final_capable=false/unicode_last_bcc", "TestExecSMTPUTF8RefreshAfterSTARTTLS/direct_starttls/final_capable=true/encoded_headers_body_and_attachment", "TestExecSMTPUTF8RefreshAfterSTARTTLS/direct_starttls/final_capable=true/unicode_last_bcc", "TestExecSMTPUTF8RefreshAfterSTARTTLS/relay_starttls/final_capable=false/encoded_headers_body_and_attachment", "TestExecSMTPUTF8RefreshAfterSTARTTLS/relay_starttls/final_capable=false/unicode_last_bcc", "TestExecSMTPUTF8RefreshAfterSTARTTLS/relay_starttls/final_capable=true/encoded_headers_body_and_attachment", "TestExecSMTPUTF8RefreshAfterSTARTTLS/relay_starttls/final_capable=true/unicode_last_bcc", "TestExecSMTPUTF8SubmissionRecipientLedger", "TestExecSMTPUTF8SubmissionRecipientLedger/direct_plain/capable=false/bcc", "TestExecSMTPUTF8SubmissionRecipientLedger/direct_plain/capable=false/cc", "TestExecSMTPUTF8SubmissionRecipientLedger/direct_plain/capable=false/header", "TestExecSMTPUTF8SubmissionRecipientLedger/direct_plain/capable=false/to", "TestExecSMTPUTF8SubmissionRecipientLedger/direct_plain/capable=true/bcc", "TestExecSMTPUTF8SubmissionRecipientLedger/direct_plain/capable=true/cc", "TestExecSMTPUTF8SubmissionRecipientLedger/direct_plain/capable=true/header", "TestExecSMTPUTF8SubmissionRecipientLedger/direct_plain/capable=true/to", "TestExecSMTPUTF8SubmissionRecipientLedger/relay_plain/capable=false/bcc", "TestExecSMTPUTF8SubmissionRecipientLedger/relay_plain/capable=false/cc", "TestExecSMTPUTF8SubmissionRecipientLedger/relay_plain/capable=false/header", "TestExecSMTPUTF8SubmissionRecipientLedger/relay_plain/capable=false/to", "TestExecSMTPUTF8SubmissionRecipientLedger/relay_plain/capable=true/bcc", "TestExecSMTPUTF8SubmissionRecipientLedger/relay_plain/capable=true/cc", "TestExecSMTPUTF8SubmissionRecipientLedger/relay_plain/capable=true/header", "TestExecSMTPUTF8SubmissionRecipientLedger/relay_plain/capable=true/to", "TestExecSMTPUTF8TriesNextMXBeforeSending"], "leaf_ids": ["TestExecSMTPUTF8Capabilities/direct_plain/capable=false/ascii_quoted_alabel", "TestExecSMTPUTF8Capabilities/direct_plain/capable=false/eight_bit_body_only", "TestExecSMTPUTF8Capabilities/direct_plain/capable=false/encoded_headers_body_and_attachment", "TestExecSMTPUTF8Capabilities/direct_plain/capable=false/unicode_domain_envelope_only", "TestExecSMTPUTF8Capabilities/direct_plain/capable=false/unicode_last_bcc", "TestExecSMTPUTF8Capabilities/direct_plain/capable=false/unicode_recipient_envelope_only", "TestExecSMTPUTF8Capabilities/direct_plain/capable=false/unicode_sender_envelope_only", "TestExecSMTPUTF8Capabilities/direct_plain/capable=false/unicode_top_level_header", "TestExecSMTPUTF8Capabilities/direct_plain/capable=true/ascii_quoted_alabel", "TestExecSMTPUTF8Capabilities/direct_plain/capable=true/eight_bit_body_only", "TestExecSMTPUTF8Capabilities/direct_plain/capable=true/encoded_headers_body_and_attachment", "TestExecSMTPUTF8Capabilities/direct_plain/capable=true/unicode_domain_envelope_only", "TestExecSMTPUTF8Capabilities/direct_plain/capable=true/unicode_last_bcc", "TestExecSMTPUTF8Capabilities/direct_plain/capable=true/unicode_recipient_envelope_only", "TestExecSMTPUTF8Capabilities/direct_plain/capable=true/unicode_sender_envelope_only", "TestExecSMTPUTF8Capabilities/direct_plain/capable=true/unicode_top_level_header", "TestExecSMTPUTF8Capabilities/direct_starttls/capable=false/ascii_quoted_alabel", "TestExecSMTPUTF8Capabilities/direct_starttls/capable=false/eight_bit_body_only", "TestExecSMTPUTF8Capabilities/direct_starttls/capable=false/encoded_headers_body_and_attachment", "TestExecSMTPUTF8Capabilities/direct_starttls/capable=false/unicode_domain_envelope_only", "TestExecSMTPUTF8Capabilities/direct_starttls/capable=false/unicode_last_bcc", "TestExecSMTPUTF8Capabilities/direct_starttls/capable=false/unicode_recipient_envelope_only", "TestExecSMTPUTF8Capabilities/direct_starttls/capable=false/unicode_sender_envelope_only", "TestExecSMTPUTF8Capabilities/direct_starttls/capable=false/unicode_top_level_header", "TestExecSMTPUTF8Capabilities/direct_starttls/capable=true/ascii_quoted_alabel", "TestExecSMTPUTF8Capabilities/direct_starttls/capable=true/eight_bit_body_only", "TestExecSMTPUTF8Capabilities/direct_starttls/capable=true/encoded_headers_body_and_attachment", "TestExecSMTPUTF8Capabilities/direct_starttls/capable=true/unicode_domain_envelope_only", "TestExecSMTPUTF8Capabilities/direct_starttls/capable=true/unicode_last_bcc", "TestExecSMTPUTF8Capabilities/direct_starttls/capable=true/unicode_recipient_envelope_only", "TestExecSMTPUTF8Capabilities/direct_starttls/capable=true/unicode_sender_envelope_only", "TestExecSMTPUTF8Capabilities/direct_starttls/capable=true/unicode_top_level_header", "TestExecSMTPUTF8Capabilities/relay_implicit_tls/capable=false/ascii_quoted_alabel", "TestExecSMTPUTF8Capabilities/relay_implicit_tls/capable=false/eight_bit_body_only", "TestExecSMTPUTF8Capabilities/relay_implicit_tls/capable=false/encoded_headers_body_and_attachment", "TestExecSMTPUTF8Capabilities/relay_implicit_tls/capable=false/unicode_domain_envelope_only", "TestExecSMTPUTF8Capabilities/relay_implicit_tls/capable=false/unicode_last_bcc", "TestExecSMTPUTF8Capabilities/relay_implicit_tls/capable=false/unicode_recipient_envelope_only", "TestExecSMTPUTF8Capabilities/relay_implicit_tls/capable=false/unicode_sender_envelope_only", "TestExecSMTPUTF8Capabilities/relay_implicit_tls/capable=false/unicode_top_level_header", "TestExecSMTPUTF8Capabilities/relay_implicit_tls/capable=true/ascii_quoted_alabel", "TestExecSMTPUTF8Capabilities/relay_implicit_tls/capable=true/eight_bit_body_only", "TestExecSMTPUTF8Capabilities/relay_implicit_tls/capable=true/encoded_headers_body_and_attachment", "TestExecSMTPUTF8Capabilities/relay_implicit_tls/capable=true/unicode_domain_envelope_only", "TestExecSMTPUTF8Capabilities/relay_implicit_tls/capable=true/unicode_last_bcc", "TestExecSMTPUTF8Capabilities/relay_implicit_tls/capable=true/unicode_recipient_envelope_only", "TestExecSMTPUTF8Capabilities/relay_implicit_tls/capable=true/unicode_sender_envelope_only", "TestExecSMTPUTF8Capabilities/relay_implicit_tls/capable=true/unicode_top_level_header", "TestExecSMTPUTF8Capabilities/relay_plain/capable=false/ascii_quoted_alabel", "TestExecSMTPUTF8Capabilities/relay_plain/capable=false/eight_bit_body_only", "TestExecSMTPUTF8Capabilities/relay_plain/capable=false/encoded_headers_body_and_attachment", "TestExecSMTPUTF8Capabilities/relay_plain/capable=false/unicode_domain_envelope_only", "TestExecSMTPUTF8Capabilities/relay_plain/capable=false/unicode_last_bcc", "TestExecSMTPUTF8Capabilities/relay_plain/capable=false/unicode_recipient_envelope_only", "TestExecSMTPUTF8Capabilities/relay_plain/capable=false/unicode_sender_envelope_only", "TestExecSMTPUTF8Capabilities/relay_plain/capable=false/unicode_top_level_header", "TestExecSMTPUTF8Capabilities/relay_plain/capable=true/ascii_quoted_alabel", "TestExecSMTPUTF8Capabilities/relay_plain/capable=true/eight_bit_body_only", "TestExecSMTPUTF8Capabilities/relay_plain/capable=true/encoded_headers_body_and_attachment", "TestExecSMTPUTF8Capabilities/relay_plain/capable=true/unicode_domain_envelope_only", "TestExecSMTPUTF8Capabilities/relay_plain/capable=true/unicode_last_bcc", "TestExecSMTPUTF8Capabilities/relay_plain/capable=true/unicode_recipient_envelope_only", "TestExecSMTPUTF8Capabilities/relay_plain/capable=true/unicode_sender_envelope_only", "TestExecSMTPUTF8Capabilities/relay_plain/capable=true/unicode_top_level_header", "TestExecSMTPUTF8Capabilities/relay_starttls/capable=false/ascii_quoted_alabel", "TestExecSMTPUTF8Capabilities/relay_starttls/capable=false/eight_bit_body_only", "TestExecSMTPUTF8Capabilities/relay_starttls/capable=false/encoded_headers_body_and_attachment", "TestExecSMTPUTF8Capabilities/relay_starttls/capable=false/unicode_domain_envelope_only", "TestExecSMTPUTF8Capabilities/relay_starttls/capable=false/unicode_last_bcc", "TestExecSMTPUTF8Capabilities/relay_starttls/capable=false/unicode_recipient_envelope_only", "TestExecSMTPUTF8Capabilities/relay_starttls/capable=false/unicode_sender_envelope_only", "TestExecSMTPUTF8Capabilities/relay_starttls/capable=false/unicode_top_level_header", "TestExecSMTPUTF8Capabilities/relay_starttls/capable=true/ascii_quoted_alabel", "TestExecSMTPUTF8Capabilities/relay_starttls/capable=true/eight_bit_body_only", "TestExecSMTPUTF8Capabilities/relay_starttls/capable=true/encoded_headers_body_and_attachment", "TestExecSMTPUTF8Capabilities/relay_starttls/capable=true/unicode_domain_envelope_only", "TestExecSMTPUTF8Capabilities/relay_starttls/capable=true/unicode_last_bcc", "TestExecSMTPUTF8Capabilities/relay_starttls/capable=true/unicode_recipient_envelope_only", "TestExecSMTPUTF8Capabilities/relay_starttls/capable=true/unicode_sender_envelope_only", "TestExecSMTPUTF8Capabilities/relay_starttls/capable=true/unicode_top_level_header", "TestExecSMTPUTF8HELOFallback/direct_plain/ascii_quoted_alabel", "TestExecSMTPUTF8HELOFallback/direct_plain/unicode_sender_envelope_only", "TestExecSMTPUTF8HELOFallback/relay_plain/ascii_quoted_alabel", "TestExecSMTPUTF8HELOFallback/relay_plain/unicode_sender_envelope_only", "TestExecSMTPUTF8RefreshAfterSTARTTLS/direct_starttls/final_capable=false/encoded_headers_body_and_attachment", "TestExecSMTPUTF8RefreshAfterSTARTTLS/direct_starttls/final_capable=false/unicode_last_bcc", "TestExecSMTPUTF8RefreshAfterSTARTTLS/direct_starttls/final_capable=true/encoded_headers_body_and_attachment", "TestExecSMTPUTF8RefreshAfterSTARTTLS/direct_starttls/final_capable=true/unicode_last_bcc", "TestExecSMTPUTF8RefreshAfterSTARTTLS/relay_starttls/final_capable=false/encoded_headers_body_and_attachment", "TestExecSMTPUTF8RefreshAfterSTARTTLS/relay_starttls/final_capable=false/unicode_last_bcc", "TestExecSMTPUTF8RefreshAfterSTARTTLS/relay_starttls/final_capable=true/encoded_headers_body_and_attachment", "TestExecSMTPUTF8RefreshAfterSTARTTLS/relay_starttls/final_capable=true/unicode_last_bcc", "TestExecSMTPUTF8SubmissionRecipientLedger/direct_plain/capable=false/bcc", "TestExecSMTPUTF8SubmissionRecipientLedger/direct_plain/capable=false/cc", "TestExecSMTPUTF8SubmissionRecipientLedger/direct_plain/capable=false/header", "TestExecSMTPUTF8SubmissionRecipientLedger/direct_plain/capable=false/to", "TestExecSMTPUTF8SubmissionRecipientLedger/direct_plain/capable=true/bcc", "TestExecSMTPUTF8SubmissionRecipientLedger/direct_plain/capable=true/cc", "TestExecSMTPUTF8SubmissionRecipientLedger/direct_plain/capable=true/header", "TestExecSMTPUTF8SubmissionRecipientLedger/direct_plain/capable=true/to", "TestExecSMTPUTF8SubmissionRecipientLedger/relay_plain/capable=false/bcc", "TestExecSMTPUTF8SubmissionRecipientLedger/relay_plain/capable=false/cc", "TestExecSMTPUTF8SubmissionRecipientLedger/relay_plain/capable=false/header", "TestExecSMTPUTF8SubmissionRecipientLedger/relay_plain/capable=false/to", "TestExecSMTPUTF8SubmissionRecipientLedger/relay_plain/capable=true/bcc", "TestExecSMTPUTF8SubmissionRecipientLedger/relay_plain/capable=true/cc", "TestExecSMTPUTF8SubmissionRecipientLedger/relay_plain/capable=true/header", "TestExecSMTPUTF8SubmissionRecipientLedger/relay_plain/capable=true/to", "TestExecSMTPUTF8TriesNextMXBeforeSending"], "leaf_count": 109, "passed": 71, "failed": 38, "skipped": 0, "exit_code": 1, "actual_wire_observations": [{"test": "TestExecSMTPUTF8Capabilities/direct_plain/capable=false/unicode_domain_envelope_only", "wire": "r5_exec_smtputf8_test.go:340: EXEC09_SENT_WITHOUT_SMTPUTF8 MAIL=[\"MAIL FROM:<sender@example.test> BODY=8BITMIME\"] RCPT=[\"RCPT TO:<reader@\u4f8b\u5b50.test>\"] DATA=1 body_bytes=298"}, {"test": "TestExecSMTPUTF8Capabilities/direct_plain/capable=false/unicode_last_bcc", "wire": "r5_exec_smtputf8_test.go:340: EXEC09_SENT_WITHOUT_SMTPUTF8 MAIL=[\"MAIL FROM:<sender@example.test> BODY=8BITMIME\"] RCPT=[\"RCPT TO:<reader@recipient.test>\" \"RCPT TO:<\\\"\u4fe1\u7bb1 @ \u5e2e\u52a9\u53f0\\\"@recipient.test>\"] DATA=1 body_bytes=298"}, {"test": "TestExecSMTPUTF8Capabilities/direct_plain/capable=false/unicode_recipient_envelope_only", "wire": "r5_exec_smtputf8_test.go:340: EXEC09_SENT_WITHOUT_SMTPUTF8 MAIL=[\"MAIL FROM:<sender@example.test> BODY=8BITMIME\"] RCPT=[\"RCPT TO:<\u6536\u4ef6\u4eba@recipient.test>\"] DATA=1 body_bytes=298"}, {"test": "TestExecSMTPUTF8Capabilities/direct_plain/capable=false/unicode_sender_envelope_only", "wire": "r5_exec_smtputf8_test.go:340: EXEC09_SENT_WITHOUT_SMTPUTF8 MAIL=[\"MAIL FROM:<\u53d1\u9001\u8005@example.test> BODY=8BITMIME\"] RCPT=[\"RCPT TO:<reader@recipient.test>\"] DATA=1 body_bytes=298"}, {"test": "TestExecSMTPUTF8Capabilities/direct_plain/capable=false/unicode_top_level_header", "wire": "r5_exec_smtputf8_test.go:340: EXEC09_SENT_WITHOUT_SMTPUTF8 MAIL=[\"MAIL FROM:<sender@example.test> BODY=8BITMIME\"] RCPT=[\"RCPT TO:<reader@recipient.test>\"] DATA=1 body_bytes=324"}, {"test": "TestExecSMTPUTF8Capabilities/direct_starttls/capable=false/unicode_domain_envelope_only", "wire": "r5_exec_smtputf8_test.go:340: EXEC09_SENT_WITHOUT_SMTPUTF8 MAIL=[\"MAIL FROM:<sender@example.test> BODY=8BITMIME\"] RCPT=[\"RCPT TO:<reader@\u4f8b\u5b50.test>\"] DATA=1 body_bytes=298"}, {"test": "TestExecSMTPUTF8Capabilities/direct_starttls/capable=false/unicode_last_bcc", "wire": "r5_exec_smtputf8_test.go:340: EXEC09_SENT_WITHOUT_SMTPUTF8 MAIL=[\"MAIL FROM:<sender@example.test> BODY=8BITMIME\"] RCPT=[\"RCPT TO:<reader@recipient.test>\" \"RCPT TO:<\\\"\u4fe1\u7bb1 @ \u5e2e\u52a9\u53f0\\\"@recipient.test>\"] DATA=1 body_bytes=298"}, {"test": "TestExecSMTPUTF8Capabilities/direct_starttls/capable=false/unicode_recipient_envelope_only", "wire": "r5_exec_smtputf8_test.go:340: EXEC09_SENT_WITHOUT_SMTPUTF8 MAIL=[\"MAIL FROM:<sender@example.test> BODY=8BITMIME\"] RCPT=[\"RCPT TO:<\u6536\u4ef6\u4eba@recipient.test>\"] DATA=1 body_bytes=298"}, {"test": "TestExecSMTPUTF8Capabilities/direct_starttls/capable=false/unicode_sender_envelope_only", "wire": "r5_exec_smtputf8_test.go:340: EXEC09_SENT_WITHOUT_SMTPUTF8 MAIL=[\"MAIL FROM:<\u53d1\u9001\u8005@example.test> BODY=8BITMIME\"] RCPT=[\"RCPT TO:<reader@recipient.test>\"] DATA=1 body_bytes=298"}, {"test": "TestExecSMTPUTF8Capabilities/direct_starttls/capable=false/unicode_top_level_header", "wire": "r5_exec_smtputf8_test.go:340: EXEC09_SENT_WITHOUT_SMTPUTF8 MAIL=[\"MAIL FROM:<sender@example.test> BODY=8BITMIME\"] RCPT=[\"RCPT TO:<reader@recipient.test>\"] DATA=1 body_bytes=324"}, {"test": "TestExecSMTPUTF8Capabilities/relay_implicit_tls/capable=false/unicode_domain_envelope_only", "wire": "r5_exec_smtputf8_test.go:340: EXEC09_SENT_WITHOUT_SMTPUTF8 MAIL=[\"MAIL FROM:<sender@example.test> BODY=8BITMIME\"] RCPT=[\"RCPT TO:<reader@\u4f8b\u5b50.test>\"] DATA=1 body_bytes=298"}, {"test": "TestExecSMTPUTF8Capabilities/relay_implicit_tls/capable=false/unicode_last_bcc", "wire": "r5_exec_smtputf8_test.go:340: EXEC09_SENT_WITHOUT_SMTPUTF8 MAIL=[\"MAIL FROM:<sender@example.test> BODY=8BITMIME\"] RCPT=[\"RCPT TO:<reader@recipient.test>\" \"RCPT TO:<\\\"\u4fe1\u7bb1 @ \u5e2e\u52a9\u53f0\\\"@recipient.test>\"] DATA=1 body_bytes=298"}, {"test": "TestExecSMTPUTF8Capabilities/relay_implicit_tls/capable=false/unicode_recipient_envelope_only", "wire": "r5_exec_smtputf8_test.go:340: EXEC09_SENT_WITHOUT_SMTPUTF8 MAIL=[\"MAIL FROM:<sender@example.test> BODY=8BITMIME\"] RCPT=[\"RCPT TO:<\u6536\u4ef6\u4eba@recipient.test>\"] DATA=1 body_bytes=298"}, {"test": "TestExecSMTPUTF8Capabilities/relay_implicit_tls/capable=false/unicode_sender_envelope_only", "wire": "r5_exec_smtputf8_test.go:340: EXEC09_SENT_WITHOUT_SMTPUTF8 MAIL=[\"MAIL FROM:<\u53d1\u9001\u8005@example.test> BODY=8BITMIME\"] RCPT=[\"RCPT TO:<reader@recipient.test>\"] DATA=1 body_bytes=298"}, {"test": "TestExecSMTPUTF8Capabilities/relay_implicit_tls/capable=false/unicode_top_level_header", "wire": "r5_exec_smtputf8_test.go:340: EXEC09_SENT_WITHOUT_SMTPUTF8 MAIL=[\"MAIL FROM:<sender@example.test> BODY=8BITMIME\"] RCPT=[\"RCPT TO:<reader@recipient.test>\"] DATA=1 body_bytes=324"}, {"test": "TestExecSMTPUTF8Capabilities/relay_plain/capable=false/unicode_domain_envelope_only", "wire": "r5_exec_smtputf8_test.go:340: EXEC09_SENT_WITHOUT_SMTPUTF8 MAIL=[\"MAIL FROM:<sender@example.test> BODY=8BITMIME\"] RCPT=[\"RCPT TO:<reader@\u4f8b\u5b50.test>\"] DATA=1 body_bytes=298"}, {"test": "TestExecSMTPUTF8Capabilities/relay_plain/capable=false/unicode_last_bcc", "wire": "r5_exec_smtputf8_test.go:340: EXEC09_SENT_WITHOUT_SMTPUTF8 MAIL=[\"MAIL FROM:<sender@example.test> BODY=8BITMIME\"] RCPT=[\"RCPT TO:<reader@recipient.test>\" \"RCPT TO:<\\\"\u4fe1\u7bb1 @ \u5e2e\u52a9\u53f0\\\"@recipient.test>\"] DATA=1 body_bytes=298"}, {"test": "TestExecSMTPUTF8Capabilities/relay_plain/capable=false/unicode_recipient_envelope_only", "wire": "r5_exec_smtputf8_test.go:340: EXEC09_SENT_WITHOUT_SMTPUTF8 MAIL=[\"MAIL FROM:<sender@example.test> BODY=8BITMIME\"] RCPT=[\"RCPT TO:<\u6536\u4ef6\u4eba@recipient.test>\"] DATA=1 body_bytes=298"}, {"test": "TestExecSMTPUTF8Capabilities/relay_plain/capable=false/unicode_sender_envelope_only", "wire": "r5_exec_smtputf8_test.go:340: EXEC09_SENT_WITHOUT_SMTPUTF8 MAIL=[\"MAIL FROM:<\u53d1\u9001\u8005@example.test> BODY=8BITMIME\"] RCPT=[\"RCPT TO:<reader@recipient.test>\"] DATA=1 body_bytes=298"}, {"test": "TestExecSMTPUTF8Capabilities/relay_plain/capable=false/unicode_top_level_header", "wire": "r5_exec_smtputf8_test.go:340: EXEC09_SENT_WITHOUT_SMTPUTF8 MAIL=[\"MAIL FROM:<sender@example.test> BODY=8BITMIME\"] RCPT=[\"RCPT TO:<reader@recipient.test>\"] DATA=1 body_bytes=324"}, {"test": "TestExecSMTPUTF8Capabilities/relay_starttls/capable=false/unicode_domain_envelope_only", "wire": "r5_exec_smtputf8_test.go:340: EXEC09_SENT_WITHOUT_SMTPUTF8 MAIL=[\"MAIL FROM:<sender@example.test> BODY=8BITMIME\"] RCPT=[\"RCPT TO:<reader@\u4f8b\u5b50.test>\"] DATA=1 body_bytes=298"}, {"test": "TestExecSMTPUTF8Capabilities/relay_starttls/capable=false/unicode_last_bcc", "wire": "r5_exec_smtputf8_test.go:340: EXEC09_SENT_WITHOUT_SMTPUTF8 MAIL=[\"MAIL FROM:<sender@example.test> BODY=8BITMIME\"] RCPT=[\"RCPT TO:<reader@recipient.test>\" \"RCPT TO:<\\\"\u4fe1\u7bb1 @ \u5e2e\u52a9\u53f0\\\"@recipient.test>\"] DATA=1 body_bytes=298"}, {"test": "TestExecSMTPUTF8Capabilities/relay_starttls/capable=false/unicode_recipient_envelope_only", "wire": "r5_exec_smtputf8_test.go:340: EXEC09_SENT_WITHOUT_SMTPUTF8 MAIL=[\"MAIL FROM:<sender@example.test> BODY=8BITMIME\"] RCPT=[\"RCPT TO:<\u6536\u4ef6\u4eba@recipient.test>\"] DATA=1 body_bytes=298"}, {"test": "TestExecSMTPUTF8Capabilities/relay_starttls/capable=false/unicode_sender_envelope_only", "wire": "r5_exec_smtputf8_test.go:340: EXEC09_SENT_WITHOUT_SMTPUTF8 MAIL=[\"MAIL FROM:<\u53d1\u9001\u8005@example.test> BODY=8BITMIME\"] RCPT=[\"RCPT TO:<reader@recipient.test>\"] DATA=1 body_bytes=298"}, {"test": "TestExecSMTPUTF8Capabilities/relay_starttls/capable=false/unicode_top_level_header", "wire": "r5_exec_smtputf8_test.go:340: EXEC09_SENT_WITHOUT_SMTPUTF8 MAIL=[\"MAIL FROM:<sender@example.test> BODY=8BITMIME\"] RCPT=[\"RCPT TO:<reader@recipient.test>\"] DATA=1 body_bytes=324"}, {"test": "TestExecSMTPUTF8HELOFallback/direct_plain/unicode_sender_envelope_only", "wire": "r5_exec_smtputf8_test.go:386: EXEC09_SENT_WITHOUT_SMTPUTF8 MAIL=[\"MAIL FROM:<\u53d1\u9001\u8005@example.test>\"] RCPT=[\"RCPT TO:<reader@recipient.test>\"] DATA=1 body_bytes=298"}, {"test": "TestExecSMTPUTF8HELOFallback/relay_plain/unicode_sender_envelope_only", "wire": "r5_exec_smtputf8_test.go:386: EXEC09_SENT_WITHOUT_SMTPUTF8 MAIL=[\"MAIL FROM:<\u53d1\u9001\u8005@example.test>\"] RCPT=[\"RCPT TO:<reader@recipient.test>\"] DATA=1 body_bytes=298"}, {"test": "TestExecSMTPUTF8RefreshAfterSTARTTLS/direct_starttls/final_capable=false/unicode_last_bcc", "wire": "r5_exec_smtputf8_test.go:365: EXEC09_SENT_WITHOUT_SMTPUTF8 MAIL=[\"MAIL FROM:<sender@example.test> BODY=8BITMIME\"] RCPT=[\"RCPT TO:<reader@recipient.test>\" \"RCPT TO:<\\\"\u4fe1\u7bb1 @ \u5e2e\u52a9\u53f0\\\"@recipient.test>\"] DATA=1 body_bytes=298"}, {"test": "TestExecSMTPUTF8RefreshAfterSTARTTLS/relay_starttls/final_capable=false/unicode_last_bcc", "wire": "r5_exec_smtputf8_test.go:365: EXEC09_SENT_WITHOUT_SMTPUTF8 MAIL=[\"MAIL FROM:<sender@example.test> BODY=8BITMIME\"] RCPT=[\"RCPT TO:<reader@recipient.test>\" \"RCPT TO:<\\\"\u4fe1\u7bb1 @ \u5e2e\u52a9\u53f0\\\"@recipient.test>\"] DATA=1 body_bytes=298"}, {"test": "TestExecSMTPUTF8SubmissionRecipientLedger/direct_plain/capable=false/bcc", "wire": "r5_exec_smtputf8_test.go:506: EXEC09_SENT_WITHOUT_SMTPUTF8 MAIL=[\"MAIL FROM:<sender@example.test> BODY=8BITMIME\"] RCPT=[\"RCPT TO:<\\\"\u4fe1\u7bb1 @ \u5e2e\u52a9\u53f0\\\"@recipient.test>\"] DATA=1 body_bytes=315"}, {"test": "TestExecSMTPUTF8SubmissionRecipientLedger/direct_plain/capable=false/cc", "wire": "r5_exec_smtputf8_test.go:506: EXEC09_SENT_WITHOUT_SMTPUTF8 MAIL=[\"MAIL FROM:<sender@example.test> BODY=8BITMIME\"] RCPT=[\"RCPT TO:<\\\"\u4fe1\u7bb1 @ \u5e2e\u52a9\u53f0\\\"@recipient.test>\"] DATA=1 body_bytes=356"}, {"test": "TestExecSMTPUTF8SubmissionRecipientLedger/direct_plain/capable=false/header", "wire": "r5_exec_smtputf8_test.go:506: EXEC09_SENT_WITHOUT_SMTPUTF8 MAIL=[\"MAIL FROM:<sender@example.test> BODY=8BITMIME\"] RCPT=[\"RCPT TO:<reader@recipient.test>\"] DATA=1 body_bytes=368"}, {"test": "TestExecSMTPUTF8SubmissionRecipientLedger/direct_plain/capable=false/to", "wire": "r5_exec_smtputf8_test.go:506: EXEC09_SENT_WITHOUT_SMTPUTF8 MAIL=[\"MAIL FROM:<sender@example.test> BODY=8BITMIME\"] RCPT=[\"RCPT TO:<\\\"\u4fe1\u7bb1 @ \u5e2e\u52a9\u53f0\\\"@recipient.test>\"] DATA=1 body_bytes=356"}, {"test": "TestExecSMTPUTF8SubmissionRecipientLedger/relay_plain/capable=false/bcc", "wire": "r5_exec_smtputf8_test.go:506: EXEC09_SENT_WITHOUT_SMTPUTF8 MAIL=[\"MAIL FROM:<sender@example.test> BODY=8BITMIME\"] RCPT=[\"RCPT TO:<\\\"\u4fe1\u7bb1 @ \u5e2e\u52a9\u53f0\\\"@recipient.test>\"] DATA=1 body_bytes=315"}, {"test": "TestExecSMTPUTF8SubmissionRecipientLedger/relay_plain/capable=false/cc", "wire": "r5_exec_smtputf8_test.go:506: EXEC09_SENT_WITHOUT_SMTPUTF8 MAIL=[\"MAIL FROM:<sender@example.test> BODY=8BITMIME\"] RCPT=[\"RCPT TO:<\\\"\u4fe1\u7bb1 @ \u5e2e\u52a9\u53f0\\\"@recipient.test>\"] DATA=1 body_bytes=356"}, {"test": "TestExecSMTPUTF8SubmissionRecipientLedger/relay_plain/capable=false/header", "wire": "r5_exec_smtputf8_test.go:506: EXEC09_SENT_WITHOUT_SMTPUTF8 MAIL=[\"MAIL FROM:<sender@example.test> BODY=8BITMIME\"] RCPT=[\"RCPT TO:<reader@recipient.test>\"] DATA=1 body_bytes=368"}, {"test": "TestExecSMTPUTF8SubmissionRecipientLedger/relay_plain/capable=false/to", "wire": "r5_exec_smtputf8_test.go:506: EXEC09_SENT_WITHOUT_SMTPUTF8 MAIL=[\"MAIL FROM:<sender@example.test> BODY=8BITMIME\"] RCPT=[\"RCPT TO:<\\\"\u4fe1\u7bb1 @ \u5e2e\u52a9\u53f0\\\"@recipient.test>\"] DATA=1 body_bytes=356"}, {"test": "TestExecSMTPUTF8TriesNextMXBeforeSending", "wire": "r5_exec_smtputf8_test.go:422: EXEC09_SENT_WITHOUT_SMTPUTF8 MAIL=[\"MAIL FROM:<sender@example.test> BODY=8BITMIME\"] RCPT=[\"RCPT TO:<\u6536\u4ef6\u4eba@recipient.test>\"] DATA=1 body_bytes=298"}]}, "candidate": {"started_ids": ["TestExecSMTPUTF8Capabilities", "TestExecSMTPUTF8Capabilities/direct_plain/capable=false/ascii_quoted_alabel", "TestExecSMTPUTF8Capabilities/direct_plain/capable=false/eight_bit_body_only", "TestExecSMTPUTF8Capabilities/direct_plain/capable=false/encoded_headers_body_and_attachment", "TestExecSMTPUTF8Capabilities/direct_plain/capable=false/unicode_domain_envelope_only", "TestExecSMTPUTF8Capabilities/direct_plain/capable=false/unicode_last_bcc", "TestExecSMTPUTF8Capabilities/direct_plain/capable=false/unicode_recipient_envelope_only", "TestExecSMTPUTF8Capabilities/direct_plain/capable=false/unicode_sender_envelope_only", "TestExecSMTPUTF8Capabilities/direct_plain/capable=false/unicode_top_level_header", "TestExecSMTPUTF8Capabilities/direct_plain/capable=true/ascii_quoted_alabel", "TestExecSMTPUTF8Capabilities/direct_plain/capable=true/eight_bit_body_only", "TestExecSMTPUTF8Capabilities/direct_plain/capable=true/encoded_headers_body_and_attachment", "TestExecSMTPUTF8Capabilities/direct_plain/capable=true/unicode_domain_envelope_only", "TestExecSMTPUTF8Capabilities/direct_plain/capable=true/unicode_last_bcc", "TestExecSMTPUTF8Capabilities/direct_plain/capable=true/unicode_recipient_envelope_only", "TestExecSMTPUTF8Capabilities/direct_plain/capable=true/unicode_sender_envelope_only", "TestExecSMTPUTF8Capabilities/direct_plain/capable=true/unicode_top_level_header", "TestExecSMTPUTF8Capabilities/direct_starttls/capable=false/ascii_quoted_alabel", "TestExecSMTPUTF8Capabilities/direct_starttls/capable=false/eight_bit_body_only", "TestExecSMTPUTF8Capabilities/direct_starttls/capable=false/encoded_headers_body_and_attachment", "TestExecSMTPUTF8Capabilities/direct_starttls/capable=false/unicode_domain_envelope_only", "TestExecSMTPUTF8Capabilities/direct_starttls/capable=false/unicode_last_bcc", "TestExecSMTPUTF8Capabilities/direct_starttls/capable=false/unicode_recipient_envelope_only", "TestExecSMTPUTF8Capabilities/direct_starttls/capable=false/unicode_sender_envelope_only", "TestExecSMTPUTF8Capabilities/direct_starttls/capable=false/unicode_top_level_header", "TestExecSMTPUTF8Capabilities/direct_starttls/capable=true/ascii_quoted_alabel", "TestExecSMTPUTF8Capabilities/direct_starttls/capable=true/eight_bit_body_only", "TestExecSMTPUTF8Capabilities/direct_starttls/capable=true/encoded_headers_body_and_attachment", "TestExecSMTPUTF8Capabilities/direct_starttls/capable=true/unicode_domain_envelope_only", "TestExecSMTPUTF8Capabilities/direct_starttls/capable=true/unicode_last_bcc", "TestExecSMTPUTF8Capabilities/direct_starttls/capable=true/unicode_recipient_envelope_only", "TestExecSMTPUTF8Capabilities/direct_starttls/capable=true/unicode_sender_envelope_only", "TestExecSMTPUTF8Capabilities/direct_starttls/capable=true/unicode_top_level_header", "TestExecSMTPUTF8Capabilities/relay_implicit_tls/capable=false/ascii_quoted_alabel", "TestExecSMTPUTF8Capabilities/relay_implicit_tls/capable=false/eight_bit_body_only", "TestExecSMTPUTF8Capabilities/relay_implicit_tls/capable=false/encoded_headers_body_and_attachment", "TestExecSMTPUTF8Capabilities/relay_implicit_tls/capable=false/unicode_domain_envelope_only", "TestExecSMTPUTF8Capabilities/relay_implicit_tls/capable=false/unicode_last_bcc", "TestExecSMTPUTF8Capabilities/relay_implicit_tls/capable=false/unicode_recipient_envelope_only", "TestExecSMTPUTF8Capabilities/relay_implicit_tls/capable=false/unicode_sender_envelope_only", "TestExecSMTPUTF8Capabilities/relay_implicit_tls/capable=false/unicode_top_level_header", "TestExecSMTPUTF8Capabilities/relay_implicit_tls/capable=true/ascii_quoted_alabel", "TestExecSMTPUTF8Capabilities/relay_implicit_tls/capable=true/eight_bit_body_only", "TestExecSMTPUTF8Capabilities/relay_implicit_tls/capable=true/encoded_headers_body_and_attachment", "TestExecSMTPUTF8Capabilities/relay_implicit_tls/capable=true/unicode_domain_envelope_only", "TestExecSMTPUTF8Capabilities/relay_implicit_tls/capable=true/unicode_last_bcc", "TestExecSMTPUTF8Capabilities/relay_implicit_tls/capable=true/unicode_recipient_envelope_only", "TestExecSMTPUTF8Capabilities/relay_implicit_tls/capable=true/unicode_sender_envelope_only", "TestExecSMTPUTF8Capabilities/relay_implicit_tls/capable=true/unicode_top_level_header", "TestExecSMTPUTF8Capabilities/relay_plain/capable=false/ascii_quoted_alabel", "TestExecSMTPUTF8Capabilities/relay_plain/capable=false/eight_bit_body_only", "TestExecSMTPUTF8Capabilities/relay_plain/capable=false/encoded_headers_body_and_attachment", "TestExecSMTPUTF8Capabilities/relay_plain/capable=false/unicode_domain_envelope_only", "TestExecSMTPUTF8Capabilities/relay_plain/capable=false/unicode_last_bcc", "TestExecSMTPUTF8Capabilities/relay_plain/capable=false/unicode_recipient_envelope_only", "TestExecSMTPUTF8Capabilities/relay_plain/capable=false/unicode_sender_envelope_only", "TestExecSMTPUTF8Capabilities/relay_plain/capable=false/unicode_top_level_header", "TestExecSMTPUTF8Capabilities/relay_plain/capable=true/ascii_quoted_alabel", "TestExecSMTPUTF8Capabilities/relay_plain/capable=true/eight_bit_body_only", "TestExecSMTPUTF8Capabilities/relay_plain/capable=true/encoded_headers_body_and_attachment", "TestExecSMTPUTF8Capabilities/relay_plain/capable=true/unicode_domain_envelope_only", "TestExecSMTPUTF8Capabilities/relay_plain/capable=true/unicode_last_bcc", "TestExecSMTPUTF8Capabilities/relay_plain/capable=true/unicode_recipient_envelope_only", "TestExecSMTPUTF8Capabilities/relay_plain/capable=true/unicode_sender_envelope_only", "TestExecSMTPUTF8Capabilities/relay_plain/capable=true/unicode_top_level_header", "TestExecSMTPUTF8Capabilities/relay_starttls/capable=false/ascii_quoted_alabel", "TestExecSMTPUTF8Capabilities/relay_starttls/capable=false/eight_bit_body_only", "TestExecSMTPUTF8Capabilities/relay_starttls/capable=false/encoded_headers_body_and_attachment", "TestExecSMTPUTF8Capabilities/relay_starttls/capable=false/unicode_domain_envelope_only", "TestExecSMTPUTF8Capabilities/relay_starttls/capable=false/unicode_last_bcc", "TestExecSMTPUTF8Capabilities/relay_starttls/capable=false/unicode_recipient_envelope_only", "TestExecSMTPUTF8Capabilities/relay_starttls/capable=false/unicode_sender_envelope_only", "TestExecSMTPUTF8Capabilities/relay_starttls/capable=false/unicode_top_level_header", "TestExecSMTPUTF8Capabilities/relay_starttls/capable=true/ascii_quoted_alabel", "TestExecSMTPUTF8Capabilities/relay_starttls/capable=true/eight_bit_body_only", "TestExecSMTPUTF8Capabilities/relay_starttls/capable=true/encoded_headers_body_and_attachment", "TestExecSMTPUTF8Capabilities/relay_starttls/capable=true/unicode_domain_envelope_only", "TestExecSMTPUTF8Capabilities/relay_starttls/capable=true/unicode_last_bcc", "TestExecSMTPUTF8Capabilities/relay_starttls/capable=true/unicode_recipient_envelope_only", "TestExecSMTPUTF8Capabilities/relay_starttls/capable=true/unicode_sender_envelope_only", "TestExecSMTPUTF8Capabilities/relay_starttls/capable=true/unicode_top_level_header", "TestExecSMTPUTF8HELOFallback", "TestExecSMTPUTF8HELOFallback/direct_plain/ascii_quoted_alabel", "TestExecSMTPUTF8HELOFallback/direct_plain/unicode_sender_envelope_only", "TestExecSMTPUTF8HELOFallback/relay_plain/ascii_quoted_alabel", "TestExecSMTPUTF8HELOFallback/relay_plain/unicode_sender_envelope_only", "TestExecSMTPUTF8RefreshAfterSTARTTLS", "TestExecSMTPUTF8RefreshAfterSTARTTLS/direct_starttls/final_capable=false/encoded_headers_body_and_attachment", "TestExecSMTPUTF8RefreshAfterSTARTTLS/direct_starttls/final_capable=false/unicode_last_bcc", "TestExecSMTPUTF8RefreshAfterSTARTTLS/direct_starttls/final_capable=true/encoded_headers_body_and_attachment", "TestExecSMTPUTF8RefreshAfterSTARTTLS/direct_starttls/final_capable=true/unicode_last_bcc", "TestExecSMTPUTF8RefreshAfterSTARTTLS/relay_starttls/final_capable=false/encoded_headers_body_and_attachment", "TestExecSMTPUTF8RefreshAfterSTARTTLS/relay_starttls/final_capable=false/unicode_last_bcc", "TestExecSMTPUTF8RefreshAfterSTARTTLS/relay_starttls/final_capable=true/encoded_headers_body_and_attachment", "TestExecSMTPUTF8RefreshAfterSTARTTLS/relay_starttls/final_capable=true/unicode_last_bcc", "TestExecSMTPUTF8SubmissionRecipientLedger", "TestExecSMTPUTF8SubmissionRecipientLedger/direct_plain/capable=false/bcc", "TestExecSMTPUTF8SubmissionRecipientLedger/direct_plain/capable=false/cc", "TestExecSMTPUTF8SubmissionRecipientLedger/direct_plain/capable=false/header", "TestExecSMTPUTF8SubmissionRecipientLedger/direct_plain/capable=false/to", "TestExecSMTPUTF8SubmissionRecipientLedger/direct_plain/capable=true/bcc", "TestExecSMTPUTF8SubmissionRecipientLedger/direct_plain/capable=true/cc", "TestExecSMTPUTF8SubmissionRecipientLedger/direct_plain/capable=true/header", "TestExecSMTPUTF8SubmissionRecipientLedger/direct_plain/capable=true/to", "TestExecSMTPUTF8SubmissionRecipientLedger/relay_plain/capable=false/bcc", "TestExecSMTPUTF8SubmissionRecipientLedger/relay_plain/capable=false/cc", "TestExecSMTPUTF8SubmissionRecipientLedger/relay_plain/capable=false/header", "TestExecSMTPUTF8SubmissionRecipientLedger/relay_plain/capable=false/to", "TestExecSMTPUTF8SubmissionRecipientLedger/relay_plain/capable=true/bcc", "TestExecSMTPUTF8SubmissionRecipientLedger/relay_plain/capable=true/cc", "TestExecSMTPUTF8SubmissionRecipientLedger/relay_plain/capable=true/header", "TestExecSMTPUTF8SubmissionRecipientLedger/relay_plain/capable=true/to", "TestExecSMTPUTF8TriesNextMXBeforeSending"], "leaf_ids": ["TestExecSMTPUTF8Capabilities/direct_plain/capable=false/ascii_quoted_alabel", "TestExecSMTPUTF8Capabilities/direct_plain/capable=false/eight_bit_body_only", "TestExecSMTPUTF8Capabilities/direct_plain/capable=false/encoded_headers_body_and_attachment", "TestExecSMTPUTF8Capabilities/direct_plain/capable=false/unicode_domain_envelope_only", "TestExecSMTPUTF8Capabilities/direct_plain/capable=false/unicode_last_bcc", "TestExecSMTPUTF8Capabilities/direct_plain/capable=false/unicode_recipient_envelope_only", "TestExecSMTPUTF8Capabilities/direct_plain/capable=false/unicode_sender_envelope_only", "TestExecSMTPUTF8Capabilities/direct_plain/capable=false/unicode_top_level_header", "TestExecSMTPUTF8Capabilities/direct_plain/capable=true/ascii_quoted_alabel", "TestExecSMTPUTF8Capabilities/direct_plain/capable=true/eight_bit_body_only", "TestExecSMTPUTF8Capabilities/direct_plain/capable=true/encoded_headers_body_and_attachment", "TestExecSMTPUTF8Capabilities/direct_plain/capable=true/unicode_domain_envelope_only", "TestExecSMTPUTF8Capabilities/direct_plain/capable=true/unicode_last_bcc", "TestExecSMTPUTF8Capabilities/direct_plain/capable=true/unicode_recipient_envelope_only", "TestExecSMTPUTF8Capabilities/direct_plain/capable=true/unicode_sender_envelope_only", "TestExecSMTPUTF8Capabilities/direct_plain/capable=true/unicode_top_level_header", "TestExecSMTPUTF8Capabilities/direct_starttls/capable=false/ascii_quoted_alabel", "TestExecSMTPUTF8Capabilities/direct_starttls/capable=false/eight_bit_body_only", "TestExecSMTPUTF8Capabilities/direct_starttls/capable=false/encoded_headers_body_and_attachment", "TestExecSMTPUTF8Capabilities/direct_starttls/capable=false/unicode_domain_envelope_only", "TestExecSMTPUTF8Capabilities/direct_starttls/capable=false/unicode_last_bcc", "TestExecSMTPUTF8Capabilities/direct_starttls/capable=false/unicode_recipient_envelope_only", "TestExecSMTPUTF8Capabilities/direct_starttls/capable=false/unicode_sender_envelope_only", "TestExecSMTPUTF8Capabilities/direct_starttls/capable=false/unicode_top_level_header", "TestExecSMTPUTF8Capabilities/direct_starttls/capable=true/ascii_quoted_alabel", "TestExecSMTPUTF8Capabilities/direct_starttls/capable=true/eight_bit_body_only", "TestExecSMTPUTF8Capabilities/direct_starttls/capable=true/encoded_headers_body_and_attachment", "TestExecSMTPUTF8Capabilities/direct_starttls/capable=true/unicode_domain_envelope_only", "TestExecSMTPUTF8Capabilities/direct_starttls/capable=true/unicode_last_bcc", "TestExecSMTPUTF8Capabilities/direct_starttls/capable=true/unicode_recipient_envelope_only", "TestExecSMTPUTF8Capabilities/direct_starttls/capable=true/unicode_sender_envelope_only", "TestExecSMTPUTF8Capabilities/direct_starttls/capable=true/unicode_top_level_header", "TestExecSMTPUTF8Capabilities/relay_implicit_tls/capable=false/ascii_quoted_alabel", "TestExecSMTPUTF8Capabilities/relay_implicit_tls/capable=false/eight_bit_body_only", "TestExecSMTPUTF8Capabilities/relay_implicit_tls/capable=false/encoded_headers_body_and_attachment", "TestExecSMTPUTF8Capabilities/relay_implicit_tls/capable=false/unicode_domain_envelope_only", "TestExecSMTPUTF8Capabilities/relay_implicit_tls/capable=false/unicode_last_bcc", "TestExecSMTPUTF8Capabilities/relay_implicit_tls/capable=false/unicode_recipient_envelope_only", "TestExecSMTPUTF8Capabilities/relay_implicit_tls/capable=false/unicode_sender_envelope_only", "TestExecSMTPUTF8Capabilities/relay_implicit_tls/capable=false/unicode_top_level_header", "TestExecSMTPUTF8Capabilities/relay_implicit_tls/capable=true/ascii_quoted_alabel", "TestExecSMTPUTF8Capabilities/relay_implicit_tls/capable=true/eight_bit_body_only", "TestExecSMTPUTF8Capabilities/relay_implicit_tls/capable=true/encoded_headers_body_and_attachment", "TestExecSMTPUTF8Capabilities/relay_implicit_tls/capable=true/unicode_domain_envelope_only", "TestExecSMTPUTF8Capabilities/relay_implicit_tls/capable=true/unicode_last_bcc", "TestExecSMTPUTF8Capabilities/relay_implicit_tls/capable=true/unicode_recipient_envelope_only", "TestExecSMTPUTF8Capabilities/relay_implicit_tls/capable=true/unicode_sender_envelope_only", "TestExecSMTPUTF8Capabilities/relay_implicit_tls/capable=true/unicode_top_level_header", "TestExecSMTPUTF8Capabilities/relay_plain/capable=false/ascii_quoted_alabel", "TestExecSMTPUTF8Capabilities/relay_plain/capable=false/eight_bit_body_only", "TestExecSMTPUTF8Capabilities/relay_plain/capable=false/encoded_headers_body_and_attachment", "TestExecSMTPUTF8Capabilities/relay_plain/capable=false/unicode_domain_envelope_only", "TestExecSMTPUTF8Capabilities/relay_plain/capable=false/unicode_last_bcc", "TestExecSMTPUTF8Capabilities/relay_plain/capable=false/unicode_recipient_envelope_only", "TestExecSMTPUTF8Capabilities/relay_plain/capable=false/unicode_sender_envelope_only", "TestExecSMTPUTF8Capabilities/relay_plain/capable=false/unicode_top_level_header", "TestExecSMTPUTF8Capabilities/relay_plain/capable=true/ascii_quoted_alabel", "TestExecSMTPUTF8Capabilities/relay_plain/capable=true/eight_bit_body_only", "TestExecSMTPUTF8Capabilities/relay_plain/capable=true/encoded_headers_body_and_attachment", "TestExecSMTPUTF8Capabilities/relay_plain/capable=true/unicode_domain_envelope_only", "TestExecSMTPUTF8Capabilities/relay_plain/capable=true/unicode_last_bcc", "TestExecSMTPUTF8Capabilities/relay_plain/capable=true/unicode_recipient_envelope_only", "TestExecSMTPUTF8Capabilities/relay_plain/capable=true/unicode_sender_envelope_only", "TestExecSMTPUTF8Capabilities/relay_plain/capable=true/unicode_top_level_header", "TestExecSMTPUTF8Capabilities/relay_starttls/capable=false/ascii_quoted_alabel", "TestExecSMTPUTF8Capabilities/relay_starttls/capable=false/eight_bit_body_only", "TestExecSMTPUTF8Capabilities/relay_starttls/capable=false/encoded_headers_body_and_attachment", "TestExecSMTPUTF8Capabilities/relay_starttls/capable=false/unicode_domain_envelope_only", "TestExecSMTPUTF8Capabilities/relay_starttls/capable=false/unicode_last_bcc", "TestExecSMTPUTF8Capabilities/relay_starttls/capable=false/unicode_recipient_envelope_only", "TestExecSMTPUTF8Capabilities/relay_starttls/capable=false/unicode_sender_envelope_only", "TestExecSMTPUTF8Capabilities/relay_starttls/capable=false/unicode_top_level_header", "TestExecSMTPUTF8Capabilities/relay_starttls/capable=true/ascii_quoted_alabel", "TestExecSMTPUTF8Capabilities/relay_starttls/capable=true/eight_bit_body_only", "TestExecSMTPUTF8Capabilities/relay_starttls/capable=true/encoded_headers_body_and_attachment", "TestExecSMTPUTF8Capabilities/relay_starttls/capable=true/unicode_domain_envelope_only", "TestExecSMTPUTF8Capabilities/relay_starttls/capable=true/unicode_last_bcc", "TestExecSMTPUTF8Capabilities/relay_starttls/capable=true/unicode_recipient_envelope_only", "TestExecSMTPUTF8Capabilities/relay_starttls/capable=true/unicode_sender_envelope_only", "TestExecSMTPUTF8Capabilities/relay_starttls/capable=true/unicode_top_level_header", "TestExecSMTPUTF8HELOFallback/direct_plain/ascii_quoted_alabel", "TestExecSMTPUTF8HELOFallback/direct_plain/unicode_sender_envelope_only", "TestExecSMTPUTF8HELOFallback/relay_plain/ascii_quoted_alabel", "TestExecSMTPUTF8HELOFallback/relay_plain/unicode_sender_envelope_only", "TestExecSMTPUTF8RefreshAfterSTARTTLS/direct_starttls/final_capable=false/encoded_headers_body_and_attachment", "TestExecSMTPUTF8RefreshAfterSTARTTLS/direct_starttls/final_capable=false/unicode_last_bcc", "TestExecSMTPUTF8RefreshAfterSTARTTLS/direct_starttls/final_capable=true/encoded_headers_body_and_attachment", "TestExecSMTPUTF8RefreshAfterSTARTTLS/direct_starttls/final_capable=true/unicode_last_bcc", "TestExecSMTPUTF8RefreshAfterSTARTTLS/relay_starttls/final_capable=false/encoded_headers_body_and_attachment", "TestExecSMTPUTF8RefreshAfterSTARTTLS/relay_starttls/final_capable=false/unicode_last_bcc", "TestExecSMTPUTF8RefreshAfterSTARTTLS/relay_starttls/final_capable=true/encoded_headers_body_and_attachment", "TestExecSMTPUTF8RefreshAfterSTARTTLS/relay_starttls/final_capable=true/unicode_last_bcc", "TestExecSMTPUTF8SubmissionRecipientLedger/direct_plain/capable=false/bcc", "TestExecSMTPUTF8SubmissionRecipientLedger/direct_plain/capable=false/cc", "TestExecSMTPUTF8SubmissionRecipientLedger/direct_plain/capable=false/header", "TestExecSMTPUTF8SubmissionRecipientLedger/direct_plain/capable=false/to", "TestExecSMTPUTF8SubmissionRecipientLedger/direct_plain/capable=true/bcc", "TestExecSMTPUTF8SubmissionRecipientLedger/direct_plain/capable=true/cc", "TestExecSMTPUTF8SubmissionRecipientLedger/direct_plain/capable=true/header", "TestExecSMTPUTF8SubmissionRecipientLedger/direct_plain/capable=true/to", "TestExecSMTPUTF8SubmissionRecipientLedger/relay_plain/capable=false/bcc", "TestExecSMTPUTF8SubmissionRecipientLedger/relay_plain/capable=false/cc", "TestExecSMTPUTF8SubmissionRecipientLedger/relay_plain/capable=false/header", "TestExecSMTPUTF8SubmissionRecipientLedger/relay_plain/capable=false/to", "TestExecSMTPUTF8SubmissionRecipientLedger/relay_plain/capable=true/bcc", "TestExecSMTPUTF8SubmissionRecipientLedger/relay_plain/capable=true/cc", "TestExecSMTPUTF8SubmissionRecipientLedger/relay_plain/capable=true/header", "TestExecSMTPUTF8SubmissionRecipientLedger/relay_plain/capable=true/to", "TestExecSMTPUTF8TriesNextMXBeforeSending"], "leaf_count": 109, "passed": 109, "failed": 0, "skipped": 0, "exit_code": 0, "actual_wire_observations": []}}, "errors": {}}
2026-10-09T04:10:30.4541330Z ##[group]Run python3 -B - <<'PY'
2026-10-09T04:10:30.4541676Z [36;1mpython3 -B - <<'PY'[0m
2026-10-09T04:10:30.4541928Z [36;1mimport os[0m
2026-10-09T04:10:30.4542175Z [36;1mfrom pathlib import Path[0m
2026-10-09T04:10:30.4542438Z [36;1mimport sys[0m
2026-10-09T04:10:30.4542798Z [36;1mroot = Path(os.environ["RUNNER_TEMP"]) / "tabmail-smtputf8-evidence"[0m
2026-10-09T04:10:30.4543232Z [36;1mfor path in sorted(root.rglob("*")):[0m
2026-10-09T04:10:30.4543540Z [36;1m    if path.is_file():[0m
2026-10-09T04:10:30.4543915Z [36;1m        print("EXEC09_RAW_BEGIN " + str(path.relative_to(root)), flush=True)[0m
2026-10-09T04:10:30.4544379Z [36;1m        sys.stdout.buffer.write(path.read_bytes())[0m
2026-10-09T04:10:30.4544728Z [36;1m        sys.stdout.buffer.flush()[0m
2026-10-09T04:10:30.4545338Z [36;1m        print("\nEXEC09_RAW_END " + str(path.relative_to(root)), flush=True)[0m
2026-10-09T04:10:30.4545731Z [36;1mPY[0m
2026-10-09T04:10:30.4604667Z shell: /usr/bin/bash -e {0}
2026-10-09T04:10:30.4605055Z ##[endgroup]
2026-10-09T04:10:30.4901330Z EXEC09_RAW_BEGIN baseline/execution.json
2026-10-09T04:10:30.4901921Z {
2026-10-09T04:10:30.4902620Z   "before": {
2026-10-09T04:10:30.4903253Z     "commit": "6a5e3dce6a117082fc0ace2cb06bd5cc3bb45a0b",
2026-10-09T04:10:30.4904037Z     "tree": "3a3121e5aaffc5240894b9a18f3941c957330929",
2026-10-09T04:10:30.4905305Z     "test_sha256": "03047b4ba6b9c4590e032dfc58eeada6750e3b2e4c7aa80b96859ab98354e372"
2026-10-09T04:10:30.4906037Z   },
2026-10-09T04:10:30.4906370Z   "after": {
2026-10-09T04:10:30.4906937Z     "commit": "6a5e3dce6a117082fc0ace2cb06bd5cc3bb45a0b",
2026-10-09T04:10:30.4907656Z     "tree": "3a3121e5aaffc5240894b9a18f3941c957330929",
2026-10-09T04:10:30.4908555Z     "test_sha256": "03047b4ba6b9c4590e032dfc58eeada6750e3b2e4c7aa80b96859ab98354e372"
2026-10-09T04:10:30.4909292Z   },
2026-10-09T04:10:30.4909637Z   "command": [
2026-10-09T04:10:30.4910006Z     "go",
2026-10-09T04:10:30.4910346Z     "test",
2026-10-09T04:10:30.4910856Z     "-mod=readonly",
2026-10-09T04:10:30.4911275Z     "-json",
2026-10-09T04:10:30.4911653Z     "-race",
2026-10-09T04:10:30.4912022Z     "-p",
2026-10-09T04:10:30.4912379Z     "1",
2026-10-09T04:10:30.4912733Z     "-count=1",
2026-10-09T04:10:30.4913123Z     "-timeout=120s",
2026-10-09T04:10:30.4913510Z     "-run",
2026-10-09T04:10:30.4913902Z     "^TestExecSMTPUTF8",
2026-10-09T04:10:30.4914362Z     "./internal/outbound"
2026-10-09T04:10:30.4914738Z   ],
2026-10-09T04:10:30.4915324Z   "exit_code": 1,
2026-10-09T04:10:30.4915741Z   "timed_out": false,
2026-10-09T04:10:30.4916537Z   "stdout_sha256": "7117cb65c4fc2dafb1ad7db5daffb4c6a5208a050fcff283340773d5b17ca7a0",
2026-10-09T04:10:30.4917708Z   "stderr_sha256": "e3b0c44298fc1c149afbf4c8996fb92427ae41e4649b934ca495991b7852b855"
2026-10-09T04:10:30.4918459Z }
2026-10-09T04:10:30.4918628Z 
2026-10-09T04:10:30.4918839Z EXEC09_RAW_END baseline/execution.json
2026-10-09T04:10:30.4919468Z EXEC09_RAW_BEGIN baseline/go-test.jsonl
2026-10-09T04:10:30.4920298Z {"Time":"2026-10-09T04:10:22.283025212Z","Action":"start","Package":"tabmail/internal/outbound"}
2026-10-09T04:10:30.4921657Z {"Time":"2026-10-09T04:10:22.305771341Z","Action":"run","Package":"tabmail/internal/outbound","Test":"TestExecSMTPUTF8Capabilities"}
2026-10-09T04:10:30.4923158Z {"Time":"2026-10-09T04:10:22.305830742Z","Action":"output","Package":"tabmail/internal/outbound","Test":"TestExecSMTPUTF8Capabilities","Output":"=== RUN   TestExecSMTPUTF8Capabilities\n"}
2026-10-09T04:10:30.4924808Z {"Time":"2026-10-09T04:10:22.30585649Z","Action":"run","Package":"tabmail/internal/outbound","Test":"TestExecSMTPUTF8Capabilities/relay_plain/capable=false/ascii_quoted_alabel"}
2026-10-09T04:10:30.4929380Z {"Time":"2026-10-09T04:10:22.305863032Z","Action":"output","Package":"tabmail/internal/outbound","Test":"TestExecSMTPUTF8Capabilities/relay_plain/capable=false/ascii_quoted_alabel","Output":"=== RUN   TestExecSMTPUTF8Capabilities/relay_plain/capable=false/ascii_quoted_alabel\n"}
2026-10-09T04:10:30.4934126Z {"Time":"2026-10-09T04:10:22.312444329Z","Action":"output","Package":"tabmail/internal/outbound","Test":"TestExecSMTPUTF8Capabilities/relay_plain/capable=false/ascii_quoted_alabel","Output":"--- PASS: TestExecSMTPUTF8Capabilities/relay_plain/capable=false/ascii_quoted_alabel (0.01s)\n"}
2026-10-09T04:10:30.4937690Z {"Time":"2026-10-09T04:10:22.312461241Z","Action":"pass","Package":"tabmail/internal/outbound","Test":"TestExecSMTPUTF8Capabilities/relay_plain/capable=false/ascii_quoted_alabel","Elapsed":0.01}
2026-10-09T04:10:30.4940117Z {"Time":"2026-10-09T04:10:22.31249303Z","Action":"run","Package":"tabmail/internal/outbound","Test":"TestExecSMTPUTF8Capabilities/relay_plain/capable=false/unicode_sender_envelope_only"}
2026-10-09T04:10:30.4943230Z {"Time":"2026-10-09T04:10:22.312499101Z","Action":"output","Package":"tabmail/internal/outbound","Test":"TestExecSMTPUTF8Capabilities/relay_plain/capable=false/unicode_sender_envelope_only","Output":"=== RUN   TestExecSMTPUTF8Capabilities/relay_plain/capable=false/unicode_sender_envelope_only\n"}
2026-10-09T04:10:30.4947320Z {"Time":"2026-10-09T04:10:22.316138666Z","Action":"output","Package":"tabmail/internal/outbound","Test":"TestExecSMTPUTF8Capabilities/relay_plain/capable=false/unicode_sender_envelope_only","Output":"    r5_exec_smtputf8_test.go:340: SMTPUTF8 requirement must produce a local pre-send error, got \u003cnil\u003e\n"}
2026-10-09T04:10:30.4952896Z {"Time":"2026-10-09T04:10:22.316208947Z","Action":"output","Package":"tabmail/internal/outbound","Test":"TestExecSMTPUTF8Capabilities/relay_plain/capable=false/unicode_sender_envelope_only","Output":"    r5_exec_smtputf8_test.go:340: EXEC09_SENT_WITHOUT_SMTPUTF8 MAIL=[\"MAIL FROM:\u003c发送者@example.test\u003e BODY=8BITMIME\"] RCPT=[\"RCPT TO:\u003creader@recipient.test\u003e\"] DATA=1 body_bytes=298\n"}
2026-10-09T04:10:30.4960349Z {"Time":"2026-10-09T04:10:22.316316027Z","Action":"output","Package":"tabmail/internal/outbound","Test":"TestExecSMTPUTF8Capabilities/relay_plain/capable=false/unicode_sender_envelope_only","Output":"--- FAIL: TestExecSMTPUTF8Capabilities/relay_plain/capable=false/unicode_sender_envelope_only (0.00s)\n"}
2026-10-09T04:10:30.4963541Z {"Time":"2026-10-09T04:10:22.316351023Z","Action":"fail","Package":"tabmail/internal/outbound","Test":"TestExecSMTPUTF8Capabilities/relay_plain/capable=false/unicode_sender_envelope_only","Elapsed":0}
2026-10-09T04:10:30.4966265Z {"Time":"2026-10-09T04:10:22.316399573Z","Action":"run","Package":"tabmail/internal/outbound","Test":"TestExecSMTPUTF8Capabilities/relay_plain/capable=false/unicode_recipient_envelope_only"}
2026-10-09T04:10:30.4969418Z {"Time":"2026-10-09T04:10:22.316408029Z","Action":"output","Package":"tabmail/internal/outbound","Test":"TestExecSMTPUTF8Capabilities/relay_plain/capable=false/unicode_recipient_envelope_only","Output":"=== RUN   TestExecSMTPUTF8Capabilities/relay_plain/capable=false/unicode_recipient_envelope_only\n"}
2026-10-09T04:10:30.4973412Z {"Time":"2026-10-09T04:10:22.319881293Z","Action":"output","Package":"tabmail/internal/outbound","Test":"TestExecSMTPUTF8Capabilities/relay_plain/capable=false/unicode_recipient_envelope_only","Output":"    r5_exec_smtputf8_test.go:340: SMTPUTF8 requirement must produce a local pre-send error, got \u003cnil\u003e\n"}
2026-10-09T04:10:30.4978858Z {"Time":"2026-10-09T04:10:22.319934243Z","Action":"output","Package":"tabmail/internal/outbound","Test":"TestExecSMTPUTF8Capabilities/relay_plain/capable=false/unicode_recipient_envelope_only","Output":"    r5_exec_smtputf8_test.go:340: EXEC09_SENT_WITHOUT_SMTPUTF8 MAIL=[\"MAIL FROM:\u003csender@example.test\u003e BODY=8BITMIME\"] RCPT=[\"RCPT TO:\u003c收件人@recipient.test\u003e\"] DATA=1 body_bytes=298\n"}
2026-10-09T04:10:30.4983335Z {"Time":"2026-10-09T04:10:22.320064536Z","Action":"output","Package":"tabmail/internal/outbound","Test":"TestExecSMTPUTF8Capabilities/relay_plain/capable=false/unicode_recipient_envelope_only","Output":"--- FAIL: TestExecSMTPUTF8Capabilities/relay_plain/capable=false/unicode_recipient_envelope_only (0.00s)\n"}
2026-10-09T04:10:30.4987783Z {"Time":"2026-10-09T04:10:22.320108428Z","Action":"fail","Package":"tabmail/internal/outbound","Test":"TestExecSMTPUTF8Capabilities/relay_plain/capable=false/unicode_recipient_envelope_only","Elapsed":0}
2026-10-09T04:10:30.4990148Z {"Time":"2026-10-09T04:10:22.320170854Z","Action":"run","Package":"tabmail/internal/outbound","Test":"TestExecSMTPUTF8Capabilities/relay_plain/capable=false/unicode_domain_envelope_only"}
2026-10-09T04:10:30.4993192Z {"Time":"2026-10-09T04:10:22.320179951Z","Action":"output","Package":"tabmail/internal/outbound","Test":"TestExecSMTPUTF8Capabilities/relay_plain/capable=false/unicode_domain_envelope_only","Output":"=== RUN   TestExecSMTPUTF8Capabilities/relay_plain/capable=false/unicode_domain_envelope_only\n"}
2026-10-09T04:10:30.4997867Z {"Time":"2026-10-09T04:10:22.325046319Z","Action":"output","Package":"tabmail/internal/outbound","Test":"TestExecSMTPUTF8Capabilities/relay_plain/capable=false/unicode_domain_envelope_only","Output":"    r5_exec_smtputf8_test.go:340: SMTPUTF8 requirement must produce a local pre-send error, got \u003cnil\u003e\n"}
2026-10-09T04:10:30.5002815Z {"Time":"2026-10-09T04:10:22.325104067Z","Action":"output","Package":"tabmail/internal/outbound","Test":"TestExecSMTPUTF8Capabilities/relay_plain/capable=false/unicode_domain_envelope_only","Output":"    r5_exec_smtputf8_test.go:340: EXEC09_SENT_WITHOUT_SMTPUTF8 MAIL=[\"MAIL FROM:\u003csender@example.test\u003e BODY=8BITMIME\"] RCPT=[\"RCPT TO:\u003creader@例子.test\u003e\"] DATA=1 body_bytes=298\n"}
2026-10-09T04:10:30.5006144Z {"Time":"2026-10-09T04:10:22.325195367Z","Action":"output","Package":"tabmail/internal/outbound","Test":"TestExecSMTPUTF8Capabilities/relay_plain/capable=false/unicode_domain_envelope_only","Output":"--- FAIL: TestExecSMTPUTF8Capabilities/relay_plain/capable=false/unicode_domain_envelope_only (0.00s)\n"}
2026-10-09T04:10:30.5009396Z {"Time":"2026-10-09T04:10:22.325220564Z","Action":"fail","Package":"tabmail/internal/outbound","Test":"TestExecSMTPUTF8Capabilities/relay_plain/capable=false/unicode_domain_envelope_only","Elapsed":0}
2026-10-09T04:10:30.5011211Z {"Time":"2026-10-09T04:10:22.325273874Z","Action":"run","Package":"tabmail/internal/outbound","Test":"TestExecSMTPUTF8Capabilities/relay_plain/capable=false/unicode_last_bcc"}
2026-10-09T04:10:30.5012758Z {"Time":"2026-10-09T04:10:22.3252879Z","Action":"output","Package":"tabmail/internal/outbound","Test":"TestExecSMTPUTF8Capabilities/relay_plain/capable=false/unicode_last_bcc","Output":"=== RUN   TestExecSMTPUTF8Capabilities/relay_plain/capable=false/unicode_last_bcc\n"}
2026-10-09T04:10:30.5014723Z {"Time":"2026-10-09T04:10:22.328918729Z","Action":"output","Package":"tabmail/internal/outbound","Test":"TestExecSMTPUTF8Capabilities/relay_plain/capable=false/unicode_last_bcc","Output":"    r5_exec_smtputf8_test.go:340: SMTPUTF8 requirement must produce a local pre-send error, got \u003cnil\u003e\n"}
2026-10-09T04:10:30.5018279Z {"Time":"2026-10-09T04:10:22.328969283Z","Action":"output","Package":"tabmail/internal/outbound","Test":"TestExecSMTPUTF8Capabilities/relay_plain/capable=false/unicode_last_bcc","Output":"    r5_exec_smtputf8_test.go:340: EXEC09_SENT_WITHOUT_SMTPUTF8 MAIL=[\"MAIL FROM:\u003csender@example.test\u003e BODY=8BITMIME\"] RCPT=[\"RCPT TO:\u003creader@recipient.test\u003e\" \"RCPT TO:\u003c\\\"信箱 @ 帮助台\\\"@recipient.test\u003e\"] DATA=1 body_bytes=298\n"}
2026-10-09T04:10:30.5020721Z {"Time":"2026-10-09T04:10:22.329079799Z","Action":"output","Package":"tabmail/internal/outbound","Test":"TestExecSMTPUTF8Capabilities/relay_plain/capable=false/unicode_last_bcc","Output":"--- FAIL: TestExecSMTPUTF8Capabilities/relay_plain/capable=false/unicode_last_bcc (0.00s)\n"}
2026-10-09T04:10:30.5022339Z {"Time":"2026-10-09T04:10:22.329094176Z","Action":"fail","Package":"tabmail/internal/outbound","Test":"TestExecSMTPUTF8Capabilities/relay_plain/capable=false/unicode_last_bcc","Elapsed":0}
2026-10-09T04:10:30.5023739Z {"Time":"2026-10-09T04:10:22.329142096Z","Action":"run","Package":"tabmail/internal/outbound","Test":"TestExecSMTPUTF8Capabilities/relay_plain/capable=false/unicode_top_level_header"}
2026-10-09T04:10:30.5026016Z {"Time":"2026-10-09T04:10:22.329146123Z","Action":"output","Package":"tabmail/internal/outbound","Test":"TestExecSMTPUTF8Capabilities/relay_plain/capable=false/unicode_top_level_header","Output":"=== RUN   TestExecSMTPUTF8Capabilities/relay_plain/capable=false/unicode_top_level_header\n"}
2026-10-09T04:10:30.5028144Z {"Time":"2026-10-09T04:10:22.332840761Z","Action":"output","Package":"tabmail/internal/outbound","Test":"TestExecSMTPUTF8Capabilities/relay_plain/capable=false/unicode_top_level_header","Output":"    r5_exec_smtputf8_test.go:340: SMTPUTF8 requirement must produce a local pre-send error, got \u003cnil\u003e\n"}
2026-10-09T04:10:30.5030587Z {"Time":"2026-10-09T04:10:22.332858223Z","Action":"output","Package":"tabmail/internal/outbound","Test":"TestExecSMTPUTF8Capabilities/relay_plain/capable=false/unicode_top_level_header","Output":"    r5_exec_smtputf8_test.go:340: EXEC09_SENT_WITHOUT_SMTPUTF8 MAIL=[\"MAIL FROM:\u003csender@example.test\u003e BODY=8BITMIME\"] RCPT=[\"RCPT TO:\u003creader@recipient.test\u003e\"] DATA=1 body_bytes=324\n"}
2026-10-09T04:10:30.5032991Z {"Time":"2026-10-09T04:10:22.332935828Z","Action":"output","Package":"tabmail/internal/outbound","Test":"TestExecSMTPUTF8Capabilities/relay_plain/capable=false/unicode_top_level_header","Output":"--- FAIL: TestExecSMTPUTF8Capabilities/relay_plain/capable=false/unicode_top_level_header (0.00s)\n"}
2026-10-09T04:10:30.5034843Z {"Time":"2026-10-09T04:10:22.332949293Z","Action":"fail","Package":"tabmail/internal/outbound","Test":"TestExecSMTPUTF8Capabilities/relay_plain/capable=false/unicode_top_level_header","Elapsed":0}
2026-10-09T04:10:30.5036414Z {"Time":"2026-10-09T04:10:22.333003535Z","Action":"run","Package":"tabmail/internal/outbound","Test":"TestExecSMTPUTF8Capabilities/relay_plain/capable=false/encoded_headers_body_and_attachment"}
2026-10-09T04:10:30.5038170Z {"Time":"2026-10-09T04:10:22.333008143Z","Action":"output","Package":"tabmail/internal/outbound","Test":"TestExecSMTPUTF8Capabilities/relay_plain/capable=false/encoded_headers_body_and_attachment","Output":"=== RUN   TestExecSMTPUTF8Capabilities/relay_plain/capable=false/encoded_headers_body_and_attachment\n"}
2026-10-09T04:10:30.5040366Z {"Time":"2026-10-09T04:10:22.336752705Z","Action":"output","Package":"tabmail/internal/outbound","Test":"TestExecSMTPUTF8Capabilities/relay_plain/capable=false/encoded_headers_body_and_attachment","Output":"--- PASS: TestExecSMTPUTF8Capabilities/relay_plain/capable=false/encoded_headers_body_and_attachment (0.00s)\n"}
2026-10-09T04:10:30.5042169Z {"Time":"2026-10-09T04:10:22.336770187Z","Action":"pass","Package":"tabmail/internal/outbound","Test":"TestExecSMTPUTF8Capabilities/relay_plain/capable=false/encoded_headers_body_and_attachment","Elapsed":0}
2026-10-09T04:10:30.5043498Z {"Time":"2026-10-09T04:10:22.33684117Z","Action":"run","Package":"tabmail/internal/outbound","Test":"TestExecSMTPUTF8Capabilities/relay_plain/capable=false/eight_bit_body_only"}
2026-10-09T04:10:30.5045321Z {"Time":"2026-10-09T04:10:22.336849726Z","Action":"output","Package":"tabmail/internal/outbound","Test":"TestExecSMTPUTF8Capabilities/relay_plain/capable=false/eight_bit_body_only","Output":"=== RUN   TestExecSMTPUTF8Capabilities/relay_plain/capable=false/eight_bit_body_only\n"}
2026-10-09T04:10:30.5047278Z {"Time":"2026-10-09T04:10:22.340218555Z","Action":"output","Package":"tabmail/internal/outbound","Test":"TestExecSMTPUTF8Capabilities/relay_plain/capable=false/eight_bit_body_only","Output":"--- PASS: TestExecSMTPUTF8Capabilities/relay_plain/capable=false/eight_bit_body_only (0.00s)\n"}
2026-10-09T04:10:30.5048908Z {"Time":"2026-10-09T04:10:22.340235917Z","Action":"pass","Package":"tabmail/internal/outbound","Test":"TestExecSMTPUTF8Capabilities/relay_plain/capable=false/eight_bit_body_only","Elapsed":0}
2026-10-09T04:10:30.5050337Z {"Time":"2026-10-09T04:10:22.340287173Z","Action":"run","Package":"tabmail/internal/outbound","Test":"TestExecSMTPUTF8Capabilities/relay_plain/capable=true/ascii_quoted_alabel"}
2026-10-09T04:10:30.5051894Z {"Time":"2026-10-09T04:10:22.34029629Z","Action":"output","Package":"tabmail/internal/outbound","Test":"TestExecSMTPUTF8Capabilities/relay_plain/capable=true/ascii_quoted_alabel","Output":"=== RUN   TestExecSMTPUTF8Capabilities/relay_plain/capable=true/ascii_quoted_alabel\n"}
2026-10-09T04:10:30.5053834Z {"Time":"2026-10-09T04:10:22.344046311Z","Action":"output","Package":"tabmail/internal/outbound","Test":"TestExecSMTPUTF8Capabilities/relay_plain/capable=true/ascii_quoted_alabel","Output":"--- PASS: TestExecSMTPUTF8Capabilities/relay_plain/capable=true/ascii_quoted_alabel (0.00s)\n"}
2026-10-09T04:10:30.5055773Z {"Time":"2026-10-09T04:10:22.344063113Z","Action":"pass","Package":"tabmail/internal/outbound","Test":"TestExecSMTPUTF8Capabilities/relay_plain/capable=true/ascii_quoted_alabel","Elapsed":0}
2026-10-09T04:10:30.5057063Z {"Time":"2026-10-09T04:10:22.344096535Z","Action":"run","Package":"tabmail/internal/outbound","Test":"TestExecSMTPUTF8Capabilities/relay_plain/capable=true/unicode_sender_envelope_only"}
2026-10-09T04:10:30.5058728Z {"Time":"2026-10-09T04:10:22.344103368Z","Action":"output","Package":"tabmail/internal/outbound","Test":"TestExecSMTPUTF8Capabilities/relay_plain/capable=true/unicode_sender_envelope_only","Output":"=== RUN   TestExecSMTPUTF8Capabilities/relay_plain/capable=true/unicode_sender_envelope_only\n"}
2026-10-09T04:10:30.5060925Z {"Time":"2026-10-09T04:10:22.347988862Z","Action":"output","Package":"tabmail/internal/outbound","Test":"TestExecSMTPUTF8Capabilities/relay_plain/capable=true/unicode_sender_envelope_only","Output":"--- PASS: TestExecSMTPUTF8Capabilities/relay_plain/capable=true/unicode_sender_envelope_only (0.00s)\n"}
2026-10-09T04:10:30.5062643Z {"Time":"2026-10-09T04:10:22.348005273Z","Action":"pass","Package":"tabmail/internal/outbound","Test":"TestExecSMTPUTF8Capabilities/relay_plain/capable=true/unicode_sender_envelope_only","Elapsed":0}
2026-10-09T04:10:30.5063960Z {"Time":"2026-10-09T04:10:22.348050525Z","Action":"run","Package":"tabmail/internal/outbound","Test":"TestExecSMTPUTF8Capabilities/relay_plain/capable=true/unicode_recipient_envelope_only"}
2026-10-09T04:10:30.5065989Z {"Time":"2026-10-09T04:10:22.348061565Z","Action":"output","Package":"tabmail/internal/outbound","Test":"TestExecSMTPUTF8Capabilities/relay_plain/capable=true/unicode_recipient_envelope_only","Output":"=== RUN   TestExecSMTPUTF8Capabilities/relay_plain/capable=true/unicode_recipient_envelope_only\n"}
2026-10-09T04:10:30.5068142Z {"Time":"2026-10-09T04:10:22.35149765Z","Action":"output","Package":"tabmail/internal/outbound","Test":"TestExecSMTPUTF8Capabilities/relay_plain/capable=true/unicode_recipient_envelope_only","Output":"--- PASS: TestExecSMTPUTF8Capabilities/relay_plain/capable=true/unicode_recipient_envelope_only (0.00s)\n"}
2026-10-09T04:10:30.5069907Z {"Time":"2026-10-09T04:10:22.351543155Z","Action":"pass","Package":"tabmail/internal/outbound","Test":"TestExecSMTPUTF8Capabilities/relay_plain/capable=true/unicode_recipient_envelope_only","Elapsed":0}
2026-10-09T04:10:30.5071233Z {"Time":"2026-10-09T04:10:22.351734833Z","Action":"run","Package":"tabmail/internal/outbound","Test":"TestExecSMTPUTF8Capabilities/relay_plain/capable=true/unicode_domain_envelope_only"}
2026-10-09T04:10:30.5072895Z {"Time":"2026-10-09T04:10:22.351745022Z","Action":"output","Package":"tabmail/internal/outbound","Test":"TestExecSMTPUTF8Capabilities/relay_plain/capable=true/unicode_domain_envelope_only","Output":"=== RUN   TestExecSMTPUTF8Capabilities/relay_plain/capable=true/unicode_domain_envelope_only\n"}
2026-10-09T04:10:30.5075198Z {"Time":"2026-10-09T04:10:22.355802047Z","Action":"output","Package":"tabmail/internal/outbound","Test":"TestExecSMTPUTF8Capabilities/relay_plain/capable=true/unicode_domain_envelope_only","Output":"--- PASS: TestExecSMTPUTF8Capabilities/relay_plain/capable=true/unicode_domain_envelope_only (0.00s)\n"}
2026-10-09T04:10:30.5077096Z {"Time":"2026-10-09T04:10:22.3558201Z","Action":"pass","Package":"tabmail/internal/outbound","Test":"TestExecSMTPUTF8Capabilities/relay_plain/capable=true/unicode_domain_envelope_only","Elapsed":0}
2026-10-09T04:10:30.5078363Z {"Time":"2026-10-09T04:10:22.355876686Z","Action":"run","Package":"tabmail/internal/outbound","Test":"TestExecSMTPUTF8Capabilities/relay_plain/capable=true/unicode_last_bcc"}
2026-10-09T04:10:30.5079880Z {"Time":"2026-10-09T04:10:22.355881254Z","Action":"output","Package":"tabmail/internal/outbound","Test":"TestExecSMTPUTF8Capabilities/relay_plain/capable=true/unicode_last_bcc","Output":"=== RUN   TestExecSMTPUTF8Capabilities/relay_plain/capable=true/unicode_last_bcc\n"}
2026-10-09T04:10:30.5081766Z {"Time":"2026-10-09T04:10:22.359180203Z","Action":"output","Package":"tabmail/internal/outbound","Test":"TestExecSMTPUTF8Capabilities/relay_plain/capable=true/unicode_last_bcc","Output":"--- PASS: TestExecSMTPUTF8Capabilities/relay_plain/capable=true/unicode_last_bcc (0.00s)\n"}
2026-10-09T04:10:30.5083360Z {"Time":"2026-10-09T04:10:22.359208246Z","Action":"pass","Package":"tabmail/internal/outbound","Test":"TestExecSMTPUTF8Capabilities/relay_plain/capable=true/unicode_last_bcc","Elapsed":0}
2026-10-09T04:10:30.5084609Z {"Time":"2026-10-09T04:10:22.359236007Z","Action":"run","Package":"tabmail/internal/outbound","Test":"TestExecSMTPUTF8Capabilities/relay_plain/capable=true/unicode_top_level_header"}
2026-10-09T04:10:30.5086586Z {"Time":"2026-10-09T04:10:22.359239754Z","Action":"output","Package":"tabmail/internal/outbound","Test":"TestExecSMTPUTF8Capabilities/relay_plain/capable=true/unicode_top_level_header","Output":"=== RUN   TestExecSMTPUTF8Capabilities/relay_plain/capable=true/unicode_top_level_header\n"}
2026-10-09T04:10:30.5088578Z {"Time":"2026-10-09T04:10:22.36391867Z","Action":"output","Package":"tabmail/internal/outbound","Test":"TestExecSMTPUTF8Capabilities/relay_plain/capable=true/unicode_top_level_header","Output":"--- PASS: TestExecSMTPUTF8Capabilities/relay_plain/capable=true/unicode_top_level_header (0.00s)\n"}
2026-10-09T04:10:30.5090249Z {"Time":"2026-10-09T04:10:22.363936724Z","Action":"pass","Package":"tabmail/internal/outbound","Test":"TestExecSMTPUTF8Capabilities/relay_plain/capable=true/unicode_top_level_header","Elapsed":0}
2026-10-09T04:10:30.5091566Z {"Time":"2026-10-09T04:10:22.363963153Z","Action":"run","Package":"tabmail/internal/outbound","Test":"TestExecSMTPUTF8Capabilities/relay_plain/capable=true/encoded_headers_body_and_attachment"}
2026-10-09T04:10:30.5093297Z {"Time":"2026-10-09T04:10:22.36396702Z","Action":"output","Package":"tabmail/internal/outbound","Test":"TestExecSMTPUTF8Capabilities/relay_plain/capable=true/encoded_headers_body_and_attachment","Output":"=== RUN   TestExecSMTPUTF8Capabilities/relay_plain/capable=true/encoded_headers_body_and_attachment\n"}
2026-10-09T04:10:30.5095693Z {"Time":"2026-10-09T04:10:22.367529201Z","Action":"output","Package":"tabmail/internal/outbound","Test":"TestExecSMTPUTF8Capabilities/relay_plain/capable=true/encoded_headers_body_and_attachment","Output":"--- PASS: TestExecSMTPUTF8Capabilities/relay_plain/capable=true/encoded_headers_body_and_attachment (0.00s)\n"}
2026-10-09T04:10:30.5097509Z {"Time":"2026-10-09T04:10:22.367557584Z","Action":"pass","Package":"tabmail/internal/outbound","Test":"TestExecSMTPUTF8Capabilities/relay_plain/capable=true/encoded_headers_body_and_attachment","Elapsed":0}
2026-10-09T04:10:30.5098810Z {"Time":"2026-10-09T04:10:22.367597618Z","Action":"run","Package":"tabmail/internal/outbound","Test":"TestExecSMTPUTF8Capabilities/relay_plain/capable=true/eight_bit_body_only"}
2026-10-09T04:10:30.5100359Z {"Time":"2026-10-09T04:10:22.367602658Z","Action":"output","Package":"tabmail/internal/outbound","Test":"TestExecSMTPUTF8Capabilities/relay_plain/capable=true/eight_bit_body_only","Output":"=== RUN   TestExecSMTPUTF8Capabilities/relay_plain/capable=true/eight_bit_body_only\n"}
2026-10-09T04:10:30.5102429Z {"Time":"2026-10-09T04:10:22.371036439Z","Action":"output","Package":"tabmail/internal/outbound","Test":"TestExecSMTPUTF8Capabilities/relay_plain/capable=true/eight_bit_body_only","Output":"--- PASS: TestExecSMTPUTF8Capabilities/relay_plain/capable=true/eight_bit_body_only (0.00s)\n"}
2026-10-09T04:10:30.5104050Z {"Time":"2026-10-09T04:10:22.371055995Z","Action":"pass","Package":"tabmail/internal/outbound","Test":"TestExecSMTPUTF8Capabilities/relay_plain/capable=true/eight_bit_body_only","Elapsed":0}
2026-10-09T04:10:30.5105633Z {"Time":"2026-10-09T04:10:22.371106069Z","Action":"run","Package":"tabmail/internal/outbound","Test":"TestExecSMTPUTF8Capabilities/relay_implicit_tls/capable=false/ascii_quoted_alabel"}
2026-10-09T04:10:30.5107292Z {"Time":"2026-10-09T04:10:22.371115256Z","Action":"output","Package":"tabmail/internal/outbound","Test":"TestExecSMTPUTF8Capabilities/relay_implicit_tls/capable=false/ascii_quoted_alabel","Output":"=== RUN   TestExecSMTPUTF8Capabilities/relay_implicit_tls/capable=false/ascii_quoted_alabel\n"}
2026-10-09T04:10:30.5109338Z {"Time":"2026-10-09T04:10:22.38131457Z","Action":"output","Package":"tabmail/internal/outbound","Test":"TestExecSMTPUTF8Capabilities/relay_implicit_tls/capable=false/ascii_quoted_alabel","Output":"--- PASS: TestExecSMTPUTF8Capabilities/relay_implicit_tls/capable=false/ascii_quoted_alabel (0.01s)\n"}
2026-10-09T04:10:30.5111188Z {"Time":"2026-10-09T04:10:22.381337984Z","Action":"pass","Package":"tabmail/internal/outbound","Test":"TestExecSMTPUTF8Capabilities/relay_implicit_tls/capable=false/ascii_quoted_alabel","Elapsed":0.01}
2026-10-09T04:10:30.5112520Z {"Time":"2026-10-09T04:10:22.381357661Z","Action":"run","Package":"tabmail/internal/outbound","Test":"TestExecSMTPUTF8Capabilities/relay_implicit_tls/capable=false/unicode_sender_envelope_only"}
2026-10-09T04:10:30.5114261Z {"Time":"2026-10-09T04:10:22.381364273Z","Action":"output","Package":"tabmail/internal/outbound","Test":"TestExecSMTPUTF8Capabilities/relay_implicit_tls/capable=false/unicode_sender_envelope_only","Output":"=== RUN   TestExecSMTPUTF8Capabilities/relay_implicit_tls/capable=false/unicode_sender_envelope_only\n"}
2026-10-09T04:10:30.5116668Z {"Time":"2026-10-09T04:10:22.392395498Z","Action":"output","Package":"tabmail/internal/outbound","Test":"TestExecSMTPUTF8Capabilities/relay_implicit_tls/capable=false/unicode_sender_envelope_only","Output":"    r5_exec_smtputf8_test.go:340: SMTPUTF8 requirement must produce a local pre-send error, got \u003cnil\u003e\n"}
2026-10-09T04:10:30.5119520Z {"Time":"2026-10-09T04:10:22.392453025Z","Action":"output","Package":"tabmail/internal/outbound","Test":"TestExecSMTPUTF8Capabilities/relay_implicit_tls/capable=false/unicode_sender_envelope_only","Output":"    r5_exec_smtputf8_test.go:340: EXEC09_SENT_WITHOUT_SMTPUTF8 MAIL=[\"MAIL FROM:\u003c发送者@example.test\u003e BODY=8BITMIME\"] RCPT=[\"RCPT TO:\u003creader@recipient.test\u003e\"] DATA=1 body_bytes=298\n"}
2026-10-09T04:10:30.5122036Z {"Time":"2026-10-09T04:10:22.392583719Z","Action":"output","Package":"tabmail/internal/outbound","Test":"TestExecSMTPUTF8Capabilities/relay_implicit_tls/capable=false/unicode_sender_envelope_only","Output":"--- FAIL: TestExecSMTPUTF8Capabilities/relay_implicit_tls/capable=false/unicode_sender_envelope_only (0.01s)\n"}
2026-10-09T04:10:30.5123847Z {"Time":"2026-10-09T04:10:22.39260568Z","Action":"fail","Package":"tabmail/internal/outbound","Test":"TestExecSMTPUTF8Capabilities/relay_implicit_tls/capable=false/unicode_sender_envelope_only","Elapsed":0.01}
2026-10-09T04:10:30.5125486Z {"Time":"2026-10-09T04:10:22.392657016Z","Action":"run","Package":"tabmail/internal/outbound","Test":"TestExecSMTPUTF8Capabilities/relay_implicit_tls/capable=false/unicode_recipient_envelope_only"}
2026-10-09T04:10:30.5127284Z {"Time":"2026-10-09T04:10:22.392665472Z","Action":"output","Package":"tabmail/internal/outbound","Test":"TestExecSMTPUTF8Capabilities/relay_implicit_tls/capable=false/unicode_recipient_envelope_only","Output":"=== RUN   TestExecSMTPUTF8Capabilities/relay_implicit_tls/capable=false/unicode_recipient_envelope_only\n"}
2026-10-09T04:10:30.5129621Z {"Time":"2026-10-09T04:10:22.402186016Z","Action":"output","Package":"tabmail/internal/outbound","Test":"TestExecSMTPUTF8Capabilities/relay_implicit_tls/capable=false/unicode_recipient_envelope_only","Output":"    r5_exec_smtputf8_test.go:340: SMTPUTF8 requirement must produce a local pre-send error, got \u003cnil\u003e\n"}
2026-10-09T04:10:30.5132428Z {"Time":"2026-10-09T04:10:22.40223055Z","Action":"output","Package":"tabmail/internal/outbound","Test":"TestExecSMTPUTF8Capabilities/relay_implicit_tls/capable=false/unicode_recipient_envelope_only","Output":"    r5_exec_smtputf8_test.go:340: EXEC09_SENT_WITHOUT_SMTPUTF8 MAIL=[\"MAIL FROM:\u003csender@example.test\u003e BODY=8BITMIME\"] RCPT=[\"RCPT TO:\u003c收件人@recipient.test\u003e\"] DATA=1 body_bytes=298\n"}
2026-10-09T04:10:30.5135064Z {"Time":"2026-10-09T04:10:22.402308876Z","Action":"output","Package":"tabmail/internal/outbound","Test":"TestExecSMTPUTF8Capabilities/relay_implicit_tls/capable=false/unicode_recipient_envelope_only","Output":"--- FAIL: TestExecSMTPUTF8Capabilities/relay_implicit_tls/capable=false/unicode_recipient_envelope_only (0.01s)\n"}
2026-10-09T04:10:30.5136930Z {"Time":"2026-10-09T04:10:22.402358458Z","Action":"fail","Package":"tabmail/internal/outbound","Test":"TestExecSMTPUTF8Capabilities/relay_implicit_tls/capable=false/unicode_recipient_envelope_only","Elapsed":0.01}
2026-10-09T04:10:30.5138471Z {"Time":"2026-10-09T04:10:22.402384868Z","Action":"run","Package":"tabmail/internal/outbound","Test":"TestExecSMTPUTF8Capabilities/relay_implicit_tls/capable=false/unicode_domain_envelope_only"}
2026-10-09T04:10:30.5140224Z {"Time":"2026-10-09T04:10:22.402389747Z","Action":"output","Package":"tabmail/internal/outbound","Test":"TestExecSMTPUTF8Capabilities/relay_implicit_tls/capable=false/unicode_domain_envelope_only","Output":"=== RUN   TestExecSMTPUTF8Capabilities/relay_implicit_tls/capable=false/unicode_domain_envelope_only\n"}
2026-10-09T04:10:30.5142413Z {"Time":"2026-10-09T04:10:22.412122295Z","Action":"output","Package":"tabmail/internal/outbound","Test":"TestExecSMTPUTF8Capabilities/relay_implicit_tls/capable=false/unicode_domain_envelope_only","Output":"    r5_exec_smtputf8_test.go:340: SMTPUTF8 requirement must produce a local pre-send error, got \u003cnil\u003e\n"}
2026-10-09T04:10:30.5145532Z {"Time":"2026-10-09T04:10:22.412161818Z","Action":"output","Package":"tabmail/internal/outbound","Test":"TestExecSMTPUTF8Capabilities/relay_implicit_tls/capable=false/unicode_domain_envelope_only","Output":"    r5_exec_smtputf8_test.go:340: EXEC09_SENT_WITHOUT_SMTPUTF8 MAIL=[\"MAIL FROM:\u003csender@example.test\u003e BODY=8BITMIME\"] RCPT=[\"RCPT TO:\u003creader@例子.test\u003e\"] DATA=1 body_bytes=298\n"}
2026-10-09T04:10:30.5148011Z {"Time":"2026-10-09T04:10:22.41223882Z","Action":"output","Package":"tabmail/internal/outbound","Test":"TestExecSMTPUTF8Capabilities/relay_implicit_tls/capable=false/unicode_domain_envelope_only","Output":"--- FAIL: TestExecSMTPUTF8Capabilities/relay_implicit_tls/capable=false/unicode_domain_envelope_only (0.01s)\n"}
2026-10-09T04:10:30.5149840Z {"Time":"2026-10-09T04:10:22.412270166Z","Action":"fail","Package":"tabmail/internal/outbound","Test":"TestExecSMTPUTF8Capabilities/relay_implicit_tls/capable=false/unicode_domain_envelope_only","Elapsed":0.01}
2026-10-09T04:10:30.5151171Z {"Time":"2026-10-09T04:10:22.412301522Z","Action":"run","Package":"tabmail/internal/outbound","Test":"TestExecSMTPUTF8Capabilities/relay_implicit_tls/capable=false/unicode_last_bcc"}
2026-10-09T04:10:30.5152797Z {"Time":"2026-10-09T04:10:22.412306723Z","Action":"output","Package":"tabmail/internal/outbound","Test":"TestExecSMTPUTF8Capabilities/relay_implicit_tls/capable=false/unicode_last_bcc","Output":"=== RUN   TestExecSMTPUTF8Capabilities/relay_implicit_tls/capable=false/unicode_last_bcc\n"}
2026-10-09T04:10:30.5154833Z {"Time":"2026-10-09T04:10:22.42202695Z","Action":"output","Package":"tabmail/internal/outbound","Test":"TestExecSMTPUTF8Capabilities/relay_implicit_tls/capable=false/unicode_last_bcc","Output":"    r5_exec_smtputf8_test.go:340: SMTPUTF8 requirement must produce a local pre-send error, got \u003cnil\u003e\n"}
2026-10-09T04:10:30.5157979Z {"Time":"2026-10-09T04:10:22.422051431Z","Action":"output","Package":"tabmail/internal/outbound","Test":"TestExecSMTPUTF8Capabilities/relay_implicit_tls/capable=false/unicode_last_bcc","Output":"    r5_exec_smtputf8_test.go:340: EXEC09_SENT_WITHOUT_SMTPUTF8 MAIL=[\"MAIL FROM:\u003csender@example.test\u003e BODY=8BITMIME\"] RCPT=[\"RCPT TO:\u003creader@recipient.test\u003e\" \"RCPT TO:\u003c\\\"信箱 @ 帮助台\\\"@recipient.test\u003e\"] DATA=1 body_bytes=298\n"}
2026-10-09T04:10:30.5160508Z {"Time":"2026-10-09T04:10:22.422128033Z","Action":"output","Package":"tabmail/internal/outbound","Test":"TestExecSMTPUTF8Capabilities/relay_implicit_tls/capable=false/unicode_last_bcc","Output":"--- FAIL: TestExecSMTPUTF8Capabilities/relay_implicit_tls/capable=false/unicode_last_bcc (0.01s)\n"}
2026-10-09T04:10:30.5162191Z {"Time":"2026-10-09T04:10:22.42214569Z","Action":"fail","Package":"tabmail/internal/outbound","Test":"TestExecSMTPUTF8Capabilities/relay_implicit_tls/capable=false/unicode_last_bcc","Elapsed":0.01}
2026-10-09T04:10:30.5163515Z {"Time":"2026-10-09T04:10:22.422206177Z","Action":"run","Package":"tabmail/internal/outbound","Test":"TestExecSMTPUTF8Capabilities/relay_implicit_tls/capable=false/unicode_top_level_header"}
2026-10-09T04:10:30.5165582Z {"Time":"2026-10-09T04:10:22.422214755Z","Action":"output","Package":"tabmail/internal/outbound","Test":"TestExecSMTPUTF8Capabilities/relay_implicit_tls/capable=false/unicode_top_level_header","Output":"=== RUN   TestExecSMTPUTF8Capabilities/relay_implicit_tls/capable=false/unicode_top_level_header\n"}
2026-10-09T04:10:30.5167770Z {"Time":"2026-10-09T04:10:22.432142603Z","Action":"output","Package":"tabmail/internal/outbound","Test":"TestExecSMTPUTF8Capabilities/relay_implicit_tls/capable=false/unicode_top_level_header","Output":"    r5_exec_smtputf8_test.go:340: SMTPUTF8 requirement must produce a local pre-send error, got \u003cnil\u003e\n"}
2026-10-09T04:10:30.5170238Z {"Time":"2026-10-09T04:10:22.432219966Z","Action":"output","Package":"tabmail/internal/outbound","Test":"TestExecSMTPUTF8Capabilities/relay_implicit_tls/capable=false/unicode_top_level_header","Output":"    r5_exec_smtputf8_test.go:340: EXEC09_SENT_WITHOUT_SMTPUTF8 MAIL=[\"MAIL FROM:\u003csender@example.test\u003e BODY=8BITMIME\"] RCPT=[\"RCPT TO:\u003creader@recipient.test\u003e\"] DATA=1 body_bytes=324\n"}
2026-10-09T04:10:30.5172679Z {"Time":"2026-10-09T04:10:22.432341733Z","Action":"output","Package":"tabmail/internal/outbound","Test":"TestExecSMTPUTF8Capabilities/relay_implicit_tls/capable=false/unicode_top_level_header","Output":"--- FAIL: TestExecSMTPUTF8Capabilities/relay_implicit_tls/capable=false/unicode_top_level_header (0.01s)\n"}
2026-10-09T04:10:30.5174446Z {"Time":"2026-10-09T04:10:22.4323546Z","Action":"fail","Package":"tabmail/internal/outbound","Test":"TestExecSMTPUTF8Capabilities/relay_implicit_tls/capable=false/unicode_top_level_header","Elapsed":0.01}
2026-10-09T04:10:30.5176093Z {"Time":"2026-10-09T04:10:22.432412548Z","Action":"run","Package":"tabmail/internal/outbound","Test":"TestExecSMTPUTF8Capabilities/relay_implicit_tls/capable=false/encoded_headers_body_and_attachment"}
2026-10-09T04:10:30.5177922Z {"Time":"2026-10-09T04:10:22.432422178Z","Action":"output","Package":"tabmail/internal/outbound","Test":"TestExecSMTPUTF8Capabilities/relay_implicit_tls/capable=false/encoded_headers_body_and_attachment","Output":"=== RUN   TestExecSMTPUTF8Capabilities/relay_implicit_tls/capable=false/encoded_headers_body_and_attachment\n"}
2026-10-09T04:10:30.5180208Z {"Time":"2026-10-09T04:10:22.444434962Z","Action":"output","Package":"tabmail/internal/outbound","Test":"TestExecSMTPUTF8Capabilities/relay_implicit_tls/capable=false/encoded_headers_body_and_attachment","Output":"--- PASS: TestExecSMTPUTF8Capabilities/relay_implicit_tls/capable=false/encoded_headers_body_and_attachment (0.01s)\n"}
2026-10-09T04:10:30.5182241Z {"Time":"2026-10-09T04:10:22.444465907Z","Action":"pass","Package":"tabmail/internal/outbound","Test":"TestExecSMTPUTF8Capabilities/relay_implicit_tls/capable=false/encoded_headers_body_and_attachment","Elapsed":0.01}
2026-10-09T04:10:30.5183611Z {"Time":"2026-10-09T04:10:22.444476189Z","Action":"run","Package":"tabmail/internal/outbound","Test":"TestExecSMTPUTF8Capabilities/relay_implicit_tls/capable=false/eight_bit_body_only"}
2026-10-09T04:10:30.5185590Z {"Time":"2026-10-09T04:10:22.44448163Z","Action":"output","Package":"tabmail/internal/outbound","Test":"TestExecSMTPUTF8Capabilities/relay_implicit_tls/capable=false/eight_bit_body_only","Output":"=== RUN   TestExecSMTPUTF8Capabilities/relay_implicit_tls/capable=false/eight_bit_body_only\n"}
2026-10-09T04:10:30.5187647Z {"Time":"2026-10-09T04:10:22.454226022Z","Action":"output","Package":"tabmail/internal/outbound","Test":"TestExecSMTPUTF8Capabilities/relay_implicit_tls/capable=false/eight_bit_body_only","Output":"--- PASS: TestExecSMTPUTF8Capabilities/relay_implicit_tls/capable=false/eight_bit_body_only (0.01s)\n"}
2026-10-09T04:10:30.5189365Z {"Time":"2026-10-09T04:10:22.454254742Z","Action":"pass","Package":"tabmail/internal/outbound","Test":"TestExecSMTPUTF8Capabilities/relay_implicit_tls/capable=false/eight_bit_body_only","Elapsed":0.01}
2026-10-09T04:10:30.5190674Z {"Time":"2026-10-09T04:10:22.454267529Z","Action":"run","Package":"tabmail/internal/outbound","Test":"TestExecSMTPUTF8Capabilities/relay_implicit_tls/capable=true/ascii_quoted_alabel"}
2026-10-09T04:10:30.5192462Z {"Time":"2026-10-09T04:10:22.454270867Z","Action":"output","Package":"tabmail/internal/outbound","Test":"TestExecSMTPUTF8Capabilities/relay_implicit_tls/capable=true/ascii_quoted_alabel","Output":"=== RUN   TestExecSMTPUTF8Capabilities/relay_implicit_tls/capable=true/ascii_quoted_alabel\n"}
2026-10-09T04:10:30.5194504Z {"Time":"2026-10-09T04:10:22.464329281Z","Action":"output","Package":"tabmail/internal/outbound","Test":"TestExecSMTPUTF8Capabilities/relay_implicit_tls/capable=true/ascii_quoted_alabel","Output":"--- PASS: TestExecSMTPUTF8Capabilities/relay_implicit_tls/capable=true/ascii_quoted_alabel (0.01s)\n"}
2026-10-09T04:10:30.5196351Z {"Time":"2026-10-09T04:10:22.46435277Z","Action":"pass","Package":"tabmail/internal/outbound","Test":"TestExecSMTPUTF8Capabilities/relay_implicit_tls/capable=true/ascii_quoted_alabel","Elapsed":0.01}
2026-10-09T04:10:30.5197726Z {"Time":"2026-10-09T04:10:22.464394558Z","Action":"run","Package":"tabmail/internal/outbound","Test":"TestExecSMTPUTF8Capabilities/relay_implicit_tls/capable=true/unicode_sender_envelope_only"}
2026-10-09T04:10:30.5199468Z {"Time":"2026-10-09T04:10:22.464403297Z","Action":"output","Package":"tabmail/internal/outbound","Test":"TestExecSMTPUTF8Capabilities/relay_implicit_tls/capable=true/unicode_sender_envelope_only","Output":"=== RUN   TestExecSMTPUTF8Capabilities/relay_implicit_tls/capable=true/unicode_sender_envelope_only\n"}
2026-10-09T04:10:30.5201628Z {"Time":"2026-10-09T04:10:22.474321972Z","Action":"output","Package":"tabmail/internal/outbound","Test":"TestExecSMTPUTF8Capabilities/relay_implicit_tls/capable=true/unicode_sender_envelope_only","Output":"--- PASS: TestExecSMTPUTF8Capabilities/relay_implicit_tls/capable=true/unicode_sender_envelope_only (0.01s)\n"}
2026-10-09T04:10:30.5203425Z {"Time":"2026-10-09T04:10:22.474356795Z","Action":"pass","Package":"tabmail/internal/outbound","Test":"TestExecSMTPUTF8Capabilities/relay_implicit_tls/capable=true/unicode_sender_envelope_only","Elapsed":0.01}
2026-10-09T04:10:30.5204799Z {"Time":"2026-10-09T04:10:22.474365603Z","Action":"run","Package":"tabmail/internal/outbound","Test":"TestExecSMTPUTF8Capabilities/relay_implicit_tls/capable=true/unicode_recipient_envelope_only"}
2026-10-09T04:10:30.5206822Z {"Time":"2026-10-09T04:10:22.47436902Z","Action":"output","Package":"tabmail/internal/outbound","Test":"TestExecSMTPUTF8Capabilities/relay_implicit_tls/capable=true/unicode_recipient_envelope_only","Output":"=== RUN   TestExecSMTPUTF8Capabilities/relay_implicit_tls/capable=true/unicode_recipient_envelope_only\n"}
2026-10-09T04:10:30.5209166Z {"Time":"2026-10-09T04:10:22.484527358Z","Action":"output","Package":"tabmail/internal/outbound","Test":"TestExecSMTPUTF8Capabilities/relay_implicit_tls/capable=true/unicode_recipient_envelope_only","Output":"--- PASS: TestExecSMTPUTF8Capabilities/relay_implicit_tls/capable=true/unicode_recipient_envelope_only (0.01s)\n"}
2026-10-09T04:10:30.5211002Z {"Time":"2026-10-09T04:10:22.484554775Z","Action":"pass","Package":"tabmail/internal/outbound","Test":"TestExecSMTPUTF8Capabilities/relay_implicit_tls/capable=true/unicode_recipient_envelope_only","Elapsed":0.01}
2026-10-09T04:10:30.5212381Z {"Time":"2026-10-09T04:10:22.484612644Z","Action":"run","Package":"tabmail/internal/outbound","Test":"TestExecSMTPUTF8Capabilities/relay_implicit_tls/capable=true/unicode_domain_envelope_only"}
2026-10-09T04:10:30.5214105Z {"Time":"2026-10-09T04:10:22.484627396Z","Action":"output","Package":"tabmail/internal/outbound","Test":"TestExecSMTPUTF8Capabilities/relay_implicit_tls/capable=true/unicode_domain_envelope_only","Output":"=== RUN   TestExecSMTPUTF8Capabilities/relay_implicit_tls/capable=true/unicode_domain_envelope_only\n"}
2026-10-09T04:10:30.5216405Z {"Time":"2026-10-09T04:10:22.494316006Z","Action":"output","Package":"tabmail/internal/outbound","Test":"TestExecSMTPUTF8Capabilities/relay_implicit_tls/capable=true/unicode_domain_envelope_only","Output":"--- PASS: TestExecSMTPUTF8Capabilities/relay_implicit_tls/capable=true/unicode_domain_envelope_only (0.01s)\n"}
2026-10-09T04:10:30.5218324Z {"Time":"2026-10-09T04:10:22.494331298Z","Action":"pass","Package":"tabmail/internal/outbound","Test":"TestExecSMTPUTF8Capabilities/relay_implicit_tls/capable=true/unicode_domain_envelope_only","Elapsed":0.01}
2026-10-09T04:10:30.5219638Z {"Time":"2026-10-09T04:10:22.494386434Z","Action":"run","Package":"tabmail/internal/outbound","Test":"TestExecSMTPUTF8Capabilities/relay_implicit_tls/capable=true/unicode_last_bcc"}
2026-10-09T04:10:30.5221236Z {"Time":"2026-10-09T04:10:22.494391224Z","Action":"output","Package":"tabmail/internal/outbound","Test":"TestExecSMTPUTF8Capabilities/relay_implicit_tls/capable=true/unicode_last_bcc","Output":"=== RUN   TestExecSMTPUTF8Capabilities/relay_implicit_tls/capable=true/unicode_last_bcc\n"}
2026-10-09T04:10:30.5223222Z {"Time":"2026-10-09T04:10:22.504074706Z","Action":"output","Package":"tabmail/internal/outbound","Test":"TestExecSMTPUTF8Capabilities/relay_implicit_tls/capable=true/unicode_last_bcc","Output":"--- PASS: TestExecSMTPUTF8Capabilities/relay_implicit_tls/capable=true/unicode_last_bcc (0.01s)\n"}
2026-10-09T04:10:30.5225016Z {"Time":"2026-10-09T04:10:22.504102455Z","Action":"pass","Package":"tabmail/internal/outbound","Test":"TestExecSMTPUTF8Capabilities/relay_implicit_tls/capable=true/unicode_last_bcc","Elapsed":0.01}
2026-10-09T04:10:30.5226484Z {"Time":"2026-10-09T04:10:22.504138891Z","Action":"run","Package":"tabmail/internal/outbound","Test":"TestExecSMTPUTF8Capabilities/relay_implicit_tls/capable=true/unicode_top_level_header"}
2026-10-09T04:10:30.5228169Z {"Time":"2026-10-09T04:10:22.50414292Z","Action":"output","Package":"tabmail/internal/outbound","Test":"TestExecSMTPUTF8Capabilities/relay_implicit_tls/capable=true/unicode_top_level_header","Output":"=== RUN   TestExecSMTPUTF8Capabilities/relay_implicit_tls/capable=true/unicode_top_level_header\n"}
2026-10-09T04:10:30.5230268Z {"Time":"2026-10-09T04:10:22.513788429Z","Action":"output","Package":"tabmail/internal/outbound","Test":"TestExecSMTPUTF8Capabilities/relay_implicit_tls/capable=true/unicode_top_level_header","Output":"--- PASS: TestExecSMTPUTF8Capabilities/relay_implicit_tls/capable=true/unicode_top_level_header (0.01s)\n"}
2026-10-09T04:10:30.5232024Z {"Time":"2026-10-09T04:10:22.513804704Z","Action":"pass","Package":"tabmail/internal/outbound","Test":"TestExecSMTPUTF8Capabilities/relay_implicit_tls/capable=true/unicode_top_level_header","Elapsed":0.01}
2026-10-09T04:10:30.5233398Z {"Time":"2026-10-09T04:10:22.513846952Z","Action":"run","Package":"tabmail/internal/outbound","Test":"TestExecSMTPUTF8Capabilities/relay_implicit_tls/capable=true/encoded_headers_body_and_attachment"}
2026-10-09T04:10:30.5235440Z {"Time":"2026-10-09T04:10:22.513854699Z","Action":"output","Package":"tabmail/internal/outbound","Test":"TestExecSMTPUTF8Capabilities/relay_implicit_tls/capable=true/encoded_headers_body_and_attachment","Output":"=== RUN   TestExecSMTPUTF8Capabilities/relay_implicit_tls/capable=true/encoded_headers_body_and_attachment\n"}
2026-10-09T04:10:30.5237711Z {"Time":"2026-10-09T04:10:22.524715394Z","Action":"output","Package":"tabmail/internal/outbound","Test":"TestExecSMTPUTF8Capabilities/relay_implicit_tls/capable=true/encoded_headers_body_and_attachment","Output":"--- PASS: TestExecSMTPUTF8Capabilities/relay_implicit_tls/capable=true/encoded_headers_body_and_attachment (0.01s)\n"}
2026-10-09T04:10:30.5239590Z {"Time":"2026-10-09T04:10:22.524739986Z","Action":"pass","Package":"tabmail/internal/outbound","Test":"TestExecSMTPUTF8Capabilities/relay_implicit_tls/capable=true/encoded_headers_body_and_attachment","Elapsed":0.01}
2026-10-09T04:10:30.5240951Z {"Time":"2026-10-09T04:10:22.524791014Z","Action":"run","Package":"tabmail/internal/outbound","Test":"TestExecSMTPUTF8Capabilities/relay_implicit_tls/capable=true/eight_bit_body_only"}
2026-10-09T04:10:30.5242584Z {"Time":"2026-10-09T04:10:22.52479875Z","Action":"output","Package":"tabmail/internal/outbound","Test":"TestExecSMTPUTF8Capabilities/relay_implicit_tls/capable=true/eight_bit_body_only","Output":"=== RUN   TestExecSMTPUTF8Capabilities/relay_implicit_tls/capable=true/eight_bit_body_only\n"}
2026-10-09T04:10:30.5244770Z {"Time":"2026-10-09T04:10:22.534563791Z","Action":"output","Package":"tabmail/internal/outbound","Test":"TestExecSMTPUTF8Capabilities/relay_implicit_tls/capable=true/eight_bit_body_only","Output":"--- PASS: TestExecSMTPUTF8Capabilities/relay_implicit_tls/capable=true/eight_bit_body_only (0.01s)\n"}
2026-10-09T04:10:30.5246708Z {"Time":"2026-10-09T04:10:22.534592301Z","Action":"pass","Package":"tabmail/internal/outbound","Test":"TestExecSMTPUTF8Capabilities/relay_implicit_tls/capable=true/eight_bit_body_only","Elapsed":0.01}
2026-10-09T04:10:30.5248004Z {"Time":"2026-10-09T04:10:22.534600228Z","Action":"run","Package":"tabmail/internal/outbound","Test":"TestExecSMTPUTF8Capabilities/relay_starttls/capable=false/ascii_quoted_alabel"}
2026-10-09T04:10:30.5249607Z {"Time":"2026-10-09T04:10:22.534603655Z","Action":"output","Package":"tabmail/internal/outbound","Test":"TestExecSMTPUTF8Capabilities/relay_starttls/capable=false/ascii_quoted_alabel","Output":"=== RUN   TestExecSMTPUTF8Capabilities/relay_starttls/capable=false/ascii_quoted_alabel\n"}
2026-10-09T04:10:30.5251612Z {"Time":"2026-10-09T04:10:22.545970241Z","Action":"output","Package":"tabmail/internal/outbound","Test":"TestExecSMTPUTF8Capabilities/relay_starttls/capable=false/ascii_quoted_alabel","Output":"--- PASS: TestExecSMTPUTF8Capabilities/relay_starttls/capable=false/ascii_quoted_alabel (0.01s)\n"}
2026-10-09T04:10:30.5253280Z {"Time":"2026-10-09T04:10:22.546003982Z","Action":"pass","Package":"tabmail/internal/outbound","Test":"TestExecSMTPUTF8Capabilities/relay_starttls/capable=false/ascii_quoted_alabel","Elapsed":0.01}
2026-10-09T04:10:30.5254591Z {"Time":"2026-10-09T04:10:22.546010866Z","Action":"run","Package":"tabmail/internal/outbound","Test":"TestExecSMTPUTF8Capabilities/relay_starttls/capable=false/unicode_sender_envelope_only"}
2026-10-09T04:10:30.5256557Z {"Time":"2026-10-09T04:10:22.546014143Z","Action":"output","Package":"tabmail/internal/outbound","Test":"TestExecSMTPUTF8Capabilities/relay_starttls/capable=false/unicode_sender_envelope_only","Output":"=== RUN   TestExecSMTPUTF8Capabilities/relay_starttls/capable=false/unicode_sender_envelope_only\n"}
2026-10-09T04:10:30.5258692Z {"Time":"2026-10-09T04:10:22.556187442Z","Action":"output","Package":"tabmail/internal/outbound","Test":"TestExecSMTPUTF8Capabilities/relay_starttls/capable=false/unicode_sender_envelope_only","Output":"    r5_exec_smtputf8_test.go:340: SMTPUTF8 requirement must produce a local pre-send error, got \u003cnil\u003e\n"}
2026-10-09T04:10:30.5261642Z {"Time":"2026-10-09T04:10:22.556223898Z","Action":"output","Package":"tabmail/internal/outbound","Test":"TestExecSMTPUTF8Capabilities/relay_starttls/capable=false/unicode_sender_envelope_only","Output":"    r5_exec_smtputf8_test.go:340: EXEC09_SENT_WITHOUT_SMTPUTF8 MAIL=[\"MAIL FROM:\u003c发送者@example.test\u003e BODY=8BITMIME\"] RCPT=[\"RCPT TO:\u003creader@recipient.test\u003e\"] DATA=1 body_bytes=298\n"}
2026-10-09T04:10:30.5264088Z {"Time":"2026-10-09T04:10:22.556315942Z","Action":"output","Package":"tabmail/internal/outbound","Test":"TestExecSMTPUTF8Capabilities/relay_starttls/capable=false/unicode_sender_envelope_only","Output":"--- FAIL: TestExecSMTPUTF8Capabilities/relay_starttls/capable=false/unicode_sender_envelope_only (0.01s)\n"}
2026-10-09T04:10:30.5266187Z {"Time":"2026-10-09T04:10:22.556359734Z","Action":"fail","Package":"tabmail/internal/outbound","Test":"TestExecSMTPUTF8Capabilities/relay_starttls/capable=false/unicode_sender_envelope_only","Elapsed":0.01}
2026-10-09T04:10:30.5267585Z {"Time":"2026-10-09T04:10:22.556402604Z","Action":"run","Package":"tabmail/internal/outbound","Test":"TestExecSMTPUTF8Capabilities/relay_starttls/capable=false/unicode_recipient_envelope_only"}
2026-10-09T04:10:30.5269320Z {"Time":"2026-10-09T04:10:22.556406192Z","Action":"output","Package":"tabmail/internal/outbound","Test":"TestExecSMTPUTF8Capabilities/relay_starttls/capable=false/unicode_recipient_envelope_only","Output":"=== RUN   TestExecSMTPUTF8Capabilities/relay_starttls/capable=false/unicode_recipient_envelope_only\n"}
2026-10-09T04:10:30.5271636Z {"Time":"2026-10-09T04:10:22.566580505Z","Action":"output","Package":"tabmail/internal/outbound","Test":"TestExecSMTPUTF8Capabilities/relay_starttls/capable=false/unicode_recipient_envelope_only","Output":"    r5_exec_smtputf8_test.go:340: SMTPUTF8 requirement must produce a local pre-send error, got \u003cnil\u003e\n"}
2026-10-09T04:10:30.5274413Z {"Time":"2026-10-09T04:10:22.566615459Z","Action":"output","Package":"tabmail/internal/outbound","Test":"TestExecSMTPUTF8Capabilities/relay_starttls/capable=false/unicode_recipient_envelope_only","Output":"    r5_exec_smtputf8_test.go:340: EXEC09_SENT_WITHOUT_SMTPUTF8 MAIL=[\"MAIL FROM:\u003csender@example.test\u003e BODY=8BITMIME\"] RCPT=[\"RCPT TO:\u003c收件人@recipient.test\u003e\"] DATA=1 body_bytes=298\n"}
2026-10-09T04:10:30.5277035Z {"Time":"2026-10-09T04:10:22.56671604Z","Action":"output","Package":"tabmail/internal/outbound","Test":"TestExecSMTPUTF8Capabilities/relay_starttls/capable=false/unicode_recipient_envelope_only","Output":"--- FAIL: TestExecSMTPUTF8Capabilities/relay_starttls/capable=false/unicode_recipient_envelope_only (0.01s)\n"}
2026-10-09T04:10:30.5278848Z {"Time":"2026-10-09T04:10:22.566728437Z","Action":"fail","Package":"tabmail/internal/outbound","Test":"TestExecSMTPUTF8Capabilities/relay_starttls/capable=false/unicode_recipient_envelope_only","Elapsed":0.01}
2026-10-09T04:10:30.5280200Z {"Time":"2026-10-09T04:10:22.566784615Z","Action":"run","Package":"tabmail/internal/outbound","Test":"TestExecSMTPUTF8Capabilities/relay_starttls/capable=false/unicode_domain_envelope_only"}
2026-10-09T04:10:30.5281915Z {"Time":"2026-10-09T04:10:22.566793062Z","Action":"output","Package":"tabmail/internal/outbound","Test":"TestExecSMTPUTF8Capabilities/relay_starttls/capable=false/unicode_domain_envelope_only","Output":"=== RUN   TestExecSMTPUTF8Capabilities/relay_starttls/capable=false/unicode_domain_envelope_only\n"}
2026-10-09T04:10:30.5284046Z {"Time":"2026-10-09T04:10:22.576830149Z","Action":"output","Package":"tabmail/internal/outbound","Test":"TestExecSMTPUTF8Capabilities/relay_starttls/capable=false/unicode_domain_envelope_only","Output":"    r5_exec_smtputf8_test.go:340: SMTPUTF8 requirement must produce a local pre-send error, got \u003cnil\u003e\n"}
2026-10-09T04:10:30.5287030Z {"Time":"2026-10-09T04:10:22.576850842Z","Action":"output","Package":"tabmail/internal/outbound","Test":"TestExecSMTPUTF8Capabilities/relay_starttls/capable=false/unicode_domain_envelope_only","Output":"    r5_exec_smtputf8_test.go:340: EXEC09_SENT_WITHOUT_SMTPUTF8 MAIL=[\"MAIL FROM:\u003csender@example.test\u003e BODY=8BITMIME\"] RCPT=[\"RCPT TO:\u003creader@例子.test\u003e\"] DATA=1 body_bytes=298\n"}
2026-10-09T04:10:30.5289454Z {"Time":"2026-10-09T04:10:22.576918124Z","Action":"output","Package":"tabmail/internal/outbound","Test":"TestExecSMTPUTF8Capabilities/relay_starttls/capable=false/unicode_domain_envelope_only","Output":"--- FAIL: TestExecSMTPUTF8Capabilities/relay_starttls/capable=false/unicode_domain_envelope_only (0.01s)\n"}
2026-10-09T04:10:30.5291235Z {"Time":"2026-10-09T04:10:22.576946203Z","Action":"fail","Package":"tabmail/internal/outbound","Test":"TestExecSMTPUTF8Capabilities/relay_starttls/capable=false/unicode_domain_envelope_only","Elapsed":0.01}
2026-10-09T04:10:30.5292530Z {"Time":"2026-10-09T04:10:22.576984985Z","Action":"run","Package":"tabmail/internal/outbound","Test":"TestExecSMTPUTF8Capabilities/relay_starttls/capable=false/unicode_last_bcc"}
2026-10-09T04:10:30.5294098Z {"Time":"2026-10-09T04:10:22.576989555Z","Action":"output","Package":"tabmail/internal/outbound","Test":"TestExecSMTPUTF8Capabilities/relay_starttls/capable=false/unicode_last_bcc","Output":"=== RUN   TestExecSMTPUTF8Capabilities/relay_starttls/capable=false/unicode_last_bcc\n"}
2026-10-09T04:10:30.5296218Z {"Time":"2026-10-09T04:10:22.587007666Z","Action":"output","Package":"tabmail/internal/outbound","Test":"TestExecSMTPUTF8Capabilities/relay_starttls/capable=false/unicode_last_bcc","Output":"    r5_exec_smtputf8_test.go:340: SMTPUTF8 requirement must produce a local pre-send error, got \u003cnil\u003e\n"}
2026-10-09T04:10:30.5299234Z {"Time":"2026-10-09T04:10:22.587060998Z","Action":"output","Package":"tabmail/internal/outbound","Test":"TestExecSMTPUTF8Capabilities/relay_starttls/capable=false/unicode_last_bcc","Output":"    r5_exec_smtputf8_test.go:340: EXEC09_SENT_WITHOUT_SMTPUTF8 MAIL=[\"MAIL FROM:\u003csender@example.test\u003e BODY=8BITMIME\"] RCPT=[\"RCPT TO:\u003creader@recipient.test\u003e\" \"RCPT TO:\u003c\\\"信箱 @ 帮助台\\\"@recipient.test\u003e\"] DATA=1 body_bytes=298\n"}
2026-10-09T04:10:30.5301708Z {"Time":"2026-10-09T04:10:22.587139844Z","Action":"output","Package":"tabmail/internal/outbound","Test":"TestExecSMTPUTF8Capabilities/relay_starttls/capable=false/unicode_last_bcc","Output":"--- FAIL: TestExecSMTPUTF8Capabilities/relay_starttls/capable=false/unicode_last_bcc (0.01s)\n"}
2026-10-09T04:10:30.5303479Z {"Time":"2026-10-09T04:10:22.587174007Z","Action":"fail","Package":"tabmail/internal/outbound","Test":"TestExecSMTPUTF8Capabilities/relay_starttls/capable=false/unicode_last_bcc","Elapsed":0.01}
2026-10-09T04:10:30.5305086Z {"Time":"2026-10-09T04:10:22.587214291Z","Action":"run","Package":"tabmail/internal/outbound","Test":"TestExecSMTPUTF8Capabilities/relay_starttls/capable=false/unicode_top_level_header"}
2026-10-09T04:10:30.5306798Z {"Time":"2026-10-09T04:10:22.587218079Z","Action":"output","Package":"tabmail/internal/outbound","Test":"TestExecSMTPUTF8Capabilities/relay_starttls/capable=false/unicode_top_level_header","Output":"=== RUN   TestExecSMTPUTF8Capabilities/relay_starttls/capable=false/unicode_top_level_header\n"}
2026-10-09T04:10:30.5308888Z {"Time":"2026-10-09T04:10:22.596947987Z","Action":"output","Package":"tabmail/internal/outbound","Test":"TestExecSMTPUTF8Capabilities/relay_starttls/capable=false/unicode_top_level_header","Output":"    r5_exec_smtputf8_test.go:340: SMTPUTF8 requirement must produce a local pre-send error, got \u003cnil\u003e\n"}
2026-10-09T04:10:30.5311454Z {"Time":"2026-10-09T04:10:22.596970383Z","Action":"output","Package":"tabmail/internal/outbound","Test":"TestExecSMTPUTF8Capabilities/relay_starttls/capable=false/unicode_top_level_header","Output":"    r5_exec_smtputf8_test.go:340: EXEC09_SENT_WITHOUT_SMTPUTF8 MAIL=[\"MAIL FROM:\u003csender@example.test\u003e BODY=8BITMIME\"] RCPT=[\"RCPT TO:\u003creader@recipient.test\u003e\"] DATA=1 body_bytes=324\n"}
2026-10-09T04:10:30.5314012Z {"Time":"2026-10-09T04:10:22.597085506Z","Action":"output","Package":"tabmail/internal/outbound","Test":"TestExecSMTPUTF8Capabilities/relay_starttls/capable=false/unicode_top_level_header","Output":"--- FAIL: TestExecSMTPUTF8Capabilities/relay_starttls/capable=false/unicode_top_level_header (0.01s)\n"}
2026-10-09T04:10:30.5316288Z {"Time":"2026-10-09T04:10:22.597101931Z","Action":"fail","Package":"tabmail/internal/outbound","Test":"TestExecSMTPUTF8Capabilities/relay_starttls/capable=false/unicode_top_level_header","Elapsed":0.01}
2026-10-09T04:10:30.5317660Z {"Time":"2026-10-09T04:10:22.597155403Z","Action":"run","Package":"tabmail/internal/outbound","Test":"TestExecSMTPUTF8Capabilities/relay_starttls/capable=false/encoded_headers_body_and_attachment"}
2026-10-09T04:10:30.5319439Z {"Time":"2026-10-09T04:10:22.597163641Z","Action":"output","Package":"tabmail/internal/outbound","Test":"TestExecSMTPUTF8Capabilities/relay_starttls/capable=false/encoded_headers_body_and_attachment","Output":"=== RUN   TestExecSMTPUTF8Capabilities/relay_starttls/capable=false/encoded_headers_body_and_attachment\n"}
2026-10-09T04:10:30.5321676Z {"Time":"2026-10-09T04:10:22.607745163Z","Action":"output","Package":"tabmail/internal/outbound","Test":"TestExecSMTPUTF8Capabilities/relay_starttls/capable=false/encoded_headers_body_and_attachment","Output":"--- PASS: TestExecSMTPUTF8Capabilities/relay_starttls/capable=false/encoded_headers_body_and_attachment (0.01s)\n"}
2026-10-09T04:10:30.5323685Z {"Time":"2026-10-09T04:10:22.607772992Z","Action":"pass","Package":"tabmail/internal/outbound","Test":"TestExecSMTPUTF8Capabilities/relay_starttls/capable=false/encoded_headers_body_and_attachment","Elapsed":0.01}
2026-10-09T04:10:30.5325179Z {"Time":"2026-10-09T04:10:22.607783053Z","Action":"run","Package":"tabmail/internal/outbound","Test":"TestExecSMTPUTF8Capabilities/relay_starttls/capable=false/eight_bit_body_only"}
2026-10-09T04:10:30.5326786Z {"Time":"2026-10-09T04:10:22.60778641Z","Action":"output","Package":"tabmail/internal/outbound","Test":"TestExecSMTPUTF8Capabilities/relay_starttls/capable=false/eight_bit_body_only","Output":"=== RUN   TestExecSMTPUTF8Capabilities/relay_starttls/capable=false/eight_bit_body_only\n"}
2026-10-09T04:10:30.5328775Z {"Time":"2026-10-09T04:10:22.617570141Z","Action":"output","Package":"tabmail/internal/outbound","Test":"TestExecSMTPUTF8Capabilities/relay_starttls/capable=false/eight_bit_body_only","Output":"--- PASS: TestExecSMTPUTF8Capabilities/relay_starttls/capable=false/eight_bit_body_only (0.01s)\n"}
2026-10-09T04:10:30.5330466Z {"Time":"2026-10-09T04:10:22.617596476Z","Action":"pass","Package":"tabmail/internal/outbound","Test":"TestExecSMTPUTF8Capabilities/relay_starttls/capable=false/eight_bit_body_only","Elapsed":0.01}
2026-10-09T04:10:30.5331734Z {"Time":"2026-10-09T04:10:22.617625207Z","Action":"run","Package":"tabmail/internal/outbound","Test":"TestExecSMTPUTF8Capabilities/relay_starttls/capable=true/ascii_quoted_alabel"}
2026-10-09T04:10:30.5333320Z {"Time":"2026-10-09T04:10:22.617629886Z","Action":"output","Package":"tabmail/internal/outbound","Test":"TestExecSMTPUTF8Capabilities/relay_starttls/capable=true/ascii_quoted_alabel","Output":"=== RUN   TestExecSMTPUTF8Capabilities/relay_starttls/capable=true/ascii_quoted_alabel\n"}
2026-10-09T04:10:30.5335407Z {"Time":"2026-10-09T04:10:22.627388905Z","Action":"output","Package":"tabmail/internal/outbound","Test":"TestExecSMTPUTF8Capabilities/relay_starttls/capable=true/ascii_quoted_alabel","Output":"--- PASS: TestExecSMTPUTF8Capabilities/relay_starttls/capable=true/ascii_quoted_alabel (0.01s)\n"}
2026-10-09T04:10:30.5337075Z {"Time":"2026-10-09T04:10:22.62741015Z","Action":"pass","Package":"tabmail/internal/outbound","Test":"TestExecSMTPUTF8Capabilities/relay_starttls/capable=true/ascii_quoted_alabel","Elapsed":0.01}
2026-10-09T04:10:30.5338395Z {"Time":"2026-10-09T04:10:22.627431094Z","Action":"run","Package":"tabmail/internal/outbound","Test":"TestExecSMTPUTF8Capabilities/relay_starttls/capable=true/unicode_sender_envelope_only"}
2026-10-09T04:10:30.5340206Z {"Time":"2026-10-09T04:10:22.627437738Z","Action":"output","Package":"tabmail/internal/outbound","Test":"TestExecSMTPUTF8Capabilities/relay_starttls/capable=true/unicode_sender_envelope_only","Output":"=== RUN   TestExecSMTPUTF8Capabilities/relay_starttls/capable=true/unicode_sender_envelope_only\n"}
2026-10-09T04:10:30.5342329Z {"Time":"2026-10-09T04:10:22.638050905Z","Action":"output","Package":"tabmail/internal/outbound","Test":"TestExecSMTPUTF8Capabilities/relay_starttls/capable=true/unicode_sender_envelope_only","Output":"--- PASS: TestExecSMTPUTF8Capabilities/relay_starttls/capable=true/unicode_sender_envelope_only (0.01s)\n"}
2026-10-09T04:10:30.5344098Z {"Time":"2026-10-09T04:10:22.638073863Z","Action":"pass","Package":"tabmail/internal/outbound","Test":"TestExecSMTPUTF8Capabilities/relay_starttls/capable=true/unicode_sender_envelope_only","Elapsed":0.01}
2026-10-09T04:10:30.5345564Z {"Time":"2026-10-09T04:10:22.638099547Z","Action":"run","Package":"tabmail/internal/outbound","Test":"TestExecSMTPUTF8Capabilities/relay_starttls/capable=true/unicode_recipient_envelope_only"}
2026-10-09T04:10:30.5347309Z {"Time":"2026-10-09T04:10:22.638113507Z","Action":"output","Package":"tabmail/internal/outbound","Test":"TestExecSMTPUTF8Capabilities/relay_starttls/capable=true/unicode_recipient_envelope_only","Output":"=== RUN   TestExecSMTPUTF8Capabilities/relay_starttls/capable=true/unicode_recipient_envelope_only\n"}
2026-10-09T04:10:30.5349470Z {"Time":"2026-10-09T04:10:22.648361184Z","Action":"output","Package":"tabmail/internal/outbound","Test":"TestExecSMTPUTF8Capabilities/relay_starttls/capable=true/unicode_recipient_envelope_only","Output":"--- PASS: TestExecSMTPUTF8Capabilities/relay_starttls/capable=true/unicode_recipient_envelope_only (0.01s)\n"}
2026-10-09T04:10:30.5351386Z {"Time":"2026-10-09T04:10:22.648391838Z","Action":"pass","Package":"tabmail/internal/outbound","Test":"TestExecSMTPUTF8Capabilities/relay_starttls/capable=true/unicode_recipient_envelope_only","Elapsed":0.01}
2026-10-09T04:10:30.5352729Z {"Time":"2026-10-09T04:10:22.648405638Z","Action":"run","Package":"tabmail/internal/outbound","Test":"TestExecSMTPUTF8Capabilities/relay_starttls/capable=true/unicode_domain_envelope_only"}
2026-10-09T04:10:30.5354422Z {"Time":"2026-10-09T04:10:22.648409305Z","Action":"output","Package":"tabmail/internal/outbound","Test":"TestExecSMTPUTF8Capabilities/relay_starttls/capable=true/unicode_domain_envelope_only","Output":"=== RUN   TestExecSMTPUTF8Capabilities/relay_starttls/capable=true/unicode_domain_envelope_only\n"}
2026-10-09T04:10:30.5356658Z {"Time":"2026-10-09T04:10:22.658212066Z","Action":"output","Package":"tabmail/internal/outbound","Test":"TestExecSMTPUTF8Capabilities/relay_starttls/capable=true/unicode_domain_envelope_only","Output":"--- PASS: TestExecSMTPUTF8Capabilities/relay_starttls/capable=true/unicode_domain_envelope_only (0.01s)\n"}
2026-10-09T04:10:30.5358412Z {"Time":"2026-10-09T04:10:22.658233812Z","Action":"pass","Package":"tabmail/internal/outbound","Test":"TestExecSMTPUTF8Capabilities/relay_starttls/capable=true/unicode_domain_envelope_only","Elapsed":0.01}
2026-10-09T04:10:30.5359710Z {"Time":"2026-10-09T04:10:22.658262011Z","Action":"run","Package":"tabmail/internal/outbound","Test":"TestExecSMTPUTF8Capabilities/relay_starttls/capable=true/unicode_last_bcc"}
2026-10-09T04:10:30.5361260Z {"Time":"2026-10-09T04:10:22.658266901Z","Action":"output","Package":"tabmail/internal/outbound","Test":"TestExecSMTPUTF8Capabilities/relay_starttls/capable=true/unicode_last_bcc","Output":"=== RUN   TestExecSMTPUTF8Capabilities/relay_starttls/capable=true/unicode_last_bcc\n"}
2026-10-09T04:10:30.5363188Z {"Time":"2026-10-09T04:10:22.668174031Z","Action":"output","Package":"tabmail/internal/outbound","Test":"TestExecSMTPUTF8Capabilities/relay_starttls/capable=true/unicode_last_bcc","Output":"--- PASS: TestExecSMTPUTF8Capabilities/relay_starttls/capable=true/unicode_last_bcc (0.01s)\n"}
2026-10-09T04:10:30.5364813Z {"Time":"2026-10-09T04:10:22.668201569Z","Action":"pass","Package":"tabmail/internal/outbound","Test":"TestExecSMTPUTF8Capabilities/relay_starttls/capable=true/unicode_last_bcc","Elapsed":0.01}
2026-10-09T04:10:30.5366308Z {"Time":"2026-10-09T04:10:22.66821121Z","Action":"run","Package":"tabmail/internal/outbound","Test":"TestExecSMTPUTF8Capabilities/relay_starttls/capable=true/unicode_top_level_header"}
2026-10-09T04:10:30.5367955Z {"Time":"2026-10-09T04:10:22.668216441Z","Action":"output","Package":"tabmail/internal/outbound","Test":"TestExecSMTPUTF8Capabilities/relay_starttls/capable=true/unicode_top_level_header","Output":"=== RUN   TestExecSMTPUTF8Capabilities/relay_starttls/capable=true/unicode_top_level_header\n"}
2026-10-09T04:10:30.5370013Z {"Time":"2026-10-09T04:10:22.678022278Z","Action":"output","Package":"tabmail/internal/outbound","Test":"TestExecSMTPUTF8Capabilities/relay_starttls/capable=true/unicode_top_level_header","Output":"--- PASS: TestExecSMTPUTF8Capabilities/relay_starttls/capable=true/unicode_top_level_header (0.01s)\n"}
2026-10-09T04:10:30.5371721Z {"Time":"2026-10-09T04:10:22.678049415Z","Action":"pass","Package":"tabmail/internal/outbound","Test":"TestExecSMTPUTF8Capabilities/relay_starttls/capable=true/unicode_top_level_header","Elapsed":0.01}
2026-10-09T04:10:30.5373082Z {"Time":"2026-10-09T04:10:22.678088407Z","Action":"run","Package":"tabmail/internal/outbound","Test":"TestExecSMTPUTF8Capabilities/relay_starttls/capable=true/encoded_headers_body_and_attachment"}
2026-10-09T04:10:30.5374963Z {"Time":"2026-10-09T04:10:22.678109191Z","Action":"output","Package":"tabmail/internal/outbound","Test":"TestExecSMTPUTF8Capabilities/relay_starttls/capable=true/encoded_headers_body_and_attachment","Output":"=== RUN   TestExecSMTPUTF8Capabilities/relay_starttls/capable=true/encoded_headers_body_and_attachment\n"}
2026-10-09T04:10:30.5377301Z {"Time":"2026-10-09T04:10:22.689128773Z","Action":"output","Package":"tabmail/internal/outbound","Test":"TestExecSMTPUTF8Capabilities/relay_starttls/capable=true/encoded_headers_body_and_attachment","Output":"--- PASS: TestExecSMTPUTF8Capabilities/relay_starttls/capable=true/encoded_headers_body_and_attachment (0.01s)\n"}
2026-10-09T04:10:30.5379137Z {"Time":"2026-10-09T04:10:22.689152363Z","Action":"pass","Package":"tabmail/internal/outbound","Test":"TestExecSMTPUTF8Capabilities/relay_starttls/capable=true/encoded_headers_body_and_attachment","Elapsed":0.01}
2026-10-09T04:10:30.5380461Z {"Time":"2026-10-09T04:10:22.689163727Z","Action":"run","Package":"tabmail/internal/outbound","Test":"TestExecSMTPUTF8Capabilities/relay_starttls/capable=true/eight_bit_body_only"}
2026-10-09T04:10:30.5382059Z {"Time":"2026-10-09T04:10:22.689169089Z","Action":"output","Package":"tabmail/internal/outbound","Test":"TestExecSMTPUTF8Capabilities/relay_starttls/capable=true/eight_bit_body_only","Output":"=== RUN   TestExecSMTPUTF8Capabilities/relay_starttls/capable=true/eight_bit_body_only\n"}
2026-10-09T04:10:30.5384031Z {"Time":"2026-10-09T04:10:22.698812611Z","Action":"output","Package":"tabmail/internal/outbound","Test":"TestExecSMTPUTF8Capabilities/relay_starttls/capable=true/eight_bit_body_only","Output":"--- PASS: TestExecSMTPUTF8Capabilities/relay_starttls/capable=true/eight_bit_body_only (0.01s)\n"}
2026-10-09T04:10:30.5385805Z {"Time":"2026-10-09T04:10:22.698834177Z","Action":"pass","Package":"tabmail/internal/outbound","Test":"TestExecSMTPUTF8Capabilities/relay_starttls/capable=true/eight_bit_body_only","Elapsed":0.01}
2026-10-09T04:10:30.5387076Z {"Time":"2026-10-09T04:10:22.698843476Z","Action":"run","Package":"tabmail/internal/outbound","Test":"TestExecSMTPUTF8Capabilities/direct_plain/capable=false/ascii_quoted_alabel"}
2026-10-09T04:10:30.5388653Z {"Time":"2026-10-09T04:10:22.698846623Z","Action":"output","Package":"tabmail/internal/outbound","Test":"TestExecSMTPUTF8Capabilities/direct_plain/capable=false/ascii_quoted_alabel","Output":"=== RUN   TestExecSMTPUTF8Capabilities/direct_plain/capable=false/ascii_quoted_alabel\n"}
2026-10-09T04:10:30.5390616Z {"Time":"2026-10-09T04:10:22.701992126Z","Action":"output","Package":"tabmail/internal/outbound","Test":"TestExecSMTPUTF8Capabilities/direct_plain/capable=false/ascii_quoted_alabel","Output":"--- PASS: TestExecSMTPUTF8Capabilities/direct_plain/capable=false/ascii_quoted_alabel (0.00s)\n"}
2026-10-09T04:10:30.5392364Z {"Time":"2026-10-09T04:10:22.702010755Z","Action":"pass","Package":"tabmail/internal/outbound","Test":"TestExecSMTPUTF8Capabilities/direct_plain/capable=false/ascii_quoted_alabel","Elapsed":0}
2026-10-09T04:10:30.5393651Z {"Time":"2026-10-09T04:10:22.702037582Z","Action":"run","Package":"tabmail/internal/outbound","Test":"TestExecSMTPUTF8Capabilities/direct_plain/capable=false/unicode_sender_envelope_only"}
2026-10-09T04:10:30.5395448Z {"Time":"2026-10-09T04:10:22.702046861Z","Action":"output","Package":"tabmail/internal/outbound","Test":"TestExecSMTPUTF8Capabilities/direct_plain/capable=false/unicode_sender_envelope_only","Output":"=== RUN   TestExecSMTPUTF8Capabilities/direct_plain/capable=false/unicode_sender_envelope_only\n"}
2026-10-09T04:10:30.5397610Z {"Time":"2026-10-09T04:10:22.705337119Z","Action":"output","Package":"tabmail/internal/outbound","Test":"TestExecSMTPUTF8Capabilities/direct_plain/capable=false/unicode_sender_envelope_only","Output":"    r5_exec_smtputf8_test.go:340: SMTPUTF8 requirement must produce a local pre-send error, got \u003cnil\u003e\n"}
2026-10-09T04:10:30.5400383Z {"Time":"2026-10-09T04:10:22.705383788Z","Action":"output","Package":"tabmail/internal/outbound","Test":"TestExecSMTPUTF8Capabilities/direct_plain/capable=false/unicode_sender_envelope_only","Output":"    r5_exec_smtputf8_test.go:340: EXEC09_SENT_WITHOUT_SMTPUTF8 MAIL=[\"MAIL FROM:\u003c发送者@example.test\u003e BODY=8BITMIME\"] RCPT=[\"RCPT TO:\u003creader@recipient.test\u003e\"] DATA=1 body_bytes=298\n"}
2026-10-09T04:10:30.5402925Z {"Time":"2026-10-09T04:10:22.705487836Z","Action":"output","Package":"tabmail/internal/outbound","Test":"TestExecSMTPUTF8Capabilities/direct_plain/capable=false/unicode_sender_envelope_only","Output":"--- FAIL: TestExecSMTPUTF8Capabilities/direct_plain/capable=false/unicode_sender_envelope_only (0.00s)\n"}
2026-10-09T04:10:30.5404674Z {"Time":"2026-10-09T04:10:22.705516908Z","Action":"fail","Package":"tabmail/internal/outbound","Test":"TestExecSMTPUTF8Capabilities/direct_plain/capable=false/unicode_sender_envelope_only","Elapsed":0}
2026-10-09T04:10:30.5406134Z {"Time":"2026-10-09T04:10:22.705574439Z","Action":"run","Package":"tabmail/internal/outbound","Test":"TestExecSMTPUTF8Capabilities/direct_plain/capable=false/unicode_recipient_envelope_only"}
2026-10-09T04:10:30.5407858Z {"Time":"2026-10-09T04:10:22.705587837Z","Action":"output","Package":"tabmail/internal/outbound","Test":"TestExecSMTPUTF8Capabilities/direct_plain/capable=false/unicode_recipient_envelope_only","Output":"=== RUN   TestExecSMTPUTF8Capabilities/direct_plain/capable=false/unicode_recipient_envelope_only\n"}
2026-10-09T04:10:30.5410004Z {"Time":"2026-10-09T04:10:22.708898729Z","Action":"output","Package":"tabmail/internal/outbound","Test":"TestExecSMTPUTF8Capabilities/direct_plain/capable=false/unicode_recipient_envelope_only","Output":"    r5_exec_smtputf8_test.go:340: SMTPUTF8 requirement must produce a local pre-send error, got \u003cnil\u003e\n"}
2026-10-09T04:10:30.5412752Z {"Time":"2026-10-09T04:10:22.708944665Z","Action":"output","Package":"tabmail/internal/outbound","Test":"TestExecSMTPUTF8Capabilities/direct_plain/capable=false/unicode_recipient_envelope_only","Output":"    r5_exec_smtputf8_test.go:340: EXEC09_SENT_WITHOUT_SMTPUTF8 MAIL=[\"MAIL FROM:\u003csender@example.test\u003e BODY=8BITMIME\"] RCPT=[\"RCPT TO:\u003c收件人@recipient.test\u003e\"] DATA=1 body_bytes=298\n"}
2026-10-09T04:10:30.5415317Z {"Time":"2026-10-09T04:10:22.709018631Z","Action":"output","Package":"tabmail/internal/outbound","Test":"TestExecSMTPUTF8Capabilities/direct_plain/capable=false/unicode_recipient_envelope_only","Output":"--- FAIL: TestExecSMTPUTF8Capabilities/direct_plain/capable=false/unicode_recipient_envelope_only (0.00s)\n"}
2026-10-09T04:10:30.5417092Z {"Time":"2026-10-09T04:10:22.709028903Z","Action":"fail","Package":"tabmail/internal/outbound","Test":"TestExecSMTPUTF8Capabilities/direct_plain/capable=false/unicode_recipient_envelope_only","Elapsed":0}
2026-10-09T04:10:30.5418547Z {"Time":"2026-10-09T04:10:22.709087616Z","Action":"run","Package":"tabmail/internal/outbound","Test":"TestExecSMTPUTF8Capabilities/direct_plain/capable=false/unicode_domain_envelope_only"}
2026-10-09T04:10:30.5420241Z {"Time":"2026-10-09T04:10:22.709096305Z","Action":"output","Package":"tabmail/internal/outbound","Test":"TestExecSMTPUTF8Capabilities/direct_plain/capable=false/unicode_domain_envelope_only","Output":"=== RUN   TestExecSMTPUTF8Capabilities/direct_plain/capable=false/unicode_domain_envelope_only\n"}
2026-10-09T04:10:30.5422349Z {"Time":"2026-10-09T04:10:22.712391154Z","Action":"output","Package":"tabmail/internal/outbound","Test":"TestExecSMTPUTF8Capabilities/direct_plain/capable=false/unicode_domain_envelope_only","Output":"    r5_exec_smtputf8_test.go:340: SMTPUTF8 requirement must produce a local pre-send error, got \u003cnil\u003e\n"}
2026-10-09T04:10:30.5425221Z {"Time":"2026-10-09T04:10:22.712410776Z","Action":"output","Package":"tabmail/internal/outbound","Test":"TestExecSMTPUTF8Capabilities/direct_plain/capable=false/unicode_domain_envelope_only","Output":"    r5_exec_smtputf8_test.go:340: EXEC09_SENT_WITHOUT_SMTPUTF8 MAIL=[\"MAIL FROM:\u003csender@example.test\u003e BODY=8BITMIME\"] RCPT=[\"RCPT TO:\u003creader@例子.test\u003e\"] DATA=1 body_bytes=298\n"}
2026-10-09T04:10:30.5427761Z {"Time":"2026-10-09T04:10:22.712476324Z","Action":"output","Package":"tabmail/internal/outbound","Test":"TestExecSMTPUTF8Capabilities/direct_plain/capable=false/unicode_domain_envelope_only","Output":"--- FAIL: TestExecSMTPUTF8Capabilities/direct_plain/capable=false/unicode_domain_envelope_only (0.00s)\n"}
2026-10-09T04:10:30.5429515Z {"Time":"2026-10-09T04:10:22.712548456Z","Action":"fail","Package":"tabmail/internal/outbound","Test":"TestExecSMTPUTF8Capabilities/direct_plain/capable=false/unicode_domain_envelope_only","Elapsed":0}
2026-10-09T04:10:30.5430784Z {"Time":"2026-10-09T04:10:22.712563588Z","Action":"run","Package":"tabmail/internal/outbound","Test":"TestExecSMTPUTF8Capabilities/direct_plain/capable=false/unicode_last_bcc"}
2026-10-09T04:10:30.5432332Z {"Time":"2026-10-09T04:10:22.712571955Z","Action":"output","Package":"tabmail/internal/outbound","Test":"TestExecSMTPUTF8Capabilities/direct_plain/capable=false/unicode_last_bcc","Output":"=== RUN   TestExecSMTPUTF8Capabilities/direct_plain/capable=false/unicode_last_bcc\n"}
2026-10-09T04:10:30.5434310Z {"Time":"2026-10-09T04:10:22.715999312Z","Action":"output","Package":"tabmail/internal/outbound","Test":"TestExecSMTPUTF8Capabilities/direct_plain/capable=false/unicode_last_bcc","Output":"    r5_exec_smtputf8_test.go:340: SMTPUTF8 requirement must produce a local pre-send error, got \u003cnil\u003e\n"}
2026-10-09T04:10:30.5437269Z {"Time":"2026-10-09T04:10:22.716021849Z","Action":"output","Package":"tabmail/internal/outbound","Test":"TestExecSMTPUTF8Capabilities/direct_plain/capable=false/unicode_last_bcc","Output":"    r5_exec_smtputf8_test.go:340: EXEC09_SENT_WITHOUT_SMTPUTF8 MAIL=[\"MAIL FROM:\u003csender@example.test\u003e BODY=8BITMIME\"] RCPT=[\"RCPT TO:\u003creader@recipient.test\u003e\" \"RCPT TO:\u003c\\\"信箱 @ 帮助台\\\"@recipient.test\u003e\"] DATA=1 body_bytes=298\n"}
2026-10-09T04:10:30.5439714Z {"Time":"2026-10-09T04:10:22.716100605Z","Action":"output","Package":"tabmail/internal/outbound","Test":"TestExecSMTPUTF8Capabilities/direct_plain/capable=false/unicode_last_bcc","Output":"--- FAIL: TestExecSMTPUTF8Capabilities/direct_plain/capable=false/unicode_last_bcc (0.00s)\n"}
2026-10-09T04:10:30.5441323Z {"Time":"2026-10-09T04:10:22.716152394Z","Action":"fail","Package":"tabmail/internal/outbound","Test":"TestExecSMTPUTF8Capabilities/direct_plain/capable=false/unicode_last_bcc","Elapsed":0}
2026-10-09T04:10:30.5442583Z {"Time":"2026-10-09T04:10:22.716162526Z","Action":"run","Package":"tabmail/internal/outbound","Test":"TestExecSMTPUTF8Capabilities/direct_plain/capable=false/unicode_top_level_header"}
2026-10-09T04:10:30.5444341Z {"Time":"2026-10-09T04:10:22.716167997Z","Action":"output","Package":"tabmail/internal/outbound","Test":"TestExecSMTPUTF8Capabilities/direct_plain/capable=false/unicode_top_level_header","Output":"=== RUN   TestExecSMTPUTF8Capabilities/direct_plain/capable=false/unicode_top_level_header\n"}
2026-10-09T04:10:30.5446518Z {"Time":"2026-10-09T04:10:22.719516528Z","Action":"output","Package":"tabmail/internal/outbound","Test":"TestExecSMTPUTF8Capabilities/direct_plain/capable=false/unicode_top_level_header","Output":"    r5_exec_smtputf8_test.go:340: SMTPUTF8 requirement must produce a local pre-send error, got \u003cnil\u003e\n"}
2026-10-09T04:10:30.5448951Z {"Time":"2026-10-09T04:10:22.719559398Z","Action":"output","Package":"tabmail/internal/outbound","Test":"TestExecSMTPUTF8Capabilities/direct_plain/capable=false/unicode_top_level_header","Output":"    r5_exec_smtputf8_test.go:340: EXEC09_SENT_WITHOUT_SMTPUTF8 MAIL=[\"MAIL FROM:\u003csender@example.test\u003e BODY=8BITMIME\"] RCPT=[\"RCPT TO:\u003creader@recipient.test\u003e\"] DATA=1 body_bytes=324\n"}
2026-10-09T04:10:30.5451336Z {"Time":"2026-10-09T04:10:22.719622942Z","Action":"output","Package":"tabmail/internal/outbound","Test":"TestExecSMTPUTF8Capabilities/direct_plain/capable=false/unicode_top_level_header","Output":"--- FAIL: TestExecSMTPUTF8Capabilities/direct_plain/capable=false/unicode_top_level_header (0.00s)\n"}
2026-10-09T04:10:30.5453029Z {"Time":"2026-10-09T04:10:22.719648025Z","Action":"fail","Package":"tabmail/internal/outbound","Test":"TestExecSMTPUTF8Capabilities/direct_plain/capable=false/unicode_top_level_header","Elapsed":0}
2026-10-09T04:10:30.5455104Z {"Time":"2026-10-09T04:10:22.719689442Z","Action":"run","Package":"tabmail/internal/outbound","Test":"TestExecSMTPUTF8Capabilities/direct_plain/capable=false/encoded_headers_body_and_attachment"}
2026-10-09T04:10:30.5457924Z {"Time":"2026-10-09T04:10:22.719698711Z","Action":"output","Package":"tabmail/internal/outbound","Test":"TestExecSMTPUTF8Capabilities/direct_plain/capable=false/encoded_headers_body_and_attachment","Output":"=== RUN   TestExecSMTPUTF8Capabilities/direct_plain/capable=false/encoded_headers_body_and_attachment\n"}
2026-10-09T04:10:30.5460166Z {"Time":"2026-10-09T04:10:22.723231357Z","Action":"output","Package":"tabmail/internal/outbound","Test":"TestExecSMTPUTF8Capabilities/direct_plain/capable=false/encoded_headers_body_and_attachment","Output":"--- PASS: TestExecSMTPUTF8Capabilities/direct_plain/capable=false/encoded_headers_body_and_attachment (0.00s)\n"}
2026-10-09T04:10:30.5461979Z {"Time":"2026-10-09T04:10:22.7232564Z","Action":"pass","Package":"tabmail/internal/outbound","Test":"TestExecSMTPUTF8Capabilities/direct_plain/capable=false/encoded_headers_body_and_attachment","Elapsed":0}
2026-10-09T04:10:30.5463293Z {"Time":"2026-10-09T04:10:22.723272053Z","Action":"run","Package":"tabmail/internal/outbound","Test":"TestExecSMTPUTF8Capabilities/direct_plain/capable=false/eight_bit_body_only"}
2026-10-09T04:10:30.5465120Z {"Time":"2026-10-09T04:10:22.72327541Z","Action":"output","Package":"tabmail/internal/outbound","Test":"TestExecSMTPUTF8Capabilities/direct_plain/capable=false/eight_bit_body_only","Output":"=== RUN   TestExecSMTPUTF8Capabilities/direct_plain/capable=false/eight_bit_body_only\n"}
2026-10-09T04:10:30.5467142Z {"Time":"2026-10-09T04:10:22.726521595Z","Action":"output","Package":"tabmail/internal/outbound","Test":"TestExecSMTPUTF8Capabilities/direct_plain/capable=false/eight_bit_body_only","Output":"--- PASS: TestExecSMTPUTF8Capabilities/direct_plain/capable=false/eight_bit_body_only (0.00s)\n"}
2026-10-09T04:10:30.5468790Z {"Time":"2026-10-09T04:10:22.726537979Z","Action":"pass","Package":"tabmail/internal/outbound","Test":"TestExecSMTPUTF8Capabilities/direct_plain/capable=false/eight_bit_body_only","Elapsed":0}
2026-10-09T04:10:30.5470033Z {"Time":"2026-10-09T04:10:22.726598337Z","Action":"run","Package":"tabmail/internal/outbound","Test":"TestExecSMTPUTF8Capabilities/direct_plain/capable=true/ascii_quoted_alabel"}
2026-10-09T04:10:30.5471749Z {"Time":"2026-10-09T04:10:22.726606414Z","Action":"output","Package":"tabmail/internal/outbound","Test":"TestExecSMTPUTF8Capabilities/direct_plain/capable=true/ascii_quoted_alabel","Output":"=== RUN   TestExecSMTPUTF8Capabilities/direct_plain/capable=true/ascii_quoted_alabel\n"}
2026-10-09T04:10:30.5473699Z {"Time":"2026-10-09T04:10:22.7299338Z","Action":"output","Package":"tabmail/internal/outbound","Test":"TestExecSMTPUTF8Capabilities/direct_plain/capable=true/ascii_quoted_alabel","Output":"--- PASS: TestExecSMTPUTF8Capabilities/direct_plain/capable=true/ascii_quoted_alabel (0.00s)\n"}
2026-10-09T04:10:30.5475559Z {"Time":"2026-10-09T04:10:22.729949192Z","Action":"pass","Package":"tabmail/internal/outbound","Test":"TestExecSMTPUTF8Capabilities/direct_plain/capable=true/ascii_quoted_alabel","Elapsed":0}
2026-10-09T04:10:30.5476854Z {"Time":"2026-10-09T04:10:22.729985128Z","Action":"run","Package":"tabmail/internal/outbound","Test":"TestExecSMTPUTF8Capabilities/direct_plain/capable=true/unicode_sender_envelope_only"}
2026-10-09T04:10:30.5478520Z {"Time":"2026-10-09T04:10:22.729992513Z","Action":"output","Package":"tabmail/internal/outbound","Test":"TestExecSMTPUTF8Capabilities/direct_plain/capable=true/unicode_sender_envelope_only","Output":"=== RUN   TestExecSMTPUTF8Capabilities/direct_plain/capable=true/unicode_sender_envelope_only\n"}
2026-10-09T04:10:30.5480585Z {"Time":"2026-10-09T04:10:22.733320213Z","Action":"output","Package":"tabmail/internal/outbound","Test":"TestExecSMTPUTF8Capabilities/direct_plain/capable=true/unicode_sender_envelope_only","Output":"--- PASS: TestExecSMTPUTF8Capabilities/direct_plain/capable=true/unicode_sender_envelope_only (0.00s)\n"}
2026-10-09T04:10:30.5482434Z {"Time":"2026-10-09T04:10:22.733335244Z","Action":"pass","Package":"tabmail/internal/outbound","Test":"TestExecSMTPUTF8Capabilities/direct_plain/capable=true/unicode_sender_envelope_only","Elapsed":0}
2026-10-09T04:10:30.5483766Z {"Time":"2026-10-09T04:10:22.733365067Z","Action":"run","Package":"tabmail/internal/outbound","Test":"TestExecSMTPUTF8Capabilities/direct_plain/capable=true/unicode_recipient_envelope_only"}
2026-10-09T04:10:30.5485678Z {"Time":"2026-10-09T04:10:22.733370268Z","Action":"output","Package":"tabmail/internal/outbound","Test":"TestExecSMTPUTF8Capabilities/direct_plain/capable=true/unicode_recipient_envelope_only","Output":"=== RUN   TestExecSMTPUTF8Capabilities/direct_plain/capable=true/unicode_recipient_envelope_only\n"}
2026-10-09T04:10:30.5487802Z {"Time":"2026-10-09T04:10:22.736737414Z","Action":"output","Package":"tabmail/internal/outbound","Test":"TestExecSMTPUTF8Capabilities/direct_plain/capable=true/unicode_recipient_envelope_only","Output":"--- PASS: TestExecSMTPUTF8Capabilities/direct_plain/capable=true/unicode_recipient_envelope_only (0.00s)\n"}
2026-10-09T04:10:30.5489547Z {"Time":"2026-10-09T04:10:22.736755593Z","Action":"pass","Package":"tabmail/internal/outbound","Test":"TestExecSMTPUTF8Capabilities/direct_plain/capable=true/unicode_recipient_envelope_only","Elapsed":0}
2026-10-09T04:10:30.5490868Z {"Time":"2026-10-09T04:10:22.736784333Z","Action":"run","Package":"tabmail/internal/outbound","Test":"TestExecSMTPUTF8Capabilities/direct_plain/capable=true/unicode_domain_envelope_only"}
2026-10-09T04:10:30.5492527Z {"Time":"2026-10-09T04:10:22.736799726Z","Action":"output","Package":"tabmail/internal/outbound","Test":"TestExecSMTPUTF8Capabilities/direct_plain/capable=true/unicode_domain_envelope_only","Output":"=== RUN   TestExecSMTPUTF8Capabilities/direct_plain/capable=true/unicode_domain_envelope_only\n"}
2026-10-09T04:10:30.5494594Z {"Time":"2026-10-09T04:10:22.740246483Z","Action":"output","Package":"tabmail/internal/outbound","Test":"TestExecSMTPUTF8Capabilities/direct_plain/capable=true/unicode_domain_envelope_only","Output":"--- PASS: TestExecSMTPUTF8Capabilities/direct_plain/capable=true/unicode_domain_envelope_only (0.00s)\n"}
2026-10-09T04:10:30.5496592Z {"Time":"2026-10-09T04:10:22.740263379Z","Action":"pass","Package":"tabmail/internal/outbound","Test":"TestExecSMTPUTF8Capabilities/direct_plain/capable=true/unicode_domain_envelope_only","Elapsed":0}
2026-10-09T04:10:30.5498017Z {"Time":"2026-10-09T04:10:22.740305217Z","Action":"run","Package":"tabmail/internal/outbound","Test":"TestExecSMTPUTF8Capabilities/direct_plain/capable=true/unicode_last_bcc"}
2026-10-09T04:10:30.5499567Z {"Time":"2026-10-09T04:10:22.740314226Z","Action":"output","Package":"tabmail/internal/outbound","Test":"TestExecSMTPUTF8Capabilities/direct_plain/capable=true/unicode_last_bcc","Output":"=== RUN   TestExecSMTPUTF8Capabilities/direct_plain/capable=true/unicode_last_bcc\n"}
2026-10-09T04:10:30.5501475Z {"Time":"2026-10-09T04:10:22.743619996Z","Action":"output","Package":"tabmail/internal/outbound","Test":"TestExecSMTPUTF8Capabilities/direct_plain/capable=true/unicode_last_bcc","Output":"--- PASS: TestExecSMTPUTF8Capabilities/direct_plain/capable=true/unicode_last_bcc (0.00s)\n"}
2026-10-09T04:10:30.5503062Z {"Time":"2026-10-09T04:10:22.743637243Z","Action":"pass","Package":"tabmail/internal/outbound","Test":"TestExecSMTPUTF8Capabilities/direct_plain/capable=true/unicode_last_bcc","Elapsed":0}
2026-10-09T04:10:30.5504308Z {"Time":"2026-10-09T04:10:22.743672336Z","Action":"run","Package":"tabmail/internal/outbound","Test":"TestExecSMTPUTF8Capabilities/direct_plain/capable=true/unicode_top_level_header"}
2026-10-09T04:10:30.5506157Z {"Time":"2026-10-09T04:10:22.743680854Z","Action":"output","Package":"tabmail/internal/outbound","Test":"TestExecSMTPUTF8Capabilities/direct_plain/capable=true/unicode_top_level_header","Output":"=== RUN   TestExecSMTPUTF8Capabilities/direct_plain/capable=true/unicode_top_level_header\n"}
2026-10-09T04:10:30.5508302Z {"Time":"2026-10-09T04:10:22.747104667Z","Action":"output","Package":"tabmail/internal/outbound","Test":"TestExecSMTPUTF8Capabilities/direct_plain/capable=true/unicode_top_level_header","Output":"--- PASS: TestExecSMTPUTF8Capabilities/direct_plain/capable=true/unicode_top_level_header (0.00s)\n"}
2026-10-09T04:10:30.5509964Z {"Time":"2026-10-09T04:10:22.747124128Z","Action":"pass","Package":"tabmail/internal/outbound","Test":"TestExecSMTPUTF8Capabilities/direct_plain/capable=true/unicode_top_level_header","Elapsed":0}
2026-10-09T04:10:30.5511283Z {"Time":"2026-10-09T04:10:22.747136003Z","Action":"run","Package":"tabmail/internal/outbound","Test":"TestExecSMTPUTF8Capabilities/direct_plain/capable=true/encoded_headers_body_and_attachment"}
2026-10-09T04:10:30.5513004Z {"Time":"2026-10-09T04:10:22.74713946Z","Action":"output","Package":"tabmail/internal/outbound","Test":"TestExecSMTPUTF8Capabilities/direct_plain/capable=true/encoded_headers_body_and_attachment","Output":"=== RUN   TestExecSMTPUTF8Capabilities/direct_plain/capable=true/encoded_headers_body_and_attachment\n"}
2026-10-09T04:10:30.5515431Z {"Time":"2026-10-09T04:10:22.750714297Z","Action":"output","Package":"tabmail/internal/outbound","Test":"TestExecSMTPUTF8Capabilities/direct_plain/capable=true/encoded_headers_body_and_attachment","Output":"--- PASS: TestExecSMTPUTF8Capabilities/direct_plain/capable=true/encoded_headers_body_and_attachment (0.00s)\n"}
2026-10-09T04:10:30.5517224Z {"Time":"2026-10-09T04:10:22.750894948Z","Action":"pass","Package":"tabmail/internal/outbound","Test":"TestExecSMTPUTF8Capabilities/direct_plain/capable=true/encoded_headers_body_and_attachment","Elapsed":0}
2026-10-09T04:10:30.5518516Z {"Time":"2026-10-09T04:10:22.750906472Z","Action":"run","Package":"tabmail/internal/outbound","Test":"TestExecSMTPUTF8Capabilities/direct_plain/capable=true/eight_bit_body_only"}
2026-10-09T04:10:30.5520787Z {"Time":"2026-10-09T04:10:22.750912164Z","Action":"output","Package":"tabmail/internal/outbound","Test":"TestExecSMTPUTF8Capabilities/direct_plain/capable=true/eight_bit_body_only","Output":"=== RUN   TestExecSMTPUTF8Capabilities/direct_plain/capable=true/eight_bit_body_only\n"}
2026-10-09T04:10:30.5522726Z {"Time":"2026-10-09T04:10:22.754113601Z","Action":"output","Package":"tabmail/internal/outbound","Test":"TestExecSMTPUTF8Capabilities/direct_plain/capable=true/eight_bit_body_only","Output":"--- PASS: TestExecSMTPUTF8Capabilities/direct_plain/capable=true/eight_bit_body_only (0.00s)\n"}
2026-10-09T04:10:30.5524474Z {"Time":"2026-10-09T04:10:22.754132471Z","Action":"pass","Package":"tabmail/internal/outbound","Test":"TestExecSMTPUTF8Capabilities/direct_plain/capable=true/eight_bit_body_only","Elapsed":0}
2026-10-09T04:10:30.5525953Z {"Time":"2026-10-09T04:10:22.75416031Z","Action":"run","Package":"tabmail/internal/outbound","Test":"TestExecSMTPUTF8Capabilities/direct_starttls/capable=false/ascii_quoted_alabel"}
2026-10-09T04:10:30.5527550Z {"Time":"2026-10-09T04:10:22.754169409Z","Action":"output","Package":"tabmail/internal/outbound","Test":"TestExecSMTPUTF8Capabilities/direct_starttls/capable=false/ascii_quoted_alabel","Output":"=== RUN   TestExecSMTPUTF8Capabilities/direct_starttls/capable=false/ascii_quoted_alabel\n"}
2026-10-09T04:10:30.5529530Z {"Time":"2026-10-09T04:10:22.764571311Z","Action":"output","Package":"tabmail/internal/outbound","Test":"TestExecSMTPUTF8Capabilities/direct_starttls/capable=false/ascii_quoted_alabel","Output":"--- PASS: TestExecSMTPUTF8Capabilities/direct_starttls/capable=false/ascii_quoted_alabel (0.01s)\n"}
2026-10-09T04:10:30.5531207Z {"Time":"2026-10-09T04:10:22.764591895Z","Action":"pass","Package":"tabmail/internal/outbound","Test":"TestExecSMTPUTF8Capabilities/direct_starttls/capable=false/ascii_quoted_alabel","Elapsed":0.01}
2026-10-09T04:10:30.5532516Z {"Time":"2026-10-09T04:10:22.764618701Z","Action":"run","Package":"tabmail/internal/outbound","Test":"TestExecSMTPUTF8Capabilities/direct_starttls/capable=false/unicode_sender_envelope_only"}
2026-10-09T04:10:30.5534349Z {"Time":"2026-10-09T04:10:22.76462283Z","Action":"output","Package":"tabmail/internal/outbound","Test":"TestExecSMTPUTF8Capabilities/direct_starttls/capable=false/unicode_sender_envelope_only","Output":"=== RUN   TestExecSMTPUTF8Capabilities/direct_starttls/capable=false/unicode_sender_envelope_only\n"}
2026-10-09T04:10:30.5536807Z {"Time":"2026-10-09T04:10:22.774752418Z","Action":"output","Package":"tabmail/internal/outbound","Test":"TestExecSMTPUTF8Capabilities/direct_starttls/capable=false/unicode_sender_envelope_only","Output":"    r5_exec_smtputf8_test.go:340: SMTPUTF8 requirement must produce a local pre-send error, got \u003cnil\u003e\n"}
2026-10-09T04:10:30.5539655Z {"Time":"2026-10-09T04:10:22.774770286Z","Action":"output","Package":"tabmail/internal/outbound","Test":"TestExecSMTPUTF8Capabilities/direct_starttls/capable=false/unicode_sender_envelope_only","Output":"    r5_exec_smtputf8_test.go:340: EXEC09_SENT_WITHOUT_SMTPUTF8 MAIL=[\"MAIL FROM:\u003c发送者@example.test\u003e BODY=8BITMIME\"] RCPT=[\"RCPT TO:\u003creader@recipient.test\u003e\"] DATA=1 body_bytes=298\n"}
2026-10-09T04:10:30.5542141Z {"Time":"2026-10-09T04:10:22.77486693Z","Action":"output","Package":"tabmail/internal/outbound","Test":"TestExecSMTPUTF8Capabilities/direct_starttls/capable=false/unicode_sender_envelope_only","Output":"--- FAIL: TestExecSMTPUTF8Capabilities/direct_starttls/capable=false/unicode_sender_envelope_only (0.01s)\n"}
2026-10-09T04:10:30.5543938Z {"Time":"2026-10-09T04:10:22.77487674Z","Action":"fail","Package":"tabmail/internal/outbound","Test":"TestExecSMTPUTF8Capabilities/direct_starttls/capable=false/unicode_sender_envelope_only","Elapsed":0.01}
2026-10-09T04:10:30.5545559Z {"Time":"2026-10-09T04:10:22.774919751Z","Action":"run","Package":"tabmail/internal/outbound","Test":"TestExecSMTPUTF8Capabilities/direct_starttls/capable=false/unicode_recipient_envelope_only"}
2026-10-09T04:10:30.5547328Z {"Time":"2026-10-09T04:10:22.774928349Z","Action":"output","Package":"tabmail/internal/outbound","Test":"TestExecSMTPUTF8Capabilities/direct_starttls/capable=false/unicode_recipient_envelope_only","Output":"=== RUN   TestExecSMTPUTF8Capabilities/direct_starttls/capable=false/unicode_recipient_envelope_only\n"}
2026-10-09T04:10:30.5549518Z {"Time":"2026-10-09T04:10:22.786389023Z","Action":"output","Package":"tabmail/internal/outbound","Test":"TestExecSMTPUTF8Capabilities/direct_starttls/capable=false/unicode_recipient_envelope_only","Output":"    r5_exec_smtputf8_test.go:340: SMTPUTF8 requirement must produce a local pre-send error, got \u003cnil\u003e\n"}
2026-10-09T04:10:30.5552426Z {"Time":"2026-10-09T04:10:22.786440602Z","Action":"output","Package":"tabmail/internal/outbound","Test":"TestExecSMTPUTF8Capabilities/direct_starttls/capable=false/unicode_recipient_envelope_only","Output":"    r5_exec_smtputf8_test.go:340: EXEC09_SENT_WITHOUT_SMTPUTF8 MAIL=[\"MAIL FROM:\u003csender@example.test\u003e BODY=8BITMIME\"] RCPT=[\"RCPT TO:\u003c收件人@recipient.test\u003e\"] DATA=1 body_bytes=298\n"}
2026-10-09T04:10:30.5555195Z {"Time":"2026-10-09T04:10:22.786543962Z","Action":"output","Package":"tabmail/internal/outbound","Test":"TestExecSMTPUTF8Capabilities/direct_starttls/capable=false/unicode_recipient_envelope_only","Output":"--- FAIL: TestExecSMTPUTF8Capabilities/direct_starttls/capable=false/unicode_recipient_envelope_only (0.01s)\n"}
2026-10-09T04:10:30.5557053Z {"Time":"2026-10-09T04:10:22.786559565Z","Action":"fail","Package":"tabmail/internal/outbound","Test":"TestExecSMTPUTF8Capabilities/direct_starttls/capable=false/unicode_recipient_envelope_only","Elapsed":0.01}
2026-10-09T04:10:30.5558426Z {"Time":"2026-10-09T04:10:22.7865953Z","Action":"run","Package":"tabmail/internal/outbound","Test":"TestExecSMTPUTF8Capabilities/direct_starttls/capable=false/unicode_domain_envelope_only"}
2026-10-09T04:10:30.5560147Z {"Time":"2026-10-09T04:10:22.786605001Z","Action":"output","Package":"tabmail/internal/outbound","Test":"TestExecSMTPUTF8Capabilities/direct_starttls/capable=false/unicode_domain_envelope_only","Output":"=== RUN   TestExecSMTPUTF8Capabilities/direct_starttls/capable=false/unicode_domain_envelope_only\n"}
2026-10-09T04:10:30.5562450Z {"Time":"2026-10-09T04:10:22.79667788Z","Action":"output","Package":"tabmail/internal/outbound","Test":"TestExecSMTPUTF8Capabilities/direct_starttls/capable=false/unicode_domain_envelope_only","Output":"    r5_exec_smtputf8_test.go:340: SMTPUTF8 requirement must produce a local pre-send error, got \u003cnil\u003e\n"}
2026-10-09T04:10:30.5565412Z {"Time":"2026-10-09T04:10:22.796712102Z","Action":"output","Package":"tabmail/internal/outbound","Test":"TestExecSMTPUTF8Capabilities/direct_starttls/capable=false/unicode_domain_envelope_only","Output":"    r5_exec_smtputf8_test.go:340: EXEC09_SENT_WITHOUT_SMTPUTF8 MAIL=[\"MAIL FROM:\u003csender@example.test\u003e BODY=8BITMIME\"] RCPT=[\"RCPT TO:\u003creader@例子.test\u003e\"] DATA=1 body_bytes=298\n"}
2026-10-09T04:10:30.5567867Z {"Time":"2026-10-09T04:10:22.796811391Z","Action":"output","Package":"tabmail/internal/outbound","Test":"TestExecSMTPUTF8Capabilities/direct_starttls/capable=false/unicode_domain_envelope_only","Output":"--- FAIL: TestExecSMTPUTF8Capabilities/direct_starttls/capable=false/unicode_domain_envelope_only (0.01s)\n"}
2026-10-09T04:10:30.5569665Z {"Time":"2026-10-09T04:10:22.796825952Z","Action":"fail","Package":"tabmail/internal/outbound","Test":"TestExecSMTPUTF8Capabilities/direct_starttls/capable=false/unicode_domain_envelope_only","Elapsed":0.01}
2026-10-09T04:10:30.5570969Z {"Time":"2026-10-09T04:10:22.796883383Z","Action":"run","Package":"tabmail/internal/outbound","Test":"TestExecSMTPUTF8Capabilities/direct_starttls/capable=false/unicode_last_bcc"}
2026-10-09T04:10:30.5572554Z {"Time":"2026-10-09T04:10:22.796891951Z","Action":"output","Package":"tabmail/internal/outbound","Test":"TestExecSMTPUTF8Capabilities/direct_starttls/capable=false/unicode_last_bcc","Output":"=== RUN   TestExecSMTPUTF8Capabilities/direct_starttls/capable=false/unicode_last_bcc\n"}
2026-10-09T04:10:30.5574571Z {"Time":"2026-10-09T04:10:22.806779931Z","Action":"output","Package":"tabmail/internal/outbound","Test":"TestExecSMTPUTF8Capabilities/direct_starttls/capable=false/unicode_last_bcc","Output":"    r5_exec_smtputf8_test.go:340: SMTPUTF8 requirement must produce a local pre-send error, got \u003cnil\u003e\n"}
2026-10-09T04:10:30.5577842Z {"Time":"2026-10-09T04:10:22.806833824Z","Action":"output","Package":"tabmail/internal/outbound","Test":"TestExecSMTPUTF8Capabilities/direct_starttls/capable=false/unicode_last_bcc","Output":"    r5_exec_smtputf8_test.go:340: EXEC09_SENT_WITHOUT_SMTPUTF8 MAIL=[\"MAIL FROM:\u003csender@example.test\u003e BODY=8BITMIME\"] RCPT=[\"RCPT TO:\u003creader@recipient.test\u003e\" \"RCPT TO:\u003c\\\"信箱 @ 帮助台\\\"@recipient.test\u003e\"] DATA=1 body_bytes=298\n"}
2026-10-09T04:10:30.5580346Z {"Time":"2026-10-09T04:10:22.806896326Z","Action":"output","Package":"tabmail/internal/outbound","Test":"TestExecSMTPUTF8Capabilities/direct_starttls/capable=false/unicode_last_bcc","Output":"--- FAIL: TestExecSMTPUTF8Capabilities/direct_starttls/capable=false/unicode_last_bcc (0.01s)\n"}
2026-10-09T04:10:30.5582008Z {"Time":"2026-10-09T04:10:22.806954709Z","Action":"fail","Package":"tabmail/internal/outbound","Test":"TestExecSMTPUTF8Capabilities/direct_starttls/capable=false/unicode_last_bcc","Elapsed":0.01}
2026-10-09T04:10:30.5583299Z {"Time":"2026-10-09T04:10:22.80696468Z","Action":"run","Package":"tabmail/internal/outbound","Test":"TestExecSMTPUTF8Capabilities/direct_starttls/capable=false/unicode_top_level_header"}
2026-10-09T04:10:30.5585210Z {"Time":"2026-10-09T04:10:22.806970743Z","Action":"output","Package":"tabmail/internal/outbound","Test":"TestExecSMTPUTF8Capabilities/direct_starttls/capable=false/unicode_top_level_header","Output":"=== RUN   TestExecSMTPUTF8Capabilities/direct_starttls/capable=false/unicode_top_level_header\n"}
2026-10-09T04:10:30.5587336Z {"Time":"2026-10-09T04:10:22.817059766Z","Action":"output","Package":"tabmail/internal/outbound","Test":"TestExecSMTPUTF8Capabilities/direct_starttls/capable=false/unicode_top_level_header","Output":"    r5_exec_smtputf8_test.go:340: SMTPUTF8 requirement must produce a local pre-send error, got \u003cnil\u003e\n"}
2026-10-09T04:10:30.5589938Z {"Time":"2026-10-09T04:10:22.817084829Z","Action":"output","Package":"tabmail/internal/outbound","Test":"TestExecSMTPUTF8Capabilities/direct_starttls/capable=false/unicode_top_level_header","Output":"    r5_exec_smtputf8_test.go:340: EXEC09_SENT_WITHOUT_SMTPUTF8 MAIL=[\"MAIL FROM:\u003csender@example.test\u003e BODY=8BITMIME\"] RCPT=[\"RCPT TO:\u003creader@recipient.test\u003e\"] DATA=1 body_bytes=324\n"}
2026-10-09T04:10:30.5592351Z {"Time":"2026-10-09T04:10:22.8171519Z","Action":"output","Package":"tabmail/internal/outbound","Test":"TestExecSMTPUTF8Capabilities/direct_starttls/capable=false/unicode_top_level_header","Output":"--- FAIL: TestExecSMTPUTF8Capabilities/direct_starttls/capable=false/unicode_top_level_header (0.01s)\n"}
2026-10-09T04:10:30.5594107Z {"Time":"2026-10-09T04:10:22.817205152Z","Action":"fail","Package":"tabmail/internal/outbound","Test":"TestExecSMTPUTF8Capabilities/direct_starttls/capable=false/unicode_top_level_header","Elapsed":0.01}
2026-10-09T04:10:30.5595712Z {"Time":"2026-10-09T04:10:22.817229533Z","Action":"run","Package":"tabmail/internal/outbound","Test":"TestExecSMTPUTF8Capabilities/direct_starttls/capable=false/encoded_headers_body_and_attachment"}
2026-10-09T04:10:30.5597536Z {"Time":"2026-10-09T04:10:22.817233321Z","Action":"output","Package":"tabmail/internal/outbound","Test":"TestExecSMTPUTF8Capabilities/direct_starttls/capable=false/encoded_headers_body_and_attachment","Output":"=== RUN   TestExecSMTPUTF8Capabilities/direct_starttls/capable=false/encoded_headers_body_and_attachment\n"}
2026-10-09T04:10:30.5599793Z {"Time":"2026-10-09T04:10:22.82834116Z","Action":"output","Package":"tabmail/internal/outbound","Test":"TestExecSMTPUTF8Capabilities/direct_starttls/capable=false/encoded_headers_body_and_attachment","Output":"--- PASS: TestExecSMTPUTF8Capabilities/direct_starttls/capable=false/encoded_headers_body_and_attachment (0.01s)\n"}
2026-10-09T04:10:30.5601654Z {"Time":"2026-10-09T04:10:22.828364329Z","Action":"pass","Package":"tabmail/internal/outbound","Test":"TestExecSMTPUTF8Capabilities/direct_starttls/capable=false/encoded_headers_body_and_attachment","Elapsed":0.01}
2026-10-09T04:10:30.5603007Z {"Time":"2026-10-09T04:10:22.828374641Z","Action":"run","Package":"tabmail/internal/outbound","Test":"TestExecSMTPUTF8Capabilities/direct_starttls/capable=false/eight_bit_body_only"}
2026-10-09T04:10:30.5604740Z {"Time":"2026-10-09T04:10:22.828377737Z","Action":"output","Package":"tabmail/internal/outbound","Test":"TestExecSMTPUTF8Capabilities/direct_starttls/capable=false/eight_bit_body_only","Output":"=== RUN   TestExecSMTPUTF8Capabilities/direct_starttls/capable=false/eight_bit_body_only\n"}
2026-10-09T04:10:30.5606946Z {"Time":"2026-10-09T04:10:22.838827748Z","Action":"output","Package":"tabmail/internal/outbound","Test":"TestExecSMTPUTF8Capabilities/direct_starttls/capable=false/eight_bit_body_only","Output":"--- PASS: TestExecSMTPUTF8Capabilities/direct_starttls/capable=false/eight_bit_body_only (0.01s)\n"}
2026-10-09T04:10:30.5608643Z {"Time":"2026-10-09T04:10:22.838848111Z","Action":"pass","Package":"tabmail/internal/outbound","Test":"TestExecSMTPUTF8Capabilities/direct_starttls/capable=false/eight_bit_body_only","Elapsed":0.01}
2026-10-09T04:10:30.5609922Z {"Time":"2026-10-09T04:10:22.83889531Z","Action":"run","Package":"tabmail/internal/outbound","Test":"TestExecSMTPUTF8Capabilities/direct_starttls/capable=true/ascii_quoted_alabel"}
2026-10-09T04:10:30.5611532Z {"Time":"2026-10-09T04:10:22.838903828Z","Action":"output","Package":"tabmail/internal/outbound","Test":"TestExecSMTPUTF8Capabilities/direct_starttls/capable=true/ascii_quoted_alabel","Output":"=== RUN   TestExecSMTPUTF8Capabilities/direct_starttls/capable=true/ascii_quoted_alabel\n"}
2026-10-09T04:10:30.5613524Z {"Time":"2026-10-09T04:10:22.848992794Z","Action":"output","Package":"tabmail/internal/outbound","Test":"TestExecSMTPUTF8Capabilities/direct_starttls/capable=true/ascii_quoted_alabel","Output":"--- PASS: TestExecSMTPUTF8Capabilities/direct_starttls/capable=true/ascii_quoted_alabel (0.01s)\n"}
2026-10-09T04:10:30.5615581Z {"Time":"2026-10-09T04:10:22.849012275Z","Action":"pass","Package":"tabmail/internal/outbound","Test":"TestExecSMTPUTF8Capabilities/direct_starttls/capable=true/ascii_quoted_alabel","Elapsed":0.01}
2026-10-09T04:10:30.5616909Z {"Time":"2026-10-09T04:10:22.849059304Z","Action":"run","Package":"tabmail/internal/outbound","Test":"TestExecSMTPUTF8Capabilities/direct_starttls/capable=true/unicode_sender_envelope_only"}
2026-10-09T04:10:30.5618621Z {"Time":"2026-10-09T04:10:22.849070688Z","Action":"output","Package":"tabmail/internal/outbound","Test":"TestExecSMTPUTF8Capabilities/direct_starttls/capable=true/unicode_sender_envelope_only","Output":"=== RUN   TestExecSMTPUTF8Capabilities/direct_starttls/capable=true/unicode_sender_envelope_only\n"}
2026-10-09T04:10:30.5620772Z {"Time":"2026-10-09T04:10:22.858804293Z","Action":"output","Package":"tabmail/internal/outbound","Test":"TestExecSMTPUTF8Capabilities/direct_starttls/capable=true/unicode_sender_envelope_only","Output":"--- PASS: TestExecSMTPUTF8Capabilities/direct_starttls/capable=true/unicode_sender_envelope_only (0.01s)\n"}
2026-10-09T04:10:30.5622546Z {"Time":"2026-10-09T04:10:22.858822782Z","Action":"pass","Package":"tabmail/internal/outbound","Test":"TestExecSMTPUTF8Capabilities/direct_starttls/capable=true/unicode_sender_envelope_only","Elapsed":0.01}
2026-10-09T04:10:30.5623926Z {"Time":"2026-10-09T04:10:22.858849488Z","Action":"run","Package":"tabmail/internal/outbound","Test":"TestExecSMTPUTF8Capabilities/direct_starttls/capable=true/unicode_recipient_envelope_only"}
2026-10-09T04:10:30.5625955Z {"Time":"2026-10-09T04:10:22.858853456Z","Action":"output","Package":"tabmail/internal/outbound","Test":"TestExecSMTPUTF8Capabilities/direct_starttls/capable=true/unicode_recipient_envelope_only","Output":"=== RUN   TestExecSMTPUTF8Capabilities/direct_starttls/capable=true/unicode_recipient_envelope_only\n"}
2026-10-09T04:10:30.5628153Z {"Time":"2026-10-09T04:10:22.868632006Z","Action":"output","Package":"tabmail/internal/outbound","Test":"TestExecSMTPUTF8Capabilities/direct_starttls/capable=true/unicode_recipient_envelope_only","Output":"--- PASS: TestExecSMTPUTF8Capabilities/direct_starttls/capable=true/unicode_recipient_envelope_only (0.01s)\n"}
2026-10-09T04:10:30.5630007Z {"Time":"2026-10-09T04:10:22.86864841Z","Action":"pass","Package":"tabmail/internal/outbound","Test":"TestExecSMTPUTF8Capabilities/direct_starttls/capable=true/unicode_recipient_envelope_only","Elapsed":0.01}
2026-10-09T04:10:30.5631505Z {"Time":"2026-10-09T04:10:22.868681861Z","Action":"run","Package":"tabmail/internal/outbound","Test":"TestExecSMTPUTF8Capabilities/direct_starttls/capable=true/unicode_domain_envelope_only"}
2026-10-09T04:10:30.5633262Z {"Time":"2026-10-09T04:10:22.868689617Z","Action":"output","Package":"tabmail/internal/outbound","Test":"TestExecSMTPUTF8Capabilities/direct_starttls/capable=true/unicode_domain_envelope_only","Output":"=== RUN   TestExecSMTPUTF8Capabilities/direct_starttls/capable=true/unicode_domain_envelope_only\n"}
2026-10-09T04:10:30.5635559Z {"Time":"2026-10-09T04:10:22.878411237Z","Action":"output","Package":"tabmail/internal/outbound","Test":"TestExecSMTPUTF8Capabilities/direct_starttls/capable=true/unicode_domain_envelope_only","Output":"--- PASS: TestExecSMTPUTF8Capabilities/direct_starttls/capable=true/unicode_domain_envelope_only (0.01s)\n"}
2026-10-09T04:10:30.5637340Z {"Time":"2026-10-09T04:10:22.87843154Z","Action":"pass","Package":"tabmail/internal/outbound","Test":"TestExecSMTPUTF8Capabilities/direct_starttls/capable=true/unicode_domain_envelope_only","Elapsed":0.01}
2026-10-09T04:10:30.5638641Z {"Time":"2026-10-09T04:10:22.87844603Z","Action":"run","Package":"tabmail/internal/outbound","Test":"TestExecSMTPUTF8Capabilities/direct_starttls/capable=true/unicode_last_bcc"}
2026-10-09T04:10:30.5640356Z {"Time":"2026-10-09T04:10:22.878449277Z","Action":"output","Package":"tabmail/internal/outbound","Test":"TestExecSMTPUTF8Capabilities/direct_starttls/capable=true/unicode_last_bcc","Output":"=== RUN   TestExecSMTPUTF8Capabilities/direct_starttls/capable=true/unicode_last_bcc\n"}
2026-10-09T04:10:30.5642299Z {"Time":"2026-10-09T04:10:22.888924674Z","Action":"output","Package":"tabmail/internal/outbound","Test":"TestExecSMTPUTF8Capabilities/direct_starttls/capable=true/unicode_last_bcc","Output":"--- PASS: TestExecSMTPUTF8Capabilities/direct_starttls/capable=true/unicode_last_bcc (0.01s)\n"}
2026-10-09T04:10:30.5643942Z {"Time":"2026-10-09T04:10:22.888945377Z","Action":"pass","Package":"tabmail/internal/outbound","Test":"TestExecSMTPUTF8Capabilities/direct_starttls/capable=true/unicode_last_bcc","Elapsed":0.01}
2026-10-09T04:10:30.5645349Z {"Time":"2026-10-09T04:10:22.888957052Z","Action":"run","Package":"tabmail/internal/outbound","Test":"TestExecSMTPUTF8Capabilities/direct_starttls/capable=true/unicode_top_level_header"}
2026-10-09T04:10:30.5647014Z {"Time":"2026-10-09T04:10:22.88896085Z","Action":"output","Package":"tabmail/internal/outbound","Test":"TestExecSMTPUTF8Capabilities/direct_starttls/capable=true/unicode_top_level_header","Output":"=== RUN   TestExecSMTPUTF8Capabilities/direct_starttls/capable=true/unicode_top_level_header\n"}
2026-10-09T04:10:30.5649076Z {"Time":"2026-10-09T04:10:22.900453246Z","Action":"output","Package":"tabmail/internal/outbound","Test":"TestExecSMTPUTF8Capabilities/direct_starttls/capable=true/unicode_top_level_header","Output":"--- PASS: TestExecSMTPUTF8Capabilities/direct_starttls/capable=true/unicode_top_level_header (0.01s)\n"}
2026-10-09T04:10:30.5650802Z {"Time":"2026-10-09T04:10:22.90047429Z","Action":"pass","Package":"tabmail/internal/outbound","Test":"TestExecSMTPUTF8Capabilities/direct_starttls/capable=true/unicode_top_level_header","Elapsed":0.01}
2026-10-09T04:10:30.5652163Z {"Time":"2026-10-09T04:10:22.900562917Z","Action":"run","Package":"tabmail/internal/outbound","Test":"TestExecSMTPUTF8Capabilities/direct_starttls/capable=true/encoded_headers_body_and_attachment"}
2026-10-09T04:10:30.5653948Z {"Time":"2026-10-09T04:10:22.900575343Z","Action":"output","Package":"tabmail/internal/outbound","Test":"TestExecSMTPUTF8Capabilities/direct_starttls/capable=true/encoded_headers_body_and_attachment","Output":"=== RUN   TestExecSMTPUTF8Capabilities/direct_starttls/capable=true/encoded_headers_body_and_attachment\n"}
2026-10-09T04:10:30.5656458Z {"Time":"2026-10-09T04:10:22.911350752Z","Action":"output","Package":"tabmail/internal/outbound","Test":"TestExecSMTPUTF8Capabilities/direct_starttls/capable=true/encoded_headers_body_and_attachment","Output":"--- PASS: TestExecSMTPUTF8Capabilities/direct_starttls/capable=true/encoded_headers_body_and_attachment (0.01s)\n"}
2026-10-09T04:10:30.5658312Z {"Time":"2026-10-09T04:10:22.911371836Z","Action":"pass","Package":"tabmail/internal/outbound","Test":"TestExecSMTPUTF8Capabilities/direct_starttls/capable=true/encoded_headers_body_and_attachment","Elapsed":0.01}
2026-10-09T04:10:30.5659654Z {"Time":"2026-10-09T04:10:22.911381446Z","Action":"run","Package":"tabmail/internal/outbound","Test":"TestExecSMTPUTF8Capabilities/direct_starttls/capable=true/eight_bit_body_only"}
2026-10-09T04:10:30.5661263Z {"Time":"2026-10-09T04:10:22.911389623Z","Action":"output","Package":"tabmail/internal/outbound","Test":"TestExecSMTPUTF8Capabilities/direct_starttls/capable=true/eight_bit_body_only","Output":"=== RUN   TestExecSMTPUTF8Capabilities/direct_starttls/capable=true/eight_bit_body_only\n"}
2026-10-09T04:10:30.5663259Z {"Time":"2026-10-09T04:10:22.921405422Z","Action":"output","Package":"tabmail/internal/outbound","Test":"TestExecSMTPUTF8Capabilities/direct_starttls/capable=true/eight_bit_body_only","Output":"--- PASS: TestExecSMTPUTF8Capabilities/direct_starttls/capable=true/eight_bit_body_only (0.01s)\n"}
2026-10-09T04:10:30.5665040Z {"Time":"2026-10-09T04:10:22.921423621Z","Action":"pass","Package":"tabmail/internal/outbound","Test":"TestExecSMTPUTF8Capabilities/direct_starttls/capable=true/eight_bit_body_only","Elapsed":0.01}
2026-10-09T04:10:30.5666492Z {"Time":"2026-10-09T04:10:22.921458254Z","Action":"output","Package":"tabmail/internal/outbound","Test":"TestExecSMTPUTF8Capabilities","Output":"--- FAIL: TestExecSMTPUTF8Capabilities (0.62s)\n"}
2026-10-09T04:10:30.5667638Z {"Time":"2026-10-09T04:10:22.92148481Z","Action":"fail","Package":"tabmail/internal/outbound","Test":"TestExecSMTPUTF8Capabilities","Elapsed":0.62}
2026-10-09T04:10:30.5668591Z {"Time":"2026-10-09T04:10:22.92154682Z","Action":"run","Package":"tabmail/internal/outbound","Test":"TestExecSMTPUTF8RefreshAfterSTARTTLS"}
2026-10-09T04:10:30.5669780Z {"Time":"2026-10-09T04:10:22.921555539Z","Action":"output","Package":"tabmail/internal/outbound","Test":"TestExecSMTPUTF8RefreshAfterSTARTTLS","Output":"=== RUN   TestExecSMTPUTF8RefreshAfterSTARTTLS\n"}
2026-10-09T04:10:30.5671141Z {"Time":"2026-10-09T04:10:22.921623532Z","Action":"run","Package":"tabmail/internal/outbound","Test":"TestExecSMTPUTF8RefreshAfterSTARTTLS/relay_starttls/final_capable=false/unicode_last_bcc"}
2026-10-09T04:10:30.5672915Z {"Time":"2026-10-09T04:10:22.921632881Z","Action":"output","Package":"tabmail/internal/outbound","Test":"TestExecSMTPUTF8RefreshAfterSTARTTLS/relay_starttls/final_capable=false/unicode_last_bcc","Output":"=== RUN   TestExecSMTPUTF8RefreshAfterSTARTTLS/relay_starttls/final_capable=false/unicode_last_bcc\n"}
2026-10-09T04:10:30.5675230Z {"Time":"2026-10-09T04:10:22.931348228Z","Action":"output","Package":"tabmail/internal/outbound","Test":"TestExecSMTPUTF8RefreshAfterSTARTTLS/relay_starttls/final_capable=false/unicode_last_bcc","Output":"    r5_exec_smtputf8_test.go:365: SMTPUTF8 requirement must produce a local pre-send error, got \u003cnil\u003e\n"}
2026-10-09T04:10:30.5678306Z {"Time":"2026-10-09T04:10:22.931407152Z","Action":"output","Package":"tabmail/internal/outbound","Test":"TestExecSMTPUTF8RefreshAfterSTARTTLS/relay_starttls/final_capable=false/unicode_last_bcc","Output":"    r5_exec_smtputf8_test.go:365: EXEC09_SENT_WITHOUT_SMTPUTF8 MAIL=[\"MAIL FROM:\u003csender@example.test\u003e BODY=8BITMIME\"] RCPT=[\"RCPT TO:\u003creader@recipient.test\u003e\" \"RCPT TO:\u003c\\\"信箱 @ 帮助台\\\"@recipient.test\u003e\"] DATA=1 body_bytes=298\n"}
2026-10-09T04:10:30.5680977Z {"Time":"2026-10-09T04:10:22.931466016Z","Action":"output","Package":"tabmail/internal/outbound","Test":"TestExecSMTPUTF8RefreshAfterSTARTTLS/relay_starttls/final_capable=false/unicode_last_bcc","Output":"--- FAIL: TestExecSMTPUTF8RefreshAfterSTARTTLS/relay_starttls/final_capable=false/unicode_last_bcc (0.01s)\n"}
2026-10-09T04:10:30.5682976Z {"Time":"2026-10-09T04:10:22.931516592Z","Action":"fail","Package":"tabmail/internal/outbound","Test":"TestExecSMTPUTF8RefreshAfterSTARTTLS/relay_starttls/final_capable=false/unicode_last_bcc","Elapsed":0.01}
2026-10-09T04:10:30.5684451Z {"Time":"2026-10-09T04:10:22.931553961Z","Action":"run","Package":"tabmail/internal/outbound","Test":"TestExecSMTPUTF8RefreshAfterSTARTTLS/relay_starttls/final_capable=false/encoded_headers_body_and_attachment"}
2026-10-09T04:10:30.5686567Z {"Time":"2026-10-09T04:10:22.931562439Z","Action":"output","Package":"tabmail/internal/outbound","Test":"TestExecSMTPUTF8RefreshAfterSTARTTLS/relay_starttls/final_capable=false/encoded_headers_body_and_attachment","Output":"=== RUN   TestExecSMTPUTF8RefreshAfterSTARTTLS/relay_starttls/final_capable=false/encoded_headers_body_and_attachment\n"}
2026-10-09T04:10:30.5689051Z {"Time":"2026-10-09T04:10:22.94351086Z","Action":"output","Package":"tabmail/internal/outbound","Test":"TestExecSMTPUTF8RefreshAfterSTARTTLS/relay_starttls/final_capable=false/encoded_headers_body_and_attachment","Output":"--- PASS: TestExecSMTPUTF8RefreshAfterSTARTTLS/relay_starttls/final_capable=false/encoded_headers_body_and_attachment (0.01s)\n"}
2026-10-09T04:10:30.5691088Z {"Time":"2026-10-09T04:10:22.943535121Z","Action":"pass","Package":"tabmail/internal/outbound","Test":"TestExecSMTPUTF8RefreshAfterSTARTTLS/relay_starttls/final_capable=false/encoded_headers_body_and_attachment","Elapsed":0.01}
2026-10-09T04:10:30.5692659Z {"Time":"2026-10-09T04:10:22.943588173Z","Action":"run","Package":"tabmail/internal/outbound","Test":"TestExecSMTPUTF8RefreshAfterSTARTTLS/relay_starttls/final_capable=true/unicode_last_bcc"}
2026-10-09T04:10:30.5694414Z {"Time":"2026-10-09T04:10:22.94359628Z","Action":"output","Package":"tabmail/internal/outbound","Test":"TestExecSMTPUTF8RefreshAfterSTARTTLS/relay_starttls/final_capable=true/unicode_last_bcc","Output":"=== RUN   TestExecSMTPUTF8RefreshAfterSTARTTLS/relay_starttls/final_capable=true/unicode_last_bcc\n"}
2026-10-09T04:10:30.5696710Z {"Time":"2026-10-09T04:10:22.953567345Z","Action":"output","Package":"tabmail/internal/outbound","Test":"TestExecSMTPUTF8RefreshAfterSTARTTLS/relay_starttls/final_capable=true/unicode_last_bcc","Output":"--- PASS: TestExecSMTPUTF8RefreshAfterSTARTTLS/relay_starttls/final_capable=true/unicode_last_bcc (0.01s)\n"}
2026-10-09T04:10:30.5698575Z {"Time":"2026-10-09T04:10:22.953590995Z","Action":"pass","Package":"tabmail/internal/outbound","Test":"TestExecSMTPUTF8RefreshAfterSTARTTLS/relay_starttls/final_capable=true/unicode_last_bcc","Elapsed":0.01}
2026-10-09T04:10:30.5700029Z {"Time":"2026-10-09T04:10:22.953632422Z","Action":"run","Package":"tabmail/internal/outbound","Test":"TestExecSMTPUTF8RefreshAfterSTARTTLS/relay_starttls/final_capable=true/encoded_headers_body_and_attachment"}
2026-10-09T04:10:30.5701979Z {"Time":"2026-10-09T04:10:22.953639727Z","Action":"output","Package":"tabmail/internal/outbound","Test":"TestExecSMTPUTF8RefreshAfterSTARTTLS/relay_starttls/final_capable=true/encoded_headers_body_and_attachment","Output":"=== RUN   TestExecSMTPUTF8RefreshAfterSTARTTLS/relay_starttls/final_capable=true/encoded_headers_body_and_attachment\n"}
2026-10-09T04:10:30.5704439Z {"Time":"2026-10-09T04:10:22.963518826Z","Action":"output","Package":"tabmail/internal/outbound","Test":"TestExecSMTPUTF8RefreshAfterSTARTTLS/relay_starttls/final_capable=true/encoded_headers_body_and_attachment","Output":"--- PASS: TestExecSMTPUTF8RefreshAfterSTARTTLS/relay_starttls/final_capable=true/encoded_headers_body_and_attachment (0.01s)\n"}
2026-10-09T04:10:30.5706569Z {"Time":"2026-10-09T04:10:22.963538537Z","Action":"pass","Package":"tabmail/internal/outbound","Test":"TestExecSMTPUTF8RefreshAfterSTARTTLS/relay_starttls/final_capable=true/encoded_headers_body_and_attachment","Elapsed":0.01}
2026-10-09T04:10:30.5708031Z {"Time":"2026-10-09T04:10:22.963579887Z","Action":"run","Package":"tabmail/internal/outbound","Test":"TestExecSMTPUTF8RefreshAfterSTARTTLS/direct_starttls/final_capable=false/unicode_last_bcc"}
2026-10-09T04:10:30.5709920Z {"Time":"2026-10-09T04:10:22.963591632Z","Action":"output","Package":"tabmail/internal/outbound","Test":"TestExecSMTPUTF8RefreshAfterSTARTTLS/direct_starttls/final_capable=false/unicode_last_bcc","Output":"=== RUN   TestExecSMTPUTF8RefreshAfterSTARTTLS/direct_starttls/final_capable=false/unicode_last_bcc\n"}
2026-10-09T04:10:30.5712126Z {"Time":"2026-10-09T04:10:22.97351206Z","Action":"output","Package":"tabmail/internal/outbound","Test":"TestExecSMTPUTF8RefreshAfterSTARTTLS/direct_starttls/final_capable=false/unicode_last_bcc","Output":"    r5_exec_smtputf8_test.go:365: SMTPUTF8 requirement must produce a local pre-send error, got \u003cnil\u003e\n"}
2026-10-09T04:10:30.5715263Z {"Time":"2026-10-09T04:10:22.973574251Z","Action":"output","Package":"tabmail/internal/outbound","Test":"TestExecSMTPUTF8RefreshAfterSTARTTLS/direct_starttls/final_capable=false/unicode_last_bcc","Output":"    r5_exec_smtputf8_test.go:365: EXEC09_SENT_WITHOUT_SMTPUTF8 MAIL=[\"MAIL FROM:\u003csender@example.test\u003e BODY=8BITMIME\"] RCPT=[\"RCPT TO:\u003creader@recipient.test\u003e\" \"RCPT TO:\u003c\\\"信箱 @ 帮助台\\\"@recipient.test\u003e\"] DATA=1 body_bytes=298\n"}
2026-10-09T04:10:30.5717950Z {"Time":"2026-10-09T04:10:22.973635941Z","Action":"output","Package":"tabmail/internal/outbound","Test":"TestExecSMTPUTF8RefreshAfterSTARTTLS/direct_starttls/final_capable=false/unicode_last_bcc","Output":"--- FAIL: TestExecSMTPUTF8RefreshAfterSTARTTLS/direct_starttls/final_capable=false/unicode_last_bcc (0.01s)\n"}
2026-10-09T04:10:30.5719920Z {"Time":"2026-10-09T04:10:22.973694053Z","Action":"fail","Package":"tabmail/internal/outbound","Test":"TestExecSMTPUTF8RefreshAfterSTARTTLS/direct_starttls/final_capable=false/unicode_last_bcc","Elapsed":0.01}
2026-10-09T04:10:30.5721376Z {"Time":"2026-10-09T04:10:22.973729618Z","Action":"run","Package":"tabmail/internal/outbound","Test":"TestExecSMTPUTF8RefreshAfterSTARTTLS/direct_starttls/final_capable=false/encoded_headers_body_and_attachment"}
2026-10-09T04:10:30.5723363Z {"Time":"2026-10-09T04:10:22.973733146Z","Action":"output","Package":"tabmail/internal/outbound","Test":"TestExecSMTPUTF8RefreshAfterSTARTTLS/direct_starttls/final_capable=false/encoded_headers_body_and_attachment","Output":"=== RUN   TestExecSMTPUTF8RefreshAfterSTARTTLS/direct_starttls/final_capable=false/encoded_headers_body_and_attachment\n"}
2026-10-09T04:10:30.5725959Z {"Time":"2026-10-09T04:10:22.984838146Z","Action":"output","Package":"tabmail/internal/outbound","Test":"TestExecSMTPUTF8RefreshAfterSTARTTLS/direct_starttls/final_capable=false/encoded_headers_body_and_attachment","Output":"--- PASS: TestExecSMTPUTF8RefreshAfterSTARTTLS/direct_starttls/final_capable=false/encoded_headers_body_and_attachment (0.01s)\n"}
2026-10-09T04:10:30.5728007Z {"Time":"2026-10-09T04:10:22.984869171Z","Action":"pass","Package":"tabmail/internal/outbound","Test":"TestExecSMTPUTF8RefreshAfterSTARTTLS/direct_starttls/final_capable=false/encoded_headers_body_and_attachment","Elapsed":0.01}
2026-10-09T04:10:30.5729458Z {"Time":"2026-10-09T04:10:22.984906249Z","Action":"run","Package":"tabmail/internal/outbound","Test":"TestExecSMTPUTF8RefreshAfterSTARTTLS/direct_starttls/final_capable=true/unicode_last_bcc"}
2026-10-09T04:10:30.5731223Z {"Time":"2026-10-09T04:10:22.98491169Z","Action":"output","Package":"tabmail/internal/outbound","Test":"TestExecSMTPUTF8RefreshAfterSTARTTLS/direct_starttls/final_capable=true/unicode_last_bcc","Output":"=== RUN   TestExecSMTPUTF8RefreshAfterSTARTTLS/direct_starttls/final_capable=true/unicode_last_bcc\n"}
2026-10-09T04:10:30.5733425Z {"Time":"2026-10-09T04:10:22.994821769Z","Action":"output","Package":"tabmail/internal/outbound","Test":"TestExecSMTPUTF8RefreshAfterSTARTTLS/direct_starttls/final_capable=true/unicode_last_bcc","Output":"--- PASS: TestExecSMTPUTF8RefreshAfterSTARTTLS/direct_starttls/final_capable=true/unicode_last_bcc (0.01s)\n"}
2026-10-09T04:10:30.5735351Z {"Time":"2026-10-09T04:10:22.994839637Z","Action":"pass","Package":"tabmail/internal/outbound","Test":"TestExecSMTPUTF8RefreshAfterSTARTTLS/direct_starttls/final_capable=true/unicode_last_bcc","Elapsed":0.01}
2026-10-09T04:10:30.5736926Z {"Time":"2026-10-09T04:10:22.994857004Z","Action":"run","Package":"tabmail/internal/outbound","Test":"TestExecSMTPUTF8RefreshAfterSTARTTLS/direct_starttls/final_capable=true/encoded_headers_body_and_attachment"}
2026-10-09T04:10:30.5738901Z {"Time":"2026-10-09T04:10:22.994862375Z","Action":"output","Package":"tabmail/internal/outbound","Test":"TestExecSMTPUTF8RefreshAfterSTARTTLS/direct_starttls/final_capable=true/encoded_headers_body_and_attachment","Output":"=== RUN   TestExecSMTPUTF8RefreshAfterSTARTTLS/direct_starttls/final_capable=true/encoded_headers_body_and_attachment\n"}
2026-10-09T04:10:30.5741381Z {"Time":"2026-10-09T04:10:23.004848319Z","Action":"output","Package":"tabmail/internal/outbound","Test":"TestExecSMTPUTF8RefreshAfterSTARTTLS/direct_starttls/final_capable=true/encoded_headers_body_and_attachment","Output":"--- PASS: TestExecSMTPUTF8RefreshAfterSTARTTLS/direct_starttls/final_capable=true/encoded_headers_body_and_attachment (0.01s)\n"}
2026-10-09T04:10:30.5743419Z {"Time":"2026-10-09T04:10:23.004867709Z","Action":"pass","Package":"tabmail/internal/outbound","Test":"TestExecSMTPUTF8RefreshAfterSTARTTLS/direct_starttls/final_capable=true/encoded_headers_body_and_attachment","Elapsed":0.01}
2026-10-09T04:10:30.5745041Z {"Time":"2026-10-09T04:10:23.004909508Z","Action":"output","Package":"tabmail/internal/outbound","Test":"TestExecSMTPUTF8RefreshAfterSTARTTLS","Output":"--- FAIL: TestExecSMTPUTF8RefreshAfterSTARTTLS (0.08s)\n"}
2026-10-09T04:10:30.5746428Z {"Time":"2026-10-09T04:10:23.004947397Z","Action":"fail","Package":"tabmail/internal/outbound","Test":"TestExecSMTPUTF8RefreshAfterSTARTTLS","Elapsed":0.08}
2026-10-09T04:10:30.5747396Z {"Time":"2026-10-09T04:10:23.004989967Z","Action":"run","Package":"tabmail/internal/outbound","Test":"TestExecSMTPUTF8HELOFallback"}
2026-10-09T04:10:30.5748479Z {"Time":"2026-10-09T04:10:23.004997794Z","Action":"output","Package":"tabmail/internal/outbound","Test":"TestExecSMTPUTF8HELOFallback","Output":"=== RUN   TestExecSMTPUTF8HELOFallback\n"}
2026-10-09T04:10:30.5749673Z {"Time":"2026-10-09T04:10:23.005056637Z","Action":"run","Package":"tabmail/internal/outbound","Test":"TestExecSMTPUTF8HELOFallback/relay_plain/ascii_quoted_alabel"}
2026-10-09T04:10:30.5751096Z {"Time":"2026-10-09T04:10:23.005064534Z","Action":"output","Package":"tabmail/internal/outbound","Test":"TestExecSMTPUTF8HELOFallback/relay_plain/ascii_quoted_alabel","Output":"=== RUN   TestExecSMTPUTF8HELOFallback/relay_plain/ascii_quoted_alabel\n"}
2026-10-09T04:10:30.5752875Z {"Time":"2026-10-09T04:10:23.008361917Z","Action":"output","Package":"tabmail/internal/outbound","Test":"TestExecSMTPUTF8HELOFallback/relay_plain/ascii_quoted_alabel","Output":"--- PASS: TestExecSMTPUTF8HELOFallback/relay_plain/ascii_quoted_alabel (0.00s)\n"}
2026-10-09T04:10:30.5754365Z {"Time":"2026-10-09T04:10:23.008380636Z","Action":"pass","Package":"tabmail/internal/outbound","Test":"TestExecSMTPUTF8HELOFallback/relay_plain/ascii_quoted_alabel","Elapsed":0}
2026-10-09T04:10:30.5756020Z {"Time":"2026-10-09T04:10:23.008419899Z","Action":"run","Package":"tabmail/internal/outbound","Test":"TestExecSMTPUTF8HELOFallback/relay_plain/unicode_sender_envelope_only"}
2026-10-09T04:10:30.5757667Z {"Time":"2026-10-09T04:10:23.008426363Z","Action":"output","Package":"tabmail/internal/outbound","Test":"TestExecSMTPUTF8HELOFallback/relay_plain/unicode_sender_envelope_only","Output":"=== RUN   TestExecSMTPUTF8HELOFallback/relay_plain/unicode_sender_envelope_only\n"}
2026-10-09T04:10:30.5759734Z {"Time":"2026-10-09T04:10:23.011756327Z","Action":"output","Package":"tabmail/internal/outbound","Test":"TestExecSMTPUTF8HELOFallback/relay_plain/unicode_sender_envelope_only","Output":"    r5_exec_smtputf8_test.go:386: SMTPUTF8 requirement must produce a local pre-send error, got \u003cnil\u003e\n"}
2026-10-09T04:10:30.5762736Z {"Time":"2026-10-09T04:10:23.011808557Z","Action":"output","Package":"tabmail/internal/outbound","Test":"TestExecSMTPUTF8HELOFallback/relay_plain/unicode_sender_envelope_only","Output":"    r5_exec_smtputf8_test.go:386: EXEC09_SENT_WITHOUT_SMTPUTF8 MAIL=[\"MAIL FROM:\u003c发送者@example.test\u003e\"] RCPT=[\"RCPT TO:\u003creader@recipient.test\u003e\"] DATA=1 body_bytes=298\n"}
2026-10-09T04:10:30.5765306Z {"Time":"2026-10-09T04:10:23.011888305Z","Action":"output","Package":"tabmail/internal/outbound","Test":"TestExecSMTPUTF8HELOFallback/relay_plain/unicode_sender_envelope_only","Output":"--- FAIL: TestExecSMTPUTF8HELOFallback/relay_plain/unicode_sender_envelope_only (0.00s)\n"}
2026-10-09T04:10:30.5767095Z {"Time":"2026-10-09T04:10:23.01191483Z","Action":"fail","Package":"tabmail/internal/outbound","Test":"TestExecSMTPUTF8HELOFallback/relay_plain/unicode_sender_envelope_only","Elapsed":0}
2026-10-09T04:10:30.5768384Z {"Time":"2026-10-09T04:10:23.011954524Z","Action":"run","Package":"tabmail/internal/outbound","Test":"TestExecSMTPUTF8HELOFallback/direct_plain/ascii_quoted_alabel"}
2026-10-09T04:10:30.5770001Z {"Time":"2026-10-09T04:10:23.0119621Z","Action":"output","Package":"tabmail/internal/outbound","Test":"TestExecSMTPUTF8HELOFallback/direct_plain/ascii_quoted_alabel","Output":"=== RUN   TestExecSMTPUTF8HELOFallback/direct_plain/ascii_quoted_alabel\n"}
2026-10-09T04:10:30.5789733Z {"Time":"2026-10-09T04:10:23.015355174Z","Action":"output","Package":"tabmail/internal/outbound","Test":"TestExecSMTPUTF8HELOFallback/direct_plain/ascii_quoted_alabel","Output":"--- PASS: TestExecSMTPUTF8HELOFallback/direct_plain/ascii_quoted_alabel (0.00s)\n"}
2026-10-09T04:10:30.5791426Z {"Time":"2026-10-09T04:10:23.015373262Z","Action":"pass","Package":"tabmail/internal/outbound","Test":"TestExecSMTPUTF8HELOFallback/direct_plain/ascii_quoted_alabel","Elapsed":0}
2026-10-09T04:10:30.5792620Z {"Time":"2026-10-09T04:10:23.015416995Z","Action":"run","Package":"tabmail/internal/outbound","Test":"TestExecSMTPUTF8HELOFallback/direct_plain/unicode_sender_envelope_only"}
2026-10-09T04:10:30.5794140Z {"Time":"2026-10-09T04:10:23.015425001Z","Action":"output","Package":"tabmail/internal/outbound","Test":"TestExecSMTPUTF8HELOFallback/direct_plain/unicode_sender_envelope_only","Output":"=== RUN   TestExecSMTPUTF8HELOFallback/direct_plain/unicode_sender_envelope_only\n"}
2026-10-09T04:10:30.5796338Z {"Time":"2026-10-09T04:10:23.018759352Z","Action":"output","Package":"tabmail/internal/outbound","Test":"TestExecSMTPUTF8HELOFallback/direct_plain/unicode_sender_envelope_only","Output":"    r5_exec_smtputf8_test.go:386: SMTPUTF8 requirement must produce a local pre-send error, got \u003cnil\u003e\n"}
2026-10-09T04:10:30.5799084Z {"Time":"2026-10-09T04:10:23.018811201Z","Action":"output","Package":"tabmail/internal/outbound","Test":"TestExecSMTPUTF8HELOFallback/direct_plain/unicode_sender_envelope_only","Output":"    r5_exec_smtputf8_test.go:386: EXEC09_SENT_WITHOUT_SMTPUTF8 MAIL=[\"MAIL FROM:\u003c发送者@example.test\u003e\"] RCPT=[\"RCPT TO:\u003creader@recipient.test\u003e\"] DATA=1 body_bytes=298\n"}
2026-10-09T04:10:30.5801347Z {"Time":"2026-10-09T04:10:23.018871318Z","Action":"output","Package":"tabmail/internal/outbound","Test":"TestExecSMTPUTF8HELOFallback/direct_plain/unicode_sender_envelope_only","Output":"--- FAIL: TestExecSMTPUTF8HELOFallback/direct_plain/unicode_sender_envelope_only (0.00s)\n"}
2026-10-09T04:10:30.5802947Z {"Time":"2026-10-09T04:10:23.018907664Z","Action":"fail","Package":"tabmail/internal/outbound","Test":"TestExecSMTPUTF8HELOFallback/direct_plain/unicode_sender_envelope_only","Elapsed":0}
2026-10-09T04:10:30.5804245Z {"Time":"2026-10-09T04:10:23.01894813Z","Action":"output","Package":"tabmail/internal/outbound","Test":"TestExecSMTPUTF8HELOFallback","Output":"--- FAIL: TestExecSMTPUTF8HELOFallback (0.01s)\n"}
2026-10-09T04:10:30.5805565Z {"Time":"2026-10-09T04:10:23.018958802Z","Action":"fail","Package":"tabmail/internal/outbound","Test":"TestExecSMTPUTF8HELOFallback","Elapsed":0.01}
2026-10-09T04:10:30.5806546Z {"Time":"2026-10-09T04:10:23.018982792Z","Action":"run","Package":"tabmail/internal/outbound","Test":"TestExecSMTPUTF8TriesNextMXBeforeSending"}
2026-10-09T04:10:30.5807902Z {"Time":"2026-10-09T04:10:23.018990689Z","Action":"output","Package":"tabmail/internal/outbound","Test":"TestExecSMTPUTF8TriesNextMXBeforeSending","Output":"=== RUN   TestExecSMTPUTF8TriesNextMXBeforeSending\n"}
2026-10-09T04:10:30.5809605Z {"Time":"2026-10-09T04:10:23.024467621Z","Action":"output","Package":"tabmail/internal/outbound","Test":"TestExecSMTPUTF8TriesNextMXBeforeSending","Output":"    r5_exec_smtputf8_test.go:422: SMTPUTF8 requirement must produce a local pre-send error, got \u003cnil\u003e\n"}
2026-10-09T04:10:30.5812078Z {"Time":"2026-10-09T04:10:23.024544313Z","Action":"output","Package":"tabmail/internal/outbound","Test":"TestExecSMTPUTF8TriesNextMXBeforeSending","Output":"    r5_exec_smtputf8_test.go:422: EXEC09_SENT_WITHOUT_SMTPUTF8 MAIL=[\"MAIL FROM:\u003csender@example.test\u003e BODY=8BITMIME\"] RCPT=[\"RCPT TO:\u003c收件人@recipient.test\u003e\"] DATA=1 body_bytes=298\n"}
2026-10-09T04:10:30.5814251Z {"Time":"2026-10-09T04:10:23.024594148Z","Action":"output","Package":"tabmail/internal/outbound","Test":"TestExecSMTPUTF8TriesNextMXBeforeSending","Output":"    r5_exec_smtputf8_test.go:424: SMTPUTF8 mismatch must try the next MX before any DATA: visited=[\"first.test\"]\n"}
2026-10-09T04:10:30.5816076Z {"Time":"2026-10-09T04:10:23.024720604Z","Action":"output","Package":"tabmail/internal/outbound","Test":"TestExecSMTPUTF8TriesNextMXBeforeSending","Output":"--- FAIL: TestExecSMTPUTF8TriesNextMXBeforeSending (0.01s)\n"}
2026-10-09T04:10:30.5817521Z {"Time":"2026-10-09T04:10:23.024731858Z","Action":"fail","Package":"tabmail/internal/outbound","Test":"TestExecSMTPUTF8TriesNextMXBeforeSending","Elapsed":0.01}
2026-10-09T04:10:30.5818557Z {"Time":"2026-10-09T04:10:23.024767142Z","Action":"run","Package":"tabmail/internal/outbound","Test":"TestExecSMTPUTF8SubmissionRecipientLedger"}
2026-10-09T04:10:30.5819811Z {"Time":"2026-10-09T04:10:23.024774988Z","Action":"output","Package":"tabmail/internal/outbound","Test":"TestExecSMTPUTF8SubmissionRecipientLedger","Output":"=== RUN   TestExecSMTPUTF8SubmissionRecipientLedger\n"}
2026-10-09T04:10:30.5821151Z {"Time":"2026-10-09T04:10:23.024835105Z","Action":"run","Package":"tabmail/internal/outbound","Test":"TestExecSMTPUTF8SubmissionRecipientLedger/relay_plain/capable=false/to"}
2026-10-09T04:10:30.5822715Z {"Time":"2026-10-09T04:10:23.024843413Z","Action":"output","Package":"tabmail/internal/outbound","Test":"TestExecSMTPUTF8SubmissionRecipientLedger/relay_plain/capable=false/to","Output":"=== RUN   TestExecSMTPUTF8SubmissionRecipientLedger/relay_plain/capable=false/to\n"}
2026-10-09T04:10:30.5824728Z {"Time":"2026-10-09T04:10:23.028774374Z","Action":"output","Package":"tabmail/internal/outbound","Test":"TestExecSMTPUTF8SubmissionRecipientLedger/relay_plain/capable=false/to","Output":"    r5_exec_smtputf8_test.go:506: SMTPUTF8 requirement must produce a local pre-send error, got \u003cnil\u003e\n"}
2026-10-09T04:10:30.5827602Z {"Time":"2026-10-09T04:10:23.028831143Z","Action":"output","Package":"tabmail/internal/outbound","Test":"TestExecSMTPUTF8SubmissionRecipientLedger/relay_plain/capable=false/to","Output":"    r5_exec_smtputf8_test.go:506: EXEC09_SENT_WITHOUT_SMTPUTF8 MAIL=[\"MAIL FROM:\u003csender@example.test\u003e BODY=8BITMIME\"] RCPT=[\"RCPT TO:\u003c\\\"信箱 @ 帮助台\\\"@recipient.test\u003e\"] DATA=1 body_bytes=356\n"}
2026-10-09T04:10:30.5830742Z {"Time":"2026-10-09T04:10:23.028906853Z","Action":"output","Package":"tabmail/internal/outbound","Test":"TestExecSMTPUTF8SubmissionRecipientLedger/relay_plain/capable=false/to","Output":"    r5_exec_smtputf8_test.go:513: actual delivery recipient state = [{Address:\"信箱 @ 帮助台\"@recipient.test State:accepted SMTPCode:250 Diagnostic:Accepted by next hop Attempts:1 UpdatedAt:2026-10-09 04:10:23.028688163 +0000 UTC}], want temporary: \u003cnil\u003e\n"}
2026-10-09T04:10:30.5837542Z {"Time":"2026-10-09T04:10:23.029064695Z","Action":"output","Package":"tabmail/internal/outbound","Test":"TestExecSMTPUTF8SubmissionRecipientLedger/relay_plain/capable=false/to","Output":"    r5_exec_smtputf8_test.go:517: job sent state disagrees with actual peer capability: capable=false job=\u0026{TemplateVersionID:\u003cnil\u003e ContentDigest:03d2997cfa6fa273280f633b54a52ac0fa6a7cd2e6f15d9726f5ed2ebeebeeb9 SubmitActor:user:db8063b5-a9ff-4145-ae6f-49ac0eea1cd4 IdempotencyKey: RequestHash:593e4aab0c018420c2d0e48d9c76eed4c9303d4a391442f86156ba0950607903 RecipientLedger:true AttachmentIDs:[] DeliveryUncertain:false ContentRedacted:false DeliveredDomains:[] InFlightDomain: SenderUserID:db8063b5-a9ff-4145-ae6f-49ac0eea1cd4 SenderKeyID:\u003cnil\u003e SenderMailboxID:ff25e835-bacd-4e5b-accb-2cb3d19c5802 TemplateName:\u003cnil\u003e DraftID:\u003cnil\u003e ID:f2946e78-f57b-4988-9577-2e577b8a7c02 TenantID:655be1ed-e772-427a-94e8-2267eaa58255 UserID:db8063b5-a9ff-4145-ae6f-49ac0eea1cd4 APIKeyID:\u003cnil\u003e MailFrom:sender@example.test RcptTo:[\"信箱 @ 帮助台\"@recipient.test] To:[\"信箱 @ 帮助台\"@recipient.test] CC:[] BCC:[] Subject:编码主题 TextBody:消息正文\r\n"}
2026-10-09T04:10:30.5844318Z {"Time":"2026-10-09T04:10:23.029100841Z","Action":"output","Package":"tabmail/internal/outbound","Test":"TestExecSMTPUTF8SubmissionRecipientLedger/relay_plain/capable=false/to","Output":"         HTMLBody: HeadersJSON:[] RawMIME:[] ZoneID:870afff8-28f2-4fdd-8898-122270223041 State:sent Attempts:1 MaxAttempts:3 LastError: NextAttemptAt:2026-10-09 04:10:23.02513297 +0000 UTC ClaimedAt:\u003cnil\u003e LeaseUntil:\u003cnil\u003e SMTPCode:0xc000421468 SMTPResponse:Accepted by next hop MessageIDHeader:\u003ce6deccbd-0119-4a8a-851a-592a68ffcdfa@example.test\u003e DeliveryToken:\u003cnil\u003e CreatedAt:2026-10-09 04:10:23.02513297 +0000 UTC UpdatedAt:2026-10-09 04:10:23.028696952 +0000 UTC} err=\u003cnil\u003e\n"}
2026-10-09T04:10:30.5848141Z {"Time":"2026-10-09T04:10:23.029111724Z","Action":"output","Package":"tabmail/internal/outbound","Test":"TestExecSMTPUTF8SubmissionRecipientLedger/relay_plain/capable=false/to","Output":"    r5_exec_smtputf8_test.go:521: capability check fabricated a server rejection or acceptance: attempts=[0xc0000b6e70] err=\u003cnil\u003e\n"}
2026-10-09T04:10:30.5850259Z {"Time":"2026-10-09T04:10:23.029195581Z","Action":"output","Package":"tabmail/internal/outbound","Test":"TestExecSMTPUTF8SubmissionRecipientLedger/relay_plain/capable=false/to","Output":"--- FAIL: TestExecSMTPUTF8SubmissionRecipientLedger/relay_plain/capable=false/to (0.00s)\n"}
2026-10-09T04:10:30.5851891Z {"Time":"2026-10-09T04:10:23.029225564Z","Action":"fail","Package":"tabmail/internal/outbound","Test":"TestExecSMTPUTF8SubmissionRecipientLedger/relay_plain/capable=false/to","Elapsed":0}
2026-10-09T04:10:30.5853145Z {"Time":"2026-10-09T04:10:23.029266761Z","Action":"run","Package":"tabmail/internal/outbound","Test":"TestExecSMTPUTF8SubmissionRecipientLedger/relay_plain/capable=false/cc"}
2026-10-09T04:10:30.5854705Z {"Time":"2026-10-09T04:10:23.029274016Z","Action":"output","Package":"tabmail/internal/outbound","Test":"TestExecSMTPUTF8SubmissionRecipientLedger/relay_plain/capable=false/cc","Output":"=== RUN   TestExecSMTPUTF8SubmissionRecipientLedger/relay_plain/capable=false/cc\n"}
2026-10-09T04:10:30.5856849Z {"Time":"2026-10-09T04:10:23.033004561Z","Action":"output","Package":"tabmail/internal/outbound","Test":"TestExecSMTPUTF8SubmissionRecipientLedger/relay_plain/capable=false/cc","Output":"    r5_exec_smtputf8_test.go:506: SMTPUTF8 requirement must produce a local pre-send error, got \u003cnil\u003e\n"}
2026-10-09T04:10:30.5859521Z {"Time":"2026-10-09T04:10:23.033063786Z","Action":"output","Package":"tabmail/internal/outbound","Test":"TestExecSMTPUTF8SubmissionRecipientLedger/relay_plain/capable=false/cc","Output":"    r5_exec_smtputf8_test.go:506: EXEC09_SENT_WITHOUT_SMTPUTF8 MAIL=[\"MAIL FROM:\u003csender@example.test\u003e BODY=8BITMIME\"] RCPT=[\"RCPT TO:\u003c\\\"信箱 @ 帮助台\\\"@recipient.test\u003e\"] DATA=1 body_bytes=356\n"}
2026-10-09T04:10:30.5862802Z {"Time":"2026-10-09T04:10:23.03313235Z","Action":"output","Package":"tabmail/internal/outbound","Test":"TestExecSMTPUTF8SubmissionRecipientLedger/relay_plain/capable=false/cc","Output":"    r5_exec_smtputf8_test.go:513: actual delivery recipient state = [{Address:\"信箱 @ 帮助台\"@recipient.test State:accepted SMTPCode:250 Diagnostic:Accepted by next hop Attempts:1 UpdatedAt:2026-10-09 04:10:23.032921266 +0000 UTC}], want temporary: \u003cnil\u003e\n"}
2026-10-09T04:10:30.5869483Z {"Time":"2026-10-09T04:10:23.033283047Z","Action":"output","Package":"tabmail/internal/outbound","Test":"TestExecSMTPUTF8SubmissionRecipientLedger/relay_plain/capable=false/cc","Output":"    r5_exec_smtputf8_test.go:517: job sent state disagrees with actual peer capability: capable=false job=\u0026{TemplateVersionID:\u003cnil\u003e ContentDigest:fcdc61d287d396054c366f70a1b7555ccc253efac8f4810df8f56bde3e875ffd SubmitActor:user:3c735554-4eb2-4fc7-bcda-4363697534e3 IdempotencyKey: RequestHash:db6b5508151d889b0b32bef0c3c21bb4fb8f524e4b208debc78cafb2007ddc23 RecipientLedger:true AttachmentIDs:[] DeliveryUncertain:false ContentRedacted:false DeliveredDomains:[] InFlightDomain: SenderUserID:3c735554-4eb2-4fc7-bcda-4363697534e3 SenderKeyID:\u003cnil\u003e SenderMailboxID:e36e867c-6c10-4ce3-974e-49b531119286 TemplateName:\u003cnil\u003e DraftID:\u003cnil\u003e ID:ea926438-56cc-44d4-8284-e05ab8a2e456 TenantID:3657e2d9-2fb3-4d5d-acfe-14072dd642d0 UserID:3c735554-4eb2-4fc7-bcda-4363697534e3 APIKeyID:\u003cnil\u003e MailFrom:sender@example.test RcptTo:[\"信箱 @ 帮助台\"@recipient.test] To:[] CC:[\"信箱 @ 帮助台\"@recipient.test] BCC:[] Subject:编码主题 TextBody:消息正文\r\n"}
2026-10-09T04:10:30.5876480Z {"Time":"2026-10-09T04:10:23.033297488Z","Action":"output","Package":"tabmail/internal/outbound","Test":"TestExecSMTPUTF8SubmissionRecipientLedger/relay_plain/capable=false/cc","Output":"         HTMLBody: HeadersJSON:[] RawMIME:[] ZoneID:d9b00cfe-0abd-427c-b8cc-8c7de524697d State:sent Attempts:1 MaxAttempts:3 LastError: NextAttemptAt:2026-10-09 04:10:23.029378467 +0000 UTC ClaimedAt:\u003cnil\u003e LeaseUntil:\u003cnil\u003e SMTPCode:0xc0003a1598 SMTPResponse:Accepted by next hop MessageIDHeader:\u003c0ad21003-73f6-4641-aba0-58346c04e0e3@example.test\u003e DeliveryToken:\u003cnil\u003e CreatedAt:2026-10-09 04:10:23.029378467 +0000 UTC UpdatedAt:2026-10-09 04:10:23.032930285 +0000 UTC} err=\u003cnil\u003e\n"}
2026-10-09T04:10:30.5880038Z {"Time":"2026-10-09T04:10:23.033335047Z","Action":"output","Package":"tabmail/internal/outbound","Test":"TestExecSMTPUTF8SubmissionRecipientLedger/relay_plain/capable=false/cc","Output":"    r5_exec_smtputf8_test.go:521: capability check fabricated a server rejection or acceptance: attempts=[0xc000474160] err=\u003cnil\u003e\n"}
2026-10-09T04:10:30.5882166Z {"Time":"2026-10-09T04:10:23.033421048Z","Action":"output","Package":"tabmail/internal/outbound","Test":"TestExecSMTPUTF8SubmissionRecipientLedger/relay_plain/capable=false/cc","Output":"--- FAIL: TestExecSMTPUTF8SubmissionRecipientLedger/relay_plain/capable=false/cc (0.00s)\n"}
2026-10-09T04:10:30.5883798Z {"Time":"2026-10-09T04:10:23.033434045Z","Action":"fail","Package":"tabmail/internal/outbound","Test":"TestExecSMTPUTF8SubmissionRecipientLedger/relay_plain/capable=false/cc","Elapsed":0}
2026-10-09T04:10:30.5885211Z {"Time":"2026-10-09T04:10:23.033478368Z","Action":"run","Package":"tabmail/internal/outbound","Test":"TestExecSMTPUTF8SubmissionRecipientLedger/relay_plain/capable=false/bcc"}
2026-10-09T04:10:30.5886798Z {"Time":"2026-10-09T04:10:23.033485403Z","Action":"output","Package":"tabmail/internal/outbound","Test":"TestExecSMTPUTF8SubmissionRecipientLedger/relay_plain/capable=false/bcc","Output":"=== RUN   TestExecSMTPUTF8SubmissionRecipientLedger/relay_plain/capable=false/bcc\n"}
2026-10-09T04:10:30.5888800Z {"Time":"2026-10-09T04:10:23.037407752Z","Action":"output","Package":"tabmail/internal/outbound","Test":"TestExecSMTPUTF8SubmissionRecipientLedger/relay_plain/capable=false/bcc","Output":"    r5_exec_smtputf8_test.go:506: SMTPUTF8 requirement must produce a local pre-send error, got \u003cnil\u003e\n"}
2026-10-09T04:10:30.5891872Z {"Time":"2026-10-09T04:10:23.037426472Z","Action":"output","Package":"tabmail/internal/outbound","Test":"TestExecSMTPUTF8SubmissionRecipientLedger/relay_plain/capable=false/bcc","Output":"    r5_exec_smtputf8_test.go:506: EXEC09_SENT_WITHOUT_SMTPUTF8 MAIL=[\"MAIL FROM:\u003csender@example.test\u003e BODY=8BITMIME\"] RCPT=[\"RCPT TO:\u003c\\\"信箱 @ 帮助台\\\"@recipient.test\u003e\"] DATA=1 body_bytes=315\n"}
2026-10-09T04:10:30.5895400Z {"Time":"2026-10-09T04:10:23.037476357Z","Action":"output","Package":"tabmail/internal/outbound","Test":"TestExecSMTPUTF8SubmissionRecipientLedger/relay_plain/capable=false/bcc","Output":"    r5_exec_smtputf8_test.go:513: actual delivery recipient state = [{Address:\"信箱 @ 帮助台\"@recipient.test State:accepted SMTPCode:250 Diagnostic:Accepted by next hop Attempts:1 UpdatedAt:2026-10-09 04:10:23.037098747 +0000 UTC}], want temporary: \u003cnil\u003e\n"}
2026-10-09T04:10:30.5902150Z {"Time":"2026-10-09T04:10:23.037644371Z","Action":"output","Package":"tabmail/internal/outbound","Test":"TestExecSMTPUTF8SubmissionRecipientLedger/relay_plain/capable=false/bcc","Output":"    r5_exec_smtputf8_test.go:517: job sent state disagrees with actual peer capability: capable=false job=\u0026{TemplateVersionID:\u003cnil\u003e ContentDigest:3947ecc21be1d0f1e5da0ca235838efa024c985ee941b28ac8329a4d6080fcb9 SubmitActor:user:cffa273c-1ce2-4313-82f6-65a7288a4b3c IdempotencyKey: RequestHash:72c9b23e83657f87aea81c3c7c14531f93bd781768ff550e6d57a5f124868138 RecipientLedger:true AttachmentIDs:[] DeliveryUncertain:false ContentRedacted:false DeliveredDomains:[] InFlightDomain: SenderUserID:cffa273c-1ce2-4313-82f6-65a7288a4b3c SenderKeyID:\u003cnil\u003e SenderMailboxID:158e3cd1-bca6-4eaa-a74a-057129f372f8 TemplateName:\u003cnil\u003e DraftID:\u003cnil\u003e ID:1fca0fac-510a-4e1e-a7ff-025117427743 TenantID:1d15684e-a646-41ec-8683-ce018b124380 UserID:cffa273c-1ce2-4313-82f6-65a7288a4b3c APIKeyID:\u003cnil\u003e MailFrom:sender@example.test RcptTo:[\"信箱 @ 帮助台\"@recipient.test] To:[] CC:[] BCC:[\"信箱 @ 帮助台\"@recipient.test] Subject:编码主题 TextBody:消息正文\r\n"}
2026-10-09T04:10:30.5909180Z {"Time":"2026-10-09T04:10:23.037660626Z","Action":"output","Package":"tabmail/internal/outbound","Test":"TestExecSMTPUTF8SubmissionRecipientLedger/relay_plain/capable=false/bcc","Output":"         HTMLBody: HeadersJSON:[] RawMIME:[] ZoneID:f8e84093-ed1d-4933-a105-6c62ecd380cd State:sent Attempts:1 MaxAttempts:3 LastError: NextAttemptAt:2026-10-09 04:10:23.033618615 +0000 UTC ClaimedAt:\u003cnil\u003e LeaseUntil:\u003cnil\u003e SMTPCode:0xc0004930c8 SMTPResponse:Accepted by next hop MessageIDHeader:\u003c6e31e588-5046-413b-8007-44053ca8a175@example.test\u003e DeliveryToken:\u003cnil\u003e CreatedAt:2026-10-09 04:10:23.033618615 +0000 UTC UpdatedAt:2026-10-09 04:10:23.037107686 +0000 UTC} err=\u003cnil\u003e\n"}
2026-10-09T04:10:30.5912728Z {"Time":"2026-10-09T04:10:23.03769588Z","Action":"output","Package":"tabmail/internal/outbound","Test":"TestExecSMTPUTF8SubmissionRecipientLedger/relay_plain/capable=false/bcc","Output":"    r5_exec_smtputf8_test.go:521: capability check fabricated a server rejection or acceptance: attempts=[0xc000512160] err=\u003cnil\u003e\n"}
2026-10-09T04:10:30.5914855Z {"Time":"2026-10-09T04:10:23.037759854Z","Action":"output","Package":"tabmail/internal/outbound","Test":"TestExecSMTPUTF8SubmissionRecipientLedger/relay_plain/capable=false/bcc","Output":"--- FAIL: TestExecSMTPUTF8SubmissionRecipientLedger/relay_plain/capable=false/bcc (0.00s)\n"}
2026-10-09T04:10:30.5916611Z {"Time":"2026-10-09T04:10:23.037794617Z","Action":"fail","Package":"tabmail/internal/outbound","Test":"TestExecSMTPUTF8SubmissionRecipientLedger/relay_plain/capable=false/bcc","Elapsed":0}
2026-10-09T04:10:30.5917886Z {"Time":"2026-10-09T04:10:23.037839161Z","Action":"run","Package":"tabmail/internal/outbound","Test":"TestExecSMTPUTF8SubmissionRecipientLedger/relay_plain/capable=false/header"}
2026-10-09T04:10:30.5919495Z {"Time":"2026-10-09T04:10:23.037843901Z","Action":"output","Package":"tabmail/internal/outbound","Test":"TestExecSMTPUTF8SubmissionRecipientLedger/relay_plain/capable=false/header","Output":"=== RUN   TestExecSMTPUTF8SubmissionRecipientLedger/relay_plain/capable=false/header\n"}
2026-10-09T04:10:30.5921672Z {"Time":"2026-10-09T04:10:23.041886353Z","Action":"output","Package":"tabmail/internal/outbound","Test":"TestExecSMTPUTF8SubmissionRecipientLedger/relay_plain/capable=false/header","Output":"    r5_exec_smtputf8_test.go:506: SMTPUTF8 requirement must produce a local pre-send error, got \u003cnil\u003e\n"}
2026-10-09T04:10:30.5924101Z {"Time":"2026-10-09T04:10:23.041964047Z","Action":"output","Package":"tabmail/internal/outbound","Test":"TestExecSMTPUTF8SubmissionRecipientLedger/relay_plain/capable=false/header","Output":"    r5_exec_smtputf8_test.go:506: EXEC09_SENT_WITHOUT_SMTPUTF8 MAIL=[\"MAIL FROM:\u003csender@example.test\u003e BODY=8BITMIME\"] RCPT=[\"RCPT TO:\u003creader@recipient.test\u003e\"] DATA=1 body_bytes=368\n"}
2026-10-09T04:10:30.5927177Z {"Time":"2026-10-09T04:10:23.042038513Z","Action":"output","Package":"tabmail/internal/outbound","Test":"TestExecSMTPUTF8SubmissionRecipientLedger/relay_plain/capable=false/header","Output":"    r5_exec_smtputf8_test.go:513: actual delivery recipient state = [{Address:reader@recipient.test State:accepted SMTPCode:250 Diagnostic:Accepted by next hop Attempts:1 UpdatedAt:2026-10-09 04:10:23.041807085 +0000 UTC}], want temporary: \u003cnil\u003e\n"}
2026-10-09T04:10:30.5933707Z {"Time":"2026-10-09T04:10:23.042200705Z","Action":"output","Package":"tabmail/internal/outbound","Test":"TestExecSMTPUTF8SubmissionRecipientLedger/relay_plain/capable=false/header","Output":"    r5_exec_smtputf8_test.go:517: job sent state disagrees with actual peer capability: capable=false job=\u0026{TemplateVersionID:\u003cnil\u003e ContentDigest:f9ff01e3f905cfeae9156f549f977f22a46f462c5868a83f46c9d470e04d39a0 SubmitActor:user:24092b68-688a-49f9-82b1-43a473646066 IdempotencyKey: RequestHash:125ab434274b7d39034ce9796e92abe270ebd788e174437da7a31262776ea8cf RecipientLedger:true AttachmentIDs:[] DeliveryUncertain:false ContentRedacted:false DeliveredDomains:[] InFlightDomain: SenderUserID:24092b68-688a-49f9-82b1-43a473646066 SenderKeyID:\u003cnil\u003e SenderMailboxID:3f1e9c1c-9ddc-4e7f-90f5-5746cae826ad TemplateName:\u003cnil\u003e DraftID:\u003cnil\u003e ID:c9eade60-f671-4330-9120-fbd50d7681c3 TenantID:4b78f9ec-154c-480c-886e-286671be8b3e UserID:24092b68-688a-49f9-82b1-43a473646066 APIKeyID:\u003cnil\u003e MailFrom:sender@example.test RcptTo:[reader@recipient.test] To:[reader@recipient.test] CC:[] BCC:[] Subject:编码主题 TextBody:消息正文\r\n"}
2026-10-09T04:10:30.5941007Z {"Time":"2026-10-09T04:10:23.042215075Z","Action":"output","Package":"tabmail/internal/outbound","Test":"TestExecSMTPUTF8SubmissionRecipientLedger/relay_plain/capable=false/header","Output":"         HTMLBody: HeadersJSON:[123 34 88 45 67 97 109 112 97 105 103 110 34 58 34 230 175 143 229 145 168 231 174 128 230 138 165 34 125] RawMIME:[] ZoneID:8ebca5ef-0592-4119-9e90-9040ed6b322e State:sent Attempts:1 MaxAttempts:3 LastError: NextAttemptAt:2026-10-09 04:10:23.037971565 +0000 UTC ClaimedAt:\u003cnil\u003e LeaseUntil:\u003cnil\u003e SMTPCode:0xc0003a0278 SMTPResponse:Accepted by next hop MessageIDHeader:\u003ca001993a-1d08-4e09-9df6-d12824352a44@example.test\u003e DeliveryToken:\u003cnil\u003e CreatedAt:2026-10-09 04:10:23.037971565 +0000 UTC UpdatedAt:2026-10-09 04:10:23.041815443 +0000 UTC} err=\u003cnil\u003e\n"}
2026-10-09T04:10:30.5944836Z {"Time":"2026-10-09T04:10:23.042253236Z","Action":"output","Package":"tabmail/internal/outbound","Test":"TestExecSMTPUTF8SubmissionRecipientLedger/relay_plain/capable=false/header","Output":"    r5_exec_smtputf8_test.go:521: capability check fabricated a server rejection or acceptance: attempts=[0xc000474160] err=\u003cnil\u003e\n"}
2026-10-09T04:10:30.5947159Z {"Time":"2026-10-09T04:10:23.04234079Z","Action":"output","Package":"tabmail/internal/outbound","Test":"TestExecSMTPUTF8SubmissionRecipientLedger/relay_plain/capable=false/header","Output":"--- FAIL: TestExecSMTPUTF8SubmissionRecipientLedger/relay_plain/capable=false/header (0.00s)\n"}
2026-10-09T04:10:30.5948838Z {"Time":"2026-10-09T04:10:23.042352134Z","Action":"fail","Package":"tabmail/internal/outbound","Test":"TestExecSMTPUTF8SubmissionRecipientLedger/relay_plain/capable=false/header","Elapsed":0}
2026-10-09T04:10:30.5950272Z {"Time":"2026-10-09T04:10:23.042396567Z","Action":"run","Package":"tabmail/internal/outbound","Test":"TestExecSMTPUTF8SubmissionRecipientLedger/relay_plain/capable=true/to"}
2026-10-09T04:10:30.5951848Z {"Time":"2026-10-09T04:10:23.042404975Z","Action":"output","Package":"tabmail/internal/outbound","Test":"TestExecSMTPUTF8SubmissionRecipientLedger/relay_plain/capable=true/to","Output":"=== RUN   TestExecSMTPUTF8SubmissionRecipientLedger/relay_plain/capable=true/to\n"}
2026-10-09T04:10:30.5953807Z {"Time":"2026-10-09T04:10:23.046189373Z","Action":"output","Package":"tabmail/internal/outbound","Test":"TestExecSMTPUTF8SubmissionRecipientLedger/relay_plain/capable=true/to","Output":"--- PASS: TestExecSMTPUTF8SubmissionRecipientLedger/relay_plain/capable=true/to (0.00s)\n"}
2026-10-09T04:10:30.5955573Z {"Time":"2026-10-09T04:10:23.046226592Z","Action":"pass","Package":"tabmail/internal/outbound","Test":"TestExecSMTPUTF8SubmissionRecipientLedger/relay_plain/capable=true/to","Elapsed":0}
2026-10-09T04:10:30.5956826Z {"Time":"2026-10-09T04:10:23.046237084Z","Action":"run","Package":"tabmail/internal/outbound","Test":"TestExecSMTPUTF8SubmissionRecipientLedger/relay_plain/capable=true/cc"}
2026-10-09T04:10:30.5958380Z {"Time":"2026-10-09T04:10:23.046242425Z","Action":"output","Package":"tabmail/internal/outbound","Test":"TestExecSMTPUTF8SubmissionRecipientLedger/relay_plain/capable=true/cc","Output":"=== RUN   TestExecSMTPUTF8SubmissionRecipientLedger/relay_plain/capable=true/cc\n"}
2026-10-09T04:10:30.5960432Z {"Time":"2026-10-09T04:10:23.049994566Z","Action":"output","Package":"tabmail/internal/outbound","Test":"TestExecSMTPUTF8SubmissionRecipientLedger/relay_plain/capable=true/cc","Output":"--- PASS: TestExecSMTPUTF8SubmissionRecipientLedger/relay_plain/capable=true/cc (0.00s)\n"}
2026-10-09T04:10:30.5962043Z {"Time":"2026-10-09T04:10:23.050011431Z","Action":"pass","Package":"tabmail/internal/outbound","Test":"TestExecSMTPUTF8SubmissionRecipientLedger/relay_plain/capable=true/cc","Elapsed":0}
2026-10-09T04:10:30.5963285Z {"Time":"2026-10-09T04:10:23.050036023Z","Action":"run","Package":"tabmail/internal/outbound","Test":"TestExecSMTPUTF8SubmissionRecipientLedger/relay_plain/capable=true/bcc"}
2026-10-09T04:10:30.5964857Z {"Time":"2026-10-09T04:10:23.050042617Z","Action":"output","Package":"tabmail/internal/outbound","Test":"TestExecSMTPUTF8SubmissionRecipientLedger/relay_plain/capable=true/bcc","Output":"=== RUN   TestExecSMTPUTF8SubmissionRecipientLedger/relay_plain/capable=true/bcc\n"}
2026-10-09T04:10:30.5966918Z {"Time":"2026-10-09T04:10:23.053856717Z","Action":"output","Package":"tabmail/internal/outbound","Test":"TestExecSMTPUTF8SubmissionRecipientLedger/relay_plain/capable=true/bcc","Output":"--- PASS: TestExecSMTPUTF8SubmissionRecipientLedger/relay_plain/capable=true/bcc (0.00s)\n"}
2026-10-09T04:10:30.5968553Z {"Time":"2026-10-09T04:10:23.053873943Z","Action":"pass","Package":"tabmail/internal/outbound","Test":"TestExecSMTPUTF8SubmissionRecipientLedger/relay_plain/capable=true/bcc","Elapsed":0}
2026-10-09T04:10:30.5969817Z {"Time":"2026-10-09T04:10:23.053902092Z","Action":"run","Package":"tabmail/internal/outbound","Test":"TestExecSMTPUTF8SubmissionRecipientLedger/relay_plain/capable=true/header"}
2026-10-09T04:10:30.5971414Z {"Time":"2026-10-09T04:10:23.053908777Z","Action":"output","Package":"tabmail/internal/outbound","Test":"TestExecSMTPUTF8SubmissionRecipientLedger/relay_plain/capable=true/header","Output":"=== RUN   TestExecSMTPUTF8SubmissionRecipientLedger/relay_plain/capable=true/header\n"}
2026-10-09T04:10:30.5973410Z {"Time":"2026-10-09T04:10:23.057723779Z","Action":"output","Package":"tabmail/internal/outbound","Test":"TestExecSMTPUTF8SubmissionRecipientLedger/relay_plain/capable=true/header","Output":"--- PASS: TestExecSMTPUTF8SubmissionRecipientLedger/relay_plain/capable=true/header (0.00s)\n"}
2026-10-09T04:10:30.5975177Z {"Time":"2026-10-09T04:10:23.057743581Z","Action":"pass","Package":"tabmail/internal/outbound","Test":"TestExecSMTPUTF8SubmissionRecipientLedger/relay_plain/capable=true/header","Elapsed":0}
2026-10-09T04:10:30.5976555Z {"Time":"2026-10-09T04:10:23.057774717Z","Action":"run","Package":"tabmail/internal/outbound","Test":"TestExecSMTPUTF8SubmissionRecipientLedger/direct_plain/capable=false/to"}
2026-10-09T04:10:30.5978143Z {"Time":"2026-10-09T04:10:23.057783545Z","Action":"output","Package":"tabmail/internal/outbound","Test":"TestExecSMTPUTF8SubmissionRecipientLedger/direct_plain/capable=false/to","Output":"=== RUN   TestExecSMTPUTF8SubmissionRecipientLedger/direct_plain/capable=false/to\n"}
2026-10-09T04:10:30.5980172Z {"Time":"2026-10-09T04:10:23.061468915Z","Action":"output","Package":"tabmail/internal/outbound","Test":"TestExecSMTPUTF8SubmissionRecipientLedger/direct_plain/capable=false/to","Output":"    r5_exec_smtputf8_test.go:506: SMTPUTF8 requirement must produce a local pre-send error, got \u003cnil\u003e\n"}
2026-10-09T04:10:30.5982876Z {"Time":"2026-10-09T04:10:23.061494499Z","Action":"output","Package":"tabmail/internal/outbound","Test":"TestExecSMTPUTF8SubmissionRecipientLedger/direct_plain/capable=false/to","Output":"    r5_exec_smtputf8_test.go:506: EXEC09_SENT_WITHOUT_SMTPUTF8 MAIL=[\"MAIL FROM:\u003csender@example.test\u003e BODY=8BITMIME\"] RCPT=[\"RCPT TO:\u003c\\\"信箱 @ 帮助台\\\"@recipient.test\u003e\"] DATA=1 body_bytes=356\n"}
2026-10-09T04:10:30.5986275Z {"Time":"2026-10-09T04:10:23.061583827Z","Action":"output","Package":"tabmail/internal/outbound","Test":"TestExecSMTPUTF8SubmissionRecipientLedger/direct_plain/capable=false/to","Output":"    r5_exec_smtputf8_test.go:513: actual delivery recipient state = [{Address:\"信箱 @ 帮助台\"@recipient.test State:accepted SMTPCode:250 Diagnostic:Accepted by next hop Attempts:1 UpdatedAt:2026-10-09 04:10:23.061383669 +0000 UTC}], want temporary: \u003cnil\u003e\n"}
2026-10-09T04:10:30.5992818Z {"Time":"2026-10-09T04:10:23.061705553Z","Action":"output","Package":"tabmail/internal/outbound","Test":"TestExecSMTPUTF8SubmissionRecipientLedger/direct_plain/capable=false/to","Output":"    r5_exec_smtputf8_test.go:517: job sent state disagrees with actual peer capability: capable=false job=\u0026{TemplateVersionID:\u003cnil\u003e ContentDigest:03d2997cfa6fa273280f633b54a52ac0fa6a7cd2e6f15d9726f5ed2ebeebeeb9 SubmitActor:user:270b65da-2b7f-466e-b4a0-7f1280a3d7d8 IdempotencyKey: RequestHash:593e4aab0c018420c2d0e48d9c76eed4c9303d4a391442f86156ba0950607903 RecipientLedger:true AttachmentIDs:[] DeliveryUncertain:false ContentRedacted:false DeliveredDomains:[] InFlightDomain: SenderUserID:270b65da-2b7f-466e-b4a0-7f1280a3d7d8 SenderKeyID:\u003cnil\u003e SenderMailboxID:848d4602-d16a-4e08-91de-6b9c392a40f8 TemplateName:\u003cnil\u003e DraftID:\u003cnil\u003e ID:c3de216f-0171-4dc2-bf36-f2e572d3635c TenantID:122d205a-428a-4f1a-bb07-4520f747d15a UserID:270b65da-2b7f-466e-b4a0-7f1280a3d7d8 APIKeyID:\u003cnil\u003e MailFrom:sender@example.test RcptTo:[\"信箱 @ 帮助台\"@recipient.test] To:[\"信箱 @ 帮助台\"@recipient.test] CC:[] BCC:[] Subject:编码主题 TextBody:消息正文\r\n"}
2026-10-09T04:10:30.5999695Z {"Time":"2026-10-09T04:10:23.061720365Z","Action":"output","Package":"tabmail/internal/outbound","Test":"TestExecSMTPUTF8SubmissionRecipientLedger/direct_plain/capable=false/to","Output":"         HTMLBody: HeadersJSON:[] RawMIME:[] ZoneID:6e430520-3db3-4acd-bdfa-d5737cb19230 State:sent Attempts:1 MaxAttempts:3 LastError: NextAttemptAt:2026-10-09 04:10:23.057890025 +0000 UTC ClaimedAt:\u003cnil\u003e LeaseUntil:\u003cnil\u003e SMTPCode:0xc000492c78 SMTPResponse:Accepted by next hop MessageIDHeader:\u003c8d9fd548-68b2-4607-86ac-11c33ae20530@example.test\u003e DeliveryToken:\u003cnil\u003e CreatedAt:2026-10-09 04:10:23.057890025 +0000 UTC UpdatedAt:2026-10-09 04:10:23.061391645 +0000 UTC} err=\u003cnil\u003e\n"}
2026-10-09T04:10:30.6003255Z {"Time":"2026-10-09T04:10:23.061725726Z","Action":"output","Package":"tabmail/internal/outbound","Test":"TestExecSMTPUTF8SubmissionRecipientLedger/direct_plain/capable=false/to","Output":"    r5_exec_smtputf8_test.go:521: capability check fabricated a server rejection or acceptance: attempts=[0xc000216e70] err=\u003cnil\u003e\n"}
2026-10-09T04:10:30.6005605Z {"Time":"2026-10-09T04:10:23.061783718Z","Action":"output","Package":"tabmail/internal/outbound","Test":"TestExecSMTPUTF8SubmissionRecipientLedger/direct_plain/capable=false/to","Output":"--- FAIL: TestExecSMTPUTF8SubmissionRecipientLedger/direct_plain/capable=false/to (0.00s)\n"}
2026-10-09T04:10:30.6007257Z {"Time":"2026-10-09T04:10:23.061806306Z","Action":"fail","Package":"tabmail/internal/outbound","Test":"TestExecSMTPUTF8SubmissionRecipientLedger/direct_plain/capable=false/to","Elapsed":0}
2026-10-09T04:10:30.6008514Z {"Time":"2026-10-09T04:10:23.061844836Z","Action":"run","Package":"tabmail/internal/outbound","Test":"TestExecSMTPUTF8SubmissionRecipientLedger/direct_plain/capable=false/cc"}
2026-10-09T04:10:30.6010097Z {"Time":"2026-10-09T04:10:23.061852132Z","Action":"output","Package":"tabmail/internal/outbound","Test":"TestExecSMTPUTF8SubmissionRecipientLedger/direct_plain/capable=false/cc","Output":"=== RUN   TestExecSMTPUTF8SubmissionRecipientLedger/direct_plain/capable=false/cc\n"}
2026-10-09T04:10:30.6012109Z {"Time":"2026-10-09T04:10:23.065615466Z","Action":"output","Package":"tabmail/internal/outbound","Test":"TestExecSMTPUTF8SubmissionRecipientLedger/direct_plain/capable=false/cc","Output":"    r5_exec_smtputf8_test.go:506: SMTPUTF8 requirement must produce a local pre-send error, got \u003cnil\u003e\n"}
2026-10-09T04:10:30.6015026Z {"Time":"2026-10-09T04:10:23.065665051Z","Action":"output","Package":"tabmail/internal/outbound","Test":"TestExecSMTPUTF8SubmissionRecipientLedger/direct_plain/capable=false/cc","Output":"    r5_exec_smtputf8_test.go:506: EXEC09_SENT_WITHOUT_SMTPUTF8 MAIL=[\"MAIL FROM:\u003csender@example.test\u003e BODY=8BITMIME\"] RCPT=[\"RCPT TO:\u003c\\\"信箱 @ 帮助台\\\"@recipient.test\u003e\"] DATA=1 body_bytes=356\n"}
2026-10-09T04:10:30.6018210Z {"Time":"2026-10-09T04:10:23.0657172Z","Action":"output","Package":"tabmail/internal/outbound","Test":"TestExecSMTPUTF8SubmissionRecipientLedger/direct_plain/capable=false/cc","Output":"    r5_exec_smtputf8_test.go:513: actual delivery recipient state = [{Address:\"信箱 @ 帮助台\"@recipient.test State:accepted SMTPCode:250 Diagnostic:Accepted by next hop Attempts:1 UpdatedAt:2026-10-09 04:10:23.065537595 +0000 UTC}], want temporary: \u003cnil\u003e\n"}
2026-10-09T04:10:30.6024714Z {"Time":"2026-10-09T04:10:23.065857696Z","Action":"output","Package":"tabmail/internal/outbound","Test":"TestExecSMTPUTF8SubmissionRecipientLedger/direct_plain/capable=false/cc","Output":"    r5_exec_smtputf8_test.go:517: job sent state disagrees with actual peer capability: capable=false job=\u0026{TemplateVersionID:\u003cnil\u003e ContentDigest:fcdc61d287d396054c366f70a1b7555ccc253efac8f4810df8f56bde3e875ffd SubmitActor:user:567c04e8-6d03-4b20-8a14-30e63985b41b IdempotencyKey: RequestHash:db6b5508151d889b0b32bef0c3c21bb4fb8f524e4b208debc78cafb2007ddc23 RecipientLedger:true AttachmentIDs:[] DeliveryUncertain:false ContentRedacted:false DeliveredDomains:[] InFlightDomain: SenderUserID:567c04e8-6d03-4b20-8a14-30e63985b41b SenderKeyID:\u003cnil\u003e SenderMailboxID:e2c53766-f152-4d42-be4a-2e661c1d679e TemplateName:\u003cnil\u003e DraftID:\u003cnil\u003e ID:ea0450fb-2825-4345-b046-f61165b0618c TenantID:8b57829c-06bb-4a42-996f-16f6d73588e3 UserID:567c04e8-6d03-4b20-8a14-30e63985b41b APIKeyID:\u003cnil\u003e MailFrom:sender@example.test RcptTo:[\"信箱 @ 帮助台\"@recipient.test] To:[] CC:[\"信箱 @ 帮助台\"@recipient.test] BCC:[] Subject:编码主题 TextBody:消息正文\r\n"}
2026-10-09T04:10:30.6031690Z {"Time":"2026-10-09T04:10:23.065866605Z","Action":"output","Package":"tabmail/internal/outbound","Test":"TestExecSMTPUTF8SubmissionRecipientLedger/direct_plain/capable=false/cc","Output":"         HTMLBody: HeadersJSON:[] RawMIME:[] ZoneID:734b4055-bd3d-4901-b9c2-a8d45b678f67 State:sent Attempts:1 MaxAttempts:3 LastError: NextAttemptAt:2026-10-09 04:10:23.061947987 +0000 UTC ClaimedAt:\u003cnil\u003e LeaseUntil:\u003cnil\u003e SMTPCode:0xc000493bd8 SMTPResponse:Accepted by next hop MessageIDHeader:\u003c5d64c57c-ba40-4c29-96ef-b81862387979@example.test\u003e DeliveryToken:\u003cnil\u003e CreatedAt:2026-10-09 04:10:23.061947987 +0000 UTC UpdatedAt:2026-10-09 04:10:23.065545582 +0000 UTC} err=\u003cnil\u003e\n"}
2026-10-09T04:10:30.6035358Z {"Time":"2026-10-09T04:10:23.065913894Z","Action":"output","Package":"tabmail/internal/outbound","Test":"TestExecSMTPUTF8SubmissionRecipientLedger/direct_plain/capable=false/cc","Output":"    r5_exec_smtputf8_test.go:521: capability check fabricated a server rejection or acceptance: attempts=[0xc000217b80] err=\u003cnil\u003e\n"}
2026-10-09T04:10:30.6037493Z {"Time":"2026-10-09T04:10:23.065988Z","Action":"output","Package":"tabmail/internal/outbound","Test":"TestExecSMTPUTF8SubmissionRecipientLedger/direct_plain/capable=false/cc","Output":"--- FAIL: TestExecSMTPUTF8SubmissionRecipientLedger/direct_plain/capable=false/cc (0.00s)\n"}
2026-10-09T04:10:30.6039132Z {"Time":"2026-10-09T04:10:23.066051625Z","Action":"fail","Package":"tabmail/internal/outbound","Test":"TestExecSMTPUTF8SubmissionRecipientLedger/direct_plain/capable=false/cc","Elapsed":0}
2026-10-09T04:10:30.6040403Z {"Time":"2026-10-09T04:10:23.066067638Z","Action":"run","Package":"tabmail/internal/outbound","Test":"TestExecSMTPUTF8SubmissionRecipientLedger/direct_plain/capable=false/bcc"}
2026-10-09T04:10:30.6042003Z {"Time":"2026-10-09T04:10:23.066074012Z","Action":"output","Package":"tabmail/internal/outbound","Test":"TestExecSMTPUTF8SubmissionRecipientLedger/direct_plain/capable=false/bcc","Output":"=== RUN   TestExecSMTPUTF8SubmissionRecipientLedger/direct_plain/capable=false/bcc\n"}
2026-10-09T04:10:30.6044156Z {"Time":"2026-10-09T04:10:23.069775015Z","Action":"output","Package":"tabmail/internal/outbound","Test":"TestExecSMTPUTF8SubmissionRecipientLedger/direct_plain/capable=false/bcc","Output":"    r5_exec_smtputf8_test.go:506: SMTPUTF8 requirement must produce a local pre-send error, got \u003cnil\u003e\n"}
2026-10-09T04:10:30.6046966Z {"Time":"2026-10-09T04:10:23.069821002Z","Action":"output","Package":"tabmail/internal/outbound","Test":"TestExecSMTPUTF8SubmissionRecipientLedger/direct_plain/capable=false/bcc","Output":"    r5_exec_smtputf8_test.go:506: EXEC09_SENT_WITHOUT_SMTPUTF8 MAIL=[\"MAIL FROM:\u003csender@example.test\u003e BODY=8BITMIME\"] RCPT=[\"RCPT TO:\u003c\\\"信箱 @ 帮助台\\\"@recipient.test\u003e\"] DATA=1 body_bytes=315\n"}
2026-10-09T04:10:30.6050145Z {"Time":"2026-10-09T04:10:23.069911693Z","Action":"output","Package":"tabmail/internal/outbound","Test":"TestExecSMTPUTF8SubmissionRecipientLedger/direct_plain/capable=false/bcc","Output":"    r5_exec_smtputf8_test.go:513: actual delivery recipient state = [{Address:\"信箱 @ 帮助台\"@recipient.test State:accepted SMTPCode:250 Diagnostic:Accepted by next hop Attempts:1 UpdatedAt:2026-10-09 04:10:23.069678321 +0000 UTC}], want temporary: \u003cnil\u003e\n"}
2026-10-09T04:10:30.6056817Z {"Time":"2026-10-09T04:10:23.070055035Z","Action":"output","Package":"tabmail/internal/outbound","Test":"TestExecSMTPUTF8SubmissionRecipientLedger/direct_plain/capable=false/bcc","Output":"    r5_exec_smtputf8_test.go:517: job sent state disagrees with actual peer capability: capable=false job=\u0026{TemplateVersionID:\u003cnil\u003e ContentDigest:3947ecc21be1d0f1e5da0ca235838efa024c985ee941b28ac8329a4d6080fcb9 SubmitActor:user:890c3b3e-1b25-4dd8-b307-c3e7d23346e2 IdempotencyKey: RequestHash:72c9b23e83657f87aea81c3c7c14531f93bd781768ff550e6d57a5f124868138 RecipientLedger:true AttachmentIDs:[] DeliveryUncertain:false ContentRedacted:false DeliveredDomains:[] InFlightDomain: SenderUserID:890c3b3e-1b25-4dd8-b307-c3e7d23346e2 SenderKeyID:\u003cnil\u003e SenderMailboxID:693b1a9f-d3d0-4d46-a635-24398cd774e1 TemplateName:\u003cnil\u003e DraftID:\u003cnil\u003e ID:a69174e9-5383-4537-a02b-8ce1b0dc3e7c TenantID:599dc18b-3cc9-49c2-b440-f63ec77f4232 UserID:890c3b3e-1b25-4dd8-b307-c3e7d23346e2 APIKeyID:\u003cnil\u003e MailFrom:sender@example.test RcptTo:[\"信箱 @ 帮助台\"@recipient.test] To:[] CC:[] BCC:[\"信箱 @ 帮助台\"@recipient.test] Subject:编码主题 TextBody:消息正文\r\n"}
2026-10-09T04:10:30.6063679Z {"Time":"2026-10-09T04:10:23.070070938Z","Action":"output","Package":"tabmail/internal/outbound","Test":"TestExecSMTPUTF8SubmissionRecipientLedger/direct_plain/capable=false/bcc","Output":"         HTMLBody: HeadersJSON:[] RawMIME:[] ZoneID:d8528dc4-2622-48ea-8f46-dd97896f1af2 State:sent Attempts:1 MaxAttempts:3 LastError: NextAttemptAt:2026-10-09 04:10:23.06618582 +0000 UTC ClaimedAt:\u003cnil\u003e LeaseUntil:\u003cnil\u003e SMTPCode:0xc000014518 SMTPResponse:Accepted by next hop MessageIDHeader:\u003c87b3489c-6c8d-4546-a23e-730d72979479@example.test\u003e DeliveryToken:\u003cnil\u003e CreatedAt:2026-10-09 04:10:23.06618582 +0000 UTC UpdatedAt:2026-10-09 04:10:23.069687139 +0000 UTC} err=\u003cnil\u003e\n"}
2026-10-09T04:10:30.6067625Z {"Time":"2026-10-09T04:10:23.07011463Z","Action":"output","Package":"tabmail/internal/outbound","Test":"TestExecSMTPUTF8SubmissionRecipientLedger/direct_plain/capable=false/bcc","Output":"    r5_exec_smtputf8_test.go:521: capability check fabricated a server rejection or acceptance: attempts=[0xc000512b00] err=\u003cnil\u003e\n"}
2026-10-09T04:10:30.6069787Z {"Time":"2026-10-09T04:10:23.070215643Z","Action":"output","Package":"tabmail/internal/outbound","Test":"TestExecSMTPUTF8SubmissionRecipientLedger/direct_plain/capable=false/bcc","Output":"--- FAIL: TestExecSMTPUTF8SubmissionRecipientLedger/direct_plain/capable=false/bcc (0.00s)\n"}
2026-10-09T04:10:30.6071579Z {"Time":"2026-10-09T04:10:23.070230554Z","Action":"fail","Package":"tabmail/internal/outbound","Test":"TestExecSMTPUTF8SubmissionRecipientLedger/direct_plain/capable=false/bcc","Elapsed":0}
2026-10-09T04:10:30.6072857Z {"Time":"2026-10-09T04:10:23.0702759Z","Action":"run","Package":"tabmail/internal/outbound","Test":"TestExecSMTPUTF8SubmissionRecipientLedger/direct_plain/capable=false/header"}
2026-10-09T04:10:30.6074485Z {"Time":"2026-10-09T04:10:23.070284227Z","Action":"output","Package":"tabmail/internal/outbound","Test":"TestExecSMTPUTF8SubmissionRecipientLedger/direct_plain/capable=false/header","Output":"=== RUN   TestExecSMTPUTF8SubmissionRecipientLedger/direct_plain/capable=false/header\n"}
2026-10-09T04:10:30.6076788Z {"Time":"2026-10-09T04:10:23.07405171Z","Action":"output","Package":"tabmail/internal/outbound","Test":"TestExecSMTPUTF8SubmissionRecipientLedger/direct_plain/capable=false/header","Output":"    r5_exec_smtputf8_test.go:506: SMTPUTF8 requirement must produce a local pre-send error, got \u003cnil\u003e\n"}
2026-10-09T04:10:30.6079242Z {"Time":"2026-10-09T04:10:23.074099791Z","Action":"output","Package":"tabmail/internal/outbound","Test":"TestExecSMTPUTF8SubmissionRecipientLedger/direct_plain/capable=false/header","Output":"    r5_exec_smtputf8_test.go:506: EXEC09_SENT_WITHOUT_SMTPUTF8 MAIL=[\"MAIL FROM:\u003csender@example.test\u003e BODY=8BITMIME\"] RCPT=[\"RCPT TO:\u003creader@recipient.test\u003e\"] DATA=1 body_bytes=368\n"}
2026-10-09T04:10:30.6082144Z {"Time":"2026-10-09T04:10:23.074146219Z","Action":"output","Package":"tabmail/internal/outbound","Test":"TestExecSMTPUTF8SubmissionRecipientLedger/direct_plain/capable=false/header","Output":"    r5_exec_smtputf8_test.go:513: actual delivery recipient state = [{Address:reader@recipient.test State:accepted SMTPCode:250 Diagnostic:Accepted by next hop Attempts:1 UpdatedAt:2026-10-09 04:10:23.07397798 +0000 UTC}], want temporary: \u003cnil\u003e\n"}
2026-10-09T04:10:30.6089004Z {"Time":"2026-10-09T04:10:23.074316157Z","Action":"output","Package":"tabmail/internal/outbound","Test":"TestExecSMTPUTF8SubmissionRecipientLedger/direct_plain/capable=false/header","Output":"    r5_exec_smtputf8_test.go:517: job sent state disagrees with actual peer capability: capable=false job=\u0026{TemplateVersionID:\u003cnil\u003e ContentDigest:f9ff01e3f905cfeae9156f549f977f22a46f462c5868a83f46c9d470e04d39a0 SubmitActor:user:0659f08c-f2bb-462f-ad6b-778636ba4288 IdempotencyKey: RequestHash:125ab434274b7d39034ce9796e92abe270ebd788e174437da7a31262776ea8cf RecipientLedger:true AttachmentIDs:[] DeliveryUncertain:false ContentRedacted:false DeliveredDomains:[] InFlightDomain: SenderUserID:0659f08c-f2bb-462f-ad6b-778636ba4288 SenderKeyID:\u003cnil\u003e SenderMailboxID:c4d4a320-0af6-45d4-a1ae-2b7c4f02bba3 TemplateName:\u003cnil\u003e DraftID:\u003cnil\u003e ID:09d70cd6-6c7b-4b31-a100-53d3232667bd TenantID:e35795ec-f4f4-4ba0-b901-3892c0d06284 UserID:0659f08c-f2bb-462f-ad6b-778636ba4288 APIKeyID:\u003cnil\u003e MailFrom:sender@example.test RcptTo:[reader@recipient.test] To:[reader@recipient.test] CC:[] BCC:[] Subject:编码主题 TextBody:消息正文\r\n"}
2026-10-09T04:10:30.6096205Z {"Time":"2026-10-09T04:10:23.074323362Z","Action":"output","Package":"tabmail/internal/outbound","Test":"TestExecSMTPUTF8SubmissionRecipientLedger/direct_plain/capable=false/header","Output":"         HTMLBody: HeadersJSON:[123 34 88 45 67 97 109 112 97 105 103 110 34 58 34 230 175 143 229 145 168 231 174 128 230 138 165 34 125] RawMIME:[] ZoneID:cb0b69b6-6061-47f4-811c-dc40ced2517b State:sent Attempts:1 MaxAttempts:3 LastError: NextAttemptAt:2026-10-09 04:10:23.070403177 +0000 UTC ClaimedAt:\u003cnil\u003e LeaseUntil:\u003cnil\u003e SMTPCode:0xc0003a15b8 SMTPResponse:Accepted by next hop MessageIDHeader:\u003ca37031d9-e2d5-404a-8006-5e4ecfac3795@example.test\u003e DeliveryToken:\u003cnil\u003e CreatedAt:2026-10-09 04:10:23.070403177 +0000 UTC UpdatedAt:2026-10-09 04:10:23.073985766 +0000 UTC} err=\u003cnil\u003e\n"}
2026-10-09T04:10:30.6100082Z {"Time":"2026-10-09T04:10:23.074367966Z","Action":"output","Package":"tabmail/internal/outbound","Test":"TestExecSMTPUTF8SubmissionRecipientLedger/direct_plain/capable=false/header","Output":"    r5_exec_smtputf8_test.go:521: capability check fabricated a server rejection or acceptance: attempts=[0xc000475ce0] err=\u003cnil\u003e\n"}
2026-10-09T04:10:30.6102388Z {"Time":"2026-10-09T04:10:23.074427962Z","Action":"output","Package":"tabmail/internal/outbound","Test":"TestExecSMTPUTF8SubmissionRecipientLedger/direct_plain/capable=false/header","Output":"--- FAIL: TestExecSMTPUTF8SubmissionRecipientLedger/direct_plain/capable=false/header (0.00s)\n"}
2026-10-09T04:10:30.6104096Z {"Time":"2026-10-09T04:10:23.074473278Z","Action":"fail","Package":"tabmail/internal/outbound","Test":"TestExecSMTPUTF8SubmissionRecipientLedger/direct_plain/capable=false/header","Elapsed":0}
2026-10-09T04:10:30.6105485Z {"Time":"2026-10-09T04:10:23.074492719Z","Action":"run","Package":"tabmail/internal/outbound","Test":"TestExecSMTPUTF8SubmissionRecipientLedger/direct_plain/capable=true/to"}
2026-10-09T04:10:30.6107066Z {"Time":"2026-10-09T04:10:23.074510065Z","Action":"output","Package":"tabmail/internal/outbound","Test":"TestExecSMTPUTF8SubmissionRecipientLedger/direct_plain/capable=true/to","Output":"=== RUN   TestExecSMTPUTF8SubmissionRecipientLedger/direct_plain/capable=true/to\n"}
2026-10-09T04:10:30.6109019Z {"Time":"2026-10-09T04:10:23.079313659Z","Action":"output","Package":"tabmail/internal/outbound","Test":"TestExecSMTPUTF8SubmissionRecipientLedger/direct_plain/capable=true/to","Output":"--- PASS: TestExecSMTPUTF8SubmissionRecipientLedger/direct_plain/capable=true/to (0.00s)\n"}
2026-10-09T04:10:30.6110658Z {"Time":"2026-10-09T04:10:23.079329151Z","Action":"pass","Package":"tabmail/internal/outbound","Test":"TestExecSMTPUTF8SubmissionRecipientLedger/direct_plain/capable=true/to","Elapsed":0}
2026-10-09T04:10:30.6111911Z {"Time":"2026-10-09T04:10:23.079339183Z","Action":"run","Package":"tabmail/internal/outbound","Test":"TestExecSMTPUTF8SubmissionRecipientLedger/direct_plain/capable=true/cc"}
2026-10-09T04:10:30.6113484Z {"Time":"2026-10-09T04:10:23.079344414Z","Action":"output","Package":"tabmail/internal/outbound","Test":"TestExecSMTPUTF8SubmissionRecipientLedger/direct_plain/capable=true/cc","Output":"=== RUN   TestExecSMTPUTF8SubmissionRecipientLedger/direct_plain/capable=true/cc\n"}
2026-10-09T04:10:30.6115519Z {"Time":"2026-10-09T04:10:23.08422Z","Action":"output","Package":"tabmail/internal/outbound","Test":"TestExecSMTPUTF8SubmissionRecipientLedger/direct_plain/capable=true/cc","Output":"--- PASS: TestExecSMTPUTF8SubmissionRecipientLedger/direct_plain/capable=true/cc (0.00s)\n"}
2026-10-09T04:10:30.6117262Z {"Time":"2026-10-09T04:10:23.084238308Z","Action":"pass","Package":"tabmail/internal/outbound","Test":"TestExecSMTPUTF8SubmissionRecipientLedger/direct_plain/capable=true/cc","Elapsed":0}
2026-10-09T04:10:30.6118525Z {"Time":"2026-10-09T04:10:23.084279024Z","Action":"run","Package":"tabmail/internal/outbound","Test":"TestExecSMTPUTF8SubmissionRecipientLedger/direct_plain/capable=true/bcc"}
2026-10-09T04:10:30.6120109Z {"Time":"2026-10-09T04:10:23.08428656Z","Action":"output","Package":"tabmail/internal/outbound","Test":"TestExecSMTPUTF8SubmissionRecipientLedger/direct_plain/capable=true/bcc","Output":"=== RUN   TestExecSMTPUTF8SubmissionRecipientLedger/direct_plain/capable=true/bcc\n"}
2026-10-09T04:10:30.6122066Z {"Time":"2026-10-09T04:10:23.08790595Z","Action":"output","Package":"tabmail/internal/outbound","Test":"TestExecSMTPUTF8SubmissionRecipientLedger/direct_plain/capable=true/bcc","Output":"--- PASS: TestExecSMTPUTF8SubmissionRecipientLedger/direct_plain/capable=true/bcc (0.00s)\n"}
2026-10-09T04:10:30.6123709Z {"Time":"2026-10-09T04:10:23.087923618Z","Action":"pass","Package":"tabmail/internal/outbound","Test":"TestExecSMTPUTF8SubmissionRecipientLedger/direct_plain/capable=true/bcc","Elapsed":0}
2026-10-09T04:10:30.6125136Z {"Time":"2026-10-09T04:10:23.08795304Z","Action":"run","Package":"tabmail/internal/outbound","Test":"TestExecSMTPUTF8SubmissionRecipientLedger/direct_plain/capable=true/header"}
2026-10-09T04:10:30.6126964Z {"Time":"2026-10-09T04:10:23.087958191Z","Action":"output","Package":"tabmail/internal/outbound","Test":"TestExecSMTPUTF8SubmissionRecipientLedger/direct_plain/capable=true/header","Output":"=== RUN   TestExecSMTPUTF8SubmissionRecipientLedger/direct_plain/capable=true/header\n"}
2026-10-09T04:10:30.6129024Z {"Time":"2026-10-09T04:10:23.091769465Z","Action":"output","Package":"tabmail/internal/outbound","Test":"TestExecSMTPUTF8SubmissionRecipientLedger/direct_plain/capable=true/header","Output":"--- PASS: TestExecSMTPUTF8SubmissionRecipientLedger/direct_plain/capable=true/header (0.00s)\n"}
2026-10-09T04:10:30.6130728Z {"Time":"2026-10-09T04:10:23.091786221Z","Action":"pass","Package":"tabmail/internal/outbound","Test":"TestExecSMTPUTF8SubmissionRecipientLedger/direct_plain/capable=true/header","Elapsed":0}
2026-10-09T04:10:30.6132174Z {"Time":"2026-10-09T04:10:23.091829752Z","Action":"output","Package":"tabmail/internal/outbound","Test":"TestExecSMTPUTF8SubmissionRecipientLedger","Output":"--- FAIL: TestExecSMTPUTF8SubmissionRecipientLedger (0.07s)\n"}
2026-10-09T04:10:30.6133500Z {"Time":"2026-10-09T04:10:23.091842189Z","Action":"fail","Package":"tabmail/internal/outbound","Test":"TestExecSMTPUTF8SubmissionRecipientLedger","Elapsed":0.07}
2026-10-09T04:10:30.6134427Z {"Time":"2026-10-09T04:10:23.092071662Z","Action":"output","Package":"tabmail/internal/outbound","Output":"FAIL\n"}
2026-10-09T04:10:30.6135433Z {"Time":"2026-10-09T04:10:23.094218916Z","Action":"output","Package":"tabmail/internal/outbound","Output":"FAIL\ttabmail/internal/outbound\t0.811s\n"}
2026-10-09T04:10:30.6136282Z {"Time":"2026-10-09T04:10:23.094235752Z","Action":"fail","Package":"tabmail/internal/outbound","Elapsed":0.811}
2026-10-09T04:10:30.6136686Z 
2026-10-09T04:10:30.6136822Z EXEC09_RAW_END baseline/go-test.jsonl
2026-10-09T04:10:30.6137129Z EXEC09_RAW_BEGIN baseline/go-test.stderr
2026-10-09T04:10:30.6137326Z 
2026-10-09T04:10:30.6137439Z EXEC09_RAW_END baseline/go-test.stderr
2026-10-09T04:10:30.6137744Z EXEC09_RAW_BEGIN baseline/verified.json
2026-10-09T04:10:30.6138037Z {
2026-10-09T04:10:30.6138237Z   "before": {
2026-10-09T04:10:30.6138561Z     "commit": "6a5e3dce6a117082fc0ace2cb06bd5cc3bb45a0b",
2026-10-09T04:10:30.6138994Z     "tree": "3a3121e5aaffc5240894b9a18f3941c957330929",
2026-10-09T04:10:30.6139534Z     "test_sha256": "03047b4ba6b9c4590e032dfc58eeada6750e3b2e4c7aa80b96859ab98354e372"
2026-10-09T04:10:30.6139946Z   },
2026-10-09T04:10:30.6140138Z   "after": {
2026-10-09T04:10:30.6140460Z     "commit": "6a5e3dce6a117082fc0ace2cb06bd5cc3bb45a0b",
2026-10-09T04:10:30.6140872Z     "tree": "3a3121e5aaffc5240894b9a18f3941c957330929",
2026-10-09T04:10:30.6141404Z     "test_sha256": "03047b4ba6b9c4590e032dfc58eeada6750e3b2e4c7aa80b96859ab98354e372"
2026-10-09T04:10:30.6141809Z   },
2026-10-09T04:10:30.6142127Z   "command": [
2026-10-09T04:10:30.6142339Z     "go",
2026-10-09T04:10:30.6142530Z     "test",
2026-10-09T04:10:30.6142744Z     "-mod=readonly",
2026-10-09T04:10:30.6142972Z     "-json",
2026-10-09T04:10:30.6143173Z     "-race",
2026-10-09T04:10:30.6143368Z     "-p",
2026-10-09T04:10:30.6143559Z     "1",
2026-10-09T04:10:30.6143754Z     "-count=1",
2026-10-09T04:10:30.6143983Z     "-timeout=120s",
2026-10-09T04:10:30.6144199Z     "-run",
2026-10-09T04:10:30.6144425Z     "^TestExecSMTPUTF8",
2026-10-09T04:10:30.6144688Z     "./internal/outbound"
2026-10-09T04:10:30.6145070Z   ],
2026-10-09T04:10:30.6145272Z   "exit_code": 1,
2026-10-09T04:10:30.6145498Z   "timed_out": false,
2026-10-09T04:10:30.6145930Z   "stdout_sha256": "7117cb65c4fc2dafb1ad7db5daffb4c6a5208a050fcff283340773d5b17ca7a0",
2026-10-09T04:10:30.6146561Z   "stderr_sha256": "e3b0c44298fc1c149afbf4c8996fb92427ae41e4649b934ca495991b7852b855",
2026-10-09T04:10:30.6146989Z   "results": {
2026-10-09T04:10:30.6147220Z     "started_ids": [
2026-10-09T04:10:30.6147518Z       "TestExecSMTPUTF8Capabilities",
2026-10-09T04:10:30.6148075Z       "TestExecSMTPUTF8Capabilities/direct_plain/capable=false/ascii_quoted_alabel",
2026-10-09T04:10:30.6148938Z       "TestExecSMTPUTF8Capabilities/direct_plain/capable=false/eight_bit_body_only",
2026-10-09T04:10:30.6149720Z       "TestExecSMTPUTF8Capabilities/direct_plain/capable=false/encoded_headers_body_and_attachment",
2026-10-09T04:10:30.6150535Z       "TestExecSMTPUTF8Capabilities/direct_plain/capable=false/unicode_domain_envelope_only",
2026-10-09T04:10:30.6151257Z       "TestExecSMTPUTF8Capabilities/direct_plain/capable=false/unicode_last_bcc",
2026-10-09T04:10:30.6152021Z       "TestExecSMTPUTF8Capabilities/direct_plain/capable=false/unicode_recipient_envelope_only",
2026-10-09T04:10:30.6152812Z       "TestExecSMTPUTF8Capabilities/direct_plain/capable=false/unicode_sender_envelope_only",
2026-10-09T04:10:30.6153574Z       "TestExecSMTPUTF8Capabilities/direct_plain/capable=false/unicode_top_level_header",
2026-10-09T04:10:30.6154297Z       "TestExecSMTPUTF8Capabilities/direct_plain/capable=true/ascii_quoted_alabel",
2026-10-09T04:10:30.6155171Z       "TestExecSMTPUTF8Capabilities/direct_plain/capable=true/eight_bit_body_only",
2026-10-09T04:10:30.6155955Z       "TestExecSMTPUTF8Capabilities/direct_plain/capable=true/encoded_headers_body_and_attachment",
2026-10-09T04:10:30.6156753Z       "TestExecSMTPUTF8Capabilities/direct_plain/capable=true/unicode_domain_envelope_only",
2026-10-09T04:10:30.6157469Z       "TestExecSMTPUTF8Capabilities/direct_plain/capable=true/unicode_last_bcc",
2026-10-09T04:10:30.6158212Z       "TestExecSMTPUTF8Capabilities/direct_plain/capable=true/unicode_recipient_envelope_only",
2026-10-09T04:10:30.6158994Z       "TestExecSMTPUTF8Capabilities/direct_plain/capable=true/unicode_sender_envelope_only",
2026-10-09T04:10:30.6159749Z       "TestExecSMTPUTF8Capabilities/direct_plain/capable=true/unicode_top_level_header",
2026-10-09T04:10:30.6160494Z       "TestExecSMTPUTF8Capabilities/direct_starttls/capable=false/ascii_quoted_alabel",
2026-10-09T04:10:30.6161212Z       "TestExecSMTPUTF8Capabilities/direct_starttls/capable=false/eight_bit_body_only",
2026-10-09T04:10:30.6162019Z       "TestExecSMTPUTF8Capabilities/direct_starttls/capable=false/encoded_headers_body_and_attachment",
2026-10-09T04:10:30.6162857Z       "TestExecSMTPUTF8Capabilities/direct_starttls/capable=false/unicode_domain_envelope_only",
2026-10-09T04:10:30.6163595Z       "TestExecSMTPUTF8Capabilities/direct_starttls/capable=false/unicode_last_bcc",
2026-10-09T04:10:30.6164370Z       "TestExecSMTPUTF8Capabilities/direct_starttls/capable=false/unicode_recipient_envelope_only",
2026-10-09T04:10:30.6165353Z       "TestExecSMTPUTF8Capabilities/direct_starttls/capable=false/unicode_sender_envelope_only",
2026-10-09T04:10:30.6166136Z       "TestExecSMTPUTF8Capabilities/direct_starttls/capable=false/unicode_top_level_header",
2026-10-09T04:10:30.6167041Z       "TestExecSMTPUTF8Capabilities/direct_starttls/capable=true/ascii_quoted_alabel",
2026-10-09T04:10:30.6167755Z       "TestExecSMTPUTF8Capabilities/direct_starttls/capable=true/eight_bit_body_only",
2026-10-09T04:10:30.6168550Z       "TestExecSMTPUTF8Capabilities/direct_starttls/capable=true/encoded_headers_body_and_attachment",
2026-10-09T04:10:30.6169375Z       "TestExecSMTPUTF8Capabilities/direct_starttls/capable=true/unicode_domain_envelope_only",
2026-10-09T04:10:30.6170108Z       "TestExecSMTPUTF8Capabilities/direct_starttls/capable=true/unicode_last_bcc",
2026-10-09T04:10:30.6170873Z       "TestExecSMTPUTF8Capabilities/direct_starttls/capable=true/unicode_recipient_envelope_only",
2026-10-09T04:10:30.6171687Z       "TestExecSMTPUTF8Capabilities/direct_starttls/capable=true/unicode_sender_envelope_only",
2026-10-09T04:10:30.6172457Z       "TestExecSMTPUTF8Capabilities/direct_starttls/capable=true/unicode_top_level_header",
2026-10-09T04:10:30.6173207Z       "TestExecSMTPUTF8Capabilities/relay_implicit_tls/capable=false/ascii_quoted_alabel",
2026-10-09T04:10:30.6173963Z       "TestExecSMTPUTF8Capabilities/relay_implicit_tls/capable=false/eight_bit_body_only",
2026-10-09T04:10:30.6174796Z       "TestExecSMTPUTF8Capabilities/relay_implicit_tls/capable=false/encoded_headers_body_and_attachment",
2026-10-09T04:10:30.6175957Z       "TestExecSMTPUTF8Capabilities/relay_implicit_tls/capable=false/unicode_domain_envelope_only",
2026-10-09T04:10:30.6176721Z       "TestExecSMTPUTF8Capabilities/relay_implicit_tls/capable=false/unicode_last_bcc",
2026-10-09T04:10:30.6177548Z       "TestExecSMTPUTF8Capabilities/relay_implicit_tls/capable=false/unicode_recipient_envelope_only",
2026-10-09T04:10:30.6178382Z       "TestExecSMTPUTF8Capabilities/relay_implicit_tls/capable=false/unicode_sender_envelope_only",
2026-10-09T04:10:30.6179182Z       "TestExecSMTPUTF8Capabilities/relay_implicit_tls/capable=false/unicode_top_level_header",
2026-10-09T04:10:30.6179944Z       "TestExecSMTPUTF8Capabilities/relay_implicit_tls/capable=true/ascii_quoted_alabel",
2026-10-09T04:10:30.6180688Z       "TestExecSMTPUTF8Capabilities/relay_implicit_tls/capable=true/eight_bit_body_only",
2026-10-09T04:10:30.6181568Z       "TestExecSMTPUTF8Capabilities/relay_implicit_tls/capable=true/encoded_headers_body_and_attachment",
2026-10-09T04:10:30.6182415Z       "TestExecSMTPUTF8Capabilities/relay_implicit_tls/capable=true/unicode_domain_envelope_only",
2026-10-09T04:10:30.6183170Z       "TestExecSMTPUTF8Capabilities/relay_implicit_tls/capable=true/unicode_last_bcc",
2026-10-09T04:10:30.6183977Z       "TestExecSMTPUTF8Capabilities/relay_implicit_tls/capable=true/unicode_recipient_envelope_only",
2026-10-09T04:10:30.6184800Z       "TestExecSMTPUTF8Capabilities/relay_implicit_tls/capable=true/unicode_sender_envelope_only",
2026-10-09T04:10:30.6185750Z       "TestExecSMTPUTF8Capabilities/relay_implicit_tls/capable=true/unicode_top_level_header",
2026-10-09T04:10:30.6186479Z       "TestExecSMTPUTF8Capabilities/relay_plain/capable=false/ascii_quoted_alabel",
2026-10-09T04:10:30.6187167Z       "TestExecSMTPUTF8Capabilities/relay_plain/capable=false/eight_bit_body_only",
2026-10-09T04:10:30.6187941Z       "TestExecSMTPUTF8Capabilities/relay_plain/capable=false/encoded_headers_body_and_attachment",
2026-10-09T04:10:30.6188755Z       "TestExecSMTPUTF8Capabilities/relay_plain/capable=false/unicode_domain_envelope_only",
2026-10-09T04:10:30.6189464Z       "TestExecSMTPUTF8Capabilities/relay_plain/capable=false/unicode_last_bcc",
2026-10-09T04:10:30.6190208Z       "TestExecSMTPUTF8Capabilities/relay_plain/capable=false/unicode_recipient_envelope_only",
2026-10-09T04:10:30.6190997Z       "TestExecSMTPUTF8Capabilities/relay_plain/capable=false/unicode_sender_envelope_only",
2026-10-09T04:10:30.6191740Z       "TestExecSMTPUTF8Capabilities/relay_plain/capable=false/unicode_top_level_header",
2026-10-09T04:10:30.6192445Z       "TestExecSMTPUTF8Capabilities/relay_plain/capable=true/ascii_quoted_alabel",
2026-10-09T04:10:30.6193124Z       "TestExecSMTPUTF8Capabilities/relay_plain/capable=true/eight_bit_body_only",
2026-10-09T04:10:30.6194003Z       "TestExecSMTPUTF8Capabilities/relay_plain/capable=true/encoded_headers_body_and_attachment",
2026-10-09T04:10:30.6194792Z       "TestExecSMTPUTF8Capabilities/relay_plain/capable=true/unicode_domain_envelope_only",
2026-10-09T04:10:30.6195647Z       "TestExecSMTPUTF8Capabilities/relay_plain/capable=true/unicode_last_bcc",
2026-10-09T04:10:30.6196410Z       "TestExecSMTPUTF8Capabilities/relay_plain/capable=true/unicode_recipient_envelope_only",
2026-10-09T04:10:30.6197186Z       "TestExecSMTPUTF8Capabilities/relay_plain/capable=true/unicode_sender_envelope_only",
2026-10-09T04:10:30.6197919Z       "TestExecSMTPUTF8Capabilities/relay_plain/capable=true/unicode_top_level_header",
2026-10-09T04:10:30.6198629Z       "TestExecSMTPUTF8Capabilities/relay_starttls/capable=false/ascii_quoted_alabel",
2026-10-09T04:10:30.6199338Z       "TestExecSMTPUTF8Capabilities/relay_starttls/capable=false/eight_bit_body_only",
2026-10-09T04:10:30.6200137Z       "TestExecSMTPUTF8Capabilities/relay_starttls/capable=false/encoded_headers_body_and_attachment",
2026-10-09T04:10:30.6200958Z       "TestExecSMTPUTF8Capabilities/relay_starttls/capable=false/unicode_domain_envelope_only",
2026-10-09T04:10:30.6201684Z       "TestExecSMTPUTF8Capabilities/relay_starttls/capable=false/unicode_last_bcc",
2026-10-09T04:10:30.6202582Z       "TestExecSMTPUTF8Capabilities/relay_starttls/capable=false/unicode_recipient_envelope_only",
2026-10-09T04:10:30.6203385Z       "TestExecSMTPUTF8Capabilities/relay_starttls/capable=false/unicode_sender_envelope_only",
2026-10-09T04:10:30.6204154Z       "TestExecSMTPUTF8Capabilities/relay_starttls/capable=false/unicode_top_level_header",
2026-10-09T04:10:30.6205043Z       "TestExecSMTPUTF8Capabilities/relay_starttls/capable=true/ascii_quoted_alabel",
2026-10-09T04:10:30.6205775Z       "TestExecSMTPUTF8Capabilities/relay_starttls/capable=true/eight_bit_body_only",
2026-10-09T04:10:30.6206575Z       "TestExecSMTPUTF8Capabilities/relay_starttls/capable=true/encoded_headers_body_and_attachment",
2026-10-09T04:10:30.6207395Z       "TestExecSMTPUTF8Capabilities/relay_starttls/capable=true/unicode_domain_envelope_only",
2026-10-09T04:10:30.6208126Z       "TestExecSMTPUTF8Capabilities/relay_starttls/capable=true/unicode_last_bcc",
2026-10-09T04:10:30.6208896Z       "TestExecSMTPUTF8Capabilities/relay_starttls/capable=true/unicode_recipient_envelope_only",
2026-10-09T04:10:30.6209724Z       "TestExecSMTPUTF8Capabilities/relay_starttls/capable=true/unicode_sender_envelope_only",
2026-10-09T04:10:30.6210499Z       "TestExecSMTPUTF8Capabilities/relay_starttls/capable=true/unicode_top_level_header",
2026-10-09T04:10:30.6211026Z       "TestExecSMTPUTF8HELOFallback",
2026-10-09T04:10:30.6211512Z       "TestExecSMTPUTF8HELOFallback/direct_plain/ascii_quoted_alabel",
2026-10-09T04:10:30.6212145Z       "TestExecSMTPUTF8HELOFallback/direct_plain/unicode_sender_envelope_only",
2026-10-09T04:10:30.6212764Z       "TestExecSMTPUTF8HELOFallback/relay_plain/ascii_quoted_alabel",
2026-10-09T04:10:30.6213383Z       "TestExecSMTPUTF8HELOFallback/relay_plain/unicode_sender_envelope_only",
2026-10-09T04:10:30.6213892Z       "TestExecSMTPUTF8RefreshAfterSTARTTLS",
2026-10-09T04:10:30.6214652Z       "TestExecSMTPUTF8RefreshAfterSTARTTLS/direct_starttls/final_capable=false/encoded_headers_body_and_attachment",
2026-10-09T04:10:30.6215743Z       "TestExecSMTPUTF8RefreshAfterSTARTTLS/direct_starttls/final_capable=false/unicode_last_bcc",
2026-10-09T04:10:30.6216673Z       "TestExecSMTPUTF8RefreshAfterSTARTTLS/direct_starttls/final_capable=true/encoded_headers_body_and_attachment",
2026-10-09T04:10:30.6217572Z       "TestExecSMTPUTF8RefreshAfterSTARTTLS/direct_starttls/final_capable=true/unicode_last_bcc",
2026-10-09T04:10:30.6218503Z       "TestExecSMTPUTF8RefreshAfterSTARTTLS/relay_starttls/final_capable=false/encoded_headers_body_and_attachment",
2026-10-09T04:10:30.6219393Z       "TestExecSMTPUTF8RefreshAfterSTARTTLS/relay_starttls/final_capable=false/unicode_last_bcc",
2026-10-09T04:10:30.6220427Z       "TestExecSMTPUTF8RefreshAfterSTARTTLS/relay_starttls/final_capable=true/encoded_headers_body_and_attachment",
2026-10-09T04:10:30.6221318Z       "TestExecSMTPUTF8RefreshAfterSTARTTLS/relay_starttls/final_capable=true/unicode_last_bcc",
2026-10-09T04:10:30.6221942Z       "TestExecSMTPUTF8SubmissionRecipientLedger",
2026-10-09T04:10:30.6222537Z       "TestExecSMTPUTF8SubmissionRecipientLedger/direct_plain/capable=false/bcc",
2026-10-09T04:10:30.6223229Z       "TestExecSMTPUTF8SubmissionRecipientLedger/direct_plain/capable=false/cc",
2026-10-09T04:10:30.6223941Z       "TestExecSMTPUTF8SubmissionRecipientLedger/direct_plain/capable=false/header",
2026-10-09T04:10:30.6224645Z       "TestExecSMTPUTF8SubmissionRecipientLedger/direct_plain/capable=false/to",
2026-10-09T04:10:30.6225465Z       "TestExecSMTPUTF8SubmissionRecipientLedger/direct_plain/capable=true/bcc",
2026-10-09T04:10:30.6226146Z       "TestExecSMTPUTF8SubmissionRecipientLedger/direct_plain/capable=true/cc",
2026-10-09T04:10:30.6226850Z       "TestExecSMTPUTF8SubmissionRecipientLedger/direct_plain/capable=true/header",
2026-10-09T04:10:30.6227542Z       "TestExecSMTPUTF8SubmissionRecipientLedger/direct_plain/capable=true/to",
2026-10-09T04:10:30.6228218Z       "TestExecSMTPUTF8SubmissionRecipientLedger/relay_plain/capable=false/bcc",
2026-10-09T04:10:30.6229024Z       "TestExecSMTPUTF8SubmissionRecipientLedger/relay_plain/capable=false/cc",
2026-10-09T04:10:30.6229719Z       "TestExecSMTPUTF8SubmissionRecipientLedger/relay_plain/capable=false/header",
2026-10-09T04:10:30.6230407Z       "TestExecSMTPUTF8SubmissionRecipientLedger/relay_plain/capable=false/to",
2026-10-09T04:10:30.6231078Z       "TestExecSMTPUTF8SubmissionRecipientLedger/relay_plain/capable=true/bcc",
2026-10-09T04:10:30.6231748Z       "TestExecSMTPUTF8SubmissionRecipientLedger/relay_plain/capable=true/cc",
2026-10-09T04:10:30.6232443Z       "TestExecSMTPUTF8SubmissionRecipientLedger/relay_plain/capable=true/header",
2026-10-09T04:10:30.6233126Z       "TestExecSMTPUTF8SubmissionRecipientLedger/relay_plain/capable=true/to",
2026-10-09T04:10:30.6233663Z       "TestExecSMTPUTF8TriesNextMXBeforeSending"
2026-10-09T04:10:30.6233987Z     ],
2026-10-09T04:10:30.6234197Z     "leaf_ids": [
2026-10-09T04:10:30.6234688Z       "TestExecSMTPUTF8Capabilities/direct_plain/capable=false/ascii_quoted_alabel",
2026-10-09T04:10:30.6235559Z       "TestExecSMTPUTF8Capabilities/direct_plain/capable=false/eight_bit_body_only",
2026-10-09T04:10:30.6236350Z       "TestExecSMTPUTF8Capabilities/direct_plain/capable=false/encoded_headers_body_and_attachment",
2026-10-09T04:10:30.6237168Z       "TestExecSMTPUTF8Capabilities/direct_plain/capable=false/unicode_domain_envelope_only",
2026-10-09T04:10:30.6237891Z       "TestExecSMTPUTF8Capabilities/direct_plain/capable=false/unicode_last_bcc",
2026-10-09T04:10:30.6238645Z       "TestExecSMTPUTF8Capabilities/direct_plain/capable=false/unicode_recipient_envelope_only",
2026-10-09T04:10:30.6239461Z       "TestExecSMTPUTF8Capabilities/direct_plain/capable=false/unicode_sender_envelope_only",
2026-10-09T04:10:30.6240225Z       "TestExecSMTPUTF8Capabilities/direct_plain/capable=false/unicode_top_level_header",
2026-10-09T04:10:30.6240938Z       "TestExecSMTPUTF8Capabilities/direct_plain/capable=true/ascii_quoted_alabel",
2026-10-09T04:10:30.6241632Z       "TestExecSMTPUTF8Capabilities/direct_plain/capable=true/eight_bit_body_only",
2026-10-09T04:10:30.6242422Z       "TestExecSMTPUTF8Capabilities/direct_plain/capable=true/encoded_headers_body_and_attachment",
2026-10-09T04:10:30.6243229Z       "TestExecSMTPUTF8Capabilities/direct_plain/capable=true/unicode_domain_envelope_only",
2026-10-09T04:10:30.6243938Z       "TestExecSMTPUTF8Capabilities/direct_plain/capable=true/unicode_last_bcc",
2026-10-09T04:10:30.6244690Z       "TestExecSMTPUTF8Capabilities/direct_plain/capable=true/unicode_recipient_envelope_only",
2026-10-09T04:10:30.6245655Z       "TestExecSMTPUTF8Capabilities/direct_plain/capable=true/unicode_sender_envelope_only",
2026-10-09T04:10:30.6246537Z       "TestExecSMTPUTF8Capabilities/direct_plain/capable=true/unicode_top_level_header",
2026-10-09T04:10:30.6247266Z       "TestExecSMTPUTF8Capabilities/direct_starttls/capable=false/ascii_quoted_alabel",
2026-10-09T04:10:30.6247999Z       "TestExecSMTPUTF8Capabilities/direct_starttls/capable=false/eight_bit_body_only",
2026-10-09T04:10:30.6248812Z       "TestExecSMTPUTF8Capabilities/direct_starttls/capable=false/encoded_headers_body_and_attachment",
2026-10-09T04:10:30.6249647Z       "TestExecSMTPUTF8Capabilities/direct_starttls/capable=false/unicode_domain_envelope_only",
2026-10-09T04:10:30.6250396Z       "TestExecSMTPUTF8Capabilities/direct_starttls/capable=false/unicode_last_bcc",
2026-10-09T04:10:30.6251171Z       "TestExecSMTPUTF8Capabilities/direct_starttls/capable=false/unicode_recipient_envelope_only",
2026-10-09T04:10:30.6252005Z       "TestExecSMTPUTF8Capabilities/direct_starttls/capable=false/unicode_sender_envelope_only",
2026-10-09T04:10:30.6252789Z       "TestExecSMTPUTF8Capabilities/direct_starttls/capable=false/unicode_top_level_header",
2026-10-09T04:10:30.6253531Z       "TestExecSMTPUTF8Capabilities/direct_starttls/capable=true/ascii_quoted_alabel",
2026-10-09T04:10:30.6254239Z       "TestExecSMTPUTF8Capabilities/direct_starttls/capable=true/eight_bit_body_only",
2026-10-09T04:10:30.6255321Z       "TestExecSMTPUTF8Capabilities/direct_starttls/capable=true/encoded_headers_body_and_attachment",
2026-10-09T04:10:30.6256152Z       "TestExecSMTPUTF8Capabilities/direct_starttls/capable=true/unicode_domain_envelope_only",
2026-10-09T04:10:30.6256885Z       "TestExecSMTPUTF8Capabilities/direct_starttls/capable=true/unicode_last_bcc",
2026-10-09T04:10:30.6257654Z       "TestExecSMTPUTF8Capabilities/direct_starttls/capable=true/unicode_recipient_envelope_only",
2026-10-09T04:10:30.6258462Z       "TestExecSMTPUTF8Capabilities/direct_starttls/capable=true/unicode_sender_envelope_only",
2026-10-09T04:10:30.6259239Z       "TestExecSMTPUTF8Capabilities/direct_starttls/capable=true/unicode_top_level_header",
2026-10-09T04:10:30.6260001Z       "TestExecSMTPUTF8Capabilities/relay_implicit_tls/capable=false/ascii_quoted_alabel",
2026-10-09T04:10:30.6260753Z       "TestExecSMTPUTF8Capabilities/relay_implicit_tls/capable=false/eight_bit_body_only",
2026-10-09T04:10:30.6261600Z       "TestExecSMTPUTF8Capabilities/relay_implicit_tls/capable=false/encoded_headers_body_and_attachment",
2026-10-09T04:10:30.6262460Z       "TestExecSMTPUTF8Capabilities/relay_implicit_tls/capable=false/unicode_domain_envelope_only",
2026-10-09T04:10:30.6263228Z       "TestExecSMTPUTF8Capabilities/relay_implicit_tls/capable=false/unicode_last_bcc",
2026-10-09T04:10:30.6264043Z       "TestExecSMTPUTF8Capabilities/relay_implicit_tls/capable=false/unicode_recipient_envelope_only",
2026-10-09T04:10:30.6265002Z       "TestExecSMTPUTF8Capabilities/relay_implicit_tls/capable=false/unicode_sender_envelope_only",
2026-10-09T04:10:30.6265810Z       "TestExecSMTPUTF8Capabilities/relay_implicit_tls/capable=false/unicode_top_level_header",
2026-10-09T04:10:30.6266573Z       "TestExecSMTPUTF8Capabilities/relay_implicit_tls/capable=true/ascii_quoted_alabel",
2026-10-09T04:10:30.6267311Z       "TestExecSMTPUTF8Capabilities/relay_implicit_tls/capable=true/eight_bit_body_only",
2026-10-09T04:10:30.6268147Z       "TestExecSMTPUTF8Capabilities/relay_implicit_tls/capable=true/encoded_headers_body_and_attachment",
2026-10-09T04:10:30.6269004Z       "TestExecSMTPUTF8Capabilities/relay_implicit_tls/capable=true/unicode_domain_envelope_only",
2026-10-09T04:10:30.6269762Z       "TestExecSMTPUTF8Capabilities/relay_implicit_tls/capable=true/unicode_last_bcc",
2026-10-09T04:10:30.6270564Z       "TestExecSMTPUTF8Capabilities/relay_implicit_tls/capable=true/unicode_recipient_envelope_only",
2026-10-09T04:10:30.6271399Z       "TestExecSMTPUTF8Capabilities/relay_implicit_tls/capable=true/unicode_sender_envelope_only",
2026-10-09T04:10:30.6272198Z       "TestExecSMTPUTF8Capabilities/relay_implicit_tls/capable=true/unicode_top_level_header",
2026-10-09T04:10:30.6272927Z       "TestExecSMTPUTF8Capabilities/relay_plain/capable=false/ascii_quoted_alabel",
2026-10-09T04:10:30.6273744Z       "TestExecSMTPUTF8Capabilities/relay_plain/capable=false/eight_bit_body_only",
2026-10-09T04:10:30.6274522Z       "TestExecSMTPUTF8Capabilities/relay_plain/capable=false/encoded_headers_body_and_attachment",
2026-10-09T04:10:30.6275462Z       "TestExecSMTPUTF8Capabilities/relay_plain/capable=false/unicode_domain_envelope_only",
2026-10-09T04:10:30.6276182Z       "TestExecSMTPUTF8Capabilities/relay_plain/capable=false/unicode_last_bcc",
2026-10-09T04:10:30.6276951Z       "TestExecSMTPUTF8Capabilities/relay_plain/capable=false/unicode_recipient_envelope_only",
2026-10-09T04:10:30.6277734Z       "TestExecSMTPUTF8Capabilities/relay_plain/capable=false/unicode_sender_envelope_only",
2026-10-09T04:10:30.6278487Z       "TestExecSMTPUTF8Capabilities/relay_plain/capable=false/unicode_top_level_header",
2026-10-09T04:10:30.6279201Z       "TestExecSMTPUTF8Capabilities/relay_plain/capable=true/ascii_quoted_alabel",
2026-10-09T04:10:30.6279888Z       "TestExecSMTPUTF8Capabilities/relay_plain/capable=true/eight_bit_body_only",
2026-10-09T04:10:30.6280653Z       "TestExecSMTPUTF8Capabilities/relay_plain/capable=true/encoded_headers_body_and_attachment",
2026-10-09T04:10:30.6281579Z       "TestExecSMTPUTF8Capabilities/relay_plain/capable=true/unicode_domain_envelope_only",
2026-10-09T04:10:30.6282285Z       "TestExecSMTPUTF8Capabilities/relay_plain/capable=true/unicode_last_bcc",
2026-10-09T04:10:30.6283022Z       "TestExecSMTPUTF8Capabilities/relay_plain/capable=true/unicode_recipient_envelope_only",
2026-10-09T04:10:30.6283788Z       "TestExecSMTPUTF8Capabilities/relay_plain/capable=true/unicode_sender_envelope_only",
2026-10-09T04:10:30.6284529Z       "TestExecSMTPUTF8Capabilities/relay_plain/capable=true/unicode_top_level_header",
2026-10-09T04:10:30.6285403Z       "TestExecSMTPUTF8Capabilities/relay_starttls/capable=false/ascii_quoted_alabel",
2026-10-09T04:10:30.6286117Z       "TestExecSMTPUTF8Capabilities/relay_starttls/capable=false/eight_bit_body_only",
2026-10-09T04:10:30.6286921Z       "TestExecSMTPUTF8Capabilities/relay_starttls/capable=false/encoded_headers_body_and_attachment",
2026-10-09T04:10:30.6287753Z       "TestExecSMTPUTF8Capabilities/relay_starttls/capable=false/unicode_domain_envelope_only",
2026-10-09T04:10:30.6288494Z       "TestExecSMTPUTF8Capabilities/relay_starttls/capable=false/unicode_last_bcc",
2026-10-09T04:10:30.6289267Z       "TestExecSMTPUTF8Capabilities/relay_starttls/capable=false/unicode_recipient_envelope_only",
2026-10-09T04:10:30.6290078Z       "TestExecSMTPUTF8Capabilities/relay_starttls/capable=false/unicode_sender_envelope_only",
2026-10-09T04:10:30.6290852Z       "TestExecSMTPUTF8Capabilities/relay_starttls/capable=false/unicode_top_level_header",
2026-10-09T04:10:30.6291577Z       "TestExecSMTPUTF8Capabilities/relay_starttls/capable=true/ascii_quoted_alabel",
2026-10-09T04:10:30.6292284Z       "TestExecSMTPUTF8Capabilities/relay_starttls/capable=true/eight_bit_body_only",
2026-10-09T04:10:30.6293083Z       "TestExecSMTPUTF8Capabilities/relay_starttls/capable=true/encoded_headers_body_and_attachment",
2026-10-09T04:10:30.6293896Z       "TestExecSMTPUTF8Capabilities/relay_starttls/capable=true/unicode_domain_envelope_only",
2026-10-09T04:10:30.6294628Z       "TestExecSMTPUTF8Capabilities/relay_starttls/capable=true/unicode_last_bcc",
2026-10-09T04:10:30.6295551Z       "TestExecSMTPUTF8Capabilities/relay_starttls/capable=true/unicode_recipient_envelope_only",
2026-10-09T04:10:30.6296380Z       "TestExecSMTPUTF8Capabilities/relay_starttls/capable=true/unicode_sender_envelope_only",
2026-10-09T04:10:30.6297146Z       "TestExecSMTPUTF8Capabilities/relay_starttls/capable=true/unicode_top_level_header",
2026-10-09T04:10:30.6297807Z       "TestExecSMTPUTF8HELOFallback/direct_plain/ascii_quoted_alabel",
2026-10-09T04:10:30.6298441Z       "TestExecSMTPUTF8HELOFallback/direct_plain/unicode_sender_envelope_only",
2026-10-09T04:10:30.6299051Z       "TestExecSMTPUTF8HELOFallback/relay_plain/ascii_quoted_alabel",
2026-10-09T04:10:30.6299800Z       "TestExecSMTPUTF8HELOFallback/relay_plain/unicode_sender_envelope_only",
2026-10-09T04:10:30.6300668Z       "TestExecSMTPUTF8RefreshAfterSTARTTLS/direct_starttls/final_capable=false/encoded_headers_body_and_attachment",
2026-10-09T04:10:30.6301584Z       "TestExecSMTPUTF8RefreshAfterSTARTTLS/direct_starttls/final_capable=false/unicode_last_bcc",
2026-10-09T04:10:30.6302511Z       "TestExecSMTPUTF8RefreshAfterSTARTTLS/direct_starttls/final_capable=true/encoded_headers_body_and_attachment",
2026-10-09T04:10:30.6303410Z       "TestExecSMTPUTF8RefreshAfterSTARTTLS/direct_starttls/final_capable=true/unicode_last_bcc",
2026-10-09T04:10:30.6304341Z       "TestExecSMTPUTF8RefreshAfterSTARTTLS/relay_starttls/final_capable=false/encoded_headers_body_and_attachment",
2026-10-09T04:10:30.6305374Z       "TestExecSMTPUTF8RefreshAfterSTARTTLS/relay_starttls/final_capable=false/unicode_last_bcc",
2026-10-09T04:10:30.6306291Z       "TestExecSMTPUTF8RefreshAfterSTARTTLS/relay_starttls/final_capable=true/encoded_headers_body_and_attachment",
2026-10-09T04:10:30.6307190Z       "TestExecSMTPUTF8RefreshAfterSTARTTLS/relay_starttls/final_capable=true/unicode_last_bcc",
2026-10-09T04:10:30.6307958Z       "TestExecSMTPUTF8SubmissionRecipientLedger/direct_plain/capable=false/bcc",
2026-10-09T04:10:30.6308788Z       "TestExecSMTPUTF8SubmissionRecipientLedger/direct_plain/capable=false/cc",
2026-10-09T04:10:30.6309500Z       "TestExecSMTPUTF8SubmissionRecipientLedger/direct_plain/capable=false/header",
2026-10-09T04:10:30.6310210Z       "TestExecSMTPUTF8SubmissionRecipientLedger/direct_plain/capable=false/to",
2026-10-09T04:10:30.6310894Z       "TestExecSMTPUTF8SubmissionRecipientLedger/direct_plain/capable=true/bcc",
2026-10-09T04:10:30.6311572Z       "TestExecSMTPUTF8SubmissionRecipientLedger/direct_plain/capable=true/cc",
2026-10-09T04:10:30.6312269Z       "TestExecSMTPUTF8SubmissionRecipientLedger/direct_plain/capable=true/header",
2026-10-09T04:10:30.6312967Z       "TestExecSMTPUTF8SubmissionRecipientLedger/direct_plain/capable=true/to",
2026-10-09T04:10:30.6313649Z       "TestExecSMTPUTF8SubmissionRecipientLedger/relay_plain/capable=false/bcc",
2026-10-09T04:10:30.6314323Z       "TestExecSMTPUTF8SubmissionRecipientLedger/relay_plain/capable=false/cc",
2026-10-09T04:10:30.6315260Z       "TestExecSMTPUTF8SubmissionRecipientLedger/relay_plain/capable=false/header",
2026-10-09T04:10:30.6315950Z       "TestExecSMTPUTF8SubmissionRecipientLedger/relay_plain/capable=false/to",
2026-10-09T04:10:30.6316620Z       "TestExecSMTPUTF8SubmissionRecipientLedger/relay_plain/capable=true/bcc",
2026-10-09T04:10:30.6317289Z       "TestExecSMTPUTF8SubmissionRecipientLedger/relay_plain/capable=true/cc",
2026-10-09T04:10:30.6317988Z       "TestExecSMTPUTF8SubmissionRecipientLedger/relay_plain/capable=true/header",
2026-10-09T04:10:30.6318673Z       "TestExecSMTPUTF8SubmissionRecipientLedger/relay_plain/capable=true/to",
2026-10-09T04:10:30.6319207Z       "TestExecSMTPUTF8TriesNextMXBeforeSending"
2026-10-09T04:10:30.6319521Z     ],
2026-10-09T04:10:30.6319747Z     "leaf_count": 109,
2026-10-09T04:10:30.6319992Z     "passed": 71,
2026-10-09T04:10:30.6320218Z     "failed": 38,
2026-10-09T04:10:30.6320439Z     "skipped": 0,
2026-10-09T04:10:30.6320666Z     "exit_code": 1,
2026-10-09T04:10:30.6320959Z     "actual_wire_observations": [
2026-10-09T04:10:30.6321221Z       {
2026-10-09T04:10:30.6321828Z         "test": "TestExecSMTPUTF8Capabilities/direct_plain/capable=false/unicode_domain_envelope_only",
2026-10-09T04:10:30.6323243Z         "wire": "r5_exec_smtputf8_test.go:340: EXEC09_SENT_WITHOUT_SMTPUTF8 MAIL=[\"MAIL FROM:<sender@example.test> BODY=8BITMIME\"] RCPT=[\"RCPT TO:<reader@\u4f8b\u5b50.test>\"] DATA=1 body_bytes=298"
2026-10-09T04:10:30.6324011Z       },
2026-10-09T04:10:30.6324203Z       {
2026-10-09T04:10:30.6324729Z         "test": "TestExecSMTPUTF8Capabilities/direct_plain/capable=false/unicode_last_bcc",
2026-10-09T04:10:30.6326704Z         "wire": "r5_exec_smtputf8_test.go:340: EXEC09_SENT_WITHOUT_SMTPUTF8 MAIL=[\"MAIL FROM:<sender@example.test> BODY=8BITMIME\"] RCPT=[\"RCPT TO:<reader@recipient.test>\" \"RCPT TO:<\\\"\u4fe1\u7bb1 @ \u5e2e\u52a9\u53f0\\\"@recipient.test>\"] DATA=1 body_bytes=298"
2026-10-09T04:10:30.6327697Z       },
2026-10-09T04:10:30.6327891Z       {
2026-10-09T04:10:30.6328519Z         "test": "TestExecSMTPUTF8Capabilities/direct_plain/capable=false/unicode_recipient_envelope_only",
2026-10-09T04:10:30.6329965Z         "wire": "r5_exec_smtputf8_test.go:340: EXEC09_SENT_WITHOUT_SMTPUTF8 MAIL=[\"MAIL FROM:<sender@example.test> BODY=8BITMIME\"] RCPT=[\"RCPT TO:<\u6536\u4ef6\u4eba@recipient.test>\"] DATA=1 body_bytes=298"
2026-10-09T04:10:30.6330757Z       },
2026-10-09T04:10:30.6330947Z       {
2026-10-09T04:10:30.6331551Z         "test": "TestExecSMTPUTF8Capabilities/direct_plain/capable=false/unicode_sender_envelope_only",
2026-10-09T04:10:30.6333000Z         "wire": "r5_exec_smtputf8_test.go:340: EXEC09_SENT_WITHOUT_SMTPUTF8 MAIL=[\"MAIL FROM:<\u53d1\u9001\u8005@example.test> BODY=8BITMIME\"] RCPT=[\"RCPT TO:<reader@recipient.test>\"] DATA=1 body_bytes=298"
2026-10-09T04:10:30.6333828Z       },
2026-10-09T04:10:30.6334018Z       {
2026-10-09T04:10:30.6334590Z         "test": "TestExecSMTPUTF8Capabilities/direct_plain/capable=false/unicode_top_level_header",
2026-10-09T04:10:30.6336226Z         "wire": "r5_exec_smtputf8_test.go:340: EXEC09_SENT_WITHOUT_SMTPUTF8 MAIL=[\"MAIL FROM:<sender@example.test> BODY=8BITMIME\"] RCPT=[\"RCPT TO:<reader@recipient.test>\"] DATA=1 body_bytes=324"
2026-10-09T04:10:30.6336984Z       },
2026-10-09T04:10:30.6337171Z       {
2026-10-09T04:10:30.6337790Z         "test": "TestExecSMTPUTF8Capabilities/direct_starttls/capable=false/unicode_domain_envelope_only",
2026-10-09T04:10:30.6339172Z         "wire": "r5_exec_smtputf8_test.go:340: EXEC09_SENT_WITHOUT_SMTPUTF8 MAIL=[\"MAIL FROM:<sender@example.test> BODY=8BITMIME\"] RCPT=[\"RCPT TO:<reader@\u4f8b\u5b50.test>\"] DATA=1 body_bytes=298"
2026-10-09T04:10:30.6339923Z       },
2026-10-09T04:10:30.6340112Z       {
2026-10-09T04:10:30.6340660Z         "test": "TestExecSMTPUTF8Capabilities/direct_starttls/capable=false/unicode_last_bcc",
2026-10-09T04:10:30.6342335Z         "wire": "r5_exec_smtputf8_test.go:340: EXEC09_SENT_WITHOUT_SMTPUTF8 MAIL=[\"MAIL FROM:<sender@example.test> BODY=8BITMIME\"] RCPT=[\"RCPT TO:<reader@recipient.test>\" \"RCPT TO:<\\\"\u4fe1\u7bb1 @ \u5e2e\u52a9\u53f0\\\"@recipient.test>\"] DATA=1 body_bytes=298"
2026-10-09T04:10:30.6343307Z       },
2026-10-09T04:10:30.6343506Z       {
2026-10-09T04:10:30.6344133Z         "test": "TestExecSMTPUTF8Capabilities/direct_starttls/capable=false/unicode_recipient_envelope_only",
2026-10-09T04:10:30.6345717Z         "wire": "r5_exec_smtputf8_test.go:340: EXEC09_SENT_WITHOUT_SMTPUTF8 MAIL=[\"MAIL FROM:<sender@example.test> BODY=8BITMIME\"] RCPT=[\"RCPT TO:<\u6536\u4ef6\u4eba@recipient.test>\"] DATA=1 body_bytes=298"
2026-10-09T04:10:30.6346513Z       },
2026-10-09T04:10:30.6346702Z       {
2026-10-09T04:10:30.6347392Z         "test": "TestExecSMTPUTF8Capabilities/direct_starttls/capable=false/unicode_sender_envelope_only",
2026-10-09T04:10:30.6348825Z         "wire": "r5_exec_smtputf8_test.go:340: EXEC09_SENT_WITHOUT_SMTPUTF8 MAIL=[\"MAIL FROM:<\u53d1\u9001\u8005@example.test> BODY=8BITMIME\"] RCPT=[\"RCPT TO:<reader@recipient.test>\"] DATA=1 body_bytes=298"
2026-10-09T04:10:30.6349622Z       },
2026-10-09T04:10:30.6349810Z       {
2026-10-09T04:10:30.6350398Z         "test": "TestExecSMTPUTF8Capabilities/direct_starttls/capable=false/unicode_top_level_header",
2026-10-09T04:10:30.6351758Z         "wire": "r5_exec_smtputf8_test.go:340: EXEC09_SENT_WITHOUT_SMTPUTF8 MAIL=[\"MAIL FROM:<sender@example.test> BODY=8BITMIME\"] RCPT=[\"RCPT TO:<reader@recipient.test>\"] DATA=1 body_bytes=324"
2026-10-09T04:10:30.6352519Z       },
2026-10-09T04:10:30.6352710Z       {
2026-10-09T04:10:30.6353340Z         "test": "TestExecSMTPUTF8Capabilities/relay_implicit_tls/capable=false/unicode_domain_envelope_only",
2026-10-09T04:10:30.6355044Z         "wire": "r5_exec_smtputf8_test.go:340: EXEC09_SENT_WITHOUT_SMTPUTF8 MAIL=[\"MAIL FROM:<sender@example.test> BODY=8BITMIME\"] RCPT=[\"RCPT TO:<reader@\u4f8b\u5b50.test>\"] DATA=1 body_bytes=298"
2026-10-09T04:10:30.6355837Z       },
2026-10-09T04:10:30.6356055Z       {
2026-10-09T04:10:30.6356612Z         "test": "TestExecSMTPUTF8Capabilities/relay_implicit_tls/capable=false/unicode_last_bcc",
2026-10-09T04:10:30.6358310Z         "wire": "r5_exec_smtputf8_test.go:340: EXEC09_SENT_WITHOUT_SMTPUTF8 MAIL=[\"MAIL FROM:<sender@example.test> BODY=8BITMIME\"] RCPT=[\"RCPT TO:<reader@recipient.test>\" \"RCPT TO:<\\\"\u4fe1\u7bb1 @ \u5e2e\u52a9\u53f0\\\"@recipient.test>\"] DATA=1 body_bytes=298"
2026-10-09T04:10:30.6359294Z       },
2026-10-09T04:10:30.6359484Z       {
2026-10-09T04:10:30.6360135Z         "test": "TestExecSMTPUTF8Capabilities/relay_implicit_tls/capable=false/unicode_recipient_envelope_only",
2026-10-09T04:10:30.6361612Z         "wire": "r5_exec_smtputf8_test.go:340: EXEC09_SENT_WITHOUT_SMTPUTF8 MAIL=[\"MAIL FROM:<sender@example.test> BODY=8BITMIME\"] RCPT=[\"RCPT TO:<\u6536\u4ef6\u4eba@recipient.test>\"] DATA=1 body_bytes=298"
2026-10-09T04:10:30.6362401Z       },
2026-10-09T04:10:30.6362592Z       {
2026-10-09T04:10:30.6363224Z         "test": "TestExecSMTPUTF8Capabilities/relay_implicit_tls/capable=false/unicode_sender_envelope_only",
2026-10-09T04:10:30.6364850Z         "wire": "r5_exec_smtputf8_test.go:340: EXEC09_SENT_WITHOUT_SMTPUTF8 MAIL=[\"MAIL FROM:<\u53d1\u9001\u8005@example.test> BODY=8BITMIME\"] RCPT=[\"RCPT TO:<reader@recipient.test>\"] DATA=1 body_bytes=298"
2026-10-09T04:10:30.6365809Z       },
2026-10-09T04:10:30.6365999Z       {
2026-10-09T04:10:30.6366612Z         "test": "TestExecSMTPUTF8Capabilities/relay_implicit_tls/capable=false/unicode_top_level_header",
2026-10-09T04:10:30.6367981Z         "wire": "r5_exec_smtputf8_test.go:340: EXEC09_SENT_WITHOUT_SMTPUTF8 MAIL=[\"MAIL FROM:<sender@example.test> BODY=8BITMIME\"] RCPT=[\"RCPT TO:<reader@recipient.test>\"] DATA=1 body_bytes=324"
2026-10-09T04:10:30.6368733Z       },
2026-10-09T04:10:30.6368928Z       {
2026-10-09T04:10:30.6369523Z         "test": "TestExecSMTPUTF8Capabilities/relay_plain/capable=false/unicode_domain_envelope_only",
2026-10-09T04:10:30.6370891Z         "wire": "r5_exec_smtputf8_test.go:340: EXEC09_SENT_WITHOUT_SMTPUTF8 MAIL=[\"MAIL FROM:<sender@example.test> BODY=8BITMIME\"] RCPT=[\"RCPT TO:<reader@\u4f8b\u5b50.test>\"] DATA=1 body_bytes=298"
2026-10-09T04:10:30.6371645Z       },
2026-10-09T04:10:30.6371835Z       {
2026-10-09T04:10:30.6372351Z         "test": "TestExecSMTPUTF8Capabilities/relay_plain/capable=false/unicode_last_bcc",
2026-10-09T04:10:30.6374014Z         "wire": "r5_exec_smtputf8_test.go:340: EXEC09_SENT_WITHOUT_SMTPUTF8 MAIL=[\"MAIL FROM:<sender@example.test> BODY=8BITMIME\"] RCPT=[\"RCPT TO:<reader@recipient.test>\" \"RCPT TO:<\\\"\u4fe1\u7bb1 @ \u5e2e\u52a9\u53f0\\\"@recipient.test>\"] DATA=1 body_bytes=298"
2026-10-09T04:10:30.6375152Z       },
2026-10-09T04:10:30.6375343Z       {
2026-10-09T04:10:30.6375948Z         "test": "TestExecSMTPUTF8Capabilities/relay_plain/capable=false/unicode_recipient_envelope_only",
2026-10-09T04:10:30.6377383Z         "wire": "r5_exec_smtputf8_test.go:340: EXEC09_SENT_WITHOUT_SMTPUTF8 MAIL=[\"MAIL FROM:<sender@example.test> BODY=8BITMIME\"] RCPT=[\"RCPT TO:<\u6536\u4ef6\u4eba@recipient.test>\"] DATA=1 body_bytes=298"
2026-10-09T04:10:30.6378187Z       },
2026-10-09T04:10:30.6378376Z       {
2026-10-09T04:10:30.6378959Z         "test": "TestExecSMTPUTF8Capabilities/relay_plain/capable=false/unicode_sender_envelope_only",
2026-10-09T04:10:30.6380406Z         "wire": "r5_exec_smtputf8_test.go:340: EXEC09_SENT_WITHOUT_SMTPUTF8 MAIL=[\"MAIL FROM:<\u53d1\u9001\u8005@example.test> BODY=8BITMIME\"] RCPT=[\"RCPT TO:<reader@recipient.test>\"] DATA=1 body_bytes=298"
2026-10-09T04:10:30.6381242Z       },
2026-10-09T04:10:30.6381429Z       {
2026-10-09T04:10:30.6382003Z         "test": "TestExecSMTPUTF8Capabilities/relay_plain/capable=false/unicode_top_level_header",
2026-10-09T04:10:30.6383469Z         "wire": "r5_exec_smtputf8_test.go:340: EXEC09_SENT_WITHOUT_SMTPUTF8 MAIL=[\"MAIL FROM:<sender@example.test> BODY=8BITMIME\"] RCPT=[\"RCPT TO:<reader@recipient.test>\"] DATA=1 body_bytes=324"
2026-10-09T04:10:30.6384226Z       },
2026-10-09T04:10:30.6384409Z       {
2026-10-09T04:10:30.6385147Z         "test": "TestExecSMTPUTF8Capabilities/relay_starttls/capable=false/unicode_domain_envelope_only",
2026-10-09T04:10:30.6386534Z         "wire": "r5_exec_smtputf8_test.go:340: EXEC09_SENT_WITHOUT_SMTPUTF8 MAIL=[\"MAIL FROM:<sender@example.test> BODY=8BITMIME\"] RCPT=[\"RCPT TO:<reader@\u4f8b\u5b50.test>\"] DATA=1 body_bytes=298"
2026-10-09T04:10:30.6387287Z       },
2026-10-09T04:10:30.6387473Z       {
2026-10-09T04:10:30.6388007Z         "test": "TestExecSMTPUTF8Capabilities/relay_starttls/capable=false/unicode_last_bcc",
2026-10-09T04:10:30.6389683Z         "wire": "r5_exec_smtputf8_test.go:340: EXEC09_SENT_WITHOUT_SMTPUTF8 MAIL=[\"MAIL FROM:<sender@example.test> BODY=8BITMIME\"] RCPT=[\"RCPT TO:<reader@recipient.test>\" \"RCPT TO:<\\\"\u4fe1\u7bb1 @ \u5e2e\u52a9\u53f0\\\"@recipient.test>\"] DATA=1 body_bytes=298"
2026-10-09T04:10:30.6390656Z       },
2026-10-09T04:10:30.6390843Z       {
2026-10-09T04:10:30.6391472Z         "test": "TestExecSMTPUTF8Capabilities/relay_starttls/capable=false/unicode_recipient_envelope_only",
2026-10-09T04:10:30.6393060Z         "wire": "r5_exec_smtputf8_test.go:340: EXEC09_SENT_WITHOUT_SMTPUTF8 MAIL=[\"MAIL FROM:<sender@example.test> BODY=8BITMIME\"] RCPT=[\"RCPT TO:<\u6536\u4ef6\u4eba@recipient.test>\"] DATA=1 body_bytes=298"
2026-10-09T04:10:30.6393850Z       },
2026-10-09T04:10:30.6394038Z       {
2026-10-09T04:10:30.6394654Z         "test": "TestExecSMTPUTF8Capabilities/relay_starttls/capable=false/unicode_sender_envelope_only",
2026-10-09T04:10:30.6396291Z         "wire": "r5_exec_smtputf8_test.go:340: EXEC09_SENT_WITHOUT_SMTPUTF8 MAIL=[\"MAIL FROM:<\u53d1\u9001\u8005@example.test> BODY=8BITMIME\"] RCPT=[\"RCPT TO:<reader@recipient.test>\"] DATA=1 body_bytes=298"
2026-10-09T04:10:30.6397079Z       },
2026-10-09T04:10:30.6397268Z       {
2026-10-09T04:10:30.6397860Z         "test": "TestExecSMTPUTF8Capabilities/relay_starttls/capable=false/unicode_top_level_header",
2026-10-09T04:10:30.6399205Z         "wire": "r5_exec_smtputf8_test.go:340: EXEC09_SENT_WITHOUT_SMTPUTF8 MAIL=[\"MAIL FROM:<sender@example.test> BODY=8BITMIME\"] RCPT=[\"RCPT TO:<reader@recipient.test>\"] DATA=1 body_bytes=324"
2026-10-09T04:10:30.6399960Z       },
2026-10-09T04:10:30.6400152Z       {
2026-10-09T04:10:30.6400666Z         "test": "TestExecSMTPUTF8HELOFallback/direct_plain/unicode_sender_envelope_only",
2026-10-09T04:10:30.6401961Z         "wire": "r5_exec_smtputf8_test.go:386: EXEC09_SENT_WITHOUT_SMTPUTF8 MAIL=[\"MAIL FROM:<\u53d1\u9001\u8005@example.test>\"] RCPT=[\"RCPT TO:<reader@recipient.test>\"] DATA=1 body_bytes=298"
2026-10-09T04:10:30.6402696Z       },
2026-10-09T04:10:30.6402886Z       {
2026-10-09T04:10:30.6403391Z         "test": "TestExecSMTPUTF8HELOFallback/relay_plain/unicode_sender_envelope_only",
2026-10-09T04:10:30.6404680Z         "wire": "r5_exec_smtputf8_test.go:386: EXEC09_SENT_WITHOUT_SMTPUTF8 MAIL=[\"MAIL FROM:<\u53d1\u9001\u8005@example.test>\"] RCPT=[\"RCPT TO:<reader@recipient.test>\"] DATA=1 body_bytes=298"
2026-10-09T04:10:30.6405591Z       },
2026-10-09T04:10:30.6405787Z       {
2026-10-09T04:10:30.6406413Z         "test": "TestExecSMTPUTF8RefreshAfterSTARTTLS/direct_starttls/final_capable=false/unicode_last_bcc",
2026-10-09T04:10:30.6408149Z         "wire": "r5_exec_smtputf8_test.go:365: EXEC09_SENT_WITHOUT_SMTPUTF8 MAIL=[\"MAIL FROM:<sender@example.test> BODY=8BITMIME\"] RCPT=[\"RCPT TO:<reader@recipient.test>\" \"RCPT TO:<\\\"\u4fe1\u7bb1 @ \u5e2e\u52a9\u53f0\\\"@recipient.test>\"] DATA=1 body_bytes=298"
2026-10-09T04:10:30.6409132Z       },
2026-10-09T04:10:30.6409317Z       {
2026-10-09T04:10:30.6409942Z         "test": "TestExecSMTPUTF8RefreshAfterSTARTTLS/relay_starttls/final_capable=false/unicode_last_bcc",
2026-10-09T04:10:30.6411795Z         "wire": "r5_exec_smtputf8_test.go:365: EXEC09_SENT_WITHOUT_SMTPUTF8 MAIL=[\"MAIL FROM:<sender@example.test> BODY=8BITMIME\"] RCPT=[\"RCPT TO:<reader@recipient.test>\" \"RCPT TO:<\\\"\u4fe1\u7bb1 @ \u5e2e\u52a9\u53f0\\\"@recipient.test>\"] DATA=1 body_bytes=298"
2026-10-09T04:10:30.6412759Z       },
2026-10-09T04:10:30.6412948Z       {
2026-10-09T04:10:30.6413483Z         "test": "TestExecSMTPUTF8SubmissionRecipientLedger/direct_plain/capable=false/bcc",
2026-10-09T04:10:30.6415136Z         "wire": "r5_exec_smtputf8_test.go:506: EXEC09_SENT_WITHOUT_SMTPUTF8 MAIL=[\"MAIL FROM:<sender@example.test> BODY=8BITMIME\"] RCPT=[\"RCPT TO:<\\\"\u4fe1\u7bb1 @ \u5e2e\u52a9\u53f0\\\"@recipient.test>\"] DATA=1 body_bytes=315"
2026-10-09T04:10:30.6415992Z       },
2026-10-09T04:10:30.6416181Z       {
2026-10-09T04:10:30.6416712Z         "test": "TestExecSMTPUTF8SubmissionRecipientLedger/direct_plain/capable=false/cc",
2026-10-09T04:10:30.6418219Z         "wire": "r5_exec_smtputf8_test.go:506: EXEC09_SENT_WITHOUT_SMTPUTF8 MAIL=[\"MAIL FROM:<sender@example.test> BODY=8BITMIME\"] RCPT=[\"RCPT TO:<\\\"\u4fe1\u7bb1 @ \u5e2e\u52a9\u53f0\\\"@recipient.test>\"] DATA=1 body_bytes=356"
2026-10-09T04:10:30.6419086Z       },
2026-10-09T04:10:30.6419275Z       {
2026-10-09T04:10:30.6419839Z         "test": "TestExecSMTPUTF8SubmissionRecipientLedger/direct_plain/capable=false/header",
2026-10-09T04:10:30.6421352Z         "wire": "r5_exec_smtputf8_test.go:506: EXEC09_SENT_WITHOUT_SMTPUTF8 MAIL=[\"MAIL FROM:<sender@example.test> BODY=8BITMIME\"] RCPT=[\"RCPT TO:<reader@recipient.test>\"] DATA=1 body_bytes=368"
2026-10-09T04:10:30.6422111Z       },
2026-10-09T04:10:30.6422299Z       {
2026-10-09T04:10:30.6422823Z         "test": "TestExecSMTPUTF8SubmissionRecipientLedger/direct_plain/capable=false/to",
2026-10-09T04:10:30.6424312Z         "wire": "r5_exec_smtputf8_test.go:506: EXEC09_SENT_WITHOUT_SMTPUTF8 MAIL=[\"MAIL FROM:<sender@example.test> BODY=8BITMIME\"] RCPT=[\"RCPT TO:<\\\"\u4fe1\u7bb1 @ \u5e2e\u52a9\u53f0\\\"@recipient.test>\"] DATA=1 body_bytes=356"
2026-10-09T04:10:30.6425290Z       },
2026-10-09T04:10:30.6425483Z       {
2026-10-09T04:10:30.6426022Z         "test": "TestExecSMTPUTF8SubmissionRecipientLedger/relay_plain/capable=false/bcc",
2026-10-09T04:10:30.6427508Z         "wire": "r5_exec_smtputf8_test.go:506: EXEC09_SENT_WITHOUT_SMTPUTF8 MAIL=[\"MAIL FROM:<sender@example.test> BODY=8BITMIME\"] RCPT=[\"RCPT TO:<\\\"\u4fe1\u7bb1 @ \u5e2e\u52a9\u53f0\\\"@recipient.test>\"] DATA=1 body_bytes=315"
2026-10-09T04:10:30.6428367Z       },
2026-10-09T04:10:30.6428556Z       {
2026-10-09T04:10:30.6429079Z         "test": "TestExecSMTPUTF8SubmissionRecipientLedger/relay_plain/capable=false/cc",
2026-10-09T04:10:30.6430669Z         "wire": "r5_exec_smtputf8_test.go:506: EXEC09_SENT_WITHOUT_SMTPUTF8 MAIL=[\"MAIL FROM:<sender@example.test> BODY=8BITMIME\"] RCPT=[\"RCPT TO:<\\\"\u4fe1\u7bb1 @ \u5e2e\u52a9\u53f0\\\"@recipient.test>\"] DATA=1 body_bytes=356"
2026-10-09T04:10:30.6431509Z       },
2026-10-09T04:10:30.6431703Z       {
2026-10-09T04:10:30.6432243Z         "test": "TestExecSMTPUTF8SubmissionRecipientLedger/relay_plain/capable=false/header",
2026-10-09T04:10:30.6433586Z         "wire": "r5_exec_smtputf8_test.go:506: EXEC09_SENT_WITHOUT_SMTPUTF8 MAIL=[\"MAIL FROM:<sender@example.test> BODY=8BITMIME\"] RCPT=[\"RCPT TO:<reader@recipient.test>\"] DATA=1 body_bytes=368"
2026-10-09T04:10:30.6434344Z       },
2026-10-09T04:10:30.6434537Z       {
2026-10-09T04:10:30.6435207Z         "test": "TestExecSMTPUTF8SubmissionRecipientLedger/relay_plain/capable=false/to",
2026-10-09T04:10:30.6436688Z         "wire": "r5_exec_smtputf8_test.go:506: EXEC09_SENT_WITHOUT_SMTPUTF8 MAIL=[\"MAIL FROM:<sender@example.test> BODY=8BITMIME\"] RCPT=[\"RCPT TO:<\\\"\u4fe1\u7bb1 @ \u5e2e\u52a9\u53f0\\\"@recipient.test>\"] DATA=1 body_bytes=356"
2026-10-09T04:10:30.6437531Z       },
2026-10-09T04:10:30.6437722Z       {
2026-10-09T04:10:30.6438088Z         "test": "TestExecSMTPUTF8TriesNextMXBeforeSending",
2026-10-09T04:10:30.6439493Z         "wire": "r5_exec_smtputf8_test.go:422: EXEC09_SENT_WITHOUT_SMTPUTF8 MAIL=[\"MAIL FROM:<sender@example.test> BODY=8BITMIME\"] RCPT=[\"RCPT TO:<\u6536\u4ef6\u4eba@recipient.test>\"] DATA=1 body_bytes=298"
2026-10-09T04:10:30.6440290Z       }
2026-10-09T04:10:30.6440464Z     ]
2026-10-09T04:10:30.6440641Z   }
2026-10-09T04:10:30.6440818Z }
2026-10-09T04:10:30.6440951Z 
2026-10-09T04:10:30.6441069Z EXEC09_RAW_END baseline/verified.json
2026-10-09T04:10:30.6441386Z EXEC09_RAW_BEGIN candidate/execution.json
2026-10-09T04:10:30.6441657Z {
2026-10-09T04:10:30.6441848Z   "before": {
2026-10-09T04:10:30.6442170Z     "commit": "bd7bea1a4d400317641ce2c5e160eb31486e88a6",
2026-10-09T04:10:30.6442599Z     "tree": "55a10b9e87f71bccd0a726cd184abeddeb6e78e1",
2026-10-09T04:10:30.6442919Z     "test_sha256": "03047b4ba6b9c4590e032dfc58eeada6750e3b2e4c7aa80b96859ab98354e372"
2026-10-09T04:10:30.6443002Z   },
2026-10-09T04:10:30.6443095Z   "after": {
2026-10-09T04:10:30.6443285Z     "commit": "bd7bea1a4d400317641ce2c5e160eb31486e88a6",
2026-10-09T04:10:30.6443478Z     "tree": "55a10b9e87f71bccd0a726cd184abeddeb6e78e1",
2026-10-09T04:10:30.6443797Z     "test_sha256": "03047b4ba6b9c4590e032dfc58eeada6750e3b2e4c7aa80b96859ab98354e372"
2026-10-09T04:10:30.6443875Z   },
2026-10-09T04:10:30.6443972Z   "command": [
2026-10-09T04:10:30.6444062Z     "go",
2026-10-09T04:10:30.6444274Z     "test",
2026-10-09T04:10:30.6444389Z     "-mod=readonly",
2026-10-09T04:10:30.6444484Z     "-json",
2026-10-09T04:10:30.6444581Z     "-race",
2026-10-09T04:10:30.6444678Z     "-p",
2026-10-09T04:10:30.6444766Z     "1",
2026-10-09T04:10:30.6444869Z     "-count=1",
2026-10-09T04:10:30.6445135Z     "-timeout=120s",
2026-10-09T04:10:30.6445232Z     "-run",
2026-10-09T04:10:30.6445357Z     "^TestExecSMTPUTF8",
2026-10-09T04:10:30.6445475Z     "./internal/outbound"
2026-10-09T04:10:30.6445555Z   ],
2026-10-09T04:10:30.6445654Z   "exit_code": 0,
2026-10-09T04:10:30.6445753Z   "timed_out": false,
2026-10-09T04:10:30.6446057Z   "stdout_sha256": "51c4949a116ab7f2f15d43c545e1cebb5bd00da0ab1e489eadc591a8aaff7856",
2026-10-09T04:10:30.6446338Z   "stderr_sha256": "e3b0c44298fc1c149afbf4c8996fb92427ae41e4649b934ca495991b7852b855"
2026-10-09T04:10:30.6446424Z }
2026-10-09T04:10:30.6446430Z 
2026-10-09T04:10:30.6446552Z EXEC09_RAW_END candidate/execution.json
2026-10-09T04:10:30.6446669Z EXEC09_RAW_BEGIN candidate/go-test.jsonl
2026-10-09T04:10:30.6446963Z {"Time":"2026-10-09T04:10:28.598628992Z","Action":"start","Package":"tabmail/internal/outbound"}
2026-10-09T04:10:30.6447380Z {"Time":"2026-10-09T04:10:28.621392152Z","Action":"run","Package":"tabmail/internal/outbound","Test":"TestExecSMTPUTF8Capabilities"}
2026-10-09T04:10:30.6447996Z {"Time":"2026-10-09T04:10:28.621519493Z","Action":"output","Package":"tabmail/internal/outbound","Test":"TestExecSMTPUTF8Capabilities","Output":"=== RUN   TestExecSMTPUTF8Capabilities\n"}
2026-10-09T04:10:30.6448574Z {"Time":"2026-10-09T04:10:28.621548327Z","Action":"run","Package":"tabmail/internal/outbound","Test":"TestExecSMTPUTF8Capabilities/relay_plain/capable=false/ascii_quoted_alabel"}
2026-10-09T04:10:30.6449533Z {"Time":"2026-10-09T04:10:28.621553898Z","Action":"output","Package":"tabmail/internal/outbound","Test":"TestExecSMTPUTF8Capabilities/relay_plain/capable=false/ascii_quoted_alabel","Output":"=== RUN   TestExecSMTPUTF8Capabilities/relay_plain/capable=false/ascii_quoted_alabel\n"}
2026-10-09T04:10:30.6450529Z {"Time":"2026-10-09T04:10:28.628198261Z","Action":"output","Package":"tabmail/internal/outbound","Test":"TestExecSMTPUTF8Capabilities/relay_plain/capable=false/ascii_quoted_alabel","Output":"--- PASS: TestExecSMTPUTF8Capabilities/relay_plain/capable=false/ascii_quoted_alabel (0.01s)\n"}
2026-10-09T04:10:30.6451167Z {"Time":"2026-10-09T04:10:28.628221966Z","Action":"pass","Package":"tabmail/internal/outbound","Test":"TestExecSMTPUTF8Capabilities/relay_plain/capable=false/ascii_quoted_alabel","Elapsed":0.01}
2026-10-09T04:10:30.6451779Z {"Time":"2026-10-09T04:10:28.62825082Z","Action":"run","Package":"tabmail/internal/outbound","Test":"TestExecSMTPUTF8Capabilities/relay_plain/capable=false/unicode_sender_envelope_only"}
2026-10-09T04:10:30.6452918Z {"Time":"2026-10-09T04:10:28.6282615Z","Action":"output","Package":"tabmail/internal/outbound","Test":"TestExecSMTPUTF8Capabilities/relay_plain/capable=false/unicode_sender_envelope_only","Output":"=== RUN   TestExecSMTPUTF8Capabilities/relay_plain/capable=false/unicode_sender_envelope_only\n"}
2026-10-09T04:10:30.6454035Z {"Time":"2026-10-09T04:10:28.631738895Z","Action":"output","Package":"tabmail/internal/outbound","Test":"TestExecSMTPUTF8Capabilities/relay_plain/capable=false/unicode_sender_envelope_only","Output":"--- PASS: TestExecSMTPUTF8Capabilities/relay_plain/capable=false/unicode_sender_envelope_only (0.00s)\n"}
2026-10-09T04:10:30.6454699Z {"Time":"2026-10-09T04:10:28.631756268Z","Action":"pass","Package":"tabmail/internal/outbound","Test":"TestExecSMTPUTF8Capabilities/relay_plain/capable=false/unicode_sender_envelope_only","Elapsed":0}
2026-10-09T04:10:30.6455490Z {"Time":"2026-10-09T04:10:28.631801233Z","Action":"run","Package":"tabmail/internal/outbound","Test":"TestExecSMTPUTF8Capabilities/relay_plain/capable=false/unicode_recipient_envelope_only"}
2026-10-09T04:10:30.6456543Z {"Time":"2026-10-09T04:10:28.631805331Z","Action":"output","Package":"tabmail/internal/outbound","Test":"TestExecSMTPUTF8Capabilities/relay_plain/capable=false/unicode_recipient_envelope_only","Output":"=== RUN   TestExecSMTPUTF8Capabilities/relay_plain/capable=false/unicode_recipient_envelope_only\n"}
2026-10-09T04:10:30.6457738Z {"Time":"2026-10-09T04:10:28.634865317Z","Action":"output","Package":"tabmail/internal/outbound","Test":"TestExecSMTPUTF8Capabilities/relay_plain/capable=false/unicode_recipient_envelope_only","Output":"--- PASS: TestExecSMTPUTF8Capabilities/relay_plain/capable=false/unicode_recipient_envelope_only (0.00s)\n"}
2026-10-09T04:10:30.6458408Z {"Time":"2026-10-09T04:10:28.634887609Z","Action":"pass","Package":"tabmail/internal/outbound","Test":"TestExecSMTPUTF8Capabilities/relay_plain/capable=false/unicode_recipient_envelope_only","Elapsed":0}
2026-10-09T04:10:30.6459027Z {"Time":"2026-10-09T04:10:28.634920602Z","Action":"run","Package":"tabmail/internal/outbound","Test":"TestExecSMTPUTF8Capabilities/relay_plain/capable=false/unicode_domain_envelope_only"}
2026-10-09T04:10:30.6460045Z {"Time":"2026-10-09T04:10:28.634925881Z","Action":"output","Package":"tabmail/internal/outbound","Test":"TestExecSMTPUTF8Capabilities/relay_plain/capable=false/unicode_domain_envelope_only","Output":"=== RUN   TestExecSMTPUTF8Capabilities/relay_plain/capable=false/unicode_domain_envelope_only\n"}
2026-10-09T04:10:30.6461098Z {"Time":"2026-10-09T04:10:28.637984044Z","Action":"output","Package":"tabmail/internal/outbound","Test":"TestExecSMTPUTF8Capabilities/relay_plain/capable=false/unicode_domain_envelope_only","Output":"--- PASS: TestExecSMTPUTF8Capabilities/relay_plain/capable=false/unicode_domain_envelope_only (0.00s)\n"}
2026-10-09T04:10:30.6461756Z {"Time":"2026-10-09T04:10:28.638012217Z","Action":"pass","Package":"tabmail/internal/outbound","Test":"TestExecSMTPUTF8Capabilities/relay_plain/capable=false/unicode_domain_envelope_only","Elapsed":0}
2026-10-09T04:10:30.6462327Z {"Time":"2026-10-09T04:10:28.638037745Z","Action":"run","Package":"tabmail/internal/outbound","Test":"TestExecSMTPUTF8Capabilities/relay_plain/capable=false/unicode_last_bcc"}
2026-10-09T04:10:30.6463258Z {"Time":"2026-10-09T04:10:28.638044208Z","Action":"output","Package":"tabmail/internal/outbound","Test":"TestExecSMTPUTF8Capabilities/relay_plain/capable=false/unicode_last_bcc","Output":"=== RUN   TestExecSMTPUTF8Capabilities/relay_plain/capable=false/unicode_last_bcc\n"}
2026-10-09T04:10:30.6464212Z {"Time":"2026-10-09T04:10:28.641100085Z","Action":"output","Package":"tabmail/internal/outbound","Test":"TestExecSMTPUTF8Capabilities/relay_plain/capable=false/unicode_last_bcc","Output":"--- PASS: TestExecSMTPUTF8Capabilities/relay_plain/capable=false/unicode_last_bcc (0.00s)\n"}
2026-10-09T04:10:30.6464829Z {"Time":"2026-10-09T04:10:28.641117398Z","Action":"pass","Package":"tabmail/internal/outbound","Test":"TestExecSMTPUTF8Capabilities/relay_plain/capable=false/unicode_last_bcc","Elapsed":0}
2026-10-09T04:10:30.6465663Z {"Time":"2026-10-09T04:10:28.641181259Z","Action":"run","Package":"tabmail/internal/outbound","Test":"TestExecSMTPUTF8Capabilities/relay_plain/capable=false/unicode_top_level_header"}
2026-10-09T04:10:30.6466665Z {"Time":"2026-10-09T04:10:28.641189915Z","Action":"output","Package":"tabmail/internal/outbound","Test":"TestExecSMTPUTF8Capabilities/relay_plain/capable=false/unicode_top_level_header","Output":"=== RUN   TestExecSMTPUTF8Capabilities/relay_plain/capable=false/unicode_top_level_header\n"}
2026-10-09T04:10:30.6467682Z {"Time":"2026-10-09T04:10:28.644328054Z","Action":"output","Package":"tabmail/internal/outbound","Test":"TestExecSMTPUTF8Capabilities/relay_plain/capable=false/unicode_top_level_header","Output":"--- PASS: TestExecSMTPUTF8Capabilities/relay_plain/capable=false/unicode_top_level_header (0.00s)\n"}
2026-10-09T04:10:30.6468336Z {"Time":"2026-10-09T04:10:28.644348021Z","Action":"pass","Package":"tabmail/internal/outbound","Test":"TestExecSMTPUTF8Capabilities/relay_plain/capable=false/unicode_top_level_header","Elapsed":0}
2026-10-09T04:10:30.6468970Z {"Time":"2026-10-09T04:10:28.644416401Z","Action":"run","Package":"tabmail/internal/outbound","Test":"TestExecSMTPUTF8Capabilities/relay_plain/capable=false/encoded_headers_body_and_attachment"}
2026-10-09T04:10:30.6470153Z {"Time":"2026-10-09T04:10:28.644426129Z","Action":"output","Package":"tabmail/internal/outbound","Test":"TestExecSMTPUTF8Capabilities/relay_plain/capable=false/encoded_headers_body_and_attachment","Output":"=== RUN   TestExecSMTPUTF8Capabilities/relay_plain/capable=false/encoded_headers_body_and_attachment\n"}
2026-10-09T04:10:30.6471253Z {"Time":"2026-10-09T04:10:28.648110956Z","Action":"output","Package":"tabmail/internal/outbound","Test":"TestExecSMTPUTF8Capabilities/relay_plain/capable=false/encoded_headers_body_and_attachment","Output":"--- PASS: TestExecSMTPUTF8Capabilities/relay_plain/capable=false/encoded_headers_body_and_attachment (0.00s)\n"}
2026-10-09T04:10:30.6471950Z {"Time":"2026-10-09T04:10:28.648131014Z","Action":"pass","Package":"tabmail/internal/outbound","Test":"TestExecSMTPUTF8Capabilities/relay_plain/capable=false/encoded_headers_body_and_attachment","Elapsed":0}
2026-10-09T04:10:30.6472534Z {"Time":"2026-10-09T04:10:28.648190036Z","Action":"run","Package":"tabmail/internal/outbound","Test":"TestExecSMTPUTF8Capabilities/relay_plain/capable=false/eight_bit_body_only"}
2026-10-09T04:10:30.6473484Z {"Time":"2026-10-09T04:10:28.648199263Z","Action":"output","Package":"tabmail/internal/outbound","Test":"TestExecSMTPUTF8Capabilities/relay_plain/capable=false/eight_bit_body_only","Output":"=== RUN   TestExecSMTPUTF8Capabilities/relay_plain/capable=false/eight_bit_body_only\n"}
2026-10-09T04:10:30.6474458Z {"Time":"2026-10-09T04:10:28.651532205Z","Action":"output","Package":"tabmail/internal/outbound","Test":"TestExecSMTPUTF8Capabilities/relay_plain/capable=false/eight_bit_body_only","Output":"--- PASS: TestExecSMTPUTF8Capabilities/relay_plain/capable=false/eight_bit_body_only (0.00s)\n"}
2026-10-09T04:10:30.6475232Z {"Time":"2026-10-09T04:10:28.651579234Z","Action":"pass","Package":"tabmail/internal/outbound","Test":"TestExecSMTPUTF8Capabilities/relay_plain/capable=false/eight_bit_body_only","Elapsed":0}
2026-10-09T04:10:30.6475813Z {"Time":"2026-10-09T04:10:28.651597408Z","Action":"run","Package":"tabmail/internal/outbound","Test":"TestExecSMTPUTF8Capabilities/relay_plain/capable=true/ascii_quoted_alabel"}
2026-10-09T04:10:30.6476746Z {"Time":"2026-10-09T04:10:28.651600895Z","Action":"output","Package":"tabmail/internal/outbound","Test":"TestExecSMTPUTF8Capabilities/relay_plain/capable=true/ascii_quoted_alabel","Output":"=== RUN   TestExecSMTPUTF8Capabilities/relay_plain/capable=true/ascii_quoted_alabel\n"}
2026-10-09T04:10:30.6477832Z {"Time":"2026-10-09T04:10:28.654883702Z","Action":"output","Package":"tabmail/internal/outbound","Test":"TestExecSMTPUTF8Capabilities/relay_plain/capable=true/ascii_quoted_alabel","Output":"--- PASS: TestExecSMTPUTF8Capabilities/relay_plain/capable=true/ascii_quoted_alabel (0.00s)\n"}
2026-10-09T04:10:30.6478463Z {"Time":"2026-10-09T04:10:28.654902417Z","Action":"pass","Package":"tabmail/internal/outbound","Test":"TestExecSMTPUTF8Capabilities/relay_plain/capable=true/ascii_quoted_alabel","Elapsed":0}
2026-10-09T04:10:30.6479078Z {"Time":"2026-10-09T04:10:28.654939638Z","Action":"run","Package":"tabmail/internal/outbound","Test":"TestExecSMTPUTF8Capabilities/relay_plain/capable=true/unicode_sender_envelope_only"}
2026-10-09T04:10:30.6480086Z {"Time":"2026-10-09T04:10:28.654944266Z","Action":"output","Package":"tabmail/internal/outbound","Test":"TestExecSMTPUTF8Capabilities/relay_plain/capable=true/unicode_sender_envelope_only","Output":"=== RUN   TestExecSMTPUTF8Capabilities/relay_plain/capable=true/unicode_sender_envelope_only\n"}
2026-10-09T04:10:30.6481139Z {"Time":"2026-10-09T04:10:28.658180535Z","Action":"output","Package":"tabmail/internal/outbound","Test":"TestExecSMTPUTF8Capabilities/relay_plain/capable=true/unicode_sender_envelope_only","Output":"--- PASS: TestExecSMTPUTF8Capabilities/relay_plain/capable=true/unicode_sender_envelope_only (0.00s)\n"}
2026-10-09T04:10:30.6481804Z {"Time":"2026-10-09T04:10:28.658196345Z","Action":"pass","Package":"tabmail/internal/outbound","Test":"TestExecSMTPUTF8Capabilities/relay_plain/capable=true/unicode_sender_envelope_only","Elapsed":0}
2026-10-09T04:10:30.6482529Z {"Time":"2026-10-09T04:10:28.658228346Z","Action":"run","Package":"tabmail/internal/outbound","Test":"TestExecSMTPUTF8Capabilities/relay_plain/capable=true/unicode_recipient_envelope_only"}
2026-10-09T04:10:30.6483550Z {"Time":"2026-10-09T04:10:28.6582357Z","Action":"output","Package":"tabmail/internal/outbound","Test":"TestExecSMTPUTF8Capabilities/relay_plain/capable=true/unicode_recipient_envelope_only","Output":"=== RUN   TestExecSMTPUTF8Capabilities/relay_plain/capable=true/unicode_recipient_envelope_only\n"}
2026-10-09T04:10:30.6484625Z {"Time":"2026-10-09T04:10:28.661772517Z","Action":"output","Package":"tabmail/internal/outbound","Test":"TestExecSMTPUTF8Capabilities/relay_plain/capable=true/unicode_recipient_envelope_only","Output":"--- PASS: TestExecSMTPUTF8Capabilities/relay_plain/capable=true/unicode_recipient_envelope_only (0.00s)\n"}
2026-10-09T04:10:30.6485458Z {"Time":"2026-10-09T04:10:28.661791082Z","Action":"pass","Package":"tabmail/internal/outbound","Test":"TestExecSMTPUTF8Capabilities/relay_plain/capable=true/unicode_recipient_envelope_only","Elapsed":0}
2026-10-09T04:10:30.6486068Z {"Time":"2026-10-09T04:10:28.661830847Z","Action":"run","Package":"tabmail/internal/outbound","Test":"TestExecSMTPUTF8Capabilities/relay_plain/capable=true/unicode_domain_envelope_only"}
2026-10-09T04:10:30.6487072Z {"Time":"2026-10-09T04:10:28.661834885Z","Action":"output","Package":"tabmail/internal/outbound","Test":"TestExecSMTPUTF8Capabilities/relay_plain/capable=true/unicode_domain_envelope_only","Output":"=== RUN   TestExecSMTPUTF8Capabilities/relay_plain/capable=true/unicode_domain_envelope_only\n"}
2026-10-09T04:10:30.6488129Z {"Time":"2026-10-09T04:10:28.666463947Z","Action":"output","Package":"tabmail/internal/outbound","Test":"TestExecSMTPUTF8Capabilities/relay_plain/capable=true/unicode_domain_envelope_only","Output":"--- PASS: TestExecSMTPUTF8Capabilities/relay_plain/capable=true/unicode_domain_envelope_only (0.00s)\n"}
2026-10-09T04:10:30.6488792Z {"Time":"2026-10-09T04:10:28.666483174Z","Action":"pass","Package":"tabmail/internal/outbound","Test":"TestExecSMTPUTF8Capabilities/relay_plain/capable=true/unicode_domain_envelope_only","Elapsed":0}
2026-10-09T04:10:30.6489355Z {"Time":"2026-10-09T04:10:28.666562233Z","Action":"run","Package":"tabmail/internal/outbound","Test":"TestExecSMTPUTF8Capabilities/relay_plain/capable=true/unicode_last_bcc"}
2026-10-09T04:10:30.6490265Z {"Time":"2026-10-09T04:10:28.6665818Z","Action":"output","Package":"tabmail/internal/outbound","Test":"TestExecSMTPUTF8Capabilities/relay_plain/capable=true/unicode_last_bcc","Output":"=== RUN   TestExecSMTPUTF8Capabilities/relay_plain/capable=true/unicode_last_bcc\n"}
2026-10-09T04:10:30.6491331Z {"Time":"2026-10-09T04:10:28.670263341Z","Action":"output","Package":"tabmail/internal/outbound","Test":"TestExecSMTPUTF8Capabilities/relay_plain/capable=true/unicode_last_bcc","Output":"--- PASS: TestExecSMTPUTF8Capabilities/relay_plain/capable=true/unicode_last_bcc (0.00s)\n"}
2026-10-09T04:10:30.6491956Z {"Time":"2026-10-09T04:10:28.670286224Z","Action":"pass","Package":"tabmail/internal/outbound","Test":"TestExecSMTPUTF8Capabilities/relay_plain/capable=true/unicode_last_bcc","Elapsed":0}
2026-10-09T04:10:30.6492541Z {"Time":"2026-10-09T04:10:28.670323786Z","Action":"run","Package":"tabmail/internal/outbound","Test":"TestExecSMTPUTF8Capabilities/relay_plain/capable=true/unicode_top_level_header"}
2026-10-09T04:10:30.6493521Z {"Time":"2026-10-09T04:10:28.670332262Z","Action":"output","Package":"tabmail/internal/outbound","Test":"TestExecSMTPUTF8Capabilities/relay_plain/capable=true/unicode_top_level_header","Output":"=== RUN   TestExecSMTPUTF8Capabilities/relay_plain/capable=true/unicode_top_level_header\n"}
2026-10-09T04:10:30.6494536Z {"Time":"2026-10-09T04:10:28.674030033Z","Action":"output","Package":"tabmail/internal/outbound","Test":"TestExecSMTPUTF8Capabilities/relay_plain/capable=true/unicode_top_level_header","Output":"--- PASS: TestExecSMTPUTF8Capabilities/relay_plain/capable=true/unicode_top_level_header (0.00s)\n"}
2026-10-09T04:10:30.6505642Z {"Time":"2026-10-09T04:10:28.674048047Z","Action":"pass","Package":"tabmail/internal/outbound","Test":"TestExecSMTPUTF8Capabilities/relay_plain/capable=true/unicode_top_level_header","Elapsed":0}
2026-10-09T04:10:30.6506353Z {"Time":"2026-10-09T04:10:28.674097731Z","Action":"run","Package":"tabmail/internal/outbound","Test":"TestExecSMTPUTF8Capabilities/relay_plain/capable=true/encoded_headers_body_and_attachment"}
2026-10-09T04:10:30.6507467Z {"Time":"2026-10-09T04:10:28.674106498Z","Action":"output","Package":"tabmail/internal/outbound","Test":"TestExecSMTPUTF8Capabilities/relay_plain/capable=true/encoded_headers_body_and_attachment","Output":"=== RUN   TestExecSMTPUTF8Capabilities/relay_plain/capable=true/encoded_headers_body_and_attachment\n"}
2026-10-09T04:10:30.6508573Z {"Time":"2026-10-09T04:10:28.677647087Z","Action":"output","Package":"tabmail/internal/outbound","Test":"TestExecSMTPUTF8Capabilities/relay_plain/capable=true/encoded_headers_body_and_attachment","Output":"--- PASS: TestExecSMTPUTF8Capabilities/relay_plain/capable=true/encoded_headers_body_and_attachment (0.00s)\n"}
2026-10-09T04:10:30.6509262Z {"Time":"2026-10-09T04:10:28.677665672Z","Action":"pass","Package":"tabmail/internal/outbound","Test":"TestExecSMTPUTF8Capabilities/relay_plain/capable=true/encoded_headers_body_and_attachment","Elapsed":0}
2026-10-09T04:10:30.6509836Z {"Time":"2026-10-09T04:10:28.677695969Z","Action":"run","Package":"tabmail/internal/outbound","Test":"TestExecSMTPUTF8Capabilities/relay_plain/capable=true/eight_bit_body_only"}
2026-10-09T04:10:30.6510780Z {"Time":"2026-10-09T04:10:28.677700628Z","Action":"output","Package":"tabmail/internal/outbound","Test":"TestExecSMTPUTF8Capabilities/relay_plain/capable=true/eight_bit_body_only","Output":"=== RUN   TestExecSMTPUTF8Capabilities/relay_plain/capable=true/eight_bit_body_only\n"}
2026-10-09T04:10:30.6511753Z {"Time":"2026-10-09T04:10:28.68108662Z","Action":"output","Package":"tabmail/internal/outbound","Test":"TestExecSMTPUTF8Capabilities/relay_plain/capable=true/eight_bit_body_only","Output":"--- PASS: TestExecSMTPUTF8Capabilities/relay_plain/capable=true/eight_bit_body_only (0.00s)\n"}
2026-10-09T04:10:30.6512380Z {"Time":"2026-10-09T04:10:28.681098964Z","Action":"pass","Package":"tabmail/internal/outbound","Test":"TestExecSMTPUTF8Capabilities/relay_plain/capable=true/eight_bit_body_only","Elapsed":0}
2026-10-09T04:10:30.6512972Z {"Time":"2026-10-09T04:10:28.681148558Z","Action":"run","Package":"tabmail/internal/outbound","Test":"TestExecSMTPUTF8Capabilities/relay_implicit_tls/capable=false/ascii_quoted_alabel"}
2026-10-09T04:10:30.6514160Z {"Time":"2026-10-09T04:10:28.68115526Z","Action":"output","Package":"tabmail/internal/outbound","Test":"TestExecSMTPUTF8Capabilities/relay_implicit_tls/capable=false/ascii_quoted_alabel","Output":"=== RUN   TestExecSMTPUTF8Capabilities/relay_implicit_tls/capable=false/ascii_quoted_alabel\n"}
2026-10-09T04:10:30.6515340Z {"Time":"2026-10-09T04:10:28.691469757Z","Action":"output","Package":"tabmail/internal/outbound","Test":"TestExecSMTPUTF8Capabilities/relay_implicit_tls/capable=false/ascii_quoted_alabel","Output":"--- PASS: TestExecSMTPUTF8Capabilities/relay_implicit_tls/capable=false/ascii_quoted_alabel (0.01s)\n"}
2026-10-09T04:10:30.6515997Z {"Time":"2026-10-09T04:10:28.691487261Z","Action":"pass","Package":"tabmail/internal/outbound","Test":"TestExecSMTPUTF8Capabilities/relay_implicit_tls/capable=false/ascii_quoted_alabel","Elapsed":0.01}
2026-10-09T04:10:30.6516626Z {"Time":"2026-10-09T04:10:28.69156116Z","Action":"run","Package":"tabmail/internal/outbound","Test":"TestExecSMTPUTF8Capabilities/relay_implicit_tls/capable=false/unicode_sender_envelope_only"}
2026-10-09T04:10:30.6517687Z {"Time":"2026-10-09T04:10:28.691572121Z","Action":"output","Package":"tabmail/internal/outbound","Test":"TestExecSMTPUTF8Capabilities/relay_implicit_tls/capable=false/unicode_sender_envelope_only","Output":"=== RUN   TestExecSMTPUTF8Capabilities/relay_implicit_tls/capable=false/unicode_sender_envelope_only\n"}
2026-10-09T04:10:30.6518954Z {"Time":"2026-10-09T04:10:28.700951846Z","Action":"output","Package":"tabmail/internal/outbound","Test":"TestExecSMTPUTF8Capabilities/relay_implicit_tls/capable=false/unicode_sender_envelope_only","Output":"--- PASS: TestExecSMTPUTF8Capabilities/relay_implicit_tls/capable=false/unicode_sender_envelope_only (0.01s)\n"}
2026-10-09T04:10:30.6519642Z {"Time":"2026-10-09T04:10:28.700974659Z","Action":"pass","Package":"tabmail/internal/outbound","Test":"TestExecSMTPUTF8Capabilities/relay_implicit_tls/capable=false/unicode_sender_envelope_only","Elapsed":0.01}
2026-10-09T04:10:30.6520286Z {"Time":"2026-10-09T04:10:28.701016909Z","Action":"run","Package":"tabmail/internal/outbound","Test":"TestExecSMTPUTF8Capabilities/relay_implicit_tls/capable=false/unicode_recipient_envelope_only"}
2026-10-09T04:10:30.6521368Z {"Time":"2026-10-09T04:10:28.701025475Z","Action":"output","Package":"tabmail/internal/outbound","Test":"TestExecSMTPUTF8Capabilities/relay_implicit_tls/capable=false/unicode_recipient_envelope_only","Output":"=== RUN   TestExecSMTPUTF8Capabilities/relay_implicit_tls/capable=false/unicode_recipient_envelope_only\n"}
2026-10-09T04:10:30.6522481Z {"Time":"2026-10-09T04:10:28.710470744Z","Action":"output","Package":"tabmail/internal/outbound","Test":"TestExecSMTPUTF8Capabilities/relay_implicit_tls/capable=false/unicode_recipient_envelope_only","Output":"--- PASS: TestExecSMTPUTF8Capabilities/relay_implicit_tls/capable=false/unicode_recipient_envelope_only (0.01s)\n"}
2026-10-09T04:10:30.6523177Z {"Time":"2026-10-09T04:10:28.710493968Z","Action":"pass","Package":"tabmail/internal/outbound","Test":"TestExecSMTPUTF8Capabilities/relay_implicit_tls/capable=false/unicode_recipient_envelope_only","Elapsed":0.01}
2026-10-09T04:10:30.6523804Z {"Time":"2026-10-09T04:10:28.710559542Z","Action":"run","Package":"tabmail/internal/outbound","Test":"TestExecSMTPUTF8Capabilities/relay_implicit_tls/capable=false/unicode_domain_envelope_only"}
2026-10-09T04:10:30.6524858Z {"Time":"2026-10-09T04:10:28.710567256Z","Action":"output","Package":"tabmail/internal/outbound","Test":"TestExecSMTPUTF8Capabilities/relay_implicit_tls/capable=false/unicode_domain_envelope_only","Output":"=== RUN   TestExecSMTPUTF8Capabilities/relay_implicit_tls/capable=false/unicode_domain_envelope_only\n"}
2026-10-09T04:10:30.6526062Z {"Time":"2026-10-09T04:10:28.719847002Z","Action":"output","Package":"tabmail/internal/outbound","Test":"TestExecSMTPUTF8Capabilities/relay_implicit_tls/capable=false/unicode_domain_envelope_only","Output":"--- PASS: TestExecSMTPUTF8Capabilities/relay_implicit_tls/capable=false/unicode_domain_envelope_only (0.01s)\n"}
2026-10-09T04:10:30.6526855Z {"Time":"2026-10-09T04:10:28.719864555Z","Action":"pass","Package":"tabmail/internal/outbound","Test":"TestExecSMTPUTF8Capabilities/relay_implicit_tls/capable=false/unicode_domain_envelope_only","Elapsed":0.01}
2026-10-09T04:10:30.6527443Z {"Time":"2026-10-09T04:10:28.719920501Z","Action":"run","Package":"tabmail/internal/outbound","Test":"TestExecSMTPUTF8Capabilities/relay_implicit_tls/capable=false/unicode_last_bcc"}
2026-10-09T04:10:30.6528405Z {"Time":"2026-10-09T04:10:28.7199306Z","Action":"output","Package":"tabmail/internal/outbound","Test":"TestExecSMTPUTF8Capabilities/relay_implicit_tls/capable=false/unicode_last_bcc","Output":"=== RUN   TestExecSMTPUTF8Capabilities/relay_implicit_tls/capable=false/unicode_last_bcc\n"}
2026-10-09T04:10:30.6529408Z {"Time":"2026-10-09T04:10:28.729955861Z","Action":"output","Package":"tabmail/internal/outbound","Test":"TestExecSMTPUTF8Capabilities/relay_implicit_tls/capable=false/unicode_last_bcc","Output":"--- PASS: TestExecSMTPUTF8Capabilities/relay_implicit_tls/capable=false/unicode_last_bcc (0.01s)\n"}
2026-10-09T04:10:30.6530046Z {"Time":"2026-10-09T04:10:28.729977792Z","Action":"pass","Package":"tabmail/internal/outbound","Test":"TestExecSMTPUTF8Capabilities/relay_implicit_tls/capable=false/unicode_last_bcc","Elapsed":0.01}
2026-10-09T04:10:30.6530767Z {"Time":"2026-10-09T04:10:28.730015444Z","Action":"run","Package":"tabmail/internal/outbound","Test":"TestExecSMTPUTF8Capabilities/relay_implicit_tls/capable=false/unicode_top_level_header"}
2026-10-09T04:10:30.6531791Z {"Time":"2026-10-09T04:10:28.730019631Z","Action":"output","Package":"tabmail/internal/outbound","Test":"TestExecSMTPUTF8Capabilities/relay_implicit_tls/capable=false/unicode_top_level_header","Output":"=== RUN   TestExecSMTPUTF8Capabilities/relay_implicit_tls/capable=false/unicode_top_level_header\n"}
2026-10-09T04:10:30.6532847Z {"Time":"2026-10-09T04:10:28.739560361Z","Action":"output","Package":"tabmail/internal/outbound","Test":"TestExecSMTPUTF8Capabilities/relay_implicit_tls/capable=false/unicode_top_level_header","Output":"--- PASS: TestExecSMTPUTF8Capabilities/relay_implicit_tls/capable=false/unicode_top_level_header (0.01s)\n"}
2026-10-09T04:10:30.6533512Z {"Time":"2026-10-09T04:10:28.739578114Z","Action":"pass","Package":"tabmail/internal/outbound","Test":"TestExecSMTPUTF8Capabilities/relay_implicit_tls/capable=false/unicode_top_level_header","Elapsed":0.01}
2026-10-09T04:10:30.6534168Z {"Time":"2026-10-09T04:10:28.73961306Z","Action":"run","Package":"tabmail/internal/outbound","Test":"TestExecSMTPUTF8Capabilities/relay_implicit_tls/capable=false/encoded_headers_body_and_attachment"}
2026-10-09T04:10:30.6535384Z {"Time":"2026-10-09T04:10:28.739617308Z","Action":"output","Package":"tabmail/internal/outbound","Test":"TestExecSMTPUTF8Capabilities/relay_implicit_tls/capable=false/encoded_headers_body_and_attachment","Output":"=== RUN   TestExecSMTPUTF8Capabilities/relay_implicit_tls/capable=false/encoded_headers_body_and_attachment\n"}
2026-10-09T04:10:30.6536529Z {"Time":"2026-10-09T04:10:28.749500916Z","Action":"output","Package":"tabmail/internal/outbound","Test":"TestExecSMTPUTF8Capabilities/relay_implicit_tls/capable=false/encoded_headers_body_and_attachment","Output":"--- PASS: TestExecSMTPUTF8Capabilities/relay_implicit_tls/capable=false/encoded_headers_body_and_attachment (0.01s)\n"}
2026-10-09T04:10:30.6537244Z {"Time":"2026-10-09T04:10:28.749520994Z","Action":"pass","Package":"tabmail/internal/outbound","Test":"TestExecSMTPUTF8Capabilities/relay_implicit_tls/capable=false/encoded_headers_body_and_attachment","Elapsed":0.01}
2026-10-09T04:10:30.6537844Z {"Time":"2026-10-09T04:10:28.749585195Z","Action":"run","Package":"tabmail/internal/outbound","Test":"TestExecSMTPUTF8Capabilities/relay_implicit_tls/capable=false/eight_bit_body_only"}
2026-10-09T04:10:30.6538832Z {"Time":"2026-10-09T04:10:28.749594303Z","Action":"output","Package":"tabmail/internal/outbound","Test":"TestExecSMTPUTF8Capabilities/relay_implicit_tls/capable=false/eight_bit_body_only","Output":"=== RUN   TestExecSMTPUTF8Capabilities/relay_implicit_tls/capable=false/eight_bit_body_only\n"}
2026-10-09T04:10:30.6539960Z {"Time":"2026-10-09T04:10:28.759446876Z","Action":"output","Package":"tabmail/internal/outbound","Test":"TestExecSMTPUTF8Capabilities/relay_implicit_tls/capable=false/eight_bit_body_only","Output":"--- PASS: TestExecSMTPUTF8Capabilities/relay_implicit_tls/capable=false/eight_bit_body_only (0.01s)\n"}
2026-10-09T04:10:30.6540615Z {"Time":"2026-10-09T04:10:28.759465021Z","Action":"pass","Package":"tabmail/internal/outbound","Test":"TestExecSMTPUTF8Capabilities/relay_implicit_tls/capable=false/eight_bit_body_only","Elapsed":0.01}
2026-10-09T04:10:30.6541206Z {"Time":"2026-10-09T04:10:28.759500959Z","Action":"run","Package":"tabmail/internal/outbound","Test":"TestExecSMTPUTF8Capabilities/relay_implicit_tls/capable=true/ascii_quoted_alabel"}
2026-10-09T04:10:30.6542187Z {"Time":"2026-10-09T04:10:28.759510938Z","Action":"output","Package":"tabmail/internal/outbound","Test":"TestExecSMTPUTF8Capabilities/relay_implicit_tls/capable=true/ascii_quoted_alabel","Output":"=== RUN   TestExecSMTPUTF8Capabilities/relay_implicit_tls/capable=true/ascii_quoted_alabel\n"}
2026-10-09T04:10:30.6543200Z {"Time":"2026-10-09T04:10:28.769115267Z","Action":"output","Package":"tabmail/internal/outbound","Test":"TestExecSMTPUTF8Capabilities/relay_implicit_tls/capable=true/ascii_quoted_alabel","Output":"--- PASS: TestExecSMTPUTF8Capabilities/relay_implicit_tls/capable=true/ascii_quoted_alabel (0.01s)\n"}
2026-10-09T04:10:30.6543944Z {"Time":"2026-10-09T04:10:28.76913269Z","Action":"pass","Package":"tabmail/internal/outbound","Test":"TestExecSMTPUTF8Capabilities/relay_implicit_tls/capable=true/ascii_quoted_alabel","Elapsed":0.01}
2026-10-09T04:10:30.6544564Z {"Time":"2026-10-09T04:10:28.769183716Z","Action":"run","Package":"tabmail/internal/outbound","Test":"TestExecSMTPUTF8Capabilities/relay_implicit_tls/capable=true/unicode_sender_envelope_only"}
2026-10-09T04:10:30.6545807Z {"Time":"2026-10-09T04:10:28.769188215Z","Action":"output","Package":"tabmail/internal/outbound","Test":"TestExecSMTPUTF8Capabilities/relay_implicit_tls/capable=true/unicode_sender_envelope_only","Output":"=== RUN   TestExecSMTPUTF8Capabilities/relay_implicit_tls/capable=true/unicode_sender_envelope_only\n"}
2026-10-09T04:10:30.6546891Z {"Time":"2026-10-09T04:10:28.779046745Z","Action":"output","Package":"tabmail/internal/outbound","Test":"TestExecSMTPUTF8Capabilities/relay_implicit_tls/capable=true/unicode_sender_envelope_only","Output":"--- PASS: TestExecSMTPUTF8Capabilities/relay_implicit_tls/capable=true/unicode_sender_envelope_only (0.01s)\n"}
2026-10-09T04:10:30.6547570Z {"Time":"2026-10-09T04:10:28.779065491Z","Action":"pass","Package":"tabmail/internal/outbound","Test":"TestExecSMTPUTF8Capabilities/relay_implicit_tls/capable=true/unicode_sender_envelope_only","Elapsed":0.01}
2026-10-09T04:10:30.6548200Z {"Time":"2026-10-09T04:10:28.779109123Z","Action":"run","Package":"tabmail/internal/outbound","Test":"TestExecSMTPUTF8Capabilities/relay_implicit_tls/capable=true/unicode_recipient_envelope_only"}
2026-10-09T04:10:30.6549276Z {"Time":"2026-10-09T04:10:28.779117509Z","Action":"output","Package":"tabmail/internal/outbound","Test":"TestExecSMTPUTF8Capabilities/relay_implicit_tls/capable=true/unicode_recipient_envelope_only","Output":"=== RUN   TestExecSMTPUTF8Capabilities/relay_implicit_tls/capable=true/unicode_recipient_envelope_only\n"}
2026-10-09T04:10:30.6550374Z {"Time":"2026-10-09T04:10:28.788694236Z","Action":"output","Package":"tabmail/internal/outbound","Test":"TestExecSMTPUTF8Capabilities/relay_implicit_tls/capable=true/unicode_recipient_envelope_only","Output":"--- PASS: TestExecSMTPUTF8Capabilities/relay_implicit_tls/capable=true/unicode_recipient_envelope_only (0.01s)\n"}
2026-10-09T04:10:30.6551063Z {"Time":"2026-10-09T04:10:28.788715136Z","Action":"pass","Package":"tabmail/internal/outbound","Test":"TestExecSMTPUTF8Capabilities/relay_implicit_tls/capable=true/unicode_recipient_envelope_only","Elapsed":0.01}
2026-10-09T04:10:30.6551800Z {"Time":"2026-10-09T04:10:28.788762155Z","Action":"run","Package":"tabmail/internal/outbound","Test":"TestExecSMTPUTF8Capabilities/relay_implicit_tls/capable=true/unicode_domain_envelope_only"}
2026-10-09T04:10:30.6552849Z {"Time":"2026-10-09T04:10:28.788769819Z","Action":"output","Package":"tabmail/internal/outbound","Test":"TestExecSMTPUTF8Capabilities/relay_implicit_tls/capable=true/unicode_domain_envelope_only","Output":"=== RUN   TestExecSMTPUTF8Capabilities/relay_implicit_tls/capable=true/unicode_domain_envelope_only\n"}
2026-10-09T04:10:30.6553931Z {"Time":"2026-10-09T04:10:28.799357738Z","Action":"output","Package":"tabmail/internal/outbound","Test":"TestExecSMTPUTF8Capabilities/relay_implicit_tls/capable=true/unicode_domain_envelope_only","Output":"--- PASS: TestExecSMTPUTF8Capabilities/relay_implicit_tls/capable=true/unicode_domain_envelope_only (0.01s)\n"}
2026-10-09T04:10:30.6554608Z {"Time":"2026-10-09T04:10:28.79937438Z","Action":"pass","Package":"tabmail/internal/outbound","Test":"TestExecSMTPUTF8Capabilities/relay_implicit_tls/capable=true/unicode_domain_envelope_only","Elapsed":0.01}
2026-10-09T04:10:30.6555314Z {"Time":"2026-10-09T04:10:28.799405869Z","Action":"run","Package":"tabmail/internal/outbound","Test":"TestExecSMTPUTF8Capabilities/relay_implicit_tls/capable=true/unicode_last_bcc"}
2026-10-09T04:10:30.6556390Z {"Time":"2026-10-09T04:10:28.799413243Z","Action":"output","Package":"tabmail/internal/outbound","Test":"TestExecSMTPUTF8Capabilities/relay_implicit_tls/capable=true/unicode_last_bcc","Output":"=== RUN   TestExecSMTPUTF8Capabilities/relay_implicit_tls/capable=true/unicode_last_bcc\n"}
2026-10-09T04:10:30.6557373Z {"Time":"2026-10-09T04:10:28.809133091Z","Action":"output","Package":"tabmail/internal/outbound","Test":"TestExecSMTPUTF8Capabilities/relay_implicit_tls/capable=true/unicode_last_bcc","Output":"--- PASS: TestExecSMTPUTF8Capabilities/relay_implicit_tls/capable=true/unicode_last_bcc (0.01s)\n"}
2026-10-09T04:10:30.6558013Z {"Time":"2026-10-09T04:10:28.809152889Z","Action":"pass","Package":"tabmail/internal/outbound","Test":"TestExecSMTPUTF8Capabilities/relay_implicit_tls/capable=true/unicode_last_bcc","Elapsed":0.01}
2026-10-09T04:10:30.6558621Z {"Time":"2026-10-09T04:10:28.809181062Z","Action":"run","Package":"tabmail/internal/outbound","Test":"TestExecSMTPUTF8Capabilities/relay_implicit_tls/capable=true/unicode_top_level_header"}
2026-10-09T04:10:30.6559640Z {"Time":"2026-10-09T04:10:28.809185521Z","Action":"output","Package":"tabmail/internal/outbound","Test":"TestExecSMTPUTF8Capabilities/relay_implicit_tls/capable=true/unicode_top_level_header","Output":"=== RUN   TestExecSMTPUTF8Capabilities/relay_implicit_tls/capable=true/unicode_top_level_header\n"}
2026-10-09T04:10:30.6560676Z {"Time":"2026-10-09T04:10:28.819196128Z","Action":"output","Package":"tabmail/internal/outbound","Test":"TestExecSMTPUTF8Capabilities/relay_implicit_tls/capable=true/unicode_top_level_header","Output":"--- PASS: TestExecSMTPUTF8Capabilities/relay_implicit_tls/capable=true/unicode_top_level_header (0.01s)\n"}
2026-10-09T04:10:30.6561348Z {"Time":"2026-10-09T04:10:28.819215044Z","Action":"pass","Package":"tabmail/internal/outbound","Test":"TestExecSMTPUTF8Capabilities/relay_implicit_tls/capable=true/unicode_top_level_header","Elapsed":0.01}
2026-10-09T04:10:30.6561995Z {"Time":"2026-10-09T04:10:28.819254639Z","Action":"run","Package":"tabmail/internal/outbound","Test":"TestExecSMTPUTF8Capabilities/relay_implicit_tls/capable=true/encoded_headers_body_and_attachment"}
2026-10-09T04:10:30.6563093Z {"Time":"2026-10-09T04:10:28.819263966Z","Action":"output","Package":"tabmail/internal/outbound","Test":"TestExecSMTPUTF8Capabilities/relay_implicit_tls/capable=true/encoded_headers_body_and_attachment","Output":"=== RUN   TestExecSMTPUTF8Capabilities/relay_implicit_tls/capable=true/encoded_headers_body_and_attachment\n"}
2026-10-09T04:10:30.6564335Z {"Time":"2026-10-09T04:10:28.829060349Z","Action":"output","Package":"tabmail/internal/outbound","Test":"TestExecSMTPUTF8Capabilities/relay_implicit_tls/capable=true/encoded_headers_body_and_attachment","Output":"--- PASS: TestExecSMTPUTF8Capabilities/relay_implicit_tls/capable=true/encoded_headers_body_and_attachment (0.01s)\n"}
2026-10-09T04:10:30.6565163Z {"Time":"2026-10-09T04:10:28.829083753Z","Action":"pass","Package":"tabmail/internal/outbound","Test":"TestExecSMTPUTF8Capabilities/relay_implicit_tls/capable=true/encoded_headers_body_and_attachment","Elapsed":0.01}
2026-10-09T04:10:30.6565764Z {"Time":"2026-10-09T04:10:28.829123328Z","Action":"run","Package":"tabmail/internal/outbound","Test":"TestExecSMTPUTF8Capabilities/relay_implicit_tls/capable=true/eight_bit_body_only"}
2026-10-09T04:10:30.6566743Z {"Time":"2026-10-09T04:10:28.829130822Z","Action":"output","Package":"tabmail/internal/outbound","Test":"TestExecSMTPUTF8Capabilities/relay_implicit_tls/capable=true/eight_bit_body_only","Output":"=== RUN   TestExecSMTPUTF8Capabilities/relay_implicit_tls/capable=true/eight_bit_body_only\n"}
2026-10-09T04:10:30.6567755Z {"Time":"2026-10-09T04:10:28.838815905Z","Action":"output","Package":"tabmail/internal/outbound","Test":"TestExecSMTPUTF8Capabilities/relay_implicit_tls/capable=true/eight_bit_body_only","Output":"--- PASS: TestExecSMTPUTF8Capabilities/relay_implicit_tls/capable=true/eight_bit_body_only (0.01s)\n"}
2026-10-09T04:10:30.6568415Z {"Time":"2026-10-09T04:10:28.838834009Z","Action":"pass","Package":"tabmail/internal/outbound","Test":"TestExecSMTPUTF8Capabilities/relay_implicit_tls/capable=true/eight_bit_body_only","Elapsed":0.01}
2026-10-09T04:10:30.6569112Z {"Time":"2026-10-09T04:10:28.838859377Z","Action":"run","Package":"tabmail/internal/outbound","Test":"TestExecSMTPUTF8Capabilities/relay_starttls/capable=false/ascii_quoted_alabel"}
2026-10-09T04:10:30.6570077Z {"Time":"2026-10-09T04:10:28.838866089Z","Action":"output","Package":"tabmail/internal/outbound","Test":"TestExecSMTPUTF8Capabilities/relay_starttls/capable=false/ascii_quoted_alabel","Output":"=== RUN   TestExecSMTPUTF8Capabilities/relay_starttls/capable=false/ascii_quoted_alabel\n"}
2026-10-09T04:10:30.6571065Z {"Time":"2026-10-09T04:10:28.848926201Z","Action":"output","Package":"tabmail/internal/outbound","Test":"TestExecSMTPUTF8Capabilities/relay_starttls/capable=false/ascii_quoted_alabel","Output":"--- PASS: TestExecSMTPUTF8Capabilities/relay_starttls/capable=false/ascii_quoted_alabel (0.01s)\n"}
2026-10-09T04:10:30.6571708Z {"Time":"2026-10-09T04:10:28.848961027Z","Action":"pass","Package":"tabmail/internal/outbound","Test":"TestExecSMTPUTF8Capabilities/relay_starttls/capable=false/ascii_quoted_alabel","Elapsed":0.01}
2026-10-09T04:10:30.6572325Z {"Time":"2026-10-09T04:10:28.848991404Z","Action":"run","Package":"tabmail/internal/outbound","Test":"TestExecSMTPUTF8Capabilities/relay_starttls/capable=false/unicode_sender_envelope_only"}
2026-10-09T04:10:30.6573345Z {"Time":"2026-10-09T04:10:28.849000962Z","Action":"output","Package":"tabmail/internal/outbound","Test":"TestExecSMTPUTF8Capabilities/relay_starttls/capable=false/unicode_sender_envelope_only","Output":"=== RUN   TestExecSMTPUTF8Capabilities/relay_starttls/capable=false/unicode_sender_envelope_only\n"}
2026-10-09T04:10:30.6574406Z {"Time":"2026-10-09T04:10:28.859049918Z","Action":"output","Package":"tabmail/internal/outbound","Test":"TestExecSMTPUTF8Capabilities/relay_starttls/capable=false/unicode_sender_envelope_only","Output":"--- PASS: TestExecSMTPUTF8Capabilities/relay_starttls/capable=false/unicode_sender_envelope_only (0.01s)\n"}
2026-10-09T04:10:30.6575187Z {"Time":"2026-10-09T04:10:28.859069975Z","Action":"pass","Package":"tabmail/internal/outbound","Test":"TestExecSMTPUTF8Capabilities/relay_starttls/capable=false/unicode_sender_envelope_only","Elapsed":0.01}
2026-10-09T04:10:30.6575808Z {"Time":"2026-10-09T04:10:28.85913321Z","Action":"run","Package":"tabmail/internal/outbound","Test":"TestExecSMTPUTF8Capabilities/relay_starttls/capable=false/unicode_recipient_envelope_only"}
2026-10-09T04:10:30.6576988Z {"Time":"2026-10-09T04:10:28.859145353Z","Action":"output","Package":"tabmail/internal/outbound","Test":"TestExecSMTPUTF8Capabilities/relay_starttls/capable=false/unicode_recipient_envelope_only","Output":"=== RUN   TestExecSMTPUTF8Capabilities/relay_starttls/capable=false/unicode_recipient_envelope_only\n"}
2026-10-09T04:10:30.6578071Z {"Time":"2026-10-09T04:10:28.868476476Z","Action":"output","Package":"tabmail/internal/outbound","Test":"TestExecSMTPUTF8Capabilities/relay_starttls/capable=false/unicode_recipient_envelope_only","Output":"--- PASS: TestExecSMTPUTF8Capabilities/relay_starttls/capable=false/unicode_recipient_envelope_only (0.01s)\n"}
2026-10-09T04:10:30.6578762Z {"Time":"2026-10-09T04:10:28.868516321Z","Action":"pass","Package":"tabmail/internal/outbound","Test":"TestExecSMTPUTF8Capabilities/relay_starttls/capable=false/unicode_recipient_envelope_only","Elapsed":0.01}
2026-10-09T04:10:30.6579370Z {"Time":"2026-10-09T04:10:28.86854768Z","Action":"run","Package":"tabmail/internal/outbound","Test":"TestExecSMTPUTF8Capabilities/relay_starttls/capable=false/unicode_domain_envelope_only"}
2026-10-09T04:10:30.6580393Z {"Time":"2026-10-09T04:10:28.868556246Z","Action":"output","Package":"tabmail/internal/outbound","Test":"TestExecSMTPUTF8Capabilities/relay_starttls/capable=false/unicode_domain_envelope_only","Output":"=== RUN   TestExecSMTPUTF8Capabilities/relay_starttls/capable=false/unicode_domain_envelope_only\n"}
2026-10-09T04:10:30.6581563Z {"Time":"2026-10-09T04:10:28.878227859Z","Action":"output","Package":"tabmail/internal/outbound","Test":"TestExecSMTPUTF8Capabilities/relay_starttls/capable=false/unicode_domain_envelope_only","Output":"--- PASS: TestExecSMTPUTF8Capabilities/relay_starttls/capable=false/unicode_domain_envelope_only (0.01s)\n"}
2026-10-09T04:10:30.6582233Z {"Time":"2026-10-09T04:10:28.878250401Z","Action":"pass","Package":"tabmail/internal/outbound","Test":"TestExecSMTPUTF8Capabilities/relay_starttls/capable=false/unicode_domain_envelope_only","Elapsed":0.01}
2026-10-09T04:10:30.6582798Z {"Time":"2026-10-09T04:10:28.878283945Z","Action":"run","Package":"tabmail/internal/outbound","Test":"TestExecSMTPUTF8Capabilities/relay_starttls/capable=false/unicode_last_bcc"}
2026-10-09T04:10:30.6583732Z {"Time":"2026-10-09T04:10:28.878287892Z","Action":"output","Package":"tabmail/internal/outbound","Test":"TestExecSMTPUTF8Capabilities/relay_starttls/capable=false/unicode_last_bcc","Output":"=== RUN   TestExecSMTPUTF8Capabilities/relay_starttls/capable=false/unicode_last_bcc\n"}
2026-10-09T04:10:30.6584705Z {"Time":"2026-10-09T04:10:28.887758829Z","Action":"output","Package":"tabmail/internal/outbound","Test":"TestExecSMTPUTF8Capabilities/relay_starttls/capable=false/unicode_last_bcc","Output":"--- PASS: TestExecSMTPUTF8Capabilities/relay_starttls/capable=false/unicode_last_bcc (0.01s)\n"}
2026-10-09T04:10:30.6585445Z {"Time":"2026-10-09T04:10:28.887789187Z","Action":"pass","Package":"tabmail/internal/outbound","Test":"TestExecSMTPUTF8Capabilities/relay_starttls/capable=false/unicode_last_bcc","Elapsed":0.01}
2026-10-09T04:10:30.6586042Z {"Time":"2026-10-09T04:10:28.88779618Z","Action":"run","Package":"tabmail/internal/outbound","Test":"TestExecSMTPUTF8Capabilities/relay_starttls/capable=false/unicode_top_level_header"}
2026-10-09T04:10:30.6587034Z {"Time":"2026-10-09T04:10:28.887800989Z","Action":"output","Package":"tabmail/internal/outbound","Test":"TestExecSMTPUTF8Capabilities/relay_starttls/capable=false/unicode_top_level_header","Output":"=== RUN   TestExecSMTPUTF8Capabilities/relay_starttls/capable=false/unicode_top_level_header\n"}
2026-10-09T04:10:30.6588065Z {"Time":"2026-10-09T04:10:28.897155055Z","Action":"output","Package":"tabmail/internal/outbound","Test":"TestExecSMTPUTF8Capabilities/relay_starttls/capable=false/unicode_top_level_header","Output":"--- PASS: TestExecSMTPUTF8Capabilities/relay_starttls/capable=false/unicode_top_level_header (0.01s)\n"}
2026-10-09T04:10:30.6588723Z {"Time":"2026-10-09T04:10:28.897172999Z","Action":"pass","Package":"tabmail/internal/outbound","Test":"TestExecSMTPUTF8Capabilities/relay_starttls/capable=false/unicode_top_level_header","Elapsed":0.01}
2026-10-09T04:10:30.6589475Z {"Time":"2026-10-09T04:10:28.897225879Z","Action":"run","Package":"tabmail/internal/outbound","Test":"TestExecSMTPUTF8Capabilities/relay_starttls/capable=false/encoded_headers_body_and_attachment"}
2026-10-09T04:10:30.6590555Z {"Time":"2026-10-09T04:10:28.897235337Z","Action":"output","Package":"tabmail/internal/outbound","Test":"TestExecSMTPUTF8Capabilities/relay_starttls/capable=false/encoded_headers_body_and_attachment","Output":"=== RUN   TestExecSMTPUTF8Capabilities/relay_starttls/capable=false/encoded_headers_body_and_attachment\n"}
2026-10-09T04:10:30.6591673Z {"Time":"2026-10-09T04:10:28.907260092Z","Action":"output","Package":"tabmail/internal/outbound","Test":"TestExecSMTPUTF8Capabilities/relay_starttls/capable=false/encoded_headers_body_and_attachment","Output":"--- PASS: TestExecSMTPUTF8Capabilities/relay_starttls/capable=false/encoded_headers_body_and_attachment (0.01s)\n"}
2026-10-09T04:10:30.6592385Z {"Time":"2026-10-09T04:10:28.907280861Z","Action":"pass","Package":"tabmail/internal/outbound","Test":"TestExecSMTPUTF8Capabilities/relay_starttls/capable=false/encoded_headers_body_and_attachment","Elapsed":0.01}
2026-10-09T04:10:30.6592966Z {"Time":"2026-10-09T04:10:28.907291781Z","Action":"run","Package":"tabmail/internal/outbound","Test":"TestExecSMTPUTF8Capabilities/relay_starttls/capable=false/eight_bit_body_only"}
2026-10-09T04:10:30.6594036Z {"Time":"2026-10-09T04:10:28.907295158Z","Action":"output","Package":"tabmail/internal/outbound","Test":"TestExecSMTPUTF8Capabilities/relay_starttls/capable=false/eight_bit_body_only","Output":"=== RUN   TestExecSMTPUTF8Capabilities/relay_starttls/capable=false/eight_bit_body_only\n"}
2026-10-09T04:10:30.6595141Z {"Time":"2026-10-09T04:10:28.916918543Z","Action":"output","Package":"tabmail/internal/outbound","Test":"TestExecSMTPUTF8Capabilities/relay_starttls/capable=false/eight_bit_body_only","Output":"--- PASS: TestExecSMTPUTF8Capabilities/relay_starttls/capable=false/eight_bit_body_only (0.01s)\n"}
2026-10-09T04:10:30.6595826Z {"Time":"2026-10-09T04:10:28.916935085Z","Action":"pass","Package":"tabmail/internal/outbound","Test":"TestExecSMTPUTF8Capabilities/relay_starttls/capable=false/eight_bit_body_only","Elapsed":0.01}
2026-10-09T04:10:30.6596396Z {"Time":"2026-10-09T04:10:28.916953399Z","Action":"run","Package":"tabmail/internal/outbound","Test":"TestExecSMTPUTF8Capabilities/relay_starttls/capable=true/ascii_quoted_alabel"}
2026-10-09T04:10:30.6597350Z {"Time":"2026-10-09T04:10:28.916959751Z","Action":"output","Package":"tabmail/internal/outbound","Test":"TestExecSMTPUTF8Capabilities/relay_starttls/capable=true/ascii_quoted_alabel","Output":"=== RUN   TestExecSMTPUTF8Capabilities/relay_starttls/capable=true/ascii_quoted_alabel\n"}
2026-10-09T04:10:30.6598329Z {"Time":"2026-10-09T04:10:28.926885719Z","Action":"output","Package":"tabmail/internal/outbound","Test":"TestExecSMTPUTF8Capabilities/relay_starttls/capable=true/ascii_quoted_alabel","Output":"--- PASS: TestExecSMTPUTF8Capabilities/relay_starttls/capable=true/ascii_quoted_alabel (0.01s)\n"}
2026-10-09T04:10:30.6598969Z {"Time":"2026-10-09T04:10:28.92690238Z","Action":"pass","Package":"tabmail/internal/outbound","Test":"TestExecSMTPUTF8Capabilities/relay_starttls/capable=true/ascii_quoted_alabel","Elapsed":0.01}
2026-10-09T04:10:30.6599571Z {"Time":"2026-10-09T04:10:28.926921747Z","Action":"run","Package":"tabmail/internal/outbound","Test":"TestExecSMTPUTF8Capabilities/relay_starttls/capable=true/unicode_sender_envelope_only"}
2026-10-09T04:10:30.6600592Z {"Time":"2026-10-09T04:10:28.926926406Z","Action":"output","Package":"tabmail/internal/outbound","Test":"TestExecSMTPUTF8Capabilities/relay_starttls/capable=true/unicode_sender_envelope_only","Output":"=== RUN   TestExecSMTPUTF8Capabilities/relay_starttls/capable=true/unicode_sender_envelope_only\n"}
2026-10-09T04:10:30.6601648Z {"Time":"2026-10-09T04:10:28.937169704Z","Action":"output","Package":"tabmail/internal/outbound","Test":"TestExecSMTPUTF8Capabilities/relay_starttls/capable=true/unicode_sender_envelope_only","Output":"--- PASS: TestExecSMTPUTF8Capabilities/relay_starttls/capable=true/unicode_sender_envelope_only (0.01s)\n"}
2026-10-09T04:10:30.6602432Z {"Time":"2026-10-09T04:10:28.937184512Z","Action":"pass","Package":"tabmail/internal/outbound","Test":"TestExecSMTPUTF8Capabilities/relay_starttls/capable=true/unicode_sender_envelope_only","Elapsed":0.01}
2026-10-09T04:10:30.6603053Z {"Time":"2026-10-09T04:10:28.937224597Z","Action":"run","Package":"tabmail/internal/outbound","Test":"TestExecSMTPUTF8Capabilities/relay_starttls/capable=true/unicode_recipient_envelope_only"}
2026-10-09T04:10:30.6604093Z {"Time":"2026-10-09T04:10:28.937233775Z","Action":"output","Package":"tabmail/internal/outbound","Test":"TestExecSMTPUTF8Capabilities/relay_starttls/capable=true/unicode_recipient_envelope_only","Output":"=== RUN   TestExecSMTPUTF8Capabilities/relay_starttls/capable=true/unicode_recipient_envelope_only\n"}
2026-10-09T04:10:30.6605284Z {"Time":"2026-10-09T04:10:28.946893469Z","Action":"output","Package":"tabmail/internal/outbound","Test":"TestExecSMTPUTF8Capabilities/relay_starttls/capable=true/unicode_recipient_envelope_only","Output":"--- PASS: TestExecSMTPUTF8Capabilities/relay_starttls/capable=true/unicode_recipient_envelope_only (0.01s)\n"}
2026-10-09T04:10:30.6605966Z {"Time":"2026-10-09T04:10:28.946911623Z","Action":"pass","Package":"tabmail/internal/outbound","Test":"TestExecSMTPUTF8Capabilities/relay_starttls/capable=true/unicode_recipient_envelope_only","Elapsed":0.01}
2026-10-09T04:10:30.6606683Z {"Time":"2026-10-09T04:10:28.946940338Z","Action":"run","Package":"tabmail/internal/outbound","Test":"TestExecSMTPUTF8Capabilities/relay_starttls/capable=true/unicode_domain_envelope_only"}
2026-10-09T04:10:30.6607703Z {"Time":"2026-10-09T04:10:28.946944335Z","Action":"output","Package":"tabmail/internal/outbound","Test":"TestExecSMTPUTF8Capabilities/relay_starttls/capable=true/unicode_domain_envelope_only","Output":"=== RUN   TestExecSMTPUTF8Capabilities/relay_starttls/capable=true/unicode_domain_envelope_only\n"}
2026-10-09T04:10:30.6608757Z {"Time":"2026-10-09T04:10:28.956913835Z","Action":"output","Package":"tabmail/internal/outbound","Test":"TestExecSMTPUTF8Capabilities/relay_starttls/capable=true/unicode_domain_envelope_only","Output":"--- PASS: TestExecSMTPUTF8Capabilities/relay_starttls/capable=true/unicode_domain_envelope_only (0.01s)\n"}
2026-10-09T04:10:30.6609425Z {"Time":"2026-10-09T04:10:28.956931278Z","Action":"pass","Package":"tabmail/internal/outbound","Test":"TestExecSMTPUTF8Capabilities/relay_starttls/capable=true/unicode_domain_envelope_only","Elapsed":0.01}
2026-10-09T04:10:30.6609980Z {"Time":"2026-10-09T04:10:28.956949773Z","Action":"run","Package":"tabmail/internal/outbound","Test":"TestExecSMTPUTF8Capabilities/relay_starttls/capable=true/unicode_last_bcc"}
2026-10-09T04:10:30.6610903Z {"Time":"2026-10-09T04:10:28.956955975Z","Action":"output","Package":"tabmail/internal/outbound","Test":"TestExecSMTPUTF8Capabilities/relay_starttls/capable=true/unicode_last_bcc","Output":"=== RUN   TestExecSMTPUTF8Capabilities/relay_starttls/capable=true/unicode_last_bcc\n"}
2026-10-09T04:10:30.6611861Z {"Time":"2026-10-09T04:10:28.967078604Z","Action":"output","Package":"tabmail/internal/outbound","Test":"TestExecSMTPUTF8Capabilities/relay_starttls/capable=true/unicode_last_bcc","Output":"--- PASS: TestExecSMTPUTF8Capabilities/relay_starttls/capable=true/unicode_last_bcc (0.01s)\n"}
2026-10-09T04:10:30.6612484Z {"Time":"2026-10-09T04:10:28.96709746Z","Action":"pass","Package":"tabmail/internal/outbound","Test":"TestExecSMTPUTF8Capabilities/relay_starttls/capable=true/unicode_last_bcc","Elapsed":0.01}
2026-10-09T04:10:30.6613069Z {"Time":"2026-10-09T04:10:28.967128228Z","Action":"run","Package":"tabmail/internal/outbound","Test":"TestExecSMTPUTF8Capabilities/relay_starttls/capable=true/unicode_top_level_header"}
2026-10-09T04:10:30.6614052Z {"Time":"2026-10-09T04:10:28.967134791Z","Action":"output","Package":"tabmail/internal/outbound","Test":"TestExecSMTPUTF8Capabilities/relay_starttls/capable=true/unicode_top_level_header","Output":"=== RUN   TestExecSMTPUTF8Capabilities/relay_starttls/capable=true/unicode_top_level_header\n"}
2026-10-09T04:10:30.6615338Z {"Time":"2026-10-09T04:10:28.977019821Z","Action":"output","Package":"tabmail/internal/outbound","Test":"TestExecSMTPUTF8Capabilities/relay_starttls/capable=true/unicode_top_level_header","Output":"--- PASS: TestExecSMTPUTF8Capabilities/relay_starttls/capable=true/unicode_top_level_header (0.01s)\n"}
2026-10-09T04:10:30.6616002Z {"Time":"2026-10-09T04:10:28.977038707Z","Action":"pass","Package":"tabmail/internal/outbound","Test":"TestExecSMTPUTF8Capabilities/relay_starttls/capable=true/unicode_top_level_header","Elapsed":0.01}
2026-10-09T04:10:30.6616629Z {"Time":"2026-10-09T04:10:28.977091837Z","Action":"run","Package":"tabmail/internal/outbound","Test":"TestExecSMTPUTF8Capabilities/relay_starttls/capable=true/encoded_headers_body_and_attachment"}
2026-10-09T04:10:30.6617705Z {"Time":"2026-10-09T04:10:28.977099071Z","Action":"output","Package":"tabmail/internal/outbound","Test":"TestExecSMTPUTF8Capabilities/relay_starttls/capable=true/encoded_headers_body_and_attachment","Output":"=== RUN   TestExecSMTPUTF8Capabilities/relay_starttls/capable=true/encoded_headers_body_and_attachment\n"}
2026-10-09T04:10:30.6618806Z {"Time":"2026-10-09T04:10:28.987466022Z","Action":"output","Package":"tabmail/internal/outbound","Test":"TestExecSMTPUTF8Capabilities/relay_starttls/capable=true/encoded_headers_body_and_attachment","Output":"--- PASS: TestExecSMTPUTF8Capabilities/relay_starttls/capable=true/encoded_headers_body_and_attachment (0.01s)\n"}
2026-10-09T04:10:30.6619597Z {"Time":"2026-10-09T04:10:28.987484016Z","Action":"pass","Package":"tabmail/internal/outbound","Test":"TestExecSMTPUTF8Capabilities/relay_starttls/capable=true/encoded_headers_body_and_attachment","Elapsed":0.01}
2026-10-09T04:10:30.6620176Z {"Time":"2026-10-09T04:10:28.987562264Z","Action":"run","Package":"tabmail/internal/outbound","Test":"TestExecSMTPUTF8Capabilities/relay_starttls/capable=true/eight_bit_body_only"}
2026-10-09T04:10:30.6621131Z {"Time":"2026-10-09T04:10:28.987576531Z","Action":"output","Package":"tabmail/internal/outbound","Test":"TestExecSMTPUTF8Capabilities/relay_starttls/capable=true/eight_bit_body_only","Output":"=== RUN   TestExecSMTPUTF8Capabilities/relay_starttls/capable=true/eight_bit_body_only\n"}
2026-10-09T04:10:30.6622115Z {"Time":"2026-10-09T04:10:28.997101125Z","Action":"output","Package":"tabmail/internal/outbound","Test":"TestExecSMTPUTF8Capabilities/relay_starttls/capable=true/eight_bit_body_only","Output":"--- PASS: TestExecSMTPUTF8Capabilities/relay_starttls/capable=true/eight_bit_body_only (0.01s)\n"}
2026-10-09T04:10:30.6622744Z {"Time":"2026-10-09T04:10:28.997122886Z","Action":"pass","Package":"tabmail/internal/outbound","Test":"TestExecSMTPUTF8Capabilities/relay_starttls/capable=true/eight_bit_body_only","Elapsed":0.01}
2026-10-09T04:10:30.6623316Z {"Time":"2026-10-09T04:10:28.997153865Z","Action":"run","Package":"tabmail/internal/outbound","Test":"TestExecSMTPUTF8Capabilities/direct_plain/capable=false/ascii_quoted_alabel"}
2026-10-09T04:10:30.6624265Z {"Time":"2026-10-09T04:10:28.997160868Z","Action":"output","Package":"tabmail/internal/outbound","Test":"TestExecSMTPUTF8Capabilities/direct_plain/capable=false/ascii_quoted_alabel","Output":"=== RUN   TestExecSMTPUTF8Capabilities/direct_plain/capable=false/ascii_quoted_alabel\n"}
2026-10-09T04:10:30.6625351Z {"Time":"2026-10-09T04:10:29.000957957Z","Action":"output","Package":"tabmail/internal/outbound","Test":"TestExecSMTPUTF8Capabilities/direct_plain/capable=false/ascii_quoted_alabel","Output":"--- PASS: TestExecSMTPUTF8Capabilities/direct_plain/capable=false/ascii_quoted_alabel (0.00s)\n"}
2026-10-09T04:10:30.6625969Z {"Time":"2026-10-09T04:10:29.000979027Z","Action":"pass","Package":"tabmail/internal/outbound","Test":"TestExecSMTPUTF8Capabilities/direct_plain/capable=false/ascii_quoted_alabel","Elapsed":0}
2026-10-09T04:10:30.6626574Z {"Time":"2026-10-09T04:10:29.001008042Z","Action":"run","Package":"tabmail/internal/outbound","Test":"TestExecSMTPUTF8Capabilities/direct_plain/capable=false/unicode_sender_envelope_only"}
2026-10-09T04:10:30.6627721Z {"Time":"2026-10-09T04:10:29.001026837Z","Action":"output","Package":"tabmail/internal/outbound","Test":"TestExecSMTPUTF8Capabilities/direct_plain/capable=false/unicode_sender_envelope_only","Output":"=== RUN   TestExecSMTPUTF8Capabilities/direct_plain/capable=false/unicode_sender_envelope_only\n"}
2026-10-09T04:10:30.6628795Z {"Time":"2026-10-09T04:10:29.004192393Z","Action":"output","Package":"tabmail/internal/outbound","Test":"TestExecSMTPUTF8Capabilities/direct_plain/capable=false/unicode_sender_envelope_only","Output":"--- PASS: TestExecSMTPUTF8Capabilities/direct_plain/capable=false/unicode_sender_envelope_only (0.00s)\n"}
2026-10-09T04:10:30.6629451Z {"Time":"2026-10-09T04:10:29.004204225Z","Action":"pass","Package":"tabmail/internal/outbound","Test":"TestExecSMTPUTF8Capabilities/direct_plain/capable=false/unicode_sender_envelope_only","Elapsed":0}
2026-10-09T04:10:30.6630076Z {"Time":"2026-10-09T04:10:29.004240324Z","Action":"run","Package":"tabmail/internal/outbound","Test":"TestExecSMTPUTF8Capabilities/direct_plain/capable=false/unicode_recipient_envelope_only"}
2026-10-09T04:10:30.6631109Z {"Time":"2026-10-09T04:10:29.0042544Z","Action":"output","Package":"tabmail/internal/outbound","Test":"TestExecSMTPUTF8Capabilities/direct_plain/capable=false/unicode_recipient_envelope_only","Output":"=== RUN   TestExecSMTPUTF8Capabilities/direct_plain/capable=false/unicode_recipient_envelope_only\n"}
2026-10-09T04:10:30.6632286Z {"Time":"2026-10-09T04:10:29.007353154Z","Action":"output","Package":"tabmail/internal/outbound","Test":"TestExecSMTPUTF8Capabilities/direct_plain/capable=false/unicode_recipient_envelope_only","Output":"--- PASS: TestExecSMTPUTF8Capabilities/direct_plain/capable=false/unicode_recipient_envelope_only (0.00s)\n"}
2026-10-09T04:10:30.6632948Z {"Time":"2026-10-09T04:10:29.007373142Z","Action":"pass","Package":"tabmail/internal/outbound","Test":"TestExecSMTPUTF8Capabilities/direct_plain/capable=false/unicode_recipient_envelope_only","Elapsed":0}
2026-10-09T04:10:30.6633557Z {"Time":"2026-10-09T04:10:29.00739837Z","Action":"run","Package":"tabmail/internal/outbound","Test":"TestExecSMTPUTF8Capabilities/direct_plain/capable=false/unicode_domain_envelope_only"}
2026-10-09T04:10:30.6634566Z {"Time":"2026-10-09T04:10:29.007402287Z","Action":"output","Package":"tabmail/internal/outbound","Test":"TestExecSMTPUTF8Capabilities/direct_plain/capable=false/unicode_domain_envelope_only","Output":"=== RUN   TestExecSMTPUTF8Capabilities/direct_plain/capable=false/unicode_domain_envelope_only\n"}
2026-10-09T04:10:30.6635726Z {"Time":"2026-10-09T04:10:29.010393402Z","Action":"output","Package":"tabmail/internal/outbound","Test":"TestExecSMTPUTF8Capabilities/direct_plain/capable=false/unicode_domain_envelope_only","Output":"--- PASS: TestExecSMTPUTF8Capabilities/direct_plain/capable=false/unicode_domain_envelope_only (0.00s)\n"}
2026-10-09T04:10:30.6636384Z {"Time":"2026-10-09T04:10:29.010409433Z","Action":"pass","Package":"tabmail/internal/outbound","Test":"TestExecSMTPUTF8Capabilities/direct_plain/capable=false/unicode_domain_envelope_only","Elapsed":0}
2026-10-09T04:10:30.6636945Z {"Time":"2026-10-09T04:10:29.010442486Z","Action":"run","Package":"tabmail/internal/outbound","Test":"TestExecSMTPUTF8Capabilities/direct_plain/capable=false/unicode_last_bcc"}
2026-10-09T04:10:30.6637872Z {"Time":"2026-10-09T04:10:29.010446443Z","Action":"output","Package":"tabmail/internal/outbound","Test":"TestExecSMTPUTF8Capabilities/direct_plain/capable=false/unicode_last_bcc","Output":"=== RUN   TestExecSMTPUTF8Capabilities/direct_plain/capable=false/unicode_last_bcc\n"}
2026-10-09T04:10:30.6638820Z {"Time":"2026-10-09T04:10:29.013464489Z","Action":"output","Package":"tabmail/internal/outbound","Test":"TestExecSMTPUTF8Capabilities/direct_plain/capable=false/unicode_last_bcc","Output":"--- PASS: TestExecSMTPUTF8Capabilities/direct_plain/capable=false/unicode_last_bcc (0.00s)\n"}
2026-10-09T04:10:30.6639545Z {"Time":"2026-10-09T04:10:29.013481121Z","Action":"pass","Package":"tabmail/internal/outbound","Test":"TestExecSMTPUTF8Capabilities/direct_plain/capable=false/unicode_last_bcc","Elapsed":0}
2026-10-09T04:10:30.6640142Z {"Time":"2026-10-09T04:10:29.013536345Z","Action":"run","Package":"tabmail/internal/outbound","Test":"TestExecSMTPUTF8Capabilities/direct_plain/capable=false/unicode_top_level_header"}
2026-10-09T04:10:30.6641132Z {"Time":"2026-10-09T04:10:29.013540643Z","Action":"output","Package":"tabmail/internal/outbound","Test":"TestExecSMTPUTF8Capabilities/direct_plain/capable=false/unicode_top_level_header","Output":"=== RUN   TestExecSMTPUTF8Capabilities/direct_plain/capable=false/unicode_top_level_header\n"}
2026-10-09T04:10:30.6642142Z {"Time":"2026-10-09T04:10:29.016650734Z","Action":"output","Package":"tabmail/internal/outbound","Test":"TestExecSMTPUTF8Capabilities/direct_plain/capable=false/unicode_top_level_header","Output":"--- PASS: TestExecSMTPUTF8Capabilities/direct_plain/capable=false/unicode_top_level_header (0.00s)\n"}
2026-10-09T04:10:30.6642785Z {"Time":"2026-10-09T04:10:29.016665942Z","Action":"pass","Package":"tabmail/internal/outbound","Test":"TestExecSMTPUTF8Capabilities/direct_plain/capable=false/unicode_top_level_header","Elapsed":0}
2026-10-09T04:10:30.6643418Z {"Time":"2026-10-09T04:10:29.01669118Z","Action":"run","Package":"tabmail/internal/outbound","Test":"TestExecSMTPUTF8Capabilities/direct_plain/capable=false/encoded_headers_body_and_attachment"}
2026-10-09T04:10:30.6644592Z {"Time":"2026-10-09T04:10:29.016700969Z","Action":"output","Package":"tabmail/internal/outbound","Test":"TestExecSMTPUTF8Capabilities/direct_plain/capable=false/encoded_headers_body_and_attachment","Output":"=== RUN   TestExecSMTPUTF8Capabilities/direct_plain/capable=false/encoded_headers_body_and_attachment\n"}
2026-10-09T04:10:30.6645796Z {"Time":"2026-10-09T04:10:29.020048188Z","Action":"output","Package":"tabmail/internal/outbound","Test":"TestExecSMTPUTF8Capabilities/direct_plain/capable=false/encoded_headers_body_and_attachment","Output":"--- PASS: TestExecSMTPUTF8Capabilities/direct_plain/capable=false/encoded_headers_body_and_attachment (0.00s)\n"}
2026-10-09T04:10:30.6646486Z {"Time":"2026-10-09T04:10:29.020064218Z","Action":"pass","Package":"tabmail/internal/outbound","Test":"TestExecSMTPUTF8Capabilities/direct_plain/capable=false/encoded_headers_body_and_attachment","Elapsed":0}
2026-10-09T04:10:30.6647061Z {"Time":"2026-10-09T04:10:29.020106598Z","Action":"run","Package":"tabmail/internal/outbound","Test":"TestExecSMTPUTF8Capabilities/direct_plain/capable=false/eight_bit_body_only"}
2026-10-09T04:10:30.6648000Z {"Time":"2026-10-09T04:10:29.020114052Z","Action":"output","Package":"tabmail/internal/outbound","Test":"TestExecSMTPUTF8Capabilities/direct_plain/capable=false/eight_bit_body_only","Output":"=== RUN   TestExecSMTPUTF8Capabilities/direct_plain/capable=false/eight_bit_body_only\n"}
2026-10-09T04:10:30.6648968Z {"Time":"2026-10-09T04:10:29.023337737Z","Action":"output","Package":"tabmail/internal/outbound","Test":"TestExecSMTPUTF8Capabilities/direct_plain/capable=false/eight_bit_body_only","Output":"--- PASS: TestExecSMTPUTF8Capabilities/direct_plain/capable=false/eight_bit_body_only (0.00s)\n"}
2026-10-09T04:10:30.6649592Z {"Time":"2026-10-09T04:10:29.023350221Z","Action":"pass","Package":"tabmail/internal/outbound","Test":"TestExecSMTPUTF8Capabilities/direct_plain/capable=false/eight_bit_body_only","Elapsed":0}
2026-10-09T04:10:30.6650160Z {"Time":"2026-10-09T04:10:29.023389305Z","Action":"run","Package":"tabmail/internal/outbound","Test":"TestExecSMTPUTF8Capabilities/direct_plain/capable=true/ascii_quoted_alabel"}
2026-10-09T04:10:30.6651097Z {"Time":"2026-10-09T04:10:29.023393723Z","Action":"output","Package":"tabmail/internal/outbound","Test":"TestExecSMTPUTF8Capabilities/direct_plain/capable=true/ascii_quoted_alabel","Output":"=== RUN   TestExecSMTPUTF8Capabilities/direct_plain/capable=true/ascii_quoted_alabel\n"}
2026-10-09T04:10:30.6652172Z {"Time":"2026-10-09T04:10:29.026533319Z","Action":"output","Package":"tabmail/internal/outbound","Test":"TestExecSMTPUTF8Capabilities/direct_plain/capable=true/ascii_quoted_alabel","Output":"--- PASS: TestExecSMTPUTF8Capabilities/direct_plain/capable=true/ascii_quoted_alabel (0.00s)\n"}
2026-10-09T04:10:30.6652796Z {"Time":"2026-10-09T04:10:29.026552656Z","Action":"pass","Package":"tabmail/internal/outbound","Test":"TestExecSMTPUTF8Capabilities/direct_plain/capable=true/ascii_quoted_alabel","Elapsed":0}
2026-10-09T04:10:30.6653404Z {"Time":"2026-10-09T04:10:29.026591469Z","Action":"run","Package":"tabmail/internal/outbound","Test":"TestExecSMTPUTF8Capabilities/direct_plain/capable=true/unicode_sender_envelope_only"}
2026-10-09T04:10:30.6654404Z {"Time":"2026-10-09T04:10:29.026595978Z","Action":"output","Package":"tabmail/internal/outbound","Test":"TestExecSMTPUTF8Capabilities/direct_plain/capable=true/unicode_sender_envelope_only","Output":"=== RUN   TestExecSMTPUTF8Capabilities/direct_plain/capable=true/unicode_sender_envelope_only\n"}
2026-10-09T04:10:30.6655558Z {"Time":"2026-10-09T04:10:29.029715215Z","Action":"output","Package":"tabmail/internal/outbound","Test":"TestExecSMTPUTF8Capabilities/direct_plain/capable=true/unicode_sender_envelope_only","Output":"--- PASS: TestExecSMTPUTF8Capabilities/direct_plain/capable=true/unicode_sender_envelope_only (0.00s)\n"}
2026-10-09T04:10:30.6656210Z {"Time":"2026-10-09T04:10:29.029731426Z","Action":"pass","Package":"tabmail/internal/outbound","Test":"TestExecSMTPUTF8Capabilities/direct_plain/capable=true/unicode_sender_envelope_only","Elapsed":0}
2026-10-09T04:10:30.6656940Z {"Time":"2026-10-09T04:10:29.029779577Z","Action":"run","Package":"tabmail/internal/outbound","Test":"TestExecSMTPUTF8Capabilities/direct_plain/capable=true/unicode_recipient_envelope_only"}
2026-10-09T04:10:30.6657960Z {"Time":"2026-10-09T04:10:29.029787352Z","Action":"output","Package":"tabmail/internal/outbound","Test":"TestExecSMTPUTF8Capabilities/direct_plain/capable=true/unicode_recipient_envelope_only","Output":"=== RUN   TestExecSMTPUTF8Capabilities/direct_plain/capable=true/unicode_recipient_envelope_only\n"}
2026-10-09T04:10:30.6659028Z {"Time":"2026-10-09T04:10:29.032941335Z","Action":"output","Package":"tabmail/internal/outbound","Test":"TestExecSMTPUTF8Capabilities/direct_plain/capable=true/unicode_recipient_envelope_only","Output":"--- PASS: TestExecSMTPUTF8Capabilities/direct_plain/capable=true/unicode_recipient_envelope_only (0.00s)\n"}
2026-10-09T04:10:30.6659701Z {"Time":"2026-10-09T04:10:29.032954079Z","Action":"pass","Package":"tabmail/internal/outbound","Test":"TestExecSMTPUTF8Capabilities/direct_plain/capable=true/unicode_recipient_envelope_only","Elapsed":0}
2026-10-09T04:10:30.6660301Z {"Time":"2026-10-09T04:10:29.032981021Z","Action":"run","Package":"tabmail/internal/outbound","Test":"TestExecSMTPUTF8Capabilities/direct_plain/capable=true/unicode_domain_envelope_only"}
2026-10-09T04:10:30.6661299Z {"Time":"2026-10-09T04:10:29.032985229Z","Action":"output","Package":"tabmail/internal/outbound","Test":"TestExecSMTPUTF8Capabilities/direct_plain/capable=true/unicode_domain_envelope_only","Output":"=== RUN   TestExecSMTPUTF8Capabilities/direct_plain/capable=true/unicode_domain_envelope_only\n"}
2026-10-09T04:10:30.6662339Z {"Time":"2026-10-09T04:10:29.036118333Z","Action":"output","Package":"tabmail/internal/outbound","Test":"TestExecSMTPUTF8Capabilities/direct_plain/capable=true/unicode_domain_envelope_only","Output":"--- PASS: TestExecSMTPUTF8Capabilities/direct_plain/capable=true/unicode_domain_envelope_only (0.00s)\n"}
2026-10-09T04:10:30.6662993Z {"Time":"2026-10-09T04:10:29.036135735Z","Action":"pass","Package":"tabmail/internal/outbound","Test":"TestExecSMTPUTF8Capabilities/direct_plain/capable=true/unicode_domain_envelope_only","Elapsed":0}
2026-10-09T04:10:30.6663550Z {"Time":"2026-10-09T04:10:29.036145614Z","Action":"run","Package":"tabmail/internal/outbound","Test":"TestExecSMTPUTF8Capabilities/direct_plain/capable=true/unicode_last_bcc"}
2026-10-09T04:10:30.6664552Z {"Time":"2026-10-09T04:10:29.0361488Z","Action":"output","Package":"tabmail/internal/outbound","Test":"TestExecSMTPUTF8Capabilities/direct_plain/capable=true/unicode_last_bcc","Output":"=== RUN   TestExecSMTPUTF8Capabilities/direct_plain/capable=true/unicode_last_bcc\n"}
2026-10-09T04:10:30.6665615Z {"Time":"2026-10-09T04:10:29.039444531Z","Action":"output","Package":"tabmail/internal/outbound","Test":"TestExecSMTPUTF8Capabilities/direct_plain/capable=true/unicode_last_bcc","Output":"--- PASS: TestExecSMTPUTF8Capabilities/direct_plain/capable=true/unicode_last_bcc (0.00s)\n"}
2026-10-09T04:10:30.6666231Z {"Time":"2026-10-09T04:10:29.039456144Z","Action":"pass","Package":"tabmail/internal/outbound","Test":"TestExecSMTPUTF8Capabilities/direct_plain/capable=true/unicode_last_bcc","Elapsed":0}
2026-10-09T04:10:30.6666816Z {"Time":"2026-10-09T04:10:29.039481992Z","Action":"run","Package":"tabmail/internal/outbound","Test":"TestExecSMTPUTF8Capabilities/direct_plain/capable=true/unicode_top_level_header"}
2026-10-09T04:10:30.6667788Z {"Time":"2026-10-09T04:10:29.039487473Z","Action":"output","Package":"tabmail/internal/outbound","Test":"TestExecSMTPUTF8Capabilities/direct_plain/capable=true/unicode_top_level_header","Output":"=== RUN   TestExecSMTPUTF8Capabilities/direct_plain/capable=true/unicode_top_level_header\n"}
2026-10-09T04:10:30.6668789Z {"Time":"2026-10-09T04:10:29.042763056Z","Action":"output","Package":"tabmail/internal/outbound","Test":"TestExecSMTPUTF8Capabilities/direct_plain/capable=true/unicode_top_level_header","Output":"--- PASS: TestExecSMTPUTF8Capabilities/direct_plain/capable=true/unicode_top_level_header (0.00s)\n"}
2026-10-09T04:10:30.6669540Z {"Time":"2026-10-09T04:10:29.04278645Z","Action":"pass","Package":"tabmail/internal/outbound","Test":"TestExecSMTPUTF8Capabilities/direct_plain/capable=true/unicode_top_level_header","Elapsed":0}
2026-10-09T04:10:30.6670158Z {"Time":"2026-10-09T04:10:29.04279151Z","Action":"run","Package":"tabmail/internal/outbound","Test":"TestExecSMTPUTF8Capabilities/direct_plain/capable=true/encoded_headers_body_and_attachment"}
2026-10-09T04:10:30.6671221Z {"Time":"2026-10-09T04:10:29.042794565Z","Action":"output","Package":"tabmail/internal/outbound","Test":"TestExecSMTPUTF8Capabilities/direct_plain/capable=true/encoded_headers_body_and_attachment","Output":"=== RUN   TestExecSMTPUTF8Capabilities/direct_plain/capable=true/encoded_headers_body_and_attachment\n"}
2026-10-09T04:10:30.6672313Z {"Time":"2026-10-09T04:10:29.046317597Z","Action":"output","Package":"tabmail/internal/outbound","Test":"TestExecSMTPUTF8Capabilities/direct_plain/capable=true/encoded_headers_body_and_attachment","Output":"--- PASS: TestExecSMTPUTF8Capabilities/direct_plain/capable=true/encoded_headers_body_and_attachment (0.00s)\n"}
2026-10-09T04:10:30.6672990Z {"Time":"2026-10-09T04:10:29.046332956Z","Action":"pass","Package":"tabmail/internal/outbound","Test":"TestExecSMTPUTF8Capabilities/direct_plain/capable=true/encoded_headers_body_and_attachment","Elapsed":0}
2026-10-09T04:10:30.6673551Z {"Time":"2026-10-09T04:10:29.046345519Z","Action":"run","Package":"tabmail/internal/outbound","Test":"TestExecSMTPUTF8Capabilities/direct_plain/capable=true/eight_bit_body_only"}
2026-10-09T04:10:30.6674490Z {"Time":"2026-10-09T04:10:29.046348415Z","Action":"output","Package":"tabmail/internal/outbound","Test":"TestExecSMTPUTF8Capabilities/direct_plain/capable=true/eight_bit_body_only","Output":"=== RUN   TestExecSMTPUTF8Capabilities/direct_plain/capable=true/eight_bit_body_only\n"}
2026-10-09T04:10:30.6675571Z {"Time":"2026-10-09T04:10:29.049447885Z","Action":"output","Package":"tabmail/internal/outbound","Test":"TestExecSMTPUTF8Capabilities/direct_plain/capable=true/eight_bit_body_only","Output":"--- PASS: TestExecSMTPUTF8Capabilities/direct_plain/capable=true/eight_bit_body_only (0.00s)\n"}
2026-10-09T04:10:30.6676188Z {"Time":"2026-10-09T04:10:29.049462403Z","Action":"pass","Package":"tabmail/internal/outbound","Test":"TestExecSMTPUTF8Capabilities/direct_plain/capable=true/eight_bit_body_only","Elapsed":0}
2026-10-09T04:10:30.6676764Z {"Time":"2026-10-09T04:10:29.049472272Z","Action":"run","Package":"tabmail/internal/outbound","Test":"TestExecSMTPUTF8Capabilities/direct_starttls/capable=false/ascii_quoted_alabel"}
2026-10-09T04:10:30.6677848Z {"Time":"2026-10-09T04:10:29.049475107Z","Action":"output","Package":"tabmail/internal/outbound","Test":"TestExecSMTPUTF8Capabilities/direct_starttls/capable=false/ascii_quoted_alabel","Output":"=== RUN   TestExecSMTPUTF8Capabilities/direct_starttls/capable=false/ascii_quoted_alabel\n"}
2026-10-09T04:10:30.6678857Z {"Time":"2026-10-09T04:10:29.059888266Z","Action":"output","Package":"tabmail/internal/outbound","Test":"TestExecSMTPUTF8Capabilities/direct_starttls/capable=false/ascii_quoted_alabel","Output":"--- PASS: TestExecSMTPUTF8Capabilities/direct_starttls/capable=false/ascii_quoted_alabel (0.01s)\n"}
2026-10-09T04:10:30.6679500Z {"Time":"2026-10-09T04:10:29.059905909Z","Action":"pass","Package":"tabmail/internal/outbound","Test":"TestExecSMTPUTF8Capabilities/direct_starttls/capable=false/ascii_quoted_alabel","Elapsed":0.01}
2026-10-09T04:10:30.6680110Z {"Time":"2026-10-09T04:10:29.05993276Z","Action":"run","Package":"tabmail/internal/outbound","Test":"TestExecSMTPUTF8Capabilities/direct_starttls/capable=false/unicode_sender_envelope_only"}
2026-10-09T04:10:30.6681139Z {"Time":"2026-10-09T04:10:29.05994336Z","Action":"output","Package":"tabmail/internal/outbound","Test":"TestExecSMTPUTF8Capabilities/direct_starttls/capable=false/unicode_sender_envelope_only","Output":"=== RUN   TestExecSMTPUTF8Capabilities/direct_starttls/capable=false/unicode_sender_envelope_only\n"}
2026-10-09T04:10:30.6682327Z {"Time":"2026-10-09T04:10:29.069399474Z","Action":"output","Package":"tabmail/internal/outbound","Test":"TestExecSMTPUTF8Capabilities/direct_starttls/capable=false/unicode_sender_envelope_only","Output":"--- PASS: TestExecSMTPUTF8Capabilities/direct_starttls/capable=false/unicode_sender_envelope_only (0.01s)\n"}
2026-10-09T04:10:30.6683005Z {"Time":"2026-10-09T04:10:29.069417548Z","Action":"pass","Package":"tabmail/internal/outbound","Test":"TestExecSMTPUTF8Capabilities/direct_starttls/capable=false/unicode_sender_envelope_only","Elapsed":0.01}
2026-10-09T04:10:30.6683631Z {"Time":"2026-10-09T04:10:29.069436975Z","Action":"run","Package":"tabmail/internal/outbound","Test":"TestExecSMTPUTF8Capabilities/direct_starttls/capable=false/unicode_recipient_envelope_only"}
2026-10-09T04:10:30.6684691Z {"Time":"2026-10-09T04:10:29.069440261Z","Action":"output","Package":"tabmail/internal/outbound","Test":"TestExecSMTPUTF8Capabilities/direct_starttls/capable=false/unicode_recipient_envelope_only","Output":"=== RUN   TestExecSMTPUTF8Capabilities/direct_starttls/capable=false/unicode_recipient_envelope_only\n"}
2026-10-09T04:10:30.6685882Z {"Time":"2026-10-09T04:10:29.07892754Z","Action":"output","Package":"tabmail/internal/outbound","Test":"TestExecSMTPUTF8Capabilities/direct_starttls/capable=false/unicode_recipient_envelope_only","Output":"--- PASS: TestExecSMTPUTF8Capabilities/direct_starttls/capable=false/unicode_recipient_envelope_only (0.01s)\n"}
2026-10-09T04:10:30.6686577Z {"Time":"2026-10-09T04:10:29.078940414Z","Action":"pass","Package":"tabmail/internal/outbound","Test":"TestExecSMTPUTF8Capabilities/direct_starttls/capable=false/unicode_recipient_envelope_only","Elapsed":0.01}
2026-10-09T04:10:30.6687188Z {"Time":"2026-10-09T04:10:29.078972394Z","Action":"run","Package":"tabmail/internal/outbound","Test":"TestExecSMTPUTF8Capabilities/direct_starttls/capable=false/unicode_domain_envelope_only"}
2026-10-09T04:10:30.6688226Z {"Time":"2026-10-09T04:10:29.078976372Z","Action":"output","Package":"tabmail/internal/outbound","Test":"TestExecSMTPUTF8Capabilities/direct_starttls/capable=false/unicode_domain_envelope_only","Output":"=== RUN   TestExecSMTPUTF8Capabilities/direct_starttls/capable=false/unicode_domain_envelope_only\n"}
2026-10-09T04:10:30.6689289Z {"Time":"2026-10-09T04:10:29.088260185Z","Action":"output","Package":"tabmail/internal/outbound","Test":"TestExecSMTPUTF8Capabilities/direct_starttls/capable=false/unicode_domain_envelope_only","Output":"--- PASS: TestExecSMTPUTF8Capabilities/direct_starttls/capable=false/unicode_domain_envelope_only (0.01s)\n"}
2026-10-09T04:10:30.6690084Z {"Time":"2026-10-09T04:10:29.088277548Z","Action":"pass","Package":"tabmail/internal/outbound","Test":"TestExecSMTPUTF8Capabilities/direct_starttls/capable=false/unicode_domain_envelope_only","Elapsed":0.01}
2026-10-09T04:10:30.6690658Z {"Time":"2026-10-09T04:10:29.088302956Z","Action":"run","Package":"tabmail/internal/outbound","Test":"TestExecSMTPUTF8Capabilities/direct_starttls/capable=false/unicode_last_bcc"}
2026-10-09T04:10:30.6691600Z {"Time":"2026-10-09T04:10:29.088309639Z","Action":"output","Package":"tabmail/internal/outbound","Test":"TestExecSMTPUTF8Capabilities/direct_starttls/capable=false/unicode_last_bcc","Output":"=== RUN   TestExecSMTPUTF8Capabilities/direct_starttls/capable=false/unicode_last_bcc\n"}
2026-10-09T04:10:30.6692582Z {"Time":"2026-10-09T04:10:29.097709352Z","Action":"output","Package":"tabmail/internal/outbound","Test":"TestExecSMTPUTF8Capabilities/direct_starttls/capable=false/unicode_last_bcc","Output":"--- PASS: TestExecSMTPUTF8Capabilities/direct_starttls/capable=false/unicode_last_bcc (0.01s)\n"}
2026-10-09T04:10:30.6693212Z {"Time":"2026-10-09T04:10:29.097728137Z","Action":"pass","Package":"tabmail/internal/outbound","Test":"TestExecSMTPUTF8Capabilities/direct_starttls/capable=false/unicode_last_bcc","Elapsed":0.01}
2026-10-09T04:10:30.6693919Z {"Time":"2026-10-09T04:10:29.097761831Z","Action":"run","Package":"tabmail/internal/outbound","Test":"TestExecSMTPUTF8Capabilities/direct_starttls/capable=false/unicode_top_level_header"}
2026-10-09T04:10:30.6695041Z {"Time":"2026-10-09T04:10:29.097766249Z","Action":"output","Package":"tabmail/internal/outbound","Test":"TestExecSMTPUTF8Capabilities/direct_starttls/capable=false/unicode_top_level_header","Output":"=== RUN   TestExecSMTPUTF8Capabilities/direct_starttls/capable=false/unicode_top_level_header\n"}
2026-10-09T04:10:30.6696117Z {"Time":"2026-10-09T04:10:29.107240422Z","Action":"output","Package":"tabmail/internal/outbound","Test":"TestExecSMTPUTF8Capabilities/direct_starttls/capable=false/unicode_top_level_header","Output":"--- PASS: TestExecSMTPUTF8Capabilities/direct_starttls/capable=false/unicode_top_level_header (0.01s)\n"}
2026-10-09T04:10:30.6696774Z {"Time":"2026-10-09T04:10:29.107256303Z","Action":"pass","Package":"tabmail/internal/outbound","Test":"TestExecSMTPUTF8Capabilities/direct_starttls/capable=false/unicode_top_level_header","Elapsed":0.01}
2026-10-09T04:10:30.6697423Z {"Time":"2026-10-09T04:10:29.107270199Z","Action":"run","Package":"tabmail/internal/outbound","Test":"TestExecSMTPUTF8Capabilities/direct_starttls/capable=false/encoded_headers_body_and_attachment"}
2026-10-09T04:10:30.6698641Z {"Time":"2026-10-09T04:10:29.107273475Z","Action":"output","Package":"tabmail/internal/outbound","Test":"TestExecSMTPUTF8Capabilities/direct_starttls/capable=false/encoded_headers_body_and_attachment","Output":"=== RUN   TestExecSMTPUTF8Capabilities/direct_starttls/capable=false/encoded_headers_body_and_attachment\n"}
2026-10-09T04:10:30.6699769Z {"Time":"2026-10-09T04:10:29.117130242Z","Action":"output","Package":"tabmail/internal/outbound","Test":"TestExecSMTPUTF8Capabilities/direct_starttls/capable=false/encoded_headers_body_and_attachment","Output":"--- PASS: TestExecSMTPUTF8Capabilities/direct_starttls/capable=false/encoded_headers_body_and_attachment (0.01s)\n"}
2026-10-09T04:10:30.6700467Z {"Time":"2026-10-09T04:10:29.11715041Z","Action":"pass","Package":"tabmail/internal/outbound","Test":"TestExecSMTPUTF8Capabilities/direct_starttls/capable=false/encoded_headers_body_and_attachment","Elapsed":0.01}
2026-10-09T04:10:30.6701050Z {"Time":"2026-10-09T04:10:29.117194684Z","Action":"run","Package":"tabmail/internal/outbound","Test":"TestExecSMTPUTF8Capabilities/direct_starttls/capable=false/eight_bit_body_only"}
2026-10-09T04:10:30.6702014Z {"Time":"2026-10-09T04:10:29.117202509Z","Action":"output","Package":"tabmail/internal/outbound","Test":"TestExecSMTPUTF8Capabilities/direct_starttls/capable=false/eight_bit_body_only","Output":"=== RUN   TestExecSMTPUTF8Capabilities/direct_starttls/capable=false/eight_bit_body_only\n"}
2026-10-09T04:10:30.6703132Z {"Time":"2026-10-09T04:10:29.12691878Z","Action":"output","Package":"tabmail/internal/outbound","Test":"TestExecSMTPUTF8Capabilities/direct_starttls/capable=false/eight_bit_body_only","Output":"--- PASS: TestExecSMTPUTF8Capabilities/direct_starttls/capable=false/eight_bit_body_only (0.01s)\n"}
2026-10-09T04:10:30.6703772Z {"Time":"2026-10-09T04:10:29.126939519Z","Action":"pass","Package":"tabmail/internal/outbound","Test":"TestExecSMTPUTF8Capabilities/direct_starttls/capable=false/eight_bit_body_only","Elapsed":0.01}
2026-10-09T04:10:30.6704346Z {"Time":"2026-10-09T04:10:29.12696672Z","Action":"run","Package":"tabmail/internal/outbound","Test":"TestExecSMTPUTF8Capabilities/direct_starttls/capable=true/ascii_quoted_alabel"}
2026-10-09T04:10:30.6705438Z {"Time":"2026-10-09T04:10:29.126970558Z","Action":"output","Package":"tabmail/internal/outbound","Test":"TestExecSMTPUTF8Capabilities/direct_starttls/capable=true/ascii_quoted_alabel","Output":"=== RUN   TestExecSMTPUTF8Capabilities/direct_starttls/capable=true/ascii_quoted_alabel\n"}
2026-10-09T04:10:30.6706455Z {"Time":"2026-10-09T04:10:29.137223985Z","Action":"output","Package":"tabmail/internal/outbound","Test":"TestExecSMTPUTF8Capabilities/direct_starttls/capable=true/ascii_quoted_alabel","Output":"--- PASS: TestExecSMTPUTF8Capabilities/direct_starttls/capable=true/ascii_quoted_alabel (0.01s)\n"}
2026-10-09T04:10:30.6707211Z {"Time":"2026-10-09T04:10:29.137243602Z","Action":"pass","Package":"tabmail/internal/outbound","Test":"TestExecSMTPUTF8Capabilities/direct_starttls/capable=true/ascii_quoted_alabel","Elapsed":0.01}
2026-10-09T04:10:30.6707830Z {"Time":"2026-10-09T04:10:29.137272446Z","Action":"run","Package":"tabmail/internal/outbound","Test":"TestExecSMTPUTF8Capabilities/direct_starttls/capable=true/unicode_sender_envelope_only"}
2026-10-09T04:10:30.6708862Z {"Time":"2026-10-09T04:10:29.13727989Z","Action":"output","Package":"tabmail/internal/outbound","Test":"TestExecSMTPUTF8Capabilities/direct_starttls/capable=true/unicode_sender_envelope_only","Output":"=== RUN   TestExecSMTPUTF8Capabilities/direct_starttls/capable=true/unicode_sender_envelope_only\n"}
2026-10-09T04:10:30.6709931Z {"Time":"2026-10-09T04:10:29.147052758Z","Action":"output","Package":"tabmail/internal/outbound","Test":"TestExecSMTPUTF8Capabilities/direct_starttls/capable=true/unicode_sender_envelope_only","Output":"--- PASS: TestExecSMTPUTF8Capabilities/direct_starttls/capable=true/unicode_sender_envelope_only (0.01s)\n"}
2026-10-09T04:10:30.6710607Z {"Time":"2026-10-09T04:10:29.147074089Z","Action":"pass","Package":"tabmail/internal/outbound","Test":"TestExecSMTPUTF8Capabilities/direct_starttls/capable=true/unicode_sender_envelope_only","Elapsed":0.01}
2026-10-09T04:10:30.6711233Z {"Time":"2026-10-09T04:10:29.147122661Z","Action":"run","Package":"tabmail/internal/outbound","Test":"TestExecSMTPUTF8Capabilities/direct_starttls/capable=true/unicode_recipient_envelope_only"}
2026-10-09T04:10:30.6712285Z {"Time":"2026-10-09T04:10:29.14712761Z","Action":"output","Package":"tabmail/internal/outbound","Test":"TestExecSMTPUTF8Capabilities/direct_starttls/capable=true/unicode_recipient_envelope_only","Output":"=== RUN   TestExecSMTPUTF8Capabilities/direct_starttls/capable=true/unicode_recipient_envelope_only\n"}
2026-10-09T04:10:30.6713374Z {"Time":"2026-10-09T04:10:29.156973526Z","Action":"output","Package":"tabmail/internal/outbound","Test":"TestExecSMTPUTF8Capabilities/direct_starttls/capable=true/unicode_recipient_envelope_only","Output":"--- PASS: TestExecSMTPUTF8Capabilities/direct_starttls/capable=true/unicode_recipient_envelope_only (0.01s)\n"}
2026-10-09T04:10:30.6714058Z {"Time":"2026-10-09T04:10:29.156993915Z","Action":"pass","Package":"tabmail/internal/outbound","Test":"TestExecSMTPUTF8Capabilities/direct_starttls/capable=true/unicode_recipient_envelope_only","Elapsed":0.01}
2026-10-09T04:10:30.6714674Z {"Time":"2026-10-09T04:10:29.157005557Z","Action":"run","Package":"tabmail/internal/outbound","Test":"TestExecSMTPUTF8Capabilities/direct_starttls/capable=true/unicode_domain_envelope_only"}
2026-10-09T04:10:30.6715974Z {"Time":"2026-10-09T04:10:29.157009775Z","Action":"output","Package":"tabmail/internal/outbound","Test":"TestExecSMTPUTF8Capabilities/direct_starttls/capable=true/unicode_domain_envelope_only","Output":"=== RUN   TestExecSMTPUTF8Capabilities/direct_starttls/capable=true/unicode_domain_envelope_only\n"}
2026-10-09T04:10:30.6717038Z {"Time":"2026-10-09T04:10:29.166726888Z","Action":"output","Package":"tabmail/internal/outbound","Test":"TestExecSMTPUTF8Capabilities/direct_starttls/capable=true/unicode_domain_envelope_only","Output":"--- PASS: TestExecSMTPUTF8Capabilities/direct_starttls/capable=true/unicode_domain_envelope_only (0.01s)\n"}
2026-10-09T04:10:30.6717716Z {"Time":"2026-10-09T04:10:29.166746605Z","Action":"pass","Package":"tabmail/internal/outbound","Test":"TestExecSMTPUTF8Capabilities/direct_starttls/capable=true/unicode_domain_envelope_only","Elapsed":0.01}
2026-10-09T04:10:30.6718293Z {"Time":"2026-10-09T04:10:29.166758878Z","Action":"run","Package":"tabmail/internal/outbound","Test":"TestExecSMTPUTF8Capabilities/direct_starttls/capable=true/unicode_last_bcc"}
2026-10-09T04:10:30.6719230Z {"Time":"2026-10-09T04:10:29.166763968Z","Action":"output","Package":"tabmail/internal/outbound","Test":"TestExecSMTPUTF8Capabilities/direct_starttls/capable=true/unicode_last_bcc","Output":"=== RUN   TestExecSMTPUTF8Capabilities/direct_starttls/capable=true/unicode_last_bcc\n"}
2026-10-09T04:10:30.6720297Z {"Time":"2026-10-09T04:10:29.176526206Z","Action":"output","Package":"tabmail/internal/outbound","Test":"TestExecSMTPUTF8Capabilities/direct_starttls/capable=true/unicode_last_bcc","Output":"--- PASS: TestExecSMTPUTF8Capabilities/direct_starttls/capable=true/unicode_last_bcc (0.01s)\n"}
2026-10-09T04:10:30.6720932Z {"Time":"2026-10-09T04:10:29.176545302Z","Action":"pass","Package":"tabmail/internal/outbound","Test":"TestExecSMTPUTF8Capabilities/direct_starttls/capable=true/unicode_last_bcc","Elapsed":0.01}
2026-10-09T04:10:30.6721537Z {"Time":"2026-10-09T04:10:29.176587902Z","Action":"run","Package":"tabmail/internal/outbound","Test":"TestExecSMTPUTF8Capabilities/direct_starttls/capable=true/unicode_top_level_header"}
2026-10-09T04:10:30.6722536Z {"Time":"2026-10-09T04:10:29.176595667Z","Action":"output","Package":"tabmail/internal/outbound","Test":"TestExecSMTPUTF8Capabilities/direct_starttls/capable=true/unicode_top_level_header","Output":"=== RUN   TestExecSMTPUTF8Capabilities/direct_starttls/capable=true/unicode_top_level_header\n"}
2026-10-09T04:10:30.6723567Z {"Time":"2026-10-09T04:10:29.186371872Z","Action":"output","Package":"tabmail/internal/outbound","Test":"TestExecSMTPUTF8Capabilities/direct_starttls/capable=true/unicode_top_level_header","Output":"--- PASS: TestExecSMTPUTF8Capabilities/direct_starttls/capable=true/unicode_top_level_header (0.01s)\n"}
2026-10-09T04:10:30.6724228Z {"Time":"2026-10-09T04:10:29.186394795Z","Action":"pass","Package":"tabmail/internal/outbound","Test":"TestExecSMTPUTF8Capabilities/direct_starttls/capable=true/unicode_top_level_header","Elapsed":0.01}
2026-10-09T04:10:30.6724984Z {"Time":"2026-10-09T04:10:29.186443176Z","Action":"run","Package":"tabmail/internal/outbound","Test":"TestExecSMTPUTF8Capabilities/direct_starttls/capable=true/encoded_headers_body_and_attachment"}
2026-10-09T04:10:30.6726071Z {"Time":"2026-10-09T04:10:29.186461371Z","Action":"output","Package":"tabmail/internal/outbound","Test":"TestExecSMTPUTF8Capabilities/direct_starttls/capable=true/encoded_headers_body_and_attachment","Output":"=== RUN   TestExecSMTPUTF8Capabilities/direct_starttls/capable=true/encoded_headers_body_and_attachment\n"}
2026-10-09T04:10:30.6727178Z {"Time":"2026-10-09T04:10:29.196381828Z","Action":"output","Package":"tabmail/internal/outbound","Test":"TestExecSMTPUTF8Capabilities/direct_starttls/capable=true/encoded_headers_body_and_attachment","Output":"--- PASS: TestExecSMTPUTF8Capabilities/direct_starttls/capable=true/encoded_headers_body_and_attachment (0.01s)\n"}
2026-10-09T04:10:30.6727998Z {"Time":"2026-10-09T04:10:29.196399481Z","Action":"pass","Package":"tabmail/internal/outbound","Test":"TestExecSMTPUTF8Capabilities/direct_starttls/capable=true/encoded_headers_body_and_attachment","Elapsed":0.01}
2026-10-09T04:10:30.6728585Z {"Time":"2026-10-09T04:10:29.196432564Z","Action":"run","Package":"tabmail/internal/outbound","Test":"TestExecSMTPUTF8Capabilities/direct_starttls/capable=true/eight_bit_body_only"}
2026-10-09T04:10:30.6729561Z {"Time":"2026-10-09T04:10:29.196436441Z","Action":"output","Package":"tabmail/internal/outbound","Test":"TestExecSMTPUTF8Capabilities/direct_starttls/capable=true/eight_bit_body_only","Output":"=== RUN   TestExecSMTPUTF8Capabilities/direct_starttls/capable=true/eight_bit_body_only\n"}
2026-10-09T04:10:30.6730546Z {"Time":"2026-10-09T04:10:29.206094392Z","Action":"output","Package":"tabmail/internal/outbound","Test":"TestExecSMTPUTF8Capabilities/direct_starttls/capable=true/eight_bit_body_only","Output":"--- PASS: TestExecSMTPUTF8Capabilities/direct_starttls/capable=true/eight_bit_body_only (0.01s)\n"}
2026-10-09T04:10:30.6731193Z {"Time":"2026-10-09T04:10:29.206109921Z","Action":"pass","Package":"tabmail/internal/outbound","Test":"TestExecSMTPUTF8Capabilities/direct_starttls/capable=true/eight_bit_body_only","Elapsed":0.01}
2026-10-09T04:10:30.6731923Z {"Time":"2026-10-09T04:10:29.206157862Z","Action":"output","Package":"tabmail/internal/outbound","Test":"TestExecSMTPUTF8Capabilities","Output":"--- PASS: TestExecSMTPUTF8Capabilities (0.58s)\n"}
2026-10-09T04:10:30.6732377Z {"Time":"2026-10-09T04:10:29.206180976Z","Action":"pass","Package":"tabmail/internal/outbound","Test":"TestExecSMTPUTF8Capabilities","Elapsed":0.58}
2026-10-09T04:10:30.6732815Z {"Time":"2026-10-09T04:10:29.206203659Z","Action":"run","Package":"tabmail/internal/outbound","Test":"TestExecSMTPUTF8RefreshAfterSTARTTLS"}
2026-10-09T04:10:30.6733484Z {"Time":"2026-10-09T04:10:29.206207105Z","Action":"output","Package":"tabmail/internal/outbound","Test":"TestExecSMTPUTF8RefreshAfterSTARTTLS","Output":"=== RUN   TestExecSMTPUTF8RefreshAfterSTARTTLS\n"}
2026-10-09T04:10:30.6734121Z {"Time":"2026-10-09T04:10:29.206282007Z","Action":"run","Package":"tabmail/internal/outbound","Test":"TestExecSMTPUTF8RefreshAfterSTARTTLS/relay_starttls/final_capable=false/unicode_last_bcc"}
2026-10-09T04:10:30.6735280Z {"Time":"2026-10-09T04:10:29.206290193Z","Action":"output","Package":"tabmail/internal/outbound","Test":"TestExecSMTPUTF8RefreshAfterSTARTTLS/relay_starttls/final_capable=false/unicode_last_bcc","Output":"=== RUN   TestExecSMTPUTF8RefreshAfterSTARTTLS/relay_starttls/final_capable=false/unicode_last_bcc\n"}
2026-10-09T04:10:30.6736367Z {"Time":"2026-10-09T04:10:29.216373378Z","Action":"output","Package":"tabmail/internal/outbound","Test":"TestExecSMTPUTF8RefreshAfterSTARTTLS/relay_starttls/final_capable=false/unicode_last_bcc","Output":"--- PASS: TestExecSMTPUTF8RefreshAfterSTARTTLS/relay_starttls/final_capable=false/unicode_last_bcc (0.01s)\n"}
2026-10-09T04:10:30.6737059Z {"Time":"2026-10-09T04:10:29.216403294Z","Action":"pass","Package":"tabmail/internal/outbound","Test":"TestExecSMTPUTF8RefreshAfterSTARTTLS/relay_starttls/final_capable=false/unicode_last_bcc","Elapsed":0.01}
2026-10-09T04:10:30.6737760Z {"Time":"2026-10-09T04:10:29.216452297Z","Action":"run","Package":"tabmail/internal/outbound","Test":"TestExecSMTPUTF8RefreshAfterSTARTTLS/relay_starttls/final_capable=false/encoded_headers_body_and_attachment"}
2026-10-09T04:10:30.6738954Z {"Time":"2026-10-09T04:10:29.216461614Z","Action":"output","Package":"tabmail/internal/outbound","Test":"TestExecSMTPUTF8RefreshAfterSTARTTLS/relay_starttls/final_capable=false/encoded_headers_body_and_attachment","Output":"=== RUN   TestExecSMTPUTF8RefreshAfterSTARTTLS/relay_starttls/final_capable=false/encoded_headers_body_and_attachment\n"}
2026-10-09T04:10:30.6740292Z {"Time":"2026-10-09T04:10:29.226787448Z","Action":"output","Package":"tabmail/internal/outbound","Test":"TestExecSMTPUTF8RefreshAfterSTARTTLS/relay_starttls/final_capable=false/encoded_headers_body_and_attachment","Output":"--- PASS: TestExecSMTPUTF8RefreshAfterSTARTTLS/relay_starttls/final_capable=false/encoded_headers_body_and_attachment (0.01s)\n"}
2026-10-09T04:10:30.6741059Z {"Time":"2026-10-09T04:10:29.226809379Z","Action":"pass","Package":"tabmail/internal/outbound","Test":"TestExecSMTPUTF8RefreshAfterSTARTTLS/relay_starttls/final_capable=false/encoded_headers_body_and_attachment","Elapsed":0.01}
2026-10-09T04:10:30.6741692Z {"Time":"2026-10-09T04:10:29.226823185Z","Action":"run","Package":"tabmail/internal/outbound","Test":"TestExecSMTPUTF8RefreshAfterSTARTTLS/relay_starttls/final_capable=true/unicode_last_bcc"}
2026-10-09T04:10:30.6742733Z {"Time":"2026-10-09T04:10:29.226828486Z","Action":"output","Package":"tabmail/internal/outbound","Test":"TestExecSMTPUTF8RefreshAfterSTARTTLS/relay_starttls/final_capable=true/unicode_last_bcc","Output":"=== RUN   TestExecSMTPUTF8RefreshAfterSTARTTLS/relay_starttls/final_capable=true/unicode_last_bcc\n"}
2026-10-09T04:10:30.6743813Z {"Time":"2026-10-09T04:10:29.236622283Z","Action":"output","Package":"tabmail/internal/outbound","Test":"TestExecSMTPUTF8RefreshAfterSTARTTLS/relay_starttls/final_capable=true/unicode_last_bcc","Output":"--- PASS: TestExecSMTPUTF8RefreshAfterSTARTTLS/relay_starttls/final_capable=true/unicode_last_bcc (0.01s)\n"}
2026-10-09T04:10:30.6744595Z {"Time":"2026-10-09T04:10:29.23664138Z","Action":"pass","Package":"tabmail/internal/outbound","Test":"TestExecSMTPUTF8RefreshAfterSTARTTLS/relay_starttls/final_capable=true/unicode_last_bcc","Elapsed":0.01}
2026-10-09T04:10:30.6745401Z {"Time":"2026-10-09T04:10:29.236668941Z","Action":"run","Package":"tabmail/internal/outbound","Test":"TestExecSMTPUTF8RefreshAfterSTARTTLS/relay_starttls/final_capable=true/encoded_headers_body_and_attachment"}
2026-10-09T04:10:30.6746587Z {"Time":"2026-10-09T04:10:29.23667886Z","Action":"output","Package":"tabmail/internal/outbound","Test":"TestExecSMTPUTF8RefreshAfterSTARTTLS/relay_starttls/final_capable=true/encoded_headers_body_and_attachment","Output":"=== RUN   TestExecSMTPUTF8RefreshAfterSTARTTLS/relay_starttls/final_capable=true/encoded_headers_body_and_attachment\n"}
2026-10-09T04:10:30.6747805Z {"Time":"2026-10-09T04:10:29.246651226Z","Action":"output","Package":"tabmail/internal/outbound","Test":"TestExecSMTPUTF8RefreshAfterSTARTTLS/relay_starttls/final_capable=true/encoded_headers_body_and_attachment","Output":"--- PASS: TestExecSMTPUTF8RefreshAfterSTARTTLS/relay_starttls/final_capable=true/encoded_headers_body_and_attachment (0.01s)\n"}
2026-10-09T04:10:30.6748565Z {"Time":"2026-10-09T04:10:29.24666949Z","Action":"pass","Package":"tabmail/internal/outbound","Test":"TestExecSMTPUTF8RefreshAfterSTARTTLS/relay_starttls/final_capable=true/encoded_headers_body_and_attachment","Elapsed":0.01}
2026-10-09T04:10:30.6749202Z {"Time":"2026-10-09T04:10:29.246689458Z","Action":"run","Package":"tabmail/internal/outbound","Test":"TestExecSMTPUTF8RefreshAfterSTARTTLS/direct_starttls/final_capable=false/unicode_last_bcc"}
2026-10-09T04:10:30.6750260Z {"Time":"2026-10-09T04:10:29.246695439Z","Action":"output","Package":"tabmail/internal/outbound","Test":"TestExecSMTPUTF8RefreshAfterSTARTTLS/direct_starttls/final_capable=false/unicode_last_bcc","Output":"=== RUN   TestExecSMTPUTF8RefreshAfterSTARTTLS/direct_starttls/final_capable=false/unicode_last_bcc\n"}
2026-10-09T04:10:30.6751372Z {"Time":"2026-10-09T04:10:29.256132357Z","Action":"output","Package":"tabmail/internal/outbound","Test":"TestExecSMTPUTF8RefreshAfterSTARTTLS/direct_starttls/final_capable=false/unicode_last_bcc","Output":"--- PASS: TestExecSMTPUTF8RefreshAfterSTARTTLS/direct_starttls/final_capable=false/unicode_last_bcc (0.01s)\n"}
2026-10-09T04:10:30.6752070Z {"Time":"2026-10-09T04:10:29.256151524Z","Action":"pass","Package":"tabmail/internal/outbound","Test":"TestExecSMTPUTF8RefreshAfterSTARTTLS/direct_starttls/final_capable=false/unicode_last_bcc","Elapsed":0.01}
2026-10-09T04:10:30.6752882Z {"Time":"2026-10-09T04:10:29.256187111Z","Action":"run","Package":"tabmail/internal/outbound","Test":"TestExecSMTPUTF8RefreshAfterSTARTTLS/direct_starttls/final_capable=false/encoded_headers_body_and_attachment"}
2026-10-09T04:10:30.6754086Z {"Time":"2026-10-09T04:10:29.256194274Z","Action":"output","Package":"tabmail/internal/outbound","Test":"TestExecSMTPUTF8RefreshAfterSTARTTLS/direct_starttls/final_capable=false/encoded_headers_body_and_attachment","Output":"=== RUN   TestExecSMTPUTF8RefreshAfterSTARTTLS/direct_starttls/final_capable=false/encoded_headers_body_and_attachment\n"}
2026-10-09T04:10:30.6755437Z {"Time":"2026-10-09T04:10:29.266064256Z","Action":"output","Package":"tabmail/internal/outbound","Test":"TestExecSMTPUTF8RefreshAfterSTARTTLS/direct_starttls/final_capable=false/encoded_headers_body_and_attachment","Output":"--- PASS: TestExecSMTPUTF8RefreshAfterSTARTTLS/direct_starttls/final_capable=false/encoded_headers_body_and_attachment (0.01s)\n"}
2026-10-09T04:10:30.6756210Z {"Time":"2026-10-09T04:10:29.266083443Z","Action":"pass","Package":"tabmail/internal/outbound","Test":"TestExecSMTPUTF8RefreshAfterSTARTTLS/direct_starttls/final_capable=false/encoded_headers_body_and_attachment","Elapsed":0.01}
2026-10-09T04:10:30.6756828Z {"Time":"2026-10-09T04:10:29.266098Z","Action":"run","Package":"tabmail/internal/outbound","Test":"TestExecSMTPUTF8RefreshAfterSTARTTLS/direct_starttls/final_capable=true/unicode_last_bcc"}
2026-10-09T04:10:30.6757996Z {"Time":"2026-10-09T04:10:29.266103501Z","Action":"output","Package":"tabmail/internal/outbound","Test":"TestExecSMTPUTF8RefreshAfterSTARTTLS/direct_starttls/final_capable=true/unicode_last_bcc","Output":"=== RUN   TestExecSMTPUTF8RefreshAfterSTARTTLS/direct_starttls/final_capable=true/unicode_last_bcc\n"}
2026-10-09T04:10:30.6759082Z {"Time":"2026-10-09T04:10:29.275929579Z","Action":"output","Package":"tabmail/internal/outbound","Test":"TestExecSMTPUTF8RefreshAfterSTARTTLS/direct_starttls/final_capable=true/unicode_last_bcc","Output":"--- PASS: TestExecSMTPUTF8RefreshAfterSTARTTLS/direct_starttls/final_capable=true/unicode_last_bcc (0.01s)\n"}
2026-10-09T04:10:30.6759775Z {"Time":"2026-10-09T04:10:29.275948856Z","Action":"pass","Package":"tabmail/internal/outbound","Test":"TestExecSMTPUTF8RefreshAfterSTARTTLS/direct_starttls/final_capable=true/unicode_last_bcc","Elapsed":0.01}
2026-10-09T04:10:30.6760471Z {"Time":"2026-10-09T04:10:29.275965217Z","Action":"run","Package":"tabmail/internal/outbound","Test":"TestExecSMTPUTF8RefreshAfterSTARTTLS/direct_starttls/final_capable=true/encoded_headers_body_and_attachment"}
2026-10-09T04:10:30.6761667Z {"Time":"2026-10-09T04:10:29.275970867Z","Action":"output","Package":"tabmail/internal/outbound","Test":"TestExecSMTPUTF8RefreshAfterSTARTTLS/direct_starttls/final_capable=true/encoded_headers_body_and_attachment","Output":"=== RUN   TestExecSMTPUTF8RefreshAfterSTARTTLS/direct_starttls/final_capable=true/encoded_headers_body_and_attachment\n"}
2026-10-09T04:10:30.6762897Z {"Time":"2026-10-09T04:10:29.286790715Z","Action":"output","Package":"tabmail/internal/outbound","Test":"TestExecSMTPUTF8RefreshAfterSTARTTLS/direct_starttls/final_capable=true/encoded_headers_body_and_attachment","Output":"--- PASS: TestExecSMTPUTF8RefreshAfterSTARTTLS/direct_starttls/final_capable=true/encoded_headers_body_and_attachment (0.01s)\n"}
2026-10-09T04:10:30.6763651Z {"Time":"2026-10-09T04:10:29.2868195Z","Action":"pass","Package":"tabmail/internal/outbound","Test":"TestExecSMTPUTF8RefreshAfterSTARTTLS/direct_starttls/final_capable=true/encoded_headers_body_and_attachment","Elapsed":0.01}
2026-10-09T04:10:30.6764344Z {"Time":"2026-10-09T04:10:29.28683045Z","Action":"output","Package":"tabmail/internal/outbound","Test":"TestExecSMTPUTF8RefreshAfterSTARTTLS","Output":"--- PASS: TestExecSMTPUTF8RefreshAfterSTARTTLS (0.08s)\n"}
2026-10-09T04:10:30.6764839Z {"Time":"2026-10-09T04:10:29.286867971Z","Action":"pass","Package":"tabmail/internal/outbound","Test":"TestExecSMTPUTF8RefreshAfterSTARTTLS","Elapsed":0.08}
2026-10-09T04:10:30.6765362Z {"Time":"2026-10-09T04:10:29.286909841Z","Action":"run","Package":"tabmail/internal/outbound","Test":"TestExecSMTPUTF8HELOFallback"}
2026-10-09T04:10:30.6766081Z {"Time":"2026-10-09T04:10:29.286918497Z","Action":"output","Package":"tabmail/internal/outbound","Test":"TestExecSMTPUTF8HELOFallback","Output":"=== RUN   TestExecSMTPUTF8HELOFallback\n"}
2026-10-09T04:10:30.6766592Z {"Time":"2026-10-09T04:10:29.286966858Z","Action":"run","Package":"tabmail/internal/outbound","Test":"TestExecSMTPUTF8HELOFallback/relay_plain/ascii_quoted_alabel"}
2026-10-09T04:10:30.6767427Z {"Time":"2026-10-09T04:10:29.286975154Z","Action":"output","Package":"tabmail/internal/outbound","Test":"TestExecSMTPUTF8HELOFallback/relay_plain/ascii_quoted_alabel","Output":"=== RUN   TestExecSMTPUTF8HELOFallback/relay_plain/ascii_quoted_alabel\n"}
2026-10-09T04:10:30.6768289Z {"Time":"2026-10-09T04:10:29.29020719Z","Action":"output","Package":"tabmail/internal/outbound","Test":"TestExecSMTPUTF8HELOFallback/relay_plain/ascii_quoted_alabel","Output":"--- PASS: TestExecSMTPUTF8HELOFallback/relay_plain/ascii_quoted_alabel (0.00s)\n"}
2026-10-09T04:10:30.6768854Z {"Time":"2026-10-09T04:10:29.290227849Z","Action":"pass","Package":"tabmail/internal/outbound","Test":"TestExecSMTPUTF8HELOFallback/relay_plain/ascii_quoted_alabel","Elapsed":0}
2026-10-09T04:10:30.6769404Z {"Time":"2026-10-09T04:10:29.290235744Z","Action":"run","Package":"tabmail/internal/outbound","Test":"TestExecSMTPUTF8HELOFallback/relay_plain/unicode_sender_envelope_only"}
2026-10-09T04:10:30.6770412Z {"Time":"2026-10-09T04:10:29.290240092Z","Action":"output","Package":"tabmail/internal/outbound","Test":"TestExecSMTPUTF8HELOFallback/relay_plain/unicode_sender_envelope_only","Output":"=== RUN   TestExecSMTPUTF8HELOFallback/relay_plain/unicode_sender_envelope_only\n"}
2026-10-09T04:10:30.6771344Z {"Time":"2026-10-09T04:10:29.293476061Z","Action":"output","Package":"tabmail/internal/outbound","Test":"TestExecSMTPUTF8HELOFallback/relay_plain/unicode_sender_envelope_only","Output":"--- PASS: TestExecSMTPUTF8HELOFallback/relay_plain/unicode_sender_envelope_only (0.00s)\n"}
2026-10-09T04:10:30.6771944Z {"Time":"2026-10-09T04:10:29.293492351Z","Action":"pass","Package":"tabmail/internal/outbound","Test":"TestExecSMTPUTF8HELOFallback/relay_plain/unicode_sender_envelope_only","Elapsed":0}
2026-10-09T04:10:30.6772460Z {"Time":"2026-10-09T04:10:29.293547826Z","Action":"run","Package":"tabmail/internal/outbound","Test":"TestExecSMTPUTF8HELOFallback/direct_plain/ascii_quoted_alabel"}
2026-10-09T04:10:30.6773302Z {"Time":"2026-10-09T04:10:29.293555491Z","Action":"output","Package":"tabmail/internal/outbound","Test":"TestExecSMTPUTF8HELOFallback/direct_plain/ascii_quoted_alabel","Output":"=== RUN   TestExecSMTPUTF8HELOFallback/direct_plain/ascii_quoted_alabel\n"}
2026-10-09T04:10:30.6774177Z {"Time":"2026-10-09T04:10:29.297016094Z","Action":"output","Package":"tabmail/internal/outbound","Test":"TestExecSMTPUTF8HELOFallback/direct_plain/ascii_quoted_alabel","Output":"--- PASS: TestExecSMTPUTF8HELOFallback/direct_plain/ascii_quoted_alabel (0.00s)\n"}
2026-10-09T04:10:30.6774739Z {"Time":"2026-10-09T04:10:29.29703511Z","Action":"pass","Package":"tabmail/internal/outbound","Test":"TestExecSMTPUTF8HELOFallback/direct_plain/ascii_quoted_alabel","Elapsed":0}
2026-10-09T04:10:30.6775460Z {"Time":"2026-10-09T04:10:29.297050749Z","Action":"run","Package":"tabmail/internal/outbound","Test":"TestExecSMTPUTF8HELOFallback/direct_plain/unicode_sender_envelope_only"}
2026-10-09T04:10:30.6776373Z {"Time":"2026-10-09T04:10:29.297053955Z","Action":"output","Package":"tabmail/internal/outbound","Test":"TestExecSMTPUTF8HELOFallback/direct_plain/unicode_sender_envelope_only","Output":"=== RUN   TestExecSMTPUTF8HELOFallback/direct_plain/unicode_sender_envelope_only\n"}
2026-10-09T04:10:30.6777308Z {"Time":"2026-10-09T04:10:29.300125172Z","Action":"output","Package":"tabmail/internal/outbound","Test":"TestExecSMTPUTF8HELOFallback/direct_plain/unicode_sender_envelope_only","Output":"--- PASS: TestExecSMTPUTF8HELOFallback/direct_plain/unicode_sender_envelope_only (0.00s)\n"}
2026-10-09T04:10:30.6778037Z {"Time":"2026-10-09T04:10:29.300144699Z","Action":"pass","Package":"tabmail/internal/outbound","Test":"TestExecSMTPUTF8HELOFallback/direct_plain/unicode_sender_envelope_only","Elapsed":0}
2026-10-09T04:10:30.6778670Z {"Time":"2026-10-09T04:10:29.300193832Z","Action":"output","Package":"tabmail/internal/outbound","Test":"TestExecSMTPUTF8HELOFallback","Output":"--- PASS: TestExecSMTPUTF8HELOFallback (0.01s)\n"}
2026-10-09T04:10:30.6779130Z {"Time":"2026-10-09T04:10:29.300205244Z","Action":"pass","Package":"tabmail/internal/outbound","Test":"TestExecSMTPUTF8HELOFallback","Elapsed":0.01}
2026-10-09T04:10:30.6779579Z {"Time":"2026-10-09T04:10:29.300275286Z","Action":"run","Package":"tabmail/internal/outbound","Test":"TestExecSMTPUTF8TriesNextMXBeforeSending"}
2026-10-09T04:10:30.6780284Z {"Time":"2026-10-09T04:10:29.300285035Z","Action":"output","Package":"tabmail/internal/outbound","Test":"TestExecSMTPUTF8TriesNextMXBeforeSending","Output":"=== RUN   TestExecSMTPUTF8TriesNextMXBeforeSending\n"}
2026-10-09T04:10:30.6781017Z {"Time":"2026-10-09T04:10:29.306714912Z","Action":"output","Package":"tabmail/internal/outbound","Test":"TestExecSMTPUTF8TriesNextMXBeforeSending","Output":"--- PASS: TestExecSMTPUTF8TriesNextMXBeforeSending (0.01s)\n"}
2026-10-09T04:10:30.6781519Z {"Time":"2026-10-09T04:10:29.306740029Z","Action":"pass","Package":"tabmail/internal/outbound","Test":"TestExecSMTPUTF8TriesNextMXBeforeSending","Elapsed":0.01}
2026-10-09T04:10:30.6782078Z {"Time":"2026-10-09T04:10:29.306747003Z","Action":"run","Package":"tabmail/internal/outbound","Test":"TestExecSMTPUTF8SubmissionRecipientLedger"}
2026-10-09T04:10:30.6782790Z {"Time":"2026-10-09T04:10:29.306749938Z","Action":"output","Package":"tabmail/internal/outbound","Test":"TestExecSMTPUTF8SubmissionRecipientLedger","Output":"=== RUN   TestExecSMTPUTF8SubmissionRecipientLedger\n"}
2026-10-09T04:10:30.6783352Z {"Time":"2026-10-09T04:10:29.30679856Z","Action":"run","Package":"tabmail/internal/outbound","Test":"TestExecSMTPUTF8SubmissionRecipientLedger/relay_plain/capable=false/to"}
2026-10-09T04:10:30.6784277Z {"Time":"2026-10-09T04:10:29.306805754Z","Action":"output","Package":"tabmail/internal/outbound","Test":"TestExecSMTPUTF8SubmissionRecipientLedger/relay_plain/capable=false/to","Output":"=== RUN   TestExecSMTPUTF8SubmissionRecipientLedger/relay_plain/capable=false/to\n"}
2026-10-09T04:10:30.6785351Z {"Time":"2026-10-09T04:10:29.31048487Z","Action":"output","Package":"tabmail/internal/outbound","Test":"TestExecSMTPUTF8SubmissionRecipientLedger/relay_plain/capable=false/to","Output":"--- PASS: TestExecSMTPUTF8SubmissionRecipientLedger/relay_plain/capable=false/to (0.00s)\n"}
2026-10-09T04:10:30.6785966Z {"Time":"2026-10-09T04:10:29.310504477Z","Action":"pass","Package":"tabmail/internal/outbound","Test":"TestExecSMTPUTF8SubmissionRecipientLedger/relay_plain/capable=false/to","Elapsed":0}
2026-10-09T04:10:30.6786520Z {"Time":"2026-10-09T04:10:29.310561054Z","Action":"run","Package":"tabmail/internal/outbound","Test":"TestExecSMTPUTF8SubmissionRecipientLedger/relay_plain/capable=false/cc"}
2026-10-09T04:10:30.6787446Z {"Time":"2026-10-09T04:10:29.31056918Z","Action":"output","Package":"tabmail/internal/outbound","Test":"TestExecSMTPUTF8SubmissionRecipientLedger/relay_plain/capable=false/cc","Output":"=== RUN   TestExecSMTPUTF8SubmissionRecipientLedger/relay_plain/capable=false/cc\n"}
2026-10-09T04:10:30.6788410Z {"Time":"2026-10-09T04:10:29.314036491Z","Action":"output","Package":"tabmail/internal/outbound","Test":"TestExecSMTPUTF8SubmissionRecipientLedger/relay_plain/capable=false/cc","Output":"--- PASS: TestExecSMTPUTF8SubmissionRecipientLedger/relay_plain/capable=false/cc (0.00s)\n"}
2026-10-09T04:10:30.6789023Z {"Time":"2026-10-09T04:10:29.314059033Z","Action":"pass","Package":"tabmail/internal/outbound","Test":"TestExecSMTPUTF8SubmissionRecipientLedger/relay_plain/capable=false/cc","Elapsed":0}
2026-10-09T04:10:30.6789585Z {"Time":"2026-10-09T04:10:29.314094039Z","Action":"run","Package":"tabmail/internal/outbound","Test":"TestExecSMTPUTF8SubmissionRecipientLedger/relay_plain/capable=false/bcc"}
2026-10-09T04:10:30.6790641Z {"Time":"2026-10-09T04:10:29.314098107Z","Action":"output","Package":"tabmail/internal/outbound","Test":"TestExecSMTPUTF8SubmissionRecipientLedger/relay_plain/capable=false/bcc","Output":"=== RUN   TestExecSMTPUTF8SubmissionRecipientLedger/relay_plain/capable=false/bcc\n"}
2026-10-09T04:10:30.6791613Z {"Time":"2026-10-09T04:10:29.317543902Z","Action":"output","Package":"tabmail/internal/outbound","Test":"TestExecSMTPUTF8SubmissionRecipientLedger/relay_plain/capable=false/bcc","Output":"--- PASS: TestExecSMTPUTF8SubmissionRecipientLedger/relay_plain/capable=false/bcc (0.00s)\n"}
2026-10-09T04:10:30.6792232Z {"Time":"2026-10-09T04:10:29.317560403Z","Action":"pass","Package":"tabmail/internal/outbound","Test":"TestExecSMTPUTF8SubmissionRecipientLedger/relay_plain/capable=false/bcc","Elapsed":0}
2026-10-09T04:10:30.6792804Z {"Time":"2026-10-09T04:10:29.317603235Z","Action":"run","Package":"tabmail/internal/outbound","Test":"TestExecSMTPUTF8SubmissionRecipientLedger/relay_plain/capable=false/header"}
2026-10-09T04:10:30.6793765Z {"Time":"2026-10-09T04:10:29.317613263Z","Action":"output","Package":"tabmail/internal/outbound","Test":"TestExecSMTPUTF8SubmissionRecipientLedger/relay_plain/capable=false/header","Output":"=== RUN   TestExecSMTPUTF8SubmissionRecipientLedger/relay_plain/capable=false/header\n"}
2026-10-09T04:10:30.6794859Z {"Time":"2026-10-09T04:10:29.321262774Z","Action":"output","Package":"tabmail/internal/outbound","Test":"TestExecSMTPUTF8SubmissionRecipientLedger/relay_plain/capable=false/header","Output":"--- PASS: TestExecSMTPUTF8SubmissionRecipientLedger/relay_plain/capable=false/header (0.00s)\n"}
2026-10-09T04:10:30.6795630Z {"Time":"2026-10-09T04:10:29.321281109Z","Action":"pass","Package":"tabmail/internal/outbound","Test":"TestExecSMTPUTF8SubmissionRecipientLedger/relay_plain/capable=false/header","Elapsed":0}
2026-10-09T04:10:30.6796186Z {"Time":"2026-10-09T04:10:29.321315804Z","Action":"run","Package":"tabmail/internal/outbound","Test":"TestExecSMTPUTF8SubmissionRecipientLedger/relay_plain/capable=true/to"}
2026-10-09T04:10:30.6797110Z {"Time":"2026-10-09T04:10:29.321322928Z","Action":"output","Package":"tabmail/internal/outbound","Test":"TestExecSMTPUTF8SubmissionRecipientLedger/relay_plain/capable=true/to","Output":"=== RUN   TestExecSMTPUTF8SubmissionRecipientLedger/relay_plain/capable=true/to\n"}
2026-10-09T04:10:30.6798066Z {"Time":"2026-10-09T04:10:29.325148731Z","Action":"output","Package":"tabmail/internal/outbound","Test":"TestExecSMTPUTF8SubmissionRecipientLedger/relay_plain/capable=true/to","Output":"--- PASS: TestExecSMTPUTF8SubmissionRecipientLedger/relay_plain/capable=true/to (0.00s)\n"}
2026-10-09T04:10:30.6798666Z {"Time":"2026-10-09T04:10:29.325166324Z","Action":"pass","Package":"tabmail/internal/outbound","Test":"TestExecSMTPUTF8SubmissionRecipientLedger/relay_plain/capable=true/to","Elapsed":0}
2026-10-09T04:10:30.6799220Z {"Time":"2026-10-09T04:10:29.325182585Z","Action":"run","Package":"tabmail/internal/outbound","Test":"TestExecSMTPUTF8SubmissionRecipientLedger/relay_plain/capable=true/cc"}
2026-10-09T04:10:30.6800140Z {"Time":"2026-10-09T04:10:29.325188466Z","Action":"output","Package":"tabmail/internal/outbound","Test":"TestExecSMTPUTF8SubmissionRecipientLedger/relay_plain/capable=true/cc","Output":"=== RUN   TestExecSMTPUTF8SubmissionRecipientLedger/relay_plain/capable=true/cc\n"}
2026-10-09T04:10:30.6801092Z {"Time":"2026-10-09T04:10:29.329015673Z","Action":"output","Package":"tabmail/internal/outbound","Test":"TestExecSMTPUTF8SubmissionRecipientLedger/relay_plain/capable=true/cc","Output":"--- PASS: TestExecSMTPUTF8SubmissionRecipientLedger/relay_plain/capable=true/cc (0.00s)\n"}
2026-10-09T04:10:30.6801694Z {"Time":"2026-10-09T04:10:29.329033907Z","Action":"pass","Package":"tabmail/internal/outbound","Test":"TestExecSMTPUTF8SubmissionRecipientLedger/relay_plain/capable=true/cc","Elapsed":0}
2026-10-09T04:10:30.6802254Z {"Time":"2026-10-09T04:10:29.329078942Z","Action":"run","Package":"tabmail/internal/outbound","Test":"TestExecSMTPUTF8SubmissionRecipientLedger/relay_plain/capable=true/bcc"}
2026-10-09T04:10:30.6803293Z {"Time":"2026-10-09T04:10:29.329086707Z","Action":"output","Package":"tabmail/internal/outbound","Test":"TestExecSMTPUTF8SubmissionRecipientLedger/relay_plain/capable=true/bcc","Output":"=== RUN   TestExecSMTPUTF8SubmissionRecipientLedger/relay_plain/capable=true/bcc\n"}
2026-10-09T04:10:30.6804262Z {"Time":"2026-10-09T04:10:29.332886912Z","Action":"output","Package":"tabmail/internal/outbound","Test":"TestExecSMTPUTF8SubmissionRecipientLedger/relay_plain/capable=true/bcc","Output":"--- PASS: TestExecSMTPUTF8SubmissionRecipientLedger/relay_plain/capable=true/bcc (0.00s)\n"}
2026-10-09T04:10:30.6804979Z {"Time":"2026-10-09T04:10:29.333145782Z","Action":"pass","Package":"tabmail/internal/outbound","Test":"TestExecSMTPUTF8SubmissionRecipientLedger/relay_plain/capable=true/bcc","Elapsed":0}
2026-10-09T04:10:30.6805560Z {"Time":"2026-10-09T04:10:29.333156913Z","Action":"run","Package":"tabmail/internal/outbound","Test":"TestExecSMTPUTF8SubmissionRecipientLedger/relay_plain/capable=true/header"}
2026-10-09T04:10:30.6806516Z {"Time":"2026-10-09T04:10:29.333160379Z","Action":"output","Package":"tabmail/internal/outbound","Test":"TestExecSMTPUTF8SubmissionRecipientLedger/relay_plain/capable=true/header","Output":"=== RUN   TestExecSMTPUTF8SubmissionRecipientLedger/relay_plain/capable=true/header\n"}
2026-10-09T04:10:30.6807659Z {"Time":"2026-10-09T04:10:29.337387084Z","Action":"output","Package":"tabmail/internal/outbound","Test":"TestExecSMTPUTF8SubmissionRecipientLedger/relay_plain/capable=true/header","Output":"--- PASS: TestExecSMTPUTF8SubmissionRecipientLedger/relay_plain/capable=true/header (0.00s)\n"}
2026-10-09T04:10:30.6808289Z {"Time":"2026-10-09T04:10:29.337409957Z","Action":"pass","Package":"tabmail/internal/outbound","Test":"TestExecSMTPUTF8SubmissionRecipientLedger/relay_plain/capable=true/header","Elapsed":0}
2026-10-09T04:10:30.6808854Z {"Time":"2026-10-09T04:10:29.33741686Z","Action":"run","Package":"tabmail/internal/outbound","Test":"TestExecSMTPUTF8SubmissionRecipientLedger/direct_plain/capable=false/to"}
2026-10-09T04:10:30.6809794Z {"Time":"2026-10-09T04:10:29.337420396Z","Action":"output","Package":"tabmail/internal/outbound","Test":"TestExecSMTPUTF8SubmissionRecipientLedger/direct_plain/capable=false/to","Output":"=== RUN   TestExecSMTPUTF8SubmissionRecipientLedger/direct_plain/capable=false/to\n"}
2026-10-09T04:10:30.6810760Z {"Time":"2026-10-09T04:10:29.340857155Z","Action":"output","Package":"tabmail/internal/outbound","Test":"TestExecSMTPUTF8SubmissionRecipientLedger/direct_plain/capable=false/to","Output":"--- PASS: TestExecSMTPUTF8SubmissionRecipientLedger/direct_plain/capable=false/to (0.00s)\n"}
2026-10-09T04:10:30.6811380Z {"Time":"2026-10-09T04:10:29.340874618Z","Action":"pass","Package":"tabmail/internal/outbound","Test":"TestExecSMTPUTF8SubmissionRecipientLedger/direct_plain/capable=false/to","Elapsed":0}
2026-10-09T04:10:30.6811945Z {"Time":"2026-10-09T04:10:29.340919052Z","Action":"run","Package":"tabmail/internal/outbound","Test":"TestExecSMTPUTF8SubmissionRecipientLedger/direct_plain/capable=false/cc"}
2026-10-09T04:10:30.6812882Z {"Time":"2026-10-09T04:10:29.340926987Z","Action":"output","Package":"tabmail/internal/outbound","Test":"TestExecSMTPUTF8SubmissionRecipientLedger/direct_plain/capable=false/cc","Output":"=== RUN   TestExecSMTPUTF8SubmissionRecipientLedger/direct_plain/capable=false/cc\n"}
2026-10-09T04:10:30.6813846Z {"Time":"2026-10-09T04:10:29.344374385Z","Action":"output","Package":"tabmail/internal/outbound","Test":"TestExecSMTPUTF8SubmissionRecipientLedger/direct_plain/capable=false/cc","Output":"--- PASS: TestExecSMTPUTF8SubmissionRecipientLedger/direct_plain/capable=false/cc (0.00s)\n"}
2026-10-09T04:10:30.6814463Z {"Time":"2026-10-09T04:10:29.344392459Z","Action":"pass","Package":"tabmail/internal/outbound","Test":"TestExecSMTPUTF8SubmissionRecipientLedger/direct_plain/capable=false/cc","Elapsed":0}
2026-10-09T04:10:30.6815146Z {"Time":"2026-10-09T04:10:29.344428698Z","Action":"run","Package":"tabmail/internal/outbound","Test":"TestExecSMTPUTF8SubmissionRecipientLedger/direct_plain/capable=false/bcc"}
2026-10-09T04:10:30.6816197Z {"Time":"2026-10-09T04:10:29.344446592Z","Action":"output","Package":"tabmail/internal/outbound","Test":"TestExecSMTPUTF8SubmissionRecipientLedger/direct_plain/capable=false/bcc","Output":"=== RUN   TestExecSMTPUTF8SubmissionRecipientLedger/direct_plain/capable=false/bcc\n"}
2026-10-09T04:10:30.6817188Z {"Time":"2026-10-09T04:10:29.347905451Z","Action":"output","Package":"tabmail/internal/outbound","Test":"TestExecSMTPUTF8SubmissionRecipientLedger/direct_plain/capable=false/bcc","Output":"--- PASS: TestExecSMTPUTF8SubmissionRecipientLedger/direct_plain/capable=false/bcc (0.00s)\n"}
2026-10-09T04:10:30.6817815Z {"Time":"2026-10-09T04:10:29.347923756Z","Action":"pass","Package":"tabmail/internal/outbound","Test":"TestExecSMTPUTF8SubmissionRecipientLedger/direct_plain/capable=false/bcc","Elapsed":0}
2026-10-09T04:10:30.6818416Z {"Time":"2026-10-09T04:10:29.347958211Z","Action":"run","Package":"tabmail/internal/outbound","Test":"TestExecSMTPUTF8SubmissionRecipientLedger/direct_plain/capable=false/header"}
2026-10-09T04:10:30.6819394Z {"Time":"2026-10-09T04:10:29.34796832Z","Action":"output","Package":"tabmail/internal/outbound","Test":"TestExecSMTPUTF8SubmissionRecipientLedger/direct_plain/capable=false/header","Output":"=== RUN   TestExecSMTPUTF8SubmissionRecipientLedger/direct_plain/capable=false/header\n"}
2026-10-09T04:10:30.6820510Z {"Time":"2026-10-09T04:10:29.351614133Z","Action":"output","Package":"tabmail/internal/outbound","Test":"TestExecSMTPUTF8SubmissionRecipientLedger/direct_plain/capable=false/header","Output":"--- PASS: TestExecSMTPUTF8SubmissionRecipientLedger/direct_plain/capable=false/header (0.00s)\n"}
2026-10-09T04:10:30.6821150Z {"Time":"2026-10-09T04:10:29.35163316Z","Action":"pass","Package":"tabmail/internal/outbound","Test":"TestExecSMTPUTF8SubmissionRecipientLedger/direct_plain/capable=false/header","Elapsed":0}
2026-10-09T04:10:30.6821721Z {"Time":"2026-10-09T04:10:29.351649511Z","Action":"run","Package":"tabmail/internal/outbound","Test":"TestExecSMTPUTF8SubmissionRecipientLedger/direct_plain/capable=true/to"}
2026-10-09T04:10:30.6822644Z {"Time":"2026-10-09T04:10:29.351652887Z","Action":"output","Package":"tabmail/internal/outbound","Test":"TestExecSMTPUTF8SubmissionRecipientLedger/direct_plain/capable=true/to","Output":"=== RUN   TestExecSMTPUTF8SubmissionRecipientLedger/direct_plain/capable=true/to\n"}
2026-10-09T04:10:30.6823608Z {"Time":"2026-10-09T04:10:29.355376014Z","Action":"output","Package":"tabmail/internal/outbound","Test":"TestExecSMTPUTF8SubmissionRecipientLedger/direct_plain/capable=true/to","Output":"--- PASS: TestExecSMTPUTF8SubmissionRecipientLedger/direct_plain/capable=true/to (0.00s)\n"}
2026-10-09T04:10:30.6824221Z {"Time":"2026-10-09T04:10:29.355409066Z","Action":"pass","Package":"tabmail/internal/outbound","Test":"TestExecSMTPUTF8SubmissionRecipientLedger/direct_plain/capable=true/to","Elapsed":0}
2026-10-09T04:10:30.6824786Z {"Time":"2026-10-09T04:10:29.355415288Z","Action":"run","Package":"tabmail/internal/outbound","Test":"TestExecSMTPUTF8SubmissionRecipientLedger/direct_plain/capable=true/cc"}
2026-10-09T04:10:30.6825858Z {"Time":"2026-10-09T04:10:29.355418424Z","Action":"output","Package":"tabmail/internal/outbound","Test":"TestExecSMTPUTF8SubmissionRecipientLedger/direct_plain/capable=true/cc","Output":"=== RUN   TestExecSMTPUTF8SubmissionRecipientLedger/direct_plain/capable=true/cc\n"}
2026-10-09T04:10:30.6826821Z {"Time":"2026-10-09T04:10:29.359285468Z","Action":"output","Package":"tabmail/internal/outbound","Test":"TestExecSMTPUTF8SubmissionRecipientLedger/direct_plain/capable=true/cc","Output":"--- PASS: TestExecSMTPUTF8SubmissionRecipientLedger/direct_plain/capable=true/cc (0.00s)\n"}
2026-10-09T04:10:30.6827433Z {"Time":"2026-10-09T04:10:29.359305406Z","Action":"pass","Package":"tabmail/internal/outbound","Test":"TestExecSMTPUTF8SubmissionRecipientLedger/direct_plain/capable=true/cc","Elapsed":0}
2026-10-09T04:10:30.6828109Z {"Time":"2026-10-09T04:10:29.359339761Z","Action":"run","Package":"tabmail/internal/outbound","Test":"TestExecSMTPUTF8SubmissionRecipientLedger/direct_plain/capable=true/bcc"}
2026-10-09T04:10:30.6829049Z {"Time":"2026-10-09T04:10:29.359345231Z","Action":"output","Package":"tabmail/internal/outbound","Test":"TestExecSMTPUTF8SubmissionRecipientLedger/direct_plain/capable=true/bcc","Output":"=== RUN   TestExecSMTPUTF8SubmissionRecipientLedger/direct_plain/capable=true/bcc\n"}
2026-10-09T04:10:30.6830024Z {"Time":"2026-10-09T04:10:29.363217012Z","Action":"output","Package":"tabmail/internal/outbound","Test":"TestExecSMTPUTF8SubmissionRecipientLedger/direct_plain/capable=true/bcc","Output":"--- PASS: TestExecSMTPUTF8SubmissionRecipientLedger/direct_plain/capable=true/bcc (0.00s)\n"}
2026-10-09T04:10:30.6830639Z {"Time":"2026-10-09T04:10:29.363236419Z","Action":"pass","Package":"tabmail/internal/outbound","Test":"TestExecSMTPUTF8SubmissionRecipientLedger/direct_plain/capable=true/bcc","Elapsed":0}
2026-10-09T04:10:30.6831218Z {"Time":"2026-10-09T04:10:29.363272527Z","Action":"run","Package":"tabmail/internal/outbound","Test":"TestExecSMTPUTF8SubmissionRecipientLedger/direct_plain/capable=true/header"}
2026-10-09T04:10:30.6832174Z {"Time":"2026-10-09T04:10:29.363280262Z","Action":"output","Package":"tabmail/internal/outbound","Test":"TestExecSMTPUTF8SubmissionRecipientLedger/direct_plain/capable=true/header","Output":"=== RUN   TestExecSMTPUTF8SubmissionRecipientLedger/direct_plain/capable=true/header\n"}
2026-10-09T04:10:30.6833271Z {"Time":"2026-10-09T04:10:29.366996658Z","Action":"output","Package":"tabmail/internal/outbound","Test":"TestExecSMTPUTF8SubmissionRecipientLedger/direct_plain/capable=true/header","Output":"--- PASS: TestExecSMTPUTF8SubmissionRecipientLedger/direct_plain/capable=true/header (0.00s)\n"}
2026-10-09T04:10:30.6833901Z {"Time":"2026-10-09T04:10:29.367014342Z","Action":"pass","Package":"tabmail/internal/outbound","Test":"TestExecSMTPUTF8SubmissionRecipientLedger/direct_plain/capable=true/header","Elapsed":0}
2026-10-09T04:10:30.6834645Z {"Time":"2026-10-09T04:10:29.367055159Z","Action":"output","Package":"tabmail/internal/outbound","Test":"TestExecSMTPUTF8SubmissionRecipientLedger","Output":"--- PASS: TestExecSMTPUTF8SubmissionRecipientLedger (0.06s)\n"}
2026-10-09T04:10:30.6835276Z {"Time":"2026-10-09T04:10:29.367064657Z","Action":"pass","Package":"tabmail/internal/outbound","Test":"TestExecSMTPUTF8SubmissionRecipientLedger","Elapsed":0.06}
2026-10-09T04:10:30.6835636Z {"Time":"2026-10-09T04:10:29.36728324Z","Action":"output","Package":"tabmail/internal/outbound","Output":"PASS\n"}
2026-10-09T04:10:30.6836098Z {"Time":"2026-10-09T04:10:30.370006675Z","Action":"output","Package":"tabmail/internal/outbound","Output":"ok  \ttabmail/internal/outbound\t1.771s\n"}
2026-10-09T04:10:30.6836419Z {"Time":"2026-10-09T04:10:30.370047583Z","Action":"pass","Package":"tabmail/internal/outbound","Elapsed":1.771}
2026-10-09T04:10:30.6836428Z 
2026-10-09T04:10:30.6836558Z EXEC09_RAW_END candidate/go-test.jsonl
2026-10-09T04:10:30.6836682Z EXEC09_RAW_BEGIN candidate/go-test.stderr
2026-10-09T04:10:30.6836687Z 
2026-10-09T04:10:30.6836810Z EXEC09_RAW_END candidate/go-test.stderr
2026-10-09T04:10:30.6836931Z EXEC09_RAW_BEGIN candidate/verified.json
2026-10-09T04:10:30.6837012Z {
2026-10-09T04:10:30.6837112Z   "before": {
2026-10-09T04:10:30.6837329Z     "commit": "bd7bea1a4d400317641ce2c5e160eb31486e88a6",
2026-10-09T04:10:30.6837523Z     "tree": "55a10b9e87f71bccd0a726cd184abeddeb6e78e1",
2026-10-09T04:10:30.6837856Z     "test_sha256": "03047b4ba6b9c4590e032dfc58eeada6750e3b2e4c7aa80b96859ab98354e372"
2026-10-09T04:10:30.6837937Z   },
2026-10-09T04:10:30.6838028Z   "after": {
2026-10-09T04:10:30.6838228Z     "commit": "bd7bea1a4d400317641ce2c5e160eb31486e88a6",
2026-10-09T04:10:30.6838422Z     "tree": "55a10b9e87f71bccd0a726cd184abeddeb6e78e1",
2026-10-09T04:10:30.6838739Z     "test_sha256": "03047b4ba6b9c4590e032dfc58eeada6750e3b2e4c7aa80b96859ab98354e372"
2026-10-09T04:10:30.6838818Z   },
2026-10-09T04:10:30.6838911Z   "command": [
2026-10-09T04:10:30.6839008Z     "go",
2026-10-09T04:10:30.6839107Z     "test",
2026-10-09T04:10:30.6839345Z     "-mod=readonly",
2026-10-09T04:10:30.6839450Z     "-json",
2026-10-09T04:10:30.6839547Z     "-race",
2026-10-09T04:10:30.6839638Z     "-p",
2026-10-09T04:10:30.6839731Z     "1",
2026-10-09T04:10:30.6839835Z     "-count=1",
2026-10-09T04:10:30.6839949Z     "-timeout=120s",
2026-10-09T04:10:30.6840046Z     "-run",
2026-10-09T04:10:30.6840168Z     "^TestExecSMTPUTF8",
2026-10-09T04:10:30.6840297Z     "./internal/outbound"
2026-10-09T04:10:30.6840378Z   ],
2026-10-09T04:10:30.6840475Z   "exit_code": 0,
2026-10-09T04:10:30.6840581Z   "timed_out": false,
2026-10-09T04:10:30.6840885Z   "stdout_sha256": "51c4949a116ab7f2f15d43c545e1cebb5bd00da0ab1e489eadc591a8aaff7856",
2026-10-09T04:10:30.6841174Z   "stderr_sha256": "e3b0c44298fc1c149afbf4c8996fb92427ae41e4649b934ca495991b7852b855",
2026-10-09T04:10:30.6841271Z   "results": {
2026-10-09T04:10:30.6841376Z     "started_ids": [
2026-10-09T04:10:30.6841551Z       "TestExecSMTPUTF8Capabilities",
2026-10-09T04:10:30.6841932Z       "TestExecSMTPUTF8Capabilities/direct_plain/capable=false/ascii_quoted_alabel",
2026-10-09T04:10:30.6842290Z       "TestExecSMTPUTF8Capabilities/direct_plain/capable=false/eight_bit_body_only",
2026-10-09T04:10:30.6842749Z       "TestExecSMTPUTF8Capabilities/direct_plain/capable=false/encoded_headers_body_and_attachment",
2026-10-09T04:10:30.6843276Z       "TestExecSMTPUTF8Capabilities/direct_plain/capable=false/unicode_domain_envelope_only",
2026-10-09T04:10:30.6843624Z       "TestExecSMTPUTF8Capabilities/direct_plain/capable=false/unicode_last_bcc",
2026-10-09T04:10:30.6844053Z       "TestExecSMTPUTF8Capabilities/direct_plain/capable=false/unicode_recipient_envelope_only",
2026-10-09T04:10:30.6844464Z       "TestExecSMTPUTF8Capabilities/direct_plain/capable=false/unicode_sender_envelope_only",
2026-10-09T04:10:30.6844850Z       "TestExecSMTPUTF8Capabilities/direct_plain/capable=false/unicode_top_level_header",
2026-10-09T04:10:30.6845334Z       "TestExecSMTPUTF8Capabilities/direct_plain/capable=true/ascii_quoted_alabel",
2026-10-09T04:10:30.6845698Z       "TestExecSMTPUTF8Capabilities/direct_plain/capable=true/eight_bit_body_only",
2026-10-09T04:10:30.6846134Z       "TestExecSMTPUTF8Capabilities/direct_plain/capable=true/encoded_headers_body_and_attachment",
2026-10-09T04:10:30.6846547Z       "TestExecSMTPUTF8Capabilities/direct_plain/capable=true/unicode_domain_envelope_only",
2026-10-09T04:10:30.6846894Z       "TestExecSMTPUTF8Capabilities/direct_plain/capable=true/unicode_last_bcc",
2026-10-09T04:10:30.6847312Z       "TestExecSMTPUTF8Capabilities/direct_plain/capable=true/unicode_recipient_envelope_only",
2026-10-09T04:10:30.6847714Z       "TestExecSMTPUTF8Capabilities/direct_plain/capable=true/unicode_sender_envelope_only",
2026-10-09T04:10:30.6848098Z       "TestExecSMTPUTF8Capabilities/direct_plain/capable=true/unicode_top_level_header",
2026-10-09T04:10:30.6848472Z       "TestExecSMTPUTF8Capabilities/direct_starttls/capable=false/ascii_quoted_alabel",
2026-10-09T04:10:30.6848851Z       "TestExecSMTPUTF8Capabilities/direct_starttls/capable=false/eight_bit_body_only",
2026-10-09T04:10:30.6849317Z       "TestExecSMTPUTF8Capabilities/direct_starttls/capable=false/encoded_headers_body_and_attachment",
2026-10-09T04:10:30.6849745Z       "TestExecSMTPUTF8Capabilities/direct_starttls/capable=false/unicode_domain_envelope_only",
2026-10-09T04:10:30.6850106Z       "TestExecSMTPUTF8Capabilities/direct_starttls/capable=false/unicode_last_bcc",
2026-10-09T04:10:30.6850545Z       "TestExecSMTPUTF8Capabilities/direct_starttls/capable=false/unicode_recipient_envelope_only",
2026-10-09T04:10:30.6850961Z       "TestExecSMTPUTF8Capabilities/direct_starttls/capable=false/unicode_sender_envelope_only",
2026-10-09T04:10:30.6851359Z       "TestExecSMTPUTF8Capabilities/direct_starttls/capable=false/unicode_top_level_header",
2026-10-09T04:10:30.6851728Z       "TestExecSMTPUTF8Capabilities/direct_starttls/capable=true/ascii_quoted_alabel",
2026-10-09T04:10:30.6852089Z       "TestExecSMTPUTF8Capabilities/direct_starttls/capable=true/eight_bit_body_only",
2026-10-09T04:10:30.6852661Z       "TestExecSMTPUTF8Capabilities/direct_starttls/capable=true/encoded_headers_body_and_attachment",
2026-10-09T04:10:30.6853089Z       "TestExecSMTPUTF8Capabilities/direct_starttls/capable=true/unicode_domain_envelope_only",
2026-10-09T04:10:30.6853446Z       "TestExecSMTPUTF8Capabilities/direct_starttls/capable=true/unicode_last_bcc",
2026-10-09T04:10:30.6853883Z       "TestExecSMTPUTF8Capabilities/direct_starttls/capable=true/unicode_recipient_envelope_only",
2026-10-09T04:10:30.6854301Z       "TestExecSMTPUTF8Capabilities/direct_starttls/capable=true/unicode_sender_envelope_only",
2026-10-09T04:10:30.6854694Z       "TestExecSMTPUTF8Capabilities/direct_starttls/capable=true/unicode_top_level_header",
2026-10-09T04:10:30.6855196Z       "TestExecSMTPUTF8Capabilities/relay_implicit_tls/capable=false/ascii_quoted_alabel",
2026-10-09T04:10:30.6855589Z       "TestExecSMTPUTF8Capabilities/relay_implicit_tls/capable=false/eight_bit_body_only",
2026-10-09T04:10:30.6856065Z       "TestExecSMTPUTF8Capabilities/relay_implicit_tls/capable=false/encoded_headers_body_and_attachment",
2026-10-09T04:10:30.6856506Z       "TestExecSMTPUTF8Capabilities/relay_implicit_tls/capable=false/unicode_domain_envelope_only",
2026-10-09T04:10:30.6856995Z       "TestExecSMTPUTF8Capabilities/relay_implicit_tls/capable=false/unicode_last_bcc",
2026-10-09T04:10:30.6857442Z       "TestExecSMTPUTF8Capabilities/relay_implicit_tls/capable=false/unicode_recipient_envelope_only",
2026-10-09T04:10:30.6857876Z       "TestExecSMTPUTF8Capabilities/relay_implicit_tls/capable=false/unicode_sender_envelope_only",
2026-10-09T04:10:30.6858289Z       "TestExecSMTPUTF8Capabilities/relay_implicit_tls/capable=false/unicode_top_level_header",
2026-10-09T04:10:30.6858669Z       "TestExecSMTPUTF8Capabilities/relay_implicit_tls/capable=true/ascii_quoted_alabel",
2026-10-09T04:10:30.6859053Z       "TestExecSMTPUTF8Capabilities/relay_implicit_tls/capable=true/eight_bit_body_only",
2026-10-09T04:10:30.6859526Z       "TestExecSMTPUTF8Capabilities/relay_implicit_tls/capable=true/encoded_headers_body_and_attachment",
2026-10-09T04:10:30.6859955Z       "TestExecSMTPUTF8Capabilities/relay_implicit_tls/capable=true/unicode_domain_envelope_only",
2026-10-09T04:10:30.6860325Z       "TestExecSMTPUTF8Capabilities/relay_implicit_tls/capable=true/unicode_last_bcc",
2026-10-09T04:10:30.6860772Z       "TestExecSMTPUTF8Capabilities/relay_implicit_tls/capable=true/unicode_recipient_envelope_only",
2026-10-09T04:10:30.6861194Z       "TestExecSMTPUTF8Capabilities/relay_implicit_tls/capable=true/unicode_sender_envelope_only",
2026-10-09T04:10:30.6861605Z       "TestExecSMTPUTF8Capabilities/relay_implicit_tls/capable=true/unicode_top_level_header",
2026-10-09T04:10:30.6861963Z       "TestExecSMTPUTF8Capabilities/relay_plain/capable=false/ascii_quoted_alabel",
2026-10-09T04:10:30.6862314Z       "TestExecSMTPUTF8Capabilities/relay_plain/capable=false/eight_bit_body_only",
2026-10-09T04:10:30.6862753Z       "TestExecSMTPUTF8Capabilities/relay_plain/capable=false/encoded_headers_body_and_attachment",
2026-10-09T04:10:30.6863155Z       "TestExecSMTPUTF8Capabilities/relay_plain/capable=false/unicode_domain_envelope_only",
2026-10-09T04:10:30.6863495Z       "TestExecSMTPUTF8Capabilities/relay_plain/capable=false/unicode_last_bcc",
2026-10-09T04:10:30.6863919Z       "TestExecSMTPUTF8Capabilities/relay_plain/capable=false/unicode_recipient_envelope_only",
2026-10-09T04:10:30.6864319Z       "TestExecSMTPUTF8Capabilities/relay_plain/capable=false/unicode_sender_envelope_only",
2026-10-09T04:10:30.6864695Z       "TestExecSMTPUTF8Capabilities/relay_plain/capable=false/unicode_top_level_header",
2026-10-09T04:10:30.6865201Z       "TestExecSMTPUTF8Capabilities/relay_plain/capable=true/ascii_quoted_alabel",
2026-10-09T04:10:30.6865558Z       "TestExecSMTPUTF8Capabilities/relay_plain/capable=true/eight_bit_body_only",
2026-10-09T04:10:30.6865985Z       "TestExecSMTPUTF8Capabilities/relay_plain/capable=true/encoded_headers_body_and_attachment",
2026-10-09T04:10:30.6866502Z       "TestExecSMTPUTF8Capabilities/relay_plain/capable=true/unicode_domain_envelope_only",
2026-10-09T04:10:30.6866847Z       "TestExecSMTPUTF8Capabilities/relay_plain/capable=true/unicode_last_bcc",
2026-10-09T04:10:30.6867260Z       "TestExecSMTPUTF8Capabilities/relay_plain/capable=true/unicode_recipient_envelope_only",
2026-10-09T04:10:30.6867657Z       "TestExecSMTPUTF8Capabilities/relay_plain/capable=true/unicode_sender_envelope_only",
2026-10-09T04:10:30.6868026Z       "TestExecSMTPUTF8Capabilities/relay_plain/capable=true/unicode_top_level_header",
2026-10-09T04:10:30.6868402Z       "TestExecSMTPUTF8Capabilities/relay_starttls/capable=false/ascii_quoted_alabel",
2026-10-09T04:10:30.6868778Z       "TestExecSMTPUTF8Capabilities/relay_starttls/capable=false/eight_bit_body_only",
2026-10-09T04:10:30.6869234Z       "TestExecSMTPUTF8Capabilities/relay_starttls/capable=false/encoded_headers_body_and_attachment",
2026-10-09T04:10:30.6869662Z       "TestExecSMTPUTF8Capabilities/relay_starttls/capable=false/unicode_domain_envelope_only",
2026-10-09T04:10:30.6870030Z       "TestExecSMTPUTF8Capabilities/relay_starttls/capable=false/unicode_last_bcc",
2026-10-09T04:10:30.6870463Z       "TestExecSMTPUTF8Capabilities/relay_starttls/capable=false/unicode_recipient_envelope_only",
2026-10-09T04:10:30.6870993Z       "TestExecSMTPUTF8Capabilities/relay_starttls/capable=false/unicode_sender_envelope_only",
2026-10-09T04:10:30.6871393Z       "TestExecSMTPUTF8Capabilities/relay_starttls/capable=false/unicode_top_level_header",
2026-10-09T04:10:30.6871752Z       "TestExecSMTPUTF8Capabilities/relay_starttls/capable=true/ascii_quoted_alabel",
2026-10-09T04:10:30.6872115Z       "TestExecSMTPUTF8Capabilities/relay_starttls/capable=true/eight_bit_body_only",
2026-10-09T04:10:30.6872563Z       "TestExecSMTPUTF8Capabilities/relay_starttls/capable=true/encoded_headers_body_and_attachment",
2026-10-09T04:10:30.6872971Z       "TestExecSMTPUTF8Capabilities/relay_starttls/capable=true/unicode_domain_envelope_only",
2026-10-09T04:10:30.6873335Z       "TestExecSMTPUTF8Capabilities/relay_starttls/capable=true/unicode_last_bcc",
2026-10-09T04:10:30.6873767Z       "TestExecSMTPUTF8Capabilities/relay_starttls/capable=true/unicode_recipient_envelope_only",
2026-10-09T04:10:30.6874180Z       "TestExecSMTPUTF8Capabilities/relay_starttls/capable=true/unicode_sender_envelope_only",
2026-10-09T04:10:30.6874576Z       "TestExecSMTPUTF8Capabilities/relay_starttls/capable=true/unicode_top_level_header",
2026-10-09T04:10:30.6874752Z       "TestExecSMTPUTF8HELOFallback",
2026-10-09T04:10:30.6875176Z       "TestExecSMTPUTF8HELOFallback/direct_plain/ascii_quoted_alabel",
2026-10-09T04:10:30.6875534Z       "TestExecSMTPUTF8HELOFallback/direct_plain/unicode_sender_envelope_only",
2026-10-09T04:10:30.6875828Z       "TestExecSMTPUTF8HELOFallback/relay_plain/ascii_quoted_alabel",
2026-10-09T04:10:30.6876161Z       "TestExecSMTPUTF8HELOFallback/relay_plain/unicode_sender_envelope_only",
2026-10-09T04:10:30.6876363Z       "TestExecSMTPUTF8RefreshAfterSTARTTLS",
2026-10-09T04:10:30.6876920Z       "TestExecSMTPUTF8RefreshAfterSTARTTLS/direct_starttls/final_capable=false/encoded_headers_body_and_attachment",
2026-10-09T04:10:30.6877361Z       "TestExecSMTPUTF8RefreshAfterSTARTTLS/direct_starttls/final_capable=false/unicode_last_bcc",
2026-10-09T04:10:30.6877902Z       "TestExecSMTPUTF8RefreshAfterSTARTTLS/direct_starttls/final_capable=true/encoded_headers_body_and_attachment",
2026-10-09T04:10:30.6878340Z       "TestExecSMTPUTF8RefreshAfterSTARTTLS/direct_starttls/final_capable=true/unicode_last_bcc",
2026-10-09T04:10:30.6878865Z       "TestExecSMTPUTF8RefreshAfterSTARTTLS/relay_starttls/final_capable=false/encoded_headers_body_and_attachment",
2026-10-09T04:10:30.6879301Z       "TestExecSMTPUTF8RefreshAfterSTARTTLS/relay_starttls/final_capable=false/unicode_last_bcc",
2026-10-09T04:10:30.6879831Z       "TestExecSMTPUTF8RefreshAfterSTARTTLS/relay_starttls/final_capable=true/encoded_headers_body_and_attachment",
2026-10-09T04:10:30.6880373Z       "TestExecSMTPUTF8RefreshAfterSTARTTLS/relay_starttls/final_capable=true/unicode_last_bcc",
2026-10-09T04:10:30.6880602Z       "TestExecSMTPUTF8SubmissionRecipientLedger",
2026-10-09T04:10:30.6880972Z       "TestExecSMTPUTF8SubmissionRecipientLedger/direct_plain/capable=false/bcc",
2026-10-09T04:10:30.6881330Z       "TestExecSMTPUTF8SubmissionRecipientLedger/direct_plain/capable=false/cc",
2026-10-09T04:10:30.6881708Z       "TestExecSMTPUTF8SubmissionRecipientLedger/direct_plain/capable=false/header",
2026-10-09T04:10:30.6882060Z       "TestExecSMTPUTF8SubmissionRecipientLedger/direct_plain/capable=false/to",
2026-10-09T04:10:30.6882405Z       "TestExecSMTPUTF8SubmissionRecipientLedger/direct_plain/capable=true/bcc",
2026-10-09T04:10:30.6882754Z       "TestExecSMTPUTF8SubmissionRecipientLedger/direct_plain/capable=true/cc",
2026-10-09T04:10:30.6883123Z       "TestExecSMTPUTF8SubmissionRecipientLedger/direct_plain/capable=true/header",
2026-10-09T04:10:30.6883466Z       "TestExecSMTPUTF8SubmissionRecipientLedger/direct_plain/capable=true/to",
2026-10-09T04:10:30.6883825Z       "TestExecSMTPUTF8SubmissionRecipientLedger/relay_plain/capable=false/bcc",
2026-10-09T04:10:30.6884169Z       "TestExecSMTPUTF8SubmissionRecipientLedger/relay_plain/capable=false/cc",
2026-10-09T04:10:30.6884636Z       "TestExecSMTPUTF8SubmissionRecipientLedger/relay_plain/capable=false/header",
2026-10-09T04:10:30.6885090Z       "TestExecSMTPUTF8SubmissionRecipientLedger/relay_plain/capable=false/to",
2026-10-09T04:10:30.6885438Z       "TestExecSMTPUTF8SubmissionRecipientLedger/relay_plain/capable=true/bcc",
2026-10-09T04:10:30.6885778Z       "TestExecSMTPUTF8SubmissionRecipientLedger/relay_plain/capable=true/cc",
2026-10-09T04:10:30.6886140Z       "TestExecSMTPUTF8SubmissionRecipientLedger/relay_plain/capable=true/header",
2026-10-09T04:10:30.6886483Z       "TestExecSMTPUTF8SubmissionRecipientLedger/relay_plain/capable=true/to",
2026-10-09T04:10:30.6886689Z       "TestExecSMTPUTF8TriesNextMXBeforeSending"
2026-10-09T04:10:30.6886782Z     ],
2026-10-09T04:10:30.6886885Z     "leaf_ids": [
2026-10-09T04:10:30.6887254Z       "TestExecSMTPUTF8Capabilities/direct_plain/capable=false/ascii_quoted_alabel",
2026-10-09T04:10:30.6887617Z       "TestExecSMTPUTF8Capabilities/direct_plain/capable=false/eight_bit_body_only",
2026-10-09T04:10:30.6888065Z       "TestExecSMTPUTF8Capabilities/direct_plain/capable=false/encoded_headers_body_and_attachment",
2026-10-09T04:10:30.6888483Z       "TestExecSMTPUTF8Capabilities/direct_plain/capable=false/unicode_domain_envelope_only",
2026-10-09T04:10:30.6888838Z       "TestExecSMTPUTF8Capabilities/direct_plain/capable=false/unicode_last_bcc",
2026-10-09T04:10:30.6889260Z       "TestExecSMTPUTF8Capabilities/direct_plain/capable=false/unicode_recipient_envelope_only",
2026-10-09T04:10:30.6889672Z       "TestExecSMTPUTF8Capabilities/direct_plain/capable=false/unicode_sender_envelope_only",
2026-10-09T04:10:30.6890065Z       "TestExecSMTPUTF8Capabilities/direct_plain/capable=false/unicode_top_level_header",
2026-10-09T04:10:30.6890422Z       "TestExecSMTPUTF8Capabilities/direct_plain/capable=true/ascii_quoted_alabel",
2026-10-09T04:10:30.6890781Z       "TestExecSMTPUTF8Capabilities/direct_plain/capable=true/eight_bit_body_only",
2026-10-09T04:10:30.6891222Z       "TestExecSMTPUTF8Capabilities/direct_plain/capable=true/encoded_headers_body_and_attachment",
2026-10-09T04:10:30.6891626Z       "TestExecSMTPUTF8Capabilities/direct_plain/capable=true/unicode_domain_envelope_only",
2026-10-09T04:10:30.6891971Z       "TestExecSMTPUTF8Capabilities/direct_plain/capable=true/unicode_last_bcc",
2026-10-09T04:10:30.6892391Z       "TestExecSMTPUTF8Capabilities/direct_plain/capable=true/unicode_recipient_envelope_only",
2026-10-09T04:10:30.6892787Z       "TestExecSMTPUTF8Capabilities/direct_plain/capable=true/unicode_sender_envelope_only",
2026-10-09T04:10:30.6893169Z       "TestExecSMTPUTF8Capabilities/direct_plain/capable=true/unicode_top_level_header",
2026-10-09T04:10:30.6893546Z       "TestExecSMTPUTF8Capabilities/direct_starttls/capable=false/ascii_quoted_alabel",
2026-10-09T04:10:30.6894033Z       "TestExecSMTPUTF8Capabilities/direct_starttls/capable=false/eight_bit_body_only",
2026-10-09T04:10:30.6894504Z       "TestExecSMTPUTF8Capabilities/direct_starttls/capable=false/encoded_headers_body_and_attachment",
2026-10-09T04:10:30.6895040Z       "TestExecSMTPUTF8Capabilities/direct_starttls/capable=false/unicode_domain_envelope_only",
2026-10-09T04:10:30.6895429Z       "TestExecSMTPUTF8Capabilities/direct_starttls/capable=false/unicode_last_bcc",
2026-10-09T04:10:30.6895872Z       "TestExecSMTPUTF8Capabilities/direct_starttls/capable=false/unicode_recipient_envelope_only",
2026-10-09T04:10:30.6896293Z       "TestExecSMTPUTF8Capabilities/direct_starttls/capable=false/unicode_sender_envelope_only",
2026-10-09T04:10:30.6896687Z       "TestExecSMTPUTF8Capabilities/direct_starttls/capable=false/unicode_top_level_header",
2026-10-09T04:10:30.6897057Z       "TestExecSMTPUTF8Capabilities/direct_starttls/capable=true/ascii_quoted_alabel",
2026-10-09T04:10:30.6897430Z       "TestExecSMTPUTF8Capabilities/direct_starttls/capable=true/eight_bit_body_only",
2026-10-09T04:10:30.6897879Z       "TestExecSMTPUTF8Capabilities/direct_starttls/capable=true/encoded_headers_body_and_attachment",
2026-10-09T04:10:30.6898418Z       "TestExecSMTPUTF8Capabilities/direct_starttls/capable=true/unicode_domain_envelope_only",
2026-10-09T04:10:30.6898781Z       "TestExecSMTPUTF8Capabilities/direct_starttls/capable=true/unicode_last_bcc",
2026-10-09T04:10:30.6899209Z       "TestExecSMTPUTF8Capabilities/direct_starttls/capable=true/unicode_recipient_envelope_only",
2026-10-09T04:10:30.6899624Z       "TestExecSMTPUTF8Capabilities/direct_starttls/capable=true/unicode_sender_envelope_only",
2026-10-09T04:10:30.6900023Z       "TestExecSMTPUTF8Capabilities/direct_starttls/capable=true/unicode_top_level_header",
2026-10-09T04:10:30.6900411Z       "TestExecSMTPUTF8Capabilities/relay_implicit_tls/capable=false/ascii_quoted_alabel",
2026-10-09T04:10:30.6900812Z       "TestExecSMTPUTF8Capabilities/relay_implicit_tls/capable=false/eight_bit_body_only",
2026-10-09T04:10:30.6901293Z       "TestExecSMTPUTF8Capabilities/relay_implicit_tls/capable=false/encoded_headers_body_and_attachment",
2026-10-09T04:10:30.6901730Z       "TestExecSMTPUTF8Capabilities/relay_implicit_tls/capable=false/unicode_domain_envelope_only",
2026-10-09T04:10:30.6902111Z       "TestExecSMTPUTF8Capabilities/relay_implicit_tls/capable=false/unicode_last_bcc",
2026-10-09T04:10:30.6902565Z       "TestExecSMTPUTF8Capabilities/relay_implicit_tls/capable=false/unicode_recipient_envelope_only",
2026-10-09T04:10:30.6902995Z       "TestExecSMTPUTF8Capabilities/relay_implicit_tls/capable=false/unicode_sender_envelope_only",
2026-10-09T04:10:30.6903413Z       "TestExecSMTPUTF8Capabilities/relay_implicit_tls/capable=false/unicode_top_level_header",
2026-10-09T04:10:30.6903799Z       "TestExecSMTPUTF8Capabilities/relay_implicit_tls/capable=true/ascii_quoted_alabel",
2026-10-09T04:10:30.6904182Z       "TestExecSMTPUTF8Capabilities/relay_implicit_tls/capable=true/eight_bit_body_only",
2026-10-09T04:10:30.6904668Z       "TestExecSMTPUTF8Capabilities/relay_implicit_tls/capable=true/encoded_headers_body_and_attachment",
2026-10-09T04:10:30.6905212Z       "TestExecSMTPUTF8Capabilities/relay_implicit_tls/capable=true/unicode_domain_envelope_only",
2026-10-09T04:10:30.6905582Z       "TestExecSMTPUTF8Capabilities/relay_implicit_tls/capable=true/unicode_last_bcc",
2026-10-09T04:10:30.6906033Z       "TestExecSMTPUTF8Capabilities/relay_implicit_tls/capable=true/unicode_recipient_envelope_only",
2026-10-09T04:10:30.6906464Z       "TestExecSMTPUTF8Capabilities/relay_implicit_tls/capable=true/unicode_sender_envelope_only",
2026-10-09T04:10:30.6906870Z       "TestExecSMTPUTF8Capabilities/relay_implicit_tls/capable=true/unicode_top_level_header",
2026-10-09T04:10:30.6907226Z       "TestExecSMTPUTF8Capabilities/relay_plain/capable=false/ascii_quoted_alabel",
2026-10-09T04:10:30.6907582Z       "TestExecSMTPUTF8Capabilities/relay_plain/capable=false/eight_bit_body_only",
2026-10-09T04:10:30.6908126Z       "TestExecSMTPUTF8Capabilities/relay_plain/capable=false/encoded_headers_body_and_attachment",
2026-10-09T04:10:30.6908534Z       "TestExecSMTPUTF8Capabilities/relay_plain/capable=false/unicode_domain_envelope_only",
2026-10-09T04:10:30.6908880Z       "TestExecSMTPUTF8Capabilities/relay_plain/capable=false/unicode_last_bcc",
2026-10-09T04:10:30.6909294Z       "TestExecSMTPUTF8Capabilities/relay_plain/capable=false/unicode_recipient_envelope_only",
2026-10-09T04:10:30.6909694Z       "TestExecSMTPUTF8Capabilities/relay_plain/capable=false/unicode_sender_envelope_only",
2026-10-09T04:10:30.6910074Z       "TestExecSMTPUTF8Capabilities/relay_plain/capable=false/unicode_top_level_header",
2026-10-09T04:10:30.6910423Z       "TestExecSMTPUTF8Capabilities/relay_plain/capable=true/ascii_quoted_alabel",
2026-10-09T04:10:30.6910775Z       "TestExecSMTPUTF8Capabilities/relay_plain/capable=true/eight_bit_body_only",
2026-10-09T04:10:30.6911209Z       "TestExecSMTPUTF8Capabilities/relay_plain/capable=true/encoded_headers_body_and_attachment",
2026-10-09T04:10:30.6911602Z       "TestExecSMTPUTF8Capabilities/relay_plain/capable=true/unicode_domain_envelope_only",
2026-10-09T04:10:30.6911941Z       "TestExecSMTPUTF8Capabilities/relay_plain/capable=true/unicode_last_bcc",
2026-10-09T04:10:30.6912506Z       "TestExecSMTPUTF8Capabilities/relay_plain/capable=true/unicode_recipient_envelope_only",
2026-10-09T04:10:30.6912895Z       "TestExecSMTPUTF8Capabilities/relay_plain/capable=true/unicode_sender_envelope_only",
2026-10-09T04:10:30.6913272Z       "TestExecSMTPUTF8Capabilities/relay_plain/capable=true/unicode_top_level_header",
2026-10-09T04:10:30.6913641Z       "TestExecSMTPUTF8Capabilities/relay_starttls/capable=false/ascii_quoted_alabel",
2026-10-09T04:10:30.6914004Z       "TestExecSMTPUTF8Capabilities/relay_starttls/capable=false/eight_bit_body_only",
2026-10-09T04:10:30.6914467Z       "TestExecSMTPUTF8Capabilities/relay_starttls/capable=false/encoded_headers_body_and_attachment",
2026-10-09T04:10:30.6915008Z       "TestExecSMTPUTF8Capabilities/relay_starttls/capable=false/unicode_domain_envelope_only",
2026-10-09T04:10:30.6915363Z       "TestExecSMTPUTF8Capabilities/relay_starttls/capable=false/unicode_last_bcc",
2026-10-09T04:10:30.6915802Z       "TestExecSMTPUTF8Capabilities/relay_starttls/capable=false/unicode_recipient_envelope_only",
2026-10-09T04:10:30.6916219Z       "TestExecSMTPUTF8Capabilities/relay_starttls/capable=false/unicode_sender_envelope_only",
2026-10-09T04:10:30.6916610Z       "TestExecSMTPUTF8Capabilities/relay_starttls/capable=false/unicode_top_level_header",
2026-10-09T04:10:30.6916975Z       "TestExecSMTPUTF8Capabilities/relay_starttls/capable=true/ascii_quoted_alabel",
2026-10-09T04:10:30.6917342Z       "TestExecSMTPUTF8Capabilities/relay_starttls/capable=true/eight_bit_body_only",
2026-10-09T04:10:30.6917782Z       "TestExecSMTPUTF8Capabilities/relay_starttls/capable=true/encoded_headers_body_and_attachment",
2026-10-09T04:10:30.6918200Z       "TestExecSMTPUTF8Capabilities/relay_starttls/capable=true/unicode_domain_envelope_only",
2026-10-09T04:10:30.6918551Z       "TestExecSMTPUTF8Capabilities/relay_starttls/capable=true/unicode_last_bcc",
2026-10-09T04:10:30.6918976Z       "TestExecSMTPUTF8Capabilities/relay_starttls/capable=true/unicode_recipient_envelope_only",
2026-10-09T04:10:30.6919390Z       "TestExecSMTPUTF8Capabilities/relay_starttls/capable=true/unicode_sender_envelope_only",
2026-10-09T04:10:30.6919784Z       "TestExecSMTPUTF8Capabilities/relay_starttls/capable=true/unicode_top_level_header",
2026-10-09T04:10:30.6920079Z       "TestExecSMTPUTF8HELOFallback/direct_plain/ascii_quoted_alabel",
2026-10-09T04:10:30.6920420Z       "TestExecSMTPUTF8HELOFallback/direct_plain/unicode_sender_envelope_only",
2026-10-09T04:10:30.6920712Z       "TestExecSMTPUTF8HELOFallback/relay_plain/ascii_quoted_alabel",
2026-10-09T04:10:30.6921043Z       "TestExecSMTPUTF8HELOFallback/relay_plain/unicode_sender_envelope_only",
2026-10-09T04:10:30.6921709Z       "TestExecSMTPUTF8RefreshAfterSTARTTLS/direct_starttls/final_capable=false/encoded_headers_body_and_attachment",
2026-10-09T04:10:30.6922157Z       "TestExecSMTPUTF8RefreshAfterSTARTTLS/direct_starttls/final_capable=false/unicode_last_bcc",
2026-10-09T04:10:30.6922688Z       "TestExecSMTPUTF8RefreshAfterSTARTTLS/direct_starttls/final_capable=true/encoded_headers_body_and_attachment",
2026-10-09T04:10:30.6923126Z       "TestExecSMTPUTF8RefreshAfterSTARTTLS/direct_starttls/final_capable=true/unicode_last_bcc",
2026-10-09T04:10:30.6923651Z       "TestExecSMTPUTF8RefreshAfterSTARTTLS/relay_starttls/final_capable=false/encoded_headers_body_and_attachment",
2026-10-09T04:10:30.6924078Z       "TestExecSMTPUTF8RefreshAfterSTARTTLS/relay_starttls/final_capable=false/unicode_last_bcc",
2026-10-09T04:10:30.6924605Z       "TestExecSMTPUTF8RefreshAfterSTARTTLS/relay_starttls/final_capable=true/encoded_headers_body_and_attachment",
2026-10-09T04:10:30.6925146Z       "TestExecSMTPUTF8RefreshAfterSTARTTLS/relay_starttls/final_capable=true/unicode_last_bcc",
2026-10-09T04:10:30.6925511Z       "TestExecSMTPUTF8SubmissionRecipientLedger/direct_plain/capable=false/bcc",
2026-10-09T04:10:30.6925866Z       "TestExecSMTPUTF8SubmissionRecipientLedger/direct_plain/capable=false/cc",
2026-10-09T04:10:30.6926359Z       "TestExecSMTPUTF8SubmissionRecipientLedger/direct_plain/capable=false/header",
2026-10-09T04:10:30.6926707Z       "TestExecSMTPUTF8SubmissionRecipientLedger/direct_plain/capable=false/to",
2026-10-09T04:10:30.6927058Z       "TestExecSMTPUTF8SubmissionRecipientLedger/direct_plain/capable=true/bcc",
2026-10-09T04:10:30.6927404Z       "TestExecSMTPUTF8SubmissionRecipientLedger/direct_plain/capable=true/cc",
2026-10-09T04:10:30.6927766Z       "TestExecSMTPUTF8SubmissionRecipientLedger/direct_plain/capable=true/header",
2026-10-09T04:10:30.6928111Z       "TestExecSMTPUTF8SubmissionRecipientLedger/direct_plain/capable=true/to",
2026-10-09T04:10:30.6928454Z       "TestExecSMTPUTF8SubmissionRecipientLedger/relay_plain/capable=false/bcc",
2026-10-09T04:10:30.6928804Z       "TestExecSMTPUTF8SubmissionRecipientLedger/relay_plain/capable=false/cc",
2026-10-09T04:10:30.6929171Z       "TestExecSMTPUTF8SubmissionRecipientLedger/relay_plain/capable=false/header",
2026-10-09T04:10:30.6929510Z       "TestExecSMTPUTF8SubmissionRecipientLedger/relay_plain/capable=false/to",
2026-10-09T04:10:30.6929861Z       "TestExecSMTPUTF8SubmissionRecipientLedger/relay_plain/capable=true/bcc",
2026-10-09T04:10:30.6930203Z       "TestExecSMTPUTF8SubmissionRecipientLedger/relay_plain/capable=true/cc",
2026-10-09T04:10:30.6930560Z       "TestExecSMTPUTF8SubmissionRecipientLedger/relay_plain/capable=true/header",
2026-10-09T04:10:30.6930905Z       "TestExecSMTPUTF8SubmissionRecipientLedger/relay_plain/capable=true/to",
2026-10-09T04:10:30.6931122Z       "TestExecSMTPUTF8TriesNextMXBeforeSending"
2026-10-09T04:10:30.6931212Z     ],
2026-10-09T04:10:30.6931332Z     "leaf_count": 109,
2026-10-09T04:10:30.6931444Z     "passed": 109,
2026-10-09T04:10:30.6931543Z     "failed": 0,
2026-10-09T04:10:30.6931648Z     "skipped": 0,
2026-10-09T04:10:30.6931760Z     "exit_code": 0,
2026-10-09T04:10:30.6931903Z     "actual_wire_observations": []
2026-10-09T04:10:30.6931983Z   }
2026-10-09T04:10:30.6932059Z }
2026-10-09T04:10:30.6932065Z 
2026-10-09T04:10:30.6932197Z EXEC09_RAW_END candidate/verified.json
2026-10-09T04:10:30.6932307Z EXEC09_RAW_BEGIN summary.json
2026-10-09T04:10:30.6932380Z {
2026-10-09T04:10:30.6932574Z   "baseline": "ff43326e81f262daaac7b3dfd8b3047a8f51743b",
2026-10-09T04:10:30.6932867Z   "test_sha256": "03047b4ba6b9c4590e032dfc58eeada6750e3b2e4c7aa80b96859ab98354e372",
2026-10-09T04:10:30.6932960Z   "results": {
2026-10-09T04:10:30.6933068Z     "baseline": {
2026-10-09T04:10:30.6933182Z       "before": {
2026-10-09T04:10:30.6933445Z         "commit": "6a5e3dce6a117082fc0ace2cb06bd5cc3bb45a0b",
2026-10-09T04:10:30.6933699Z         "tree": "3a3121e5aaffc5240894b9a18f3941c957330929",
2026-10-09T04:10:30.6934095Z         "test_sha256": "03047b4ba6b9c4590e032dfc58eeada6750e3b2e4c7aa80b96859ab98354e372"
2026-10-09T04:10:30.6934191Z       },
2026-10-09T04:10:30.6934412Z       "after": {
2026-10-09T04:10:30.6934672Z         "commit": "6a5e3dce6a117082fc0ace2cb06bd5cc3bb45a0b",
2026-10-09T04:10:30.6935020Z         "tree": "3a3121e5aaffc5240894b9a18f3941c957330929",
2026-10-09T04:10:30.6935428Z         "test_sha256": "03047b4ba6b9c4590e032dfc58eeada6750e3b2e4c7aa80b96859ab98354e372"
2026-10-09T04:10:30.6935517Z       },
2026-10-09T04:10:30.6935634Z       "command": [
2026-10-09T04:10:30.6935742Z         "go",
2026-10-09T04:10:30.6935846Z         "test",
2026-10-09T04:10:30.6935986Z         "-mod=readonly",
2026-10-09T04:10:30.6936093Z         "-json",
2026-10-09T04:10:30.6936208Z         "-race",
2026-10-09T04:10:30.6936316Z         "-p",
2026-10-09T04:10:30.6936413Z         "1",
2026-10-09T04:10:30.6936533Z         "-count=1",
2026-10-09T04:10:30.6936669Z         "-timeout=120s",
2026-10-09T04:10:30.6936771Z         "-run",
2026-10-09T04:10:30.6936922Z         "^TestExecSMTPUTF8",
2026-10-09T04:10:30.6937065Z         "./internal/outbound"
2026-10-09T04:10:30.6937165Z       ],
2026-10-09T04:10:30.6937289Z       "exit_code": 1,
2026-10-09T04:10:30.6937414Z       "timed_out": false,
2026-10-09T04:10:30.6937802Z       "stdout_sha256": "7117cb65c4fc2dafb1ad7db5daffb4c6a5208a050fcff283340773d5b17ca7a0",
2026-10-09T04:10:30.6938295Z       "stderr_sha256": "e3b0c44298fc1c149afbf4c8996fb92427ae41e4649b934ca495991b7852b855",
2026-10-09T04:10:30.6938405Z       "results": {
2026-10-09T04:10:30.6938538Z         "started_ids": [
2026-10-09T04:10:30.6938748Z           "TestExecSMTPUTF8Capabilities",
2026-10-09T04:10:30.6939190Z           "TestExecSMTPUTF8Capabilities/direct_plain/capable=false/ascii_quoted_alabel",
2026-10-09T04:10:30.6939631Z           "TestExecSMTPUTF8Capabilities/direct_plain/capable=false/eight_bit_body_only",
2026-10-09T04:10:30.6940178Z           "TestExecSMTPUTF8Capabilities/direct_plain/capable=false/encoded_headers_body_and_attachment",
2026-10-09T04:10:30.6940681Z           "TestExecSMTPUTF8Capabilities/direct_plain/capable=false/unicode_domain_envelope_only",
2026-10-09T04:10:30.6941104Z           "TestExecSMTPUTF8Capabilities/direct_plain/capable=false/unicode_last_bcc",
2026-10-09T04:10:30.6941624Z           "TestExecSMTPUTF8Capabilities/direct_plain/capable=false/unicode_recipient_envelope_only",
2026-10-09T04:10:30.6942121Z           "TestExecSMTPUTF8Capabilities/direct_plain/capable=false/unicode_sender_envelope_only",
2026-10-09T04:10:30.6942593Z           "TestExecSMTPUTF8Capabilities/direct_plain/capable=false/unicode_top_level_header",
2026-10-09T04:10:30.6943028Z           "TestExecSMTPUTF8Capabilities/direct_plain/capable=true/ascii_quoted_alabel",
2026-10-09T04:10:30.6943459Z           "TestExecSMTPUTF8Capabilities/direct_plain/capable=true/eight_bit_body_only",
2026-10-09T04:10:30.6943993Z           "TestExecSMTPUTF8Capabilities/direct_plain/capable=true/encoded_headers_body_and_attachment",
2026-10-09T04:10:30.6944486Z           "TestExecSMTPUTF8Capabilities/direct_plain/capable=true/unicode_domain_envelope_only",
2026-10-09T04:10:30.6945016Z           "TestExecSMTPUTF8Capabilities/direct_plain/capable=true/unicode_last_bcc",
2026-10-09T04:10:30.6945533Z           "TestExecSMTPUTF8Capabilities/direct_plain/capable=true/unicode_recipient_envelope_only",
2026-10-09T04:10:30.6946027Z           "TestExecSMTPUTF8Capabilities/direct_plain/capable=true/unicode_sender_envelope_only",
2026-10-09T04:10:30.6946487Z           "TestExecSMTPUTF8Capabilities/direct_plain/capable=true/unicode_top_level_header",
2026-10-09T04:10:30.6946946Z           "TestExecSMTPUTF8Capabilities/direct_starttls/capable=false/ascii_quoted_alabel",
2026-10-09T04:10:30.6947408Z           "TestExecSMTPUTF8Capabilities/direct_starttls/capable=false/eight_bit_body_only",
2026-10-09T04:10:30.6947965Z           "TestExecSMTPUTF8Capabilities/direct_starttls/capable=false/encoded_headers_body_and_attachment",
2026-10-09T04:10:30.6948484Z           "TestExecSMTPUTF8Capabilities/direct_starttls/capable=false/unicode_domain_envelope_only",
2026-10-09T04:10:30.6949036Z           "TestExecSMTPUTF8Capabilities/direct_starttls/capable=false/unicode_last_bcc",
2026-10-09T04:10:30.6949568Z           "TestExecSMTPUTF8Capabilities/direct_starttls/capable=false/unicode_recipient_envelope_only",
2026-10-09T04:10:30.6950085Z           "TestExecSMTPUTF8Capabilities/direct_starttls/capable=false/unicode_sender_envelope_only",
2026-10-09T04:10:30.6950572Z           "TestExecSMTPUTF8Capabilities/direct_starttls/capable=false/unicode_top_level_header",
2026-10-09T04:10:30.6951019Z           "TestExecSMTPUTF8Capabilities/direct_starttls/capable=true/ascii_quoted_alabel",
2026-10-09T04:10:30.6951471Z           "TestExecSMTPUTF8Capabilities/direct_starttls/capable=true/eight_bit_body_only",
2026-10-09T04:10:30.6952025Z           "TestExecSMTPUTF8Capabilities/direct_starttls/capable=true/encoded_headers_body_and_attachment",
2026-10-09T04:10:30.6952531Z           "TestExecSMTPUTF8Capabilities/direct_starttls/capable=true/unicode_domain_envelope_only",
2026-10-09T04:10:30.6952968Z           "TestExecSMTPUTF8Capabilities/direct_starttls/capable=true/unicode_last_bcc",
2026-10-09T04:10:30.6953497Z           "TestExecSMTPUTF8Capabilities/direct_starttls/capable=true/unicode_recipient_envelope_only",
2026-10-09T04:10:30.6954105Z           "TestExecSMTPUTF8Capabilities/direct_starttls/capable=true/unicode_sender_envelope_only",
2026-10-09T04:10:30.6954593Z           "TestExecSMTPUTF8Capabilities/direct_starttls/capable=true/unicode_top_level_header",
2026-10-09T04:10:30.6955182Z           "TestExecSMTPUTF8Capabilities/relay_implicit_tls/capable=false/ascii_quoted_alabel",
2026-10-09T04:10:30.6955667Z           "TestExecSMTPUTF8Capabilities/relay_implicit_tls/capable=false/eight_bit_body_only",
2026-10-09T04:10:30.6956246Z           "TestExecSMTPUTF8Capabilities/relay_implicit_tls/capable=false/encoded_headers_body_and_attachment",
2026-10-09T04:10:30.6956783Z           "TestExecSMTPUTF8Capabilities/relay_implicit_tls/capable=false/unicode_domain_envelope_only",
2026-10-09T04:10:30.6957242Z           "TestExecSMTPUTF8Capabilities/relay_implicit_tls/capable=false/unicode_last_bcc",
2026-10-09T04:10:30.6957794Z           "TestExecSMTPUTF8Capabilities/relay_implicit_tls/capable=false/unicode_recipient_envelope_only",
2026-10-09T04:10:30.6958329Z           "TestExecSMTPUTF8Capabilities/relay_implicit_tls/capable=false/unicode_sender_envelope_only",
2026-10-09T04:10:30.6958832Z           "TestExecSMTPUTF8Capabilities/relay_implicit_tls/capable=false/unicode_top_level_header",
2026-10-09T04:10:30.6959305Z           "TestExecSMTPUTF8Capabilities/relay_implicit_tls/capable=true/ascii_quoted_alabel",
2026-10-09T04:10:30.6959778Z           "TestExecSMTPUTF8Capabilities/relay_implicit_tls/capable=true/eight_bit_body_only",
2026-10-09T04:10:30.6960344Z           "TestExecSMTPUTF8Capabilities/relay_implicit_tls/capable=true/encoded_headers_body_and_attachment",
2026-10-09T04:10:30.6960875Z           "TestExecSMTPUTF8Capabilities/relay_implicit_tls/capable=true/unicode_domain_envelope_only",
2026-10-09T04:10:30.6961335Z           "TestExecSMTPUTF8Capabilities/relay_implicit_tls/capable=true/unicode_last_bcc",
2026-10-09T04:10:30.6961880Z           "TestExecSMTPUTF8Capabilities/relay_implicit_tls/capable=true/unicode_recipient_envelope_only",
2026-10-09T04:10:30.6962409Z           "TestExecSMTPUTF8Capabilities/relay_implicit_tls/capable=true/unicode_sender_envelope_only",
2026-10-09T04:10:30.6962916Z           "TestExecSMTPUTF8Capabilities/relay_implicit_tls/capable=true/unicode_top_level_header",
2026-10-09T04:10:30.6963346Z           "TestExecSMTPUTF8Capabilities/relay_plain/capable=false/ascii_quoted_alabel",
2026-10-09T04:10:30.6963782Z           "TestExecSMTPUTF8Capabilities/relay_plain/capable=false/eight_bit_body_only",
2026-10-09T04:10:30.6964314Z           "TestExecSMTPUTF8Capabilities/relay_plain/capable=false/encoded_headers_body_and_attachment",
2026-10-09T04:10:30.6964805Z           "TestExecSMTPUTF8Capabilities/relay_plain/capable=false/unicode_domain_envelope_only",
2026-10-09T04:10:30.6965446Z           "TestExecSMTPUTF8Capabilities/relay_plain/capable=false/unicode_last_bcc",
2026-10-09T04:10:30.6965963Z           "TestExecSMTPUTF8Capabilities/relay_plain/capable=false/unicode_recipient_envelope_only",
2026-10-09T04:10:30.6966451Z           "TestExecSMTPUTF8Capabilities/relay_plain/capable=false/unicode_sender_envelope_only",
2026-10-09T04:10:30.6966922Z           "TestExecSMTPUTF8Capabilities/relay_plain/capable=false/unicode_top_level_header",
2026-10-09T04:10:30.6967353Z           "TestExecSMTPUTF8Capabilities/relay_plain/capable=true/ascii_quoted_alabel",
2026-10-09T04:10:30.6967777Z           "TestExecSMTPUTF8Capabilities/relay_plain/capable=true/eight_bit_body_only",
2026-10-09T04:10:30.6968301Z           "TestExecSMTPUTF8Capabilities/relay_plain/capable=true/encoded_headers_body_and_attachment",
2026-10-09T04:10:30.6968785Z           "TestExecSMTPUTF8Capabilities/relay_plain/capable=true/unicode_domain_envelope_only",
2026-10-09T04:10:30.6969197Z           "TestExecSMTPUTF8Capabilities/relay_plain/capable=true/unicode_last_bcc",
2026-10-09T04:10:30.6969701Z           "TestExecSMTPUTF8Capabilities/relay_plain/capable=true/unicode_recipient_envelope_only",
2026-10-09T04:10:30.6970182Z           "TestExecSMTPUTF8Capabilities/relay_plain/capable=true/unicode_sender_envelope_only",
2026-10-09T04:10:30.6970747Z           "TestExecSMTPUTF8Capabilities/relay_plain/capable=true/unicode_top_level_header",
2026-10-09T04:10:30.6971200Z           "TestExecSMTPUTF8Capabilities/relay_starttls/capable=false/ascii_quoted_alabel",
2026-10-09T04:10:30.6971654Z           "TestExecSMTPUTF8Capabilities/relay_starttls/capable=false/eight_bit_body_only",
2026-10-09T04:10:30.6972197Z           "TestExecSMTPUTF8Capabilities/relay_starttls/capable=false/encoded_headers_body_and_attachment",
2026-10-09T04:10:30.6972708Z           "TestExecSMTPUTF8Capabilities/relay_starttls/capable=false/unicode_domain_envelope_only",
2026-10-09T04:10:30.6973138Z           "TestExecSMTPUTF8Capabilities/relay_starttls/capable=false/unicode_last_bcc",
2026-10-09T04:10:30.6973665Z           "TestExecSMTPUTF8Capabilities/relay_starttls/capable=false/unicode_recipient_envelope_only",
2026-10-09T04:10:30.6974173Z           "TestExecSMTPUTF8Capabilities/relay_starttls/capable=false/unicode_sender_envelope_only",
2026-10-09T04:10:30.6974661Z           "TestExecSMTPUTF8Capabilities/relay_starttls/capable=false/unicode_top_level_header",
2026-10-09T04:10:30.6975213Z           "TestExecSMTPUTF8Capabilities/relay_starttls/capable=true/ascii_quoted_alabel",
2026-10-09T04:10:30.6975664Z           "TestExecSMTPUTF8Capabilities/relay_starttls/capable=true/eight_bit_body_only",
2026-10-09T04:10:30.6976207Z           "TestExecSMTPUTF8Capabilities/relay_starttls/capable=true/encoded_headers_body_and_attachment",
2026-10-09T04:10:30.6976705Z           "TestExecSMTPUTF8Capabilities/relay_starttls/capable=true/unicode_domain_envelope_only",
2026-10-09T04:10:30.6977133Z           "TestExecSMTPUTF8Capabilities/relay_starttls/capable=true/unicode_last_bcc",
2026-10-09T04:10:30.6977660Z           "TestExecSMTPUTF8Capabilities/relay_starttls/capable=true/unicode_recipient_envelope_only",
2026-10-09T04:10:30.6978152Z           "TestExecSMTPUTF8Capabilities/relay_starttls/capable=true/unicode_sender_envelope_only",
2026-10-09T04:10:30.6978639Z           "TestExecSMTPUTF8Capabilities/relay_starttls/capable=true/unicode_top_level_header",
2026-10-09T04:10:30.6978842Z           "TestExecSMTPUTF8HELOFallback",
2026-10-09T04:10:30.6979209Z           "TestExecSMTPUTF8HELOFallback/direct_plain/ascii_quoted_alabel",
2026-10-09T04:10:30.6979628Z           "TestExecSMTPUTF8HELOFallback/direct_plain/unicode_sender_envelope_only",
2026-10-09T04:10:30.6979980Z           "TestExecSMTPUTF8HELOFallback/relay_plain/ascii_quoted_alabel",
2026-10-09T04:10:30.6980395Z           "TestExecSMTPUTF8HELOFallback/relay_plain/unicode_sender_envelope_only",
2026-10-09T04:10:30.6980644Z           "TestExecSMTPUTF8RefreshAfterSTARTTLS",
2026-10-09T04:10:30.6981408Z           "TestExecSMTPUTF8RefreshAfterSTARTTLS/direct_starttls/final_capable=false/encoded_headers_body_and_attachment",
2026-10-09T04:10:30.6981948Z           "TestExecSMTPUTF8RefreshAfterSTARTTLS/direct_starttls/final_capable=false/unicode_last_bcc",
2026-10-09T04:10:30.6982593Z           "TestExecSMTPUTF8RefreshAfterSTARTTLS/direct_starttls/final_capable=true/encoded_headers_body_and_attachment",
2026-10-09T04:10:30.6983114Z           "TestExecSMTPUTF8RefreshAfterSTARTTLS/direct_starttls/final_capable=true/unicode_last_bcc",
2026-10-09T04:10:30.6983750Z           "TestExecSMTPUTF8RefreshAfterSTARTTLS/relay_starttls/final_capable=false/encoded_headers_body_and_attachment",
2026-10-09T04:10:30.6984277Z           "TestExecSMTPUTF8RefreshAfterSTARTTLS/relay_starttls/final_capable=false/unicode_last_bcc",
2026-10-09T04:10:30.6985009Z           "TestExecSMTPUTF8RefreshAfterSTARTTLS/relay_starttls/final_capable=true/encoded_headers_body_and_attachment",
2026-10-09T04:10:30.6985533Z           "TestExecSMTPUTF8RefreshAfterSTARTTLS/relay_starttls/final_capable=true/unicode_last_bcc",
2026-10-09T04:10:30.6985815Z           "TestExecSMTPUTF8SubmissionRecipientLedger",
2026-10-09T04:10:30.6986251Z           "TestExecSMTPUTF8SubmissionRecipientLedger/direct_plain/capable=false/bcc",
2026-10-09T04:10:30.6986803Z           "TestExecSMTPUTF8SubmissionRecipientLedger/direct_plain/capable=false/cc",
2026-10-09T04:10:30.6987255Z           "TestExecSMTPUTF8SubmissionRecipientLedger/direct_plain/capable=false/header",
2026-10-09T04:10:30.6987678Z           "TestExecSMTPUTF8SubmissionRecipientLedger/direct_plain/capable=false/to",
2026-10-09T04:10:30.6988107Z           "TestExecSMTPUTF8SubmissionRecipientLedger/direct_plain/capable=true/bcc",
2026-10-09T04:10:30.6988528Z           "TestExecSMTPUTF8SubmissionRecipientLedger/direct_plain/capable=true/cc",
2026-10-09T04:10:30.6988967Z           "TestExecSMTPUTF8SubmissionRecipientLedger/direct_plain/capable=true/header",
2026-10-09T04:10:30.6989392Z           "TestExecSMTPUTF8SubmissionRecipientLedger/direct_plain/capable=true/to",
2026-10-09T04:10:30.6989819Z           "TestExecSMTPUTF8SubmissionRecipientLedger/relay_plain/capable=false/bcc",
2026-10-09T04:10:30.6990232Z           "TestExecSMTPUTF8SubmissionRecipientLedger/relay_plain/capable=false/cc",
2026-10-09T04:10:30.6990689Z           "TestExecSMTPUTF8SubmissionRecipientLedger/relay_plain/capable=false/header",
2026-10-09T04:10:30.6991115Z           "TestExecSMTPUTF8SubmissionRecipientLedger/relay_plain/capable=false/to",
2026-10-09T04:10:30.6991529Z           "TestExecSMTPUTF8SubmissionRecipientLedger/relay_plain/capable=true/bcc",
2026-10-09T04:10:30.6991949Z           "TestExecSMTPUTF8SubmissionRecipientLedger/relay_plain/capable=true/cc",
2026-10-09T04:10:30.6992390Z           "TestExecSMTPUTF8SubmissionRecipientLedger/relay_plain/capable=true/header",
2026-10-09T04:10:30.6992800Z           "TestExecSMTPUTF8SubmissionRecipientLedger/relay_plain/capable=true/to",
2026-10-09T04:10:30.6993063Z           "TestExecSMTPUTF8TriesNextMXBeforeSending"
2026-10-09T04:10:30.6993169Z         ],
2026-10-09T04:10:30.6993296Z         "leaf_ids": [
2026-10-09T04:10:30.6993737Z           "TestExecSMTPUTF8Capabilities/direct_plain/capable=false/ascii_quoted_alabel",
2026-10-09T04:10:30.6994180Z           "TestExecSMTPUTF8Capabilities/direct_plain/capable=false/eight_bit_body_only",
2026-10-09T04:10:30.6994720Z           "TestExecSMTPUTF8Capabilities/direct_plain/capable=false/encoded_headers_body_and_attachment",
2026-10-09T04:10:30.6995372Z           "TestExecSMTPUTF8Capabilities/direct_plain/capable=false/unicode_domain_envelope_only",
2026-10-09T04:10:30.6995798Z           "TestExecSMTPUTF8Capabilities/direct_plain/capable=false/unicode_last_bcc",
2026-10-09T04:10:30.6996314Z           "TestExecSMTPUTF8Capabilities/direct_plain/capable=false/unicode_recipient_envelope_only",
2026-10-09T04:10:30.6996812Z           "TestExecSMTPUTF8Capabilities/direct_plain/capable=false/unicode_sender_envelope_only",
2026-10-09T04:10:30.6997407Z           "TestExecSMTPUTF8Capabilities/direct_plain/capable=false/unicode_top_level_header",
2026-10-09T04:10:30.6997839Z           "TestExecSMTPUTF8Capabilities/direct_plain/capable=true/ascii_quoted_alabel",
2026-10-09T04:10:30.6998277Z           "TestExecSMTPUTF8Capabilities/direct_plain/capable=true/eight_bit_body_only",
2026-10-09T04:10:30.6998816Z           "TestExecSMTPUTF8Capabilities/direct_plain/capable=true/encoded_headers_body_and_attachment",
2026-10-09T04:10:30.6999305Z           "TestExecSMTPUTF8Capabilities/direct_plain/capable=true/unicode_domain_envelope_only",
2026-10-09T04:10:30.6999723Z           "TestExecSMTPUTF8Capabilities/direct_plain/capable=true/unicode_last_bcc",
2026-10-09T04:10:30.7000234Z           "TestExecSMTPUTF8Capabilities/direct_plain/capable=true/unicode_recipient_envelope_only",
2026-10-09T04:10:30.7000718Z           "TestExecSMTPUTF8Capabilities/direct_plain/capable=true/unicode_sender_envelope_only",
2026-10-09T04:10:30.7001185Z           "TestExecSMTPUTF8Capabilities/direct_plain/capable=true/unicode_top_level_header",
2026-10-09T04:10:30.7001650Z           "TestExecSMTPUTF8Capabilities/direct_starttls/capable=false/ascii_quoted_alabel",
2026-10-09T04:10:30.7002106Z           "TestExecSMTPUTF8Capabilities/direct_starttls/capable=false/eight_bit_body_only",
2026-10-09T04:10:30.7002795Z           "TestExecSMTPUTF8Capabilities/direct_starttls/capable=false/encoded_headers_body_and_attachment",
2026-10-09T04:10:30.7003315Z           "TestExecSMTPUTF8Capabilities/direct_starttls/capable=false/unicode_domain_envelope_only",
2026-10-09T04:10:30.7003749Z           "TestExecSMTPUTF8Capabilities/direct_starttls/capable=false/unicode_last_bcc",
2026-10-09T04:10:30.7004285Z           "TestExecSMTPUTF8Capabilities/direct_starttls/capable=false/unicode_recipient_envelope_only",
2026-10-09T04:10:30.7004800Z           "TestExecSMTPUTF8Capabilities/direct_starttls/capable=false/unicode_sender_envelope_only",
2026-10-09T04:10:30.7005399Z           "TestExecSMTPUTF8Capabilities/direct_starttls/capable=false/unicode_top_level_header",
2026-10-09T04:10:30.7005861Z           "TestExecSMTPUTF8Capabilities/direct_starttls/capable=true/ascii_quoted_alabel",
2026-10-09T04:10:30.7006314Z           "TestExecSMTPUTF8Capabilities/direct_starttls/capable=true/eight_bit_body_only",
2026-10-09T04:10:30.7006867Z           "TestExecSMTPUTF8Capabilities/direct_starttls/capable=true/encoded_headers_body_and_attachment",
2026-10-09T04:10:30.7007376Z           "TestExecSMTPUTF8Capabilities/direct_starttls/capable=true/unicode_domain_envelope_only",
2026-10-09T04:10:30.7007808Z           "TestExecSMTPUTF8Capabilities/direct_starttls/capable=true/unicode_last_bcc",
2026-10-09T04:10:30.7008332Z           "TestExecSMTPUTF8Capabilities/direct_starttls/capable=true/unicode_recipient_envelope_only",
2026-10-09T04:10:30.7008837Z           "TestExecSMTPUTF8Capabilities/direct_starttls/capable=true/unicode_sender_envelope_only",
2026-10-09T04:10:30.7009321Z           "TestExecSMTPUTF8Capabilities/direct_starttls/capable=true/unicode_top_level_header",
2026-10-09T04:10:30.7009795Z           "TestExecSMTPUTF8Capabilities/relay_implicit_tls/capable=false/ascii_quoted_alabel",
2026-10-09T04:10:30.7010275Z           "TestExecSMTPUTF8Capabilities/relay_implicit_tls/capable=false/eight_bit_body_only",
2026-10-09T04:10:30.7010858Z           "TestExecSMTPUTF8Capabilities/relay_implicit_tls/capable=false/encoded_headers_body_and_attachment",
2026-10-09T04:10:30.7011390Z           "TestExecSMTPUTF8Capabilities/relay_implicit_tls/capable=false/unicode_domain_envelope_only",
2026-10-09T04:10:30.7011848Z           "TestExecSMTPUTF8Capabilities/relay_implicit_tls/capable=false/unicode_last_bcc",
2026-10-09T04:10:30.7012399Z           "TestExecSMTPUTF8Capabilities/relay_implicit_tls/capable=false/unicode_recipient_envelope_only",
2026-10-09T04:10:30.7012925Z           "TestExecSMTPUTF8Capabilities/relay_implicit_tls/capable=false/unicode_sender_envelope_only",
2026-10-09T04:10:30.7013433Z           "TestExecSMTPUTF8Capabilities/relay_implicit_tls/capable=false/unicode_top_level_header",
2026-10-09T04:10:30.7014023Z           "TestExecSMTPUTF8Capabilities/relay_implicit_tls/capable=true/ascii_quoted_alabel",
2026-10-09T04:10:30.7014496Z           "TestExecSMTPUTF8Capabilities/relay_implicit_tls/capable=true/eight_bit_body_only",
2026-10-09T04:10:30.7015177Z           "TestExecSMTPUTF8Capabilities/relay_implicit_tls/capable=true/encoded_headers_body_and_attachment",
2026-10-09T04:10:30.7015708Z           "TestExecSMTPUTF8Capabilities/relay_implicit_tls/capable=true/unicode_domain_envelope_only",
2026-10-09T04:10:30.7016155Z           "TestExecSMTPUTF8Capabilities/relay_implicit_tls/capable=true/unicode_last_bcc",
2026-10-09T04:10:30.7016700Z           "TestExecSMTPUTF8Capabilities/relay_implicit_tls/capable=true/unicode_recipient_envelope_only",
2026-10-09T04:10:30.7017224Z           "TestExecSMTPUTF8Capabilities/relay_implicit_tls/capable=true/unicode_sender_envelope_only",
2026-10-09T04:10:30.7017719Z           "TestExecSMTPUTF8Capabilities/relay_implicit_tls/capable=true/unicode_top_level_header",
2026-10-09T04:10:30.7018159Z           "TestExecSMTPUTF8Capabilities/relay_plain/capable=false/ascii_quoted_alabel",
2026-10-09T04:10:30.7018595Z           "TestExecSMTPUTF8Capabilities/relay_plain/capable=false/eight_bit_body_only",
2026-10-09T04:10:30.7019235Z           "TestExecSMTPUTF8Capabilities/relay_plain/capable=false/encoded_headers_body_and_attachment",
2026-10-09T04:10:30.7019728Z           "TestExecSMTPUTF8Capabilities/relay_plain/capable=false/unicode_domain_envelope_only",
2026-10-09T04:10:30.7020145Z           "TestExecSMTPUTF8Capabilities/relay_plain/capable=false/unicode_last_bcc",
2026-10-09T04:10:30.7020649Z           "TestExecSMTPUTF8Capabilities/relay_plain/capable=false/unicode_recipient_envelope_only",
2026-10-09T04:10:30.7021137Z           "TestExecSMTPUTF8Capabilities/relay_plain/capable=false/unicode_sender_envelope_only",
2026-10-09T04:10:30.7021607Z           "TestExecSMTPUTF8Capabilities/relay_plain/capable=false/unicode_top_level_header",
2026-10-09T04:10:30.7022034Z           "TestExecSMTPUTF8Capabilities/relay_plain/capable=true/ascii_quoted_alabel",
2026-10-09T04:10:30.7022473Z           "TestExecSMTPUTF8Capabilities/relay_plain/capable=true/eight_bit_body_only",
2026-10-09T04:10:30.7023000Z           "TestExecSMTPUTF8Capabilities/relay_plain/capable=true/encoded_headers_body_and_attachment",
2026-10-09T04:10:30.7023481Z           "TestExecSMTPUTF8Capabilities/relay_plain/capable=true/unicode_domain_envelope_only",
2026-10-09T04:10:30.7023895Z           "TestExecSMTPUTF8Capabilities/relay_plain/capable=true/unicode_last_bcc",
2026-10-09T04:10:30.7024399Z           "TestExecSMTPUTF8Capabilities/relay_plain/capable=true/unicode_recipient_envelope_only",
2026-10-09T04:10:30.7024983Z           "TestExecSMTPUTF8Capabilities/relay_plain/capable=true/unicode_sender_envelope_only",
2026-10-09T04:10:30.7025452Z           "TestExecSMTPUTF8Capabilities/relay_plain/capable=true/unicode_top_level_header",
2026-10-09T04:10:30.7025904Z           "TestExecSMTPUTF8Capabilities/relay_starttls/capable=false/ascii_quoted_alabel",
2026-10-09T04:10:30.7026356Z           "TestExecSMTPUTF8Capabilities/relay_starttls/capable=false/eight_bit_body_only",
2026-10-09T04:10:30.7026908Z           "TestExecSMTPUTF8Capabilities/relay_starttls/capable=false/encoded_headers_body_and_attachment",
2026-10-09T04:10:30.7027423Z           "TestExecSMTPUTF8Capabilities/relay_starttls/capable=false/unicode_domain_envelope_only",
2026-10-09T04:10:30.7027851Z           "TestExecSMTPUTF8Capabilities/relay_starttls/capable=false/unicode_last_bcc",
2026-10-09T04:10:30.7028378Z           "TestExecSMTPUTF8Capabilities/relay_starttls/capable=false/unicode_recipient_envelope_only",
2026-10-09T04:10:30.7028887Z           "TestExecSMTPUTF8Capabilities/relay_starttls/capable=false/unicode_sender_envelope_only",
2026-10-09T04:10:30.7029362Z           "TestExecSMTPUTF8Capabilities/relay_starttls/capable=false/unicode_top_level_header",
2026-10-09T04:10:30.7029809Z           "TestExecSMTPUTF8Capabilities/relay_starttls/capable=true/ascii_quoted_alabel",
2026-10-09T04:10:30.7030429Z           "TestExecSMTPUTF8Capabilities/relay_starttls/capable=true/eight_bit_body_only",
2026-10-09T04:10:30.7030972Z           "TestExecSMTPUTF8Capabilities/relay_starttls/capable=true/encoded_headers_body_and_attachment",
2026-10-09T04:10:30.7031483Z           "TestExecSMTPUTF8Capabilities/relay_starttls/capable=true/unicode_domain_envelope_only",
2026-10-09T04:10:30.7031910Z           "TestExecSMTPUTF8Capabilities/relay_starttls/capable=true/unicode_last_bcc",
2026-10-09T04:10:30.7032438Z           "TestExecSMTPUTF8Capabilities/relay_starttls/capable=true/unicode_recipient_envelope_only",
2026-10-09T04:10:30.7032938Z           "TestExecSMTPUTF8Capabilities/relay_starttls/capable=true/unicode_sender_envelope_only",
2026-10-09T04:10:30.7033428Z           "TestExecSMTPUTF8Capabilities/relay_starttls/capable=true/unicode_top_level_header",
2026-10-09T04:10:30.7033795Z           "TestExecSMTPUTF8HELOFallback/direct_plain/ascii_quoted_alabel",
2026-10-09T04:10:30.7034218Z           "TestExecSMTPUTF8HELOFallback/direct_plain/unicode_sender_envelope_only",
2026-10-09T04:10:30.7034581Z           "TestExecSMTPUTF8HELOFallback/relay_plain/ascii_quoted_alabel",
2026-10-09T04:10:30.7035286Z           "TestExecSMTPUTF8HELOFallback/relay_plain/unicode_sender_envelope_only",
2026-10-09T04:10:30.7035945Z           "TestExecSMTPUTF8RefreshAfterSTARTTLS/direct_starttls/final_capable=false/encoded_headers_body_and_attachment",
2026-10-09T04:10:30.7036473Z           "TestExecSMTPUTF8RefreshAfterSTARTTLS/direct_starttls/final_capable=false/unicode_last_bcc",
2026-10-09T04:10:30.7037118Z           "TestExecSMTPUTF8RefreshAfterSTARTTLS/direct_starttls/final_capable=true/encoded_headers_body_and_attachment",
2026-10-09T04:10:30.7037647Z           "TestExecSMTPUTF8RefreshAfterSTARTTLS/direct_starttls/final_capable=true/unicode_last_bcc",
2026-10-09T04:10:30.7038284Z           "TestExecSMTPUTF8RefreshAfterSTARTTLS/relay_starttls/final_capable=false/encoded_headers_body_and_attachment",
2026-10-09T04:10:30.7038809Z           "TestExecSMTPUTF8RefreshAfterSTARTTLS/relay_starttls/final_capable=false/unicode_last_bcc",
2026-10-09T04:10:30.7039444Z           "TestExecSMTPUTF8RefreshAfterSTARTTLS/relay_starttls/final_capable=true/encoded_headers_body_and_attachment",
2026-10-09T04:10:30.7039974Z           "TestExecSMTPUTF8RefreshAfterSTARTTLS/relay_starttls/final_capable=true/unicode_last_bcc",
2026-10-09T04:10:30.7040406Z           "TestExecSMTPUTF8SubmissionRecipientLedger/direct_plain/capable=false/bcc",
2026-10-09T04:10:30.7040840Z           "TestExecSMTPUTF8SubmissionRecipientLedger/direct_plain/capable=false/cc",
2026-10-09T04:10:30.7041294Z           "TestExecSMTPUTF8SubmissionRecipientLedger/direct_plain/capable=false/header",
2026-10-09T04:10:30.7041718Z           "TestExecSMTPUTF8SubmissionRecipientLedger/direct_plain/capable=false/to",
2026-10-09T04:10:30.7042143Z           "TestExecSMTPUTF8SubmissionRecipientLedger/direct_plain/capable=true/bcc",
2026-10-09T04:10:30.7042562Z           "TestExecSMTPUTF8SubmissionRecipientLedger/direct_plain/capable=true/cc",
2026-10-09T04:10:30.7043009Z           "TestExecSMTPUTF8SubmissionRecipientLedger/direct_plain/capable=true/header",
2026-10-09T04:10:30.7043430Z           "TestExecSMTPUTF8SubmissionRecipientLedger/direct_plain/capable=true/to",
2026-10-09T04:10:30.7043852Z           "TestExecSMTPUTF8SubmissionRecipientLedger/relay_plain/capable=false/bcc",
2026-10-09T04:10:30.7044272Z           "TestExecSMTPUTF8SubmissionRecipientLedger/relay_plain/capable=false/cc",
2026-10-09T04:10:30.7044717Z           "TestExecSMTPUTF8SubmissionRecipientLedger/relay_plain/capable=false/header",
2026-10-09T04:10:30.7045238Z           "TestExecSMTPUTF8SubmissionRecipientLedger/relay_plain/capable=false/to",
2026-10-09T04:10:30.7045658Z           "TestExecSMTPUTF8SubmissionRecipientLedger/relay_plain/capable=true/bcc",
2026-10-09T04:10:30.7046077Z           "TestExecSMTPUTF8SubmissionRecipientLedger/relay_plain/capable=true/cc",
2026-10-09T04:10:30.7046625Z           "TestExecSMTPUTF8SubmissionRecipientLedger/relay_plain/capable=true/header",
2026-10-09T04:10:30.7047045Z           "TestExecSMTPUTF8SubmissionRecipientLedger/relay_plain/capable=true/to",
2026-10-09T04:10:30.7047306Z           "TestExecSMTPUTF8TriesNextMXBeforeSending"
2026-10-09T04:10:30.7047408Z         ],
2026-10-09T04:10:30.7047554Z         "leaf_count": 109,
2026-10-09T04:10:30.7047681Z         "passed": 71,
2026-10-09T04:10:30.7047799Z         "failed": 38,
2026-10-09T04:10:30.7047923Z         "skipped": 0,
2026-10-09T04:10:30.7048054Z         "exit_code": 1,
2026-10-09T04:10:30.7048229Z         "actual_wire_observations": [
2026-10-09T04:10:30.7048334Z           {
2026-10-09T04:10:30.7048929Z             "test": "TestExecSMTPUTF8Capabilities/direct_plain/capable=false/unicode_domain_envelope_only",
2026-10-09T04:10:30.7050144Z             "wire": "r5_exec_smtputf8_test.go:340: EXEC09_SENT_WITHOUT_SMTPUTF8 MAIL=[\"MAIL FROM:<sender@example.test> BODY=8BITMIME\"] RCPT=[\"RCPT TO:<reader@\u4f8b\u5b50.test>\"] DATA=1 body_bytes=298"
2026-10-09T04:10:30.7050259Z           },
2026-10-09T04:10:30.7050358Z           {
2026-10-09T04:10:30.7050880Z             "test": "TestExecSMTPUTF8Capabilities/direct_plain/capable=false/unicode_last_bcc",
2026-10-09T04:10:30.7052561Z             "wire": "r5_exec_smtputf8_test.go:340: EXEC09_SENT_WITHOUT_SMTPUTF8 MAIL=[\"MAIL FROM:<sender@example.test> BODY=8BITMIME\"] RCPT=[\"RCPT TO:<reader@recipient.test>\" \"RCPT TO:<\\\"\u4fe1\u7bb1 @ \u5e2e\u52a9\u53f0\\\"@recipient.test>\"] DATA=1 body_bytes=298"
2026-10-09T04:10:30.7052663Z           },
2026-10-09T04:10:30.7052764Z           {
2026-10-09T04:10:30.7053387Z             "test": "TestExecSMTPUTF8Capabilities/direct_plain/capable=false/unicode_recipient_envelope_only",
2026-10-09T04:10:30.7054606Z             "wire": "r5_exec_smtputf8_test.go:340: EXEC09_SENT_WITHOUT_SMTPUTF8 MAIL=[\"MAIL FROM:<sender@example.test> BODY=8BITMIME\"] RCPT=[\"RCPT TO:<\u6536\u4ef6\u4eba@recipient.test>\"] DATA=1 body_bytes=298"
2026-10-09T04:10:30.7054715Z           },
2026-10-09T04:10:30.7054824Z           {
2026-10-09T04:10:30.7055553Z             "test": "TestExecSMTPUTF8Capabilities/direct_plain/capable=false/unicode_sender_envelope_only",
2026-10-09T04:10:30.7056779Z             "wire": "r5_exec_smtputf8_test.go:340: EXEC09_SENT_WITHOUT_SMTPUTF8 MAIL=[\"MAIL FROM:<\u53d1\u9001\u8005@example.test> BODY=8BITMIME\"] RCPT=[\"RCPT TO:<reader@recipient.test>\"] DATA=1 body_bytes=298"
2026-10-09T04:10:30.7056887Z           },
2026-10-09T04:10:30.7056987Z           {
2026-10-09T04:10:30.7057556Z             "test": "TestExecSMTPUTF8Capabilities/direct_plain/capable=false/unicode_top_level_header",
2026-10-09T04:10:30.7058711Z             "wire": "r5_exec_smtputf8_test.go:340: EXEC09_SENT_WITHOUT_SMTPUTF8 MAIL=[\"MAIL FROM:<sender@example.test> BODY=8BITMIME\"] RCPT=[\"RCPT TO:<reader@recipient.test>\"] DATA=1 body_bytes=324"
2026-10-09T04:10:30.7058810Z           },
2026-10-09T04:10:30.7058913Z           {
2026-10-09T04:10:30.7059533Z             "test": "TestExecSMTPUTF8Capabilities/direct_starttls/capable=false/unicode_domain_envelope_only",
2026-10-09T04:10:30.7060688Z             "wire": "r5_exec_smtputf8_test.go:340: EXEC09_SENT_WITHOUT_SMTPUTF8 MAIL=[\"MAIL FROM:<sender@example.test> BODY=8BITMIME\"] RCPT=[\"RCPT TO:<reader@\u4f8b\u5b50.test>\"] DATA=1 body_bytes=298"
2026-10-09T04:10:30.7060798Z           },
2026-10-09T04:10:30.7060900Z           {
2026-10-09T04:10:30.7061429Z             "test": "TestExecSMTPUTF8Capabilities/direct_starttls/capable=false/unicode_last_bcc",
2026-10-09T04:10:30.7062985Z             "wire": "r5_exec_smtputf8_test.go:340: EXEC09_SENT_WITHOUT_SMTPUTF8 MAIL=[\"MAIL FROM:<sender@example.test> BODY=8BITMIME\"] RCPT=[\"RCPT TO:<reader@recipient.test>\" \"RCPT TO:<\\\"\u4fe1\u7bb1 @ \u5e2e\u52a9\u53f0\\\"@recipient.test>\"] DATA=1 body_bytes=298"
2026-10-09T04:10:30.7063091Z           },
2026-10-09T04:10:30.7063188Z           {
2026-10-09T04:10:30.7063936Z             "test": "TestExecSMTPUTF8Capabilities/direct_starttls/capable=false/unicode_recipient_envelope_only",
2026-10-09T04:10:30.7065282Z             "wire": "r5_exec_smtputf8_test.go:340: EXEC09_SENT_WITHOUT_SMTPUTF8 MAIL=[\"MAIL FROM:<sender@example.test> BODY=8BITMIME\"] RCPT=[\"RCPT TO:<\u6536\u4ef6\u4eba@recipient.test>\"] DATA=1 body_bytes=298"
2026-10-09T04:10:30.7065389Z           },
2026-10-09T04:10:30.7065492Z           {
2026-10-09T04:10:30.7066107Z             "test": "TestExecSMTPUTF8Capabilities/direct_starttls/capable=false/unicode_sender_envelope_only",
2026-10-09T04:10:30.7067320Z             "wire": "r5_exec_smtputf8_test.go:340: EXEC09_SENT_WITHOUT_SMTPUTF8 MAIL=[\"MAIL FROM:<\u53d1\u9001\u8005@example.test> BODY=8BITMIME\"] RCPT=[\"RCPT TO:<reader@recipient.test>\"] DATA=1 body_bytes=298"
2026-10-09T04:10:30.7067427Z           },
2026-10-09T04:10:30.7067529Z           {
2026-10-09T04:10:30.7068111Z             "test": "TestExecSMTPUTF8Capabilities/direct_starttls/capable=false/unicode_top_level_header",
2026-10-09T04:10:30.7069389Z             "wire": "r5_exec_smtputf8_test.go:340: EXEC09_SENT_WITHOUT_SMTPUTF8 MAIL=[\"MAIL FROM:<sender@example.test> BODY=8BITMIME\"] RCPT=[\"RCPT TO:<reader@recipient.test>\"] DATA=1 body_bytes=324"
2026-10-09T04:10:30.7069497Z           },
2026-10-09T04:10:30.7069719Z           {
2026-10-09T04:10:30.7070354Z             "test": "TestExecSMTPUTF8Capabilities/relay_implicit_tls/capable=false/unicode_domain_envelope_only",
2026-10-09T04:10:30.7071507Z             "wire": "r5_exec_smtputf8_test.go:340: EXEC09_SENT_WITHOUT_SMTPUTF8 MAIL=[\"MAIL FROM:<sender@example.test> BODY=8BITMIME\"] RCPT=[\"RCPT TO:<reader@\u4f8b\u5b50.test>\"] DATA=1 body_bytes=298"
2026-10-09T04:10:30.7071609Z           },
2026-10-09T04:10:30.7071709Z           {
2026-10-09T04:10:30.7072259Z             "test": "TestExecSMTPUTF8Capabilities/relay_implicit_tls/capable=false/unicode_last_bcc",
2026-10-09T04:10:30.7073808Z             "wire": "r5_exec_smtputf8_test.go:340: EXEC09_SENT_WITHOUT_SMTPUTF8 MAIL=[\"MAIL FROM:<sender@example.test> BODY=8BITMIME\"] RCPT=[\"RCPT TO:<reader@recipient.test>\" \"RCPT TO:<\\\"\u4fe1\u7bb1 @ \u5e2e\u52a9\u53f0\\\"@recipient.test>\"] DATA=1 body_bytes=298"
2026-10-09T04:10:30.7073914Z           },
2026-10-09T04:10:30.7074014Z           {
2026-10-09T04:10:30.7074666Z             "test": "TestExecSMTPUTF8Capabilities/relay_implicit_tls/capable=false/unicode_recipient_envelope_only",
2026-10-09T04:10:30.7076265Z             "wire": "r5_exec_smtputf8_test.go:340: EXEC09_SENT_WITHOUT_SMTPUTF8 MAIL=[\"MAIL FROM:<sender@example.test> BODY=8BITMIME\"] RCPT=[\"RCPT TO:<\u6536\u4ef6\u4eba@recipient.test>\"] DATA=1 body_bytes=298"
2026-10-09T04:10:30.7076406Z           },
2026-10-09T04:10:30.7076505Z           {
2026-10-09T04:10:30.7077138Z             "test": "TestExecSMTPUTF8Capabilities/relay_implicit_tls/capable=false/unicode_sender_envelope_only",
2026-10-09T04:10:30.7078619Z             "wire": "r5_exec_smtputf8_test.go:340: EXEC09_SENT_WITHOUT_SMTPUTF8 MAIL=[\"MAIL FROM:<\u53d1\u9001\u8005@example.test> BODY=8BITMIME\"] RCPT=[\"RCPT TO:<reader@recipient.test>\"] DATA=1 body_bytes=298"
2026-10-09T04:10:30.7078723Z           },
2026-10-09T04:10:30.7078826Z           {
2026-10-09T04:10:30.7079437Z             "test": "TestExecSMTPUTF8Capabilities/relay_implicit_tls/capable=false/unicode_top_level_header",
2026-10-09T04:10:30.7080590Z             "wire": "r5_exec_smtputf8_test.go:340: EXEC09_SENT_WITHOUT_SMTPUTF8 MAIL=[\"MAIL FROM:<sender@example.test> BODY=8BITMIME\"] RCPT=[\"RCPT TO:<reader@recipient.test>\"] DATA=1 body_bytes=324"
2026-10-09T04:10:30.7080694Z           },
2026-10-09T04:10:30.7080796Z           {
2026-10-09T04:10:30.7081381Z             "test": "TestExecSMTPUTF8Capabilities/relay_plain/capable=false/unicode_domain_envelope_only",
2026-10-09T04:10:30.7082540Z             "wire": "r5_exec_smtputf8_test.go:340: EXEC09_SENT_WITHOUT_SMTPUTF8 MAIL=[\"MAIL FROM:<sender@example.test> BODY=8BITMIME\"] RCPT=[\"RCPT TO:<reader@\u4f8b\u5b50.test>\"] DATA=1 body_bytes=298"
2026-10-09T04:10:30.7082643Z           },
2026-10-09T04:10:30.7082737Z           {
2026-10-09T04:10:30.7083395Z             "test": "TestExecSMTPUTF8Capabilities/relay_plain/capable=false/unicode_last_bcc",
2026-10-09T04:10:30.7085092Z             "wire": "r5_exec_smtputf8_test.go:340: EXEC09_SENT_WITHOUT_SMTPUTF8 MAIL=[\"MAIL FROM:<sender@example.test> BODY=8BITMIME\"] RCPT=[\"RCPT TO:<reader@recipient.test>\" \"RCPT TO:<\\\"\u4fe1\u7bb1 @ \u5e2e\u52a9\u53f0\\\"@recipient.test>\"] DATA=1 body_bytes=298"
2026-10-09T04:10:30.7085201Z           },
2026-10-09T04:10:30.7085300Z           {
2026-10-09T04:10:30.7085901Z             "test": "TestExecSMTPUTF8Capabilities/relay_plain/capable=false/unicode_recipient_envelope_only",
2026-10-09T04:10:30.7087121Z             "wire": "r5_exec_smtputf8_test.go:340: EXEC09_SENT_WITHOUT_SMTPUTF8 MAIL=[\"MAIL FROM:<sender@example.test> BODY=8BITMIME\"] RCPT=[\"RCPT TO:<\u6536\u4ef6\u4eba@recipient.test>\"] DATA=1 body_bytes=298"
2026-10-09T04:10:30.7087223Z           },
2026-10-09T04:10:30.7087316Z           {
2026-10-09T04:10:30.7087905Z             "test": "TestExecSMTPUTF8Capabilities/relay_plain/capable=false/unicode_sender_envelope_only",
2026-10-09T04:10:30.7089115Z             "wire": "r5_exec_smtputf8_test.go:340: EXEC09_SENT_WITHOUT_SMTPUTF8 MAIL=[\"MAIL FROM:<\u53d1\u9001\u8005@example.test> BODY=8BITMIME\"] RCPT=[\"RCPT TO:<reader@recipient.test>\"] DATA=1 body_bytes=298"
2026-10-09T04:10:30.7089333Z           },
2026-10-09T04:10:30.7089431Z           {
2026-10-09T04:10:30.7089992Z             "test": "TestExecSMTPUTF8Capabilities/relay_plain/capable=false/unicode_top_level_header",
2026-10-09T04:10:30.7091134Z             "wire": "r5_exec_smtputf8_test.go:340: EXEC09_SENT_WITHOUT_SMTPUTF8 MAIL=[\"MAIL FROM:<sender@example.test> BODY=8BITMIME\"] RCPT=[\"RCPT TO:<reader@recipient.test>\"] DATA=1 body_bytes=324"
2026-10-09T04:10:30.7091238Z           },
2026-10-09T04:10:30.7091335Z           {
2026-10-09T04:10:30.7091935Z             "test": "TestExecSMTPUTF8Capabilities/relay_starttls/capable=false/unicode_domain_envelope_only",
2026-10-09T04:10:30.7093096Z             "wire": "r5_exec_smtputf8_test.go:340: EXEC09_SENT_WITHOUT_SMTPUTF8 MAIL=[\"MAIL FROM:<sender@example.test> BODY=8BITMIME\"] RCPT=[\"RCPT TO:<reader@\u4f8b\u5b50.test>\"] DATA=1 body_bytes=298"
2026-10-09T04:10:30.7093203Z           },
2026-10-09T04:10:30.7093297Z           {
2026-10-09T04:10:30.7093821Z             "test": "TestExecSMTPUTF8Capabilities/relay_starttls/capable=false/unicode_last_bcc",
2026-10-09T04:10:30.7095516Z             "wire": "r5_exec_smtputf8_test.go:340: EXEC09_SENT_WITHOUT_SMTPUTF8 MAIL=[\"MAIL FROM:<sender@example.test> BODY=8BITMIME\"] RCPT=[\"RCPT TO:<reader@recipient.test>\" \"RCPT TO:<\\\"\u4fe1\u7bb1 @ \u5e2e\u52a9\u53f0\\\"@recipient.test>\"] DATA=1 body_bytes=298"
2026-10-09T04:10:30.7095616Z           },
2026-10-09T04:10:30.7095716Z           {
2026-10-09T04:10:30.7096340Z             "test": "TestExecSMTPUTF8Capabilities/relay_starttls/capable=false/unicode_recipient_envelope_only",
2026-10-09T04:10:30.7097552Z             "wire": "r5_exec_smtputf8_test.go:340: EXEC09_SENT_WITHOUT_SMTPUTF8 MAIL=[\"MAIL FROM:<sender@example.test> BODY=8BITMIME\"] RCPT=[\"RCPT TO:<\u6536\u4ef6\u4eba@recipient.test>\"] DATA=1 body_bytes=298"
2026-10-09T04:10:30.7097655Z           },
2026-10-09T04:10:30.7097760Z           {
2026-10-09T04:10:30.7098354Z             "test": "TestExecSMTPUTF8Capabilities/relay_starttls/capable=false/unicode_sender_envelope_only",
2026-10-09T04:10:30.7099567Z             "wire": "r5_exec_smtputf8_test.go:340: EXEC09_SENT_WITHOUT_SMTPUTF8 MAIL=[\"MAIL FROM:<\u53d1\u9001\u8005@example.test> BODY=8BITMIME\"] RCPT=[\"RCPT TO:<reader@recipient.test>\"] DATA=1 body_bytes=298"
2026-10-09T04:10:30.7099670Z           },
2026-10-09T04:10:30.7099763Z           {
2026-10-09T04:10:30.7100340Z             "test": "TestExecSMTPUTF8Capabilities/relay_starttls/capable=false/unicode_top_level_header",
2026-10-09T04:10:30.7101601Z             "wire": "r5_exec_smtputf8_test.go:340: EXEC09_SENT_WITHOUT_SMTPUTF8 MAIL=[\"MAIL FROM:<sender@example.test> BODY=8BITMIME\"] RCPT=[\"RCPT TO:<reader@recipient.test>\"] DATA=1 body_bytes=324"
2026-10-09T04:10:30.7101702Z           },
2026-10-09T04:10:30.7101801Z           {
2026-10-09T04:10:30.7102303Z             "test": "TestExecSMTPUTF8HELOFallback/direct_plain/unicode_sender_envelope_only",
2026-10-09T04:10:30.7103431Z             "wire": "r5_exec_smtputf8_test.go:386: EXEC09_SENT_WITHOUT_SMTPUTF8 MAIL=[\"MAIL FROM:<\u53d1\u9001\u8005@example.test>\"] RCPT=[\"RCPT TO:<reader@recipient.test>\"] DATA=1 body_bytes=298"
2026-10-09T04:10:30.7103534Z           },
2026-10-09T04:10:30.7103633Z           {
2026-10-09T04:10:30.7104123Z             "test": "TestExecSMTPUTF8HELOFallback/relay_plain/unicode_sender_envelope_only",
2026-10-09T04:10:30.7105363Z             "wire": "r5_exec_smtputf8_test.go:386: EXEC09_SENT_WITHOUT_SMTPUTF8 MAIL=[\"MAIL FROM:<\u53d1\u9001\u8005@example.test>\"] RCPT=[\"RCPT TO:<reader@recipient.test>\"] DATA=1 body_bytes=298"
2026-10-09T04:10:30.7105468Z           },
2026-10-09T04:10:30.7105562Z           {
2026-10-09T04:10:30.7106197Z             "test": "TestExecSMTPUTF8RefreshAfterSTARTTLS/direct_starttls/final_capable=false/unicode_last_bcc",
2026-10-09T04:10:30.7107748Z             "wire": "r5_exec_smtputf8_test.go:365: EXEC09_SENT_WITHOUT_SMTPUTF8 MAIL=[\"MAIL FROM:<sender@example.test> BODY=8BITMIME\"] RCPT=[\"RCPT TO:<reader@recipient.test>\" \"RCPT TO:<\\\"\u4fe1\u7bb1 @ \u5e2e\u52a9\u53f0\\\"@recipient.test>\"] DATA=1 body_bytes=298"
2026-10-09T04:10:30.7107961Z           },
2026-10-09T04:10:30.7108061Z           {
2026-10-09T04:10:30.7108686Z             "test": "TestExecSMTPUTF8RefreshAfterSTARTTLS/relay_starttls/final_capable=false/unicode_last_bcc",
2026-10-09T04:10:30.7110225Z             "wire": "r5_exec_smtputf8_test.go:365: EXEC09_SENT_WITHOUT_SMTPUTF8 MAIL=[\"MAIL FROM:<sender@example.test> BODY=8BITMIME\"] RCPT=[\"RCPT TO:<reader@recipient.test>\" \"RCPT TO:<\\\"\u4fe1\u7bb1 @ \u5e2e\u52a9\u53f0\\\"@recipient.test>\"] DATA=1 body_bytes=298"
2026-10-09T04:10:30.7110329Z           },
2026-10-09T04:10:30.7110433Z           {
2026-10-09T04:10:30.7110955Z             "test": "TestExecSMTPUTF8SubmissionRecipientLedger/direct_plain/capable=false/bcc",
2026-10-09T04:10:30.7112295Z             "wire": "r5_exec_smtputf8_test.go:506: EXEC09_SENT_WITHOUT_SMTPUTF8 MAIL=[\"MAIL FROM:<sender@example.test> BODY=8BITMIME\"] RCPT=[\"RCPT TO:<\\\"\u4fe1\u7bb1 @ \u5e2e\u52a9\u53f0\\\"@recipient.test>\"] DATA=1 body_bytes=315"
2026-10-09T04:10:30.7112403Z           },
2026-10-09T04:10:30.7112498Z           {
2026-10-09T04:10:30.7113012Z             "test": "TestExecSMTPUTF8SubmissionRecipientLedger/direct_plain/capable=false/cc",
2026-10-09T04:10:30.7114351Z             "wire": "r5_exec_smtputf8_test.go:506: EXEC09_SENT_WITHOUT_SMTPUTF8 MAIL=[\"MAIL FROM:<sender@example.test> BODY=8BITMIME\"] RCPT=[\"RCPT TO:<\\\"\u4fe1\u7bb1 @ \u5e2e\u52a9\u53f0\\\"@recipient.test>\"] DATA=1 body_bytes=356"
2026-10-09T04:10:30.7114452Z           },
2026-10-09T04:10:30.7114553Z           {
2026-10-09T04:10:30.7115213Z             "test": "TestExecSMTPUTF8SubmissionRecipientLedger/direct_plain/capable=false/header",
2026-10-09T04:10:30.7116360Z             "wire": "r5_exec_smtputf8_test.go:506: EXEC09_SENT_WITHOUT_SMTPUTF8 MAIL=[\"MAIL FROM:<sender@example.test> BODY=8BITMIME\"] RCPT=[\"RCPT TO:<reader@recipient.test>\"] DATA=1 body_bytes=368"
2026-10-09T04:10:30.7116468Z           },
2026-10-09T04:10:30.7116570Z           {
2026-10-09T04:10:30.7117077Z             "test": "TestExecSMTPUTF8SubmissionRecipientLedger/direct_plain/capable=false/to",
2026-10-09T04:10:30.7118410Z             "wire": "r5_exec_smtputf8_test.go:506: EXEC09_SENT_WITHOUT_SMTPUTF8 MAIL=[\"MAIL FROM:<sender@example.test> BODY=8BITMIME\"] RCPT=[\"RCPT TO:<\\\"\u4fe1\u7bb1 @ \u5e2e\u52a9\u53f0\\\"@recipient.test>\"] DATA=1 body_bytes=356"
2026-10-09T04:10:30.7118514Z           },
2026-10-09T04:10:30.7118608Z           {
2026-10-09T04:10:30.7119118Z             "test": "TestExecSMTPUTF8SubmissionRecipientLedger/relay_plain/capable=false/bcc",
2026-10-09T04:10:30.7120564Z             "wire": "r5_exec_smtputf8_test.go:506: EXEC09_SENT_WITHOUT_SMTPUTF8 MAIL=[\"MAIL FROM:<sender@example.test> BODY=8BITMIME\"] RCPT=[\"RCPT TO:<\\\"\u4fe1\u7bb1 @ \u5e2e\u52a9\u53f0\\\"@recipient.test>\"] DATA=1 body_bytes=315"
2026-10-09T04:10:30.7120671Z           },
2026-10-09T04:10:30.7120769Z           {
2026-10-09T04:10:30.7121270Z             "test": "TestExecSMTPUTF8SubmissionRecipientLedger/relay_plain/capable=false/cc",
2026-10-09T04:10:30.7122604Z             "wire": "r5_exec_smtputf8_test.go:506: EXEC09_SENT_WITHOUT_SMTPUTF8 MAIL=[\"MAIL FROM:<sender@example.test> BODY=8BITMIME\"] RCPT=[\"RCPT TO:<\\\"\u4fe1\u7bb1 @ \u5e2e\u52a9\u53f0\\\"@recipient.test>\"] DATA=1 body_bytes=356"
2026-10-09T04:10:30.7122705Z           },
2026-10-09T04:10:30.7122799Z           {
2026-10-09T04:10:30.7123333Z             "test": "TestExecSMTPUTF8SubmissionRecipientLedger/relay_plain/capable=false/header",
2026-10-09T04:10:30.7124482Z             "wire": "r5_exec_smtputf8_test.go:506: EXEC09_SENT_WITHOUT_SMTPUTF8 MAIL=[\"MAIL FROM:<sender@example.test> BODY=8BITMIME\"] RCPT=[\"RCPT TO:<reader@recipient.test>\"] DATA=1 body_bytes=368"
2026-10-09T04:10:30.7124579Z           },
2026-10-09T04:10:30.7124679Z           {
2026-10-09T04:10:30.7125422Z             "test": "TestExecSMTPUTF8SubmissionRecipientLedger/relay_plain/capable=false/to",
2026-10-09T04:10:30.7126753Z             "wire": "r5_exec_smtputf8_test.go:506: EXEC09_SENT_WITHOUT_SMTPUTF8 MAIL=[\"MAIL FROM:<sender@example.test> BODY=8BITMIME\"] RCPT=[\"RCPT TO:<\\\"\u4fe1\u7bb1 @ \u5e2e\u52a9\u53f0\\\"@recipient.test>\"] DATA=1 body_bytes=356"
2026-10-09T04:10:30.7126858Z           },
2026-10-09T04:10:30.7126957Z           {
2026-10-09T04:10:30.7127282Z             "test": "TestExecSMTPUTF8TriesNextMXBeforeSending",
2026-10-09T04:10:30.7128498Z             "wire": "r5_exec_smtputf8_test.go:422: EXEC09_SENT_WITHOUT_SMTPUTF8 MAIL=[\"MAIL FROM:<sender@example.test> BODY=8BITMIME\"] RCPT=[\"RCPT TO:<\u6536\u4ef6\u4eba@recipient.test>\"] DATA=1 body_bytes=298"
2026-10-09T04:10:30.7128603Z           }
2026-10-09T04:10:30.7128694Z         ]
2026-10-09T04:10:30.7128785Z       }
2026-10-09T04:10:30.7128874Z     },
2026-10-09T04:10:30.7128978Z     "candidate": {
2026-10-09T04:10:30.7129093Z       "before": {
2026-10-09T04:10:30.7129359Z         "commit": "bd7bea1a4d400317641ce2c5e160eb31486e88a6",
2026-10-09T04:10:30.7129604Z         "tree": "55a10b9e87f71bccd0a726cd184abeddeb6e78e1",
2026-10-09T04:10:30.7130015Z         "test_sha256": "03047b4ba6b9c4590e032dfc58eeada6750e3b2e4c7aa80b96859ab98354e372"
2026-10-09T04:10:30.7130103Z       },
2026-10-09T04:10:30.7130211Z       "after": {
2026-10-09T04:10:30.7130465Z         "commit": "bd7bea1a4d400317641ce2c5e160eb31486e88a6",
2026-10-09T04:10:30.7130704Z         "tree": "55a10b9e87f71bccd0a726cd184abeddeb6e78e1",
2026-10-09T04:10:30.7131105Z         "test_sha256": "03047b4ba6b9c4590e032dfc58eeada6750e3b2e4c7aa80b96859ab98354e372"
2026-10-09T04:10:30.7131197Z       },
2026-10-09T04:10:30.7131304Z       "command": [
2026-10-09T04:10:30.7131414Z         "go",
2026-10-09T04:10:30.7131523Z         "test",
2026-10-09T04:10:30.7131658Z         "-mod=readonly",
2026-10-09T04:10:30.7131768Z         "-json",
2026-10-09T04:10:30.7131873Z         "-race",
2026-10-09T04:10:30.7131986Z         "-p",
2026-10-09T04:10:30.7132090Z         "1",
2026-10-09T04:10:30.7132205Z         "-count=1",
2026-10-09T04:10:30.7132340Z         "-timeout=120s",
2026-10-09T04:10:30.7132448Z         "-run",
2026-10-09T04:10:30.7132594Z         "^TestExecSMTPUTF8",
2026-10-09T04:10:30.7132744Z         "./internal/outbound"
2026-10-09T04:10:30.7132831Z       ],
2026-10-09T04:10:30.7132952Z       "exit_code": 0,
2026-10-09T04:10:30.7133084Z       "timed_out": false,
2026-10-09T04:10:30.7133465Z       "stdout_sha256": "51c4949a116ab7f2f15d43c545e1cebb5bd00da0ab1e489eadc591a8aaff7856",
2026-10-09T04:10:30.7133840Z       "stderr_sha256": "e3b0c44298fc1c149afbf4c8996fb92427ae41e4649b934ca495991b7852b855",
2026-10-09T04:10:30.7133952Z       "results": {
2026-10-09T04:10:30.7134195Z         "started_ids": [
2026-10-09T04:10:30.7134407Z           "TestExecSMTPUTF8Capabilities",
2026-10-09T04:10:30.7134858Z           "TestExecSMTPUTF8Capabilities/direct_plain/capable=false/ascii_quoted_alabel",
2026-10-09T04:10:30.7135413Z           "TestExecSMTPUTF8Capabilities/direct_plain/capable=false/eight_bit_body_only",
2026-10-09T04:10:30.7135968Z           "TestExecSMTPUTF8Capabilities/direct_plain/capable=false/encoded_headers_body_and_attachment",
2026-10-09T04:10:30.7136470Z           "TestExecSMTPUTF8Capabilities/direct_plain/capable=false/unicode_domain_envelope_only",
2026-10-09T04:10:30.7136890Z           "TestExecSMTPUTF8Capabilities/direct_plain/capable=false/unicode_last_bcc",
2026-10-09T04:10:30.7137413Z           "TestExecSMTPUTF8Capabilities/direct_plain/capable=false/unicode_recipient_envelope_only",
2026-10-09T04:10:30.7137908Z           "TestExecSMTPUTF8Capabilities/direct_plain/capable=false/unicode_sender_envelope_only",
2026-10-09T04:10:30.7138378Z           "TestExecSMTPUTF8Capabilities/direct_plain/capable=false/unicode_top_level_header",
2026-10-09T04:10:30.7138816Z           "TestExecSMTPUTF8Capabilities/direct_plain/capable=true/ascii_quoted_alabel",
2026-10-09T04:10:30.7139380Z           "TestExecSMTPUTF8Capabilities/direct_plain/capable=true/eight_bit_body_only",
2026-10-09T04:10:30.7139915Z           "TestExecSMTPUTF8Capabilities/direct_plain/capable=true/encoded_headers_body_and_attachment",
2026-10-09T04:10:30.7140408Z           "TestExecSMTPUTF8Capabilities/direct_plain/capable=true/unicode_domain_envelope_only",
2026-10-09T04:10:30.7140826Z           "TestExecSMTPUTF8Capabilities/direct_plain/capable=true/unicode_last_bcc",
2026-10-09T04:10:30.7141331Z           "TestExecSMTPUTF8Capabilities/direct_plain/capable=true/unicode_recipient_envelope_only",
2026-10-09T04:10:30.7141823Z           "TestExecSMTPUTF8Capabilities/direct_plain/capable=true/unicode_sender_envelope_only",
2026-10-09T04:10:30.7142294Z           "TestExecSMTPUTF8Capabilities/direct_plain/capable=true/unicode_top_level_header",
2026-10-09T04:10:30.7142750Z           "TestExecSMTPUTF8Capabilities/direct_starttls/capable=false/ascii_quoted_alabel",
2026-10-09T04:10:30.7143210Z           "TestExecSMTPUTF8Capabilities/direct_starttls/capable=false/eight_bit_body_only",
2026-10-09T04:10:30.7143778Z           "TestExecSMTPUTF8Capabilities/direct_starttls/capable=false/encoded_headers_body_and_attachment",
2026-10-09T04:10:30.7144293Z           "TestExecSMTPUTF8Capabilities/direct_starttls/capable=false/unicode_domain_envelope_only",
2026-10-09T04:10:30.7144733Z           "TestExecSMTPUTF8Capabilities/direct_starttls/capable=false/unicode_last_bcc",
2026-10-09T04:10:30.7145381Z           "TestExecSMTPUTF8Capabilities/direct_starttls/capable=false/unicode_recipient_envelope_only",
2026-10-09T04:10:30.7145891Z           "TestExecSMTPUTF8Capabilities/direct_starttls/capable=false/unicode_sender_envelope_only",
2026-10-09T04:10:30.7146378Z           "TestExecSMTPUTF8Capabilities/direct_starttls/capable=false/unicode_top_level_header",
2026-10-09T04:10:30.7146832Z           "TestExecSMTPUTF8Capabilities/direct_starttls/capable=true/ascii_quoted_alabel",
2026-10-09T04:10:30.7147280Z           "TestExecSMTPUTF8Capabilities/direct_starttls/capable=true/eight_bit_body_only",
2026-10-09T04:10:30.7147837Z           "TestExecSMTPUTF8Capabilities/direct_starttls/capable=true/encoded_headers_body_and_attachment",
2026-10-09T04:10:30.7148351Z           "TestExecSMTPUTF8Capabilities/direct_starttls/capable=true/unicode_domain_envelope_only",
2026-10-09T04:10:30.7148779Z           "TestExecSMTPUTF8Capabilities/direct_starttls/capable=true/unicode_last_bcc",
2026-10-09T04:10:30.7149307Z           "TestExecSMTPUTF8Capabilities/direct_starttls/capable=true/unicode_recipient_envelope_only",
2026-10-09T04:10:30.7149814Z           "TestExecSMTPUTF8Capabilities/direct_starttls/capable=true/unicode_sender_envelope_only",
2026-10-09T04:10:30.7150292Z           "TestExecSMTPUTF8Capabilities/direct_starttls/capable=true/unicode_top_level_header",
2026-10-09T04:10:30.7150884Z           "TestExecSMTPUTF8Capabilities/relay_implicit_tls/capable=false/ascii_quoted_alabel",
2026-10-09T04:10:30.7151368Z           "TestExecSMTPUTF8Capabilities/relay_implicit_tls/capable=false/eight_bit_body_only",
2026-10-09T04:10:30.7151945Z           "TestExecSMTPUTF8Capabilities/relay_implicit_tls/capable=false/encoded_headers_body_and_attachment",
2026-10-09T04:10:30.7152480Z           "TestExecSMTPUTF8Capabilities/relay_implicit_tls/capable=false/unicode_domain_envelope_only",
2026-10-09T04:10:30.7152938Z           "TestExecSMTPUTF8Capabilities/relay_implicit_tls/capable=false/unicode_last_bcc",
2026-10-09T04:10:30.7153485Z           "TestExecSMTPUTF8Capabilities/relay_implicit_tls/capable=false/unicode_recipient_envelope_only",
2026-10-09T04:10:30.7154014Z           "TestExecSMTPUTF8Capabilities/relay_implicit_tls/capable=false/unicode_sender_envelope_only",
2026-10-09T04:10:30.7154518Z           "TestExecSMTPUTF8Capabilities/relay_implicit_tls/capable=false/unicode_top_level_header",
2026-10-09T04:10:30.7155141Z           "TestExecSMTPUTF8Capabilities/relay_implicit_tls/capable=true/ascii_quoted_alabel",
2026-10-09T04:10:30.7155616Z           "TestExecSMTPUTF8Capabilities/relay_implicit_tls/capable=true/eight_bit_body_only",
2026-10-09T04:10:30.7156303Z           "TestExecSMTPUTF8Capabilities/relay_implicit_tls/capable=true/encoded_headers_body_and_attachment",
2026-10-09T04:10:30.7156828Z           "TestExecSMTPUTF8Capabilities/relay_implicit_tls/capable=true/unicode_domain_envelope_only",
2026-10-09T04:10:30.7157277Z           "TestExecSMTPUTF8Capabilities/relay_implicit_tls/capable=true/unicode_last_bcc",
2026-10-09T04:10:30.7157825Z           "TestExecSMTPUTF8Capabilities/relay_implicit_tls/capable=true/unicode_recipient_envelope_only",
2026-10-09T04:10:30.7158344Z           "TestExecSMTPUTF8Capabilities/relay_implicit_tls/capable=true/unicode_sender_envelope_only",
2026-10-09T04:10:30.7158847Z           "TestExecSMTPUTF8Capabilities/relay_implicit_tls/capable=true/unicode_top_level_header",
2026-10-09T04:10:30.7159279Z           "TestExecSMTPUTF8Capabilities/relay_plain/capable=false/ascii_quoted_alabel",
2026-10-09T04:10:30.7159706Z           "TestExecSMTPUTF8Capabilities/relay_plain/capable=false/eight_bit_body_only",
2026-10-09T04:10:30.7160237Z           "TestExecSMTPUTF8Capabilities/relay_plain/capable=false/encoded_headers_body_and_attachment",
2026-10-09T04:10:30.7160730Z           "TestExecSMTPUTF8Capabilities/relay_plain/capable=false/unicode_domain_envelope_only",
2026-10-09T04:10:30.7161142Z           "TestExecSMTPUTF8Capabilities/relay_plain/capable=false/unicode_last_bcc",
2026-10-09T04:10:30.7161654Z           "TestExecSMTPUTF8Capabilities/relay_plain/capable=false/unicode_recipient_envelope_only",
2026-10-09T04:10:30.7162144Z           "TestExecSMTPUTF8Capabilities/relay_plain/capable=false/unicode_sender_envelope_only",
2026-10-09T04:10:30.7162604Z           "TestExecSMTPUTF8Capabilities/relay_plain/capable=false/unicode_top_level_header",
2026-10-09T04:10:30.7163034Z           "TestExecSMTPUTF8Capabilities/relay_plain/capable=true/ascii_quoted_alabel",
2026-10-09T04:10:30.7163463Z           "TestExecSMTPUTF8Capabilities/relay_plain/capable=true/eight_bit_body_only",
2026-10-09T04:10:30.7163987Z           "TestExecSMTPUTF8Capabilities/relay_plain/capable=true/encoded_headers_body_and_attachment",
2026-10-09T04:10:30.7164472Z           "TestExecSMTPUTF8Capabilities/relay_plain/capable=true/unicode_domain_envelope_only",
2026-10-09T04:10:30.7164999Z           "TestExecSMTPUTF8Capabilities/relay_plain/capable=true/unicode_last_bcc",
2026-10-09T04:10:30.7165502Z           "TestExecSMTPUTF8Capabilities/relay_plain/capable=true/unicode_recipient_envelope_only",
2026-10-09T04:10:30.7165985Z           "TestExecSMTPUTF8Capabilities/relay_plain/capable=true/unicode_sender_envelope_only",
2026-10-09T04:10:30.7166446Z           "TestExecSMTPUTF8Capabilities/relay_plain/capable=true/unicode_top_level_header",
2026-10-09T04:10:30.7167060Z           "TestExecSMTPUTF8Capabilities/relay_starttls/capable=false/ascii_quoted_alabel",
2026-10-09T04:10:30.7167518Z           "TestExecSMTPUTF8Capabilities/relay_starttls/capable=false/eight_bit_body_only",
2026-10-09T04:10:30.7168072Z           "TestExecSMTPUTF8Capabilities/relay_starttls/capable=false/encoded_headers_body_and_attachment",
2026-10-09T04:10:30.7168580Z           "TestExecSMTPUTF8Capabilities/relay_starttls/capable=false/unicode_domain_envelope_only",
2026-10-09T04:10:30.7169014Z           "TestExecSMTPUTF8Capabilities/relay_starttls/capable=false/unicode_last_bcc",
2026-10-09T04:10:30.7169540Z           "TestExecSMTPUTF8Capabilities/relay_starttls/capable=false/unicode_recipient_envelope_only",
2026-10-09T04:10:30.7170041Z           "TestExecSMTPUTF8Capabilities/relay_starttls/capable=false/unicode_sender_envelope_only",
2026-10-09T04:10:30.7170522Z           "TestExecSMTPUTF8Capabilities/relay_starttls/capable=false/unicode_top_level_header",
2026-10-09T04:10:30.7170970Z           "TestExecSMTPUTF8Capabilities/relay_starttls/capable=true/ascii_quoted_alabel",
2026-10-09T04:10:30.7171413Z           "TestExecSMTPUTF8Capabilities/relay_starttls/capable=true/eight_bit_body_only",
2026-10-09T04:10:30.7171959Z           "TestExecSMTPUTF8Capabilities/relay_starttls/capable=true/encoded_headers_body_and_attachment",
2026-10-09T04:10:30.7172572Z           "TestExecSMTPUTF8Capabilities/relay_starttls/capable=true/unicode_domain_envelope_only",
2026-10-09T04:10:30.7172994Z           "TestExecSMTPUTF8Capabilities/relay_starttls/capable=true/unicode_last_bcc",
2026-10-09T04:10:30.7173516Z           "TestExecSMTPUTF8Capabilities/relay_starttls/capable=true/unicode_recipient_envelope_only",
2026-10-09T04:10:30.7174015Z           "TestExecSMTPUTF8Capabilities/relay_starttls/capable=true/unicode_sender_envelope_only",
2026-10-09T04:10:30.7174487Z           "TestExecSMTPUTF8Capabilities/relay_starttls/capable=true/unicode_top_level_header",
2026-10-09T04:10:30.7174697Z           "TestExecSMTPUTF8HELOFallback",
2026-10-09T04:10:30.7175177Z           "TestExecSMTPUTF8HELOFallback/direct_plain/ascii_quoted_alabel",
2026-10-09T04:10:30.7175592Z           "TestExecSMTPUTF8HELOFallback/direct_plain/unicode_sender_envelope_only",
2026-10-09T04:10:30.7175964Z           "TestExecSMTPUTF8HELOFallback/relay_plain/ascii_quoted_alabel",
2026-10-09T04:10:30.7176373Z           "TestExecSMTPUTF8HELOFallback/relay_plain/unicode_sender_envelope_only",
2026-10-09T04:10:30.7176616Z           "TestExecSMTPUTF8RefreshAfterSTARTTLS",
2026-10-09T04:10:30.7177271Z           "TestExecSMTPUTF8RefreshAfterSTARTTLS/direct_starttls/final_capable=false/encoded_headers_body_and_attachment",
2026-10-09T04:10:30.7177802Z           "TestExecSMTPUTF8RefreshAfterSTARTTLS/direct_starttls/final_capable=false/unicode_last_bcc",
2026-10-09T04:10:30.7178445Z           "TestExecSMTPUTF8RefreshAfterSTARTTLS/direct_starttls/final_capable=true/encoded_headers_body_and_attachment",
2026-10-09T04:10:30.7178975Z           "TestExecSMTPUTF8RefreshAfterSTARTTLS/direct_starttls/final_capable=true/unicode_last_bcc",
2026-10-09T04:10:30.7186496Z           "TestExecSMTPUTF8RefreshAfterSTARTTLS/relay_starttls/final_capable=false/encoded_headers_body_and_attachment",
2026-10-09T04:10:30.7187147Z           "TestExecSMTPUTF8RefreshAfterSTARTTLS/relay_starttls/final_capable=false/unicode_last_bcc",
2026-10-09T04:10:30.7187805Z           "TestExecSMTPUTF8RefreshAfterSTARTTLS/relay_starttls/final_capable=true/encoded_headers_body_and_attachment",
2026-10-09T04:10:30.7188342Z           "TestExecSMTPUTF8RefreshAfterSTARTTLS/relay_starttls/final_capable=true/unicode_last_bcc",
2026-10-09T04:10:30.7188615Z           "TestExecSMTPUTF8SubmissionRecipientLedger",
2026-10-09T04:10:30.7189060Z           "TestExecSMTPUTF8SubmissionRecipientLedger/direct_plain/capable=false/bcc",
2026-10-09T04:10:30.7189495Z           "TestExecSMTPUTF8SubmissionRecipientLedger/direct_plain/capable=false/cc",
2026-10-09T04:10:30.7189943Z           "TestExecSMTPUTF8SubmissionRecipientLedger/direct_plain/capable=false/header",
2026-10-09T04:10:30.7190546Z           "TestExecSMTPUTF8SubmissionRecipientLedger/direct_plain/capable=false/to",
2026-10-09T04:10:30.7190978Z           "TestExecSMTPUTF8SubmissionRecipientLedger/direct_plain/capable=true/bcc",
2026-10-09T04:10:30.7191401Z           "TestExecSMTPUTF8SubmissionRecipientLedger/direct_plain/capable=true/cc",
2026-10-09T04:10:30.7191848Z           "TestExecSMTPUTF8SubmissionRecipientLedger/direct_plain/capable=true/header",
2026-10-09T04:10:30.7192272Z           "TestExecSMTPUTF8SubmissionRecipientLedger/direct_plain/capable=true/to",
2026-10-09T04:10:30.7192689Z           "TestExecSMTPUTF8SubmissionRecipientLedger/relay_plain/capable=false/bcc",
2026-10-09T04:10:30.7193108Z           "TestExecSMTPUTF8SubmissionRecipientLedger/relay_plain/capable=false/cc",
2026-10-09T04:10:30.7193551Z           "TestExecSMTPUTF8SubmissionRecipientLedger/relay_plain/capable=false/header",
2026-10-09T04:10:30.7193961Z           "TestExecSMTPUTF8SubmissionRecipientLedger/relay_plain/capable=false/to",
2026-10-09T04:10:30.7194381Z           "TestExecSMTPUTF8SubmissionRecipientLedger/relay_plain/capable=true/bcc",
2026-10-09T04:10:30.7194806Z           "TestExecSMTPUTF8SubmissionRecipientLedger/relay_plain/capable=true/cc",
2026-10-09T04:10:30.7195674Z           "TestExecSMTPUTF8SubmissionRecipientLedger/relay_plain/capable=true/header",
2026-10-09T04:10:30.7196093Z           "TestExecSMTPUTF8SubmissionRecipientLedger/relay_plain/capable=true/to",
2026-10-09T04:10:30.7196357Z           "TestExecSMTPUTF8TriesNextMXBeforeSending"
2026-10-09T04:10:30.7196460Z         ],
2026-10-09T04:10:30.7196589Z         "leaf_ids": [
2026-10-09T04:10:30.7197035Z           "TestExecSMTPUTF8Capabilities/direct_plain/capable=false/ascii_quoted_alabel",
2026-10-09T04:10:30.7197487Z           "TestExecSMTPUTF8Capabilities/direct_plain/capable=false/eight_bit_body_only",
2026-10-09T04:10:30.7198036Z           "TestExecSMTPUTF8Capabilities/direct_plain/capable=false/encoded_headers_body_and_attachment",
2026-10-09T04:10:30.7198541Z           "TestExecSMTPUTF8Capabilities/direct_plain/capable=false/unicode_domain_envelope_only",
2026-10-09T04:10:30.7198968Z           "TestExecSMTPUTF8Capabilities/direct_plain/capable=false/unicode_last_bcc",
2026-10-09T04:10:30.7199491Z           "TestExecSMTPUTF8Capabilities/direct_plain/capable=false/unicode_recipient_envelope_only",
2026-10-09T04:10:30.7199980Z           "TestExecSMTPUTF8Capabilities/direct_plain/capable=false/unicode_sender_envelope_only",
2026-10-09T04:10:30.7200457Z           "TestExecSMTPUTF8Capabilities/direct_plain/capable=false/unicode_top_level_header",
2026-10-09T04:10:30.7200891Z           "TestExecSMTPUTF8Capabilities/direct_plain/capable=true/ascii_quoted_alabel",
2026-10-09T04:10:30.7201317Z           "TestExecSMTPUTF8Capabilities/direct_plain/capable=true/eight_bit_body_only",
2026-10-09T04:10:30.7201850Z           "TestExecSMTPUTF8Capabilities/direct_plain/capable=true/encoded_headers_body_and_attachment",
2026-10-09T04:10:30.7202347Z           "TestExecSMTPUTF8Capabilities/direct_plain/capable=true/unicode_domain_envelope_only",
2026-10-09T04:10:30.7202767Z           "TestExecSMTPUTF8Capabilities/direct_plain/capable=true/unicode_last_bcc",
2026-10-09T04:10:30.7203279Z           "TestExecSMTPUTF8Capabilities/direct_plain/capable=true/unicode_recipient_envelope_only",
2026-10-09T04:10:30.7203772Z           "TestExecSMTPUTF8Capabilities/direct_plain/capable=true/unicode_sender_envelope_only",
2026-10-09T04:10:30.7204233Z           "TestExecSMTPUTF8Capabilities/direct_plain/capable=true/unicode_top_level_header",
2026-10-09T04:10:30.7204693Z           "TestExecSMTPUTF8Capabilities/direct_starttls/capable=false/ascii_quoted_alabel",
2026-10-09T04:10:30.7205277Z           "TestExecSMTPUTF8Capabilities/direct_starttls/capable=false/eight_bit_body_only",
2026-10-09T04:10:30.7205836Z           "TestExecSMTPUTF8Capabilities/direct_starttls/capable=false/encoded_headers_body_and_attachment",
2026-10-09T04:10:30.7206475Z           "TestExecSMTPUTF8Capabilities/direct_starttls/capable=false/unicode_domain_envelope_only",
2026-10-09T04:10:30.7206918Z           "TestExecSMTPUTF8Capabilities/direct_starttls/capable=false/unicode_last_bcc",
2026-10-09T04:10:30.7207445Z           "TestExecSMTPUTF8Capabilities/direct_starttls/capable=false/unicode_recipient_envelope_only",
2026-10-09T04:10:30.7207959Z           "TestExecSMTPUTF8Capabilities/direct_starttls/capable=false/unicode_sender_envelope_only",
2026-10-09T04:10:30.7208447Z           "TestExecSMTPUTF8Capabilities/direct_starttls/capable=false/unicode_top_level_header",
2026-10-09T04:10:30.7208892Z           "TestExecSMTPUTF8Capabilities/direct_starttls/capable=true/ascii_quoted_alabel",
2026-10-09T04:10:30.7209343Z           "TestExecSMTPUTF8Capabilities/direct_starttls/capable=true/eight_bit_body_only",
2026-10-09T04:10:30.7209897Z           "TestExecSMTPUTF8Capabilities/direct_starttls/capable=true/encoded_headers_body_and_attachment",
2026-10-09T04:10:30.7210399Z           "TestExecSMTPUTF8Capabilities/direct_starttls/capable=true/unicode_domain_envelope_only",
2026-10-09T04:10:30.7210836Z           "TestExecSMTPUTF8Capabilities/direct_starttls/capable=true/unicode_last_bcc",
2026-10-09T04:10:30.7211366Z           "TestExecSMTPUTF8Capabilities/direct_starttls/capable=true/unicode_recipient_envelope_only",
2026-10-09T04:10:30.7211976Z           "TestExecSMTPUTF8Capabilities/direct_starttls/capable=true/unicode_sender_envelope_only",
2026-10-09T04:10:30.7212461Z           "TestExecSMTPUTF8Capabilities/direct_starttls/capable=true/unicode_top_level_header",
2026-10-09T04:10:30.7212937Z           "TestExecSMTPUTF8Capabilities/relay_implicit_tls/capable=false/ascii_quoted_alabel",
2026-10-09T04:10:30.7213405Z           "TestExecSMTPUTF8Capabilities/relay_implicit_tls/capable=false/eight_bit_body_only",
2026-10-09T04:10:30.7213979Z           "TestExecSMTPUTF8Capabilities/relay_implicit_tls/capable=false/encoded_headers_body_and_attachment",
2026-10-09T04:10:30.7214515Z           "TestExecSMTPUTF8Capabilities/relay_implicit_tls/capable=false/unicode_domain_envelope_only",
2026-10-09T04:10:30.7215084Z           "TestExecSMTPUTF8Capabilities/relay_implicit_tls/capable=false/unicode_last_bcc",
2026-10-09T04:10:30.7215639Z           "TestExecSMTPUTF8Capabilities/relay_implicit_tls/capable=false/unicode_recipient_envelope_only",
2026-10-09T04:10:30.7216172Z           "TestExecSMTPUTF8Capabilities/relay_implicit_tls/capable=false/unicode_sender_envelope_only",
2026-10-09T04:10:30.7216669Z           "TestExecSMTPUTF8Capabilities/relay_implicit_tls/capable=false/unicode_top_level_header",
2026-10-09T04:10:30.7217138Z           "TestExecSMTPUTF8Capabilities/relay_implicit_tls/capable=true/ascii_quoted_alabel",
2026-10-09T04:10:30.7217610Z           "TestExecSMTPUTF8Capabilities/relay_implicit_tls/capable=true/eight_bit_body_only",
2026-10-09T04:10:30.7218168Z           "TestExecSMTPUTF8Capabilities/relay_implicit_tls/capable=true/encoded_headers_body_and_attachment",
2026-10-09T04:10:30.7218697Z           "TestExecSMTPUTF8Capabilities/relay_implicit_tls/capable=true/unicode_domain_envelope_only",
2026-10-09T04:10:30.7219146Z           "TestExecSMTPUTF8Capabilities/relay_implicit_tls/capable=true/unicode_last_bcc",
2026-10-09T04:10:30.7219683Z           "TestExecSMTPUTF8Capabilities/relay_implicit_tls/capable=true/unicode_recipient_envelope_only",
2026-10-09T04:10:30.7220209Z           "TestExecSMTPUTF8Capabilities/relay_implicit_tls/capable=true/unicode_sender_envelope_only",
2026-10-09T04:10:30.7220709Z           "TestExecSMTPUTF8Capabilities/relay_implicit_tls/capable=true/unicode_top_level_header",
2026-10-09T04:10:30.7221135Z           "TestExecSMTPUTF8Capabilities/relay_plain/capable=false/ascii_quoted_alabel",
2026-10-09T04:10:30.7221566Z           "TestExecSMTPUTF8Capabilities/relay_plain/capable=false/eight_bit_body_only",
2026-10-09T04:10:30.7222097Z           "TestExecSMTPUTF8Capabilities/relay_plain/capable=false/encoded_headers_body_and_attachment",
2026-10-09T04:10:30.7222582Z           "TestExecSMTPUTF8Capabilities/relay_plain/capable=false/unicode_domain_envelope_only",
2026-10-09T04:10:30.7223124Z           "TestExecSMTPUTF8Capabilities/relay_plain/capable=false/unicode_last_bcc",
2026-10-09T04:10:30.7223636Z           "TestExecSMTPUTF8Capabilities/relay_plain/capable=false/unicode_recipient_envelope_only",
2026-10-09T04:10:30.7224121Z           "TestExecSMTPUTF8Capabilities/relay_plain/capable=false/unicode_sender_envelope_only",
2026-10-09T04:10:30.7224585Z           "TestExecSMTPUTF8Capabilities/relay_plain/capable=false/unicode_top_level_header",
2026-10-09T04:10:30.7225125Z           "TestExecSMTPUTF8Capabilities/relay_plain/capable=true/ascii_quoted_alabel",
2026-10-09T04:10:30.7225548Z           "TestExecSMTPUTF8Capabilities/relay_plain/capable=true/eight_bit_body_only",
2026-10-09T04:10:30.7226068Z           "TestExecSMTPUTF8Capabilities/relay_plain/capable=true/encoded_headers_body_and_attachment",
2026-10-09T04:10:30.7226554Z           "TestExecSMTPUTF8Capabilities/relay_plain/capable=true/unicode_domain_envelope_only",
2026-10-09T04:10:30.7226964Z           "TestExecSMTPUTF8Capabilities/relay_plain/capable=true/unicode_last_bcc",
2026-10-09T04:10:30.7227467Z           "TestExecSMTPUTF8Capabilities/relay_plain/capable=true/unicode_recipient_envelope_only",
2026-10-09T04:10:30.7228066Z           "TestExecSMTPUTF8Capabilities/relay_plain/capable=true/unicode_sender_envelope_only",
2026-10-09T04:10:30.7228518Z           "TestExecSMTPUTF8Capabilities/relay_plain/capable=true/unicode_top_level_header",
2026-10-09T04:10:30.7228968Z           "TestExecSMTPUTF8Capabilities/relay_starttls/capable=false/ascii_quoted_alabel",
2026-10-09T04:10:30.7229414Z           "TestExecSMTPUTF8Capabilities/relay_starttls/capable=false/eight_bit_body_only",
2026-10-09T04:10:30.7229957Z           "TestExecSMTPUTF8Capabilities/relay_starttls/capable=false/encoded_headers_body_and_attachment",
2026-10-09T04:10:30.7230467Z           "TestExecSMTPUTF8Capabilities/relay_starttls/capable=false/unicode_domain_envelope_only",
2026-10-09T04:10:30.7230898Z           "TestExecSMTPUTF8Capabilities/relay_starttls/capable=false/unicode_last_bcc",
2026-10-09T04:10:30.7231415Z           "TestExecSMTPUTF8Capabilities/relay_starttls/capable=false/unicode_recipient_envelope_only",
2026-10-09T04:10:30.7231923Z           "TestExecSMTPUTF8Capabilities/relay_starttls/capable=false/unicode_sender_envelope_only",
2026-10-09T04:10:30.7232401Z           "TestExecSMTPUTF8Capabilities/relay_starttls/capable=false/unicode_top_level_header",
2026-10-09T04:10:30.7232846Z           "TestExecSMTPUTF8Capabilities/relay_starttls/capable=true/ascii_quoted_alabel",
2026-10-09T04:10:30.7233295Z           "TestExecSMTPUTF8Capabilities/relay_starttls/capable=true/eight_bit_body_only",
2026-10-09T04:10:30.7233837Z           "TestExecSMTPUTF8Capabilities/relay_starttls/capable=true/encoded_headers_body_and_attachment",
2026-10-09T04:10:30.7234332Z           "TestExecSMTPUTF8Capabilities/relay_starttls/capable=true/unicode_domain_envelope_only",
2026-10-09T04:10:30.7234759Z           "TestExecSMTPUTF8Capabilities/relay_starttls/capable=true/unicode_last_bcc",
2026-10-09T04:10:30.7235456Z           "TestExecSMTPUTF8Capabilities/relay_starttls/capable=true/unicode_recipient_envelope_only",
2026-10-09T04:10:30.7235952Z           "TestExecSMTPUTF8Capabilities/relay_starttls/capable=true/unicode_sender_envelope_only",
2026-10-09T04:10:30.7236434Z           "TestExecSMTPUTF8Capabilities/relay_starttls/capable=true/unicode_top_level_header",
2026-10-09T04:10:30.7236799Z           "TestExecSMTPUTF8HELOFallback/direct_plain/ascii_quoted_alabel",
2026-10-09T04:10:30.7237210Z           "TestExecSMTPUTF8HELOFallback/direct_plain/unicode_sender_envelope_only",
2026-10-09T04:10:30.7237568Z           "TestExecSMTPUTF8HELOFallback/relay_plain/ascii_quoted_alabel",
2026-10-09T04:10:30.7237980Z           "TestExecSMTPUTF8HELOFallback/relay_plain/unicode_sender_envelope_only",
2026-10-09T04:10:30.7238631Z           "TestExecSMTPUTF8RefreshAfterSTARTTLS/direct_starttls/final_capable=false/encoded_headers_body_and_attachment",
2026-10-09T04:10:30.7239277Z           "TestExecSMTPUTF8RefreshAfterSTARTTLS/direct_starttls/final_capable=false/unicode_last_bcc",
2026-10-09T04:10:30.7239926Z           "TestExecSMTPUTF8RefreshAfterSTARTTLS/direct_starttls/final_capable=true/encoded_headers_body_and_attachment",
2026-10-09T04:10:30.7240450Z           "TestExecSMTPUTF8RefreshAfterSTARTTLS/direct_starttls/final_capable=true/unicode_last_bcc",
2026-10-09T04:10:30.7241084Z           "TestExecSMTPUTF8RefreshAfterSTARTTLS/relay_starttls/final_capable=false/encoded_headers_body_and_attachment",
2026-10-09T04:10:30.7241609Z           "TestExecSMTPUTF8RefreshAfterSTARTTLS/relay_starttls/final_capable=false/unicode_last_bcc",
2026-10-09T04:10:30.7242231Z           "TestExecSMTPUTF8RefreshAfterSTARTTLS/relay_starttls/final_capable=true/encoded_headers_body_and_attachment",
2026-10-09T04:10:30.7242753Z           "TestExecSMTPUTF8RefreshAfterSTARTTLS/relay_starttls/final_capable=true/unicode_last_bcc",
2026-10-09T04:10:30.7243192Z           "TestExecSMTPUTF8SubmissionRecipientLedger/direct_plain/capable=false/bcc",
2026-10-09T04:10:30.7243617Z           "TestExecSMTPUTF8SubmissionRecipientLedger/direct_plain/capable=false/cc",
2026-10-09T04:10:30.7244073Z           "TestExecSMTPUTF8SubmissionRecipientLedger/direct_plain/capable=false/header",
2026-10-09T04:10:30.7244611Z           "TestExecSMTPUTF8SubmissionRecipientLedger/direct_plain/capable=false/to",
2026-10-09T04:10:30.7245153Z           "TestExecSMTPUTF8SubmissionRecipientLedger/direct_plain/capable=true/bcc",
2026-10-09T04:10:30.7245578Z           "TestExecSMTPUTF8SubmissionRecipientLedger/direct_plain/capable=true/cc",
2026-10-09T04:10:30.7246019Z           "TestExecSMTPUTF8SubmissionRecipientLedger/direct_plain/capable=true/header",
2026-10-09T04:10:30.7246435Z           "TestExecSMTPUTF8SubmissionRecipientLedger/direct_plain/capable=true/to",
2026-10-09T04:10:30.7246856Z           "TestExecSMTPUTF8SubmissionRecipientLedger/relay_plain/capable=false/bcc",
2026-10-09T04:10:30.7247278Z           "TestExecSMTPUTF8SubmissionRecipientLedger/relay_plain/capable=false/cc",
2026-10-09T04:10:30.7247714Z           "TestExecSMTPUTF8SubmissionRecipientLedger/relay_plain/capable=false/header",
2026-10-09T04:10:30.7248130Z           "TestExecSMTPUTF8SubmissionRecipientLedger/relay_plain/capable=false/to",
2026-10-09T04:10:30.7248550Z           "TestExecSMTPUTF8SubmissionRecipientLedger/relay_plain/capable=true/bcc",
2026-10-09T04:10:30.7248960Z           "TestExecSMTPUTF8SubmissionRecipientLedger/relay_plain/capable=true/cc",
2026-10-09T04:10:30.7249396Z           "TestExecSMTPUTF8SubmissionRecipientLedger/relay_plain/capable=true/header",
2026-10-09T04:10:30.7249811Z           "TestExecSMTPUTF8SubmissionRecipientLedger/relay_plain/capable=true/to",
2026-10-09T04:10:30.7250068Z           "TestExecSMTPUTF8TriesNextMXBeforeSending"
2026-10-09T04:10:30.7250174Z         ],
2026-10-09T04:10:30.7250320Z         "leaf_count": 109,
2026-10-09T04:10:30.7250445Z         "passed": 109,
2026-10-09T04:10:30.7250568Z         "failed": 0,
2026-10-09T04:10:30.7250695Z         "skipped": 0,
2026-10-09T04:10:30.7250827Z         "exit_code": 0,
2026-10-09T04:10:30.7251010Z         "actual_wire_observations": []
2026-10-09T04:10:30.7251101Z       }
2026-10-09T04:10:30.7251185Z     }
2026-10-09T04:10:30.7251266Z   },
2026-10-09T04:10:30.7251359Z   "errors": {}
2026-10-09T04:10:30.7251443Z }
2026-10-09T04:10:30.7251453Z 
2026-10-09T04:10:30.7251557Z EXEC09_RAW_END summary.json
2026-10-09T04:10:30.7333009Z ##[group]Run actions/upload-artifact@v4
2026-10-09T04:10:30.7333107Z with:
2026-10-09T04:10:30.7333230Z   name: smtputf8-recovery-evidence
2026-10-09T04:10:30.7333395Z   path: /home/runner/work/_temp/tabmail-smtputf8-evidence
2026-10-09T04:10:30.7333491Z   if-no-files-found: error
2026-10-09T04:10:30.7333583Z   retention-days: 14
2026-10-09T04:10:30.7333682Z   compression-level: 6
2026-10-09T04:10:30.7333765Z   overwrite: false
2026-10-09T04:10:30.7333869Z   include-hidden-files: false
2026-10-09T04:10:30.7333953Z ##[endgroup]
2026-10-09T04:10:30.9039115Z (node:2933) [DEP0040] DeprecationWarning: The `punycode` module is deprecated. Please use a userland alternative instead.
2026-10-09T04:10:30.9040507Z (Use `node --trace-deprecation ...` to show where the warning was created)
2026-10-09T04:10:30.9114502Z With the provided path, there will be 9 files uploaded
2026-10-09T04:10:30.9119913Z Artifact name is valid!
2026-10-09T04:10:30.9120658Z Root directory input is valid!
2026-10-09T04:10:31.2861906Z Beginning upload of artifact content to blob storage
2026-10-09T04:10:31.3218204Z (node:2933) [DEP0169] DeprecationWarning: `url.parse()` behavior is not standardized and prone to errors that have security implications. Use the WHATWG URL API instead. CVEs are not issued for `url.parse()` vulnerabilities.
2026-10-09T04:10:31.6790213Z Uploaded bytes 25167
2026-10-09T04:10:31.7613136Z Finished uploading artifact content to blob storage!
2026-10-09T04:10:31.7614344Z SHA256 digest of uploaded artifact zip is af5a173ce5d36beef9e1866e96d8690dab40f75285afeeb6aadfcef2fc2ccf82
2026-10-09T04:10:31.7616121Z Finalizing artifact upload
2026-10-09T04:10:32.0349327Z Artifact smtputf8-recovery-evidence.zip successfully finalized. Artifact ID 11594298432
2026-10-09T04:10:32.0350603Z Artifact smtputf8-recovery-evidence has been successfully uploaded! Final size is 25167 bytes. Artifact ID is 11594298432
2026-10-09T04:10:32.0358784Z Artifact download URL: https://github.com/jyqj/tabmail/actions/runs/37882581660/artifacts/11594298432
2026-10-09T04:10:32.0553438Z Post job cleanup.
2026-10-09T04:10:32.1773706Z (node:2945) [DEP0040] DeprecationWarning: The `punycode` module is deprecated. Please use a userland alternative instead.
2026-10-09T04:10:32.1774758Z (Use `node --trace-deprecation ...` to show where the warning was created)
2026-10-09T04:10:32.1839367Z [command]/opt/hostedtoolcache/go/1.25.7/x64/bin/go env GOMODCACHE
2026-10-09T04:10:32.1883376Z [command]/opt/hostedtoolcache/go/1.25.7/x64/bin/go env GOCACHE
2026-10-09T04:10:32.1913324Z /home/runner/go/pkg/mod
2026-10-09T04:10:32.1938105Z /home/runner/.cache/go-build
2026-10-09T04:10:32.1946640Z Cache hit occurred on the primary key setup-go-Linux-x64-ubuntu24-go-1.25.7-4513745f7b95ab0bc8e1f9edd24c294514fb4a9ee51f2290b342654582d5d782, not saving cache.
2026-10-09T04:10:32.2089668Z Post job cleanup.
2026-10-09T04:10:32.3028944Z [command]/usr/bin/git version
2026-10-09T04:10:32.3072652Z git version 2.55.0
2026-10-09T04:10:32.3117585Z Temporarily overriding HOME='/home/runner/work/_temp/a3761f93-d466-4651-86f2-c0691da540ae' before making global git config changes
2026-10-09T04:10:32.3119160Z Adding repository directory to the temporary git global config as a safe directory
2026-10-09T04:10:32.3122821Z [command]/usr/bin/git config --global --add safe.directory /home/runner/work/tabmail/tabmail
2026-10-09T04:10:32.3168739Z [command]/usr/bin/git config --local --name-only --get-regexp core\.sshCommand
2026-10-09T04:10:32.3209560Z [command]/usr/bin/git submodule foreach --recursive sh -c "git config --local --name-only --get-regexp 'core\.sshCommand' && git config --local --unset-all 'core.sshCommand' || :"
2026-10-09T04:10:32.3467236Z [command]/usr/bin/git config --local --name-only --get-regexp http\.https\:\/\/github\.com\/\.extraheader
2026-10-09T04:10:32.3505219Z [command]/usr/bin/git submodule foreach --recursive sh -c "git config --local --name-only --get-regexp 'http\.https\:\/\/github\.com\/\.extraheader' && git config --local --unset-all 'http.https://github.com/.extraheader' || :"
2026-10-09T04:10:32.3756826Z [command]/usr/bin/git config --local --name-only --get-regexp ^includeIf\.gitdir:
2026-10-09T04:10:32.3790805Z [command]/usr/bin/git submodule foreach --recursive git config --local --show-origin --name-only --get-regexp remote.origin.url
2026-10-09T04:10:32.4197827Z Cleaning up orphan processes
2026-10-09T04:10:32.4594884Z ##[warning]Node.js 20 is deprecated. The following actions target Node.js 20 but are being forced to run on Node.js 24: actions/checkout@v4, actions/setup-go@v5, actions/upload-artifact@v4. For more information see: https://github.blog/changelog/2025-09-19-deprecation-of-node-20-on-github-actions-runners/
