2026-10-08T09:48:16.2388818Z Current runner version: '2.337.0'
2026-10-08T09:48:16.2411070Z ##[group]Runner Image Provisioner
2026-10-08T09:48:16.2411778Z Hosted Compute Agent
2026-10-08T09:48:16.2412322Z Version: 20260901.588
2026-10-08T09:48:16.2412836Z Commit: f88ec8081b781fac6c440065ac7ff9e710ce3d0b
2026-10-08T09:48:16.2413437Z Build Date: 2026-09-01T19:56:44Z
2026-10-08T09:48:16.2414085Z Worker ID: {e50cef35-56d4-4ce5-abec-70e8589bea11}
2026-10-08T09:48:16.2414661Z Azure Region: westus3
2026-10-08T09:48:16.2415170Z ##[endgroup]
2026-10-08T09:48:16.2416296Z ##[group]Operating System
2026-10-08T09:48:16.2416813Z Ubuntu
2026-10-08T09:48:16.2417521Z 24.04.5
2026-10-08T09:48:16.2417938Z LTS
2026-10-08T09:48:16.2418380Z ##[endgroup]
2026-10-08T09:48:16.2418840Z ##[group]Runner Image
2026-10-08T09:48:16.2419361Z Image: ubuntu-24.04
2026-10-08T09:48:16.2419892Z Version: 20260927.320.1
2026-10-08T09:48:16.2420909Z Included Software: https://github.com/actions/runner-images/blob/ubuntu24/20260927.320/images/ubuntu/Ubuntu2404-Readme.md
2026-10-08T09:48:16.2422450Z Image Release: https://github.com/actions/runner-images/releases/tag/ubuntu24%2F20260927.320
2026-10-08T09:48:16.2423412Z ##[endgroup]
2026-10-08T09:48:16.2424399Z ##[group]GITHUB_TOKEN Permissions
2026-10-08T09:48:16.2425999Z Contents: read
2026-10-08T09:48:16.2426562Z Metadata: read
2026-10-08T09:48:16.2427225Z ##[endgroup]
2026-10-08T09:48:16.2429177Z Secret source: Actions
2026-10-08T09:48:16.2429958Z Cache mode: write
2026-10-08T09:48:16.2430566Z Prepare workflow directory
2026-10-08T09:48:16.2709445Z Prepare all required actions
2026-10-08T09:48:16.2750981Z Getting action download info
2026-10-08T09:48:16.5982949Z Download action repository 'actions/checkout@v4' (SHA:11d5960a326750d5838078e36cf38b85af677262)
2026-10-08T09:48:16.7895578Z Download action repository 'actions/setup-node@v4' (SHA:49933ea5288caeca8642d1e84afbd3f7d6820020)
2026-10-08T09:48:16.9003365Z Download action repository 'actions/setup-go@v5' (SHA:40f1582b2485089dde7abd97c1529aa768e1baff)
2026-10-08T09:48:17.7274077Z Download action repository 'actions/upload-artifact@v4' (SHA:ea165f8d65b6e75b540449e92b4886f43607fa02)
2026-10-08T09:48:18.0089322Z Complete job name: frontend
2026-10-08T09:48:18.0900649Z ##[group]Run actions/checkout@v4
2026-10-08T09:48:18.0902027Z with:
2026-10-08T09:48:18.0902725Z   persist-credentials: false
2026-10-08T09:48:18.0903525Z   fetch-depth: 0
2026-10-08T09:48:18.0904228Z   repository: jyqj/tabmail
2026-10-08T09:48:18.0910731Z   token: ***
2026-10-08T09:48:18.0911410Z   ssh-strict: true
2026-10-08T09:48:18.0912101Z   ssh-user: git
2026-10-08T09:48:18.0912774Z   clean: true
2026-10-08T09:48:18.0913471Z   sparse-checkout-cone-mode: true
2026-10-08T09:48:18.0914303Z   fetch-tags: false
2026-10-08T09:48:18.0915002Z   show-progress: true
2026-10-08T09:48:18.0915713Z   lfs: false
2026-10-08T09:48:18.0916372Z   submodules: false
2026-10-08T09:48:18.0917206Z   set-safe-directory: true
2026-10-08T09:48:18.0918005Z   allow-unsafe-pr-checkout: false
2026-10-08T09:48:18.0919137Z ##[endgroup]
2026-10-08T09:48:18.1855187Z Syncing repository: jyqj/tabmail
2026-10-08T09:48:18.1857623Z ##[group]Getting Git version info
2026-10-08T09:48:18.1858779Z Working directory is '/home/runner/work/tabmail/tabmail'
2026-10-08T09:48:18.1860360Z [command]/usr/bin/git version
2026-10-08T09:48:18.1888482Z git version 2.55.0
2026-10-08T09:48:18.1905185Z ##[endgroup]
2026-10-08T09:48:18.1917390Z Temporarily overriding HOME='/home/runner/work/_temp/7caf783b-2acf-4d5d-89b5-652e2a55c6f0' before making global git config changes
2026-10-08T09:48:18.1921286Z Adding repository directory to the temporary git global config as a safe directory
2026-10-08T09:48:18.1923397Z [command]/usr/bin/git config --global --add safe.directory /home/runner/work/tabmail/tabmail
2026-10-08T09:48:18.1965071Z Deleting the contents of '/home/runner/work/tabmail/tabmail'
2026-10-08T09:48:18.1969086Z ##[group]Initializing the repository
2026-10-08T09:48:18.1972471Z [command]/usr/bin/git init /home/runner/work/tabmail/tabmail
2026-10-08T09:48:18.2048807Z hint: Using 'master' as the name for the initial branch. This default branch name
2026-10-08T09:48:18.2051508Z hint: will change to "main" in Git 3.0. To configure the initial branch name
2026-10-08T09:48:18.2053376Z hint: to use in all of your new repositories, which will suppress this warning,
2026-10-08T09:48:18.2055013Z hint: call:
2026-10-08T09:48:18.2056115Z hint:
2026-10-08T09:48:18.2057519Z hint: 	git config --global init.defaultBranch <name>
2026-10-08T09:48:18.2058989Z hint:
2026-10-08T09:48:18.2060342Z hint: Names commonly chosen instead of 'master' are 'main', 'trunk' and
2026-10-08T09:48:18.2062397Z hint: 'development'. The just-created branch can be renamed via this command:
2026-10-08T09:48:18.2064097Z hint:
2026-10-08T09:48:18.2065145Z hint: 	git branch -m <name>
2026-10-08T09:48:18.2066152Z hint:
2026-10-08T09:48:18.2067318Z hint: Disable this message with "git config set advice.defaultBranchName false"
2026-10-08T09:48:18.2068912Z Initialized empty Git repository in /home/runner/work/tabmail/tabmail/.git/
2026-10-08T09:48:18.2071983Z [command]/usr/bin/git remote add origin https://github.com/jyqj/tabmail
2026-10-08T09:48:18.2103048Z ##[endgroup]
2026-10-08T09:48:18.2104403Z ##[group]Disabling automatic garbage collection
2026-10-08T09:48:18.2105735Z [command]/usr/bin/git config --local gc.auto 0
2026-10-08T09:48:18.2140497Z ##[endgroup]
2026-10-08T09:48:18.2142229Z ##[group]Setting up auth
2026-10-08T09:48:18.2146047Z [command]/usr/bin/git config --local --name-only --get-regexp core\.sshCommand
2026-10-08T09:48:18.2177306Z [command]/usr/bin/git submodule foreach --recursive sh -c "git config --local --name-only --get-regexp 'core\.sshCommand' && git config --local --unset-all 'core.sshCommand' || :"
2026-10-08T09:48:18.2453088Z [command]/usr/bin/git config --local --name-only --get-regexp http\.https\:\/\/github\.com\/\.extraheader
2026-10-08T09:48:18.2483255Z [command]/usr/bin/git submodule foreach --recursive sh -c "git config --local --name-only --get-regexp 'http\.https\:\/\/github\.com\/\.extraheader' && git config --local --unset-all 'http.https://github.com/.extraheader' || :"
2026-10-08T09:48:18.2675257Z [command]/usr/bin/git config --local --name-only --get-regexp ^includeIf\.gitdir:
2026-10-08T09:48:18.2702454Z [command]/usr/bin/git submodule foreach --recursive git config --local --show-origin --name-only --get-regexp remote.origin.url
2026-10-08T09:48:18.2893365Z [command]/usr/bin/git config --local http.https://github.com/.extraheader AUTHORIZATION: basic ***
2026-10-08T09:48:18.2930190Z ##[endgroup]
2026-10-08T09:48:18.2931997Z ##[group]Fetching the repository
2026-10-08T09:48:18.2939500Z [command]/usr/bin/git -c protocol.version=2 fetch --prune --no-recurse-submodules origin +refs/heads/*:refs/remotes/origin/* +refs/tags/*:refs/tags/* +83c91dff12bc470b613102534d5784cad5df2d1e:refs/remotes/pull/168/merge
2026-10-08T09:48:22.8114177Z From https://github.com/jyqj/tabmail
2026-10-08T09:48:22.8116001Z  * [new branch]      audit-pr21-41b015c                       -> origin/audit-pr21-41b015c
2026-10-08T09:48:22.8117453Z  * [new branch]      candidate/r5-consumer-adapter-20261004   -> origin/candidate/r5-consumer-adapter-20261004
2026-10-08T09:48:22.8118845Z  * [new branch]      candidate/r5-consumer-adapter-corrected-20261004 -> origin/candidate/r5-consumer-adapter-corrected-20261004
2026-10-08T09:48:22.8120210Z  * [new branch]      candidate/r5-consumer-classifier-contract-20261004 -> origin/candidate/r5-consumer-classifier-contract-20261004
2026-10-08T09:48:22.8121564Z  * [new branch]      candidate/r5-consumer-generated-provenance-20261004 -> origin/candidate/r5-consumer-generated-provenance-20261004
2026-10-08T09:48:22.8122822Z  * [new branch]      candidate/r5-runtime-v3-20261004         -> origin/candidate/r5-runtime-v3-20261004
2026-10-08T09:48:22.8124069Z  * [new branch]      candidate/r5-slice4-batch-20261004       -> origin/candidate/r5-slice4-batch-20261004
2026-10-08T09:48:22.8125276Z  * [new branch]      candidate/slice4-bridge-caller-20261004  -> origin/candidate/slice4-bridge-caller-20261004
2026-10-08T09:48:22.8127132Z  * [new branch]      chore/company-mail-r5-checkpoint-20260930 -> origin/chore/company-mail-r5-checkpoint-20260930
2026-10-08T09:48:22.8128486Z  * [new branch]      chore/selected-v3-metadata-gate-20261004-pnkZA9ce -> origin/chore/selected-v3-metadata-gate-20261004-pnkZA9ce
2026-10-08T09:48:22.8129764Z  * [new branch]      ci/company-mail-r5-wiring-20261003       -> origin/ci/company-mail-r5-wiring-20261003
2026-10-08T09:48:22.8130747Z  * [new branch]      cloud/r5-source-integration-20261004     -> origin/cloud/r5-source-integration-20261004
2026-10-08T09:48:22.8131729Z  * [new branch]      cloud/r5-union-components-f52-20261004-prestart-c741 -> origin/cloud/r5-union-components-f52-20261004-prestart-c741
2026-10-08T09:48:22.8132676Z  * [new branch]      cloud/r5-union-dbhttp-f52-20261004-0449  -> origin/cloud/r5-union-dbhttp-f52-20261004-0449
2026-10-08T09:48:22.8133508Z  * [new branch]      cloud/r5-union-default-f52-20261004-0441 -> origin/cloud/r5-union-default-f52-20261004-0441
2026-10-08T09:48:22.8134528Z  * [new branch]      codex/pe-independent-review              -> origin/codex/pe-independent-review
2026-10-08T09:48:22.8135398Z  * [new branch]      codex/pe-shared-adapter                  -> origin/codex/pe-shared-adapter
2026-10-08T09:48:22.8136550Z  * [new branch]      codex/r5-approved-catalog-reconciliation-20261004 -> origin/codex/r5-approved-catalog-reconciliation-20261004
2026-10-08T09:48:22.8137818Z  * [new branch]      codex/r5-compatibility-source-boundary   -> origin/codex/r5-compatibility-source-boundary
2026-10-08T09:48:22.8138987Z  * [new branch]      codex/r5-compile-stability-20261004      -> origin/codex/r5-compile-stability-20261004
2026-10-08T09:48:22.8139832Z  * [new branch]      codex/r5-current-wire-20261003           -> origin/codex/r5-current-wire-20261003
2026-10-08T09:48:22.8140666Z  * [new branch]      codex/r5-env-evidence-20261004           -> origin/codex/r5-env-evidence-20261004
2026-10-08T09:48:22.8141215Z  * [new branch]      codex/r5-external-runtime-20261003       -> origin/codex/r5-external-runtime-20261003
2026-10-08T09:48:22.8142010Z  * [new branch]      codex/r5-v3-preparation-slice2           -> origin/codex/r5-v3-preparation-slice2
2026-10-08T09:48:22.8142572Z  * [new branch]      design/r5-v3-consumer-opt-in-20261004    -> origin/design/r5-v3-consumer-opt-in-20261004
2026-10-08T09:48:22.8143140Z  * [new branch]      docs/r5-archive-boundary-v1              -> origin/docs/r5-archive-boundary-v1
2026-10-08T09:48:22.8143723Z  * [new branch]      evidence/r5-catalog-rev11-3a-20261008-b8f95a -> origin/evidence/r5-catalog-rev11-3a-20261008-b8f95a
2026-10-08T09:48:22.8144296Z  * [new branch]      experiment/goose-buffer-64k              -> origin/experiment/goose-buffer-64k
2026-10-08T09:48:22.8145066Z  * [new branch]      feat/r5-archive-boundary-v1              -> origin/feat/r5-archive-boundary-v1
2026-10-08T09:48:22.8146027Z  * [new branch]      feat/runtime-batch-validation            -> origin/feat/runtime-batch-validation
2026-10-08T09:48:22.8146999Z  * [new branch]      fix/auth-body-limit-20261005             -> origin/fix/auth-body-limit-20261005
2026-10-08T09:48:22.8147933Z  * [new branch]      fix/batch-supervisor-lifecycle-20261004  -> origin/fix/batch-supervisor-lifecycle-20261004
2026-10-08T09:48:22.8148895Z  * [new branch]      fix/browser-reply-journey-20261003       -> origin/fix/browser-reply-journey-20261003
2026-10-08T09:48:22.8149759Z  * [new branch]      fix/compose-query-completion-20261005    -> origin/fix/compose-query-completion-20261005
2026-10-08T09:48:22.8150624Z  * [new branch]      fix/compose-send-lifecycle-20261005      -> origin/fix/compose-send-lifecycle-20261005
2026-10-08T09:48:22.8151405Z  * [new branch]      fix/direct-null-mx-20261006              -> origin/fix/direct-null-mx-20261006
2026-10-08T09:48:22.8152223Z  * [new branch]      fix/draft-reload-serialization-20261005  -> origin/fix/draft-reload-serialization-20261005
2026-10-08T09:48:22.8153140Z  * [new branch]      fix/editor-opening-ownership-20261005    -> origin/fix/editor-opening-ownership-20261005
2026-10-08T09:48:22.8154201Z  * [new branch]      fix/lf01-frozen-offboarding              -> origin/fix/lf01-frozen-offboarding
2026-10-08T09:48:22.8154978Z  * [new branch]      fix/live-content-refresh-20261005        -> origin/fix/live-content-refresh-20261005
2026-10-08T09:48:22.8155948Z  * [new branch]      fix/mail-reader-invalidation-20261004    -> origin/fix/mail-reader-invalidation-20261004
2026-10-08T09:48:22.8156851Z  * [new branch]      fix/message-action-reconciliation-20261005 -> origin/fix/message-action-reconciliation-20261005
2026-10-08T09:48:22.8158449Z  * [new branch]      fix/offboarding-successor-authz          -> origin/fix/offboarding-successor-authz
2026-10-08T09:48:22.8159053Z  * [new branch]      fix/pr21-client-inventory                -> origin/fix/pr21-client-inventory
2026-10-08T09:48:22.8159730Z  * [new branch]      fix/pr21-harness-lint-41b015c            -> origin/fix/pr21-harness-lint-41b015c
2026-10-08T09:48:22.8160356Z  * [new branch]      fix/profile-refresh-three-way-20261003   -> origin/fix/profile-refresh-three-way-20261003
2026-10-08T09:48:22.8161413Z  * [new branch]      fix/r5-benchmark-strict-evidence-20261001 -> origin/fix/r5-benchmark-strict-evidence-20261001
2026-10-08T09:48:22.8162304Z  * [new branch]      fix/r5-descriptor-tests                  -> origin/fix/r5-descriptor-tests
2026-10-08T09:48:22.8162843Z  * [new branch]      fix/r5-excluded-metadata                 -> origin/fix/r5-excluded-metadata
2026-10-08T09:48:22.8163372Z  * [new branch]      fix/r5-fixture-owner-join                -> origin/fix/r5-fixture-owner-join
2026-10-08T09:48:22.8163974Z  * [new branch]      fix/r5-legacy-recipients-alias-20261003  -> origin/fix/r5-legacy-recipients-alias-20261003
2026-10-08T09:48:22.8164533Z  * [new branch]      fix/r5-pe-seed-f875                      -> origin/fix/r5-pe-seed-f875
2026-10-08T09:48:22.8165076Z  * [new branch]      fix/r5-rc-receipt-contract-20261003      -> origin/fix/r5-rc-receipt-contract-20261003
2026-10-08T09:48:22.8165693Z  * [new branch]      fix/r5-receipt-inspection-test-gate      -> origin/fix/r5-receipt-inspection-test-gate
2026-10-08T09:48:22.8166459Z  * [new branch]      fix/r5-receipt-surface-contract-20261003 -> origin/fix/r5-receipt-surface-contract-20261003
2026-10-08T09:48:22.8167278Z  * [new branch]      fix/r5-router-touch-oracle               -> origin/fix/r5-router-touch-oracle
2026-10-08T09:48:22.8167874Z  * [new branch]      fix/r5-schema16-benchmark-fixtures       -> origin/fix/r5-schema16-benchmark-fixtures
2026-10-08T09:48:22.8168515Z  * [new branch]      fix/r5-selected-source-binding-20261003  -> origin/fix/r5-selected-source-binding-20261003
2026-10-08T09:48:22.8169153Z  * [new branch]      fix/r5-shared-receipt-legacy-20261003    -> origin/fix/r5-shared-receipt-legacy-20261003
2026-10-08T09:48:22.8169790Z  * [new branch]      fix/r5-source-excluded-metadata-20261003 -> origin/fix/r5-source-excluded-metadata-20261003
2026-10-08T09:48:22.8170415Z  * [new branch]      fix/r5-source-runner-preparation         -> origin/fix/r5-source-runner-preparation
2026-10-08T09:48:22.8170997Z  * [new branch]      fix/r5-stream-transport                  -> origin/fix/r5-stream-transport
2026-10-08T09:48:22.8171548Z  * [new branch]      fix/r5-transaction-inventory             -> origin/fix/r5-transaction-inventory
2026-10-08T09:48:22.8172117Z  * [new branch]      fix/r5-v3-producer-path-20261004         -> origin/fix/r5-v3-producer-path-20261004
2026-10-08T09:48:22.8172743Z  * [new branch]      fix/r5-v3-rejection-evidence-20261004    -> origin/fix/r5-v3-rejection-evidence-20261004
2026-10-08T09:48:22.8173431Z  * [new branch]      fix/receipt-aggregate-refresh-20261005   -> origin/fix/receipt-aggregate-refresh-20261005
2026-10-08T09:48:22.8174063Z  * [new branch]      fix/recipient-reload-display-20261005    -> origin/fix/recipient-reload-display-20261005
2026-10-08T09:48:22.8174716Z  * [new branch]      fix/selected-attestation-stable-capture  -> origin/fix/selected-attestation-stable-capture
2026-10-08T09:48:22.8175479Z  * [new branch]      fix/sent-action-lifecycle-20261005       -> origin/fix/sent-action-lifecycle-20261005
2026-10-08T09:48:22.8176067Z  * [new branch]      fix/smtp-data-cause-20261006             -> origin/fix/smtp-data-cause-20261006
2026-10-08T09:48:22.8176611Z  * [new branch]      fix/smtp-owner-logger-gate               -> origin/fix/smtp-owner-logger-gate
2026-10-08T09:48:22.8177283Z  * [new branch]      fix/sse-framing-20261004                 -> origin/fix/sse-framing-20261004
2026-10-08T09:48:22.8177843Z  * [new branch]      fix/subject-wire-encoding-20261006       -> origin/fix/subject-wire-encoding-20261006
2026-10-08T09:48:22.8178474Z  * [new branch]      fix/tabmail-followup-recovery-20261008   -> origin/fix/tabmail-followup-recovery-20261008
2026-10-08T09:48:22.8179143Z  * [new branch]      integration/catalog-v3-frozen-20261004   -> origin/integration/catalog-v3-frozen-20261004
2026-10-08T09:48:22.8179778Z  * [new branch]      integration/company-mail-r5-20261003     -> origin/integration/company-mail-r5-20261003
2026-10-08T09:48:22.8180439Z  * [new branch]      integration/company-mail-r5-batch2-20261003 -> origin/integration/company-mail-r5-batch2-20261003
2026-10-08T09:48:22.8181110Z  * [new branch]      integration/company-mail-r5-batch3-20261003 -> origin/integration/company-mail-r5-batch3-20261003
2026-10-08T09:48:22.8181766Z  * [new branch]      integration/company-mail-r5-batch4-20261003 -> origin/integration/company-mail-r5-batch4-20261003
2026-10-08T09:48:22.8182423Z  * [new branch]      integration/company-mail-r5-batch5-20261003 -> origin/integration/company-mail-r5-batch5-20261003
2026-10-08T09:48:22.8183133Z  * [new branch]      integration/company-mail-r5-pr-management-20261007 -> origin/integration/company-mail-r5-pr-management-20261007
2026-10-08T09:48:22.8183826Z  * [new branch]      integration/pe-lf-components-20261004    -> origin/integration/pe-lf-components-20261004
2026-10-08T09:48:22.8184447Z  * [new branch]      integration/r5-consumer-slices23-20261004 -> origin/integration/r5-consumer-slices23-20261004
2026-10-08T09:48:22.8185217Z  * [new branch]      integration/r5-slice4-combined-20261004  -> origin/integration/r5-slice4-combined-20261004
2026-10-08T09:48:22.8185845Z  * [new branch]      integration/r5-source-combined-20261003  -> origin/integration/r5-source-combined-20261003
2026-10-08T09:48:22.8186436Z  * [new branch]      investigate/pe03-profile-editor          -> origin/investigate/pe03-profile-editor
2026-10-08T09:48:22.8187046Z  * [new branch]      main                                     -> origin/main
2026-10-08T09:48:22.8187522Z  * [new branch]      prep/source-policy-20261003              -> origin/prep/source-policy-20261003
2026-10-08T09:48:22.8188066Z  * [new branch]      r5-cloud-background-20261003             -> origin/r5-cloud-background-20261003
2026-10-08T09:48:22.8188600Z  * [new branch]      r5-cloud-smtp-owner-20261003             -> origin/r5-cloud-smtp-owner-20261003
2026-10-08T09:48:22.8189130Z  * [new branch]      r5-permission-audit-20261003             -> origin/r5-permission-audit-20261003
2026-10-08T09:48:22.8189714Z  * [new branch]      r5-source-v3-pure-isolated-20261003      -> origin/r5-source-v3-pure-isolated-20261003
2026-10-08T09:48:22.8190310Z  * [new branch]      r5/formal-components-f875-20261004       -> origin/r5/formal-components-f875-20261004
2026-10-08T09:48:22.8190939Z  * [new branch]      review/external-batch-independent-20261004 -> origin/review/external-batch-independent-20261004
2026-10-08T09:48:22.8191594Z  * [new branch]      review/independent-frontend-7a43654      -> origin/review/independent-frontend-7a43654
2026-10-08T09:48:22.8192296Z  * [new branch]      review/offboarding-pair-independent-20261004 -> origin/review/offboarding-pair-independent-20261004
2026-10-08T09:48:22.8192937Z  * [new branch]      review/r5-archive-fixed-0c1f4f6          -> origin/review/r5-archive-fixed-0c1f4f6
2026-10-08T09:48:22.8193570Z  * [new branch]      review/r5-catalog-independent-cloud-20261004 -> origin/review/r5-catalog-independent-cloud-20261004
2026-10-08T09:48:22.8194362Z  * [new branch]      review/r5-classifier-independent-20261004 -> origin/review/r5-classifier-independent-20261004
2026-10-08T09:48:22.8195006Z  * [new branch]      review/r5-corrected-independent-20261004 -> origin/review/r5-corrected-independent-20261004
2026-10-08T09:48:22.8195611Z  * [new branch]      review/r5-env-independent-20261004       -> origin/review/r5-env-independent-20261004
2026-10-08T09:48:22.8196287Z  * [new branch]      review/r5-env-p2-delta-independent-20261004 -> origin/review/r5-env-p2-delta-independent-20261004
2026-10-08T09:48:22.8197078Z  * [new branch]      review/r5-generated-independent-20261004 -> origin/review/r5-generated-independent-20261004
2026-10-08T09:48:22.8197675Z  * [new branch]      review/r5-independent-20261004           -> origin/review/r5-independent-20261004
2026-10-08T09:48:22.8198327Z  * [new branch]      review/r5-preparation-slice2-independent-20261004 -> origin/review/r5-preparation-slice2-independent-20261004
2026-10-08T09:48:22.8199075Z  * [new branch]      review/r5-runtime-v3-slice3-independent-20261004 -> origin/review/r5-runtime-v3-slice3-independent-20261004
2026-10-08T09:48:22.8199785Z  * [new branch]      review/r5-slice4-batch-independent-20261004 -> origin/review/r5-slice4-batch-independent-20261004
2026-10-08T09:48:22.8200421Z  * [new branch]      review/r5-slice5-independent-20261004    -> origin/review/r5-slice5-independent-20261004
2026-10-08T09:48:22.8201111Z  * [new branch]      review/selected-attestation-v1-independent-20261003 -> origin/review/selected-attestation-v1-independent-20261003
2026-10-08T09:48:22.8201817Z  * [new branch]      review/slice4-bridge-independent-20261004 -> origin/review/slice4-bridge-independent-20261004
2026-10-08T09:48:22.8202480Z  * [new branch]      review/source-excluded-independent-20261003 -> origin/review/source-excluded-independent-20261003
2026-10-08T09:48:22.8203116Z  * [new branch]      tooling/selected-binding-v3-20261004     -> origin/tooling/selected-binding-v3-20261004
2026-10-08T09:48:22.8203844Z  * [new branch]      verification/r5-slice5-closure-20261004  -> origin/verification/r5-slice5-closure-20261004
2026-10-08T09:48:22.8204522Z  * [new branch]      verification/r5-slice5-physical-plan-v2-20261004 -> origin/verification/r5-slice5-physical-plan-v2-20261004
2026-10-08T09:48:22.8205188Z  * [new branch]      work/company-mail-r5-goal-20260930       -> origin/work/company-mail-r5-goal-20260930
2026-10-08T09:48:22.8205783Z  * [new branch]      work/r5-followup-round3-source-20261007  -> origin/work/r5-followup-round3-source-20261007
2026-10-08T09:48:22.8206406Z  * [new branch]      work/tabmail-progress-catalog12-20261008 -> origin/work/tabmail-progress-catalog12-20261008
2026-10-08T09:48:22.8207170Z  * [new tag]         archive/codex-deep-authz                 -> archive/codex-deep-authz
2026-10-08T09:48:22.8207724Z  * [new tag]         archive/ingress-operations-console       -> archive/ingress-operations-console
2026-10-08T09:48:22.8208276Z  * [new tag]         baseline/company-mail-r4-20260928        -> baseline/company-mail-r4-20260928
2026-10-08T09:48:22.8208832Z  * [new tag]         baseline/company-mail-r5-b01u-20260930   -> baseline/company-mail-r5-b01u-20260930
2026-10-08T09:48:22.8209304Z  * [new tag]         v1.0.0                                   -> v1.0.0
2026-10-08T09:48:22.8209711Z  * [new ref]         83c91dff12bc470b613102534d5784cad5df2d1e -> pull/168/merge
2026-10-08T09:48:22.8211055Z ##[endgroup]
2026-10-08T09:48:22.8211426Z ##[group]Determining the checkout info
2026-10-08T09:48:22.8211816Z ##[endgroup]
2026-10-08T09:48:22.8212058Z [command]/usr/bin/git sparse-checkout disable
2026-10-08T09:48:22.8615070Z [command]/usr/bin/git config --local --unset-all extensions.worktreeConfig
2026-10-08T09:48:22.8780226Z ##[group]Checking out the ref
2026-10-08T09:48:22.8783534Z [command]/usr/bin/git checkout --progress --force refs/remotes/pull/168/merge
2026-10-08T09:48:23.2153939Z Note: switching to 'refs/remotes/pull/168/merge'.
2026-10-08T09:48:23.2175929Z 
2026-10-08T09:48:23.2176382Z You are in 'detached HEAD' state. You can look around, make experimental
2026-10-08T09:48:23.2176994Z changes and commit them, and you can discard any commits you make in this
2026-10-08T09:48:23.2177397Z state without impacting any branches by switching back to a branch.
2026-10-08T09:48:23.2177623Z 
2026-10-08T09:48:23.2177772Z If you want to create a new branch to retain commits you create, you may
2026-10-08T09:48:23.2178125Z do so (now or later) by using -c with the switch command. Example:
2026-10-08T09:48:23.2178334Z 
2026-10-08T09:48:23.2178438Z   git switch -c <new-branch-name>
2026-10-08T09:48:23.2178639Z 
2026-10-08T09:48:23.2178804Z Or undo this operation with:
2026-10-08T09:48:23.2178985Z 
2026-10-08T09:48:23.2179098Z   git switch -
2026-10-08T09:48:23.2179256Z 
2026-10-08T09:48:23.2179533Z Turn off this advice by setting config variable advice.detachedHead to false
2026-10-08T09:48:23.2179910Z 
2026-10-08T09:48:23.2180343Z HEAD is now at 83c91df Merge b87df7a77656457549d6f2d678c56d321ae0d869 into ed81ee2fcadc9e8cfcd165947561f8b4b65589e6
2026-10-08T09:48:23.2181922Z ##[endgroup]
2026-10-08T09:48:23.2219067Z [command]/usr/bin/git log -1 --format=%H
2026-10-08T09:48:23.2239342Z 83c91dff12bc470b613102534d5784cad5df2d1e
2026-10-08T09:48:23.2248527Z ##[group]Removing auth
2026-10-08T09:48:23.2255957Z [command]/usr/bin/git config --local --name-only --get-regexp core\.sshCommand
2026-10-08T09:48:23.2279538Z [command]/usr/bin/git submodule foreach --recursive sh -c "git config --local --name-only --get-regexp 'core\.sshCommand' && git config --local --unset-all 'core.sshCommand' || :"
2026-10-08T09:48:23.2473382Z [command]/usr/bin/git config --local --name-only --get-regexp http\.https\:\/\/github\.com\/\.extraheader
2026-10-08T09:48:23.2517976Z http.https://github.com/.extraheader
2026-10-08T09:48:23.2524950Z [command]/usr/bin/git config --local --unset-all http.https://github.com/.extraheader
2026-10-08T09:48:23.2584234Z [command]/usr/bin/git submodule foreach --recursive sh -c "git config --local --name-only --get-regexp 'http\.https\:\/\/github\.com\/\.extraheader' && git config --local --unset-all 'http.https://github.com/.extraheader' || :"
2026-10-08T09:48:23.2780382Z [command]/usr/bin/git config --local --name-only --get-regexp ^includeIf\.gitdir:
2026-10-08T09:48:23.2803811Z [command]/usr/bin/git submodule foreach --recursive git config --local --show-origin --name-only --get-regexp remote.origin.url
2026-10-08T09:48:23.2989809Z ##[endgroup]
2026-10-08T09:48:23.3491100Z ##[group]Run git rev-parse HEAD > frontend-source-sha.txt
2026-10-08T09:48:23.3491503Z [36;1mgit rev-parse HEAD > frontend-source-sha.txt[0m
2026-10-08T09:48:23.4481522Z shell: /usr/bin/bash -e {0}
2026-10-08T09:48:23.4481782Z ##[endgroup]
2026-10-08T09:48:23.5724351Z ##[group]Run actions/setup-node@v4
2026-10-08T09:48:23.5724588Z with:
2026-10-08T09:48:23.5724760Z   node-version: 22
2026-10-08T09:48:23.5724933Z   cache: npm
2026-10-08T09:48:23.5725134Z   cache-dependency-path: web/package-lock.json
2026-10-08T09:48:23.5725391Z   always-auth: false
2026-10-08T09:48:23.5725577Z   check-latest: false
2026-10-08T09:48:23.5727550Z   token: ***
2026-10-08T09:48:23.5727722Z ##[endgroup]
2026-10-08T09:48:23.6896512Z Found in cache @ /opt/hostedtoolcache/node/22.23.3/x64
2026-10-08T09:48:23.6901124Z (node:2172) [DEP0040] DeprecationWarning: The `punycode` module is deprecated. Please use a userland alternative instead.
2026-10-08T09:48:23.6901792Z (Use `node --trace-deprecation ...` to show where the warning was created)
2026-10-08T09:48:23.6903301Z ##[group]Environment details
2026-10-08T09:48:24.0566349Z node: v22.23.3
2026-10-08T09:48:24.0567138Z npm: 10.9.9
2026-10-08T09:48:24.0567420Z yarn: 1.22.22
2026-10-08T09:48:24.0568276Z ##[endgroup]
2026-10-08T09:48:24.0586084Z [command]/opt/hostedtoolcache/node/22.23.3/x64/bin/npm config get cache
2026-10-08T09:48:24.1524472Z /home/runner/.npm
2026-10-08T09:48:24.3726747Z npm cache is not found
2026-10-08T09:48:24.4173193Z ##[group]Run actions/setup-go@v5
2026-10-08T09:48:24.4173560Z with:
2026-10-08T09:48:24.4173735Z   go-version-file: go.mod
2026-10-08T09:48:24.4173933Z   check-latest: false
2026-10-08T09:48:24.4175718Z   token: ***
2026-10-08T09:48:24.4175888Z   cache: true
2026-10-08T09:48:24.4176056Z ##[endgroup]
2026-10-08T09:48:24.5287727Z Setup go version spec 1.25.7
2026-10-08T09:48:24.5289070Z Attempting to download 1.25.7...
2026-10-08T09:48:24.5379719Z (node:2215) [DEP0040] DeprecationWarning: The `punycode` module is deprecated. Please use a userland alternative instead.
2026-10-08T09:48:24.5380388Z (Use `node --trace-deprecation ...` to show where the warning was created)
2026-10-08T09:48:25.5693687Z matching 1.25.7...
2026-10-08T09:48:25.5722966Z Acquiring 1.25.7 from https://github.com/actions/go-versions/releases/download/1.25.7-21696103256/go-1.25.7-linux-x64.tar.gz
2026-10-08T09:48:26.2467134Z Extracting Go...
2026-10-08T09:48:26.2557140Z [command]/usr/bin/tar xz --warning=no-unknown-keyword --overwrite -C /home/runner/work/_temp/24be0597-aa04-4292-ac2b-446fcc443037 -f /home/runner/work/_temp/15f990e2-4d0f-42fe-87e6-5a9656e920e4
2026-10-08T09:48:27.6305137Z Successfully extracted go to /home/runner/work/_temp/24be0597-aa04-4292-ac2b-446fcc443037
2026-10-08T09:48:27.6305578Z Adding to the cache ...
2026-10-08T09:48:34.0198620Z Successfully cached go to /opt/hostedtoolcache/go/1.25.7/x64
2026-10-08T09:48:34.0201009Z Added go to the path
2026-10-08T09:48:34.0203288Z Successfully set up Go version 1.25.7
2026-10-08T09:48:34.0368563Z [command]/opt/hostedtoolcache/go/1.25.7/x64/bin/go env GOMODCACHE
2026-10-08T09:48:34.0397644Z [command]/opt/hostedtoolcache/go/1.25.7/x64/bin/go env GOCACHE
2026-10-08T09:48:34.0427960Z /home/runner/go/pkg/mod
2026-10-08T09:48:34.0440851Z /home/runner/.cache/go-build
2026-10-08T09:48:34.2528893Z Cache hit for: setup-go-Linux-x64-ubuntu24-go-1.25.7-4513745f7b95ab0bc8e1f9edd24c294514fb4a9ee51f2290b342654582d5d782
2026-10-08T09:48:34.2614828Z (node:2215) [DEP0169] DeprecationWarning: `url.parse()` behavior is not standardized and prone to errors that have security implications. Use the WHATWG URL API instead. CVEs are not issued for `url.parse()` vulnerabilities.
2026-10-08T09:48:35.4600624Z Received 41943040 of 266857975 (15.7%), 40.0 MBs/sec
2026-10-08T09:48:36.4637112Z Received 209715200 of 266857975 (78.6%), 99.9 MBs/sec
2026-10-08T09:48:36.7064928Z Received 266857975 of 266857975 (100.0%), 113.3 MBs/sec
2026-10-08T09:48:36.7065731Z Cache Size: ~254 MB (266857975 B)
2026-10-08T09:48:36.7092527Z [command]/usr/bin/tar -xf /home/runner/work/_temp/88b81883-3cc4-4b20-b55b-849d678d2b5e/cache.tzst -P -C /home/runner/work/tabmail/tabmail --use-compress-program unzstd
2026-10-08T09:48:37.8315821Z Cache restored successfully
2026-10-08T09:48:37.8424794Z Cache restored from key: setup-go-Linux-x64-ubuntu24-go-1.25.7-4513745f7b95ab0bc8e1f9edd24c294514fb4a9ee51f2290b342654582d5d782
2026-10-08T09:48:37.8429614Z go version go1.25.7 linux/amd64
2026-10-08T09:48:37.8429847Z 
2026-10-08T09:48:37.8430224Z ##[group]go env
2026-10-08T09:48:37.8537579Z AR='ar'
2026-10-08T09:48:37.8537846Z CC='gcc'
2026-10-08T09:48:37.8538148Z CGO_CFLAGS='-O2 -g'
2026-10-08T09:48:37.8538407Z CGO_CPPFLAGS=''
2026-10-08T09:48:37.8538617Z CGO_CXXFLAGS='-O2 -g'
2026-10-08T09:48:37.8538821Z CGO_ENABLED='1'
2026-10-08T09:48:37.8539056Z CGO_FFLAGS='-O2 -g'
2026-10-08T09:48:37.8539259Z CGO_LDFLAGS='-O2 -g'
2026-10-08T09:48:37.8539440Z CXX='g++'
2026-10-08T09:48:37.8539610Z GCCGO='gccgo'
2026-10-08T09:48:37.8539796Z GO111MODULE=''
2026-10-08T09:48:37.8539969Z GOAMD64='v1'
2026-10-08T09:48:37.8540139Z GOARCH='amd64'
2026-10-08T09:48:37.8540328Z GOAUTH='netrc'
2026-10-08T09:48:37.8540508Z GOBIN=''
2026-10-08T09:48:37.8540731Z GOCACHE='/home/runner/.cache/go-build'
2026-10-08T09:48:37.8540964Z GOCACHEPROG=''
2026-10-08T09:48:37.8541140Z GODEBUG=''
2026-10-08T09:48:37.8541354Z GOENV='/home/runner/.config/go/env'
2026-10-08T09:48:37.8541586Z GOEXE=''
2026-10-08T09:48:37.8541760Z GOEXPERIMENT=''
2026-10-08T09:48:37.8542149Z GOFIPS140='off'
2026-10-08T09:48:37.8542514Z GOFLAGS=''
2026-10-08T09:48:37.8543164Z GOGCCFLAGS='-fPIC -m64 -pthread -Wl,--no-gc-sections -fmessage-length=0 -ffile-prefix-map=/tmp/go-build1538837431=/tmp/go-build -gno-record-gcc-switches'
2026-10-08T09:48:37.8543685Z GOHOSTARCH='amd64'
2026-10-08T09:48:37.8543869Z GOHOSTOS='linux'
2026-10-08T09:48:37.8544073Z GOINSECURE=''
2026-10-08T09:48:37.8544322Z GOMOD='/home/runner/work/tabmail/tabmail/go.mod'
2026-10-08T09:48:37.8544621Z GOMODCACHE='/home/runner/go/pkg/mod'
2026-10-08T09:48:37.8544842Z GONOPROXY=''
2026-10-08T09:48:37.8545017Z GONOSUMDB=''
2026-10-08T09:48:37.8545178Z GOOS='linux'
2026-10-08T09:48:37.8545361Z GOPATH='/home/runner/go'
2026-10-08T09:48:37.8545554Z GOPRIVATE=''
2026-10-08T09:48:37.8545825Z GOPROXY='https://proxy.golang.org,direct'
2026-10-08T09:48:37.8546156Z GOROOT='/opt/hostedtoolcache/go/1.25.7/x64'
2026-10-08T09:48:37.8546425Z GOSUMDB='sum.golang.org'
2026-10-08T09:48:37.8546647Z GOTELEMETRY='local'
2026-10-08T09:48:37.8547084Z GOTELEMETRYDIR='/home/runner/.config/go/telemetry'
2026-10-08T09:48:37.8547446Z GOTMPDIR=''
2026-10-08T09:48:37.8547716Z GOTOOLCHAIN='auto'
2026-10-08T09:48:37.8548062Z GOTOOLDIR='/opt/hostedtoolcache/go/1.25.7/x64/pkg/tool/linux_amd64'
2026-10-08T09:48:37.8548357Z GOVCS=''
2026-10-08T09:48:37.8548534Z GOVERSION='go1.25.7'
2026-10-08T09:48:37.8548732Z GOWORK=''
2026-10-08T09:48:37.8548920Z PKG_CONFIG='pkg-config'
2026-10-08T09:48:37.8549051Z 
2026-10-08T09:48:37.8549296Z ##[endgroup]
2026-10-08T09:48:37.8718415Z ##[group]Run python3 -m pip install --disable-pip-version-check -r scripts/requirements-contract.txt
2026-10-08T09:48:37.8719000Z [36;1mpython3 -m pip install --disable-pip-version-check -r scripts/requirements-contract.txt[0m
2026-10-08T09:48:37.8779366Z shell: /usr/bin/bash -e {0}
2026-10-08T09:48:37.8779585Z ##[endgroup]
2026-10-08T09:48:39.0113708Z Defaulting to user installation because normal site-packages is not writeable
2026-10-08T09:48:39.7335720Z Collecting PyYAML==6.0.3 (from -r scripts/requirements-contract.txt (line 1))
2026-10-08T09:48:39.7787088Z   Downloading pyyaml-6.0.3-cp312-cp312-manylinux2014_x86_64.manylinux_2_17_x86_64.manylinux_2_28_x86_64.whl.metadata (2.4 kB)
2026-10-08T09:48:39.8046426Z Collecting jsonschema==4.26.0 (from -r scripts/requirements-contract.txt (line 3))
2026-10-08T09:48:39.8146251Z   Downloading jsonschema-4.26.0-py3-none-any.whl.metadata (7.6 kB)
2026-10-08T09:48:39.8270276Z Collecting rfc3339-validator==0.1.4 (from -r scripts/requirements-contract.txt (line 4))
2026-10-08T09:48:39.8367788Z   Downloading rfc3339_validator-0.1.4-py2.py3-none-any.whl.metadata (1.5 kB)
2026-10-08T09:48:39.8529122Z Collecting attrs==26.1.0 (from -r scripts/requirements-contract.txt (line 6))
2026-10-08T09:48:39.8626334Z   Downloading attrs-26.1.0-py3-none-any.whl.metadata (8.8 kB)
2026-10-08T09:48:39.8780565Z Collecting jsonschema-specifications==2025.9.1 (from -r scripts/requirements-contract.txt (line 7))
2026-10-08T09:48:39.8878823Z   Downloading jsonschema_specifications-2025.9.1-py3-none-any.whl.metadata (2.9 kB)
2026-10-08T09:48:39.9130842Z Collecting referencing==0.37.0 (from -r scripts/requirements-contract.txt (line 8))
2026-10-08T09:48:39.9229193Z   Downloading referencing-0.37.0-py3-none-any.whl.metadata (2.8 kB)
2026-10-08T09:48:40.1444282Z Collecting rpds-py==2026.6.3 (from -r scripts/requirements-contract.txt (line 9))
2026-10-08T09:48:40.1545291Z   Downloading rpds_py-2026.6.3-cp312-cp312-manylinux_2_17_x86_64.manylinux2014_x86_64.whl.metadata (4.1 kB)
2026-10-08T09:48:40.1681846Z Collecting six==1.17.0 (from -r scripts/requirements-contract.txt (line 10))
2026-10-08T09:48:40.1780539Z   Downloading six-1.17.0-py2.py3-none-any.whl.metadata (1.7 kB)
2026-10-08T09:48:40.1961532Z Collecting typing_extensions==4.16.0 (from -r scripts/requirements-contract.txt (line 11))
2026-10-08T09:48:40.2060976Z   Downloading typing_extensions-4.16.0-py3-none-any.whl.metadata (3.3 kB)
2026-10-08T09:48:40.2857671Z Downloading pyyaml-6.0.3-cp312-cp312-manylinux2014_x86_64.manylinux_2_17_x86_64.manylinux_2_28_x86_64.whl (807 kB)
2026-10-08T09:48:40.3438460Z    ━━━━━━━━━━━━━━━━━━━━━━━━━━━━━━━━━━━━━━━━ 807.9/807.9 kB 14.4 MB/s eta 0:00:00
2026-10-08T09:48:40.3537337Z Downloading jsonschema-4.26.0-py3-none-any.whl (90 kB)
2026-10-08T09:48:40.3568301Z    ━━━━━━━━━━━━━━━━━━━━━━━━━━━━━━━━━━━━━━━━ 90.6/90.6 kB 48.3 MB/s eta 0:00:00
2026-10-08T09:48:40.3669027Z Downloading rfc3339_validator-0.1.4-py2.py3-none-any.whl (3.5 kB)
2026-10-08T09:48:40.3783329Z Downloading attrs-26.1.0-py3-none-any.whl (67 kB)
2026-10-08T09:48:40.3812656Z    ━━━━━━━━━━━━━━━━━━━━━━━━━━━━━━━━━━━━━━━━ 67.5/67.5 kB 36.4 MB/s eta 0:00:00
2026-10-08T09:48:40.3913260Z Downloading jsonschema_specifications-2025.9.1-py3-none-any.whl (18 kB)
2026-10-08T09:48:40.4751537Z Downloading referencing-0.37.0-py3-none-any.whl (26 kB)
2026-10-08T09:48:40.4863557Z Downloading rpds_py-2026.6.3-cp312-cp312-manylinux_2_17_x86_64.manylinux2014_x86_64.whl (366 kB)
2026-10-08T09:48:40.5003497Z    ━━━━━━━━━━━━━━━━━━━━━━━━━━━━━━━━━━━━━━━━ 366.2/366.2 kB 28.4 MB/s eta 0:00:00
2026-10-08T09:48:40.5100776Z Downloading six-1.17.0-py2.py3-none-any.whl (11 kB)
2026-10-08T09:48:40.5211989Z Downloading typing_extensions-4.16.0-py3-none-any.whl (45 kB)
2026-10-08T09:48:40.5241543Z    ━━━━━━━━━━━━━━━━━━━━━━━━━━━━━━━━━━━━━━━━ 45.6/45.6 kB 20.3 MB/s eta 0:00:00
2026-10-08T09:48:40.8620947Z Installing collected packages: typing_extensions, six, rpds-py, PyYAML, attrs, rfc3339-validator, referencing, jsonschema-specifications, jsonschema
2026-10-08T09:48:41.3111101Z Successfully installed PyYAML-6.0.3 attrs-26.1.0 jsonschema-4.26.0 jsonschema-specifications-2025.9.1 referencing-0.37.0 rfc3339-validator-0.1.4 rpds-py-2026.6.3 six-1.17.0 typing_extensions-4.16.0
2026-10-08T09:48:41.3930634Z ##[group]Run npm ci
2026-10-08T09:48:41.3930864Z [36;1mnpm ci[0m
2026-10-08T09:48:41.3985680Z shell: /usr/bin/bash -e {0}
2026-10-08T09:48:41.3985912Z ##[endgroup]
2026-10-08T09:48:45.5770836Z npm warn deprecated node-domexception@1.0.0: Use your platform's native DOMException instead
2026-10-08T09:48:58.7621582Z 
2026-10-08T09:48:58.7622185Z added 760 packages, and audited 761 packages in 17s
2026-10-08T09:48:58.7622439Z 
2026-10-08T09:48:58.7622585Z 264 packages are looking for funding
2026-10-08T09:48:58.7622867Z   run `npm fund` for details
2026-10-08T09:48:58.7992513Z 
2026-10-08T09:48:58.7993144Z 8 high severity vulnerabilities
2026-10-08T09:48:58.7993451Z 
2026-10-08T09:48:58.7993659Z To address issues that do not require attention, run:
2026-10-08T09:48:58.7993960Z   npm audit fix
2026-10-08T09:48:58.7994066Z 
2026-10-08T09:48:58.7994265Z To address all issues (including breaking changes), run:
2026-10-08T09:48:58.7994559Z   npm audit fix --force
2026-10-08T09:48:58.7996557Z 
2026-10-08T09:48:58.7996749Z Run `npm audit` for details.
2026-10-08T09:48:58.8586857Z ##[group]Run python3 -B scripts/run_r5_source_version_tests.py --root . --output frontend-source-version-tests.json
2026-10-08T09:48:58.8587967Z [36;1mpython3 -B scripts/run_r5_source_version_tests.py --root . --output frontend-source-version-tests.json[0m
2026-10-08T09:48:58.8644659Z shell: /usr/bin/bash -e {0}
2026-10-08T09:48:58.8644888Z ##[endgroup]
2026-10-08T09:49:55.3267608Z test_actual_contract (test_admin_override_contract.AdminOverrideContractTests.test_actual_contract) ... ok
2026-10-08T09:49:55.7426518Z test_duplicate_handler (test_admin_override_contract.AdminOverrideContractTests.test_duplicate_handler) ... ok
2026-10-08T09:49:56.1744617Z test_effective_response_is_not_raw_snapshot (test_admin_override_contract.AdminOverrideContractTests.test_effective_response_is_not_raw_snapshot) ... ok
2026-10-08T09:49:56.5701597Z test_extra_success_status (test_admin_override_contract.AdminOverrideContractTests.test_extra_success_status) ... ok
2026-10-08T09:49:56.9762507Z test_go_omitted_nullable_field (test_admin_override_contract.AdminOverrideContractTests.test_go_omitted_nullable_field) ... ok
2026-10-08T09:49:57.3839534Z test_missing_auth_middleware (test_admin_override_contract.AdminOverrideContractTests.test_missing_auth_middleware) ... ok
2026-10-08T09:49:57.8093457Z test_missing_envelope_requirement (test_admin_override_contract.AdminOverrideContractTests.test_missing_envelope_requirement) ... ok
2026-10-08T09:49:58.2046545Z test_missing_go_dto (test_admin_override_contract.AdminOverrideContractTests.test_missing_go_dto) ... ok
2026-10-08T09:49:58.6099576Z test_missing_handler (test_admin_override_contract.AdminOverrideContractTests.test_missing_handler) ... ok
2026-10-08T09:49:59.0272316Z test_missing_schema_field (test_admin_override_contract.AdminOverrideContractTests.test_missing_schema_field) ... ok
2026-10-08T09:49:59.4612739Z test_missing_security (test_admin_override_contract.AdminOverrideContractTests.test_missing_security) ... ok
2026-10-08T09:49:59.8608307Z test_missing_superadmin_middleware (test_admin_override_contract.AdminOverrideContractTests.test_missing_superadmin_middleware) ... ok
2026-10-08T09:50:00.2629719Z test_missing_ts_dto (test_admin_override_contract.AdminOverrideContractTests.test_missing_ts_dto) ... ok
2026-10-08T09:50:00.6744647Z test_nonnullable_schema_field (test_admin_override_contract.AdminOverrideContractTests.test_nonnullable_schema_field) ... ok
2026-10-08T09:50:01.1024727Z test_open_schema (test_admin_override_contract.AdminOverrideContractTests.test_open_schema) ... ok
2026-10-08T09:50:01.5035798Z test_optional_schema_field (test_admin_override_contract.AdminOverrideContractTests.test_optional_schema_field) ... ok
2026-10-08T09:50:01.9115657Z test_ts_nonnullable_field (test_admin_override_contract.AdminOverrideContractTests.test_ts_nonnullable_field) ... ok
2026-10-08T09:50:02.3268356Z test_ts_optional_field (test_admin_override_contract.AdminOverrideContractTests.test_ts_optional_field) ... ok
2026-10-08T09:50:02.7566853Z test_wrong_handler (test_admin_override_contract.AdminOverrideContractTests.test_wrong_handler) ... ok
2026-10-08T09:50:03.1539131Z test_wrong_numeric_bound (test_admin_override_contract.AdminOverrideContractTests.test_wrong_numeric_bound) ... ok
2026-10-08T09:50:03.5569715Z test_wrong_path_parameter (test_admin_override_contract.AdminOverrideContractTests.test_wrong_path_parameter) ... ok
2026-10-08T09:50:03.9615937Z test_action_resource_allowlist_matches_server_and_consumer (test_company_admin_events_contract.CompanyAdminEventsContractTests.test_action_resource_allowlist_matches_server_and_consumer) ... ok
2026-10-08T09:50:03.9617865Z test_exact_wire_fields_match_both_producer_and_consumer (test_company_admin_events_contract.CompanyAdminEventsContractTests.test_exact_wire_fields_match_both_producer_and_consumer) ... ok
2026-10-08T09:50:03.9620462Z test_read_and_frame_fences_are_source_evidence_not_broadcast (test_company_admin_events_contract.CompanyAdminEventsContractTests.test_read_and_frame_fences_are_source_evidence_not_broadcast) ... ok
2026-10-08T09:50:03.9622224Z test_route_sse_frames_and_advisory_last_id (test_company_admin_events_contract.CompanyAdminEventsContractTests.test_route_sse_frames_and_advisory_last_id) ... ok
2026-10-08T09:50:03.9626065Z test_duplicate_go_field_in_one_struct_fails (test_contract_drift.DuplicateDefinitionTests.test_duplicate_go_field_in_one_struct_fails) ... ok
2026-10-08T09:50:03.9630697Z test_duplicate_go_struct_across_files_fails (test_contract_drift.DuplicateDefinitionTests.test_duplicate_go_struct_across_files_fails) ... ok
2026-10-08T09:50:03.9634845Z test_duplicate_ts_field_in_one_interface_fails (test_contract_drift.DuplicateDefinitionTests.test_duplicate_ts_field_in_one_interface_fails) ... ok
2026-10-08T09:50:03.9641164Z test_duplicate_ts_interface_across_files_fails (test_contract_drift.DuplicateDefinitionTests.test_duplicate_ts_interface_across_files_fails) ... ok
2026-10-08T09:50:03.9643399Z test_deleted_go_model_fails (test_contract_drift.FieldSetTests.test_deleted_go_model_fails) ... ok
2026-10-08T09:50:03.9645569Z test_deleted_ts_model_fails (test_contract_drift.FieldSetTests.test_deleted_ts_model_fails) ... ok
2026-10-08T09:50:03.9649374Z test_renamed_go_field_fails (test_contract_drift.FieldSetTests.test_renamed_go_field_fails) ... ok
2026-10-08T09:50:03.9652954Z test_renamed_ts_field_fails (test_contract_drift.FieldSetTests.test_renamed_ts_field_fails) ... ok
2026-10-08T09:50:03.9656818Z test_inline_object_for_unmapped_nested_struct_passes (test_contract_drift.LegalContractTests.test_inline_object_for_unmapped_nested_struct_passes) ... ok
2026-10-08T09:50:03.9660474Z test_legal_contract_passes (test_contract_drift.LegalContractTests.test_legal_contract_passes) ... ok
2026-10-08T09:50:03.9664245Z test_mapped_nested_struct_with_wrong_ts_name_fails (test_contract_drift.NestedReferenceTests.test_mapped_nested_struct_with_wrong_ts_name_fails) ... ok
2026-10-08T09:50:03.9668045Z test_omitempty_value_with_ts_null_fails (test_contract_drift.NullabilityTests.test_omitempty_value_with_ts_null_fails) ... ok
2026-10-08T09:50:03.9671643Z test_pointer_omitempty_must_be_optional_or_nullable (test_contract_drift.NullabilityTests.test_pointer_omitempty_must_be_optional_or_nullable) ... ok
2026-10-08T09:50:03.9675159Z test_pointer_without_omitempty_requires_ts_null (test_contract_drift.NullabilityTests.test_pointer_without_omitempty_requires_ts_null) ... ok
2026-10-08T09:50:03.9678645Z test_value_field_with_ts_null_fails (test_contract_drift.NullabilityTests.test_value_field_with_ts_null_fails) ... ok
2026-10-08T09:50:03.9684207Z test_array_item_drift_fails (test_contract_drift.OpenAPIContractTests.test_array_item_drift_fails) ... ok
2026-10-08T09:50:03.9689337Z test_duplicate_yaml_key_is_rejected (test_contract_drift.OpenAPIContractTests.test_duplicate_yaml_key_is_rejected) ... ok
2026-10-08T09:50:03.9694456Z test_enum_drift_fails (test_contract_drift.OpenAPIContractTests.test_enum_drift_fails) ... ok
2026-10-08T09:50:03.9699414Z test_field_set_drift_fails (test_contract_drift.OpenAPIContractTests.test_field_set_drift_fails) ... ok
2026-10-08T09:50:03.9704279Z test_legal_openapi_contract_passes (test_contract_drift.OpenAPIContractTests.test_legal_openapi_contract_passes) ... ok
2026-10-08T09:50:03.9707119Z test_missing_component_fails (test_contract_drift.OpenAPIContractTests.test_missing_component_fails) ... ok
2026-10-08T09:50:03.9709217Z test_missing_local_reference_fails (test_contract_drift.OpenAPIContractTests.test_missing_local_reference_fails) ... ok
2026-10-08T09:50:03.9714218Z test_nested_reference_drift_fails (test_contract_drift.OpenAPIContractTests.test_nested_reference_drift_fails) ... ok
2026-10-08T09:50:03.9719201Z test_required_drift_fails (test_contract_drift.OpenAPIContractTests.test_required_drift_fails) ... ok
2026-10-08T09:50:03.9724104Z test_required_pointer_must_allow_null (test_contract_drift.OpenAPIContractTests.test_required_pointer_must_allow_null) ... ok
2026-10-08T09:50:03.9729101Z test_scalar_type_and_format_drift_fail (test_contract_drift.OpenAPIContractTests.test_scalar_type_and_format_drift_fail) ... ok
2026-10-08T09:50:03.9733704Z test_typed_map_requires_additional_properties_schema (test_contract_drift.OpenAPIContractTests.test_typed_map_requires_additional_properties_schema) ... ok
2026-10-08T09:50:03.9736755Z test_wrong_openapi_version_is_rejected (test_contract_drift.OpenAPIContractTests.test_wrong_openapi_version_is_rejected) ... ok
2026-10-08T09:50:03.9741987Z test_duplicate_required_is_rejected (test_contract_drift.OpenAPIFailClosedTests.test_duplicate_required_is_rejected) ... ok
2026-10-08T09:50:03.9746777Z test_extra_array_type_is_rejected (test_contract_drift.OpenAPIFailClosedTests.test_extra_array_type_is_rejected) ... ok
2026-10-08T09:50:03.9751863Z test_extra_scalar_type_cannot_hide_behind_expected_type (test_contract_drift.OpenAPIFailClosedTests.test_extra_scalar_type_cannot_hide_behind_expected_type) ... ok
2026-10-08T09:50:03.9756543Z test_legacy_nullable_is_not_json_schema_null (test_contract_drift.OpenAPIFailClosedTests.test_legacy_nullable_is_not_json_schema_null) ... ok
2026-10-08T09:50:03.9758902Z test_malformed_components_is_reported (test_contract_drift.OpenAPIFailClosedTests.test_malformed_components_is_reported) ... ok
2026-10-08T09:50:03.9759799Z test_missing_response_ref_is_rejected (test_contract_drift.OpenAPIFailClosedTests.test_missing_response_ref_is_rejected) ... ok
2026-10-08T09:50:03.9765635Z test_missing_ts_property_is_reported_not_a_key_error (test_contract_drift.OpenAPIFailClosedTests.test_missing_ts_property_is_reported_not_a_key_error) ... ok
2026-10-08T09:50:03.9767385Z test_missing_yaml_dependency_is_reported (test_contract_drift.OpenAPIFailClosedTests.test_missing_yaml_dependency_is_reported) ... ok
2026-10-08T09:50:03.9768866Z test_remote_ref_is_not_silently_unchecked (test_contract_drift.OpenAPIFailClosedTests.test_remote_ref_is_not_silently_unchecked) ... ok
2026-10-08T09:50:03.9773263Z test_unrelated_union_branch_cannot_hide_behind_nested_ref (test_contract_drift.OpenAPIFailClosedTests.test_unrelated_union_branch_cannot_hide_behind_nested_ref) ... ok
2026-10-08T09:50:03.9777644Z test_bool_projection_change_fails (test_contract_drift.ProjectionTests.test_bool_projection_change_fails) ... ok
2026-10-08T09:50:03.9782131Z test_named_string_type_against_number_alias_fails (test_contract_drift.ProjectionTests.test_named_string_type_against_number_alias_fails) ... ok
2026-10-08T09:50:03.9787209Z test_scalar_type_change_fails (test_contract_drift.ProjectionTests.test_scalar_type_change_fails) ... ok
2026-10-08T09:50:03.9791506Z test_slice_element_type_drift_fails (test_contract_drift.ProjectionTests.test_slice_element_type_drift_fails) ... ok
2026-10-08T09:50:03.9795625Z test_slice_without_ts_array_fails (test_contract_drift.ProjectionTests.test_slice_without_ts_array_fails) ... ok
2026-10-08T09:50:03.9799832Z test_unresolvable_alias_fails (test_contract_drift.ProjectionTests.test_unresolvable_alias_fails) ... ok
2026-10-08T09:50:03.9804238Z test_uuid_projected_as_string_change_fails (test_contract_drift.ProjectionTests.test_uuid_projected_as_string_change_fails) ... ok
2026-10-08T09:50:03.9807052Z test_shared_missing_go_is_reported (test_contract_drift.SharedEntryTests.test_shared_missing_go_is_reported) ... ok
2026-10-08T09:50:03.9811674Z test_array_union_cannot_hide_a_non_array_member (test_contract_drift.StrictWireContractTests.test_array_union_cannot_hide_a_non_array_member) ... ok
2026-10-08T09:50:03.9816072Z test_mapped_child_cannot_hide_unchecked_inline_shape (test_contract_drift.StrictWireContractTests.test_mapped_child_cannot_hide_unchecked_inline_shape) ... ok
2026-10-08T09:50:03.9820523Z test_multiline_union_with_leading_pipe_is_legal (test_contract_drift.StrictWireContractTests.test_multiline_union_with_leading_pipe_is_legal) ... ok
2026-10-08T09:50:03.9824765Z test_null_alone_cannot_represent_pointer_value (test_contract_drift.StrictWireContractTests.test_null_alone_cannot_represent_pointer_value) ... ok
2026-10-08T09:50:03.9829422Z test_nullable_does_not_allow_an_omitted_property (test_contract_drift.StrictWireContractTests.test_nullable_does_not_allow_an_omitted_property) ... ok
2026-10-08T09:50:03.9833523Z test_omitted_value_type_must_also_be_optional (test_contract_drift.StrictWireContractTests.test_omitted_value_type_must_also_be_optional) ... ok
2026-10-08T09:50:03.9834900Z test_unbalanced_type_fails_closed (test_contract_drift.StrictWireContractTests.test_unbalanced_type_fails_closed) ... ok
2026-10-08T09:50:03.9836406Z test_union_split_preserves_nested_and_quoted_pipes (test_contract_drift.StrictWireContractTests.test_union_split_preserves_nested_and_quoted_pipes) ... ok
2026-10-08T09:50:03.9839789Z test_boolean_literal_matches_only_same_boolean_enum (test_contract_source_aliases.BooleanLiteralTests.test_boolean_literal_matches_only_same_boolean_enum) ... ok
2026-10-08T09:50:03.9841609Z test_null_only_alias_cannot_stand_for_a_nullable_go_pointer (test_contract_source_aliases.BooleanLiteralTests.test_null_only_alias_cannot_stand_for_a_nullable_go_pointer) ... ok
2026-10-08T09:50:03.9848182Z test_nullable_and_null_only_boolean_aliases_reject_in_both_gates (test_contract_source_aliases.BooleanLiteralTests.test_nullable_and_null_only_boolean_aliases_reject_in_both_gates) ... ok
2026-10-08T09:50:03.9850195Z test_nullable_boolean_alias_matches_nullable_pointer_and_schema (test_contract_source_aliases.BooleanLiteralTests.test_nullable_boolean_alias_matches_nullable_pointer_and_schema) ... ok
2026-10-08T09:50:03.9853711Z test_optional_undefined_alias_keeps_omitempty_but_does_not_invent_null (test_contract_source_aliases.BooleanLiteralTests.test_optional_undefined_alias_keeps_omitempty_but_does_not_invent_null) ... ok
2026-10-08T09:50:03.9858371Z test_required_field_cannot_hide_undefined_or_optional_presence (test_contract_source_aliases.BooleanLiteralTests.test_required_field_cannot_hide_undefined_or_optional_presence) ... ok
2026-10-08T09:50:03.9861807Z test_unconstrained_boolean_is_not_a_false_only_waiver (test_contract_source_aliases.BooleanLiteralTests.test_unconstrained_boolean_is_not_a_false_only_waiver) ... ok
2026-10-08T09:50:03.9866695Z test_unknown_and_non_boolean_ts_types_are_rejected (test_contract_source_aliases.BooleanLiteralTests.test_unknown_and_non_boolean_ts_types_are_rejected) ... ok
2026-10-08T09:50:03.9872243Z test_wrong_missing_duplicate_or_mixed_boolean_enum_rejected (test_contract_source_aliases.BooleanLiteralTests.test_wrong_missing_duplicate_or_mixed_boolean_enum_rejected) ... ok
2026-10-08T09:50:03.9878317Z test_current_bcc_nullable_container_cannot_hide_nullable_address_items (test_contract_source_aliases.CollectionAliasScopeTests.test_current_bcc_nullable_container_cannot_hide_nullable_address_items) ... ok
2026-10-08T09:50:03.9880587Z test_every_array_union_branch_is_checked_not_only_the_first (test_contract_source_aliases.CollectionAliasScopeTests.test_every_array_union_branch_is_checked_not_only_the_first) ... ok
2026-10-08T09:50:03.9890619Z test_nested_array_and_alias_chains_do_not_flatten_element_nullability (test_contract_source_aliases.CollectionAliasScopeTests.test_nested_array_and_alias_chains_do_not_flatten_element_nullability) ... ok
2026-10-08T09:50:03.9894119Z test_optional_container_undefined_permission_does_not_reach_items (test_contract_source_aliases.CollectionAliasScopeTests.test_optional_container_undefined_permission_does_not_reach_items) ... ok
2026-10-08T09:50:03.9897871Z test_pointer_elements_and_nested_arrays_keep_their_own_valid_nullability (test_contract_source_aliases.CollectionAliasScopeTests.test_pointer_elements_and_nested_arrays_keep_their_own_valid_nullability) ... ok
2026-10-08T09:50:03.9904371Z test_record_value_and_nested_array_value_have_independent_null_domains (test_contract_source_aliases.CollectionAliasScopeTests.test_record_value_and_nested_array_value_have_independent_null_domains) ... ok
2026-10-08T09:50:03.9914417Z test_string_and_boolean_array_items_reject_null_and_undefined_aliases (test_contract_source_aliases.CollectionAliasScopeTests.test_string_and_boolean_array_items_reject_null_and_undefined_aliases) ... ok
2026-10-08T09:50:03.9916803Z test_widening_both_ts_and_schema_items_still_cannot_widen_go_scalar (test_contract_source_aliases.CollectionAliasScopeTests.test_widening_both_ts_and_schema_items_still_cannot_widen_go_scalar) ... ok
2026-10-08T09:50:03.9922869Z test_alias_validation_siblings_are_not_discarded (test_contract_source_aliases.SchemaAliasTests.test_alias_validation_siblings_are_not_discarded) ... ok
2026-10-08T09:50:03.9925315Z test_ambiguous_schema_composition_is_rejected (test_contract_source_aliases.SchemaAliasTests.test_ambiguous_schema_composition_is_rejected) ... ok
2026-10-08T09:50:03.9937304Z test_closed_objects_cannot_reenable_extra_properties (test_contract_source_aliases.SchemaAliasTests.test_closed_objects_cannot_reenable_extra_properties) ... ok
2026-10-08T09:50:03.9939175Z test_legacy_outbound_component_is_bound_to_public_projection (test_contract_source_aliases.SchemaAliasTests.test_legacy_outbound_component_is_bound_to_public_projection) ... ok
2026-10-08T09:50:03.9942789Z test_missing_content_bcc_or_completeness_is_rejected (test_contract_source_aliases.SchemaAliasTests.test_missing_content_bcc_or_completeness_is_rejected) ... ok
2026-10-08T09:50:03.9948895Z test_missing_or_non_schema_ref_fails_closed (test_contract_source_aliases.SchemaAliasTests.test_missing_or_non_schema_ref_fails_closed) ... ok
2026-10-08T09:50:03.9957288Z test_ordinary_alias_cannot_gain_content_field (test_contract_source_aliases.SchemaAliasTests.test_ordinary_alias_cannot_gain_content_field) ... ok
2026-10-08T09:50:03.9961902Z test_receipt_and_content_must_remain_independent (test_contract_source_aliases.SchemaAliasTests.test_receipt_and_content_must_remain_independent) ... ok
2026-10-08T09:50:03.9964138Z test_schema_alias_cycle_is_rejected (test_contract_source_aliases.SchemaAliasTests.test_schema_alias_cycle_is_rejected) ... ok
2026-10-08T09:50:03.9967063Z test_alias_chain_can_cross_source_files (test_contract_source_aliases.SourceAliasTests.test_alias_chain_can_cross_source_files) ... ok
2026-10-08T09:50:03.9969320Z test_commented_aliases_cannot_override_sources (test_contract_source_aliases.SourceAliasTests.test_commented_aliases_cannot_override_sources) ... ok
2026-10-08T09:50:03.9971453Z test_duplicate_go_alias_across_files_is_rejected (test_contract_source_aliases.SourceAliasTests.test_duplicate_go_alias_across_files_is_rejected) ... ok
2026-10-08T09:50:03.9975467Z test_duplicate_ts_alias_same_or_different_files_is_rejected (test_contract_source_aliases.SourceAliasTests.test_duplicate_ts_alias_same_or_different_files_is_rejected) ... ok
2026-10-08T09:50:03.9979993Z test_extra_json_field_on_alias_target_is_rejected (test_contract_source_aliases.SourceAliasTests.test_extra_json_field_on_alias_target_is_rejected) ... ok
2026-10-08T09:50:03.9982124Z test_go_alias_and_struct_collision_is_rejected (test_contract_source_aliases.SourceAliasTests.test_go_alias_and_struct_collision_is_rejected) ... ok
2026-10-08T09:50:03.9983967Z test_go_alias_cycle_is_rejected (test_contract_source_aliases.SourceAliasTests.test_go_alias_cycle_is_rejected) ... ok
2026-10-08T09:50:03.9987502Z test_go_alias_string_and_struct_collisions_reject_both_file_orders (test_contract_source_aliases.SourceAliasTests.test_go_alias_string_and_struct_collisions_reject_both_file_orders) ... ok
2026-10-08T09:50:03.9991634Z test_go_and_ts_alias_chains_preserve_fields (test_contract_source_aliases.SourceAliasTests.test_go_and_ts_alias_chains_preserve_fields) ... ok
2026-10-08T09:50:03.9993583Z test_missing_go_target_is_not_a_missing_struct_waiver (test_contract_source_aliases.SourceAliasTests.test_missing_go_target_is_not_a_missing_struct_waiver) ... ok
2026-10-08T09:50:03.9995319Z test_missing_ts_target_fails_closed (test_contract_source_aliases.SourceAliasTests.test_missing_ts_target_fails_closed) ... ok
2026-10-08T09:50:03.9997412Z test_nested_ts_reference_alias_is_equivalent (test_contract_source_aliases.SourceAliasTests.test_nested_ts_reference_alias_is_equivalent) ... ok
2026-10-08T09:50:04.0000865Z test_object_union_field_projection_keeps_optional_counts (test_contract_source_aliases.SourceAliasTests.test_object_union_field_projection_keeps_optional_counts) ... ok
2026-10-08T09:50:04.0002671Z test_qualified_go_alias_is_not_guessed_from_short_name (test_contract_source_aliases.SourceAliasTests.test_qualified_go_alias_is_not_guessed_from_short_name) ... ok
2026-10-08T09:50:04.0004328Z test_ts_alias_cycle_is_rejected (test_contract_source_aliases.SourceAliasTests.test_ts_alias_cycle_is_rejected) ... ok
2026-10-08T09:50:04.0008610Z test_ts_alias_interface_collision_is_rejected (test_contract_source_aliases.SourceAliasTests.test_ts_alias_interface_collision_is_rejected) ... ok
2026-10-08T09:50:04.0011396Z test_unsupported_union_or_duplicate_alias_fields_fail_closed (test_contract_source_aliases.SourceAliasTests.test_unsupported_union_or_duplicate_alias_fields_fail_closed) ... ok
2026-10-08T09:50:04.0052133Z test_additional_test_or_assertion_or_scope_is_rejected (test_go_evidence_integration_current.CurrentNegativeTests.test_additional_test_or_assertion_or_scope_is_rejected) ... ok
2026-10-08T09:50:04.0059132Z test_current_hardfail_exit_zero_is_not_reproduction (test_go_evidence_integration_current.CurrentNegativeTests.test_current_hardfail_exit_zero_is_not_reproduction) ... ok
2026-10-08T09:50:04.0066534Z test_current_missing_dsn_hardfail_is_expected_rejection_not_green (test_go_evidence_integration_current.CurrentNegativeTests.test_current_missing_dsn_hardfail_is_expected_rejection_not_green) ... ok
2026-10-08T09:50:04.0099499Z test_duplicate_concatenated_or_malformed_logs_fail_closed (test_go_evidence_integration_current.CurrentNegativeTests.test_duplicate_concatenated_or_malformed_logs_fail_closed) ... ok
2026-10-08T09:50:04.0114646Z test_exit_one_cannot_replace_any_original_zero_exit_case (test_go_evidence_integration_current.CurrentNegativeTests.test_exit_one_cannot_replace_any_original_zero_exit_case) ... ok
2026-10-08T09:50:04.0134551Z test_hardfail_marker_must_be_exact_single_source_diagnostic (test_go_evidence_integration_current.CurrentNegativeTests.test_hardfail_marker_must_be_exact_single_source_diagnostic) ... ok
2026-10-08T09:50:04.0140016Z test_missing_dsn_selector_is_current_mandatory_legacy_pg (test_go_evidence_integration_current.CurrentNegativeTests.test_missing_dsn_selector_is_current_mandatory_legacy_pg) ... ok
2026-10-08T09:50:04.0156262Z test_original_three_zero_exit_categories_remain_distinct (test_go_evidence_integration_current.CurrentNegativeTests.test_original_three_zero_exit_categories_remain_distinct) ... ok
2026-10-08T09:50:04.0196354Z test_panic_race_timeout_build_failure_or_stderr_are_unknown (test_go_evidence_integration_current.CurrentNegativeTests.test_panic_race_timeout_build_failure_or_stderr_are_unknown) ... ok
2026-10-08T09:50:04.0217585Z test_skip_pass_or_missing_terminal_cannot_replace_current_hardfail (test_go_evidence_integration_current.CurrentNegativeTests.test_skip_pass_or_missing_terminal_cannot_replace_current_hardfail) ... ok
2026-10-08T09:50:04.0250732Z test_strict_gate_pass_or_unclassified_error_is_rejected (test_go_evidence_integration_current.CurrentNegativeTests.test_strict_gate_pass_or_unclassified_error_is_rejected) ... ok
2026-10-08T09:50:04.0263933Z test_zero_tests_can_use_empty_package_skip_but_no_test_skip (test_go_evidence_integration_current.CurrentNegativeTests.test_zero_tests_can_use_empty_package_skip_but_no_test_skip) ... ok
2026-10-08T09:50:04.0265305Z test_build_failure_fails (test_go_test_evidence.EvidenceTests.test_build_failure_fails) ... ok
2026-10-08T09:50:04.0266379Z test_concatenated_runs_fail (test_go_test_evidence.EvidenceTests.test_concatenated_runs_fail) ... ok
2026-10-08T09:50:04.0269855Z test_corrupted_or_non_object_events_fail (test_go_test_evidence.EvidenceTests.test_corrupted_or_non_object_events_fail) ... ok
2026-10-08T09:50:04.0271332Z test_documented_exact_optional_skip_is_reported (test_go_test_evidence.EvidenceTests.test_documented_exact_optional_skip_is_reported) ... ok
2026-10-08T09:50:04.0272611Z test_duplicate_test_run_fails (test_go_test_evidence.EvidenceTests.test_duplicate_test_run_fails) ... ok
2026-10-08T09:50:04.0273904Z test_empty_log_fails (test_go_test_evidence.EvidenceTests.test_empty_log_fails) ... ok
2026-10-08T09:50:04.0278380Z test_empty_package_is_allowed_but_not_substitute_for_required (test_go_test_evidence.EvidenceTests.test_empty_package_is_allowed_but_not_substitute_for_required) ... ok
2026-10-08T09:50:04.0281142Z test_failed_then_passed_cannot_overwrite_failure (test_go_test_evidence.EvidenceTests.test_failed_then_passed_cannot_overwrite_failure) ... ok
2026-10-08T09:50:04.0282355Z test_interleaved_packages_and_subtests (test_go_test_evidence.EvidenceTests.test_interleaved_packages_and_subtests) ... ok
2026-10-08T09:50:04.0283397Z test_invalid_field_types_fail (test_go_test_evidence.EvidenceTests.test_invalid_field_types_fail) ... ok
2026-10-08T09:50:04.0284535Z test_missing_package_completion_fails (test_go_test_evidence.EvidenceTests.test_missing_package_completion_fails) ... ok
2026-10-08T09:50:04.0285681Z test_missing_package_start_fails (test_go_test_evidence.EvidenceTests.test_missing_package_start_fails) ... ok
2026-10-08T09:50:04.0286804Z test_missing_test_completion_fails (test_go_test_evidence.EvidenceTests.test_missing_test_completion_fails) ... ok
2026-10-08T09:50:04.0288216Z test_nonzero_exit_fails_even_with_green_events (test_go_test_evidence.EvidenceTests.test_nonzero_exit_fails_even_with_green_events) ... ok
2026-10-08T09:50:04.0289647Z test_output_pass_text_is_not_a_test (test_go_test_evidence.EvidenceTests.test_output_pass_text_is_not_a_test) ... ok
2026-10-08T09:50:04.0290686Z test_package_failure_fails (test_go_test_evidence.EvidenceTests.test_package_failure_fails) ... ok
2026-10-08T09:50:04.0291877Z test_package_pass_is_not_a_test (test_go_test_evidence.EvidenceTests.test_package_pass_is_not_a_test) ... ok
2026-10-08T09:50:04.0292865Z test_parallel_pause_and_resume (test_go_test_evidence.EvidenceTests.test_parallel_pause_and_resume) ... ok
2026-10-08T09:50:04.0293499Z test_pass_without_run_fails (test_go_test_evidence.EvidenceTests.test_pass_without_run_fails) ... ok
2026-10-08T09:50:04.0294098Z test_real_lifecycle_passes (test_go_test_evidence.EvidenceTests.test_real_lifecycle_passes) ... ok
2026-10-08T09:50:04.0294656Z test_skip_is_not_pass (test_go_test_evidence.EvidenceTests.test_skip_is_not_pass) ... ok
2026-10-08T09:50:04.0295361Z test_skipped_child_is_not_hidden_by_parent_pass (test_go_test_evidence.EvidenceTests.test_skipped_child_is_not_hidden_by_parent_pass) ... ok
2026-10-08T09:50:04.0296222Z test_unexpected_skip_fails_even_if_required_passes (test_go_test_evidence.EvidenceTests.test_unexpected_skip_fails_even_if_required_passes) ... ok
2026-10-08T09:50:04.0297086Z test_unknown_action_fails (test_go_test_evidence.EvidenceTests.test_unknown_action_fails) ... ok
2026-10-08T09:50:04.0297800Z test_wrong_package_does_not_satisfy_identity (test_go_test_evidence.EvidenceTests.test_wrong_package_does_not_satisfy_identity) ... ok
2026-10-08T09:50:04.0299855Z test_empty_or_duplicate_requirements_fail (test_go_test_evidence.ManifestTests.test_empty_or_duplicate_requirements_fail) ... ok
2026-10-08T09:50:04.0310147Z test_invalid_manifest_version_fails (test_go_test_evidence.ManifestTests.test_invalid_manifest_version_fails) ... ok
2026-10-08T09:50:04.0312673Z test_missing_suite_fails (test_go_test_evidence.ManifestTests.test_missing_suite_fails) ... ok
2026-10-08T09:50:04.0317655Z test_optional_overlap_or_no_reason_fails (test_go_test_evidence.ManifestTests.test_optional_overlap_or_no_reason_fails) ... ok
2026-10-08T09:50:04.0320142Z test_valid_manifest (test_go_test_evidence.ManifestTests.test_valid_manifest) ... ok
2026-10-08T09:50:04.0321684Z test_numeric_overflow_cannot_create_nonfinite_json_values (test_http_contract.AdditionalWireSafetyTests.test_numeric_overflow_cannot_create_nonfinite_json_values) ... ok
2026-10-08T09:50:04.0698683Z test_public_cache_directive_cannot_hide_among_download_requirements (test_http_contract.AdditionalWireSafetyTests.test_public_cache_directive_cannot_hide_among_download_requirements) ... ok
2026-10-08T09:50:04.0719166Z test_encoded_body_is_rejected_before_allocation (test_http_contract.CaptureBoundTests.test_encoded_body_is_rejected_before_allocation) ... ok
2026-10-08T09:50:04.0720362Z test_nested_json_is_bounded_before_schema_evaluation (test_http_contract.CaptureBoundTests.test_nested_json_is_bounded_before_schema_evaluation) ... ok
2026-10-08T09:50:04.0721884Z test_absent_stale_empty_or_wrong_producer_capture_fails (test_http_contract.CaptureCompletenessTests.test_absent_stale_empty_or_wrong_producer_capture_fails) ... ok
2026-10-08T09:50:04.0750684Z test_missing_cases_and_duplicate_ids_fail (test_http_contract.CaptureCompletenessTests.test_missing_cases_and_duplicate_ids_fail) ... ok
2026-10-08T09:50:04.0794816Z test_admin_json_response_cannot_replace_sse_media (test_http_contract.CompanyAdminStreamCaptureTests.test_admin_json_response_cannot_replace_sse_media) ... ok
2026-10-08T09:50:04.0798908Z test_admin_missing_or_unterminated_frame_is_not_execution (test_http_contract.CompanyAdminStreamCaptureTests.test_admin_missing_or_unterminated_frame_is_not_execution) ... ok
2026-10-08T09:50:04.0800415Z test_admin_name_on_mailbox_route_cannot_cover_admin_operation (test_http_contract.CompanyAdminStreamCaptureTests.test_admin_name_on_mailbox_route_cannot_cover_admin_operation) ... ok
2026-10-08T09:50:04.0801915Z test_distinct_admin_and_mailbox_sse_captures_pass (test_http_contract.CompanyAdminStreamCaptureTests.test_distinct_admin_and_mailbox_sse_captures_pass) ... ok
2026-10-08T09:50:04.0803824Z test_mailbox_stream_cannot_cover_missing_admin_capture (test_http_contract.CompanyAdminStreamCaptureTests.test_mailbox_stream_cannot_cover_missing_admin_capture) ... ok
2026-10-08T09:50:04.0814978Z test_driver_creates_private_evidence_even_with_permissive_umask (test_http_contract.PrivateEvidenceDirectoryTests.test_driver_creates_private_evidence_even_with_permissive_umask) ... ok
2026-10-08T09:50:04.0818592Z test_normal_process_preserves_actual_exit_without_signals (test_http_contract.ProcessLifetimeTests.test_normal_process_preserves_actual_exit_without_signals) ... ok
2026-10-08T09:50:04.0823518Z test_timeout_terminates_the_child_process_group (test_http_contract.ProcessLifetimeTests.test_timeout_terminates_the_child_process_group) ... ok
2026-10-08T09:50:04.6862518Z test_actual_operation_and_binding_are_one_existing_strict_receipt (test_http_contract.RecipientsAggregateContractTests.test_actual_operation_and_binding_are_one_existing_strict_receipt) ... ok
2026-10-08T09:50:04.7042312Z test_content_authority_does_not_admit_sensitive_or_unknown_fields (test_http_contract.RecipientsAggregateContractTests.test_content_authority_does_not_admit_sensitive_or_unknown_fields) ... ok
2026-10-08T09:50:04.7117326Z test_counts_keep_complete_nonnegative_integer_shape (test_http_contract.RecipientsAggregateContractTests.test_counts_keep_complete_nonnegative_integer_shape) ... ok
2026-10-08T09:50:04.7132932Z test_known_complete_counts_and_unknown_without_counts_pass (test_http_contract.RecipientsAggregateContractTests.test_known_complete_counts_and_unknown_without_counts_pass) ... ok
2026-10-08T09:50:04.7156129Z test_known_missing_counts_and_unknown_fabricated_counts_fail (test_http_contract.RecipientsAggregateContractTests.test_known_missing_counts_and_unknown_fabricated_counts_fail) ... ok
2026-10-08T09:50:04.7267788Z test_nested_progress_counts_and_capabilities_remain_closed (test_http_contract.RecipientsAggregateContractTests.test_nested_progress_counts_and_capabilities_remain_closed) ... ok
2026-10-08T09:50:04.7280836Z test_old_per_address_array_is_not_an_aggregate_receipt (test_http_contract.RecipientsAggregateContractTests.test_old_per_address_array_is_not_an_aggregate_receipt) ... ok
2026-10-08T09:50:04.7439870Z test_ci_does_not_upload_raw_http_responses (test_http_contract.RuntimeEvidencePublicationTests.test_ci_does_not_upload_raw_http_responses) ... ok
2026-10-08T09:50:04.7491423Z test_binary_headers_and_sse_framing (test_http_contract.RuntimeResponseTests.test_binary_headers_and_sse_framing) ... ok
2026-10-08T09:50:04.7505801Z test_capture_types_and_base64_are_strict (test_http_contract.RuntimeResponseTests.test_capture_types_and_base64_are_strict) ... ok
2026-10-08T09:50:04.7546585Z test_false_zero_and_wrong_scalar_are_not_coerced (test_http_contract.RuntimeResponseTests.test_false_zero_and_wrong_scalar_are_not_coerced) ... ok
2026-10-08T09:50:04.7561716Z test_json_duplicates_and_nonfinite_numbers_are_rejected (test_http_contract.RuntimeResponseTests.test_json_duplicates_and_nonfinite_numbers_are_rejected) ... ok
2026-10-08T09:50:04.7588027Z test_missing_required_and_unexpected_field_fail (test_http_contract.RuntimeResponseTests.test_missing_required_and_unexpected_field_fail) ... ok
2026-10-08T09:50:04.7608141Z test_nullable_collection_is_not_an_array (test_http_contract.RuntimeResponseTests.test_nullable_collection_is_not_an_array) ... ok
2026-10-08T09:50:04.7634289Z test_real_format_checks_are_enabled (test_http_contract.RuntimeResponseTests.test_real_format_checks_are_enabled) ... ok
2026-10-08T09:50:04.7648342Z test_remote_refs_are_rejected_before_any_network_access (test_http_contract.RuntimeResponseTests.test_remote_refs_are_rejected_before_any_network_access) ... ok
2026-10-08T09:50:04.7667526Z test_resolves_local_response_and_nested_component_refs (test_http_contract.RuntimeResponseTests.test_resolves_local_response_and_nested_component_refs) ... ok
2026-10-08T09:50:04.7687499Z test_schema_error_messages_do_not_echo_response_content (test_http_contract.RuntimeResponseTests.test_schema_error_messages_do_not_echo_response_content) ... ok
2026-10-08T09:50:04.7779682Z test_secret_fields_fail_even_in_permissive_old_components (test_http_contract.RuntimeResponseTests.test_secret_fields_fail_even_in_permissive_old_components) ... ok
2026-10-08T09:50:04.7793576Z test_status_method_route_and_content_type_are_checked (test_http_contract.RuntimeResponseTests.test_status_method_route_and_content_type_are_checked) ... ok
2026-10-08T09:50:04.7795062Z test_complete_json_event_accepts_lf_and_crlf (test_http_contract.RuntimeSSETests.test_complete_json_event_accepts_lf_and_crlf) ... ok
2026-10-08T09:50:04.7796644Z test_malformed_or_comment_only_sse_is_not_an_event (test_http_contract.RuntimeSSETests.test_malformed_or_comment_only_sse_is_not_an_event) ... ok
2026-10-08T09:50:04.7798099Z test_sse_cache_directives_are_tokens_not_substrings (test_http_contract.RuntimeSSETests.test_sse_cache_directives_are_tokens_not_substrings) ... ok
2026-10-08T09:50:04.7803787Z test_complete_matching_scenario_can_pass (test_http_contract.ScenarioEvidenceTests.test_complete_matching_scenario_can_pass) ... ok
2026-10-08T09:50:04.7808100Z test_duplicate_or_unknown_handler_inventory_is_rejected (test_http_contract.ScenarioEvidenceTests.test_duplicate_or_unknown_handler_inventory_is_rejected) ... ok
2026-10-08T09:50:04.7811812Z test_empty_or_non_company_inventory_cannot_pass (test_http_contract.ScenarioEvidenceTests.test_empty_or_non_company_inventory_cannot_pass) ... ok
2026-10-08T09:50:04.7817368Z test_malformed_inventory_returns_a_failed_report (test_http_contract.ScenarioEvidenceTests.test_malformed_inventory_returns_a_failed_report) ... ok
2026-10-08T09:50:04.7823192Z test_required_names_cannot_substitute_for_status_and_route (test_http_contract.ScenarioEvidenceTests.test_required_names_cannot_substitute_for_status_and_route) ... ok
2026-10-08T09:50:04.7837497Z test_binary_public_directive_cannot_override_private_no_store (test_http_contract.WireSafetyRegressionTests.test_binary_public_directive_cannot_override_private_no_store) ... ok
2026-10-08T09:50:04.7838805Z test_json_exponent_overflow_is_not_finite_json (test_http_contract.WireSafetyRegressionTests.test_json_exponent_overflow_is_not_finite_json) ... ok
2026-10-08T09:50:04.7840258Z test_sse_payload_cannot_bypass_secret_field_check (test_http_contract.WireSafetyRegressionTests.test_sse_payload_cannot_bypass_secret_field_check) ... ok
2026-10-08T09:50:05.2382307Z test_acknowledgement_requires_concrete_data_schema (test_http_response_bindings.CompleteResponseBindingTests.test_acknowledgement_requires_concrete_data_schema) ... ok
2026-10-08T09:50:05.2440918Z test_binary_safety_headers_are_mandatory (test_http_response_bindings.CompleteResponseBindingTests.test_binary_safety_headers_are_mandatory) ... ok
2026-10-08T09:50:05.2442051Z test_every_handler_has_an_explicit_response_contract (test_http_response_bindings.CompleteResponseBindingTests.test_every_handler_has_an_explicit_response_contract) ... ok
2026-10-08T09:50:05.2513303Z test_new_handler_cannot_silently_become_route_only (test_http_response_bindings.CompleteResponseBindingTests.test_new_handler_cannot_silently_become_route_only) ... ok
2026-10-08T09:50:05.2514699Z test_original_mail_is_rfc822_not_generic_binary (test_http_response_bindings.CompleteResponseBindingTests.test_original_mail_is_rfc822_not_generic_binary) ... ok
2026-10-08T09:50:05.2636851Z test_replay_and_new_submission_are_both_checked (test_http_response_bindings.CompleteResponseBindingTests.test_replay_and_new_submission_are_both_checked) ... ok
2026-10-08T09:50:05.2818824Z test_streams_require_correct_content_types (test_http_response_bindings.CompleteResponseBindingTests.test_streams_require_correct_content_types) ... ok
2026-10-08T09:50:05.3087278Z test_catalog_mismatch_precedes_collector (test_i18n_keys.CatalogTests.test_catalog_mismatch_precedes_collector) ... ok
2026-10-08T09:50:05.3097653Z test_empty_scan_fails (test_i18n_keys.CatalogTests.test_empty_scan_fails) ... ok
2026-10-08T09:50:05.3127340Z test_empty_wrong_type_and_bad_values (test_i18n_keys.CatalogTests.test_empty_wrong_type_and_bad_values) ... ok
2026-10-08T09:50:05.3152319Z test_invalid_or_empty_collector_output_fails (test_i18n_keys.CatalogTests.test_invalid_or_empty_collector_output_fails) ... ok
2026-10-08T09:50:05.3166572Z test_malformed_and_duplicate_catalog (test_i18n_keys.CatalogTests.test_malformed_and_duplicate_catalog) ... ok
2026-10-08T09:50:05.3175436Z test_missing_catalog (test_i18n_keys.CatalogTests.test_missing_catalog) ... ok
2026-10-08T09:50:05.3189526Z test_missing_features_key_fails (test_i18n_keys.CatalogTests.test_missing_features_key_fails) ... ok
2026-10-08T09:50:05.3203540Z test_missing_node_fails (test_i18n_keys.CatalogTests.test_missing_node_fails) ... ok
2026-10-08T09:50:05.3214255Z test_missing_source_directory_fails (test_i18n_keys.CatalogTests.test_missing_source_directory_fails) ... ok
2026-10-08T09:50:05.3229866Z test_scan_includes_features_and_hooks_not_generated_or_tests (test_i18n_keys.CatalogTests.test_scan_includes_features_and_hooks_not_generated_or_tests) ... ok
2026-10-08T09:50:05.3240369Z test_strict_utf8 (test_i18n_keys.CatalogTests.test_strict_utf8) ... ok
2026-10-08T09:50:05.3249361Z test_valid_catalog (test_i18n_keys.CatalogTests.test_valid_catalog) ... ok
2026-10-08T09:50:05.3262237Z test_valid_end_to_end_contract (test_i18n_keys.CatalogTests.test_valid_end_to_end_contract) ... ok
2026-10-08T09:50:05.3272406Z test_aliases_and_python_constructors_are_rejected_without_execution (test_openapi_contract.OpenAPIParserSafetyTests.test_aliases_and_python_constructors_are_rejected_without_execution) ... ok
2026-10-08T09:50:05.3274108Z test_refs_use_local_json_pointer_escapes (test_openapi_contract.OpenAPIParserSafetyTests.test_refs_use_local_json_pointer_escapes) ... ok
2026-10-08T09:50:05.3336847Z test_size_and_depth_are_bounded (test_openapi_contract.OpenAPIParserSafetyTests.test_size_and_depth_are_bounded) ... ok
2026-10-08T09:50:06.2265816Z test_every_company_route_is_required (test_openapi_contract.OpenAPIRepositoryTests.test_every_company_route_is_required) ... ok
2026-10-08T09:50:06.6075915Z test_every_mapped_dto_rejects_missing_fields (test_openapi_contract.OpenAPIRepositoryTests.test_every_mapped_dto_rejects_missing_fields) ... ok
2026-10-08T09:50:07.0277697Z test_every_typed_operation_rejects_wrong_dto (test_openapi_contract.OpenAPIRepositoryTests.test_every_typed_operation_rejects_wrong_dto) ... ok
2026-10-08T09:50:07.0337958Z test_extra_undocumented_operation_is_not_ignored (test_openapi_contract.OpenAPIRepositoryTests.test_extra_undocumented_operation_is_not_ignored) ... ok
2026-10-08T09:50:07.0742555Z test_input_cannot_reuse_response_required_fields (test_openapi_contract.OpenAPIRepositoryTests.test_input_cannot_reuse_response_required_fields) ... ok
2026-10-08T09:50:07.1047171Z test_input_route_cannot_reuse_response_dto (test_openapi_contract.OpenAPIRepositoryTests.test_input_route_cannot_reuse_response_dto) ... ok
2026-10-08T09:50:07.1617388Z test_paginated_responses_require_meta (test_openapi_contract.OpenAPIRepositoryTests.test_paginated_responses_require_meta) ... ok
2026-10-08T09:50:07.1705711Z test_real_enum_order_is_not_semantic_drift (test_openapi_contract.OpenAPIRepositoryTests.test_real_enum_order_is_not_semantic_drift) ... ok
2026-10-08T09:50:07.1796194Z test_real_repository_contract (test_openapi_contract.OpenAPIRepositoryTests.test_real_repository_contract) ... ok
2026-10-08T09:50:07.1856549Z test_reconcile_cannot_demand_protocol_response_fields (test_openapi_contract.OpenAPIRepositoryTests.test_reconcile_cannot_demand_protocol_response_fields) ... ok
2026-10-08T09:50:07.2125429Z test_storage_secrets_cannot_be_added_to_company_dtos (test_openapi_contract.OpenAPIRepositoryTests.test_storage_secrets_cannot_be_added_to_company_dtos) ... ok
2026-10-08T09:50:07.2185664Z test_unconfigured_settings_must_allow_null (test_openapi_contract.OpenAPIRepositoryTests.test_unconfigured_settings_must_allow_null) ... ok
2026-10-08T09:50:07.2243387Z test_unknown_inventory_and_malformed_envelope_fail (test_openapi_contract.OpenAPIRepositoryTests.test_unknown_inventory_and_malformed_envelope_fail) ... ok
2026-10-08T09:50:07.2302062Z test_wrong_status_cannot_pass (test_openapi_contract.OpenAPIRepositoryTests.test_wrong_status_cannot_pass) ... ok
2026-10-08T09:50:07.2309033Z test_actual_enums_and_fallback_optional_metadata (test_ordinary_receipt_contract.OrdinaryReceiptContractTests.test_actual_enums_and_fallback_optional_metadata) ... ok
2026-10-08T09:50:07.2311141Z test_all_actual_routes_are_closed_receipt_envelopes (test_ordinary_receipt_contract.OrdinaryReceiptContractTests.test_all_actual_routes_are_closed_receipt_envelopes) ... ok
2026-10-08T09:50:07.2313212Z test_content_bcc_complete_empty_and_legacy_unknown_are_distinct (test_ordinary_receipt_contract.OrdinaryReceiptContractTests.test_content_bcc_complete_empty_and_legacy_unknown_are_distinct) ... ok
2026-10-08T09:50:07.2838253Z test_fresh_typed_shipping_envelope_bytes (test_ordinary_receipt_contract.OrdinaryReceiptContractTests.test_fresh_typed_shipping_envelope_bytes) ... ok
2026-10-08T09:50:07.2839885Z test_inspection_remains_separate (test_ordinary_receipt_contract.OrdinaryReceiptContractTests.test_inspection_remains_separate) ... ok
2026-10-08T09:50:07.2852457Z test_parse_and_typed_closed_field_sets (test_ordinary_receipt_contract.OrdinaryReceiptContractTests.test_parse_and_typed_closed_field_sets) ... ok
2026-10-08T09:50:07.2853876Z test_progress_distinguishes_unknown_from_complete_ledger (test_ordinary_receipt_contract.OrdinaryReceiptContractTests.test_progress_distinguishes_unknown_from_complete_ledger) ... ok
2026-10-08T09:50:07.2862797Z test_sensitive_and_unknown_fields_fail_closed_on_every_route (test_ordinary_receipt_contract.OrdinaryReceiptContractTests.test_sensitive_and_unknown_fields_fail_closed_on_every_route) ... ok
2026-10-08T09:50:07.2881769Z test_document_and_exclusive_response_refs (test_outbound_inspection_contract.OutboundInspectionContractTests.test_document_and_exclusive_response_refs) ... ok
2026-10-08T09:50:07.2887219Z test_dto_tags_required_optional_and_closed_objects (test_outbound_inspection_contract.OutboundInspectionContractTests.test_dto_tags_required_optional_and_closed_objects) ... ok
2026-10-08T09:50:07.2891932Z test_enums_match_projection_including_unknown (test_outbound_inspection_contract.OutboundInspectionContractTests.test_enums_match_projection_including_unknown) ... ok
2026-10-08T09:50:07.2893776Z test_exception_and_acceptance_semantics_are_explicit (test_outbound_inspection_contract.OutboundInspectionContractTests.test_exception_and_acceptance_semantics_are_explicit) ... ok
2026-10-08T09:50:07.2908028Z test_forbidden_model_fields_rejected_at_every_inspection_layer (test_outbound_inspection_contract.OutboundInspectionContractTests.test_forbidden_model_fields_rejected_at_every_inspection_layer) ... ok
2026-10-08T09:50:07.2911635Z test_formal_route_authority_reason_and_strong_errors_unchanged (test_outbound_inspection_contract.OutboundInspectionContractTests.test_formal_route_authority_reason_and_strong_errors_unchanged) ... ok
2026-10-08T09:50:07.2917011Z test_nullable_optional_empty_and_mutation_witnesses (test_outbound_inspection_contract.OutboundInspectionContractTests.test_nullable_optional_empty_and_mutation_witnesses) ... ok
2026-10-08T09:50:07.2919110Z test_numeric_and_enhanced_smtp_codes_are_sanitized_not_raw_diagnostics (test_outbound_inspection_contract.OutboundInspectionContractTests.test_numeric_and_enhanced_smtp_codes_are_sanitized_not_raw_diagnostics) ... ok
2026-10-08T09:50:07.3170098Z test_ordinary_alias_and_nested_inspection_refs_fail (test_outbound_inspection_contract.OutboundInspectionContractTests.test_ordinary_alias_and_nested_inspection_refs_fail) ... ok
2026-10-08T09:50:07.3366369Z test_ordinary_local_refs_fail_explicitly_on_unknown_cycles_and_unsupported (test_outbound_inspection_contract.OutboundInspectionContractTests.test_ordinary_local_refs_fail_explicitly_on_unknown_cycles_and_unsupported) ... ok
2026-10-08T09:50:07.3380878Z test_ordinary_receipt_schemas_not_expanded (test_outbound_inspection_contract.OutboundInspectionContractTests.test_ordinary_receipt_schemas_not_expanded) ... ok
2026-10-08T09:50:07.7050030Z test_ordinary_schema_pollution_fails_at_every_closure_object (test_outbound_inspection_contract.OutboundInspectionContractTests.test_ordinary_schema_pollution_fails_at_every_closure_object) ... ok
2026-10-08T09:50:07.7052926Z test_safe_header_exact_allowlist_no_wildcards_or_secrets (test_outbound_inspection_contract.OutboundInspectionContractTests.test_safe_header_exact_allowlist_no_wildcards_or_secrets) ... ok
2026-10-08T09:50:07.7055367Z test_assignment_intent_requires_both_observations_and_patch (test_permission_editor_contract.PermissionEditorContractTests.test_assignment_intent_requires_both_observations_and_patch) ... ok
2026-10-08T09:50:07.7058005Z test_compound_revision_int64_and_pairing (test_permission_editor_contract.PermissionEditorContractTests.test_compound_revision_int64_and_pairing) ... ok
2026-10-08T09:50:07.7124362Z test_document_and_refs (test_permission_editor_contract.PermissionEditorContractTests.test_document_and_refs) ... ok
2026-10-08T09:50:07.7131562Z test_domain_modes_are_not_empty_allowlist_inference (test_permission_editor_contract.PermissionEditorContractTests.test_domain_modes_are_not_empty_allowlist_inference) ... ok
2026-10-08T09:50:07.7132789Z test_effective_canonical_domain_mode_is_optional_not_inherited (test_permission_editor_contract.PermissionEditorContractTests.test_effective_canonical_domain_mode_is_optional_not_inherited) ... ok
2026-10-08T09:50:07.7134363Z test_field_intent_and_empty_patch (test_permission_editor_contract.PermissionEditorContractTests.test_field_intent_and_empty_patch) ... ok
2026-10-08T09:50:07.7141957Z test_go_dto_json_fields_match_checked_in_schema (test_permission_editor_contract.PermissionEditorContractTests.test_go_dto_json_fields_match_checked_in_schema) ... ok
2026-10-08T09:50:07.7143423Z test_profile_and_assignment_routes_match_real_router (test_permission_editor_contract.PermissionEditorContractTests.test_profile_and_assignment_routes_match_real_router) ... ok
2026-10-08T09:50:07.7146055Z test_profile_preview_confirmation_and_update_shape (test_permission_editor_contract.PermissionEditorContractTests.test_profile_preview_confirmation_and_update_shape) ... ok
2026-10-08T09:50:07.7147733Z test_raw_domain_presence_and_null_are_not_list (test_permission_editor_contract.PermissionEditorContractTests.test_raw_domain_presence_and_null_are_not_list) ... ok
2026-10-08T09:50:07.7149928Z test_retired_unversioned_writes_match_real_handlers (test_permission_editor_contract.PermissionEditorContractTests.test_retired_unversioned_writes_match_real_handlers) ... ok
2026-10-08T09:50:07.7151685Z test_routes_envelopes_and_legacy_reads (test_permission_editor_contract.PermissionEditorContractTests.test_routes_envelopes_and_legacy_reads) ... ok
2026-10-08T09:50:07.7152993Z test_schema_mutations_are_observable (test_permission_editor_contract.PermissionEditorContractTests.test_schema_mutations_are_observable) ... ok
2026-10-08T09:50:07.7154008Z test_snapshot_raw_presence_and_field_sources (test_permission_editor_contract.PermissionEditorContractTests.test_snapshot_raw_presence_and_field_sources) ... ok
2026-10-08T09:50:07.7434299Z test_archive_extra_controls_and_files (test_r5_archive_boundary.ArchiveBoundaryTests.test_archive_extra_controls_and_files) ... ok
2026-10-08T09:50:07.7570266Z test_archive_family_extra_capsule_and_ancestor_symlink (test_r5_archive_boundary.ArchiveBoundaryTests.test_archive_family_extra_capsule_and_ancestor_symlink) ... ok
2026-10-08T09:50:07.9563957Z test_budget_and_unavailable_metadata_fail_closed (test_r5_archive_boundary.ArchiveBoundaryTests.test_budget_and_unavailable_metadata_fail_closed) ... ok
2026-10-08T09:50:07.9678533Z test_descriptor_second_stat_replacement (test_r5_archive_boundary.ArchiveBoundaryTests.test_descriptor_second_stat_replacement) ... ok
2026-10-08T09:50:08.6804592Z test_every_historical_file_byte_delete_rename (test_r5_archive_boundary.ArchiveBoundaryTests.test_every_historical_file_byte_delete_rename) ... ok
2026-10-08T09:50:08.7093345Z test_exact_baseline_hashes_and_six_modules (test_r5_archive_boundary.ArchiveBoundaryTests.test_exact_baseline_hashes_and_six_modules) ... ok
2026-10-08T09:50:08.7520506Z test_import_embed_generate_archive_rejected (test_r5_archive_boundary.ArchiveBoundaryTests.test_import_embed_generate_archive_rejected) ... ok
2026-10-08T09:50:08.8068320Z test_marker_bytes_value_case_directives (test_r5_archive_boundary.ArchiveBoundaryTests.test_marker_bytes_value_case_directives) ... ok
2026-10-08T09:50:08.8347042Z test_marker_deletion_and_module_in_all_roots (test_r5_archive_boundary.ArchiveBoundaryTests.test_marker_deletion_and_module_in_all_roots) ... ok
2026-10-08T09:50:08.9292250Z test_production_all_variants_change_static_domain (test_r5_archive_boundary.ArchiveBoundaryTests.test_production_all_variants_change_static_domain) ... ok
2026-10-08T09:50:08.9403818Z test_read_leaf_replacement_never_opens_fifo_body (test_r5_archive_boundary.ArchiveBoundaryTests.test_read_leaf_replacement_never_opens_fifo_body) ... ok
2026-10-08T09:50:08.9523142Z test_registry_duplicate_traversal_forgery (test_r5_archive_boundary.ArchiveBoundaryTests.test_registry_duplicate_traversal_forgery) ... ok
2026-10-08T09:50:08.9719989Z test_symlink_ancestors_fifo_and_metadata_only (test_r5_archive_boundary.ArchiveBoundaryTests.test_symlink_ancestors_fifo_and_metadata_only) ... ok
2026-10-08T09:50:08.9916791Z test_third_replace (test_r5_archive_boundary.ArchiveBoundaryTests.test_third_replace) ... ok
2026-10-08T09:50:09.0328436Z test_unknown_root_and_ignored_go_not_hidden (test_r5_archive_boundary.ArchiveBoundaryTests.test_unknown_root_and_ignored_go_not_hidden) ... ok
2026-10-08T09:50:09.0329846Z test_compile_failure_is_rejected (test_r5_audit_baseline.AuditEvidenceTests.test_compile_failure_is_rejected) ... ok
2026-10-08T09:50:09.0331041Z test_duplicate_marker_is_rejected (test_r5_audit_baseline.AuditEvidenceTests.test_duplicate_marker_is_rejected) ... ok
2026-10-08T09:50:09.0332389Z test_exact_failures_are_reproduction_not_fix (test_r5_audit_baseline.AuditEvidenceTests.test_exact_failures_are_reproduction_not_fix) ... ok
2026-10-08T09:50:09.0333727Z test_invalid_json_is_not_reproduction (test_r5_audit_baseline.AuditEvidenceTests.test_invalid_json_is_not_reproduction) ... ok
2026-10-08T09:50:09.0334904Z test_missing_test_is_rejected (test_r5_audit_baseline.AuditEvidenceTests.test_missing_test_is_rejected) ... ok
2026-10-08T09:50:09.0336015Z test_setup_failure_is_rejected (test_r5_audit_baseline.AuditEvidenceTests.test_setup_failure_is_rejected) ... ok
2026-10-08T09:50:09.0337173Z test_skip_is_rejected (test_r5_audit_baseline.AuditEvidenceTests.test_skip_is_rejected) ... ok
2026-10-08T09:50:09.0338566Z test_success_is_not_a_baseline_failure (test_r5_audit_baseline.AuditEvidenceTests.test_success_is_not_a_baseline_failure) ... ok
2026-10-08T09:50:09.0339727Z test_zero_tests_is_rejected (test_r5_audit_baseline.AuditEvidenceTests.test_zero_tests_is_rejected) ... ok
2026-10-08T09:50:09.0341129Z test_component_layer_is_exact_and_not_product_success (test_r5_audit_baseline.ComponentEvidenceTests.test_component_layer_is_exact_and_not_product_success) ... ok
2026-10-08T09:50:09.0342666Z test_component_missing_second_case_rejected (test_r5_audit_baseline.ComponentEvidenceTests.test_component_missing_second_case_rejected) ... ok
2026-10-08T09:50:09.0343729Z test_component_setup_failure_rejected (test_r5_audit_baseline.ComponentEvidenceTests.test_component_setup_failure_rejected) ... ok
2026-10-08T09:50:09.0344676Z test_db_marker_cannot_substitute_for_component_execution (test_r5_audit_baseline.ComponentEvidenceTests.test_db_marker_cannot_substitute_for_component_execution) ... ok
2026-10-08T09:50:09.0345502Z test_unknown_layer_rejected (test_r5_audit_baseline.ComponentEvidenceTests.test_unknown_layer_rejected) ... ok
2026-10-08T09:50:09.3040182Z test_checkout_identity_and_all_existing_evidence_survive_failure (test_r5_backend_evidence_continuation.BackendEvidenceContinuationTests.test_checkout_identity_and_all_existing_evidence_survive_failure) ... ok
2026-10-08T09:50:09.3633473Z test_failed_jobs_and_original_race_selection_remain_failed (test_r5_backend_evidence_continuation.BackendEvidenceContinuationTests.test_failed_jobs_and_original_race_selection_remain_failed) ... ok
2026-10-08T09:50:09.5280858Z test_failed_or_skipped_prerequisite_blocks_only_its_dependents (test_r5_backend_evidence_continuation.BackendEvidenceContinuationTests.test_failed_or_skipped_prerequisite_blocks_only_its_dependents) ... ok
2026-10-08T09:50:09.5430788Z test_setups_do_not_inherit_an_unrelated_gate_failure (test_r5_backend_evidence_continuation.BackendEvidenceContinuationTests.test_setups_do_not_inherit_an_unrelated_gate_failure) ... ok
2026-10-08T09:50:09.5580760Z test_typescript_preparation_reuses_the_reviewed_installer_and_receipt (test_r5_backend_evidence_continuation.BackendEvidenceContinuationTests.test_typescript_preparation_reuses_the_reviewed_installer_and_receipt) ... ok
2026-10-08T09:50:09.7365812Z test_validation_failure_cannot_suppress_ready_independent_checks (test_r5_backend_evidence_continuation.BackendEvidenceContinuationTests.test_validation_failure_cannot_suppress_ready_independent_checks) ... ok
2026-10-08T09:50:09.7380446Z test_current_preparation_contract_cannot_be_missing_or_weakened (test_r5_benchmark.BenchmarkContractTests.test_current_preparation_contract_cannot_be_missing_or_weakened) ... ok
2026-10-08T09:50:09.7384791Z test_duplicate_json_rejected (test_r5_benchmark.BenchmarkContractTests.test_duplicate_json_rejected) ... ok
2026-10-08T09:50:09.7400405Z test_exact_original_wall_disk_budgets_and_clock_contract (test_r5_benchmark.BenchmarkContractTests.test_exact_original_wall_disk_budgets_and_clock_contract) ... ok
2026-10-08T09:50:09.7406076Z test_metrics_workloads_thresholds_cold_and_approval_not_weakened (test_r5_benchmark.BenchmarkContractTests.test_metrics_workloads_thresholds_cold_and_approval_not_weakened) ... ok
2026-10-08T09:50:09.7418774Z test_nonfinite_json_rejected (test_r5_benchmark.BenchmarkContractTests.test_nonfinite_json_rejected) ... ok
2026-10-08T09:50:09.9880811Z test_original_scales_and_no_runtime_registry (test_r5_benchmark.BenchmarkContractTests.test_original_scales_and_no_runtime_registry) ... ok
2026-10-08T09:50:09.9891536Z test_reduced_scale_seed_concurrency_and_shape_rejected (test_r5_benchmark.BenchmarkContractTests.test_reduced_scale_seed_concurrency_and_shape_rejected) ... ok
2026-10-08T09:50:09.9909157Z test_synthetic_dispatch_capacity_keeps_real_disk_margin_gate (test_r5_benchmark.BenchmarkContractTests.test_synthetic_dispatch_capacity_keeps_real_disk_margin_gate) ... ok
2026-10-08T09:50:10.0483414Z test_current_closure_blocks_legacy_method_identity_until_explicit_migration (test_r5_benchmark.BenchmarkCurrentSourcePolicyTests.test_current_closure_blocks_legacy_method_identity_until_explicit_migration) ... ok
2026-10-08T09:50:10.1261894Z test_runner_default_overrides_ambient_optin_and_selected_source_must_match (test_r5_benchmark.BenchmarkCurrentSourcePolicyTests.test_runner_default_overrides_ambient_optin_and_selected_source_must_match) ... ok
2026-10-08T09:50:10.1279580Z test_M_search_threshold_preserved (test_r5_benchmark.BenchmarkEvidenceTests.test_M_search_threshold_preserved) ... ok
2026-10-08T09:50:10.1379740Z test_actual_claim_digest_inflight_and_sixstream_evidence_required (test_r5_benchmark.BenchmarkEvidenceTests.test_actual_claim_digest_inflight_and_sixstream_evidence_required) ... ok
2026-10-08T09:50:10.1522561Z test_actual_distribution_and_fingerprints_rejected (test_r5_benchmark.BenchmarkEvidenceTests.test_actual_distribution_and_fingerprints_rejected) ... ok
2026-10-08T09:50:10.1599632Z test_actual_plan_metadata_and_resource_scope_rejected (test_r5_benchmark.BenchmarkEvidenceTests.test_actual_plan_metadata_and_resource_scope_rejected) ... ok
2026-10-08T09:50:10.1626079Z test_actual_plan_relation_not_quota_or_parameter_substring (test_r5_benchmark.BenchmarkEvidenceTests.test_actual_plan_relation_not_quota_or_parameter_substring) ... ok
2026-10-08T09:50:10.1640034Z test_complete_tool_pipeline_and_workloads_still_not_S_M (test_r5_benchmark.BenchmarkEvidenceTests.test_complete_tool_pipeline_and_workloads_still_not_S_M) ... ok
2026-10-08T09:50:10.1651442Z test_current_pipeline_observation_absence_is_rejected (test_r5_benchmark.BenchmarkEvidenceTests.test_current_pipeline_observation_absence_is_rejected) ... ok
2026-10-08T09:50:10.1672177Z test_current_schema_cannot_relabel_schema16_preparation (test_r5_benchmark.BenchmarkEvidenceTests.test_current_schema_cannot_relabel_schema16_preparation) ... ok
2026-10-08T09:50:10.1697131Z test_current_schema_cannot_select_frozen_legacy_exemption (test_r5_benchmark.BenchmarkEvidenceTests.test_current_schema_cannot_select_frozen_legacy_exemption) ... ok
2026-10-08T09:50:10.1714066Z test_direct_pipeline_shapes_tool_S_M_preserve_population_boundaries (test_r5_benchmark.BenchmarkEvidenceTests.test_direct_pipeline_shapes_tool_S_M_preserve_population_boundaries) ... ok
2026-10-08T09:50:10.1765726Z test_formal_parser_drain_observations_cannot_be_echo_or_unjoined (test_r5_benchmark.BenchmarkEvidenceTests.test_formal_parser_drain_observations_cannot_be_echo_or_unjoined) ... ok
2026-10-08T09:50:10.1854562Z test_missing_zero_duplicate_nonfinite_measurements_rejected (test_r5_benchmark.BenchmarkEvidenceTests.test_missing_zero_duplicate_nonfinite_measurements_rejected) ... ok
2026-10-08T09:50:10.1930188Z test_new_execution_requires_actual_wall_and_sample_clock (test_r5_benchmark.BenchmarkEvidenceTests.test_new_execution_requires_actual_wall_and_sample_clock) ... ok
2026-10-08T09:50:10.1951555Z test_observation_and_safety_scope_rejected (test_r5_benchmark.BenchmarkEvidenceTests.test_observation_and_safety_scope_rejected) ... ok
2026-10-08T09:50:10.2012286Z test_parser_guard_requires_actual_minimum_and_original_deadline (test_r5_benchmark.BenchmarkEvidenceTests.test_parser_guard_requires_actual_minimum_and_original_deadline) ... ok
2026-10-08T09:50:10.2043520Z test_partial_or_fake_shape_does_not_certify_scale (test_r5_benchmark.BenchmarkEvidenceTests.test_partial_or_fake_shape_does_not_certify_scale) ... ok
2026-10-08T09:50:10.2153350Z test_pipeline_actual_claim_counts_pairing_and_heap_rejected (test_r5_benchmark.BenchmarkEvidenceTests.test_pipeline_actual_claim_counts_pairing_and_heap_rejected) ... ok
2026-10-08T09:50:10.2204858Z test_pipeline_checkpoint_missing_duplicate_unknown_or_wrong_phase_rejected (test_r5_benchmark.BenchmarkEvidenceTests.test_pipeline_checkpoint_missing_duplicate_unknown_or_wrong_phase_rejected) ... ok
2026-10-08T09:50:10.2856633Z test_pipeline_duplicate_json_and_cli_absence_fail_closed (test_r5_benchmark.BenchmarkEvidenceTests.test_pipeline_duplicate_json_and_cli_absence_fail_closed) ... ok
2026-10-08T09:50:10.2873319Z test_pipeline_stage_wall_cannot_escape_actual_execution_wall (test_r5_benchmark.BenchmarkEvidenceTests.test_pipeline_stage_wall_cannot_escape_actual_execution_wall) ... ok
2026-10-08T09:50:10.3424764Z test_pipeline_window_terminal_and_illegal_number_rejected (test_r5_benchmark.BenchmarkEvidenceTests.test_pipeline_window_terminal_and_illegal_number_rejected) ... ok
2026-10-08T09:50:10.3466712Z test_preparation_explain_must_be_actual_mail_index_jobs_plan_tree (test_r5_benchmark.BenchmarkEvidenceTests.test_preparation_explain_must_be_actual_mail_index_jobs_plan_tree) ... ok
2026-10-08T09:50:10.3479897Z test_schema16_fixture_cannot_bypass_current_migration_source (test_r5_benchmark.BenchmarkEvidenceTests.test_schema16_fixture_cannot_bypass_current_migration_source) ... ok
2026-10-08T09:50:10.3491563Z test_schema16_fixture_metadata_and_source_are_explicit (test_r5_benchmark.BenchmarkEvidenceTests.test_schema16_fixture_metadata_and_source_are_explicit) ... ok
2026-10-08T09:50:10.3503911Z test_schema16_negative_reaches_checkpoint_validation (test_r5_benchmark.BenchmarkEvidenceTests.test_schema16_negative_reaches_checkpoint_validation) ... ok
2026-10-08T09:50:10.3630230Z test_strict_types_unknown_sampling_schema_and_tool_mode (test_r5_benchmark.BenchmarkEvidenceTests.test_strict_types_unknown_sampling_schema_and_tool_mode) ... ok
2026-10-08T09:50:10.3649284Z test_tool_only_shape_never_certifies_original_scale (test_r5_benchmark.BenchmarkEvidenceTests.test_tool_only_shape_never_certifies_original_scale) ... ok
2026-10-08T09:50:10.3669375Z test_tool_resources_seed_and_sampling_unknown_rejected (test_r5_benchmark.BenchmarkEvidenceTests.test_tool_resources_seed_and_sampling_unknown_rejected) ... ok
2026-10-08T09:50:10.3680372Z test_validated_shape_still_not_task_or_product_approval (test_r5_benchmark.BenchmarkEvidenceTests.test_validated_shape_still_not_task_or_product_approval) ... ok
2026-10-08T09:50:10.3689946Z test_validator_required_fields_match_actual_Go_preparation_json (test_r5_benchmark.BenchmarkEvidenceTests.test_validator_required_fields_match_actual_Go_preparation_json) ... ok
2026-10-08T09:50:10.3694132Z test_archive_old_S_admitted_from_exact_frozen_bytes_not_current_METHOD (test_r5_benchmark.BenchmarkLookaheadMAdmissionTests.test_archive_old_S_admitted_from_exact_frozen_bytes_not_current_METHOD) ... ok
2026-10-08T09:50:10.3698820Z test_current_M_allowed_exact_budget_population_and_L_rejected (test_r5_benchmark.BenchmarkLookaheadMAdmissionTests.test_current_M_allowed_exact_budget_population_and_L_rejected) ... ok
2026-10-08T09:50:10.3717224Z test_current_M_legacy_method_requires_policy_migration_without_dispatch_or_L (test_r5_benchmark.BenchmarkLookaheadMAdmissionTests.test_current_M_legacy_method_requires_policy_migration_without_dispatch_or_L) ... ok
2026-10-08T09:50:10.3721018Z test_historical_S_contract_digest_bound_not_current_or_schema_exemption (test_r5_benchmark.BenchmarkLookaheadMAdmissionTests.test_historical_S_contract_digest_bound_not_current_or_schema_exemption) ... ok
2026-10-08T09:50:10.3919871Z test_actual_permutation_fifo_fairness_mailbox_mapping_and_diversity_rejected (test_r5_benchmark.BenchmarkLookaheadTests.test_actual_permutation_fifo_fairness_mailbox_mapping_and_diversity_rejected) ... ok
2026-10-08T09:50:10.4683709Z test_actual_pg_observation_not_metadata_or_uid_equivalence_claim (test_r5_benchmark.BenchmarkLookaheadTests.test_actual_pg_observation_not_metadata_or_uid_equivalence_claim) ... ok
2026-10-08T09:50:10.4738149Z test_archived_selection_exact_source_method_contract_argv_environment (test_r5_benchmark.BenchmarkLookaheadTests.test_archived_selection_exact_source_method_contract_argv_environment) ... ok
2026-10-08T09:50:10.4823038Z test_cli_invalid_or_missing_optin_contract_rejected_without_go (test_r5_benchmark.BenchmarkLookaheadTests.test_cli_invalid_or_missing_optin_contract_rejected_without_go) ... ok
2026-10-08T09:50:10.4898937Z test_default_v1_and_history_cannot_auto_select_or_accept_new_fields (test_r5_benchmark.BenchmarkLookaheadTests.test_default_v1_and_history_cannot_auto_select_or_accept_new_fields) ... ok
2026-10-08T09:50:10.4946330Z test_explicit_contract_population_and_non_equivalence_boundary (test_r5_benchmark.BenchmarkLookaheadTests.test_explicit_contract_population_and_non_equivalence_boundary) ... ok
2026-10-08T09:50:10.7509398Z test_new_original_S_complete_grammar_preserves_all_workloads_and_not_approval (test_r5_benchmark.BenchmarkLookaheadTests.test_new_original_S_complete_grammar_preserves_all_workloads_and_not_approval) ... ok
2026-10-08T09:50:10.7545929Z test_pseudo_history_and_duplicate_selection_json_rejected (test_r5_benchmark.BenchmarkLookaheadTests.test_pseudo_history_and_duplicate_selection_json_rejected) ... ok
2026-10-08T09:50:10.7972893Z test_scheduler_complete_joined_counts_and_numeric_aliases_rejected (test_r5_benchmark.BenchmarkLookaheadTests.test_scheduler_complete_joined_counts_and_numeric_aliases_rejected) ... ok
2026-10-08T09:50:10.8008167Z test_unknown_missing_duplicate_and_type_alias_method_contract_rejected (test_r5_benchmark.BenchmarkLookaheadTests.test_unknown_missing_duplicate_and_type_alias_method_contract_rejected) ... ok
2026-10-08T09:50:10.8017413Z test_backwards_wall_clock_rejects_instead_of_extending_budget (test_r5_benchmark.BenchmarkProcessTests.test_backwards_wall_clock_rejects_instead_of_extending_budget) ... ok
2026-10-08T09:50:10.8028004Z test_changed_sigchld_cannot_turn_echild_into_fabricated_zero (test_r5_benchmark.BenchmarkProcessTests.test_changed_sigchld_cannot_turn_echild_into_fabricated_zero) ... ok
2026-10-08T09:50:10.8040803Z test_cleanup_eperm_keeps_actual_exit_and_error_receipt (test_r5_benchmark.BenchmarkProcessTests.test_cleanup_eperm_keeps_actual_exit_and_error_receipt) ... ok
2026-10-08T09:50:10.8053280Z test_cleanup_live_eperm_or_join_unknown_never_fabricates_exit (test_r5_benchmark.BenchmarkProcessTests.test_cleanup_live_eperm_or_join_unknown_never_fabricates_exit) ... ok
2026-10-08T09:50:10.8064202Z test_cleanup_missing_or_reused_identity_never_signals_foreign_group (test_r5_benchmark.BenchmarkProcessTests.test_cleanup_missing_or_reused_identity_never_signals_foreign_group) ... ok
2026-10-08T09:50:10.8080607Z test_go_protocol_rejects_skips_missing_duplicate_and_wrong_package (test_r5_benchmark.BenchmarkProcessTests.test_go_protocol_rejects_skips_missing_duplicate_and_wrong_package) ... ok
2026-10-08T09:50:10.8098195Z test_no_git_metadata_is_not_a_fabricated_head (test_r5_benchmark.BenchmarkProcessTests.test_no_git_metadata_is_not_a_fabricated_head) ... ok
2026-10-08T09:50:10.8106254Z test_nondefault_sigchld_and_untrusted_anchor_fail_closed (test_r5_benchmark.BenchmarkProcessTests.test_nondefault_sigchld_and_untrusted_anchor_fail_closed) ... ok
2026-10-08T09:50:10.8119961Z test_observed_exit_and_nondefault_sigchld_never_signal_reused_group (test_r5_benchmark.BenchmarkProcessTests.test_observed_exit_and_nondefault_sigchld_never_signal_reused_group) ... ok
2026-10-08T09:50:10.8121454Z test_raw_rfc3339_wall_budget_includes_suspend (test_r5_benchmark.BenchmarkProcessTests.test_raw_rfc3339_wall_budget_includes_suspend) ... ok
2026-10-08T09:50:10.9135095Z test_real_finished_process_success_and_receipt (test_r5_benchmark.BenchmarkProcessTests.test_real_finished_process_success_and_receipt) ... ok
2026-10-08T09:50:16.4415568Z test_real_timeout_terminal_leader_keeps_group_identity_until_kill (test_r5_benchmark.BenchmarkProcessTests.test_real_timeout_terminal_leader_keeps_group_identity_until_kill) ... ok
2026-10-08T09:50:16.4426248Z test_resume_wall_jump_rejects_even_if_process_already_finished (test_r5_benchmark.BenchmarkProcessTests.test_resume_wall_jump_rejects_even_if_process_already_finished) ... ok
2026-10-08T09:50:16.5066292Z test_source_closure_tracks_dependencies_and_content_drift (test_r5_benchmark.BenchmarkProcessTests.test_source_closure_tracks_dependencies_and_content_drift) ... ok
2026-10-08T09:50:16.5068088Z test_spawn_failure_preserves_unknown_receipt (test_r5_benchmark.BenchmarkProcessTests.test_spawn_failure_preserves_unknown_receipt) ... ok
2026-10-08T09:50:22.0209742Z test_timeout_kills_owned_descendant_and_preserves_output (test_r5_benchmark.BenchmarkProcessTests.test_timeout_kills_owned_descendant_and_preserves_output) ... ok
2026-10-08T09:50:22.0865597Z test_actual_receipt_native_proof_not_synthetic_old_proof_or_current_source (test_r5_benchmark.BenchmarkRegistryAdapterTests.test_actual_receipt_native_proof_not_synthetic_old_proof_or_current_source) ... ok
2026-10-08T09:50:22.0904656Z test_archive_safe_empty_directories_only_not_links_duplicates_or_unsafe_paths (test_r5_benchmark.BenchmarkRegistryAdapterTests.test_archive_safe_empty_directories_only_not_links_duplicates_or_unsafe_paths) ... ok
2026-10-08T09:50:22.0906766Z test_delivered_review_is_original_payload_bytes_not_refilled_wrapper (test_r5_benchmark.BenchmarkRegistryAdapterTests.test_delivered_review_is_original_payload_bytes_not_refilled_wrapper) ... ok
2026-10-08T09:50:22.0914204Z test_legacy_embedded_review_only_exact_S2_version_not_unknown_or_future_M (test_r5_benchmark.BenchmarkRegistryAdapterTests.test_legacy_embedded_review_only_exact_S2_version_not_unknown_or_future_M) ... ok
2026-10-08T09:50:22.0916202Z test_multiple_distinct_S_identities_and_duplicate_alias_run_rejected (test_r5_benchmark.BenchmarkRegistryAdapterTests.test_multiple_distinct_S_identities_and_duplicate_alias_run_rejected) ... ok
2026-10-08T09:50:22.0918282Z test_only_explicit_known_review_version_tuple_and_fields_admitted (test_r5_benchmark.BenchmarkRegistryAdapterTests.test_only_explicit_known_review_version_tuple_and_fields_admitted) ... ok
2026-10-08T09:50:22.0920022Z test_raw_exit_integer_bytes_do_not_accept_float_boolean_or_alias (test_r5_benchmark.BenchmarkRegistryAdapterTests.test_raw_exit_integer_bytes_do_not_accept_float_boolean_or_alias) ... ok
2026-10-08T09:50:22.0955056Z test_result_sidecar_exact_actual_members_source_not_archive_digest_substitute (test_r5_benchmark.BenchmarkRegistryAdapterTests.test_result_sidecar_exact_actual_members_source_not_archive_digest_substitute) ... ok
2026-10-08T09:50:22.2870127Z test_actual_typed_M_failure_packet_positive_and_bound_negative_evidence (test_r5_benchmark.BenchmarkRegistryClockAndMFailureTests.test_actual_typed_M_failure_packet_positive_and_bound_negative_evidence) ... ok
2026-10-08T09:50:22.2871926Z test_known_summary_clock_scopes_are_bound_not_forced_equal (test_r5_benchmark.BenchmarkRegistryClockAndMFailureTests.test_known_summary_clock_scopes_are_bound_not_forced_equal) ... ok
2026-10-08T09:50:22.2888452Z test_typed_M_failure_version_exact_failed_role_not_S_schema17_or_fake_metrics (test_r5_benchmark.BenchmarkRegistryClockAndMFailureTests.test_typed_M_failure_version_exact_failed_role_not_S_schema17_or_fake_metrics) ... ok
2026-10-08T09:50:22.2923944Z test_missing_unknown_duplicate_or_wrong_delivery_proof_rejected (test_r5_benchmark.BenchmarkRegistryFixtureReferenceTests.test_missing_unknown_duplicate_or_wrong_delivery_proof_rejected) ... ok
2026-10-08T09:50:22.2925753Z test_old_author_archive_manifest_binding_not_arbitrary_row (test_r5_benchmark.BenchmarkRegistryFixtureReferenceTests.test_old_author_archive_manifest_binding_not_arbitrary_row) ... ok
2026-10-08T09:50:22.2930520Z test_original_source_population_path_and_declared_archive_null_rejected (test_r5_benchmark.BenchmarkRegistryFixtureReferenceTests.test_original_source_population_path_and_declared_archive_null_rejected) ... ok
2026-10-08T09:50:22.2940274Z test_safe_delivery_and_unchanged_author_receipt_shapes (test_r5_benchmark.BenchmarkRegistryFixtureReferenceTests.test_safe_delivery_and_unchanged_author_receipt_shapes) ... ok
2026-10-08T09:50:22.5407889Z test_failed_attempt_uses_actual_raw_exit_and_source (test_r5_benchmark.BenchmarkRegistryTests.test_failed_attempt_uses_actual_raw_exit_and_source) ... ok
2026-10-08T09:50:22.7644398Z test_failed_population_float_and_fake_product_green_rejected (test_r5_benchmark.BenchmarkRegistryTests.test_failed_population_float_and_fake_product_green_rejected) ... ok
2026-10-08T09:50:23.0133950Z test_fake_flags_tool_only_and_source_identity_rejected (test_r5_benchmark.BenchmarkRegistryTests.test_fake_flags_tool_only_and_source_identity_rejected) ... ok
2026-10-08T09:50:23.0272617Z test_frozen_S2_must_not_be_backfilled_with_new_pipeline_metadata (test_r5_benchmark.BenchmarkRegistryTests.test_frozen_S2_must_not_be_backfilled_with_new_pipeline_metadata) ... ok
2026-10-08T09:50:23.2706529Z test_historical_contract_and_schema_not_current_metadata (test_r5_benchmark.BenchmarkRegistryTests.test_historical_contract_and_schema_not_current_metadata) ... ok
2026-10-08T09:50:23.2791454Z test_missing_history_or_archive_and_failed_attempt_not_success (test_r5_benchmark.BenchmarkRegistryTests.test_missing_history_or_archive_and_failed_attempt_not_success) ... ok
2026-10-08T09:50:23.2878248Z test_missing_original_result_not_a_green_review (test_r5_benchmark.BenchmarkRegistryTests.test_missing_original_result_not_a_green_review) ... ok
2026-10-08T09:50:23.3011801Z test_missing_raw_runner_exit_cannot_be_inferred_from_go (test_r5_benchmark.BenchmarkRegistryTests.test_missing_raw_runner_exit_cannot_be_inferred_from_go) ... ok
2026-10-08T09:50:23.3146506Z test_original_command_cannot_extend_frozen_go_timeout (test_r5_benchmark.BenchmarkRegistryTests.test_original_command_cannot_extend_frozen_go_timeout) ... ok
2026-10-08T09:50:23.3281239Z test_preflight_population_budget_and_artifact_hashes_rejected (test_r5_benchmark.BenchmarkRegistryTests.test_preflight_population_budget_and_artifact_hashes_rejected) ... ok
2026-10-08T09:50:23.3413391Z test_raw_exit_failure_cannot_be_hidden_by_passed_review (test_r5_benchmark.BenchmarkRegistryTests.test_raw_exit_failure_cannot_be_hidden_by_passed_review) ... ok
2026-10-08T09:50:23.3547698Z test_raw_host_suspend_budget_cannot_hide_under_go_elapsed (test_r5_benchmark.BenchmarkRegistryTests.test_raw_host_suspend_budget_cannot_hide_under_go_elapsed) ... ok
2026-10-08T09:50:23.3679496Z test_raw_source_and_process_protocol_not_only_hashes (test_r5_benchmark.BenchmarkRegistryTests.test_raw_source_and_process_protocol_not_only_hashes) ... ok
2026-10-08T09:50:23.6078572Z test_real_success_and_failed_attempts_are_not_static_empty_registry (test_r5_benchmark.BenchmarkRegistryTests.test_real_success_and_failed_attempts_are_not_static_empty_registry) ... ok
2026-10-08T09:50:23.6209632Z test_source_closure_digest_not_just_declared_source (test_r5_benchmark.BenchmarkRegistryTests.test_source_closure_digest_not_just_declared_source) ... ok
2026-10-08T09:50:23.6341675Z test_tool_only_marker_on_original_scale_result_rejected (test_r5_benchmark.BenchmarkRegistryTests.test_tool_only_marker_on_original_scale_result_rejected) ... ok
2026-10-08T09:50:26.1182105Z test_unknown_failed_variant_never_becomes_success (test_r5_benchmark.BenchmarkRegistryTests.test_unknown_failed_variant_never_becomes_success) ... ok
2026-10-08T09:50:26.3580991Z test_unknown_failed_variant_preserves_exact_original_provenance (test_r5_benchmark.BenchmarkRegistryTests.test_unknown_failed_variant_preserves_exact_original_provenance) ... ok
2026-10-08T09:50:26.6320766Z test_unknown_failed_variant_rejection_must_be_actual_eperm (test_r5_benchmark.BenchmarkRegistryTests.test_unknown_failed_variant_rejection_must_be_actual_eperm) ... ok
2026-10-08T09:50:27.0927548Z test_unknown_failed_variant_rejects_terminal_go_or_missing_exit_key (test_r5_benchmark.BenchmarkRegistryTests.test_unknown_failed_variant_rejects_terminal_go_or_missing_exit_key) ... ok
2026-10-08T09:50:27.5691395Z test_unknown_failed_variant_requires_raw_rejection_and_absence (test_r5_benchmark.BenchmarkRegistryTests.test_unknown_failed_variant_requires_raw_rejection_and_absence) ... ok
2026-10-08T09:50:27.5704097Z test_canonical_identity_derived_from_actual_frozen_mapping (test_r5_benchmark.BenchmarkSourceIdentityTests.test_canonical_identity_derived_from_actual_frozen_mapping) ... ok
2026-10-08T09:50:27.5730712Z test_canonical_identity_protected_files_actual_schema_and_mapping_required (test_r5_benchmark.BenchmarkSourceIdentityTests.test_canonical_identity_protected_files_actual_schema_and_mapping_required) ... ok
2026-10-08T09:50:27.5744225Z test_canonical_proof_binds_original_receipt_not_rewritten_metadata (test_r5_benchmark.BenchmarkSourceIdentityTests.test_canonical_proof_binds_original_receipt_not_rewritten_metadata) ... ok
2026-10-08T09:50:27.5777580Z test_canonical_proof_requires_exact_original_algorithm_bytes_and_semantics (test_r5_benchmark.BenchmarkSourceIdentityTests.test_canonical_proof_requires_exact_original_algorithm_bytes_and_semantics) ... ok
2026-10-08T09:50:27.5809901Z test_unknown_kind_arbitrary_label_pseudo_Git_and_closure_hash_rejected (test_r5_benchmark.BenchmarkSourceIdentityTests.test_unknown_kind_arbitrary_label_pseudo_Git_and_closure_hash_rejected) ... ok
2026-10-08T09:50:38.0896749Z test_old_pins_reject_and_current_revision_passes_same_actual_facts (test_r5_catalog_reconciliation.ReviewedCatalogReconciliationTests.test_old_pins_reject_and_current_revision_passes_same_actual_facts) ... ok
2026-10-08T09:50:38.0934709Z test_only_reviewed_body_and_two_closure_hashes_change (test_r5_catalog_reconciliation.ReviewedCatalogReconciliationTests.test_only_reviewed_body_and_two_closure_hashes_change) ... ok
2026-10-08T09:50:39.0797910Z test_revision10_preserves_all_historical_bytes_and_original_rejection_guards (test_r5_catalog_reconciliation.ReviewedCatalogReconciliationTests.test_revision10_preserves_all_historical_bytes_and_original_rejection_guards) ... ok
2026-10-08T09:50:39.2493244Z test_revision10_preserves_manual_reviews_and_binds_fresh_source_facts (test_r5_catalog_reconciliation.ReviewedCatalogReconciliationTests.test_revision10_preserves_manual_reviews_and_binds_fresh_source_facts) ... ok
2026-10-08T09:50:42.7632248Z test_revision11_preserves_history_and_all_unapproved_rejection_guards (test_r5_catalog_reconciliation.ReviewedCatalogReconciliationTests.test_revision11_preserves_history_and_all_unapproved_rejection_guards) ... ok
2026-10-08T09:50:43.8775268Z test_revision11_reconciles_actual_functions_clients_routes_and_source (test_r5_catalog_reconciliation.ReviewedCatalogReconciliationTests.test_revision11_reconciles_actual_functions_clients_routes_and_source) ... ok
2026-10-08T09:50:45.1839200Z test_revision12_binds_actual_source_facts_and_preserves_manual_reviews (test_r5_catalog_reconciliation.ReviewedCatalogReconciliationTests.test_revision12_binds_actual_source_facts_and_preserves_manual_reviews) ... ok
2026-10-08T09:50:46.2879357Z test_revision12_preserves_public_history_collectors_and_original_rejections (test_r5_catalog_reconciliation.ReviewedCatalogReconciliationTests.test_revision12_preserves_public_history_collectors_and_original_rejections) ... ok
2026-10-08T09:50:46.2886127Z test_revision3_client_inventory_preserves_routes_and_forwarders (test_r5_catalog_reconciliation.ReviewedCatalogReconciliationTests.test_revision3_client_inventory_preserves_routes_and_forwarders) ... ok
2026-10-08T09:50:46.3973527Z test_revision3_preserves_unmodified_reviews_and_pins_reviewed_sources (test_r5_catalog_reconciliation.ReviewedCatalogReconciliationTests.test_revision3_preserves_unmodified_reviews_and_pins_reviewed_sources) ... ok
2026-10-08T09:50:46.4480928Z test_revision4_client_locations_and_source_hashes_are_explicitly_bound (test_r5_catalog_reconciliation.ReviewedCatalogReconciliationTests.test_revision4_client_locations_and_source_hashes_are_explicitly_bound) ... ok
2026-10-08T09:50:46.4638018Z test_revision4_preserves_reviews_and_records_exact_caller_changes (test_r5_catalog_reconciliation.ReviewedCatalogReconciliationTests.test_revision4_preserves_reviews_and_records_exact_caller_changes) ... ok
2026-10-08T09:50:46.6179569Z test_revision5_client_moves_and_source_hashes_are_explicitly_bound (test_r5_catalog_reconciliation.ReviewedCatalogReconciliationTests.test_revision5_client_moves_and_source_hashes_are_explicitly_bound) ... ok
2026-10-08T09:50:46.6325597Z test_revision5_preserves_reviews_and_records_exact_caller_changes (test_r5_catalog_reconciliation.ReviewedCatalogReconciliationTests.test_revision5_preserves_reviews_and_records_exact_caller_changes) ... ok
2026-10-08T09:50:46.8887679Z test_revision6_client_facts_source_bytes_and_historical_guards_are_bound (test_r5_catalog_reconciliation.ReviewedCatalogReconciliationTests.test_revision6_client_facts_source_bytes_and_historical_guards_are_bound) ... ok
2026-10-08T09:50:46.9081340Z test_revision6_preserves_reviews_and_records_exact_caller_changes (test_r5_catalog_reconciliation.ReviewedCatalogReconciliationTests.test_revision6_preserves_reviews_and_records_exact_caller_changes) ... ok
2026-10-08T09:50:47.1413238Z test_revision7_client_facts_source_bytes_and_historical_guards_are_bound (test_r5_catalog_reconciliation.ReviewedCatalogReconciliationTests.test_revision7_client_facts_source_bytes_and_historical_guards_are_bound) ... ok
2026-10-08T09:50:47.1569480Z test_revision7_preserves_reviews_and_records_exact_caller_changes (test_r5_catalog_reconciliation.ReviewedCatalogReconciliationTests.test_revision7_preserves_reviews_and_records_exact_caller_changes) ... ok
2026-10-08T09:50:47.6406813Z test_revision8_preserves_client_closure_history_and_all_original_guards (test_r5_catalog_reconciliation.ReviewedCatalogReconciliationTests.test_revision8_preserves_client_closure_history_and_all_original_guards) ... ok
2026-10-08T09:50:47.6982129Z test_revision8_reviews_the_new_revocation_sql_and_complete_transaction_deltas (test_r5_catalog_reconciliation.ReviewedCatalogReconciliationTests.test_revision8_reviews_the_new_revocation_sql_and_complete_transaction_deltas) ... ok
2026-10-08T09:50:48.6696123Z test_revision9_preserves_all_historical_bytes_and_original_rejection_guards (test_r5_catalog_reconciliation.ReviewedCatalogReconciliationTests.test_revision9_preserves_all_historical_bytes_and_original_rejection_guards) ... ok
2026-10-08T09:50:48.8003289Z test_revision9_preserves_manual_reviews_and_binds_fresh_source_facts (test_r5_catalog_reconciliation.ReviewedCatalogReconciliationTests.test_revision9_preserves_manual_reviews_and_binds_fresh_source_facts) ... ok
2026-10-08T09:50:49.7209443Z test_unapproved_actual_closure_bytes_rejected (test_r5_catalog_reconciliation.ReviewedCatalogReconciliationTests.test_unapproved_actual_closure_bytes_rejected) ... ok
2026-10-08T09:50:50.0206562Z test_unapproved_actual_route_source_rejected_by_original_collector (test_r5_catalog_reconciliation.ReviewedCatalogReconciliationTests.test_unapproved_actual_route_source_rejected_by_original_collector) ... ok
2026-10-08T09:50:51.0133762Z test_unapproved_actual_source_and_ast_changes_rejected (test_r5_catalog_reconciliation.ReviewedCatalogReconciliationTests.test_unapproved_actual_source_and_ast_changes_rejected) ... ok
2026-10-08T09:50:51.3962661Z test_unapproved_client_and_caller_locations_are_rejected (test_r5_catalog_reconciliation.ReviewedCatalogReconciliationTests.test_unapproved_client_and_caller_locations_are_rejected) ... ok
2026-10-08T09:50:51.7062027Z test_unapproved_route_and_ast_fact_changes_rejected (test_r5_catalog_reconciliation.ReviewedCatalogReconciliationTests.test_unapproved_route_and_ast_fact_changes_rejected) ... ok
2026-10-08T09:50:51.7896113Z test_archive_guard_order_and_version_dispatch (test_r5_ci_wiring.R5CIWiringTests.test_archive_guard_order_and_version_dispatch) ... ok
2026-10-08T09:50:51.8045312Z test_existing_jobs_toolchain_and_timer_mode (test_r5_ci_wiring.R5CIWiringTests.test_existing_jobs_toolchain_and_timer_mode) ... ok
2026-10-08T09:50:51.8210740Z test_pr_base_boundary_is_shared (test_r5_ci_wiring.R5CIWiringTests.test_pr_base_boundary_is_shared) ... ok
2026-10-08T09:50:51.8372382Z test_push_remains_main_only_and_no_privileged_event (test_r5_ci_wiring.R5CIWiringTests.test_push_remains_main_only_and_no_privileged_event) ... ok
2026-10-08T09:50:51.8546338Z test_read_only_checkout_and_exact_source_archive (test_r5_ci_wiring.R5CIWiringTests.test_read_only_checkout_and_exact_source_archive) ... ok
2026-10-08T09:50:52.8728118Z test_atomic_final_receipt_actual_alarm_never_leaves_machine_pass (test_r5_cold_web.ColdWebTests.test_atomic_final_receipt_actual_alarm_never_leaves_machine_pass) ... ok
2026-10-08T09:50:53.8900291Z test_atomic_hard_expiry_interrupts_raw_read_without_unbounded_failure_io (test_r5_cold_web.ColdWebTests.test_atomic_hard_expiry_interrupts_raw_read_without_unbounded_failure_io) ... ok
2026-10-08T09:50:54.9072017Z test_atomic_observe_expiry_propagates_and_failure_io_stays_hard_bounded (test_r5_cold_web.ColdWebTests.test_atomic_observe_expiry_propagates_and_failure_io_stays_hard_bounded) ... ok
2026-10-08T09:50:55.6738773Z test_atomic_parser_is_under_alarm_before_constructor_path_work (test_r5_cold_web.ColdWebTests.test_atomic_parser_is_under_alarm_before_constructor_path_work) ... ok
2026-10-08T09:50:55.6891534Z {"status": "finalization_prepared_not_admitted", "evidence": "/tmp/r5-cold-unit-yw_wyme0/atomic-baseexception-0"}
2026-10-08T09:50:55.6909331Z {"status": "finalization_prepared_not_admitted", "evidence": "/tmp/r5-cold-unit-yw_wyme0/atomic-baseexception-1"}
2026-10-08T09:50:55.6926362Z {"status": "finalization_prepared_not_admitted", "evidence": "/tmp/r5-cold-unit-yw_wyme0/atomic-baseexception-2"}
2026-10-08T09:50:55.6959963Z test_atomic_post_publication_baseexceptions_revoke_without_machine_pass (test_r5_cold_web.ColdWebTests.test_atomic_post_publication_baseexceptions_revoke_without_machine_pass) ... ok
2026-10-08T09:50:55.7483069Z {"status": "finalization_prepared_not_admitted", "evidence": "/tmp/r5-cold-unit-t742qkvj/atomic-revoke"}
2026-10-08T09:50:55.7518049Z test_atomic_post_publication_failure_revokes_machine_pass (test_r5_cold_web.ColdWebTests.test_atomic_post_publication_failure_revokes_machine_pass) ... ok
2026-10-08T09:50:55.7687582Z test_atomic_success_publishes_once_only_after_complete_receipts (test_r5_cold_web.ColdWebTests.test_atomic_success_publishes_once_only_after_complete_receipts) ... ok
2026-10-08T09:50:55.7848909Z test_atomic_timeout_abbreviation_is_rejected_before_capture (test_r5_cold_web.ColdWebTests.test_atomic_timeout_abbreviation_is_rejected_before_capture) ... ok
2026-10-08T09:50:56.5511007Z test_cli_absolute_deadline_interrupts_slow_capture_without_node (test_r5_cold_web.ColdWebTests.test_cli_absolute_deadline_interrupts_slow_capture_without_node) ... ok
2026-10-08T09:50:56.6696442Z test_deadline_between_cleanup_probes_persists_unknown_not_absence (test_r5_cold_web.ColdWebTests.test_deadline_between_cleanup_probes_persists_unknown_not_absence) ... ok
2026-10-08T09:50:56.6949234Z test_dirty_capture_drift_refused (test_r5_cold_web.ColdWebTests.test_dirty_capture_drift_refused) ... ok
2026-10-08T09:50:56.7718297Z test_dirty_lockfile_and_bypassed_build_script_refused (test_r5_cold_web.ColdWebTests.test_dirty_lockfile_and_bypassed_build_script_refused) ... ok
2026-10-08T09:50:56.7888332Z test_environment_is_allowlisted_and_uses_private_empty_caches (test_r5_cold_web.ColdWebTests.test_environment_is_allowlisted_and_uses_private_empty_caches) ... ok
2026-10-08T09:50:56.8250455Z {"status": "finalization_prepared_not_admitted", "evidence": "/tmp/r5-cold-unit-bmxvsyq2/match"}
2026-10-08T09:50:56.8280543Z test_execute_cli_passes_only_matching_prepared_identity (test_r5_cold_web.ColdWebTests.test_execute_cli_passes_only_matching_prepared_identity) ... ok
2026-10-08T09:50:56.8570557Z test_execute_cli_rejects_source_identity_drift_before_npm (test_r5_cold_web.ColdWebTests.test_execute_cli_rejects_source_identity_drift_before_npm) ... ok
2026-10-08T09:50:56.8859204Z test_execute_inherits_capture_deadline_without_fresh_budget (test_r5_cold_web.ColdWebTests.test_execute_inherits_capture_deadline_without_fresh_budget) ... ok
2026-10-08T09:50:56.8998165Z test_execute_requires_window_and_explicit_tool_path (test_r5_cold_web.ColdWebTests.test_execute_requires_window_and_explicit_tool_path) ... usage: run_r5_source_version_tests.py [-h] [--repo REPO] --output-dir
2026-10-08T09:50:56.8999907Z                                       OUTPUT_DIR [--dirty-file DIRTY_FILE]
2026-10-08T09:50:56.9000398Z                                       [--execute]
2026-10-08T09:50:56.9001011Z                                       [--runtime-window RUNTIME_WINDOW]
2026-10-08T09:50:56.9001546Z                                       [--node-bin NODE_BIN]
2026-10-08T09:50:56.9002315Z                                       [--expected-source-identity EXPECTED_SOURCE_IDENTITY]
2026-10-08T09:50:56.9003216Z                                       [--timeout-seconds TIMEOUT_SECONDS]
2026-10-08T09:50:56.9003951Z                                       [--total-timeout-seconds TOTAL_TIMEOUT_SECONDS]
2026-10-08T09:50:56.9004612Z run_r5_source_version_tests.py: error: --execute requires runtime-owner window, trusted --node-bin and --expected-source-identity
2026-10-08T09:50:56.9020312Z ok
2026-10-08T09:50:56.9792481Z test_existing_alarm_is_not_overwritten (test_r5_cold_web.ColdWebTests.test_existing_alarm_is_not_overwritten) ... ok
2026-10-08T09:50:57.0607490Z test_explicit_dirty_overlay_untracked_and_delete (test_r5_cold_web.ColdWebTests.test_explicit_dirty_overlay_untracked_and_delete) ... ok
2026-10-08T09:50:57.5239829Z test_failed_build_preserves_red_raw_and_exit (test_r5_cold_web.ColdWebTests.test_failed_build_preserves_red_raw_and_exit) ... ok
2026-10-08T09:50:57.9887507Z test_fake_build_command_receipts_are_exact_and_not_shipping_browser_G0 (test_r5_cold_web.ColdWebTests.test_fake_build_command_receipts_are_exact_and_not_shipping_browser_G0) ... ok
2026-10-08T09:50:58.0050206Z test_group_probe_timeout_clips_remaining_and_expired_is_unknown (test_r5_cold_web.ColdWebTests.test_group_probe_timeout_clips_remaining_and_expired_is_unknown) ... ok
2026-10-08T09:50:58.0873688Z test_interruption_persists_current_group_cleanup_in_terminal_receipt (test_r5_cold_web.ColdWebTests.test_interruption_persists_current_group_cleanup_in_terminal_receipt) ... ok
2026-10-08T09:50:58.8664024Z test_lifecycle_timeout_cannot_leave_earlier_execution_pass_admitted (test_r5_cold_web.ColdWebTests.test_lifecycle_timeout_cannot_leave_earlier_execution_pass_admitted) ... ok
2026-10-08T09:50:58.8941750Z test_missing_extra_and_duplicate_review_rejected (test_r5_cold_web.ColdWebTests.test_missing_extra_and_duplicate_review_rejected) ... ok
2026-10-08T09:50:58.9097761Z test_output_refuses_existing_checkout_and_non_temporary_path (test_r5_cold_web.ColdWebTests.test_output_refuses_existing_checkout_and_non_temporary_path) ... ok
2026-10-08T09:50:59.0908796Z test_owned_child_group_cleanup_even_when_leader_exits_zero (test_r5_cold_web.ColdWebTests.test_owned_child_group_cleanup_even_when_leader_exits_zero) ... ok
2026-10-08T09:50:59.1163810Z {"status": "finalization_prepared_not_admitted", "evidence": "/tmp/r5-cold-unit-378_lhl6/prepared"}
2026-10-08T09:50:59.1191160Z test_preparation_never_runs_node_and_is_not_build_pass (test_r5_cold_web.ColdWebTests.test_preparation_never_runs_node_and_is_not_build_pass) ... ok
2026-10-08T09:50:59.1347189Z test_slow_cleanup_observation_cannot_get_fresh_final_probe_or_absence (test_r5_cold_web.ColdWebTests.test_slow_cleanup_observation_cannot_get_fresh_final_probe_or_absence) ... ok
2026-10-08T09:50:59.1504695Z test_source_git_clips_remaining_budget_and_rejects_late_return (test_r5_cold_web.ColdWebTests.test_source_git_clips_remaining_budget_and_rejects_late_return) ... ok
2026-10-08T09:50:59.4404182Z test_timeout_and_log_budget_are_failure_even_if_exit_zero (test_r5_cold_web.ColdWebTests.test_timeout_and_log_budget_are_failure_even_if_exit_zero) ... ok
2026-10-08T09:50:59.7094730Z test_total_deadline_clips_stage_budget_and_stops_before_ci (test_r5_cold_web.ColdWebTests.test_total_deadline_clips_stage_budget_and_stops_before_ci) ... ok
2026-10-08T09:50:59.7377988Z test_tracked_snapshot_excludes_credentials_and_caches_without_touching_checkout (test_r5_cold_web.ColdWebTests.test_tracked_snapshot_excludes_credentials_and_caches_without_touching_checkout) ... ok
2026-10-08T09:50:59.7815307Z test_tracked_symlink_and_dirty_symlink_refused (test_r5_cold_web.ColdWebTests.test_tracked_symlink_and_dirty_symlink_refused) ... ok
2026-10-08T09:50:59.8006280Z test_traversal_foreign_and_secret_paths_rejected (test_r5_cold_web.ColdWebTests.test_traversal_foreign_and_secret_paths_rejected) ... ok
2026-10-08T09:50:59.8167190Z test_unknown_or_foreign_cleanup_never_kills_or_passes (test_r5_cold_web.ColdWebTests.test_unknown_or_foreign_cleanup_never_kills_or_passes) ... ok
2026-10-08T09:50:59.8323191Z test_unobserved_live_owned_group_stops_precisely_but_never_certifies (test_r5_cold_web.ColdWebTests.test_unobserved_live_owned_group_stops_precisely_but_never_certifies) ... ok
2026-10-08T09:50:59.8481722Z test_user_and_global_npm_configs_are_distinct_empty_private_files (test_r5_cold_web.ColdWebTests.test_user_and_global_npm_configs_are_distinct_empty_private_files) ... ok
2026-10-08T09:51:00.0931580Z test_wrong_node_major_records_rejection (test_r5_cold_web.ColdWebTests.test_wrong_node_major_records_rejection) ... ok
2026-10-08T09:51:00.5559889Z test_zero_exit_without_standalone_artifacts_is_not_pass (test_r5_cold_web.ColdWebTests.test_zero_exit_without_standalone_artifacts_is_not_pass) ... ok
2026-10-08T09:51:02.3604520Z test_cannot_waive_dependency_runtime_or_legacy_client_unknowns (test_r5_compatibility.CompatibilityGateTests.test_cannot_waive_dependency_runtime_or_legacy_client_unknowns) ... ok
2026-10-08T09:51:02.7918089Z test_current_source_map_is_not_product_or_dependency_completion (test_r5_compatibility.CompatibilityGateTests.test_current_source_map_is_not_product_or_dependency_completion) ... ok
2026-10-08T09:51:03.2673846Z test_dns_exclusions_match_real_HTTP_methods_not_create (test_r5_compatibility.CompatibilityGateTests.test_dns_exclusions_match_real_HTTP_methods_not_create) ... ok
2026-10-08T09:51:03.2675497Z test_duplicate_and_nonfinite_json_rejected (test_r5_compatibility.CompatibilityGateTests.test_duplicate_and_nonfinite_json_rejected) ... ok
2026-10-08T09:51:07.7649758Z test_future_rejection_upgrade_and_task_strategies_mandatory (test_r5_compatibility.CompatibilityGateTests.test_future_rejection_upgrade_and_task_strategies_mandatory) ... ok
2026-10-08T09:51:07.7668618Z test_malformed_and_untrusted_producer_sources_rejected (test_r5_compatibility.CompatibilityGateTests.test_malformed_and_untrusted_producer_sources_rejected) ... ok
2026-10-08T09:51:09.7244308Z test_missing_duplicate_and_source_drift_rejected (test_r5_compatibility.CompatibilityGateTests.test_missing_duplicate_and_source_drift_rejected) ... ok
2026-10-08T09:51:17.2546673Z test_route_schema_client_and_test_fact_mutations_rejected (test_r5_compatibility.CompatibilityGateTests.test_route_schema_client_and_test_fact_mutations_rejected) ... ok
2026-10-08T09:51:18.7215142Z test_routes_and_successor_tasks_match_original_stage_semantics (test_r5_compatibility.CompatibilityGateTests.test_routes_and_successor_tasks_match_original_stage_semantics) ... ok
2026-10-08T09:51:19.5398623Z test_current_source_rejects_historical_wire (test_r5_compatibility.CurrentHistoricalBoundaryTests.test_current_source_rejects_historical_wire) ... ok
2026-10-08T09:51:19.5486077Z test_fabricated_client_producer_not_accepted_as_source (test_r5_compatibility.CurrentHistoricalBoundaryTests.test_fabricated_client_producer_not_accepted_as_source) ... ok
2026-10-08T09:51:19.5893805Z test_future_and_wrong_handler_producer_routes_rejected (test_r5_compatibility.CurrentHistoricalBoundaryTests.test_future_and_wrong_handler_producer_routes_rejected) ... ok
2026-10-08T09:51:19.5895392Z test_new_routes_preserve_release_semantics (test_r5_compatibility.CurrentHistoricalBoundaryTests.test_new_routes_preserve_release_semantics) ... ok
2026-10-08T09:51:19.5940806Z test_old_runtime_cannot_be_re_signed_with_current_spec (test_r5_compatibility.CurrentHistoricalBoundaryTests.test_old_runtime_cannot_be_re_signed_with_current_spec) ... ok
2026-10-08T09:51:21.5657166Z test_re_signing_history_and_current_artifact_claims_rejected (test_r5_compatibility.CurrentHistoricalBoundaryTests.test_re_signing_history_and_current_artifact_claims_rejected) ... ok
2026-10-08T09:51:21.5730748Z test_exact_safe_join_remains_metadata_not_product_approval (test_r5_compatibility.SafeWireJoinTests.test_exact_safe_join_remains_metadata_not_product_approval) ... ok
2026-10-08T09:51:21.6743366Z test_not_observed_cannot_be_laundered_as_runtime_pass (test_r5_compatibility.SafeWireJoinTests.test_not_observed_cannot_be_laundered_as_runtime_pass) ... ok
2026-10-08T09:51:21.7850823Z test_unknown_private_fields_bad_status_and_aspects_rejected (test_r5_compatibility.SafeWireJoinTests.test_unknown_private_fields_bad_status_and_aspects_rejected) ... ok
2026-10-08T09:51:21.8452838Z test_wrong_tree_report_spec_case_and_closure_hashes_rejected (test_r5_compatibility.SafeWireJoinTests.test_wrong_tree_report_spec_case_and_closure_hashes_rejected) ... ok
2026-10-08T09:51:21.8940475Z test_actual_historical_partial_catalog_is_fail_closed_despite_qualification_hashes (test_r5_current_benchmark.Current18ContractGrammarTests.test_actual_historical_partial_catalog_is_fail_closed_despite_qualification_hashes) ... ok
2026-10-08T09:51:21.9647428Z test_archive_extra_escape_hash_and_missing_build_inputs_reach_correct_gates (test_r5_current_benchmark.Current18ContractGrammarTests.test_archive_extra_escape_hash_and_missing_build_inputs_reach_correct_gates) ... ok
2026-10-08T09:51:22.0143589Z test_catalog_mutations_reach_full_definition_gate (test_r5_current_benchmark.Current18ContractGrammarTests.test_catalog_mutations_reach_full_definition_gate) ... ok
2026-10-08T09:51:22.0785446Z test_cross_run_and_unknown_fields_reach_named_binding_gates (test_r5_current_benchmark.Current18ContractGrammarTests.test_cross_run_and_unknown_fields_reach_named_binding_gates) ... ok
2026-10-08T09:51:22.0908447Z test_declared_full_reference_flags_cannot_hide_missing_dimensions (test_r5_current_benchmark.Current18ContractGrammarTests.test_declared_full_reference_flags_cannot_hide_missing_dimensions) ... ok
2026-10-08T09:51:22.1566570Z test_duplicate_nonfinite_and_numeric_aliases_do_not_use_early_failures (test_r5_current_benchmark.Current18ContractGrammarTests.test_duplicate_nonfinite_and_numeric_aliases_do_not_use_early_failures) ... ok
2026-10-08T09:51:22.1725510Z test_external_admission_pin_and_qualifications_remain_required (test_r5_current_benchmark.Current18ContractGrammarTests.test_external_admission_pin_and_qualifications_remain_required) ... ok
2026-10-08T09:51:22.1852514Z test_external_descriptor_pin_is_required_and_not_archive_self_digest (test_r5_current_benchmark.Current18ContractGrammarTests.test_external_descriptor_pin_is_required_and_not_archive_self_digest) ... ok
2026-10-08T09:51:22.1979630Z test_go_pass_after_exit_but_before_parent_wait_is_rejected (test_r5_current_benchmark.Current18ContractGrammarTests.test_go_pass_after_exit_but_before_parent_wait_is_rejected) ... ok
2026-10-08T09:51:22.2231694Z test_go_start_before_go_phase_and_elapsed_mismatch_are_rejected (test_r5_current_benchmark.Current18ContractGrammarTests.test_go_start_before_go_phase_and_elapsed_mismatch_are_rejected) ... ok
2026-10-08T09:51:22.3003051Z test_late_cleanup_unknown_exit_and_platform_mismatch_have_positive_controls (test_r5_current_benchmark.Current18ContractGrammarTests.test_late_cleanup_unknown_exit_and_platform_mismatch_have_positive_controls) ... ok
2026-10-08T09:51:22.3221379Z test_legacy_methods_old_S_and_L_do_not_gain_current_admission (test_r5_current_benchmark.Current18ContractGrammarTests.test_legacy_methods_old_S_and_L_do_not_gain_current_admission) ... ok
2026-10-08T09:51:22.3948308Z test_lookahead_FIFO_and_persistent_boundaries_use_lookahead_positive_controls (test_r5_current_benchmark.Current18ContractGrammarTests.test_lookahead_FIFO_and_persistent_boundaries_use_lookahead_positive_controls) ... ok
2026-10-08T09:51:22.4068041Z test_parent31_guard_and_invalid_earlier_deadline_descriptor (test_r5_current_benchmark.Current18ContractGrammarTests.test_parent31_guard_and_invalid_earlier_deadline_descriptor) ... ok
2026-10-08T09:51:22.4727104Z test_parser_deadline_reserve_join_and_claim_mutations_have_valid_preconditions (test_r5_current_benchmark.Current18ContractGrammarTests.test_parser_deadline_reserve_join_and_claim_mutations_have_valid_preconditions) ... ok
2026-10-08T09:51:22.5020756Z test_public_schema_matches_full_grammar_and_maintenance_literal (test_r5_current_benchmark.Current18ContractGrammarTests.test_public_schema_matches_full_grammar_and_maintenance_literal) ... ok
2026-10-08T09:51:22.5188578Z test_same_admission_reorigin_and_all_internal_rehashes_cannot_replace_trusted_clock (test_r5_current_benchmark.Current18ContractGrammarTests.test_same_admission_reorigin_and_all_internal_rehashes_cannot_replace_trusted_clock) ... ok
2026-10-08T09:51:22.5430544Z test_two_methods_have_complete_synthetic_positive_controls_only (test_r5_current_benchmark.Current18ContractGrammarTests.test_two_methods_have_complete_synthetic_positive_controls_only) ... ok
2026-10-08T09:51:22.5578461Z test_typed_deadline_failure_and_late_containment_never_become_baseline (test_r5_current_benchmark.Current18ContractGrammarTests.test_typed_deadline_failure_and_late_containment_never_become_baseline) ... ok
2026-10-08T09:51:22.5724568Z test_typed_unknown_exit_does_not_backfill_numeric_exit (test_r5_current_benchmark.Current18ContractGrammarTests.test_typed_unknown_exit_does_not_backfill_numeric_exit) ... ok
2026-10-08T09:51:22.6519176Z test_workload_mutations_reach_named_domain_gates (test_r5_current_benchmark.Current18ContractGrammarTests.test_workload_mutations_reach_named_domain_gates) ... ok
2026-10-08T09:51:22.6690861Z test_c_map_keys_strings_and_comments_are_not_native_imports (test_r5_current_source_inventory.CurrentSourceInventoryTests.test_c_map_keys_strings_and_comments_are_not_native_imports) ... ok
2026-10-08T09:51:22.6802556Z test_current_policy_never_enters_frozen_legacy_identity (test_r5_current_source_inventory.CurrentSourceInventoryTests.test_current_policy_never_enters_frozen_legacy_identity) ... ok
2026-10-08T09:51:22.7046770Z test_current_tool_cli_binds_v2_source_and_rejects_live_fork_drift (test_r5_current_source_inventory.CurrentSourceInventoryTests.test_current_tool_cli_binds_v2_source_and_rejects_live_fork_drift) ... ok
2026-10-08T09:51:22.8256122Z test_fork_embed_and_build_metadata_drift_are_rejected_before_after (test_r5_current_source_inventory.CurrentSourceInventoryTests.test_fork_embed_and_build_metadata_drift_are_rejected_before_after) ... ok
2026-10-08T09:51:22.8531499Z test_missing_symlink_and_new_disk_input_are_not_silently_ignored (test_r5_current_source_inventory.CurrentSourceInventoryTests.test_missing_symlink_and_new_disk_input_are_not_silently_ignored) ... ok
2026-10-08T09:51:22.9018260Z test_omitted_fork_extra_escape_and_unknown_policy_cannot_reseal (test_r5_current_source_inventory.CurrentSourceInventoryTests.test_omitted_fork_extra_escape_and_unknown_policy_cannot_reseal) ... ok
2026-10-08T09:51:23.1026323Z test_output_exclusions_cannot_hide_embed_inputs (test_r5_current_source_inventory.CurrentSourceInventoryTests.test_output_exclusions_cannot_hide_embed_inputs) ... ok
2026-10-08T09:51:23.1467801Z test_pinned_v2_protocol_and_benchmark_current_entrypoints (test_r5_current_source_inventory.CurrentSourceInventoryTests.test_pinned_v2_protocol_and_benchmark_current_entrypoints) ... ok
2026-10-08T09:51:23.3217612Z test_protocol_manifest_revalidation_rejects_after_run_drift_without_git (test_r5_current_source_inventory.CurrentSourceInventoryTests.test_protocol_manifest_revalidation_rejects_after_run_drift_without_git) ... ok
2026-10-08T09:51:23.3675274Z test_protocol_metadata_preserves_shared_and_reference_runtime_boundaries (test_r5_current_source_inventory.CurrentSourceInventoryTests.test_protocol_metadata_preserves_shared_and_reference_runtime_boundaries) ... ok
2026-10-08T09:51:23.4126443Z test_real_native_import_and_linker_inputs_still_fail_closed (test_r5_current_source_inventory.CurrentSourceInventoryTests.test_real_native_import_and_linker_inputs_still_fail_closed) ... ok
2026-10-08T09:51:23.4201369Z test_replacement_path_version_dynamic_workfile_and_extra_directory_fail_closed (test_r5_current_source_inventory.CurrentSourceInventoryTests.test_replacement_path_version_dynamic_workfile_and_extra_directory_fail_closed) ... ok
2026-10-08T09:51:23.4431960Z test_superset_includes_fork_embed_metadata_helper_and_new_identity_domain (test_r5_current_source_inventory.CurrentSourceInventoryTests.test_superset_includes_fork_embed_metadata_helper_and_new_identity_domain) ... ok
2026-10-08T09:51:23.4573523Z test_symlinked_root_external_local_import_and_adapter_omission_rejected (test_r5_current_source_inventory.CurrentSourceInventoryTests.test_symlinked_root_external_local_import_and_adapter_omission_rejected) ... ok
2026-10-08T09:51:23.4675563Z test_unknown_build_conditions_and_environment_are_rejected (test_r5_current_source_inventory.CurrentSourceInventoryTests.test_unknown_build_conditions_and_environment_are_rejected) ... ok
2026-10-08T09:51:23.4689518Z test_capture_sink_is_closed_after_failure (test_r5_env_diagnostics.DiagnosticTests.test_capture_sink_is_closed_after_failure) ... ok
2026-10-08T09:51:23.4712548Z test_command_failure_and_timeout_retained_by_capture (test_r5_env_diagnostics.DiagnosticTests.test_command_failure_and_timeout_retained_by_capture) ... ok
2026-10-08T09:51:23.4722124Z test_disabled_does_not_create_files (test_r5_env_diagnostics.DiagnosticTests.test_disabled_does_not_create_files) ... ok
2026-10-08T09:51:23.4730781Z test_escape_duplicate_and_symlink_file_refused (test_r5_env_diagnostics.DiagnosticTests.test_escape_duplicate_and_symlink_file_refused) ... ok
2026-10-08T09:51:23.4746295Z test_failed_compatibility_preserves_exception_and_raw (test_r5_env_diagnostics.DiagnosticTests.test_failed_compatibility_preserves_exception_and_raw) ... ok
2026-10-08T09:51:23.4756173Z test_file_total_and_count_bounds_refuse_new_output (test_r5_env_diagnostics.DiagnosticTests.test_file_total_and_count_bounds_refuse_new_output) ... ok
2026-10-08T09:51:23.4765726Z test_private_modes_hashes_and_fd_cleanup (test_r5_env_diagnostics.DiagnosticTests.test_private_modes_hashes_and_fd_cleanup) ... ok
2026-10-08T09:51:23.4777440Z test_rejected_observation_is_diagnostic_and_still_rejected (test_r5_env_diagnostics.DiagnosticTests.test_rejected_observation_is_diagnostic_and_still_rejected) ... ok
2026-10-08T09:51:23.4797337Z test_symlink_ancestor_and_git_roots_refused (test_r5_env_diagnostics.DiagnosticTests.test_symlink_ancestor_and_git_roots_refused) ... ok
2026-10-08T09:51:23.4805846Z test_unowned_and_public_root_refused (test_r5_env_diagnostics.DiagnosticTests.test_unowned_and_public_root_refused) ... ok
2026-10-08T09:51:23.4818323Z test_valid_and_extra_or_changed_hash_receipts (test_r5_env_diagnostics.DiagnosticTests.test_valid_and_extra_or_changed_hash_receipts) ... ok
2026-10-08T09:51:23.4826727Z test_write_failure_removes_partial_and_closes_descriptor (test_r5_env_diagnostics.DiagnosticTests.test_write_failure_removes_partial_and_closes_descriptor) ... ok
2026-10-08T09:51:23.4836211Z test_compatibility_uses_selected_tool_and_original_command (test_r5_env_diagnostics.EnvironmentTests.test_compatibility_uses_selected_tool_and_original_command) ... ok
2026-10-08T09:51:23.4837451Z test_explicit_tool_caches_and_no_inherited_flags (test_r5_env_diagnostics.EnvironmentTests.test_explicit_tool_caches_and_no_inherited_flags) ... ok
2026-10-08T09:51:23.4838495Z test_legacy_selector_and_default_cache_preserved (test_r5_env_diagnostics.EnvironmentTests.test_legacy_selector_and_default_cache_preserved) ... ok
2026-10-08T09:51:23.4861375Z test_runner_dispatches_owned_environment_to_both_groups (test_r5_env_diagnostics.EnvironmentTests.test_runner_dispatches_owned_environment_to_both_groups) ... ok
2026-10-08T09:51:23.4869068Z test_transaction_uses_selected_tool_and_offline_policy (test_r5_env_diagnostics.EnvironmentTests.test_transaction_uses_selected_tool_and_offline_policy) ... ok
2026-10-08T09:51:24.0828302Z test_actual_cli_capture_validate_reject (test_r5_excluded_descriptor_metadata.DescriptorMetadataTests.test_actual_cli_capture_validate_reject) ... ok
2026-10-08T09:51:24.1391161Z {"fork": "third_party/enmime-v2.3.0", "action": "capture", "cli_exit": 1, "same_receipt": false, "observation": "CLI_RACE_OBSERVATION 2 True"}
2026-10-08T09:51:24.1785841Z {"fork": "third_party/enmime-v2.3.0", "action": "validate", "cli_exit": 1, "same_receipt": false, "observation": "CLI_RACE_OBSERVATION 2 True"}
2026-10-08T09:51:24.2192880Z {"fork": "third_party/go-smtp", "action": "capture", "cli_exit": 1, "same_receipt": false, "observation": "CLI_RACE_OBSERVATION 2 True"}
2026-10-08T09:51:24.2594554Z {"fork": "third_party/go-smtp", "action": "validate", "cli_exit": 1, "same_receipt": false, "observation": "CLI_RACE_OBSERVATION 2 True"}
2026-10-08T09:51:24.2607934Z test_actual_cli_regular_file_swap_must_reject (test_r5_excluded_descriptor_metadata.DescriptorMetadataTests.test_actual_cli_regular_file_swap_must_reject) ... ok
2026-10-08T09:51:25.2094337Z DESCRIPTOR_REPLACEMENT {"fork": "third_party/enmime-v2.3.0", "action": "capture", "entry": "cli", "rejected": true, "old": [66305, 9455398], "new": [66305, 9455399], "phase": 1, "anchor_matches_old": true}
2026-10-08T09:51:25.2457638Z DESCRIPTOR_REPLACEMENT {"fork": "third_party/enmime-v2.3.0", "action": "capture", "entry": "api", "rejected": true, "old": [66305, 9455398], "new": [66305, 9455399], "phase": 1, "anchor_matches_old": true}
2026-10-08T09:51:25.2850263Z DESCRIPTOR_REPLACEMENT {"fork": "third_party/enmime-v2.3.0", "action": "validate", "entry": "cli", "rejected": true, "old": [66305, 9455398], "new": [66305, 9455399], "phase": 1, "anchor_matches_old": true}
2026-10-08T09:51:25.3203781Z DESCRIPTOR_REPLACEMENT {"fork": "third_party/enmime-v2.3.0", "action": "validate", "entry": "api", "rejected": true, "old": [66305, 9455398], "new": [66305, 9455399], "phase": 1, "anchor_matches_old": true}
2026-10-08T09:51:27.1107368Z DESCRIPTOR_REPLACEMENT {"fork": "third_party/go-smtp", "action": "capture", "entry": "cli", "rejected": true, "old": [66305, 9455398], "new": [66305, 9455399], "phase": 1, "anchor_matches_old": true}
2026-10-08T09:51:27.1495406Z DESCRIPTOR_REPLACEMENT {"fork": "third_party/go-smtp", "action": "capture", "entry": "api", "rejected": true, "old": [66305, 9455398], "new": [66305, 9455399], "phase": 1, "anchor_matches_old": true}
2026-10-08T09:51:27.1928882Z DESCRIPTOR_REPLACEMENT {"fork": "third_party/go-smtp", "action": "validate", "entry": "cli", "rejected": true, "old": [66305, 9455398], "new": [66305, 9455399], "phase": 1, "anchor_matches_old": true}
2026-10-08T09:51:27.2319380Z DESCRIPTOR_REPLACEMENT {"fork": "third_party/go-smtp", "action": "validate", "entry": "api", "rejected": true, "old": [66305, 9455398], "new": [66305, 9455399], "phase": 1, "anchor_matches_old": true}
2026-10-08T09:51:28.0283475Z test_bounded_replacements_api_and_cli (test_r5_excluded_descriptor_metadata.DescriptorMetadataTests.test_bounded_replacements_api_and_cli) ... ok
2026-10-08T09:51:29.1662318Z test_budget_exact_shared_roots_per_fork_and_overflow (test_r5_excluded_descriptor_metadata.DescriptorMetadataTests.test_budget_exact_shared_roots_per_fork_and_overflow) ... ok
2026-10-08T09:51:30.3359264Z test_cli_legal_artifacts_and_static_budget_rejections (test_r5_excluded_descriptor_metadata.DescriptorMetadataTests.test_cli_legal_artifacts_and_static_budget_rejections) ... ok
2026-10-08T09:51:30.4372366Z test_depth_exact_and_overflow (test_r5_excluded_descriptor_metadata.DescriptorMetadataTests.test_depth_exact_and_overflow) ... ok
2026-10-08T09:51:30.4670853Z test_directory_swap_nofollow_public_entries (test_r5_excluded_descriptor_metadata.DescriptorMetadataTests.test_directory_swap_nofollow_public_entries) ... ok
2026-10-08T09:51:30.6561000Z test_legal_artifacts_no_reads_and_stable_original_inventory_and_closure (test_r5_excluded_descriptor_metadata.DescriptorMetadataTests.test_legal_artifacts_no_reads_and_stable_original_inventory_and_closure) ... ok
2026-10-08T09:51:30.7474298Z test_nested_module_links_fifo_socket_public_entries (test_r5_excluded_descriptor_metadata.DescriptorMetadataTests.test_nested_module_links_fifo_socket_public_entries) ... ok
2026-10-08T09:51:30.7931872Z test_only_metadata_handles_for_artifacts_and_no_body_reads (test_r5_excluded_descriptor_metadata.DescriptorMetadataTests.test_only_metadata_handles_for_artifacts_and_no_body_reads) ... ok
2026-10-08T09:51:30.8117346Z RACE_OBSERVATION {"fork": "third_party/enmime-v2.3.0", "entry": "capture", "nofollow_stats": 2, "symlink_at_return": true}
2026-10-08T09:51:30.8143945Z RACE_OBSERVATION {"fork": "third_party/enmime-v2.3.0", "entry": "<lambda>", "nofollow_stats": 2, "symlink_at_return": true}
2026-10-08T09:51:30.8183119Z RACE_OBSERVATION {"fork": "third_party/go-smtp", "entry": "capture", "nofollow_stats": 2, "symlink_at_return": true}
2026-10-08T09:51:30.8221539Z RACE_OBSERVATION {"fork": "third_party/go-smtp", "entry": "<lambda>", "nofollow_stats": 2, "symlink_at_return": true}
2026-10-08T09:51:30.8235004Z test_regular_file_becomes_symlink_on_final_stat_public_entries (test_r5_excluded_descriptor_metadata.DescriptorMetadataTests.test_regular_file_becomes_symlink_on_final_stat_public_entries) ... ok
2026-10-08T09:51:30.8610556Z test_unknown_and_unavailable_metadata_public_entries (test_r5_excluded_descriptor_metadata.DescriptorMetadataTests.test_unknown_and_unavailable_metadata_public_entries) ... ok
2026-10-08T09:51:30.8767954Z test_each_validation_runs_after_an_unrelated_gate_failure (test_r5_frontend_evidence_continuation.FrontendEvidenceContinuationTests.test_each_validation_runs_after_an_unrelated_gate_failure) ... ok
2026-10-08T09:51:30.8917779Z test_failures_still_fail_the_existing_frontend_job (test_r5_frontend_evidence_continuation.FrontendEvidenceContinuationTests.test_failures_still_fail_the_existing_frontend_job) ... ok
2026-10-08T09:51:30.9067234Z test_test_report_and_actual_checkout_identity_are_retained_after_failure (test_r5_frontend_evidence_continuation.FrontendEvidenceContinuationTests.test_test_report_and_actual_checkout_identity_are_retained_after_failure) ... ok
2026-10-08T09:51:30.9091720Z test_malformed_procfs_process_identity_is_rejected (test_r5_procfs_execution.ProcfsExecutableTests.test_malformed_procfs_process_identity_is_rejected) ... ok
2026-10-08T09:51:30.9100370Z test_procfs_visible_identity_survives_namespace_pid_mismatch (test_r5_procfs_execution.ProcfsExecutableTests.test_procfs_visible_identity_survives_namespace_pid_mismatch) ... ok
2026-10-08T09:51:30.9108960Z test_resolved_descriptor_must_match_the_held_inode (test_r5_procfs_execution.ProcfsExecutableTests.test_resolved_descriptor_must_match_the_held_inode) ... ok
2026-10-08T09:51:30.9117720Z test_unavailable_procfs_keeps_the_original_cause (test_r5_procfs_execution.ProcfsExecutableTests.test_unavailable_procfs_keeps_the_original_cause) ... ok
2026-10-08T09:51:30.9638952Z test_background_ports_do_not_require_fake_http (test_r5_protocol.ApplicableStatusTests.test_background_ports_do_not_require_fake_http) ... ok
2026-10-08T09:51:30.9877030Z test_registration_still_does_not_certify_missing_components (test_r5_protocol.ApplicableStatusTests.test_registration_still_does_not_certify_missing_components) ... ok
2026-10-08T09:51:30.9878118Z test_invalid_or_shell_build_tag_rejected (test_r5_protocol.BaselineBuildTagTests.test_invalid_or_shell_build_tag_rejected) ... ok
2026-10-08T09:51:31.0112811Z test_protocol_target_suite_is_explicitly_opt_in (test_r5_protocol.BaselineBuildTagTests.test_protocol_target_suite_is_explicitly_opt_in) ... ok
2026-10-08T09:51:31.0396177Z test_absent_reason_cannot_have_value (test_r5_protocol.CaseStructureTests.test_absent_reason_cannot_have_value) ... ok
2026-10-08T09:51:31.0633361Z test_audit_and_acceptance_coverage (test_r5_protocol.CaseStructureTests.test_audit_and_acceptance_coverage) ... ok
2026-10-08T09:51:31.0899657Z test_completion_claim_rejected (test_r5_protocol.CaseStructureTests.test_completion_claim_rejected) ... ok
2026-10-08T09:51:31.1163431Z test_duplicate_case_rejected (test_r5_protocol.CaseStructureTests.test_duplicate_case_rejected) ... ok
2026-10-08T09:51:31.1428453Z test_empty_input_rejected (test_r5_protocol.CaseStructureTests.test_empty_input_rejected) ... ok
2026-10-08T09:51:31.1697389Z test_exact_reason_requires_literal (test_r5_protocol.CaseStructureTests.test_exact_reason_requires_literal) ... ok
2026-10-08T09:51:31.1932054Z test_full_case_set_does_not_claim_completion (test_r5_protocol.CaseStructureTests.test_full_case_set_does_not_claim_completion) ... ok
2026-10-08T09:51:31.2197632Z test_invalid_status_rejected (test_r5_protocol.CaseStructureTests.test_invalid_status_rejected) ... ok
2026-10-08T09:51:31.2461505Z test_missing_case_rejected (test_r5_protocol.CaseStructureTests.test_missing_case_rejected) ... ok
2026-10-08T09:51:31.2731637Z test_missing_error_code_rejected (test_r5_protocol.CaseStructureTests.test_missing_error_code_rejected) ... ok
2026-10-08T09:51:31.2999665Z test_missing_message_requirement_rejected (test_r5_protocol.CaseStructureTests.test_missing_message_requirement_rejected) ... ok
2026-10-08T09:51:31.3266723Z test_nonexistent_real_test_rejected (test_r5_protocol.CaseStructureTests.test_nonexistent_real_test_rejected) ... ok
2026-10-08T09:51:31.3757707Z test_null_reason_is_not_a_protocol_gap (test_r5_protocol.CaseStructureTests.test_null_reason_is_not_a_protocol_gap) ... ok
2026-10-08T09:51:31.4023193Z test_path_escape_rejected (test_r5_protocol.CaseStructureTests.test_path_escape_rejected) ... ok
2026-10-08T09:51:31.4286567Z test_reference_adapter_cannot_claim_shared_input (test_r5_protocol.CaseStructureTests.test_reference_adapter_cannot_claim_shared_input) ... ok
2026-10-08T09:51:31.4551255Z test_wrong_package_rejected (test_r5_protocol.CaseStructureTests.test_wrong_package_rejected) ... ok
2026-10-08T09:51:31.8105835Z test_capability_scope_cannot_admit_other_sources_layers_paths_or_future_claims (test_r5_protocol.CurrentContractCapabilityTests.test_capability_scope_cannot_admit_other_sources_layers_paths_or_future_claims) ... ok
2026-10-08T09:51:31.8344431Z test_current_capability_red_does_not_replace_old_db_target (test_r5_protocol.CurrentContractCapabilityTests.test_current_capability_red_does_not_replace_old_db_target) ... ok
2026-10-08T09:51:31.8818895Z test_exact_current_capability_source_and_all_variants (test_r5_protocol.CurrentContractCapabilityTests.test_exact_current_capability_source_and_all_variants) ... ok
2026-10-08T09:51:31.9055804Z test_exact_target_red_is_baseline_not_product_green (test_r5_protocol.ExactTargetRedTests.test_exact_target_red_is_baseline_not_product_green) ... ok
2026-10-08T09:51:32.0240933Z test_parent_cleanup_failure_cannot_be_laundered (test_r5_protocol.ExactTargetRedTests.test_parent_cleanup_failure_cannot_be_laundered) ... ok
2026-10-08T09:51:32.0713458Z test_setup_or_other_failure_not_admitted (test_r5_protocol.ExactTargetRedTests.test_setup_or_other_failure_not_admitted) ... ok
2026-10-08T09:51:32.0949402Z test_timeout_process_not_admitted (test_r5_protocol.ExactTargetRedTests.test_timeout_process_not_admitted) ... ok
2026-10-08T09:51:32.1185143Z test_undeclared_target_variant_rejected (test_r5_protocol.ExactTargetRedTests.test_undeclared_target_variant_rejected) ... ok
2026-10-08T09:51:32.1421803Z test_exact_adapter_target_is_separate_from_original_db (test_r5_protocol.GoOwnedComponentAdapterTests.test_exact_adapter_target_is_separate_from_original_db) ... ok
2026-10-08T09:51:32.1681018Z test_no_real_packet_keeps_component_layer_unverified (test_r5_protocol.GoOwnedComponentAdapterTests.test_no_real_packet_keeps_component_layer_unverified) ... ok
2026-10-08T09:51:32.1923595Z test_same_case_go_ui_target_does_not_replace_db_target (test_r5_protocol.GoOwnedComponentAdapterTests.test_same_case_go_ui_target_does_not_replace_db_target) ... ok
2026-10-08T09:51:32.3100761Z test_unknown_path_marker_audit_or_acceptance_rejected (test_r5_protocol.GoOwnedComponentAdapterTests.test_unknown_path_marker_audit_or_acceptance_rejected) ... ok
2026-10-08T09:51:32.3102419Z test_baseline_failure_is_not_protocol_pass (test_r5_protocol.ReferenceEvidenceTests.test_baseline_failure_is_not_protocol_pass) ... ok
2026-10-08T09:51:32.3103833Z test_cached_pass_without_run_rejected (test_r5_protocol.ReferenceEvidenceTests.test_cached_pass_without_run_rejected) ... ok
2026-10-08T09:51:32.3105065Z test_compile_failure_rejected (test_r5_protocol.ReferenceEvidenceTests.test_compile_failure_rejected) ... ok
2026-10-08T09:51:32.3106268Z test_duplicate_terminal_rejected (test_r5_protocol.ReferenceEvidenceTests.test_duplicate_terminal_rejected) ... ok
2026-10-08T09:51:32.3107642Z test_malformed_json_rejected (test_r5_protocol.ReferenceEvidenceTests.test_malformed_json_rejected) ... ok
2026-10-08T09:51:32.3108763Z test_missing_test_rejected (test_r5_protocol.ReferenceEvidenceTests.test_missing_test_rejected) ... ok
2026-10-08T09:51:32.3110426Z test_named_pass_remains_reference_only (test_r5_protocol.ReferenceEvidenceTests.test_named_pass_remains_reference_only) ... ok
2026-10-08T09:51:32.3111529Z test_skip_rejected (test_r5_protocol.ReferenceEvidenceTests.test_skip_rejected) ... ok
2026-10-08T09:51:32.3112575Z test_subtest_failure_rejected (test_r5_protocol.ReferenceEvidenceTests.test_subtest_failure_rejected) ... ok
2026-10-08T09:51:32.3113784Z test_unexpected_package_rejected (test_r5_protocol.ReferenceEvidenceTests.test_unexpected_package_rejected) ... ok
2026-10-08T09:51:32.3114973Z test_unexpected_test_rejected (test_r5_protocol.ReferenceEvidenceTests.test_unexpected_test_rejected) ... ok
2026-10-08T09:51:32.3116361Z test_component_duplicate_or_nonzero_exit_rejected (test_r5_protocol.SharedConsumerTests.test_component_duplicate_or_nonzero_exit_rejected) ... ok
2026-10-08T09:51:32.3117954Z test_component_missing_or_skipped_rejected (test_r5_protocol.SharedConsumerTests.test_component_missing_or_skipped_rejected) ... ok
2026-10-08T09:51:32.3119249Z test_component_pass_exact_case_set (test_r5_protocol.SharedConsumerTests.test_component_pass_exact_case_set) ... ok
2026-10-08T09:51:32.3347909Z test_declared_shared_consumers_are_real_sources (test_r5_protocol.SharedConsumerTests.test_declared_shared_consumers_are_real_sources) ... ok
2026-10-08T09:51:32.3823626Z test_machine_markdown_output_drift_rejected (test_r5_protocol.SharedConsumerTests.test_machine_markdown_output_drift_rejected) ... ok
2026-10-08T09:51:32.5097787Z test_compile_panic_timeout_unknown_error_and_missing_runtime_are_not_green (test_r5_protocol.SharedInfrastructureCannotBeProductGreenTests.test_compile_panic_timeout_unknown_error_and_missing_runtime_are_not_green) ... ok
2026-10-08T09:51:32.5100161Z test_unregistered_matching_runtime_consumer_cannot_be_green (test_r5_protocol.SharedInfrastructureCannotBeProductGreenTests.test_unregistered_matching_runtime_consumer_cannot_be_green) ... ok
2026-10-08T09:51:32.5335395Z test_parent_fail_with_non_test_source_diagnostic_rejected (test_r5_protocol.SharedRuntimePathTests.test_parent_fail_with_non_test_source_diagnostic_rejected) ... ok
2026-10-08T09:51:32.5573367Z test_shared_go_requires_all_actual_case_variants (test_r5_protocol.SharedRuntimePathTests.test_shared_go_requires_all_actual_case_variants) ... ok
2026-10-08T09:51:32.5992223Z test_failed_preparation_does_not_admit_partial_source_or_launch_protocol (test_r5_protocol_artifact_layout.ProtocolArtifactLayoutTests.test_failed_preparation_does_not_admit_partial_source_or_launch_protocol) ... ok
2026-10-08T09:51:32.6149566Z test_original_artifact_common_ancestor_stays_at_the_checkout (test_r5_protocol_artifact_layout.ProtocolArtifactLayoutTests.test_original_artifact_common_ancestor_stays_at_the_checkout) ... ok
2026-10-08T09:51:32.6302660Z test_original_artifact_name_paths_exclusion_and_failure_upload_are_unchanged (test_r5_protocol_artifact_layout.ProtocolArtifactLayoutTests.test_original_artifact_name_paths_exclusion_and_failure_upload_are_unchanged) ... ok
2026-10-08T09:51:32.7121385Z test_protocol_failure_stays_failed_and_retains_successfully_prepared_source (test_r5_protocol_artifact_layout.ProtocolArtifactLayoutTests.test_protocol_failure_stays_failed_and_retains_successfully_prepared_source) ... ok
2026-10-08T09:51:32.7575354Z test_source_has_one_separate_guarded_artifact_without_changing_legacy_root (test_r5_protocol_artifact_layout.ProtocolArtifactLayoutTests.test_source_has_one_separate_guarded_artifact_without_changing_legacy_root) ... ok
2026-10-08T09:51:32.8243000Z test_success_retains_all_three_prepared_files_outside_runtime_and_checkout (test_r5_protocol_artifact_layout.ProtocolArtifactLayoutTests.test_success_retains_all_three_prepared_files_outside_runtime_and_checkout) ... ok
2026-10-08T09:51:32.8245746Z test_compile_panic_timeout_setup_and_unknown_marker_rejected (test_r5_protocol_component_evidence.ComponentPacketEvidenceTests.test_compile_panic_timeout_setup_and_unknown_marker_rejected) ... ok
2026-10-08T09:51:32.8247697Z test_credential_and_headers_rejected (test_r5_protocol_component_evidence.ComponentPacketEvidenceTests.test_credential_and_headers_rejected) ... ok
2026-10-08T09:51:32.8249062Z test_current_reporter_missing_optional_counter_is_valid (test_r5_protocol_component_evidence.ComponentPacketEvidenceTests.test_current_reporter_missing_optional_counter_is_valid) ... ok
2026-10-08T09:51:32.8250469Z test_duplicate_or_skipped_or_runtime_suite_rejected (test_r5_protocol_component_evidence.ComponentPacketEvidenceTests.test_duplicate_or_skipped_or_runtime_suite_rejected) ... ok
2026-10-08T09:51:32.8251979Z test_exact_source_linked_target_is_not_product_green (test_r5_protocol_component_evidence.ComponentPacketEvidenceTests.test_exact_source_linked_target_is_not_product_green) ... ok
2026-10-08T09:51:32.8253226Z test_explicit_null_string_bool_or_nonzero_runtime_count_rejected (test_r5_protocol_component_evidence.ComponentPacketEvidenceTests.test_explicit_null_string_bool_or_nonzero_runtime_count_rejected) ... ok
2026-10-08T09:51:32.8254308Z test_hash_case_variant_mismatch_rejected (test_r5_protocol_component_evidence.ComponentPacketEvidenceTests.test_hash_case_variant_mismatch_rejected) ... ok
2026-10-08T09:51:32.8255555Z test_missing_required_counter_unknown_test_wrong_exit_and_malformed_stay_invalid (test_r5_protocol_component_evidence.ComponentPacketEvidenceTests.test_missing_required_counter_unknown_test_wrong_exit_and_malformed_stay_invalid) ... ok
2026-10-08T09:51:32.8256998Z test_no_http_or_no_pg_observation_rejected (test_r5_protocol_component_evidence.ComponentPacketEvidenceTests.test_no_http_or_no_pg_observation_rejected) ... ok
2026-10-08T09:51:32.8258057Z test_scoped_component_pass_never_closes_whole_product (test_r5_protocol_component_evidence.ComponentPacketEvidenceTests.test_scoped_component_pass_never_closes_whole_product) ... ok
2026-10-08T09:51:32.8259222Z test_unhandled_errors_stay_invalid_without_optional_counter (test_r5_protocol_component_evidence.ComponentPacketEvidenceTests.test_unhandled_errors_stay_invalid_without_optional_counter) ... ok
2026-10-08T09:51:32.8532897Z test_cli_keeps_nonzero_conclusion_and_persisted_report_on_real_start_failure (test_r5_protocol_process_evidence.ProtocolProcessEvidenceTests.test_cli_keeps_nonzero_conclusion_and_persisted_report_on_real_start_failure) ... ok
2026-10-08T09:51:33.6335884Z test_complete_pass_looking_output_followed_by_timeout_cannot_qualify (test_r5_protocol_process_evidence.ProtocolProcessEvidenceTests.test_complete_pass_looking_output_followed_by_timeout_cannot_qualify) ... ok
2026-10-08T09:51:33.6743401Z test_completed_invalid_json_keeps_raw_streams_and_failure_report (test_r5_protocol_process_evidence.ProtocolProcessEvidenceTests.test_completed_invalid_json_keeps_raw_streams_and_failure_report) ... ok
2026-10-08T09:51:33.7150080Z test_completed_invalid_utf8_keeps_raw_streams_and_failure_report (test_r5_protocol_process_evidence.ProtocolProcessEvidenceTests.test_completed_invalid_utf8_keeps_raw_streams_and_failure_report) ... ok
2026-10-08T09:51:33.7565975Z test_completed_nonzero_exit_is_recorded_and_not_laundered_by_pass_events (test_r5_protocol_process_evidence.ProtocolProcessEvidenceTests.test_completed_nonzero_exit_is_recorded_and_not_laundered_by_pass_events) ... ok
2026-10-08T09:51:33.7980053Z test_completed_pass_preserves_original_classifier_semantics_and_raw_line_endings (test_r5_protocol_process_evidence.ProtocolProcessEvidenceTests.test_completed_pass_preserves_original_classifier_semantics_and_raw_line_endings) ... ok
2026-10-08T09:51:33.8240809Z test_existing_output_is_never_overwritten_or_reused (test_r5_protocol_process_evidence.ProtocolProcessEvidenceTests.test_existing_output_is_never_overwritten_or_reused) ... ok
2026-10-08T09:51:34.6029860Z test_post_case_read_failure_after_timeout_keeps_failed_report (test_r5_protocol_process_evidence.ProtocolProcessEvidenceTests.test_post_case_read_failure_after_timeout_keeps_failed_report) ... ok
2026-10-08T09:51:35.3826205Z test_post_source_rejection_after_timeout_keeps_failed_report_with_no_fallback (test_r5_protocol_process_evidence.ProtocolProcessEvidenceTests.test_post_source_rejection_after_timeout_keeps_failed_report_with_no_fallback) ... ok
2026-10-08T09:51:35.4084450Z test_preflight_source_rejection_never_dispatches_or_creates_a_pass_report (test_r5_protocol_process_evidence.ProtocolProcessEvidenceTests.test_preflight_source_rejection_never_dispatches_or_creates_a_pass_report) ... ok
2026-10-08T09:51:35.4350631Z test_real_missing_executable_keeps_child_streams_empty_and_launch_error_separate (test_r5_protocol_process_evidence.ProtocolProcessEvidenceTests.test_real_missing_executable_keeps_child_streams_empty_and_launch_error_separate) ... ok
2026-10-08T09:51:36.2134444Z test_real_timeout_preserves_partial_streams_and_failure_report (test_r5_protocol_process_evidence.ProtocolProcessEvidenceTests.test_real_timeout_preserves_partial_streams_and_failure_report) ... ok
2026-10-08T09:51:36.9931026Z test_timeout_keeps_invalid_utf8_bytes_without_replacement_or_report_loss (test_r5_protocol_process_evidence.ProtocolProcessEvidenceTests.test_timeout_keeps_invalid_utf8_bytes_without_replacement_or_report_loss) ... ok
2026-10-08T09:51:37.7733757Z test_timeout_keeps_truncated_json_bytes_without_parse_exception_losing_report (test_r5_protocol_process_evidence.ProtocolProcessEvidenceTests.test_timeout_keeps_truncated_json_bytes_without_parse_exception_losing_report) ... ok
2026-10-08T09:51:37.7756663Z test_current_missing_policy_and_git_inventory_are_not_fallback (test_r5_protocol_source_inventory.ProtocolSourceInventoryTests.test_current_missing_policy_and_git_inventory_are_not_fallback) ... ok
2026-10-08T09:51:37.7804785Z test_duplicate_json_keys_and_missing_adapter_dependency_rejected (test_r5_protocol_source_inventory.ProtocolSourceInventoryTests.test_duplicate_json_keys_and_missing_adapter_dependency_rejected) ... ok
2026-10-08T09:51:37.7845447Z test_explicit_canonical_closure_not_head_commit (test_r5_protocol_source_inventory.ProtocolSourceInventoryTests.test_explicit_canonical_closure_not_head_commit) ... ok
2026-10-08T09:51:37.7885369Z test_known_runtime_artifacts_are_not_source_inventory_fallback (test_r5_protocol_source_inventory.ProtocolSourceInventoryTests.test_known_runtime_artifacts_are_not_source_inventory_fallback) ... ok
2026-10-08T09:51:37.7981279Z test_manifest_pin_kind_root_digest_and_schema_cannot_be_inferred (test_r5_protocol_source_inventory.ProtocolSourceInventoryTests.test_manifest_pin_kind_root_digest_and_schema_cannot_be_inferred) ... ok
2026-10-08T09:51:37.8099772Z test_missing_extra_important_source_or_actual_byte_drift_rejected (test_r5_protocol_source_inventory.ProtocolSourceInventoryTests.test_missing_extra_important_source_or_actual_byte_drift_rejected) ... ok
2026-10-08T09:51:37.8197260Z test_path_traversal_absolute_noncanonical_and_symlink_rejected (test_r5_protocol_source_inventory.ProtocolSourceInventoryTests.test_path_traversal_absolute_noncanonical_and_symlink_rejected) ... ok
2026-10-08T09:51:37.8440978Z test_current_catalog_derives_the_original_shared_db_tag_set (test_r5_protocol_source_preparation.ProtocolCIWiringTests.test_current_catalog_derives_the_original_shared_db_tag_set) ... ok
2026-10-08T09:51:37.8592273Z test_preparation_failure_cannot_launch_the_original_runner (test_r5_protocol_source_preparation.ProtocolCIWiringTests.test_preparation_failure_cannot_launch_the_original_runner) ... ok
2026-10-08T09:51:37.8618175Z test_actual_version_host_and_build_context_must_match (test_r5_protocol_source_preparation.ProtocolSourcePreparationTests.test_actual_version_host_and_build_context_must_match) ... ok
2026-10-08T09:51:37.8636465Z test_exact_written_bytes_are_pinned_and_validated_before_publication (test_r5_protocol_source_preparation.ProtocolSourcePreparationTests.test_exact_written_bytes_are_pinned_and_validated_before_publication) ... ok
2026-10-08T09:51:37.8648600Z test_failed_capture_never_selects_an_older_policy (test_r5_protocol_source_preparation.ProtocolSourcePreparationTests.test_failed_capture_never_selects_an_older_policy) ... ok
2026-10-08T09:51:37.8663453Z test_go_environment_failure_exits_without_capture_or_fallback (test_r5_protocol_source_preparation.ProtocolSourcePreparationTests.test_go_environment_failure_exits_without_capture_or_fallback) ... ok
2026-10-08T09:51:37.8677589Z test_manifest_write_failure_never_publishes_a_hash (test_r5_protocol_source_preparation.ProtocolSourcePreparationTests.test_manifest_write_failure_never_publishes_a_hash) ... ok
2026-10-08T09:51:37.8693271Z test_source_changed_after_capture_cannot_publish_a_prepared_receipt (test_r5_protocol_source_preparation.ProtocolSourcePreparationTests.test_source_changed_after_capture_cannot_publish_a_prepared_receipt) ... ok
2026-10-08T09:51:37.8707618Z test_source_directory_or_existing_receipt_is_never_reused (test_r5_protocol_source_preparation.ProtocolSourcePreparationTests.test_source_directory_or_existing_receipt_is_never_reused) ... ok
2026-10-08T09:51:37.8720448Z test_symlinked_output_ancestor_is_rejected_before_tool_execution (test_r5_protocol_source_preparation.ProtocolSourcePreparationTests.test_symlinked_output_ancestor_is_rejected_before_tool_execution) ... ok
2026-10-08T09:51:37.8737354Z test_unbound_build_overrides_are_rejected_not_removed (test_r5_protocol_source_preparation.ProtocolSourcePreparationTests.test_unbound_build_overrides_are_rejected_not_removed) ... ok
2026-10-08T09:51:37.8753630Z test_written_manifest_tamper_is_rejected_by_the_original_hash_check (test_r5_protocol_source_preparation.ProtocolSourcePreparationTests.test_written_manifest_tamper_is_rejected_by_the_original_hash_check) ... ok
2026-10-08T09:51:37.8762224Z test_compatibility_limit_records_secondary_and_preserves_original_fields (test_r5_retention_failures.RetentionFailureTests.test_compatibility_limit_records_secondary_and_preserves_original_fields) ... ok
2026-10-08T09:51:37.8771505Z test_compatibility_timeout_records_write_fault_without_replacement (test_r5_retention_failures.RetentionFailureTests.test_compatibility_timeout_records_write_fault_without_replacement) ... ok
2026-10-08T09:51:37.8780949Z test_fdopen_failure_closes_only_still_owned_raw_descriptor (test_r5_retention_failures.RetentionFailureTests.test_fdopen_failure_closes_only_still_owned_raw_descriptor) ... ok
2026-10-08T09:51:37.8793424Z test_metadata_failure_constructed_before_secondary_write_fault (test_r5_retention_failures.RetentionFailureTests.test_metadata_failure_constructed_before_secondary_write_fault) ... ok
2026-10-08T09:51:37.8801264Z test_secondary_records_accumulate_without_replacing_existing_note (test_r5_retention_failures.RetentionFailureTests.test_secondary_records_accumulate_without_replacing_existing_note) ... ok
2026-10-08T09:51:37.8816208Z test_selected_timeout_preserves_object_and_records_secondary_limit (test_r5_retention_failures.RetentionFailureTests.test_selected_timeout_preserves_object_and_records_secondary_limit) ... ok
2026-10-08T09:51:37.8824911Z test_successful_compatibility_remains_fail_closed_on_retention_failure (test_r5_retention_failures.RetentionFailureTests.test_successful_compatibility_remains_fail_closed_on_retention_failure) ... ok
2026-10-08T09:51:37.8837186Z test_successful_selected_command_remains_fail_closed (test_r5_retention_failures.RetentionFailureTests.test_successful_selected_command_remains_fail_closed) ... ok
2026-10-08T09:51:37.9070391Z test_all_existing_preparation_functions_and_original_assertions_are_preserved (test_r5_reviewed_web_locks.NextSecurityPatchLockTests.test_all_existing_preparation_functions_and_original_assertions_are_preserved) ... ok
2026-10-08T09:51:37.9101213Z test_exact_new_complete_lock_passes_original_preparation_boundary (test_r5_reviewed_web_locks.NextSecurityPatchLockTests.test_exact_new_complete_lock_passes_original_preparation_boundary) ... ok
2026-10-08T09:51:37.9233300Z test_new_lock_mutations_reject_before_archive_or_filesystem_changes (test_r5_reviewed_web_locks.NextSecurityPatchLockTests.test_new_lock_mutations_reject_before_archive_or_filesystem_changes) ... ok
2026-10-08T09:51:37.9276284Z test_only_reviewed_direct_pair_and_matching_release_packages_change (test_r5_reviewed_web_locks.NextSecurityPatchLockTests.test_only_reviewed_direct_pair_and_matching_release_packages_change) ... ok
2026-10-08T09:51:37.9397838Z test_previous_and_updated_complete_locks_report_their_actual_hash (test_r5_reviewed_web_locks.ReviewedWebLockTests.test_previous_and_updated_complete_locks_report_their_actual_hash) ... ok
2026-10-08T09:51:37.9500599Z test_unreviewed_lock_bytes_reject_before_archive_or_filesystem_changes (test_r5_reviewed_web_locks.ReviewedWebLockTests.test_unreviewed_lock_bytes_reject_before_archive_or_filesystem_changes) ... ok
2026-10-08T09:51:37.9531775Z test_update_preserves_direct_requirements_and_typescript_identity (test_r5_reviewed_web_locks.ReviewedWebLockTests.test_update_preserves_direct_requirements_and_typescript_identity) ... ok
2026-10-08T09:51:37.9586388Z test_duplicate_metadata_and_unknown_compiled (test_r5_selected_source_binding.SelectedNegativeTests.test_duplicate_metadata_and_unknown_compiled) ... ok
2026-10-08T09:51:37.9640185Z test_forged_metadata_does_not_authorize_secret_or_evidence (test_r5_selected_source_binding.SelectedNegativeTests.test_forged_metadata_does_not_authorize_secret_or_evidence) ... ok
2026-10-08T09:51:37.9694669Z test_generated_and_external_are_not_local_read_capabilities (test_r5_selected_source_binding.SelectedNegativeTests.test_generated_and_external_are_not_local_read_capabilities) ... ok
2026-10-08T09:51:37.9746484Z test_missing_and_symlink_static_source (test_r5_selected_source_binding.SelectedNegativeTests.test_missing_and_symlink_static_source) ... ok
2026-10-08T09:51:37.9806117Z test_nested_module_in_excluded_static_output_is_rejected (test_r5_selected_source_binding.SelectedNegativeTests.test_nested_module_in_excluded_static_output_is_rejected) ... ok
2026-10-08T09:51:37.9862072Z test_source_hash_drift_detected (test_r5_selected_source_binding.SelectedNegativeTests.test_source_hash_drift_detected) ... ok
2026-10-08T09:51:37.9920608Z test_unknown_nested_module_and_extra_go (test_r5_selected_source_binding.SelectedNegativeTests.test_unknown_nested_module_and_extra_go) ... ok
2026-10-08T09:51:37.9983633Z test_wrongfork_and_third_replace (test_r5_selected_source_binding.SelectedNegativeTests.test_wrongfork_and_third_replace) ... ok
2026-10-08T09:51:59.0860643Z test_actual_default_and_race_production_fork_coverage (test_r5_selected_source_binding_v2.ActualRootBindingV2Tests.test_actual_default_and_race_production_fork_coverage) ... ok
2026-10-08T09:52:07.8133798Z test_capture_marker_registry_archive_source_drift (test_r5_selected_source_binding_v2.ActualRootBindingV2Tests.test_capture_marker_registry_archive_source_drift) ... ok
2026-10-08T09:52:07.8601123Z test_dirty_ignored_go_actual_selected_and_rejected (test_r5_selected_source_binding_v2.ActualRootBindingV2Tests.test_dirty_ignored_go_actual_selected_and_rejected) ... Note: switching to '83c91dff12bc470b613102534d5784cad5df2d1e'.
2026-10-08T09:52:07.8602262Z 
2026-10-08T09:52:07.8602667Z You are in 'detached HEAD' state. You can look around, make experimental
2026-10-08T09:52:07.8603397Z changes and commit them, and you can discard any commits you make in this
2026-10-08T09:52:07.8604145Z state without impacting any branches by switching back to a branch.
2026-10-08T09:52:07.8604487Z 
2026-10-08T09:52:07.8604842Z If you want to create a new branch to retain commits you create, you may
2026-10-08T09:52:07.8605504Z do so (now or later) by using -c with the switch command. Example:
2026-10-08T09:52:07.8605844Z 
2026-10-08T09:52:07.8606041Z   git switch -c <new-branch-name>
2026-10-08T09:52:07.8606261Z 
2026-10-08T09:52:07.8606414Z Or undo this operation with:
2026-10-08T09:52:07.8606614Z 
2026-10-08T09:52:07.8606737Z   git switch -
2026-10-08T09:52:07.8607052Z 
2026-10-08T09:52:07.8607450Z Turn off this advice by setting config variable advice.detachedHead to false
2026-10-08T09:52:07.8607816Z 
2026-10-08T09:52:08.6030033Z ok
2026-10-08T09:52:11.7139099Z test_hydration_failure_retains_execution_and_raw_diagnostics (test_r5_selected_source_binding_v2.ActualRootBindingV2Tests.test_hydration_failure_retains_execution_and_raw_diagnostics) ... ok
2026-10-08T09:52:11.7584013Z test_live_capture_control_and_archive_mutations (test_r5_selected_source_binding_v2.ActualRootBindingV2Tests.test_live_capture_control_and_archive_mutations) ... Note: switching to '83c91dff12bc470b613102534d5784cad5df2d1e'.
2026-10-08T09:52:11.7585117Z 
2026-10-08T09:52:11.7585508Z You are in 'detached HEAD' state. You can look around, make experimental
2026-10-08T09:52:11.7586296Z changes and commit them, and you can discard any commits you make in this
2026-10-08T09:52:11.7587131Z state without impacting any branches by switching back to a branch.
2026-10-08T09:52:11.7587477Z 
2026-10-08T09:52:11.7587836Z If you want to create a new branch to retain commits you create, you may
2026-10-08T09:52:11.7588525Z do so (now or later) by using -c with the switch command. Example:
2026-10-08T09:52:11.7588840Z 
2026-10-08T09:52:11.7589041Z   git switch -c <new-branch-name>
2026-10-08T09:52:11.7589258Z 
2026-10-08T09:52:11.7589423Z Or undo this operation with:
2026-10-08T09:52:11.7589621Z 
2026-10-08T09:52:11.7589748Z   git switch -
2026-10-08T09:52:11.7589907Z 
2026-10-08T09:52:11.7590306Z Turn off this advice by setting config variable advice.detachedHead to false
2026-10-08T09:52:11.7590681Z 
2026-10-08T09:52:35.4035657Z ok
2026-10-08T09:52:56.5802780Z test_real_receipt_roundtrip (test_r5_selected_source_binding_v2.ActualRootBindingV2Tests.test_real_receipt_roundtrip) ... ok
2026-10-08T09:52:56.6281323Z test_real_unimported_package_and_undefined_build (test_r5_selected_source_binding_v2.ActualRootBindingV2Tests.test_real_unimported_package_and_undefined_build) ... Note: switching to '83c91dff12bc470b613102534d5784cad5df2d1e'.
2026-10-08T09:52:56.6282409Z 
2026-10-08T09:52:56.6282785Z You are in 'detached HEAD' state. You can look around, make experimental
2026-10-08T09:52:56.6283500Z changes and commit them, and you can discard any commits you make in this
2026-10-08T09:52:56.6283965Z state without impacting any branches by switching back to a branch.
2026-10-08T09:52:56.6284176Z 
2026-10-08T09:52:56.6284429Z If you want to create a new branch to retain commits you create, you may
2026-10-08T09:52:56.6284855Z do so (now or later) by using -c with the switch command. Example:
2026-10-08T09:52:56.6285063Z 
2026-10-08T09:52:56.6285195Z   git switch -c <new-branch-name>
2026-10-08T09:52:56.6285343Z 
2026-10-08T09:52:56.6285461Z Or undo this operation with:
2026-10-08T09:52:56.6285594Z 
2026-10-08T09:52:56.6285680Z   git switch -
2026-10-08T09:52:56.6285776Z 
2026-10-08T09:52:56.6286024Z Turn off this advice by setting config variable advice.detachedHead to false
2026-10-08T09:52:56.6286262Z 
2026-10-08T09:53:03.9819973Z ok
2026-10-08T09:53:03.9934608Z test_coverage_omission_fork_mismatch_unknown_root (test_r5_selected_source_binding_v2.SelectedV2NegativeTests.test_coverage_omission_fork_mismatch_unknown_root) ... ok
2026-10-08T09:53:04.0042244Z test_cross_identity_rejected_before_commands (test_r5_selected_source_binding_v2.SelectedV2NegativeTests.test_cross_identity_rejected_before_commands) ... ok
2026-10-08T09:53:04.0158261Z test_metadata_never_authorizes_private_archive_or_unknown_body (test_r5_selected_source_binding_v2.SelectedV2NegativeTests.test_metadata_never_authorizes_private_archive_or_unknown_body) ... ok
2026-10-08T09:53:04.0264643Z test_selected_archive_package_rejected (test_r5_selected_source_binding_v2.SelectedV2NegativeTests.test_selected_archive_package_rejected) ... ok
2026-10-08T09:53:04.0367389Z test_unsupported_context (test_r5_selected_source_binding_v2.SelectedV2NegativeTests.test_unsupported_context) ... ok
2026-10-08T09:53:04.0951553Z test_actual_loaded_helper_is_bound_not_a_different_snapshot_implementation (test_r5_smtp_owner_source_inventory.SMTPSourceInventoryV3Tests.test_actual_loaded_helper_is_bound_not_a_different_snapshot_implementation) ... ok
2026-10-08T09:53:04.1825133Z test_benchmark_source_producer_accepts_v3_but_no_METHOD_live_or_tool_admission (test_r5_smtp_owner_source_inventory.SMTPSourceInventoryV3Tests.test_benchmark_source_producer_accepts_v3_but_no_METHOD_live_or_tool_admission) ... ok
2026-10-08T09:53:04.4042832Z test_both_fork_embeds_and_nongo_upstream_inputs_are_required (test_r5_smtp_owner_source_inventory.SMTPSourceInventoryV3Tests.test_both_fork_embeds_and_nongo_upstream_inputs_are_required) ... ok
2026-10-08T09:53:05.2679843Z test_both_forks_root_modsum_and_metadata_drift_reject_pinned_receipt (test_r5_smtp_owner_source_inventory.SMTPSourceInventoryV3Tests.test_both_forks_root_modsum_and_metadata_drift_reject_pinned_receipt) ... ok
2026-10-08T09:53:05.3974085Z test_duplicate_or_MVS_override_declarations_do_not_bypass_exact_binding (test_r5_smtp_owner_source_inventory.SMTPSourceInventoryV3Tests.test_duplicate_or_MVS_override_declarations_do_not_bypass_exact_binding) ... ok
2026-10-08T09:53:06.0259430Z test_each_fork_mod_sum_license_and_required_metadata_are_mandatory (test_r5_smtp_owner_source_inventory.SMTPSourceInventoryV3Tests.test_each_fork_mod_sum_license_and_required_metadata_are_mandatory) ... ok
2026-10-08T09:53:06.0721511Z test_exact_two_forks_full_inputs_and_actual_metadata_layouts (test_r5_smtp_owner_source_inventory.SMTPSourceInventoryV3Tests.test_exact_two_forks_full_inputs_and_actual_metadata_layouts) ... ok
2026-10-08T09:53:06.1395968Z test_explicit_v3_pin_and_policy_are_required_without_auto_upgrade (test_r5_smtp_owner_source_inventory.SMTPSourceInventoryV3Tests.test_explicit_v3_pin_and_policy_are_required_without_auto_upgrade) ... ok
2026-10-08T09:53:06.2732335Z test_local_module_identity_version_dependency_and_nested_replace_rejected (test_r5_smtp_owner_source_inventory.SMTPSourceInventoryV3Tests.test_local_module_identity_version_dependency_and_nested_replace_rejected) ... ok
2026-10-08T09:53:06.3815174Z test_protocol_producer_validator_and_prepost_use_v3_without_Git (test_r5_smtp_owner_source_inventory.SMTPSourceInventoryV3Tests.test_protocol_producer_validator_and_prepost_use_v3_without_Git) ... ok
2026-10-08T09:53:06.5734661Z test_symlink_escape_workfile_and_unknown_build_condition_fail_closed (test_r5_smtp_owner_source_inventory.SMTPSourceInventoryV3Tests.test_symlink_escape_workfile_and_unknown_build_condition_fail_closed) ... ok
2026-10-08T09:53:06.8635664Z test_unknown_extra_or_omitted_receipt_fields_cannot_be_resealed (test_r5_smtp_owner_source_inventory.SMTPSourceInventoryV3Tests.test_unknown_extra_or_omitted_receipt_fields_cannot_be_resealed) ... ok
2026-10-08T09:53:06.9524980Z test_unknown_third_replace_and_extra_local_tree_fail_closed (test_r5_smtp_owner_source_inventory.SMTPSourceInventoryV3Tests.test_unknown_third_replace_and_extra_local_tree_fail_closed) ... ok
2026-10-08T09:53:07.0803108Z test_unlisted_nested_module_and_local_import_omission_are_rejected (test_r5_smtp_owner_source_inventory.SMTPSourceInventoryV3Tests.test_unlisted_nested_module_and_local_import_omission_are_rejected) ... ok
2026-10-08T09:53:07.1460114Z test_v2_single_fork_snapshot_keeps_old_domain_but_cannot_cover_dual_root (test_r5_smtp_owner_source_inventory.SMTPSourceInventoryV3Tests.test_v2_single_fork_snapshot_keeps_old_domain_but_cannot_cover_dual_root) ... ok
2026-10-08T09:53:07.4024151Z test_wrong_root_versions_paths_and_dynamic_forms_rejected (test_r5_smtp_owner_source_inventory.SMTPSourceInventoryV3Tests.test_wrong_root_versions_paths_and_dynamic_forms_rejected) ... ok
2026-10-08T09:53:07.4089546Z test_body_guard_rejects_readable_flags_and_every_body_api (test_r5_source_excluded_metadata.ExcludedMetadataTests.test_body_guard_rejects_readable_flags_and_every_body_api) ... ok
2026-10-08T09:53:07.6578861Z test_cli_receipt_pin_and_loaded_helper_hash_binding (test_r5_source_excluded_metadata.ExcludedMetadataTests.test_cli_receipt_pin_and_loaded_helper_hash_binding) ... ok
2026-10-08T09:53:09.0070172Z test_entry_budget_shared_between_excluded_roots_and_depth_limit (test_r5_source_excluded_metadata.ExcludedMetadataTests.test_entry_budget_shared_between_excluded_roots_and_depth_limit) ... ok
2026-10-08T09:53:09.0856212Z test_metadata_no_follow_rejects_excluded_ancestor_alias (test_r5_source_excluded_metadata.ExcludedMetadataTests.test_metadata_no_follow_rejects_excluded_ancestor_alias) ... ok
2026-10-08T09:53:10.0770926Z test_multilevel_modules_links_and_special_files_rejected_by_cli (test_r5_source_excluded_metadata.ExcludedMetadataTests.test_multilevel_modules_links_and_special_files_rejected_by_cli) ... ok
2026-10-08T09:53:10.0986548Z test_unavailable_unknown_and_directory_swap_metadata_fail_closed (test_r5_source_excluded_metadata.ExcludedMetadataTests.test_unavailable_unknown_and_directory_swap_metadata_fail_closed) ... ok
2026-10-08T09:53:10.2896423Z test_valid_excluded_files_never_read_or_enter_source (test_r5_source_excluded_metadata.ExcludedMetadataTests.test_valid_excluded_files_never_read_or_enter_source) ... ok
2026-10-08T09:53:10.3208920Z test_excluded_artifact_directory_alias_is_rejected (test_r5_source_v3_boundary_negatives.SourceV3BoundaryNegativeTests.test_excluded_artifact_directory_alias_is_rejected) ... ok
2026-10-08T09:53:10.3558961Z test_nested_module_in_excluded_artifact_directory_is_rejected (test_r5_source_v3_boundary_negatives.SourceV3BoundaryNegativeTests.test_nested_module_in_excluded_artifact_directory_is_rejected) ... ok
2026-10-08T09:53:10.3911530Z test_symlink_descendant_in_excluded_artifact_directory_is_rejected (test_r5_source_v3_boundary_negatives.SourceV3BoundaryNegativeTests.test_symlink_descendant_in_excluded_artifact_directory_is_rejected) ... ok
2026-10-08T09:53:10.4322421Z test_upstream_manifest_traversal_and_duplicate_keys_are_rejected (test_r5_source_v3_boundary_negatives.SourceV3BoundaryNegativeTests.test_upstream_manifest_traversal_and_duplicate_keys_are_rejected) ... ok
2026-10-08T09:53:10.4582849Z test_workspace_alias_and_overlay_environment_are_rejected (test_r5_source_v3_boundary_negatives.SourceV3BoundaryNegativeTests.test_workspace_alias_and_overlay_environment_are_rejected) ... ok
2026-10-08T09:53:10.4593248Z test_midflight_path_replacement_cannot_change_executed_inode_and_is_rejected (test_r5_source_version_runner.ExecutedBinaryBoundaryTests.test_midflight_path_replacement_cannot_change_executed_inode_and_is_rejected) ... ok
2026-10-08T09:53:10.4601041Z test_old_fixture_refused_before_execution (test_r5_source_version_runner.ExecutedBinaryBoundaryTests.test_old_fixture_refused_before_execution) ... ok
2026-10-08T09:53:10.4611541Z test_receipt_validation_rejects_replaced_executed_binary (test_r5_source_version_runner.ExecutedBinaryBoundaryTests.test_receipt_validation_rejects_replaced_executed_binary) ... ok
2026-10-08T09:53:10.4619070Z test_replaced_binary_refused_before_execution (test_r5_source_version_runner.ExecutedBinaryBoundaryTests.test_replaced_binary_refused_before_execution) ... ok
2026-10-08T09:53:10.4627608Z test_wrong_source_refused_before_execution (test_r5_source_version_runner.ExecutedBinaryBoundaryTests.test_wrong_source_refused_before_execution) ... ok
2026-10-08T09:53:10.5256354Z test_authenticated_archive_still_checks_member_and_dependency_boundary (test_r5_source_version_runner.PreparationBoundaryTests.test_authenticated_archive_still_checks_member_and_dependency_boundary) ... ok
2026-10-08T09:53:10.5282175Z test_extra_tampered_link_and_native_prepared_files_rejected (test_r5_source_version_runner.PreparationBoundaryTests.test_extra_tampered_link_and_native_prepared_files_rejected) ... ok
2026-10-08T09:53:10.5297943Z test_stale_source_fixture_and_receipt_tamper_rejected (test_r5_source_version_runner.PreparationBoundaryTests.test_stale_source_fixture_and_receipt_tamper_rejected) ... ok
2026-10-08T09:53:10.5338988Z test_unknown_lock_and_existing_dependency_tree_refused_before_write (test_r5_source_version_runner.PreparationBoundaryTests.test_unknown_lock_and_existing_dependency_tree_refused_before_write) ... ok
2026-10-08T09:53:10.5365869Z test_wrong_archive_hash_refused_before_any_mkdir (test_r5_source_version_runner.PreparationBoundaryTests.test_wrong_archive_hash_refused_before_any_mkdir) ... ok
2026-10-08T09:53:10.5375792Z test_child_failure_and_skip_not_green (test_r5_source_version_runner.SourceVersionRunnerTests.test_child_failure_and_skip_not_green) ... test_fail (test_r5_source_version_runner.SourceVersionRunnerTests.test_child_failure_and_skip_not_green.<locals>.Bad.test_fail) ... FAIL
2026-10-08T09:53:10.5376584Z 
2026-10-08T09:53:10.5376772Z ======================================================================
2026-10-08T09:53:10.5377521Z FAIL: test_fail (test_r5_source_version_runner.SourceVersionRunnerTests.test_child_failure_and_skip_not_green.<locals>.Bad.test_fail)
2026-10-08T09:53:10.5378107Z ----------------------------------------------------------------------
2026-10-08T09:53:10.5378434Z Traceback (most recent call last):
2026-10-08T09:53:10.5378934Z   File "/tmp/r5-version-g_vdi6nl/current/scripts/tests/test_r5_source_version_runner.py", line 40, in test_fail
2026-10-08T09:53:10.5379474Z     def test_fail(self):self.fail('intentional runner negative')
2026-10-08T09:53:10.5379988Z                         ^^^^^^^^^^^^^^^^^^^^^^^^^^^^^^^^^^^^^^^^
2026-10-08T09:53:10.5380279Z AssertionError: intentional runner negative
2026-10-08T09:53:10.5380441Z 
2026-10-08T09:53:10.5380636Z ----------------------------------------------------------------------
2026-10-08T09:53:10.5380912Z Ran 1 test in 0.000s
2026-10-08T09:53:10.5381025Z 
2026-10-08T09:53:10.5381111Z FAILED (failures=1)
2026-10-08T09:53:10.5386446Z test_skip (test_r5_source_version_runner.SourceVersionRunnerTests.test_child_failure_and_skip_not_green.<locals>.Skip.test_skip) ... skipped 'intentional runner negative'
2026-10-08T09:53:10.5387335Z 
2026-10-08T09:53:10.5387535Z ----------------------------------------------------------------------
2026-10-08T09:53:10.5387819Z Ran 1 test in 0.000s
2026-10-08T09:53:10.5387932Z 
2026-10-08T09:53:10.5388015Z OK (skipped=1)
2026-10-08T09:53:10.5395165Z test_expected (test_r5_source_version_runner.SourceVersionRunnerTests.test_child_failure_and_skip_not_green.<locals>.Expected.test_expected) ... expected failure
2026-10-08T09:53:10.5395793Z 
2026-10-08T09:53:10.5395993Z ----------------------------------------------------------------------
2026-10-08T09:53:10.5396275Z Ran 1 test in 0.000s
2026-10-08T09:53:10.5396385Z 
2026-10-08T09:53:10.5396487Z OK (expected failures=1)
2026-10-08T09:53:10.5397789Z ok
2026-10-08T09:53:10.5398734Z test_exact_partition (test_r5_source_version_runner.SourceVersionRunnerTests.test_exact_partition) ... ok
2026-10-08T09:53:10.5400081Z test_missing_overlap_duplicate_wrong_baseline (test_r5_source_version_runner.SourceVersionRunnerTests.test_missing_overlap_duplicate_wrong_baseline) ... ok
2026-10-08T09:53:10.5401068Z test_no_fresh_actual_root_class (test_r5_source_version_runner.SourceVersionRunnerTests.test_no_fresh_actual_root_class) ... ok
2026-10-08T09:53:10.5411348Z test_preparation_failure_reports_all_ids_missing_and_dispatches_none (test_r5_source_version_runner.SourceVersionRunnerTests.test_preparation_failure_reports_all_ids_missing_and_dispatches_none) ... ok
2026-10-08T09:53:10.8325861Z test_empty_no_match_and_skipped_execution_cannot_pass (test_r5_template_grant_ci.TemplateGrantCIControls.test_empty_no_match_and_skipped_execution_cannot_pass) ... ok
2026-10-08T09:53:11.0024419Z test_evidence_artifact_is_separate_fresh_and_retained_after_failure (test_r5_template_grant_ci.TemplateGrantCIControls.test_evidence_artifact_is_separate_fresh_and_retained_after_failure) ... ok
2026-10-08T09:53:11.0033241Z test_exact_required_suite_has_no_allowed_skips (test_r5_template_grant_ci.TemplateGrantCIControls.test_exact_required_suite_has_no_allowed_skips) ... ok
2026-10-08T09:53:11.1188356Z test_independent_prerequisites_budget_and_selection_remain_bounded (test_r5_template_grant_ci.TemplateGrantCIControls.test_independent_prerequisites_budget_and_selection_remain_bounded) ... ok
2026-10-08T09:53:11.1399620Z test_missing_dsn_fails_before_go_without_inventing_a_go_exit (test_r5_template_grant_ci.TemplateGrantCIControls.test_missing_dsn_fails_before_go_without_inventing_a_go_exit) ... ok
2026-10-08T09:53:11.2842475Z test_nonzero_go_exit_is_preserved_even_if_events_claim_success (test_r5_template_grant_ci.TemplateGrantCIControls.test_nonzero_go_exit_is_preserved_even_if_events_claim_success) ... ok
2026-10-08T09:53:11.3561188Z test_success_uses_the_original_checker_and_retains_source_bound_evidence (test_r5_template_grant_ci.TemplateGrantCIControls.test_success_uses_the_original_checker_and_retains_source_bound_evidence) ... ok
2026-10-08T09:53:11.5287924Z test_cache_has_specific_message_fence_not_ancestor_lock (test_r5_transactions.TransactionInventoryTests.test_cache_has_specific_message_fence_not_ancestor_lock) ... ok
2026-10-08T09:53:11.8294962Z test_callback_signature_drift_rejected (test_r5_transactions.TransactionInventoryTests.test_callback_signature_drift_rejected) ... ok
2026-10-08T09:53:12.1362065Z test_constant_backed_observation_is_write_despite_ast_heuristic (test_r5_transactions.TransactionInventoryTests.test_constant_backed_observation_is_write_despite_ast_heuristic) ... ok
2026-10-08T09:53:12.3931237Z test_current_inventory_is_only_structure_evidence (test_r5_transactions.TransactionInventoryTests.test_current_inventory_is_only_structure_evidence) ... ok
2026-10-08T09:53:12.9314199Z test_current_trigger_and_package_constant_changes_remain_fenced (test_r5_transactions.TransactionInventoryTests.test_current_trigger_and_package_constant_changes_remain_fenced) ... ok
2026-10-08T09:53:13.2139309Z test_duplicate_entry_rejected (test_r5_transactions.TransactionInventoryTests.test_duplicate_entry_rejected) ... ok
2026-10-08T09:53:13.5249117Z test_external_caller_change_rejected (test_r5_transactions.TransactionInventoryTests.test_external_caller_change_rejected) ... ok
2026-10-08T09:53:13.7824154Z test_fk_or_trigger_drift_rejected (test_r5_transactions.TransactionInventoryTests.test_fk_or_trigger_drift_rejected) ... ok
2026-10-08T09:53:13.7826001Z test_gc_round_and_receipt_projection_are_not_transaction_acceptance (test_r5_transactions.TransactionInventoryTests.test_gc_round_and_receipt_projection_are_not_transaction_acceptance) ... ok
2026-10-08T09:53:13.7828251Z test_literal_and_concatenated_dynamic_sql_distinguished (test_r5_transactions.TransactionInventoryTests.test_literal_and_concatenated_dynamic_sql_distinguished) ... ok
2026-10-08T09:53:14.0689982Z test_missing_callback_effect_rejected (test_r5_transactions.TransactionInventoryTests.test_missing_callback_effect_rejected) ... ok
2026-10-08T09:53:14.3537192Z test_missing_file_type_review_rejected (test_r5_transactions.TransactionInventoryTests.test_missing_file_type_review_rejected) ... ok
2026-10-08T09:53:14.7265901Z test_missing_function_rejected (test_r5_transactions.TransactionInventoryTests.test_missing_function_rejected) ... ok
2026-10-08T09:53:15.0100718Z test_missing_specific_assertion_rejected (test_r5_transactions.TransactionInventoryTests.test_missing_specific_assertion_rejected) ... ok
2026-10-08T09:53:15.2954926Z test_missing_specific_sql_effect_rejected (test_r5_transactions.TransactionInventoryTests.test_missing_specific_sql_effect_rejected) ... ok
2026-10-08T09:53:15.6082312Z test_new_file_without_functions_rejected (test_r5_transactions.TransactionInventoryTests.test_new_file_without_functions_rejected) ... ok
2026-10-08T09:53:15.8639359Z test_new_migration_rejected (test_r5_transactions.TransactionInventoryTests.test_new_migration_rejected) ... ok
2026-10-08T09:53:16.1794817Z test_new_pure_function_is_also_rejected_and_no_inventory_allowlist (test_r5_transactions.TransactionInventoryTests.test_new_pure_function_is_also_rejected_and_no_inventory_allowlist) ... ok
2026-10-08T09:53:16.5002275Z test_new_write_function_rejected (test_r5_transactions.TransactionInventoryTests.test_new_write_function_rejected) ... ok
2026-10-08T09:53:16.8261149Z test_new_write_in_old_function_rejected (test_r5_transactions.TransactionInventoryTests.test_new_write_in_old_function_rejected) ... ok
2026-10-08T09:53:17.4036600Z test_obsolete_function_and_wrong_receiver_rejected (test_r5_transactions.TransactionInventoryTests.test_obsolete_function_and_wrong_receiver_rejected) ... ok
2026-10-08T09:53:17.7188498Z test_package_sql_constant_drift_rejected (test_r5_transactions.TransactionInventoryTests.test_package_sql_constant_drift_rejected) ... ok
2026-10-08T09:53:17.7349664Z test_pr23_each_added_and_changed_body_has_independent_source_review (test_r5_transactions.TransactionInventoryTests.test_pr23_each_added_and_changed_body_has_independent_source_review) ... ok
2026-10-08T09:53:18.0194236Z test_read_preview_and_sse_have_real_lock_and_callback_boundaries (test_r5_transactions.TransactionInventoryTests.test_read_preview_and_sse_have_real_lock_and_callback_boundaries) ... ok
2026-10-08T09:53:18.6713208Z test_structure_cannot_claim_runtime_or_parent_acceptance (test_r5_transactions.TransactionInventoryTests.test_structure_cannot_claim_runtime_or_parent_acceptance) ... ok
2026-10-08T09:53:18.6714254Z test_update_detected_but_row_lock_not_mutation (test_r5_transactions.TransactionInventoryTests.test_update_detected_but_row_lock_not_mutation) ... ok
2026-10-08T09:53:18.6748288Z test_direct_subtest_names_with_slashes_have_no_phantom_parent_execution (test_r5_webhook_claim_gate.WebhookClaimEvidenceTests.test_direct_subtest_names_with_slashes_have_no_phantom_parent_execution) ... ok
2026-10-08T09:53:18.6761550Z test_extra_intermediate_execution_is_rejected (test_r5_webhook_claim_gate.WebhookClaimEvidenceTests.test_extra_intermediate_execution_is_rejected) ... ok
2026-10-08T09:53:18.6775803Z test_fixture_failure_with_the_expected_failed_ids_is_not_a_defect_baseline (test_r5_webhook_claim_gate.WebhookClaimEvidenceTests.test_fixture_failure_with_the_expected_failed_ids_is_not_a_defect_baseline) ... ok
2026-10-08T09:53:18.6801489Z test_incomplete_or_skipped_execution_never_qualifies (test_r5_webhook_claim_gate.WebhookClaimEvidenceTests.test_incomplete_or_skipped_execution_never_qualifies) ... ok
2026-10-08T09:53:18.6804350Z test_malformed_event_log_is_rejected (test_r5_webhook_claim_gate.WebhookClaimEvidenceTests.test_malformed_event_log_is_rejected) ... ok
2026-10-08T09:53:18.6805024Z 
2026-10-08T09:53:18.6805304Z ----------------------------------------------------------------------
2026-10-08T09:53:18.6805728Z Ran 808 tests in 203.760s
2026-10-08T09:53:18.6805914Z 
2026-10-08T09:53:18.6806017Z OK
2026-10-08T09:53:23.1560792Z test_actual_full_scope_fresh_hashes (test_r5_selected_source_binding.ActualRootBindingTests.test_actual_full_scope_fresh_hashes) ... ok
2026-10-08T09:53:26.0228422Z test_capture_midflight_drift_refused (test_r5_selected_source_binding.ActualRootBindingTests.test_capture_midflight_drift_refused) ... ok
2026-10-08T09:53:29.7010933Z test_omission_extra_hash_flags_abi_and_historical_rejected (test_r5_selected_source_binding.ActualRootBindingTests.test_omission_extra_hash_flags_abi_and_historical_rejected) ... ok
2026-10-08T09:53:33.2232106Z test_real_receipt_roundtrip (test_r5_selected_source_binding.ActualRootBindingTests.test_real_receipt_roundtrip) ... ok
2026-10-08T09:53:33.2232751Z 
2026-10-08T09:53:33.2233056Z ----------------------------------------------------------------------
2026-10-08T09:53:33.2233414Z Ran 4 tests in 13.787s
2026-10-08T09:53:33.2233537Z 
2026-10-08T09:53:33.2233613Z OK
2026-10-08T09:53:34.0213553Z ##[group]Run node --test scripts/tests/*.test.cjs
2026-10-08T09:53:34.0213877Z [36;1mnode --test scripts/tests/*.test.cjs[0m
2026-10-08T09:53:34.0214160Z [36;1mnode scripts/collect_api_calls.cjs --check[0m
2026-10-08T09:53:34.0214433Z [36;1mpython3 -B scripts/check_i18n_keys.py[0m
2026-10-08T09:53:34.0267954Z shell: /usr/bin/bash -e {0}
2026-10-08T09:53:34.0268192Z ##[endgroup]
2026-10-08T09:53:34.0726404Z TAP version 13
2026-10-08T09:53:34.3723650Z # Subtest: request verb and parameter identity
2026-10-08T09:53:34.3757535Z ok 1 - request verb and parameter identity
2026-10-08T09:53:34.3758131Z   ---
2026-10-08T09:53:34.3758764Z   duration_ms: 19.015586
2026-10-08T09:53:34.3759305Z   type: 'test'
2026-10-08T09:53:34.3759725Z   ...
2026-10-08T09:53:34.3760295Z # Subtest: conditional path and verb stay paired
2026-10-08T09:53:34.3761761Z ok 2 - conditional path and verb stay paired
2026-10-08T09:53:34.3794761Z   ---
2026-10-08T09:53:34.3809771Z   duration_ms: 3.339089
2026-10-08T09:53:34.3810733Z   type: 'test'
2026-10-08T09:53:34.3811208Z   ...
2026-10-08T09:53:34.3811732Z # Subtest: workPath and local base expand
2026-10-08T09:53:34.3812336Z ok 3 - workPath and local base expand
2026-10-08T09:53:34.3812800Z   ---
2026-10-08T09:53:34.3813212Z   duration_ms: 2.78362
2026-10-08T09:53:34.3813649Z   type: 'test'
2026-10-08T09:53:34.3814040Z   ...
2026-10-08T09:53:34.3814624Z # Subtest: docs strings and tests are not network calls
2026-10-08T09:53:34.3815320Z ok 4 - docs strings and tests are not network calls
2026-10-08T09:53:34.3815856Z   ---
2026-10-08T09:53:34.3816259Z   duration_ms: 3.354782
2026-10-08T09:53:34.3816698Z   type: 'test'
2026-10-08T09:53:34.3817234Z   ...
2026-10-08T09:53:34.3817866Z # Subtest: opt-in audit fixture calls do not become production routes
2026-10-08T09:53:34.3818665Z ok 5 - opt-in audit fixture calls do not become production routes
2026-10-08T09:53:34.3819337Z   ---
2026-10-08T09:53:34.3819801Z   duration_ms: 2.550489
2026-10-08T09:53:34.3820142Z   type: 'test'
2026-10-08T09:53:34.3820405Z   ...
2026-10-08T09:53:34.3820739Z # Subtest: source is never evaluated
2026-10-08T09:53:34.3821153Z ok 6 - source is never evaluated
2026-10-08T09:53:34.3821476Z   ---
2026-10-08T09:53:34.3821736Z   duration_ms: 3.30703
2026-10-08T09:53:34.3822026Z   type: 'test'
2026-10-08T09:53:34.3822278Z   ...
2026-10-08T09:53:34.3822663Z # Subtest: transport forwarding remains explicit
2026-10-08T09:53:34.3823546Z ok 7 - transport forwarding remains explicit
2026-10-08T09:53:34.3823900Z   ---
2026-10-08T09:53:34.3824158Z   duration_ms: 2.866496
2026-10-08T09:53:34.3824444Z   type: 'test'
2026-10-08T09:53:34.3824704Z   ...
2026-10-08T09:53:34.3825143Z # Subtest: stream uses GET independent of callback options
2026-10-08T09:53:34.3825698Z ok 8 - stream uses GET independent of callback options
2026-10-08T09:53:34.3826073Z   ---
2026-10-08T09:53:34.3826345Z   duration_ms: 1.43133
2026-10-08T09:53:34.3826629Z   type: 'test'
2026-10-08T09:53:34.3827045Z   ...
2026-10-08T09:53:34.3827574Z # Subtest: unrelated path and method predicates are not falsely paired
2026-10-08T09:53:34.3828261Z ok 9 - unrelated path and method predicates are not falsely paired
2026-10-08T09:53:34.3828687Z   ---
2026-10-08T09:53:34.3828957Z   duration_ms: 2.099068
2026-10-08T09:53:34.3829240Z   type: 'test'
2026-10-08T09:53:34.3829486Z   ...
2026-10-08T09:53:34.3829975Z # Subtest: client drift checks reject missing/new/verb/route mismatch
2026-10-08T09:53:34.3830653Z ok 10 - client drift checks reject missing/new/verb/route mismatch
2026-10-08T09:53:34.3831064Z   ---
2026-10-08T09:53:34.3831471Z   duration_ms: 1.539393
2026-10-08T09:53:34.3857210Z   type: 'test'
2026-10-08T09:53:34.3857555Z   ...
2026-10-08T09:53:34.3858157Z # Subtest: private helper suffixes enumerate actual routes including omitted default
2026-10-08T09:53:34.3859049Z ok 11 - private helper suffixes enumerate actual routes including omitted default
2026-10-08T09:53:34.3859555Z   ---
2026-10-08T09:53:34.3859831Z   duration_ms: 3.185477
2026-10-08T09:53:34.3860511Z   type: 'test'
2026-10-08T09:53:34.3860770Z   ...
2026-10-08T09:53:34.3861350Z # Subtest: unknown, exported, escaped and spread helper suffixes stay unresolved
2026-10-08T09:53:34.3889650Z ok 12 - unknown, exported, escaped and spread helper suffixes stay unresolved
2026-10-08T09:53:34.3916228Z   ---
2026-10-08T09:53:34.3917486Z   duration_ms: 8.652778
2026-10-08T09:53:34.3920479Z   type: 'test'
2026-10-08T09:53:34.3925833Z   ...
2026-10-08T09:53:34.3926547Z # Subtest: recipient suffix cannot inherit the registered aggregate route
2026-10-08T09:53:34.3927631Z ok 13 - recipient suffix cannot inherit the registered aggregate route
2026-10-08T09:53:34.3928221Z   ---
2026-10-08T09:53:34.3928624Z   duration_ms: 1.697742
2026-10-08T09:53:34.3929064Z   type: 'test'
2026-10-08T09:53:34.3929450Z   ...
2026-10-08T09:53:34.3930061Z # Subtest: helper parameter assignment prevents finite expansion
2026-10-08T09:53:34.3930860Z ok 14 - helper parameter assignment prevents finite expansion
2026-10-08T09:53:34.3931428Z   ---
2026-10-08T09:53:34.3931822Z   duration_ms: 1.501946
2026-10-08T09:53:34.3932245Z   type: 'test'
2026-10-08T09:53:34.3932622Z   ...
2026-10-08T09:53:34.3933340Z # Subtest: helper parameter compound assignment prevents finite expansion
2026-10-08T09:53:34.3934271Z ok 15 - helper parameter compound assignment prevents finite expansion
2026-10-08T09:53:34.3934938Z   ---
2026-10-08T09:53:34.3935394Z   duration_ms: 1.052368
2026-10-08T09:53:34.3935856Z   type: 'test'
2026-10-08T09:53:34.3936264Z   ...
2026-10-08T09:53:34.3937162Z # Subtest: helper parameter logical assignment prevents finite expansion
2026-10-08T09:53:34.3938098Z ok 16 - helper parameter logical assignment prevents finite expansion
2026-10-08T09:53:34.3938736Z   ---
2026-10-08T09:53:34.3939193Z   duration_ms: 1.26564
2026-10-08T09:53:34.3939648Z   type: 'test'
2026-10-08T09:53:34.3940048Z   ...
2026-10-08T09:53:34.3940746Z # Subtest: helper parameter prefix update prevents finite expansion
2026-10-08T09:53:34.3941643Z ok 17 - helper parameter prefix update prevents finite expansion
2026-10-08T09:53:34.3942257Z   ---
2026-10-08T09:53:34.3942690Z   duration_ms: 1.126811
2026-10-08T09:53:34.3943145Z   type: 'test'
2026-10-08T09:53:34.3943544Z   ...
2026-10-08T09:53:34.3944278Z # Subtest: helper parameter postfix update prevents finite expansion
2026-10-08T09:53:34.3945172Z ok 18 - helper parameter postfix update prevents finite expansion
2026-10-08T09:53:34.3946102Z   ---
2026-10-08T09:53:34.3946545Z   duration_ms: 1.148312
2026-10-08T09:53:34.3947165Z   type: 'test'
2026-10-08T09:53:34.3947563Z   ...
2026-10-08T09:53:34.3948229Z # Subtest: helper parameter closure write prevents finite expansion
2026-10-08T09:53:34.3949185Z ok 19 - helper parameter closure write prevents finite expansion
2026-10-08T09:53:34.3949788Z   ---
2026-10-08T09:53:34.3950222Z   duration_ms: 1.632524
2026-10-08T09:53:34.3950706Z   type: 'test'
2026-10-08T09:53:34.3951102Z   ...
2026-10-08T09:53:34.3951844Z # Subtest: helper parameter array destructuring prevents finite expansion
2026-10-08T09:53:34.3952825Z ok 20 - helper parameter array destructuring prevents finite expansion
2026-10-08T09:53:34.3953499Z   ---
2026-10-08T09:53:34.3953938Z   duration_ms: 1.266972
2026-10-08T09:53:34.3954413Z   type: 'test'
2026-10-08T09:53:34.3954794Z   ...
2026-10-08T09:53:34.3955494Z # Subtest: helper parameter object destructuring prevents finite expansion
2026-10-08T09:53:34.3956518Z ok 21 - helper parameter object destructuring prevents finite expansion
2026-10-08T09:53:34.3957412Z   ---
2026-10-08T09:53:34.3957865Z   duration_ms: 1.65671
2026-10-08T09:53:34.3958309Z   type: 'test'
2026-10-08T09:53:34.3958715Z   ...
2026-10-08T09:53:34.3959476Z # Subtest: helper parameter renamed object destructuring prevents finite expansion
2026-10-08T09:53:34.3960553Z ok 22 - helper parameter renamed object destructuring prevents finite expansion
2026-10-08T09:53:34.3961194Z   ---
2026-10-08T09:53:34.3961606Z   duration_ms: 1.353783
2026-10-08T09:53:34.3962042Z   type: 'test'
2026-10-08T09:53:34.3962702Z   ...
2026-10-08T09:53:34.3963515Z # Subtest: helper parameter nested destructuring prevents finite expansion
2026-10-08T09:53:34.3964485Z ok 23 - helper parameter nested destructuring prevents finite expansion
2026-10-08T09:53:34.3965113Z   ---
2026-10-08T09:53:34.3965561Z   duration_ms: 1.474215
2026-10-08T09:53:34.3966003Z   type: 'test'
2026-10-08T09:53:34.3966391Z   ...
2026-10-08T09:53:34.3967169Z # Subtest: helper parameter loop target prevents finite expansion
2026-10-08T09:53:34.3968059Z ok 24 - helper parameter loop target prevents finite expansion
2026-10-08T09:53:34.3968668Z   ---
2026-10-08T09:53:34.3969125Z   duration_ms: 1.416828
2026-10-08T09:53:34.3969682Z   type: 'test'
2026-10-08T09:53:34.3970130Z   ...
2026-10-08T09:53:34.3970809Z # Subtest: helper parameter direct eval prevents finite expansion
2026-10-08T09:53:34.3971653Z ok 25 - helper parameter direct eval prevents finite expansion
2026-10-08T09:53:34.3972297Z   ---
2026-10-08T09:53:34.3972748Z   duration_ms: 1.469357
2026-10-08T09:53:34.3973247Z   type: 'test'
2026-10-08T09:53:34.3973649Z   ...
2026-10-08T09:53:34.3974417Z # Subtest: writes to a shadowed parameter do not invalidate immutable helper parameter
2026-10-08T09:53:34.3975446Z ok 26 - writes to a shadowed parameter do not invalidate immutable helper parameter
2026-10-08T09:53:34.3976141Z   ---
2026-10-08T09:53:34.3976604Z   duration_ms: 1.787607
2026-10-08T09:53:34.3977187Z   type: 'test'
2026-10-08T09:53:34.3977600Z   ...
2026-10-08T09:53:34.3978356Z # Subtest: explicit undefined remains unresolved rather than assuming its binding
2026-10-08T09:53:34.3979370Z ok 27 - explicit undefined remains unresolved rather than assuming its binding
2026-10-08T09:53:34.3980057Z   ---
2026-10-08T09:53:34.3980450Z   duration_ms: 1.57679
2026-10-08T09:53:34.3980863Z   type: 'test'
2026-10-08T09:53:34.3981238Z   ...
2026-10-08T09:53:34.4052295Z # Subtest: review repair: abort-ignore fault is limited to the two late-response scenarios
2026-10-08T09:53:34.4053415Z ok 28 - review repair: abort-ignore fault is limited to the two late-response scenarios
2026-10-08T09:53:34.4054114Z   ---
2026-10-08T09:53:34.4054542Z   duration_ms: 0.798294
2026-10-08T09:53:34.4054982Z   type: 'test'
2026-10-08T09:53:34.4055360Z   ...
2026-10-08T09:53:34.4056096Z # Subtest: review repair: late reply must be HTTP 200 and finish with null, not an Error
2026-10-08T09:53:34.4060140Z ok 29 - review repair: late reply must be HTTP 200 and finish with null, not an Error
2026-10-08T09:53:34.4061105Z   ---
2026-10-08T09:53:34.4061515Z   duration_ms: 2.600134
2026-10-08T09:53:34.4062010Z   type: 'test'
2026-10-08T09:53:34.4062376Z   ...
2026-10-08T09:53:34.4063046Z # Subtest: driver import is dependency-free and scenario worklist is explicit
2026-10-08T09:53:34.4063976Z ok 30 - driver import is dependency-free and scenario worklist is explicit
2026-10-08T09:53:34.4064600Z   ---
2026-10-08T09:53:34.4064991Z   duration_ms: 0.386183
2026-10-08T09:53:34.4065420Z   type: 'test'
2026-10-08T09:53:34.4065778Z   ...
2026-10-08T09:53:34.4066492Z # Subtest: loopback origin rejects credential, public, path/query and non-http scopes
2026-10-08T09:53:34.4067616Z ok 31 - loopback origin rejects credential, public, path/query and non-http scopes
2026-10-08T09:53:34.4068246Z   ---
2026-10-08T09:53:34.4068636Z   duration_ms: 0.310328
2026-10-08T09:53:34.4069054Z   type: 'test'
2026-10-08T09:53:34.4069414Z   ...
2026-10-08T09:53:34.4070096Z # Subtest: CLI has no implicit service launch, environment fixture or shipping mode
2026-10-08T09:53:34.4071032Z ok 32 - CLI has no implicit service launch, environment fixture or shipping mode
2026-10-08T09:53:34.4071643Z   ---
2026-10-08T09:53:34.4072021Z   duration_ms: 0.504702
2026-10-08T09:53:34.4072442Z   type: 'test'
2026-10-08T09:53:34.4072803Z   ...
2026-10-08T09:53:34.4073548Z # Subtest: synthetic NULL profile presence is not missing and false/zero are literal values
2026-10-08T09:53:34.4074622Z ok 33 - synthetic NULL profile presence is not missing and false/zero are literal values
2026-10-08T09:53:34.4075455Z   ---
2026-10-08T09:53:34.4075896Z   duration_ms: 0.308766
2026-10-08T09:53:34.4076321Z   type: 'test'
2026-10-08T09:53:34.4076683Z   ...
2026-10-08T09:53:34.4077676Z # Subtest: fixtures are fresh values and contain only synthetic closed inspection keys
2026-10-08T09:53:34.4078584Z ok 34 - fixtures are fresh values and contain only synthetic closed inspection keys
2026-10-08T09:53:34.4079079Z   ---
2026-10-08T09:53:34.4079359Z   duration_ms: 0.285691
2026-10-08T09:53:34.4079652Z   type: 'test'
2026-10-08T09:53:34.4079891Z   ...
2026-10-08T09:53:34.4080478Z # Subtest: safe events preserve field names but discard token, body, raw exception and PII
2026-10-08T09:53:34.4081369Z ok 35 - safe events preserve field names but discard token, body, raw exception and PII
2026-10-08T09:53:34.4081855Z   ---
2026-10-08T09:53:34.4082123Z   duration_ms: 0.250588
2026-10-08T09:53:34.4082426Z   type: 'test'
2026-10-08T09:53:34.4082669Z   ...
2026-10-08T09:53:34.4083351Z # Subtest: artifact qualification requires cold production output and reports bounded source drift
2026-10-08T09:53:34.4084305Z ok 36 - artifact qualification requires cold production output and reports bounded source drift
2026-10-08T09:53:34.4084669Z   ---
2026-10-08T09:53:34.4084844Z   duration_ms: 8.656293
2026-10-08T09:53:34.4085032Z   type: 'test'
2026-10-08T09:53:34.4085193Z   ...
2026-10-08T09:53:34.7920111Z # Subtest: literal catalog calls include single/double quote and static template
2026-10-08T09:53:34.7921167Z ok 37 - literal catalog calls include single/double quote and static template
2026-10-08T09:53:34.7921726Z   ---
2026-10-08T09:53:34.7922020Z   duration_ms: 17.492197
2026-10-08T09:53:34.7922427Z   type: 'test'
2026-10-08T09:53:34.7922747Z   ...
2026-10-08T09:53:34.7923159Z # Subtest: comments and string examples are not calls
2026-10-08T09:53:34.7923795Z ok 38 - comments and string examples are not calls
2026-10-08T09:53:34.7924224Z   ---
2026-10-08T09:53:34.7924511Z   duration_ms: 3.394682
2026-10-08T09:53:34.7924897Z   type: 'test'
2026-10-08T09:53:34.7925194Z   ...
2026-10-08T09:53:34.7925609Z # Subtest: decoded escape sequences keep key identity
2026-10-08T09:53:34.7926275Z ok 39 - decoded escape sequences keep key identity
2026-10-08T09:53:34.7926721Z   ---
2026-10-08T09:53:34.7927333Z   duration_ms: 1.905675
2026-10-08T09:53:34.7927702Z   type: 'test'
2026-10-08T09:53:34.7927930Z   ...
2026-10-08T09:53:34.7950494Z # Subtest: computed calls reported rather than called checked
2026-10-08T09:53:34.7957528Z ok 40 - computed calls reported rather than called checked
2026-10-08T09:53:34.7957969Z   ---
2026-10-08T09:53:34.7958253Z   duration_ms: 2.064555
2026-10-08T09:53:34.7958560Z   type: 'test'
2026-10-08T09:53:34.7958818Z   ...
2026-10-08T09:53:34.7959340Z # Subtest: useText is identified by local binding, not a file-wide bypass
2026-10-08T09:53:34.7960064Z ok 41 - useText is identified by local binding, not a file-wide bypass
2026-10-08T09:53:34.7960514Z   ---
2026-10-08T09:53:34.7960785Z   duration_ms: 9.486456
2026-10-08T09:53:34.7961100Z   type: 'test'
2026-10-08T09:53:34.7961356Z   ...
2026-10-08T09:53:34.7961774Z # Subtest: aliased hooks and catalog function are checked
2026-10-08T09:53:34.7962332Z ok 42 - aliased hooks and catalog function are checked
2026-10-08T09:53:34.7962585Z   ---
2026-10-08T09:53:34.7962767Z   duration_ms: 2.210676
2026-10-08T09:53:34.7962958Z   type: 'test'
2026-10-08T09:53:34.7963126Z   ...
2026-10-08T09:53:34.7963514Z # Subtest: a fake useText import cannot disable checks
2026-10-08T09:53:34.7963888Z ok 43 - a fake useText import cannot disable checks
2026-10-08T09:53:34.7964176Z   ---
2026-10-08T09:53:34.7964367Z   duration_ms: 2.338469
2026-10-08T09:53:34.7964588Z   type: 'test'
2026-10-08T09:53:34.7964760Z   ...
2026-10-08T09:53:34.7965038Z # Subtest: object t and nested TSX expressions are scanned
2026-10-08T09:53:34.7965432Z ok 44 - object t and nested TSX expressions are scanned
2026-10-08T09:53:34.7965716Z   ---
2026-10-08T09:53:34.7965908Z   duration_ms: 8.353976
2026-10-08T09:53:34.7966351Z   type: 'test'
2026-10-08T09:53:34.7966561Z   ...
2026-10-08T09:53:34.7967039Z # Subtest: typed bilingual callbacks are distinct from catalog callbacks
2026-10-08T09:53:34.7977367Z ok 45 - typed bilingual callbacks are distinct from catalog callbacks
2026-10-08T09:53:34.7987625Z   ---
2026-10-08T09:53:34.7987918Z   duration_ms: 10.477922
2026-10-08T09:53:34.7988140Z   type: 'test'
2026-10-08T09:53:34.7988320Z   ...
2026-10-08T09:53:34.7988541Z # Subtest: syntax errors fail the scanner
2026-10-08T09:53:34.7988834Z ok 46 - syntax errors fail the scanner
2026-10-08T09:53:34.7989055Z   ---
2026-10-08T09:53:34.7989229Z   duration_ms: 2.68991
2026-10-08T09:53:34.7989422Z   type: 'test'
2026-10-08T09:53:34.7989577Z   ...
2026-10-08T09:53:34.7989775Z # Subtest: empty source list fails
2026-10-08T09:53:34.7990031Z ok 47 - empty source list fails
2026-10-08T09:53:34.7990223Z   ---
2026-10-08T09:53:34.7990395Z   duration_ms: 0.248746
2026-10-08T09:53:34.7990586Z   type: 'test'
2026-10-08T09:53:34.7990744Z   ...
2026-10-08T09:53:34.7990986Z # Subtest: Python and AST integration: valid source
2026-10-08T09:53:34.7991310Z ok 48 - Python and AST integration: valid source
2026-10-08T09:53:34.7991539Z   ---
2026-10-08T09:53:34.7991794Z   duration_ms: 228.880084
2026-10-08T09:53:34.7992097Z   type: 'test'
2026-10-08T09:53:34.7992343Z   ...
2026-10-08T09:53:34.7992777Z # Subtest: Python and AST integration: missing key in features
2026-10-08T09:53:34.7993408Z ok 49 - Python and AST integration: missing key in features
2026-10-08T09:53:34.7993808Z   ---
2026-10-08T09:53:34.7994037Z   duration_ms: 205.676419
2026-10-08T09:53:34.7994230Z   type: 'test'
2026-10-08T09:53:34.7994391Z   ...
2026-10-08T09:53:34.8093152Z 1..49
2026-10-08T09:53:34.8093434Z # tests 49
2026-10-08T09:53:34.8093686Z # suites 0
2026-10-08T09:53:34.8093935Z # pass 49
2026-10-08T09:53:34.8094182Z # fail 0
2026-10-08T09:53:34.8094431Z # cancelled 0
2026-10-08T09:53:34.8094935Z # skipped 0
2026-10-08T09:53:34.8095208Z # todo 0
2026-10-08T09:53:34.8095665Z # duration_ms 751.687797
2026-10-08T09:53:35.4639722Z API client inventory PASS: 136 branches, 7 explicit transport forwarders
2026-10-08T09:53:36.4186985Z i18n check PASS: {"catalog_keys": 1368, "dynamic_calls": 33, "inline_calls": 545, "literal_keys": 661, "source_files": 136}
2026-10-08T09:53:36.4267735Z ##[group]Run npm audit --json > /tmp/tabmail-npm-audit.json || test -s /tmp/tabmail-npm-audit.json
2026-10-08T09:53:36.4268456Z [36;1mnpm audit --json > /tmp/tabmail-npm-audit.json || test -s /tmp/tabmail-npm-audit.json[0m
2026-10-08T09:53:36.4323148Z shell: /usr/bin/bash -e {0}
2026-10-08T09:53:36.4323388Z ##[endgroup]
2026-10-08T09:53:37.0595404Z ##[group]Run actions/upload-artifact@v4
2026-10-08T09:53:37.0595642Z with:
2026-10-08T09:53:37.0595811Z   name: dependency-audit
2026-10-08T09:53:37.0596022Z   path: /tmp/tabmail-npm-audit.json
2026-10-08T09:53:37.0596238Z   retention-days: 14
2026-10-08T09:53:37.0596424Z   if-no-files-found: warn
2026-10-08T09:53:37.0596612Z   compression-level: 6
2026-10-08T09:53:37.0596792Z   overwrite: false
2026-10-08T09:53:37.0599136Z   include-hidden-files: false
2026-10-08T09:53:37.0599344Z ##[endgroup]
2026-10-08T09:53:37.1887097Z (node:14804) [DEP0040] DeprecationWarning: The `punycode` module is deprecated. Please use a userland alternative instead.
2026-10-08T09:53:37.1888114Z (Use `node --trace-deprecation ...` to show where the warning was created)
2026-10-08T09:53:37.1935738Z With the provided path, there will be 1 file uploaded
2026-10-08T09:53:37.1945037Z Artifact name is valid!
2026-10-08T09:53:37.1947504Z Root directory input is valid!
2026-10-08T09:53:37.5371529Z Beginning upload of artifact content to blob storage
2026-10-08T09:53:37.5505355Z (node:14804) [DEP0169] DeprecationWarning: `url.parse()` behavior is not standardized and prone to errors that have security implications. Use the WHATWG URL API instead. CVEs are not issued for `url.parse()` vulnerabilities.
2026-10-08T09:53:37.7470084Z Uploaded bytes 1064
2026-10-08T09:53:37.8022097Z Finished uploading artifact content to blob storage!
2026-10-08T09:53:37.8022804Z SHA256 digest of uploaded artifact zip is 278647a1e8cb320b2a3eb9d50c6600dcb5aeed61119382351f44be709d55a2b2
2026-10-08T09:53:37.8023723Z Finalizing artifact upload
2026-10-08T09:53:38.0385227Z Artifact dependency-audit.zip successfully finalized. Artifact ID 11541119029
2026-10-08T09:53:38.0386040Z Artifact dependency-audit has been successfully uploaded! Final size is 1064 bytes. Artifact ID is 11541119029
2026-10-08T09:53:38.0390970Z Artifact download URL: https://github.com/jyqj/tabmail/actions/runs/37759167593/artifacts/11541119029
2026-10-08T09:53:38.0496662Z ##[group]Run node -e 'const d=require("/tmp/tabmail-npm-audit.json"); if(!d.metadata?.vulnerabilities || d.error || d.metadata.vulnerabilities.total !== 0) throw new Error("dependency audit missing, failed or contains vulnerabilities");'
2026-10-08T09:53:38.0498075Z [36;1mnode -e 'const d=require("/tmp/tabmail-npm-audit.json"); if(!d.metadata?.vulnerabilities || d.error || d.metadata.vulnerabilities.total !== 0) throw new Error("dependency audit missing, failed or contains vulnerabilities");'[0m
2026-10-08T09:53:38.0553200Z shell: /usr/bin/bash -e {0}
2026-10-08T09:53:38.0553426Z ##[endgroup]
2026-10-08T09:53:38.0812551Z [eval]:1
2026-10-08T09:53:38.0813459Z const d=require("/tmp/tabmail-npm-audit.json"); if(!d.metadata?.vulnerabilities || d.error || d.metadata.vulnerabilities.total !== 0) throw new Error("dependency audit missing, failed or contains vulnerabilities");
2026-10-08T09:53:38.0815708Z                                                                                                                                       ^
2026-10-08T09:53:38.0815952Z 
2026-10-08T09:53:38.0816186Z Error: dependency audit missing, failed or contains vulnerabilities
2026-10-08T09:53:38.0816513Z     at [eval]:1:141
2026-10-08T09:53:38.0816812Z     at runScriptInThisContext (node:internal/vm:209:10)
2026-10-08T09:53:38.0817445Z     at node:internal/process/execution:446:12
2026-10-08T09:53:38.0817915Z     at [eval]-wrapper:6:24
2026-10-08T09:53:38.0818571Z     at runScriptInContext (node:internal/process/execution:444:60)
2026-10-08T09:53:38.0819303Z     at evalFunction (node:internal/process/execution:279:30)
2026-10-08T09:53:38.0819938Z     at evalTypeScript (node:internal/process/execution:291:3)
2026-10-08T09:53:38.0820422Z     at node:internal/main/eval_string:74:3
2026-10-08T09:53:38.0820979Z 
2026-10-08T09:53:38.0821105Z Node.js v22.23.3
2026-10-08T09:53:38.0850703Z ##[error]Process completed with exit code 1.
2026-10-08T09:53:38.0893708Z ##[group]Run npx tsc --noEmit
2026-10-08T09:53:38.0893975Z [36;1mnpx tsc --noEmit[0m
2026-10-08T09:53:38.0946840Z shell: /usr/bin/bash -e {0}
2026-10-08T09:53:38.0947187Z ##[endgroup]
2026-10-08T09:53:45.8273442Z ##[group]Run npm test -- --reporter=default --reporter=json --outputFile=../frontend-vitest.json
2026-10-08T09:53:45.8274016Z [36;1mnpm test -- --reporter=default --reporter=json --outputFile=../frontend-vitest.json[0m
2026-10-08T09:53:45.8329545Z shell: /usr/bin/bash -e {0}
2026-10-08T09:53:45.8329760Z ##[endgroup]
2026-10-08T09:53:45.9122581Z 
2026-10-08T09:53:45.9123091Z > web@0.1.0 test
2026-10-08T09:53:45.9123730Z > vitest run --reporter=default --reporter=json --outputFile=../frontend-vitest.json
2026-10-08T09:53:45.9124020Z 
2026-10-08T09:53:46.1265398Z [33m(!) Your Vite config uses features that are unsupported by `configLoader: 'native'`, which is planned to become the default in a future major version of Vite:
2026-10-08T09:53:46.1266380Z   - ESM syntax in a file loaded as CommonJS (vitest.config.ts:1:1). Use a `.mjs` extension or set `"type": "module"` in the closest package.json
2026-10-08T09:53:46.1267355Z Set `VITE_CONFIG_NATIVE_IGNORE_WARNING=true` to suppress this warning.[39m
2026-10-08T09:53:46.1522166Z 
2026-10-08T09:53:46.1523372Z [1m[30m[46m RUN [49m[39m[22m [36mv4.1.11 [39m[90m/home/runner/work/tabmail/tabmail/web[39m
2026-10-08T09:53:46.1523689Z 
2026-10-08T09:53:53.1650992Z  [32m✓[39m components/company/templates/editor-save-ownership.test.tsx [2m([22m[2m32 tests[22m[2m)[22m[33m 5362[2mms[22m[39m
2026-10-08T09:53:53.1652929Z    [33m[2m✓[22m[39m saves once, accepts server normalization and uses the returned revision on the next save [33m 475[2mms[22m[39m
2026-10-08T09:54:00.0289194Z  [32m✓[39m features/company/company-event-consumer.test.tsx [2m([22m[2m14 tests[22m[2m)[22m[33m 4512[2mms[22m[39m
2026-10-08T09:54:00.0315318Z      [33m[2m✓[22m[39m mounted EOF reconnect re-reads overview then authoritative resource without rebasing draft [33m 822[2mms[22m[39m
2026-10-08T09:54:00.0317277Z      [33m[2m✓[22m[39m refresh endpoint final failure stops the original scope and clears its private draft [33m 430[2mms[22m[39m
2026-10-08T09:54:00.0319207Z      [33m[2m✓[22m[39m refresh endpoint success preserves stable identity and dirty draft through actual stream retry [33m 379[2mms[22m[39m
2026-10-08T09:54:00.0320928Z      [33m[2m✓[22m[39m re-reads authoritative profiles on duplicate events without rebasing a dirty CAS form [33m 367[2mms[22m[39m
2026-10-08T09:54:00.0339322Z      [33m[2m✓[22m[39m strictly ignores wrong-tenant, unknown and permission-bearing payloads [33m 334[2mms[22m[39m
2026-10-08T09:54:00.0368833Z      [33m[2m✓[22m[39m periodic tenant-bound resync invalidates deletion confirmation without automatic DELETE [33m 314[2mms[22m[39m
2026-10-08T09:54:00.0377402Z      [33m[2m✓[22m[39m same-principal token rotation keeps the stream and dirty draft [33m 326[2mms[22m[39m
2026-10-08T09:54:00.0408313Z      [33m[2m✓[22m[39m a current role downgrade aborts the prior stream and clears the old private draft [33m 301[2mms[22m[39m
2026-10-08T09:54:00.0428521Z      [33m[2m✓[22m[39m real permission editor preserves dirty intent but requires explicit reload after an event [33m 464[2mms[22m[39m
2026-10-08T09:54:01.3419321Z  [32m✓[39m features/company/profile-management.consumer.test.tsx [2m([22m[2m29 tests[22m[2m)[22m[33m 12176[2mms[22m[39m
2026-10-08T09:54:01.3420786Z      [33m[2m✓[22m[39m sends observed decimal revision, explicit false and zero in fields [33m 1109[2mms[22m[39m
2026-10-08T09:54:01.3422179Z      [33m[2m✓[22m[39m rebases quota intent so choosing original 10 after reviewing remote 20 is transmitted [33m 688[2mms[22m[39m
2026-10-08T09:54:01.3424015Z      [33m[2m✓[22m[39m keeps draft on conflict, blocks blind retry and requires manual revision refresh [33m 613[2mms[22m[39m
2026-10-08T09:54:01.3426256Z      [33m[2m✓[22m[39m preserves NULL zone storage when changing only description [33m 326[2mms[22m[39m
2026-10-08T09:54:01.3428122Z      [33m[2m✓[22m[39m does not restore untouched revoked fields after conflict refresh [33m 555[2mms[22m[39m
2026-10-08T09:54:01.3429637Z      [33m[2m✓[22m[39m blocks saves after a failed revision refresh even with a formerly valid revision [33m 403[2mms[22m[39m
2026-10-08T09:54:01.3431047Z      [33m[2m✓[22m[39m reports 401 denial and blocks later submissions in this session [33m 366[2mms[22m[39m
2026-10-08T09:54:01.3432409Z      [33m[2m✓[22m[39m reports 403 denial and blocks later submissions in this session [33m 382[2mms[22m[39m
2026-10-08T09:54:01.3433845Z      [33m[2m✓[22m[39m does not manufacture a missing legacy revision or permit unsafe quotas [33m 477[2mms[22m[39m
2026-10-08T09:54:01.3435671Z      [33m[2m✓[22m[39m invalidates stale deletion preview and never automatically replays DELETE [33m 370[2mms[22m[39m
2026-10-08T09:54:01.3437194Z      [33m[2m✓[22m[39m ignores old-session edit resolve without clearing a new write lock [33m 569[2mms[22m[39m
2026-10-08T09:54:01.3438574Z      [33m[2m✓[22m[39m ignores old-session edit reject without clearing a new write lock [33m 758[2mms[22m[39m
2026-10-08T09:54:01.3440054Z      [33m[2m✓[22m[39m ignores old-session DELETE resolve without clearing new preview/confirmation [33m 490[2mms[22m[39m
2026-10-08T09:54:01.3441557Z      [33m[2m✓[22m[39m ignores old-session DELETE reject without clearing new preview/confirmation [33m 616[2mms[22m[39m
2026-10-08T09:54:01.3443091Z      [33m[2m✓[22m[39m ignores old-session create resolve without clearing new draft/busy state [33m 530[2mms[22m[39m
2026-10-08T09:54:01.3444491Z      [33m[2m✓[22m[39m ignores old-session create reject without clearing new draft/busy state [33m 552[2mms[22m[39m
2026-10-08T09:54:01.3445985Z      [33m[2m✓[22m[39m ignores an old-session revision refresh rejection without unlocking a newer refresh [33m 615[2mms[22m[39m
2026-10-08T09:54:01.3467950Z      [33m[2m✓[22m[39m platform admin edits a global profile using its observed revision without changing scope [33m 328[2mms[22m[39m
2026-10-08T09:54:01.3469399Z      [33m[2m✓[22m[39m rejects malformed or non-string observed profile revision "0" [33m 307[2mms[22m[39m
2026-10-08T09:54:01.3470765Z      [33m[2m✓[22m[39m rejects malformed or non-string observed profile revision "9223372036854775808" [33m 309[2mms[22m[39m
2026-10-08T09:54:03.4879479Z  [32m✓[39m features/company/permission-editor.consumer.test.tsx [2m([22m[2m22 tests[22m[2m)[22m[33m 14315[2mms[22m[39m
2026-10-08T09:54:03.4928827Z      [33m[2m✓[22m[39m formal assignment capability enables a versioned profile selector without immediately mutating permissions [33m 1338[2mms[22m[39m
2026-10-08T09:54:03.4938896Z      [33m[2m✓[22m[39m assignment submits the observed target profile revision and dirty overrides in one atomic POST [33m 871[2mms[22m[39m
2026-10-08T09:54:03.4968681Z      [33m[2m✓[22m[39m unassignment sends an explicit NULL profile identity/version pair with an empty override patch [33m 811[2mms[22m[39m
2026-10-08T09:54:03.4988753Z      [33m[2m✓[22m[39m assignment conflict preserves the staged profile and dirty quota but prohibits automatic replays [33m 1287[2mms[22m[39m
2026-10-08T09:54:03.4990595Z      [33m[2m✓[22m[39m an old assignment response cannot overwrite a newly opened user's profile or overrides [33m 1312[2mms[22m[39m
2026-10-08T09:54:03.4992542Z      [33m[2m✓[22m[39m loads the real Go inherited raw NULL slice instead of staying disabled behind a validation error [33m 552[2mms[22m[39m
2026-10-08T09:54:03.4994483Z      [33m[2m✓[22m[39m accepts a clear/reset response containing Go inherited zone_ids NULL and can continue editing [33m 549[2mms[22m[39m
2026-10-08T09:54:03.4996407Z      [33m[2m✓[22m[39m incomplete effective {} never enables a consumer write [33m 359[2mms[22m[39m
2026-10-08T09:54:03.4998114Z      [33m[2m✓[22m[39m loads raw false/zero/null separately from effective and patches only the dirty quota [33m 588[2mms[22m[39m
2026-10-08T09:54:03.5000060Z      [33m[2m✓[22m[39m clearing an existing numeric override sends explicit null rather than omission [33m 432[2mms[22m[39m
2026-10-08T09:54:03.5001872Z      [33m[2m✓[22m[39m setting an inherited quota to zero sends explicit zero, even when unlimited is the effective value [33m 408[2mms[22m[39m
2026-10-08T09:54:03.5003712Z      [33m[2m✓[22m[39m preserves dirty edits on conflict and never automatically replays or falls back to PUT [33m 421[2mms[22m[39m
2026-10-08T09:54:03.5005328Z      [33m[2m✓[22m[39m reload after conflict explicitly discards draft and uses the fresh observed revision [33m 694[2mms[22m[39m
2026-10-08T09:54:03.5007047Z      [33m[2m✓[22m[39m domain All preserves empty-zone mode instead of treating all empty arrays alike [33m 563[2mms[22m[39m
2026-10-08T09:54:03.5008766Z      [33m[2m✓[22m[39m domain No domains allowed preserves empty-zone mode instead of treating all empty arrays alike [33m 559[2mms[22m[39m
2026-10-08T09:54:03.5010562Z      [33m[2m✓[22m[39m domain Inherit: Allowed Domain Scope preserves empty-zone mode instead of treating all empty arrays alike [33m 555[2mms[22m[39m
2026-10-08T09:54:03.5012266Z      [33m[2m✓[22m[39m unchecking the last allowed zone sends none, never the legacy empty-array allow-all [33m 607[2mms[22m[39m
2026-10-08T09:54:03.5013742Z      [33m[2m✓[22m[39m disables mutations for capability false without pretending the edit succeeded [33m 446[2mms[22m[39m
2026-10-08T09:54:03.5015211Z      [33m[2m✓[22m[39m reset is one revision-bound explicit inherit patch, not legacy DELETE [33m 535[2mms[22m[39m
2026-10-08T09:54:03.5016722Z      [33m[2m✓[22m[39m a failed snapshot never uses effective-only legacy data to enable an unsafe save [33m 364[2mms[22m[39m
2026-10-08T09:54:03.5018353Z      [33m[2m✓[22m[39m discards an older target snapshot that resolves after switching users [33m 786[2mms[22m[39m
2026-10-08T09:54:04.0281421Z  [32m✓[39m features/company/outbound-inspection.consumer.test.tsx [2m([22m[2m36 tests[22m[2m)[22m[33m 2841[2mms[22m[39m
2026-10-08T09:54:05.1689013Z  [32m✓[39m lib/api/permission-editor.serializer.test.ts [2m([22m[2m69 tests[22m[2m)[22m[32m 62[2mms[22m[39m
2026-10-08T09:54:08.7145424Z  [32m✓[39m features/company/domain-settings-conflict.test.tsx [2m([22m[2m35 tests[22m[2m)[22m[33m 5948[2mms[22m[39m
2026-10-08T09:54:08.7202101Z      [33m[2m✓[22m[39m saves all company settings with the observed revision and adopts the acknowledged result [33m 401[2mms[22m[39m
2026-10-08T09:54:10.2003498Z  [32m✓[39m features/mail/workspace-live-content-refresh.test.tsx [2m([22m[2m42 tests[22m[2m)[22m[33m 5172[2mms[22m[39m
2026-10-08T09:54:10.2005629Z      [33m[2m✓[22m[39m manual refresh reauthorizes body and then attachments without remount or cache retention [33m 396[2mms[22m[39m
2026-10-08T09:54:11.8519004Z  [32m✓[39m app/(dashboard)/admin/tenants/api-keys-requests.test.tsx [2m([22m[2m23 tests[22m[2m)[22m[33m 4146[2mms[22m[39m
2026-10-08T09:54:11.8540282Z      [33m[2m✓[22m[39m lists the selected tenant and creates with the existing read-only defaults [33m 410[2mms[22m[39m
2026-10-08T09:54:12.4627253Z  [32m✓[39m components/company/compose-send-lifecycle.test.tsx [2m([22m[2m24 tests[22m[2m)[22m[33m 2483[2mms[22m[39m
2026-10-08T09:54:12.4659869Z      [33m[2m✓[22m[39m does not submit a saved draft when navigation unmounts it during save [33m 348[2mms[22m[39m
2026-10-08T09:54:12.9471049Z  [32m✓[39m features/mail/draft-writer-snapshot.test.ts [2m([22m[2m41 tests[22m[2m)[22m[32m 44[2mms[22m[39m
2026-10-08T09:54:13.3267820Z  [32m✓[39m components/company/compose-sender-ownership.test.tsx [2m([22m[2m21 tests[22m[2m)[22m[33m 1958[2mms[22m[39m
2026-10-08T09:54:13.3270157Z      [33m[2m✓[22m[39m does not display another From identity after Revoke sender and preserves edits through an explicit switch [33m 424[2mms[22m[39m
2026-10-08T09:54:14.2465463Z  [32m✓[39m features/mail/components/receipt-consumer.test.tsx [2m([22m[2m19 tests[22m[2m)[22m[33m 529[2mms[22m[39m
2026-10-08T09:54:15.7959031Z  [32m✓[39m components/company/send-policy-review.test.tsx [2m([22m[2m25 tests[22m[2m)[22m[33m 1541[2mms[22m[39m
2026-10-08T09:54:15.7968920Z      [33m[2m✓[22m[39m preserves the normal selected-policy write and authoritative parent refresh [33m 321[2mms[22m[39m
2026-10-08T09:54:19.3394414Z  [32m✓[39m features/company/employee-invitation-lifecycle.test.tsx [2m([22m[2m22 tests[22m[2m)[22m[33m 2290[2mms[22m[39m
2026-10-08T09:54:19.3397126Z      [33m[2m✓[22m[39m shows the one-time result with its exact recipient and clears only the submitted draft [33m 381[2mms[22m[39m
2026-10-08T09:54:22.6263072Z  [32m✓[39m components/company/templates/library-load-state.test.tsx [2m([22m[2m20 tests[22m[2m)[22m[33m 2031[2mms[22m[39m
2026-10-08T09:54:25.4329340Z  [32m✓[39m components/company/domains-ownership.test.tsx [2m([22m[2m26 tests[22m[2m)[22m[33m 1639[2mms[22m[39m
2026-10-08T09:54:29.8079288Z  [32m✓[39m components/company/compose-recipient-reload.test.tsx [2m([22m[2m17 tests[22m[2m)[22m[33m 3232[2mms[22m[39m
2026-10-08T09:54:29.8081071Z      [33m[2m✓[22m[39m replaces visible to and submits exactly the displayed server revision [33m 439[2mms[22m[39m
2026-10-08T09:54:31.3891602Z  [32m✓[39m app/(dashboard)/admin/tenants/override-snapshot.test.tsx [2m([22m[2m43 tests[22m[2m)[22m[33m 14515[2mms[22m[39m
2026-10-08T09:54:31.3920925Z    [33m[2m✓[22m[39m loads the raw nullable snapshot independently of effective plan values [33m 779[2mms[22m[39m
2026-10-08T09:54:31.3922736Z    [33m[2m✓[22m[39m an absent persisted override is seven explicit inheritance values, never effective defaults [33m 457[2mms[22m[39m
2026-10-08T09:54:31.3924458Z    [33m[2m✓[22m[39m editing only max_domains preserves every other nullable raw value in the replacement PATCH [33m 441[2mms[22m[39m
2026-10-08T09:54:31.3926253Z    [33m[2m✓[22m[39m editing only max_mailboxes_per_domain preserves every other nullable raw value in the replacement PATCH [33m 351[2mms[22m[39m
2026-10-08T09:54:31.3928473Z    [33m[2m✓[22m[39m editing only max_messages_per_mailbox preserves every other nullable raw value in the replacement PATCH [33m 379[2mms[22m[39m
2026-10-08T09:54:31.3930713Z    [33m[2m✓[22m[39m editing only retention_hours preserves every other nullable raw value in the replacement PATCH [33m 345[2mms[22m[39m
2026-10-08T09:54:31.3932887Z    [33m[2m✓[22m[39m editing only rpm_limit preserves every other nullable raw value in the replacement PATCH [33m 361[2mms[22m[39m
2026-10-08T09:54:31.3935115Z    [33m[2m✓[22m[39m editing only daily_quota preserves every other nullable raw value in the replacement PATCH [33m 331[2mms[22m[39m
2026-10-08T09:54:31.3937243Z    [33m[2m✓[22m[39m preserves explicit clear, zero, signed integer and large finite retention commands [33m 327[2mms[22m[39m
2026-10-08T09:54:31.3938503Z    [33m[2m✓[22m[39m blocks submission until the first raw read completes even when effective values are available [33m 324[2mms[22m[39m
2026-10-08T09:54:31.3939455Z    [33m[2m✓[22m[39m shows initial raw 403 failure and retries only the read [33m 307[2mms[22m[39m
2026-10-08T09:54:31.3940751Z    [33m[2m✓[22m[39m merges an explicit dirty field over a fresh snapshot without reversing untouched server changes [33m 345[2mms[22m[39m
2026-10-08T09:54:31.3941865Z    [33m[2m✓[22m[39m a pending raw refresh blocks writes while retaining the current explicit draft [33m 315[2mms[22m[39m
2026-10-08T09:54:31.3942941Z    [33m[2m✓[22m[39m a failed background read blocks stale replacement, retains edits and recovers through retry [33m 343[2mms[22m[39m
2026-10-08T09:54:31.3944408Z    [33m[2m✓[22m[39m a PATCH 400 failure preserves all draft values and allows explicit retry [33m 325[2mms[22m[39m
2026-10-08T09:54:31.3945590Z    [33m[2m✓[22m[39m does not reclassify an acknowledged PATCH when its subsequent effective read fails [33m 325[2mms[22m[39m
2026-10-08T09:54:31.3946588Z    [33m[2m✓[22m[39m ignores a closed tenant A read success after tenant B is opened [33m 603[2mms[22m[39m
2026-10-08T09:54:31.3948105Z    [33m[2m✓[22m[39m ignores a closed tenant A read failure after tenant B is opened [33m 424[2mms[22m[39m
2026-10-08T09:54:31.3949099Z    [33m[2m✓[22m[39m treats tenant A to B to A as three separate read lifetimes [33m 614[2mms[22m[39m
2026-10-08T09:54:31.3950002Z    [33m[2m✓[22m[39m ignores a previous dialog's late PATCH success after the same tenant reopens [33m 407[2mms[22m[39m
2026-10-08T09:54:31.3950863Z    [33m[2m✓[22m[39m ignores a previous dialog's late PATCH failure after the same tenant reopens [33m 415[2mms[22m[39m
2026-10-08T09:54:31.3951684Z    [33m[2m✓[22m[39m retires the dialog and synchronous old save callback on role replacement [33m 313[2mms[22m[39m
2026-10-08T09:54:31.3952523Z    [33m[2m✓[22m[39m ignores a late write after the session returns to the original account [33m 321[2mms[22m[39m
2026-10-08T09:54:31.3953343Z    [33m[2m✓[22m[39m token-only rotation keeps the draft and submits with the current token [33m 347[2mms[22m[39m
2026-10-08T09:54:31.4018088Z  [32m✓[39m app/(dashboard)/mail/page.test.tsx [2m([22m[2m11 tests[22m[2m)[22m[33m 594[2mms[22m[39m
2026-10-08T09:54:36.0177423Z  [32m✓[39m app/(dashboard)/admin/policy/policy-snapshot.test.tsx [2m([22m[2m28 tests[22m[2m)[22m[33m 3259[2mms[22m[39m
2026-10-08T09:54:36.0178834Z    [33m[2m✓[22m[39m does not save defaults before the first GET supplies a successful snapshot [33m 324[2mms[22m[39m
2026-10-08T09:54:36.0770901Z  [32m✓[39m components/company/templates/editor-preview-ownership.test.tsx [2m([22m[2m46 tests[22m[2m)[22m[33m 3426[2mms[22m[39m
2026-10-08T09:54:36.0774497Z    [33m[2m✓[22m[39m previews the exact draft, mailbox and values without requiring send capability or invoking save/publish [33m 334[2mms[22m[39m
2026-10-08T09:54:37.7972436Z  [32m✓[39m features/company/permission-editor-session.consumer.test.tsx [2m([22m[2m17 tests[22m[2m)[22m[33m 21867[2mms[22m[39m
2026-10-08T09:54:37.7974726Z      [33m[2m✓[22m[39m tenant change clears loaded ownership without a manual dialog close and cannot rebase old intent [33m 2209[2mms[22m[39m
2026-10-08T09:54:37.7977963Z      [33m[2m✓[22m[39m tenant change clears get ownership without a manual dialog close and cannot rebase old intent [33m 1402[2mms[22m[39m
2026-10-08T09:54:37.7980113Z      [33m[2m✓[22m[39m tenant change clears patch ownership without a manual dialog close and cannot rebase old intent [33m 1494[2mms[22m[39m
2026-10-08T09:54:37.7982115Z      [33m[2m✓[22m[39m tenant change clears assignment ownership without a manual dialog close and cannot rebase old intent [33m 1640[2mms[22m[39m
2026-10-08T09:54:37.7984529Z      [33m[2m✓[22m[39m session change clears loaded ownership without a manual dialog close and cannot rebase old intent [33m 1258[2mms[22m[39m
2026-10-08T09:54:37.7986410Z      [33m[2m✓[22m[39m session change clears get ownership without a manual dialog close and cannot rebase old intent [33m 1034[2mms[22m[39m
2026-10-08T09:54:37.7988416Z      [33m[2m✓[22m[39m session change clears patch ownership without a manual dialog close and cannot rebase old intent [33m 1342[2mms[22m[39m
2026-10-08T09:54:37.7990280Z      [33m[2m✓[22m[39m session change clears assignment ownership without a manual dialog close and cannot rebase old intent [33m 1622[2mms[22m[39m
2026-10-08T09:54:37.7992195Z      [33m[2m✓[22m[39m logout change clears loaded ownership without a manual dialog close and cannot rebase old intent [33m 1455[2mms[22m[39m
2026-10-08T09:54:37.7994457Z      [33m[2m✓[22m[39m logout change clears get ownership without a manual dialog close and cannot rebase old intent [33m 1296[2mms[22m[39m
2026-10-08T09:54:37.7996471Z      [33m[2m✓[22m[39m logout change clears patch ownership without a manual dialog close and cannot rebase old intent [33m 1445[2mms[22m[39m
2026-10-08T09:54:37.7998538Z      [33m[2m✓[22m[39m logout change clears assignment ownership without a manual dialog close and cannot rebase old intent [33m 1768[2mms[22m[39m
2026-10-08T09:54:37.8000435Z      [33m[2m✓[22m[39m rejects a self-consistent old-tenant user row and snapshot delivered under a new tenant transport [33m 962[2mms[22m[39m
2026-10-08T09:54:37.8002358Z      [33m[2m✓[22m[39m rejects a same-target wrong-tenant PATCH response rather than importing its capabilities or version [33m 617[2mms[22m[39m
2026-10-08T09:54:37.8004302Z      [33m[2m✓[22m[39m rejects a same-target wrong-tenant POST response rather than importing its capabilities or version [33m 910[2mms[22m[39m
2026-10-08T09:54:37.8006005Z      [33m[2m✓[22m[39m new-session read does not reuse the old session's write capabilities [33m 1006[2mms[22m[39m
2026-10-08T09:54:37.8007804Z      [33m[2m✓[22m[39m a new-tenant read rejects another target's self-consistent snapshot [33m 406[2mms[22m[39m
2026-10-08T09:54:40.3132924Z  [32m✓[39m app/(dashboard)/admin/settings/settings-edits.test.tsx [2m([22m[2m28 tests[22m[2m)[22m[33m 2953[2mms[22m[39m
2026-10-08T09:54:44.7900435Z  [32m✓[39m features/mail/components/sent-folder-actions.test.tsx [2m([22m[2m20 tests[22m[2m)[22m[33m 3002[2mms[22m[39m
2026-10-08T09:54:44.7921248Z      [33m[2m✓[22m[39m sent / Archive clears its current selection and reloads the original list [33m 483[2mms[22m[39m
2026-10-08T09:54:45.4303748Z  [32m✓[39m features/company/admin-invitation-ownership.test.tsx [2m([22m[2m22 tests[22m[2m)[22m[33m 4937[2mms[22m[39m
2026-10-08T09:54:45.4305886Z      [33m[2m✓[22m[39m submits the reviewed email under its session and shows the successful invitation [33m 557[2mms[22m[39m
2026-10-08T09:54:46.5823915Z  [32m✓[39m features/mail/draft-writer-reload.test.ts [2m([22m[2m15 tests[22m[2m)[22m[32m 37[2mms[22m[39m
2026-10-08T09:54:48.1220196Z  [32m✓[39m features/company/mailbox-create-ownership.test.tsx [2m([22m[2m19 tests[22m[2m)[22m[33m 2104[2mms[22m[39m
2026-10-08T09:54:48.1228765Z      [33m[2m✓[22m[39m clears an unchanged successful local part while retaining resource type and retention [33m 343[2mms[22m[39m
2026-10-08T09:54:49.8501385Z  [32m✓[39m features/company/permission-accessibility.test.tsx [2m([22m[2m18 tests[22m[2m)[22m[33m 11273[2mms[22m[39m
2026-10-08T09:54:49.8503484Z      [33m[2m✓[22m[39m names every text, quota and boolean control from its visible label [33m 1104[2mms[22m[39m
2026-10-08T09:54:49.8528709Z      [33m[2m✓[22m[39m supports named controls and keyboard edits without changing the serialized command [33m 719[2mms[22m[39m
2026-10-08T09:54:49.8567629Z      [33m[2m✓[22m[39m names every text, quota and boolean control from its visible label [33m 774[2mms[22m[39m
2026-10-08T09:54:49.8569431Z      [33m[2m✓[22m[39m supports named controls and keyboard edits without changing the serialized command [33m 892[2mms[22m[39m
2026-10-08T09:54:49.8571019Z    [33m[2m✓[22m[39m names the platform profile scope selector and connects its visible label [33m 611[2mms[22m[39m
2026-10-08T09:54:49.8572543Z    [33m[2m✓[22m[39m keeps unique label targets when two profile forms are open at the same time [33m 380[2mms[22m[39m
2026-10-08T09:54:49.8574036Z    [33m[2m✓[22m[39m names a profile domain switch and preserves label and keyboard activation [33m 378[2mms[22m[39m
2026-10-08T09:54:49.8575463Z    [33m[2m✓[22m[39m names all member override inputs, switches and the profile selector [33m 545[2mms[22m[39m
2026-10-08T09:54:49.8577587Z    [33m[2m✓[22m[39m the named inherit action clears only can_send to null through the real serializer [33m 552[2mms[22m[39m
2026-10-08T09:54:49.8579020Z    [33m[2m✓[22m[39m the named inherit action clears only can_create_domains to null through the real serializer [33m 578[2mms[22m[39m
2026-10-08T09:54:49.8580050Z    [33m[2m✓[22m[39m the named inherit action clears only can_create_routes to null through the real serializer [33m 541[2mms[22m[39m
2026-10-08T09:54:49.8581070Z    [33m[2m✓[22m[39m the named inherit action clears only can_create_api_keys to null through the real serializer [33m 600[2mms[22m[39m
2026-10-08T09:54:49.8582053Z    [33m[2m✓[22m[39m a named member switch supports visible label and keyboard activation with explicit false [33m 694[2mms[22m[39m
2026-10-08T09:54:49.8582884Z    [33m[2m✓[22m[39m a named quota keeps "" distinct in the wire command [33m 601[2mms[22m[39m
2026-10-08T09:54:49.8583632Z    [33m[2m✓[22m[39m a named quota keeps "0" distinct in the wire command [33m 643[2mms[22m[39m
2026-10-08T09:54:49.8584442Z    [33m[2m✓[22m[39m names the member domain switch and the domain-specific inherit action [33m 596[2mms[22m[39m
2026-10-08T09:54:49.8585370Z    [33m[2m✓[22m[39m retains accessible names and disables named member controls while a write is pending [33m 599[2mms[22m[39m
2026-10-08T09:54:49.8586660Z    [33m[2m✓[22m[39m retains accessible names for a read-only snapshot without enabling mutations [33m 465[2mms[22m[39m
2026-10-08T09:54:50.6185789Z  [32m✓[39m components/company/grants-conflict-review.test.tsx [2m([22m[2m16 tests[22m[2m)[22m[33m 1235[2mms[22m[39m
2026-10-08T09:54:50.9639061Z  [32m✓[39m features/mail/components/received-selection.test.tsx [2m([22m[2m21 tests[22m[2m)[22m[33m 3097[2mms[22m[39m
2026-10-08T09:54:50.9698893Z      [33m[2m✓[22m[39m retires a previously listed inbox selection after a successful refresh removes it [33m 425[2mms[22m[39m
2026-10-08T09:54:53.9029098Z  [32m✓[39m features/mail/workspace-receipt-refresh.test.tsx [2m([22m[2m20 tests[22m[2m)[22m[33m 2701[2mms[22m[39m
2026-10-08T09:54:53.9058641Z      [33m[2m✓[22m[39m manual refresh updates the visible aggregate and list without opening content [33m 335[2mms[22m[39m
2026-10-08T09:54:54.5307759Z  [32m✓[39m features/mail/workspace-compose-navigation.test.tsx [2m([22m[2m15 tests[22m[2m)[22m[33m 2167[2mms[22m[39m
2026-10-08T09:54:54.5309619Z      [33m[2m✓[22m[39m retains the same editor and unsaved input across query navigation without sending [33m 339[2mms[22m[39m
2026-10-08T09:54:57.6184826Z  [32m✓[39m app/(dashboard)/admin/tenants/page.test.tsx [2m([22m[2m3 tests[22m[2m)[22m[33m 685[2mms[22m[39m
2026-10-08T09:54:57.6186243Z      [33m[2m✓[22m[39m 加载列表并支持创建 tenant [33m 369[2mms[22m[39m
2026-10-08T09:54:57.7435986Z  [32m✓[39m features/mail/workspace-mutation-ownership.test.tsx [2m([22m[2m21 tests[22m[2m)[22m[33m 2535[2mms[22m[39m
2026-10-08T09:54:57.7460743Z      [33m[2m✓[22m[39m the current message action preserves its original command and refreshes its list [33m 523[2mms[22m[39m
2026-10-08T09:55:00.2703278Z  [32m✓[39m components/company/templates/grants-ownership.test.tsx [2m([22m[2m13 tests[22m[2m)[22m[33m 1344[2mms[22m[39m
2026-10-08T09:55:00.2728882Z    [33m[2m✓[22m[39m requires a new employee selection after selecting a different template [33m 366[2mms[22m[39m
2026-10-08T09:55:04.1185780Z  [32m✓[39m app/(dashboard)/admin/monitor/stream-consumer.test.tsx [2m([22m[2m17 tests[22m[2m)[22m[33m 1496[2mms[22m[39m
2026-10-08T09:55:05.7981841Z  [32m✓[39m components/company/templates/versions-load-state.test.tsx [2m([22m[2m15 tests[22m[2m)[22m[33m 578[2mms[22m[39m
2026-10-08T09:55:06.3119442Z  [32m✓[39m features/company/member-row-authority.test.tsx [2m([22m[2m33 tests[22m[2m)[22m[33m 6231[2mms[22m[39m
2026-10-08T09:55:06.3121444Z      [33m[2m✓[22m[39m allows an admin to manage an employee in the selected tenant [33m 341[2mms[22m[39m
2026-10-08T09:55:06.3122774Z      [33m[2m✓[22m[39m allows an admin to manage an employee in the selected tenant [33m 321[2mms[22m[39m
2026-10-08T09:55:06.3124489Z    [33m[2m✓[22m[39m blocks superadmin self-deletion but does not invent a blanket self-freeze ban [33m 301[2mms[22m[39m
2026-10-08T09:55:08.7088385Z  [32m✓[39m components/company/templates/grants-read-state.test.tsx [2m([22m[2m14 tests[22m[2m)[22m[33m 1168[2mms[22m[39m
2026-10-08T09:55:10.9379399Z  [32m✓[39m features/company/offboarding-ownership.test.tsx [2m([22m[2m23 tests[22m[2m)[22m[33m 1176[2mms[22m[39m
2026-10-08T09:55:11.1915899Z  [32m✓[39m features/company/mailbox-owner-freshness.test.tsx [2m([22m[2m21 tests[22m[2m)[22m[33m 4112[2mms[22m[39m
2026-10-08T09:55:11.1940919Z      [33m[2m✓[22m[39m waits for the initial directory before allowing an explicit owner selection [33m 397[2mms[22m[39m
2026-10-08T09:55:11.6038957Z  [32m✓[39m features/company/profile-pending-inputs.test.tsx [2m([22m[2m19 tests[22m[2m)[22m[33m 18355[2mms[22m[39m
2026-10-08T09:55:11.6091546Z      [33m[2m✓[22m[39m does not accept later text that would be discarded by the submitted result [33m 1484[2mms[22m[39m
2026-10-08T09:55:11.6092914Z      [33m[2m✓[22m[39m keeps every quota fixed while the command is pending [33m 1074[2mms[22m[39m
2026-10-08T09:55:11.6094272Z      [33m[2m✓[22m[39m does not change any boolean permission while the command is pending [33m 731[2mms[22m[39m
2026-10-08T09:55:11.6118324Z      [33m[2m✓[22m[39m locks both individual domains and the allow-all shortcut [33m 962[2mms[22m[39m
2026-10-08T09:55:11.6148554Z      [33m[2m✓[22m[39m still completes one successful write and closes its unchanged submitted form [33m 762[2mms[22m[39m
2026-10-08T09:55:11.6150636Z      [33m[2m✓[22m[39m preserves and unlocks the submitted values after 409 without replaying [33m 979[2mms[22m[39m
2026-10-08T09:55:11.6152329Z      [33m[2m✓[22m[39m preserves and unlocks the submitted values after 500 without replaying [33m 884[2mms[22m[39m
2026-10-08T09:55:11.6154106Z      [33m[2m✓[22m[39m preserves and unlocks the submitted values after network without replaying [33m 824[2mms[22m[39m
2026-10-08T09:55:11.6155869Z      [33m[2m✓[22m[39m an old session completion cannot unlock fields belonging to a newer pending write [33m 1451[2mms[22m[39m
2026-10-08T09:55:11.6157751Z      [33m[2m✓[22m[39m does not accept later text that would be discarded by the submitted result [33m 983[2mms[22m[39m
2026-10-08T09:55:11.6170414Z      [33m[2m✓[22m[39m keeps every quota fixed while the command is pending [33m 933[2mms[22m[39m
2026-10-08T09:55:11.6175132Z      [33m[2m✓[22m[39m does not change any boolean permission while the command is pending [33m 774[2mms[22m[39m
2026-10-08T09:55:11.6176567Z      [33m[2m✓[22m[39m locks both individual domains and the allow-all shortcut [33m 774[2mms[22m[39m
2026-10-08T09:55:11.6178163Z      [33m[2m✓[22m[39m still completes one successful write and closes its unchanged submitted form [33m 796[2mms[22m[39m
2026-10-08T09:55:11.6179553Z      [33m[2m✓[22m[39m preserves and unlocks the submitted values after 409 without replaying [33m 967[2mms[22m[39m
2026-10-08T09:55:11.6181004Z      [33m[2m✓[22m[39m preserves and unlocks the submitted values after 500 without replaying [33m 943[2mms[22m[39m
2026-10-08T09:55:11.6182541Z      [33m[2m✓[22m[39m preserves and unlocks the submitted values after network without replaying [33m 856[2mms[22m[39m
2026-10-08T09:55:11.6184120Z      [33m[2m✓[22m[39m an old session completion cannot unlock fields belonging to a newer pending write [33m 1607[2mms[22m[39m
2026-10-08T09:55:11.6185598Z    [33m[2m✓[22m[39m locks a platform administrator's profile scope while creation is pending [33m 570[2mms[22m[39m
2026-10-08T09:55:13.7489790Z  [32m✓[39m features/mail/components/message-pane-actions.test.tsx [2m([22m[2m14 tests[22m[2m)[22m[33m 1284[2mms[22m[39m
2026-10-08T09:55:13.7917680Z  [32m✓[39m features/company/recovery-reinspection.consumer.test.tsx [2m([22m[2m7 tests[22m[2m)[22m[33m 1728[2mms[22m[39m
2026-10-08T09:55:13.7920473Z      [33m[2m✓[22m[39m retires the inbound inspection and choices after a conflict, preserving the reason [33m 510[2mms[22m[39m
2026-10-08T09:55:14.1114684Z  [32m✓[39m features/mail/components/rich-message-paste.test.tsx [2m([22m[2m25 tests[22m[2m)[22m[33m 1049[2mms[22m[39m
2026-10-08T09:55:16.2783891Z  [32m✓[39m components/company/pe-independent-review.test.ts [2m([22m[2m18 tests[22m[2m)[22m[33m 1151[2mms[22m[39m
2026-10-08T09:55:16.2785512Z    [33m[2m✓[22m[39m fragmented UTF8/CRLF metadata, EOF, reconnect, untouched JSON and closed observer [33m 1090[2mms[22m[39m
2026-10-08T09:55:16.7452852Z  [32m✓[39m features/mail/workspace-events.test.tsx [2m([22m[2m7 tests[22m[2m)[22m[33m 1575[2mms[22m[39m
2026-10-08T09:55:16.7458508Z      [33m[2m✓[22m[39m manual refresh revalidates the open message, attachments and conversation [33m 491[2mms[22m[39m
2026-10-08T09:55:18.9108121Z  [32m✓[39m features/company/domain-settings-response-recovery.test.tsx [2m([22m[2m7 tests[22m[2m)[22m[33m 1435[2mms[22m[39m
2026-10-08T09:55:18.9109855Z      [33m[2m✓[22m[39m keeps an unparseable HTTP 200 PUT locked until explicit readback [33m 406[2mms[22m[39m
2026-10-08T09:55:18.9531354Z  [32m✓[39m features/mail/workspace-editor-opening.test.tsx [2m([22m[2m28 tests[22m[2m)[22m[33m 3882[2mms[22m[39m
2026-10-08T09:55:18.9533280Z      [33m[2m✓[22m[39m Continue editing ordinarily opens its prepared editor [33m 333[2mms[22m[39m
2026-10-08T09:55:19.1734949Z  [32m✓[39m features/company/recovery-queue-state.consumer.test.tsx [2m([22m[2m8 tests[22m[2m)[22m[33m 1214[2mms[22m[39m
2026-10-08T09:55:19.1744174Z      [33m[2m✓[22m[39m announces the initial load and disables list actions until a response arrives [33m 400[2mms[22m[39m
2026-10-08T09:55:21.1938888Z  [32m✓[39m app/auth/activate/page.test.tsx [2m([22m[2m23 tests[22m[2m)[22m[33m 890[2mms[22m[39m
2026-10-08T09:55:21.7088998Z  [32m✓[39m features/company/domain-settings-review-races.test.tsx [2m([22m[2m6 tests[22m[2m)[22m[33m 1522[2mms[22m[39m
2026-10-08T09:55:21.7129171Z      [33m[2m✓[22m[39m keeps an acknowledged malformed PUT separate from failed writes and requires review before another mutation [33m 535[2mms[22m[39m
2026-10-08T09:55:21.7148771Z      [33m[2m✓[22m[39m retires an explicit review when the observed domains change A → B → A while its settings read is pending [33m 361[2mms[22m[39m
2026-10-08T09:55:22.3209596Z  [32m✓[39m features/mail/draft-writer.test.ts [2m([22m[2m10 tests[22m[2m)[22m[32m 19[2mms[22m[39m
2026-10-08T09:55:22.8568988Z  [32m✓[39m lib/receipt-types.test.ts [2m([22m[2m38 tests[22m[2m)[22m[32m 21[2mms[22m[39m
2026-10-08T09:55:23.5111313Z  [32m✓[39m lib/api/stream-auth-recovery.test.ts [2m([22m[2m14 tests[22m[2m)[22m[32m 54[2mms[22m[39m
2026-10-08T09:55:24.6812955Z  [32m✓[39m lib/outbound-inspection-types.test.ts [2m([22m[2m85 tests[22m[2m)[22m[32m 20[2mms[22m[39m
2026-10-08T09:55:24.8169129Z  [32m✓[39m features/company/audit-state.consumer.test.tsx [2m([22m[2m8 tests[22m[2m)[22m[33m 692[2mms[22m[39m
2026-10-08T09:55:25.9558847Z  [32m✓[39m lib/legacy-outbound.test.ts [2m([22m[2m22 tests[22m[2m)[22m[32m 87[2mms[22m[39m
2026-10-08T09:55:27.0751248Z  [32m✓[39m lib/api/company-events.test.ts [2m([22m[2m15 tests[22m[2m)[22m[32m 36[2mms[22m[39m
2026-10-08T09:55:27.3749319Z  [32m✓[39m components/company/compose-preview-response.test.tsx [2m([22m[2m19 tests[22m[2m)[22m[33m 1486[2mms[22m[39m
2026-10-08T09:55:29.0661920Z  [32m✓[39m components/company/compose.test.tsx [2m([22m[2m3 tests[22m[2m)[22m[33m 467[2mms[22m[39m
2026-10-08T09:55:29.3381900Z  [32m✓[39m features/company/mailbox-retention.test.tsx [2m([22m[2m24 tests[22m[2m)[22m[33m 1088[2mms[22m[39m
2026-10-08T09:55:30.1445454Z  [32m✓[39m lib/refresh-scope.test.ts [2m([22m[2m6 tests[22m[2m)[22m[32m 22[2mms[22m[39m
2026-10-08T09:55:31.7379444Z  [32m✓[39m components/company/send-policy-review-watermark.test.tsx [2m([22m[2m2 tests[22m[2m)[22m[33m 431[2mms[22m[39m
2026-10-08T09:55:31.7381421Z    [33m[2m✓[22m[39m retains an observed revision high-water mark across 6 to 3 to late 4, while allowing a fresh same-version policy [33m 339[2mms[22m[39m
2026-10-08T09:55:32.1089013Z  [32m✓[39m app/(dashboard)/admin/plans/page.test.tsx [2m([22m[2m2 tests[22m[2m)[22m[33m 395[2mms[22m[39m
2026-10-08T09:55:32.1118412Z      [33m[2m✓[22m[39m 加载列表并支持创建 plan [33m 307[2mms[22m[39m
2026-10-08T09:55:33.3419619Z  [32m✓[39m lib/session-safety.test.ts [2m([22m[2m10 tests[22m[2m)[22m[32m 132[2mms[22m[39m
2026-10-08T09:55:33.4769033Z  [32m✓[39m components/company/domains.test.tsx [2m([22m[2m9 tests[22m[2m)[22m[33m 597[2mms[22m[39m
2026-10-08T09:55:35.7255495Z  [32m✓[39m app/(dashboard)/account/password-bytes.test.tsx [2m([22m[2m21 tests[22m[2m)[22m[33m 1214[2mms[22m[39m
2026-10-08T09:55:36.6431102Z  [32m✓[39m components/company/r5-protocol.test.tsx [2m([22m[2m3 tests[22m[2m)[22m[33m 1865[2mms[22m[39m
2026-10-08T09:55:38.4511590Z  [32m✓[39m app/(dashboard)/admin/monitor/page.test.tsx [2m([22m[2m2 tests[22m[2m)[22m[33m 406[2mms[22m[39m
2026-10-08T09:55:39.1941687Z  [32m✓[39m app/(dashboard)/admin/page.test.tsx [2m([22m[2m1 test[22m[2m)[22m[32m 182[2mms[22m[39m
2026-10-08T09:55:40.1044351Z  [32m✓[39m app/auth/activate/page-session.test.tsx [2m([22m[2m4 tests[22m[2m)[22m[33m 411[2mms[22m[39m
2026-10-08T09:55:40.5799488Z  [32m✓[39m components/company/templates/versions.test.tsx [2m([22m[2m6 tests[22m[2m)[22m[32m 120[2mms[22m[39m
2026-10-08T09:55:41.8286375Z  [32m✓[39m app/(dashboard)/admin/policy/page.test.tsx [2m([22m[2m2 tests[22m[2m)[22m[33m 465[2mms[22m[39m
2026-10-08T09:55:41.8287986Z      [33m[2m✓[22m[39m 支持编辑并保存 SMTP policy [33m 363[2mms[22m[39m
2026-10-08T09:55:41.9368984Z  [32m✓[39m components/company/send-policy.test.tsx [2m([22m[2m6 tests[22m[2m)[22m[32m 286[2mms[22m[39m
2026-10-08T09:55:42.9868994Z  [32m✓[39m lib/api/base-stream.test.ts [2m([22m[2m14 tests[22m[2m)[22m[32m 112[2mms[22m[39m
2026-10-08T09:55:44.2769048Z  [32m✓[39m app/(dashboard)/admin/plans/plan-numeric-input.test.tsx [2m([22m[2m96 tests[22m[2m)[22m[33m 22614[2mms[22m[39m
2026-10-08T09:55:44.2775018Z      [33m[2m✓[22m[39m rejects max_domains blank without sending or discarding the form [33m 633[2mms[22m[39m
2026-10-08T09:55:44.2788316Z      [33m[2m✓[22m[39m rejects max_domains fraction without sending or discarding the form [33m 348[2mms[22m[39m
2026-10-08T09:55:44.2789947Z      [33m[2m✓[22m[39m rejects whitespace and all invalid fields together, then submits a corrected draft [33m 339[2mms[22m[39m
2026-10-08T09:55:44.2791514Z      [33m[2m✓[22m[39m rejects max_mailboxes_per_domain blank without sending or discarding the form [33m 336[2mms[22m[39m
2026-10-08T09:55:44.2792827Z      [33m[2m✓[22m[39m rejects max_mailboxes_per_domain fraction without sending or discarding the form [33m 334[2mms[22m[39m
2026-10-08T09:55:44.2794354Z      [33m[2m✓[22m[39m rejects max_mailboxes_per_domain upper overflow without sending or discarding the form [33m 356[2mms[22m[39m
2026-10-08T09:55:44.2795898Z      [33m[2m✓[22m[39m rejects whitespace and all invalid fields together, then submits a corrected draft [33m 371[2mms[22m[39m
2026-10-08T09:55:44.5503979Z  [32m✓[39m components/company/templates/library-retry-ownership.test.tsx [2m([22m[2m4 tests[22m[2m)[22m[33m 437[2mms[22m[39m
2026-10-08T09:55:45.0245916Z  [32m✓[39m app/(dashboard)/admin/delivery-overflow.test.tsx [2m([22m[2m6 tests[22m[2m)[22m[33m 767[2mms[22m[39m
2026-10-08T09:55:45.0247381Z      [33m[2m✓[22m[39m en identifies the tenant aggregate and its counting scope [33m 326[2mms[22m[39m
2026-10-08T09:55:45.4112746Z  [32m✓[39m lib/wire-response-input.test.ts [2m([22m[2m2 tests[22m[2m)[22m[32m 10[2mms[22m[39m
2026-10-08T09:55:46.3291796Z  [32m✓[39m app/docs/page.test.tsx [2m([22m[2m2 tests[22m[2m)[22m[33m 468[2mms[22m[39m
2026-10-08T09:55:46.3293306Z      [33m[2m✓[22m[39m 支持切换 quickstart 并复制 curl 示例 [33m 389[2mms[22m[39m
2026-10-08T09:55:46.5186068Z  [32m✓[39m components/company/r5-receipt-surface-oracle.test.ts [2m([22m[2m19 tests[22m[2m)[22m[32m 13[2mms[22m[39m
2026-10-08T09:55:46.6700593Z  [32m✓[39m components/auth-dialog.test.tsx [2m([22m[2m1 test[22m[2m)[22m[33m 315[2mms[22m[39m
2026-10-08T09:55:46.6702173Z      [33m[2m✓[22m[39m 支持账号登录并写入 JWT [33m 313[2mms[22m[39m
2026-10-08T09:55:47.5850748Z  [32m✓[39m components/company/r5-permission-contract-oracle.test.ts [2m([22m[2m8 tests[22m[2m)[22m[32m 10[2mms[22m[39m
2026-10-08T09:55:47.8918848Z  [32m✓[39m features/company/offboarding-panel.test.tsx [2m([22m[2m4 tests[22m[2m)[22m[32m 261[2mms[22m[39m
2026-10-08T09:55:48.3772860Z  [32m✓[39m app/auth/activate/page-navigation.test.tsx [2m([22m[2m4 tests[22m[2m)[22m[33m 384[2mms[22m[39m
2026-10-08T09:55:49.1556631Z  [32m✓[39m components/company/grants.test.tsx [2m([22m[2m2 tests[22m[2m)[22m[33m 362[2mms[22m[39m
2026-10-08T09:55:49.4345356Z  [32m✓[39m lib/permissions.test.ts [2m([22m[2m27 tests[22m[2m)[22m[32m 12[2mms[22m[39m
2026-10-08T09:55:50.2657853Z  [32m✓[39m lib/api/event-stream.test.ts [2m([22m[2m10 tests[22m[2m)[22m[32m 85[2mms[22m[39m
2026-10-08T09:55:50.7237984Z  [32m✓[39m lib/settings.test.tsx [2m([22m[2m2 tests[22m[2m)[22m[32m 182[2mms[22m[39m
2026-10-08T09:55:51.4179750Z  [32m✓[39m lib/error-code.test.ts [2m([22m[2m7 tests[22m[2m)[22m[32m 11[2mms[22m[39m
2026-10-08T09:55:52.1113849Z  [32m✓[39m features/company/user-delete-confirmation.test.tsx [2m([22m[2m5 tests[22m[2m)[22m[33m 1643[2mms[22m[39m
2026-10-08T09:55:52.1118398Z      [33m[2m✓[22m[39m refuses missing confirmation [33m 632[2mms[22m[39m
2026-10-08T09:55:52.3548864Z  [32m✓[39m app/page.test.tsx [2m([22m[2m3 tests[22m[2m)[22m[32m 300[2mms[22m[39m
2026-10-08T09:55:52.9628988Z  [32m✓[39m contexts/auth-context.test.tsx [2m([22m[2m2 tests[22m[2m)[22m[32m 269[2mms[22m[39m
2026-10-08T09:55:53.2343111Z  [32m✓[39m components/company/r5-receipt-contract-oracle.test.ts [2m([22m[2m22 tests[22m[2m)[22m[32m 7[2mms[22m[39m
2026-10-08T09:55:54.0308024Z  [32m✓[39m components/company/domain-onboarding.test.tsx [2m([22m[2m1 test[22m[2m)[22m[33m 394[2mms[22m[39m
2026-10-08T09:55:54.0356066Z      [33m[2m✓[22m[39m updates the actual primary-domain selector after verification without reloading the page [33m 392[2mms[22m[39m
2026-10-08T09:55:54.0648916Z  [32m✓[39m lib/utils-confirmation.test.ts [2m([22m[2m16 tests[22m[2m)[22m[32m 10[2mms[22m[39m
2026-10-08T09:55:54.2909162Z  [32m✓[39m lib/api/base.test.ts [2m([22m[2m3 tests[22m[2m)[22m[32m 11[2mms[22m[39m
2026-10-08T09:55:55.2758877Z  [31m❯[39m r5-external-batch-probe.test.tsx [2m([22m[2m1 test[22m[2m | [22m[31m1 failed[39m[2m)[22m[32m 8[2mms[22m[39m
2026-10-08T09:55:55.2760510Z [31m   [31m×[31m R5 batch independent realm loopback PostgreSQL[39m[32m 7[2mms[22m[39m
2026-10-08T09:55:55.4458930Z  [32m✓[39m features/mail/components/rich-message.test.tsx [2m([22m[2m2 tests[22m[2m)[22m[32m 243[2mms[22m[39m
2026-10-08T09:55:55.6538954Z  [32m✓[39m features/company/overview.test.tsx [2m([22m[2m1 test[22m[2m)[22m[32m 209[2mms[22m[39m
2026-10-08T09:55:56.1953031Z  [32m✓[39m lib/compose-identity.test.ts [2m([22m[2m4 tests[22m[2m)[22m[32m 5[2mms[22m[39m
2026-10-08T09:55:56.3981236Z  [32m✓[39m r5-external-runtime-probe.test.tsx [2m([22m[2m1 test[22m[2m)[22m[32m 34[2mms[22m[39m
2026-10-08T09:55:56.4020993Z 
2026-10-08T09:55:56.4021750Z [31m⎯⎯⎯⎯⎯⎯⎯[39m[1m[41m Failed Tests 1 [49m[22m[31m⎯⎯⎯⎯⎯⎯⎯[39m
2026-10-08T09:55:56.4022011Z 
2026-10-08T09:55:56.4024097Z [41m[1m FAIL [22m[49m r5-external-batch-probe.test.tsx[2m > [22mR5 batch independent realm loopback PostgreSQL
2026-10-08T09:55:56.4028479Z [31m[1mError[22m: explicit private fixture required[39m
2026-10-08T09:55:56.4029564Z [36m [2m❯[22m r5-external-batch-probe.test.tsx:[2m9:20[22m[39m
2026-10-08T09:55:56.4051645Z     [90m  7|[39m [34mtest[39m([32m"R5 batch independent realm loopback PostgreSQL"[39m[33m,[39m [35masync[39m () [33m=>[39m {
2026-10-08T09:55:56.4052586Z     [90m  8|[39m   [35mconst[39m path [33m=[39m process[33m.[39menv[33m.[39m[33mTABMAIL_R5_PROTOCOL_COMPONENT_FIXTURE[39m[33m;[39m
2026-10-08T09:55:56.4053751Z     [90m  9|[39m   [35mif[39m ([33m![39mpath) [35mthrow[39m [35mnew[39m [33mError[39m([32m"explicit private fixture required"[39m)[33m;[39m
2026-10-08T09:55:56.4054440Z     [90m   |[39m                    [31m^[39m
2026-10-08T09:55:56.4054952Z     [90m 10|[39m   const fixture: { case_id: string; api_url: string; token: string } =…
2026-10-08T09:55:56.4055800Z     [90m 11|[39m   [34mexpect[39m(process[33m.[39menv[33m.[39m[33mVITEST_WORKER_ID[39m)[33m.[39m[34mtoMatch[39m([36m/^\d+$/[39m)[33m;[39m
2026-10-08T09:55:56.4056201Z 
2026-10-08T09:55:56.4056413Z [31m[2m⎯⎯⎯⎯⎯⎯⎯⎯⎯⎯⎯⎯⎯⎯⎯⎯⎯⎯⎯⎯⎯⎯⎯⎯[1/1]⎯[22m[39m
2026-10-08T09:55:56.4056586Z 
2026-10-08T09:55:56.4056846Z 
2026-10-08T09:55:56.4064849Z [2m Test Files [22m [1m[31m1 failed[39m[22m[2m | [22m[1m[32m103 passed[39m[22m[90m (104)[39m
2026-10-08T09:55:56.4072131Z [2m      Tests [22m [1m[31m1 failed[39m[22m[2m | [22m[1m[32m1758 passed[39m[22m[90m (1759)[39m
2026-10-08T09:55:56.4072862Z [2m   Start at [22m 09:53:46
2026-10-08T09:55:56.4074084Z [2m   Duration [22m 130.23s[2m (transform 3.83s, setup 10.71s, import 41.19s, tests 240.53s, environment 81.86s)[22m
2026-10-08T09:55:56.4075410Z 
2026-10-08T09:55:56.4183461Z JSON report written to /home/runner/work/tabmail/tabmail/frontend-vitest.json
2026-10-08T09:55:56.4620063Z ##[error]Process completed with exit code 1.
2026-10-08T09:55:56.4650086Z ##[group]Run npm run lint
2026-10-08T09:55:56.4650325Z [36;1mnpm run lint[0m
2026-10-08T09:55:56.4704676Z shell: /usr/bin/bash -e {0}
2026-10-08T09:55:56.4704895Z ##[endgroup]
2026-10-08T09:55:56.5505193Z 
2026-10-08T09:55:56.5505711Z > web@0.1.0 lint
2026-10-08T09:55:56.5506061Z > eslint
2026-10-08T09:55:56.5506217Z 
2026-10-08T09:56:08.9067678Z 
2026-10-08T09:56:08.9068828Z /home/runner/work/tabmail/tabmail/web/features/company/profile-management.tsx
2026-10-08T09:56:08.9093582Z ##[warning]  279:36  warning  The ref value 'operation.current' will likely have changed by the time this effect cleanup function runs. If this ref points to a node rendered by React, copy 'operation.current' to a variable inside the effect, and use that variable in the cleanup function  react-hooks/exhaustive-deps
2026-10-08T09:56:08.9095971Z 
2026-10-08T09:56:08.9096458Z /home/runner/work/tabmail/tabmail/web/features/mail/components/submission-content.tsx
2026-10-08T09:56:08.9100282Z ##[warning]  54:43  warning  The ref value 'epoch.current' will likely have changed by the time this effect cleanup function runs. If this ref points to a node rendered by React, copy 'epoch.current' to a variable inside the effect, and use that variable in the cleanup function  react-hooks/exhaustive-deps
2026-10-08T09:56:08.9102065Z 
2026-10-08T09:56:08.9102487Z /home/runner/work/tabmail/tabmail/web/profile-refresh-browser/entry.jsx
2026-10-08T09:56:08.9103846Z ##[warning]  34:11  warning  'expected_revision' is assigned a value but never used  @typescript-eslint/no-unused-vars
2026-10-08T09:56:08.9104846Z 
2026-10-08T09:56:08.9105225Z /home/runner/work/tabmail/tabmail/web/review-independent/entry.jsx
2026-10-08T09:56:08.9106533Z ##[warning]  34:11  warning  'expected_revision' is assigned a value but never used  @typescript-eslint/no-unused-vars
2026-10-08T09:56:08.9107698Z 
2026-10-08T09:56:08.9108187Z ✖ 4 problems (0 errors, 4 warnings)
2026-10-08T09:56:08.9108434Z 
2026-10-08T09:56:09.1441914Z ##[group]Run npm run build
2026-10-08T09:56:09.1442163Z [36;1mnpm run build[0m
2026-10-08T09:56:09.1494937Z shell: /usr/bin/bash -e {0}
2026-10-08T09:56:09.1495166Z ##[endgroup]
2026-10-08T09:56:09.2273309Z 
2026-10-08T09:56:09.2273552Z > web@0.1.0 build
2026-10-08T09:56:09.2273808Z > next build
2026-10-08T09:56:09.2273916Z 
2026-10-08T09:56:09.5145810Z ▲ Next.js 16.3.8 (Turbopack)
2026-10-08T09:56:09.5328047Z ✓ Running next.config.ts took 18ms
2026-10-08T09:56:09.5330098Z ⚠ No build cache found. Please configure build caching for faster rebuilds. Read more: https://nextjs.org/docs/messages/no-cache
2026-10-08T09:56:09.5618899Z Attention: Next.js now collects completely anonymous telemetry regarding usage.
2026-10-08T09:56:09.5619664Z This information is used to shape Next.js' roadmap and prioritize features.
2026-10-08T09:56:09.5620405Z You can learn more, including how to opt-out if you'd not like to participate in this anonymous program, by visiting the following URL:
2026-10-08T09:56:09.5620958Z https://nextjs.org/telemetry
2026-10-08T09:56:09.5621110Z 
2026-10-08T09:56:09.5766015Z 
2026-10-08T09:56:09.6151024Z   Creating an optimized production build ...
2026-10-08T09:56:16.7479988Z ✓ Compiled successfully in 6.8s
2026-10-08T09:56:16.7567856Z   Running TypeScript ...
2026-10-08T09:56:24.6352256Z   Finished TypeScript in 7.9s ...
2026-10-08T09:56:24.6382400Z   Collecting page data using 3 workers ...
2026-10-08T09:56:25.0869363Z   Generating static pages using 3 workers (0/29) ...
2026-10-08T09:56:25.3862855Z   Generating static pages using 3 workers (7/29) 
2026-10-08T09:56:25.3898574Z   Generating static pages using 3 workers (14/29) 
2026-10-08T09:56:25.5052743Z   Generating static pages using 3 workers (21/29) 
2026-10-08T09:56:25.5471431Z ✓ Generating static pages using 3 workers (29/29) in 460ms
2026-10-08T09:56:25.5509272Z   Finalizing page optimization ...
2026-10-08T09:56:26.0502000Z 
2026-10-08T09:56:26.0519170Z Route (app)
2026-10-08T09:56:26.0519705Z ┌ ○ /
2026-10-08T09:56:26.0519948Z ├ ○ /_not-found
2026-10-08T09:56:26.0520172Z ├ ○ /account
2026-10-08T09:56:26.0520366Z ├ ○ /admin
2026-10-08T09:56:26.0520555Z ├ ○ /admin/audit
2026-10-08T09:56:26.0520766Z ├ ○ /admin/domains
2026-10-08T09:56:26.0520972Z ├ ○ /admin/ingest
2026-10-08T09:56:26.0521172Z ├ ○ /admin/monitor
2026-10-08T09:56:26.0521380Z ├ ○ /admin/permissions
2026-10-08T09:56:26.0521600Z ├ ○ /admin/plans
2026-10-08T09:56:26.0521805Z ├ ○ /admin/policy
2026-10-08T09:56:26.0522019Z ├ ○ /admin/settings
2026-10-08T09:56:26.0522222Z ├ ○ /admin/tenants
2026-10-08T09:56:26.0522413Z ├ ○ /admin/users
2026-10-08T09:56:26.0522604Z ├ ○ /admin/webhooks
2026-10-08T09:56:26.0522864Z ├ ○ /auth/activate
2026-10-08T09:56:26.0523114Z ├ ○ /company
2026-10-08T09:56:26.0523402Z ├ ○ /company/access
2026-10-08T09:56:26.0523828Z ├ ○ /company/audit
2026-10-08T09:56:26.0524026Z ├ ○ /company/domains
2026-10-08T09:56:26.0524241Z ├ ○ /company/employees
2026-10-08T09:56:26.0524456Z ├ ○ /company/mailboxes
2026-10-08T09:56:26.0524674Z ├ ○ /company/profiles
2026-10-08T09:56:26.0524883Z ├ ○ /company/recovery
2026-10-08T09:56:26.0525098Z ├ ○ /company/templates
2026-10-08T09:56:26.0525284Z ├ ○ /docs
2026-10-08T09:56:26.0525455Z └ ○ /mail
2026-10-08T09:56:26.0525546Z 
2026-10-08T09:56:26.0525552Z 
2026-10-08T09:56:26.0525736Z ○  (Static)  prerendered as static content
2026-10-08T09:56:26.0525907Z 
2026-10-08T09:56:26.0944588Z ##[group]Run actions/upload-artifact@v4
2026-10-08T09:56:26.0944833Z with:
2026-10-08T09:56:26.0945016Z   name: company-frontend-evidence
2026-10-08T09:56:26.0945371Z   path: frontend-source-sha.txt
frontend-source-version-tests.json
frontend-vitest.json

2026-10-08T09:56:26.0945731Z   if-no-files-found: error
2026-10-08T09:56:26.0945931Z   retention-days: 14
2026-10-08T09:56:26.0946114Z   compression-level: 6
2026-10-08T09:56:26.0946321Z   overwrite: false
2026-10-08T09:56:26.0946503Z   include-hidden-files: false
2026-10-08T09:56:26.0946706Z ##[endgroup]
2026-10-08T09:56:26.2261106Z (node:16163) [DEP0040] DeprecationWarning: The `punycode` module is deprecated. Please use a userland alternative instead.
2026-10-08T09:56:26.2261761Z (Use `node --trace-deprecation ...` to show where the warning was created)
2026-10-08T09:56:26.2304535Z Multiple search paths detected. Calculating the least common ancestor of all paths
2026-10-08T09:56:26.2310227Z The least common ancestor is /home/runner/work/tabmail/tabmail. This will be the root directory of the artifact
2026-10-08T09:56:26.2311087Z With the provided path, there will be 3 files uploaded
2026-10-08T09:56:26.2311759Z Artifact name is valid!
2026-10-08T09:56:26.2312139Z Root directory input is valid!
2026-10-08T09:56:26.5581807Z Beginning upload of artifact content to blob storage
2026-10-08T09:56:26.6124686Z (node:16163) [DEP0169] DeprecationWarning: `url.parse()` behavior is not standardized and prone to errors that have security implications. Use the WHATWG URL API instead. CVEs are not issued for `url.parse()` vulnerabilities.
2026-10-08T09:56:26.9933754Z Uploaded bytes 415630
2026-10-08T09:56:27.0492221Z Finished uploading artifact content to blob storage!
2026-10-08T09:56:27.0492967Z SHA256 digest of uploaded artifact zip is 1ab13d395f6c9e4ad25c6d818998fdb7043501dbd1547a7a49e1b163c9c5c286
2026-10-08T09:56:27.0504323Z Finalizing artifact upload
2026-10-08T09:56:27.2979583Z Artifact company-frontend-evidence.zip successfully finalized. Artifact ID 11542325253
2026-10-08T09:56:27.2980524Z Artifact company-frontend-evidence has been successfully uploaded! Final size is 415630 bytes. Artifact ID is 11542325253
2026-10-08T09:56:27.2985056Z Artifact download URL: https://github.com/jyqj/tabmail/actions/runs/37759167593/artifacts/11542325253
2026-10-08T09:56:27.3148795Z Post job cleanup.
2026-10-08T09:56:27.3814947Z [command]/usr/bin/git version
2026-10-08T09:56:27.3844515Z git version 2.55.0
2026-10-08T09:56:27.3871464Z Temporarily overriding HOME='/home/runner/work/_temp/6ba18276-d99a-416c-b278-0f7b155054de' before making global git config changes
2026-10-08T09:56:27.3872591Z Adding repository directory to the temporary git global config as a safe directory
2026-10-08T09:56:27.3875065Z [command]/usr/bin/git config --global --add safe.directory /home/runner/work/tabmail/tabmail
2026-10-08T09:56:27.3903433Z [command]/usr/bin/git config --local --name-only --get-regexp core\.sshCommand
2026-10-08T09:56:27.3955714Z [command]/usr/bin/git submodule foreach --recursive sh -c "git config --local --name-only --get-regexp 'core\.sshCommand' && git config --local --unset-all 'core.sshCommand' || :"
2026-10-08T09:56:27.4143494Z [command]/usr/bin/git config --local --name-only --get-regexp http\.https\:\/\/github\.com\/\.extraheader
2026-10-08T09:56:27.4169374Z [command]/usr/bin/git submodule foreach --recursive sh -c "git config --local --name-only --get-regexp 'http\.https\:\/\/github\.com\/\.extraheader' && git config --local --unset-all 'http.https://github.com/.extraheader' || :"
2026-10-08T09:56:27.4356069Z [command]/usr/bin/git config --local --name-only --get-regexp ^includeIf\.gitdir:
2026-10-08T09:56:27.4381254Z [command]/usr/bin/git submodule foreach --recursive git config --local --show-origin --name-only --get-regexp remote.origin.url
2026-10-08T09:56:27.4683026Z Cleaning up orphan processes
2026-10-08T09:56:27.4933870Z ##[warning]Node.js 20 is deprecated. The following actions target Node.js 20 but are being forced to run on Node.js 24: actions/checkout@v4, actions/setup-go@v5, actions/setup-node@v4, actions/upload-artifact@v4. For more information see: https://github.blog/changelog/2025-09-19-deprecation-of-node-20-on-github-actions-runners/
