test_action_resource_allowlist_matches_server_and_consumer (test_company_admin_events_contract.CompanyAdminEventsContractTests.test_action_resource_allowlist_matches_server_and_consumer) ... ok
test_exact_wire_fields_match_both_producer_and_consumer (test_company_admin_events_contract.CompanyAdminEventsContractTests.test_exact_wire_fields_match_both_producer_and_consumer) ... ok
test_read_and_frame_fences_are_source_evidence_not_broadcast (test_company_admin_events_contract.CompanyAdminEventsContractTests.test_read_and_frame_fences_are_source_evidence_not_broadcast) ... ok
test_route_sse_frames_and_advisory_last_id (test_company_admin_events_contract.CompanyAdminEventsContractTests.test_route_sse_frames_and_advisory_last_id) ... ok
test_duplicate_go_field_in_one_struct_fails (test_contract_drift.DuplicateDefinitionTests.test_duplicate_go_field_in_one_struct_fails) ... ok
test_duplicate_go_struct_across_files_fails (test_contract_drift.DuplicateDefinitionTests.test_duplicate_go_struct_across_files_fails) ... ok
test_duplicate_ts_field_in_one_interface_fails (test_contract_drift.DuplicateDefinitionTests.test_duplicate_ts_field_in_one_interface_fails) ... ok
test_duplicate_ts_interface_across_files_fails (test_contract_drift.DuplicateDefinitionTests.test_duplicate_ts_interface_across_files_fails) ... ok
test_deleted_go_model_fails (test_contract_drift.FieldSetTests.test_deleted_go_model_fails) ... ok
test_deleted_ts_model_fails (test_contract_drift.FieldSetTests.test_deleted_ts_model_fails) ... ok
test_renamed_go_field_fails (test_contract_drift.FieldSetTests.test_renamed_go_field_fails) ... ok
test_renamed_ts_field_fails (test_contract_drift.FieldSetTests.test_renamed_ts_field_fails) ... ok
test_inline_object_for_unmapped_nested_struct_passes (test_contract_drift.LegalContractTests.test_inline_object_for_unmapped_nested_struct_passes) ... ok
test_legal_contract_passes (test_contract_drift.LegalContractTests.test_legal_contract_passes) ... ok
test_mapped_nested_struct_with_wrong_ts_name_fails (test_contract_drift.NestedReferenceTests.test_mapped_nested_struct_with_wrong_ts_name_fails) ... ok
test_omitempty_value_with_ts_null_fails (test_contract_drift.NullabilityTests.test_omitempty_value_with_ts_null_fails) ... ok
test_pointer_omitempty_must_be_optional_or_nullable (test_contract_drift.NullabilityTests.test_pointer_omitempty_must_be_optional_or_nullable) ... ok
test_pointer_without_omitempty_requires_ts_null (test_contract_drift.NullabilityTests.test_pointer_without_omitempty_requires_ts_null) ... ok
test_value_field_with_ts_null_fails (test_contract_drift.NullabilityTests.test_value_field_with_ts_null_fails) ... ok
test_array_item_drift_fails (test_contract_drift.OpenAPIContractTests.test_array_item_drift_fails) ... ok
test_duplicate_yaml_key_is_rejected (test_contract_drift.OpenAPIContractTests.test_duplicate_yaml_key_is_rejected) ... ok
test_enum_drift_fails (test_contract_drift.OpenAPIContractTests.test_enum_drift_fails) ... ok
test_field_set_drift_fails (test_contract_drift.OpenAPIContractTests.test_field_set_drift_fails) ... ok
test_legal_openapi_contract_passes (test_contract_drift.OpenAPIContractTests.test_legal_openapi_contract_passes) ... ok
test_missing_component_fails (test_contract_drift.OpenAPIContractTests.test_missing_component_fails) ... ok
test_missing_local_reference_fails (test_contract_drift.OpenAPIContractTests.test_missing_local_reference_fails) ... ok
test_nested_reference_drift_fails (test_contract_drift.OpenAPIContractTests.test_nested_reference_drift_fails) ... ok
test_required_drift_fails (test_contract_drift.OpenAPIContractTests.test_required_drift_fails) ... ok
test_required_pointer_must_allow_null (test_contract_drift.OpenAPIContractTests.test_required_pointer_must_allow_null) ... ok
test_scalar_type_and_format_drift_fail (test_contract_drift.OpenAPIContractTests.test_scalar_type_and_format_drift_fail) ... ok
test_typed_map_requires_additional_properties_schema (test_contract_drift.OpenAPIContractTests.test_typed_map_requires_additional_properties_schema) ... ok
test_wrong_openapi_version_is_rejected (test_contract_drift.OpenAPIContractTests.test_wrong_openapi_version_is_rejected) ... ok
test_duplicate_required_is_rejected (test_contract_drift.OpenAPIFailClosedTests.test_duplicate_required_is_rejected) ... ok
test_extra_array_type_is_rejected (test_contract_drift.OpenAPIFailClosedTests.test_extra_array_type_is_rejected) ... ok
test_extra_scalar_type_cannot_hide_behind_expected_type (test_contract_drift.OpenAPIFailClosedTests.test_extra_scalar_type_cannot_hide_behind_expected_type) ... ok
test_legacy_nullable_is_not_json_schema_null (test_contract_drift.OpenAPIFailClosedTests.test_legacy_nullable_is_not_json_schema_null) ... ok
test_malformed_components_is_reported (test_contract_drift.OpenAPIFailClosedTests.test_malformed_components_is_reported) ... ok
test_missing_response_ref_is_rejected (test_contract_drift.OpenAPIFailClosedTests.test_missing_response_ref_is_rejected) ... ok
test_missing_ts_property_is_reported_not_a_key_error (test_contract_drift.OpenAPIFailClosedTests.test_missing_ts_property_is_reported_not_a_key_error) ... ok
test_missing_yaml_dependency_is_reported (test_contract_drift.OpenAPIFailClosedTests.test_missing_yaml_dependency_is_reported) ... ok
test_remote_ref_is_not_silently_unchecked (test_contract_drift.OpenAPIFailClosedTests.test_remote_ref_is_not_silently_unchecked) ... ok
test_unrelated_union_branch_cannot_hide_behind_nested_ref (test_contract_drift.OpenAPIFailClosedTests.test_unrelated_union_branch_cannot_hide_behind_nested_ref) ... ok
test_bool_projection_change_fails (test_contract_drift.ProjectionTests.test_bool_projection_change_fails) ... ok
test_named_string_type_against_number_alias_fails (test_contract_drift.ProjectionTests.test_named_string_type_against_number_alias_fails) ... ok
test_scalar_type_change_fails (test_contract_drift.ProjectionTests.test_scalar_type_change_fails) ... ok
test_slice_element_type_drift_fails (test_contract_drift.ProjectionTests.test_slice_element_type_drift_fails) ... ok
test_slice_without_ts_array_fails (test_contract_drift.ProjectionTests.test_slice_without_ts_array_fails) ... ok
test_unresolvable_alias_fails (test_contract_drift.ProjectionTests.test_unresolvable_alias_fails) ... ok
test_uuid_projected_as_string_change_fails (test_contract_drift.ProjectionTests.test_uuid_projected_as_string_change_fails) ... ok
test_shared_missing_go_is_reported (test_contract_drift.SharedEntryTests.test_shared_missing_go_is_reported) ... ok
test_array_union_cannot_hide_a_non_array_member (test_contract_drift.StrictWireContractTests.test_array_union_cannot_hide_a_non_array_member) ... ok
test_mapped_child_cannot_hide_unchecked_inline_shape (test_contract_drift.StrictWireContractTests.test_mapped_child_cannot_hide_unchecked_inline_shape) ... ok
test_multiline_union_with_leading_pipe_is_legal (test_contract_drift.StrictWireContractTests.test_multiline_union_with_leading_pipe_is_legal) ... ok
test_null_alone_cannot_represent_pointer_value (test_contract_drift.StrictWireContractTests.test_null_alone_cannot_represent_pointer_value) ... ok
test_nullable_does_not_allow_an_omitted_property (test_contract_drift.StrictWireContractTests.test_nullable_does_not_allow_an_omitted_property) ... ok
test_omitted_value_type_must_also_be_optional (test_contract_drift.StrictWireContractTests.test_omitted_value_type_must_also_be_optional) ... ok
test_unbalanced_type_fails_closed (test_contract_drift.StrictWireContractTests.test_unbalanced_type_fails_closed) ... ok
test_union_split_preserves_nested_and_quoted_pipes (test_contract_drift.StrictWireContractTests.test_union_split_preserves_nested_and_quoted_pipes) ... ok
test_boolean_literal_matches_only_same_boolean_enum (test_contract_source_aliases.BooleanLiteralTests.test_boolean_literal_matches_only_same_boolean_enum) ... ok
test_null_only_alias_cannot_stand_for_a_nullable_go_pointer (test_contract_source_aliases.BooleanLiteralTests.test_null_only_alias_cannot_stand_for_a_nullable_go_pointer) ... ok
test_nullable_and_null_only_boolean_aliases_reject_in_both_gates (test_contract_source_aliases.BooleanLiteralTests.test_nullable_and_null_only_boolean_aliases_reject_in_both_gates) ... ok
test_nullable_boolean_alias_matches_nullable_pointer_and_schema (test_contract_source_aliases.BooleanLiteralTests.test_nullable_boolean_alias_matches_nullable_pointer_and_schema) ... ok
test_optional_undefined_alias_keeps_omitempty_but_does_not_invent_null (test_contract_source_aliases.BooleanLiteralTests.test_optional_undefined_alias_keeps_omitempty_but_does_not_invent_null) ... ok
test_required_field_cannot_hide_undefined_or_optional_presence (test_contract_source_aliases.BooleanLiteralTests.test_required_field_cannot_hide_undefined_or_optional_presence) ... ok
test_unconstrained_boolean_is_not_a_false_only_waiver (test_contract_source_aliases.BooleanLiteralTests.test_unconstrained_boolean_is_not_a_false_only_waiver) ... ok
test_unknown_and_non_boolean_ts_types_are_rejected (test_contract_source_aliases.BooleanLiteralTests.test_unknown_and_non_boolean_ts_types_are_rejected) ... ok
test_wrong_missing_duplicate_or_mixed_boolean_enum_rejected (test_contract_source_aliases.BooleanLiteralTests.test_wrong_missing_duplicate_or_mixed_boolean_enum_rejected) ... ok
test_current_bcc_nullable_container_cannot_hide_nullable_address_items (test_contract_source_aliases.CollectionAliasScopeTests.test_current_bcc_nullable_container_cannot_hide_nullable_address_items) ... ok
test_every_array_union_branch_is_checked_not_only_the_first (test_contract_source_aliases.CollectionAliasScopeTests.test_every_array_union_branch_is_checked_not_only_the_first) ... ok
test_nested_array_and_alias_chains_do_not_flatten_element_nullability (test_contract_source_aliases.CollectionAliasScopeTests.test_nested_array_and_alias_chains_do_not_flatten_element_nullability) ... ok
test_optional_container_undefined_permission_does_not_reach_items (test_contract_source_aliases.CollectionAliasScopeTests.test_optional_container_undefined_permission_does_not_reach_items) ... ok
test_pointer_elements_and_nested_arrays_keep_their_own_valid_nullability (test_contract_source_aliases.CollectionAliasScopeTests.test_pointer_elements_and_nested_arrays_keep_their_own_valid_nullability) ... ok
test_record_value_and_nested_array_value_have_independent_null_domains (test_contract_source_aliases.CollectionAliasScopeTests.test_record_value_and_nested_array_value_have_independent_null_domains) ... ok
test_string_and_boolean_array_items_reject_null_and_undefined_aliases (test_contract_source_aliases.CollectionAliasScopeTests.test_string_and_boolean_array_items_reject_null_and_undefined_aliases) ... ok
test_widening_both_ts_and_schema_items_still_cannot_widen_go_scalar (test_contract_source_aliases.CollectionAliasScopeTests.test_widening_both_ts_and_schema_items_still_cannot_widen_go_scalar) ... ok
test_alias_validation_siblings_are_not_discarded (test_contract_source_aliases.SchemaAliasTests.test_alias_validation_siblings_are_not_discarded) ... ok
test_ambiguous_schema_composition_is_rejected (test_contract_source_aliases.SchemaAliasTests.test_ambiguous_schema_composition_is_rejected) ... ok
test_closed_objects_cannot_reenable_extra_properties (test_contract_source_aliases.SchemaAliasTests.test_closed_objects_cannot_reenable_extra_properties) ... ok
test_legacy_outbound_component_is_bound_to_public_projection (test_contract_source_aliases.SchemaAliasTests.test_legacy_outbound_component_is_bound_to_public_projection) ... ok
test_missing_content_bcc_or_completeness_is_rejected (test_contract_source_aliases.SchemaAliasTests.test_missing_content_bcc_or_completeness_is_rejected) ... ok
test_missing_or_non_schema_ref_fails_closed (test_contract_source_aliases.SchemaAliasTests.test_missing_or_non_schema_ref_fails_closed) ... ok
test_ordinary_alias_cannot_gain_content_field (test_contract_source_aliases.SchemaAliasTests.test_ordinary_alias_cannot_gain_content_field) ... ok
test_receipt_and_content_must_remain_independent (test_contract_source_aliases.SchemaAliasTests.test_receipt_and_content_must_remain_independent) ... ok
test_schema_alias_cycle_is_rejected (test_contract_source_aliases.SchemaAliasTests.test_schema_alias_cycle_is_rejected) ... ok
test_alias_chain_can_cross_source_files (test_contract_source_aliases.SourceAliasTests.test_alias_chain_can_cross_source_files) ... ok
test_commented_aliases_cannot_override_sources (test_contract_source_aliases.SourceAliasTests.test_commented_aliases_cannot_override_sources) ... ok
test_duplicate_go_alias_across_files_is_rejected (test_contract_source_aliases.SourceAliasTests.test_duplicate_go_alias_across_files_is_rejected) ... ok
test_duplicate_ts_alias_same_or_different_files_is_rejected (test_contract_source_aliases.SourceAliasTests.test_duplicate_ts_alias_same_or_different_files_is_rejected) ... ok
test_extra_json_field_on_alias_target_is_rejected (test_contract_source_aliases.SourceAliasTests.test_extra_json_field_on_alias_target_is_rejected) ... ok
test_go_alias_and_struct_collision_is_rejected (test_contract_source_aliases.SourceAliasTests.test_go_alias_and_struct_collision_is_rejected) ... ok
test_go_alias_cycle_is_rejected (test_contract_source_aliases.SourceAliasTests.test_go_alias_cycle_is_rejected) ... ok
test_go_alias_string_and_struct_collisions_reject_both_file_orders (test_contract_source_aliases.SourceAliasTests.test_go_alias_string_and_struct_collisions_reject_both_file_orders) ... ok
test_go_and_ts_alias_chains_preserve_fields (test_contract_source_aliases.SourceAliasTests.test_go_and_ts_alias_chains_preserve_fields) ... ok
test_missing_go_target_is_not_a_missing_struct_waiver (test_contract_source_aliases.SourceAliasTests.test_missing_go_target_is_not_a_missing_struct_waiver) ... ok
test_missing_ts_target_fails_closed (test_contract_source_aliases.SourceAliasTests.test_missing_ts_target_fails_closed) ... ok
test_nested_ts_reference_alias_is_equivalent (test_contract_source_aliases.SourceAliasTests.test_nested_ts_reference_alias_is_equivalent) ... ok
test_object_union_field_projection_keeps_optional_counts (test_contract_source_aliases.SourceAliasTests.test_object_union_field_projection_keeps_optional_counts) ... ok
test_qualified_go_alias_is_not_guessed_from_short_name (test_contract_source_aliases.SourceAliasTests.test_qualified_go_alias_is_not_guessed_from_short_name) ... ok
test_ts_alias_cycle_is_rejected (test_contract_source_aliases.SourceAliasTests.test_ts_alias_cycle_is_rejected) ... ok
test_ts_alias_interface_collision_is_rejected (test_contract_source_aliases.SourceAliasTests.test_ts_alias_interface_collision_is_rejected) ... ok
test_unsupported_union_or_duplicate_alias_fields_fail_closed (test_contract_source_aliases.SourceAliasTests.test_unsupported_union_or_duplicate_alias_fields_fail_closed) ... ok
test_additional_test_or_assertion_or_scope_is_rejected (test_go_evidence_integration_current.CurrentNegativeTests.test_additional_test_or_assertion_or_scope_is_rejected) ... ok
test_current_hardfail_exit_zero_is_not_reproduction (test_go_evidence_integration_current.CurrentNegativeTests.test_current_hardfail_exit_zero_is_not_reproduction) ... ok
test_current_missing_dsn_hardfail_is_expected_rejection_not_green (test_go_evidence_integration_current.CurrentNegativeTests.test_current_missing_dsn_hardfail_is_expected_rejection_not_green) ... ok
test_duplicate_concatenated_or_malformed_logs_fail_closed (test_go_evidence_integration_current.CurrentNegativeTests.test_duplicate_concatenated_or_malformed_logs_fail_closed) ... ok
test_exit_one_cannot_replace_any_original_zero_exit_case (test_go_evidence_integration_current.CurrentNegativeTests.test_exit_one_cannot_replace_any_original_zero_exit_case) ... ok
test_hardfail_marker_must_be_exact_single_source_diagnostic (test_go_evidence_integration_current.CurrentNegativeTests.test_hardfail_marker_must_be_exact_single_source_diagnostic) ... ok
test_missing_dsn_selector_is_current_mandatory_legacy_pg (test_go_evidence_integration_current.CurrentNegativeTests.test_missing_dsn_selector_is_current_mandatory_legacy_pg) ... ok
test_original_three_zero_exit_categories_remain_distinct (test_go_evidence_integration_current.CurrentNegativeTests.test_original_three_zero_exit_categories_remain_distinct) ... ok
test_panic_race_timeout_build_failure_or_stderr_are_unknown (test_go_evidence_integration_current.CurrentNegativeTests.test_panic_race_timeout_build_failure_or_stderr_are_unknown) ... ok
test_skip_pass_or_missing_terminal_cannot_replace_current_hardfail (test_go_evidence_integration_current.CurrentNegativeTests.test_skip_pass_or_missing_terminal_cannot_replace_current_hardfail) ... ok
test_strict_gate_pass_or_unclassified_error_is_rejected (test_go_evidence_integration_current.CurrentNegativeTests.test_strict_gate_pass_or_unclassified_error_is_rejected) ... ok
test_zero_tests_can_use_empty_package_skip_but_no_test_skip (test_go_evidence_integration_current.CurrentNegativeTests.test_zero_tests_can_use_empty_package_skip_but_no_test_skip) ... ok
test_build_failure_fails (test_go_test_evidence.EvidenceTests.test_build_failure_fails) ... ok
test_concatenated_runs_fail (test_go_test_evidence.EvidenceTests.test_concatenated_runs_fail) ... ok
test_corrupted_or_non_object_events_fail (test_go_test_evidence.EvidenceTests.test_corrupted_or_non_object_events_fail) ... ok
test_documented_exact_optional_skip_is_reported (test_go_test_evidence.EvidenceTests.test_documented_exact_optional_skip_is_reported) ... ok
test_duplicate_test_run_fails (test_go_test_evidence.EvidenceTests.test_duplicate_test_run_fails) ... ok
test_empty_log_fails (test_go_test_evidence.EvidenceTests.test_empty_log_fails) ... ok
test_empty_package_is_allowed_but_not_substitute_for_required (test_go_test_evidence.EvidenceTests.test_empty_package_is_allowed_but_not_substitute_for_required) ... ok
test_failed_then_passed_cannot_overwrite_failure (test_go_test_evidence.EvidenceTests.test_failed_then_passed_cannot_overwrite_failure) ... ok
test_interleaved_packages_and_subtests (test_go_test_evidence.EvidenceTests.test_interleaved_packages_and_subtests) ... ok
test_invalid_field_types_fail (test_go_test_evidence.EvidenceTests.test_invalid_field_types_fail) ... ok
test_missing_package_completion_fails (test_go_test_evidence.EvidenceTests.test_missing_package_completion_fails) ... ok
test_missing_package_start_fails (test_go_test_evidence.EvidenceTests.test_missing_package_start_fails) ... ok
test_missing_test_completion_fails (test_go_test_evidence.EvidenceTests.test_missing_test_completion_fails) ... ok
test_nonzero_exit_fails_even_with_green_events (test_go_test_evidence.EvidenceTests.test_nonzero_exit_fails_even_with_green_events) ... ok
test_output_pass_text_is_not_a_test (test_go_test_evidence.EvidenceTests.test_output_pass_text_is_not_a_test) ... ok
test_package_failure_fails (test_go_test_evidence.EvidenceTests.test_package_failure_fails) ... ok
test_package_pass_is_not_a_test (test_go_test_evidence.EvidenceTests.test_package_pass_is_not_a_test) ... ok
test_parallel_pause_and_resume (test_go_test_evidence.EvidenceTests.test_parallel_pause_and_resume) ... ok
test_pass_without_run_fails (test_go_test_evidence.EvidenceTests.test_pass_without_run_fails) ... ok
test_real_lifecycle_passes (test_go_test_evidence.EvidenceTests.test_real_lifecycle_passes) ... ok
test_skip_is_not_pass (test_go_test_evidence.EvidenceTests.test_skip_is_not_pass) ... ok
test_skipped_child_is_not_hidden_by_parent_pass (test_go_test_evidence.EvidenceTests.test_skipped_child_is_not_hidden_by_parent_pass) ... ok
test_unexpected_skip_fails_even_if_required_passes (test_go_test_evidence.EvidenceTests.test_unexpected_skip_fails_even_if_required_passes) ... ok
test_unknown_action_fails (test_go_test_evidence.EvidenceTests.test_unknown_action_fails) ... ok
test_wrong_package_does_not_satisfy_identity (test_go_test_evidence.EvidenceTests.test_wrong_package_does_not_satisfy_identity) ... ok
test_empty_or_duplicate_requirements_fail (test_go_test_evidence.ManifestTests.test_empty_or_duplicate_requirements_fail) ... ok
test_invalid_manifest_version_fails (test_go_test_evidence.ManifestTests.test_invalid_manifest_version_fails) ... ok
test_missing_suite_fails (test_go_test_evidence.ManifestTests.test_missing_suite_fails) ... ok
test_optional_overlap_or_no_reason_fails (test_go_test_evidence.ManifestTests.test_optional_overlap_or_no_reason_fails) ... ok
test_valid_manifest (test_go_test_evidence.ManifestTests.test_valid_manifest) ... ok
test_numeric_overflow_cannot_create_nonfinite_json_values (test_http_contract.AdditionalWireSafetyTests.test_numeric_overflow_cannot_create_nonfinite_json_values) ... ok
test_public_cache_directive_cannot_hide_among_download_requirements (test_http_contract.AdditionalWireSafetyTests.test_public_cache_directive_cannot_hide_among_download_requirements) ... ok
test_encoded_body_is_rejected_before_allocation (test_http_contract.CaptureBoundTests.test_encoded_body_is_rejected_before_allocation) ... ok
test_nested_json_is_bounded_before_schema_evaluation (test_http_contract.CaptureBoundTests.test_nested_json_is_bounded_before_schema_evaluation) ... ok
test_absent_stale_empty_or_wrong_producer_capture_fails (test_http_contract.CaptureCompletenessTests.test_absent_stale_empty_or_wrong_producer_capture_fails) ... ok
test_missing_cases_and_duplicate_ids_fail (test_http_contract.CaptureCompletenessTests.test_missing_cases_and_duplicate_ids_fail) ... ok
test_admin_json_response_cannot_replace_sse_media (test_http_contract.CompanyAdminStreamCaptureTests.test_admin_json_response_cannot_replace_sse_media) ... ok
test_admin_missing_or_unterminated_frame_is_not_execution (test_http_contract.CompanyAdminStreamCaptureTests.test_admin_missing_or_unterminated_frame_is_not_execution) ... ok
test_admin_name_on_mailbox_route_cannot_cover_admin_operation (test_http_contract.CompanyAdminStreamCaptureTests.test_admin_name_on_mailbox_route_cannot_cover_admin_operation) ... ok
test_distinct_admin_and_mailbox_sse_captures_pass (test_http_contract.CompanyAdminStreamCaptureTests.test_distinct_admin_and_mailbox_sse_captures_pass) ... ok
test_mailbox_stream_cannot_cover_missing_admin_capture (test_http_contract.CompanyAdminStreamCaptureTests.test_mailbox_stream_cannot_cover_missing_admin_capture) ... ok
test_driver_creates_private_evidence_even_with_permissive_umask (test_http_contract.PrivateEvidenceDirectoryTests.test_driver_creates_private_evidence_even_with_permissive_umask) ... ok
test_normal_process_preserves_actual_exit_without_signals (test_http_contract.ProcessLifetimeTests.test_normal_process_preserves_actual_exit_without_signals) ... ok
test_timeout_terminates_the_child_process_group (test_http_contract.ProcessLifetimeTests.test_timeout_terminates_the_child_process_group) ... ok
test_actual_operation_and_binding_are_one_existing_strict_receipt (test_http_contract.RecipientsAggregateContractTests.test_actual_operation_and_binding_are_one_existing_strict_receipt) ... ok
test_content_authority_does_not_admit_sensitive_or_unknown_fields (test_http_contract.RecipientsAggregateContractTests.test_content_authority_does_not_admit_sensitive_or_unknown_fields) ... ok
test_counts_keep_complete_nonnegative_integer_shape (test_http_contract.RecipientsAggregateContractTests.test_counts_keep_complete_nonnegative_integer_shape) ... ok
test_known_complete_counts_and_unknown_without_counts_pass (test_http_contract.RecipientsAggregateContractTests.test_known_complete_counts_and_unknown_without_counts_pass) ... ok
test_known_missing_counts_and_unknown_fabricated_counts_fail (test_http_contract.RecipientsAggregateContractTests.test_known_missing_counts_and_unknown_fabricated_counts_fail) ... ok
test_nested_progress_counts_and_capabilities_remain_closed (test_http_contract.RecipientsAggregateContractTests.test_nested_progress_counts_and_capabilities_remain_closed) ... ok
test_old_per_address_array_is_not_an_aggregate_receipt (test_http_contract.RecipientsAggregateContractTests.test_old_per_address_array_is_not_an_aggregate_receipt) ... ok
test_ci_does_not_upload_raw_http_responses (test_http_contract.RuntimeEvidencePublicationTests.test_ci_does_not_upload_raw_http_responses) ... ok
test_binary_headers_and_sse_framing (test_http_contract.RuntimeResponseTests.test_binary_headers_and_sse_framing) ... ok
test_capture_types_and_base64_are_strict (test_http_contract.RuntimeResponseTests.test_capture_types_and_base64_are_strict) ... ok
test_false_zero_and_wrong_scalar_are_not_coerced (test_http_contract.RuntimeResponseTests.test_false_zero_and_wrong_scalar_are_not_coerced) ... ok
test_json_duplicates_and_nonfinite_numbers_are_rejected (test_http_contract.RuntimeResponseTests.test_json_duplicates_and_nonfinite_numbers_are_rejected) ... ok
test_missing_required_and_unexpected_field_fail (test_http_contract.RuntimeResponseTests.test_missing_required_and_unexpected_field_fail) ... ok
test_nullable_collection_is_not_an_array (test_http_contract.RuntimeResponseTests.test_nullable_collection_is_not_an_array) ... ok
test_real_format_checks_are_enabled (test_http_contract.RuntimeResponseTests.test_real_format_checks_are_enabled) ... ok
test_remote_refs_are_rejected_before_any_network_access (test_http_contract.RuntimeResponseTests.test_remote_refs_are_rejected_before_any_network_access) ... ok
test_resolves_local_response_and_nested_component_refs (test_http_contract.RuntimeResponseTests.test_resolves_local_response_and_nested_component_refs) ... ok
test_schema_error_messages_do_not_echo_response_content (test_http_contract.RuntimeResponseTests.test_schema_error_messages_do_not_echo_response_content) ... ok
test_secret_fields_fail_even_in_permissive_old_components (test_http_contract.RuntimeResponseTests.test_secret_fields_fail_even_in_permissive_old_components) ... ok
test_status_method_route_and_content_type_are_checked (test_http_contract.RuntimeResponseTests.test_status_method_route_and_content_type_are_checked) ... ok
test_complete_json_event_accepts_lf_and_crlf (test_http_contract.RuntimeSSETests.test_complete_json_event_accepts_lf_and_crlf) ... ok
test_malformed_or_comment_only_sse_is_not_an_event (test_http_contract.RuntimeSSETests.test_malformed_or_comment_only_sse_is_not_an_event) ... ok
test_sse_cache_directives_are_tokens_not_substrings (test_http_contract.RuntimeSSETests.test_sse_cache_directives_are_tokens_not_substrings) ... ok
test_complete_matching_scenario_can_pass (test_http_contract.ScenarioEvidenceTests.test_complete_matching_scenario_can_pass) ... ok
test_duplicate_or_unknown_handler_inventory_is_rejected (test_http_contract.ScenarioEvidenceTests.test_duplicate_or_unknown_handler_inventory_is_rejected) ... ok
test_empty_or_non_company_inventory_cannot_pass (test_http_contract.ScenarioEvidenceTests.test_empty_or_non_company_inventory_cannot_pass) ... ok
test_malformed_inventory_returns_a_failed_report (test_http_contract.ScenarioEvidenceTests.test_malformed_inventory_returns_a_failed_report) ... ok
test_required_names_cannot_substitute_for_status_and_route (test_http_contract.ScenarioEvidenceTests.test_required_names_cannot_substitute_for_status_and_route) ... ok
test_binary_public_directive_cannot_override_private_no_store (test_http_contract.WireSafetyRegressionTests.test_binary_public_directive_cannot_override_private_no_store) ... ok
test_json_exponent_overflow_is_not_finite_json (test_http_contract.WireSafetyRegressionTests.test_json_exponent_overflow_is_not_finite_json) ... ok
test_sse_payload_cannot_bypass_secret_field_check (test_http_contract.WireSafetyRegressionTests.test_sse_payload_cannot_bypass_secret_field_check) ... ok
test_acknowledgement_requires_concrete_data_schema (test_http_response_bindings.CompleteResponseBindingTests.test_acknowledgement_requires_concrete_data_schema) ... ok
test_binary_safety_headers_are_mandatory (test_http_response_bindings.CompleteResponseBindingTests.test_binary_safety_headers_are_mandatory) ... ok
test_every_handler_has_an_explicit_response_contract (test_http_response_bindings.CompleteResponseBindingTests.test_every_handler_has_an_explicit_response_contract) ... ok
test_new_handler_cannot_silently_become_route_only (test_http_response_bindings.CompleteResponseBindingTests.test_new_handler_cannot_silently_become_route_only) ... ok
test_original_mail_is_rfc822_not_generic_binary (test_http_response_bindings.CompleteResponseBindingTests.test_original_mail_is_rfc822_not_generic_binary) ... ok
test_replay_and_new_submission_are_both_checked (test_http_response_bindings.CompleteResponseBindingTests.test_replay_and_new_submission_are_both_checked) ... ok
test_streams_require_correct_content_types (test_http_response_bindings.CompleteResponseBindingTests.test_streams_require_correct_content_types) ... ok
test_catalog_mismatch_precedes_collector (test_i18n_keys.CatalogTests.test_catalog_mismatch_precedes_collector) ... ok
test_empty_scan_fails (test_i18n_keys.CatalogTests.test_empty_scan_fails) ... ok
test_empty_wrong_type_and_bad_values (test_i18n_keys.CatalogTests.test_empty_wrong_type_and_bad_values) ... ok
test_invalid_or_empty_collector_output_fails (test_i18n_keys.CatalogTests.test_invalid_or_empty_collector_output_fails) ... ok
test_malformed_and_duplicate_catalog (test_i18n_keys.CatalogTests.test_malformed_and_duplicate_catalog) ... ok
test_missing_catalog (test_i18n_keys.CatalogTests.test_missing_catalog) ... ok
test_missing_features_key_fails (test_i18n_keys.CatalogTests.test_missing_features_key_fails) ... ok
test_missing_node_fails (test_i18n_keys.CatalogTests.test_missing_node_fails) ... ok
test_missing_source_directory_fails (test_i18n_keys.CatalogTests.test_missing_source_directory_fails) ... ok
test_scan_includes_features_and_hooks_not_generated_or_tests (test_i18n_keys.CatalogTests.test_scan_includes_features_and_hooks_not_generated_or_tests) ... ok
test_strict_utf8 (test_i18n_keys.CatalogTests.test_strict_utf8) ... ok
test_valid_catalog (test_i18n_keys.CatalogTests.test_valid_catalog) ... ok
test_valid_end_to_end_contract (test_i18n_keys.CatalogTests.test_valid_end_to_end_contract) ... ok
test_aliases_and_python_constructors_are_rejected_without_execution (test_openapi_contract.OpenAPIParserSafetyTests.test_aliases_and_python_constructors_are_rejected_without_execution) ... ok
test_refs_use_local_json_pointer_escapes (test_openapi_contract.OpenAPIParserSafetyTests.test_refs_use_local_json_pointer_escapes) ... ok
test_size_and_depth_are_bounded (test_openapi_contract.OpenAPIParserSafetyTests.test_size_and_depth_are_bounded) ... ok
test_every_company_route_is_required (test_openapi_contract.OpenAPIRepositoryTests.test_every_company_route_is_required) ... ok
test_every_mapped_dto_rejects_missing_fields (test_openapi_contract.OpenAPIRepositoryTests.test_every_mapped_dto_rejects_missing_fields) ... ok
test_every_typed_operation_rejects_wrong_dto (test_openapi_contract.OpenAPIRepositoryTests.test_every_typed_operation_rejects_wrong_dto) ... ok
test_extra_undocumented_operation_is_not_ignored (test_openapi_contract.OpenAPIRepositoryTests.test_extra_undocumented_operation_is_not_ignored) ... ok
test_input_cannot_reuse_response_required_fields (test_openapi_contract.OpenAPIRepositoryTests.test_input_cannot_reuse_response_required_fields) ... ok
test_input_route_cannot_reuse_response_dto (test_openapi_contract.OpenAPIRepositoryTests.test_input_route_cannot_reuse_response_dto) ... ok
test_paginated_responses_require_meta (test_openapi_contract.OpenAPIRepositoryTests.test_paginated_responses_require_meta) ... ok
test_real_enum_order_is_not_semantic_drift (test_openapi_contract.OpenAPIRepositoryTests.test_real_enum_order_is_not_semantic_drift) ... ok
test_real_repository_contract (test_openapi_contract.OpenAPIRepositoryTests.test_real_repository_contract) ... ok
test_reconcile_cannot_demand_protocol_response_fields (test_openapi_contract.OpenAPIRepositoryTests.test_reconcile_cannot_demand_protocol_response_fields) ... ok
test_storage_secrets_cannot_be_added_to_company_dtos (test_openapi_contract.OpenAPIRepositoryTests.test_storage_secrets_cannot_be_added_to_company_dtos) ... ok
test_unconfigured_settings_must_allow_null (test_openapi_contract.OpenAPIRepositoryTests.test_unconfigured_settings_must_allow_null) ... ok
test_unknown_inventory_and_malformed_envelope_fail (test_openapi_contract.OpenAPIRepositoryTests.test_unknown_inventory_and_malformed_envelope_fail) ... ok
test_wrong_status_cannot_pass (test_openapi_contract.OpenAPIRepositoryTests.test_wrong_status_cannot_pass) ... ok
test_actual_enums_and_fallback_optional_metadata (test_ordinary_receipt_contract.OrdinaryReceiptContractTests.test_actual_enums_and_fallback_optional_metadata) ... ok
test_all_actual_routes_are_closed_receipt_envelopes (test_ordinary_receipt_contract.OrdinaryReceiptContractTests.test_all_actual_routes_are_closed_receipt_envelopes) ... ok
test_content_bcc_complete_empty_and_legacy_unknown_are_distinct (test_ordinary_receipt_contract.OrdinaryReceiptContractTests.test_content_bcc_complete_empty_and_legacy_unknown_are_distinct) ... ok
test_fresh_typed_shipping_envelope_bytes (test_ordinary_receipt_contract.OrdinaryReceiptContractTests.test_fresh_typed_shipping_envelope_bytes) ... ok
test_inspection_remains_separate (test_ordinary_receipt_contract.OrdinaryReceiptContractTests.test_inspection_remains_separate) ... ok
test_parse_and_typed_closed_field_sets (test_ordinary_receipt_contract.OrdinaryReceiptContractTests.test_parse_and_typed_closed_field_sets) ... ok
test_progress_distinguishes_unknown_from_complete_ledger (test_ordinary_receipt_contract.OrdinaryReceiptContractTests.test_progress_distinguishes_unknown_from_complete_ledger) ... ok
test_sensitive_and_unknown_fields_fail_closed_on_every_route (test_ordinary_receipt_contract.OrdinaryReceiptContractTests.test_sensitive_and_unknown_fields_fail_closed_on_every_route) ... ok
test_document_and_exclusive_response_refs (test_outbound_inspection_contract.OutboundInspectionContractTests.test_document_and_exclusive_response_refs) ... ok
test_dto_tags_required_optional_and_closed_objects (test_outbound_inspection_contract.OutboundInspectionContractTests.test_dto_tags_required_optional_and_closed_objects) ... ok
test_enums_match_projection_including_unknown (test_outbound_inspection_contract.OutboundInspectionContractTests.test_enums_match_projection_including_unknown) ... ok
test_exception_and_acceptance_semantics_are_explicit (test_outbound_inspection_contract.OutboundInspectionContractTests.test_exception_and_acceptance_semantics_are_explicit) ... ok
test_forbidden_model_fields_rejected_at_every_inspection_layer (test_outbound_inspection_contract.OutboundInspectionContractTests.test_forbidden_model_fields_rejected_at_every_inspection_layer) ... ok
test_formal_route_authority_reason_and_strong_errors_unchanged (test_outbound_inspection_contract.OutboundInspectionContractTests.test_formal_route_authority_reason_and_strong_errors_unchanged) ... ok
test_nullable_optional_empty_and_mutation_witnesses (test_outbound_inspection_contract.OutboundInspectionContractTests.test_nullable_optional_empty_and_mutation_witnesses) ... ok
test_numeric_and_enhanced_smtp_codes_are_sanitized_not_raw_diagnostics (test_outbound_inspection_contract.OutboundInspectionContractTests.test_numeric_and_enhanced_smtp_codes_are_sanitized_not_raw_diagnostics) ... ok
test_ordinary_alias_and_nested_inspection_refs_fail (test_outbound_inspection_contract.OutboundInspectionContractTests.test_ordinary_alias_and_nested_inspection_refs_fail) ... ok
test_ordinary_local_refs_fail_explicitly_on_unknown_cycles_and_unsupported (test_outbound_inspection_contract.OutboundInspectionContractTests.test_ordinary_local_refs_fail_explicitly_on_unknown_cycles_and_unsupported) ... ok
test_ordinary_receipt_schemas_not_expanded (test_outbound_inspection_contract.OutboundInspectionContractTests.test_ordinary_receipt_schemas_not_expanded) ... ok
test_ordinary_schema_pollution_fails_at_every_closure_object (test_outbound_inspection_contract.OutboundInspectionContractTests.test_ordinary_schema_pollution_fails_at_every_closure_object) ... ok
test_safe_header_exact_allowlist_no_wildcards_or_secrets (test_outbound_inspection_contract.OutboundInspectionContractTests.test_safe_header_exact_allowlist_no_wildcards_or_secrets) ... ok
test_assignment_intent_requires_both_observations_and_patch (test_permission_editor_contract.PermissionEditorContractTests.test_assignment_intent_requires_both_observations_and_patch) ... ok
test_compound_revision_int64_and_pairing (test_permission_editor_contract.PermissionEditorContractTests.test_compound_revision_int64_and_pairing) ... ok
test_document_and_refs (test_permission_editor_contract.PermissionEditorContractTests.test_document_and_refs) ... ok
test_domain_modes_are_not_empty_allowlist_inference (test_permission_editor_contract.PermissionEditorContractTests.test_domain_modes_are_not_empty_allowlist_inference) ... ok
test_effective_canonical_domain_mode_is_optional_not_inherited (test_permission_editor_contract.PermissionEditorContractTests.test_effective_canonical_domain_mode_is_optional_not_inherited) ... ok
test_field_intent_and_empty_patch (test_permission_editor_contract.PermissionEditorContractTests.test_field_intent_and_empty_patch) ... ok
test_go_dto_json_fields_match_checked_in_schema (test_permission_editor_contract.PermissionEditorContractTests.test_go_dto_json_fields_match_checked_in_schema) ... ok
test_profile_and_assignment_routes_match_real_router (test_permission_editor_contract.PermissionEditorContractTests.test_profile_and_assignment_routes_match_real_router) ... ok
test_profile_preview_confirmation_and_update_shape (test_permission_editor_contract.PermissionEditorContractTests.test_profile_preview_confirmation_and_update_shape) ... ok
test_raw_domain_presence_and_null_are_not_list (test_permission_editor_contract.PermissionEditorContractTests.test_raw_domain_presence_and_null_are_not_list) ... ok
test_retired_unversioned_writes_match_real_handlers (test_permission_editor_contract.PermissionEditorContractTests.test_retired_unversioned_writes_match_real_handlers) ... ok
test_routes_envelopes_and_legacy_reads (test_permission_editor_contract.PermissionEditorContractTests.test_routes_envelopes_and_legacy_reads) ... ok
test_schema_mutations_are_observable (test_permission_editor_contract.PermissionEditorContractTests.test_schema_mutations_are_observable) ... ok
test_snapshot_raw_presence_and_field_sources (test_permission_editor_contract.PermissionEditorContractTests.test_snapshot_raw_presence_and_field_sources) ... ok
test_archive_extra_controls_and_files (test_r5_archive_boundary.ArchiveBoundaryTests.test_archive_extra_controls_and_files) ... ok
test_archive_family_extra_capsule_and_ancestor_symlink (test_r5_archive_boundary.ArchiveBoundaryTests.test_archive_family_extra_capsule_and_ancestor_symlink) ... ok
test_budget_and_unavailable_metadata_fail_closed (test_r5_archive_boundary.ArchiveBoundaryTests.test_budget_and_unavailable_metadata_fail_closed) ... ok
test_descriptor_second_stat_replacement (test_r5_archive_boundary.ArchiveBoundaryTests.test_descriptor_second_stat_replacement) ... ok
test_every_historical_file_byte_delete_rename (test_r5_archive_boundary.ArchiveBoundaryTests.test_every_historical_file_byte_delete_rename) ... ok
test_exact_baseline_hashes_and_six_modules (test_r5_archive_boundary.ArchiveBoundaryTests.test_exact_baseline_hashes_and_six_modules) ... ok
test_import_embed_generate_archive_rejected (test_r5_archive_boundary.ArchiveBoundaryTests.test_import_embed_generate_archive_rejected) ... ok
test_marker_bytes_value_case_directives (test_r5_archive_boundary.ArchiveBoundaryTests.test_marker_bytes_value_case_directives) ... ok
test_marker_deletion_and_module_in_all_roots (test_r5_archive_boundary.ArchiveBoundaryTests.test_marker_deletion_and_module_in_all_roots) ... ok
test_production_all_variants_change_static_domain (test_r5_archive_boundary.ArchiveBoundaryTests.test_production_all_variants_change_static_domain) ... ok
test_read_leaf_replacement_never_opens_fifo_body (test_r5_archive_boundary.ArchiveBoundaryTests.test_read_leaf_replacement_never_opens_fifo_body) ... ok
test_registry_duplicate_traversal_forgery (test_r5_archive_boundary.ArchiveBoundaryTests.test_registry_duplicate_traversal_forgery) ... ok
test_symlink_ancestors_fifo_and_metadata_only (test_r5_archive_boundary.ArchiveBoundaryTests.test_symlink_ancestors_fifo_and_metadata_only) ... ok
test_third_replace (test_r5_archive_boundary.ArchiveBoundaryTests.test_third_replace) ... ok
test_unknown_root_and_ignored_go_not_hidden (test_r5_archive_boundary.ArchiveBoundaryTests.test_unknown_root_and_ignored_go_not_hidden) ... ok
test_compile_failure_is_rejected (test_r5_audit_baseline.AuditEvidenceTests.test_compile_failure_is_rejected) ... ok
test_duplicate_marker_is_rejected (test_r5_audit_baseline.AuditEvidenceTests.test_duplicate_marker_is_rejected) ... ok
test_exact_failures_are_reproduction_not_fix (test_r5_audit_baseline.AuditEvidenceTests.test_exact_failures_are_reproduction_not_fix) ... ok
test_invalid_json_is_not_reproduction (test_r5_audit_baseline.AuditEvidenceTests.test_invalid_json_is_not_reproduction) ... ok
test_missing_test_is_rejected (test_r5_audit_baseline.AuditEvidenceTests.test_missing_test_is_rejected) ... ok
test_setup_failure_is_rejected (test_r5_audit_baseline.AuditEvidenceTests.test_setup_failure_is_rejected) ... ok
test_skip_is_rejected (test_r5_audit_baseline.AuditEvidenceTests.test_skip_is_rejected) ... ok
test_success_is_not_a_baseline_failure (test_r5_audit_baseline.AuditEvidenceTests.test_success_is_not_a_baseline_failure) ... ok
test_zero_tests_is_rejected (test_r5_audit_baseline.AuditEvidenceTests.test_zero_tests_is_rejected) ... ok
test_component_layer_is_exact_and_not_product_success (test_r5_audit_baseline.ComponentEvidenceTests.test_component_layer_is_exact_and_not_product_success) ... ok
test_component_missing_second_case_rejected (test_r5_audit_baseline.ComponentEvidenceTests.test_component_missing_second_case_rejected) ... ok
test_component_setup_failure_rejected (test_r5_audit_baseline.ComponentEvidenceTests.test_component_setup_failure_rejected) ... ok
test_db_marker_cannot_substitute_for_component_execution (test_r5_audit_baseline.ComponentEvidenceTests.test_db_marker_cannot_substitute_for_component_execution) ... ok
test_unknown_layer_rejected (test_r5_audit_baseline.ComponentEvidenceTests.test_unknown_layer_rejected) ... ok
test_current_preparation_contract_cannot_be_missing_or_weakened (test_r5_benchmark.BenchmarkContractTests.test_current_preparation_contract_cannot_be_missing_or_weakened) ... ok
test_duplicate_json_rejected (test_r5_benchmark.BenchmarkContractTests.test_duplicate_json_rejected) ... ok
test_exact_original_wall_disk_budgets_and_clock_contract (test_r5_benchmark.BenchmarkContractTests.test_exact_original_wall_disk_budgets_and_clock_contract) ... ok
test_metrics_workloads_thresholds_cold_and_approval_not_weakened (test_r5_benchmark.BenchmarkContractTests.test_metrics_workloads_thresholds_cold_and_approval_not_weakened) ... ok
test_nonfinite_json_rejected (test_r5_benchmark.BenchmarkContractTests.test_nonfinite_json_rejected) ... ok
test_original_scales_and_no_runtime_registry (test_r5_benchmark.BenchmarkContractTests.test_original_scales_and_no_runtime_registry) ... ok
test_reduced_scale_seed_concurrency_and_shape_rejected (test_r5_benchmark.BenchmarkContractTests.test_reduced_scale_seed_concurrency_and_shape_rejected) ... ok
test_synthetic_dispatch_capacity_keeps_real_disk_margin_gate (test_r5_benchmark.BenchmarkContractTests.test_synthetic_dispatch_capacity_keeps_real_disk_margin_gate) ... ok
test_current_closure_blocks_legacy_method_identity_until_explicit_migration (test_r5_benchmark.BenchmarkCurrentSourcePolicyTests.test_current_closure_blocks_legacy_method_identity_until_explicit_migration) ... ok
test_runner_default_overrides_ambient_optin_and_selected_source_must_match (test_r5_benchmark.BenchmarkCurrentSourcePolicyTests.test_runner_default_overrides_ambient_optin_and_selected_source_must_match) ... ok
test_M_search_threshold_preserved (test_r5_benchmark.BenchmarkEvidenceTests.test_M_search_threshold_preserved) ... ok
test_actual_claim_digest_inflight_and_sixstream_evidence_required (test_r5_benchmark.BenchmarkEvidenceTests.test_actual_claim_digest_inflight_and_sixstream_evidence_required) ... ok
test_actual_distribution_and_fingerprints_rejected (test_r5_benchmark.BenchmarkEvidenceTests.test_actual_distribution_and_fingerprints_rejected) ... ok
test_actual_plan_metadata_and_resource_scope_rejected (test_r5_benchmark.BenchmarkEvidenceTests.test_actual_plan_metadata_and_resource_scope_rejected) ... ok
test_actual_plan_relation_not_quota_or_parameter_substring (test_r5_benchmark.BenchmarkEvidenceTests.test_actual_plan_relation_not_quota_or_parameter_substring) ... ok
test_complete_tool_pipeline_and_workloads_still_not_S_M (test_r5_benchmark.BenchmarkEvidenceTests.test_complete_tool_pipeline_and_workloads_still_not_S_M) ... ok
test_current_pipeline_observation_absence_is_rejected (test_r5_benchmark.BenchmarkEvidenceTests.test_current_pipeline_observation_absence_is_rejected) ... ok
test_current_schema_cannot_relabel_schema16_preparation (test_r5_benchmark.BenchmarkEvidenceTests.test_current_schema_cannot_relabel_schema16_preparation) ... ok
test_current_schema_cannot_select_frozen_legacy_exemption (test_r5_benchmark.BenchmarkEvidenceTests.test_current_schema_cannot_select_frozen_legacy_exemption) ... ok
test_direct_pipeline_shapes_tool_S_M_preserve_population_boundaries (test_r5_benchmark.BenchmarkEvidenceTests.test_direct_pipeline_shapes_tool_S_M_preserve_population_boundaries) ... ok
test_formal_parser_drain_observations_cannot_be_echo_or_unjoined (test_r5_benchmark.BenchmarkEvidenceTests.test_formal_parser_drain_observations_cannot_be_echo_or_unjoined) ... ok
test_missing_zero_duplicate_nonfinite_measurements_rejected (test_r5_benchmark.BenchmarkEvidenceTests.test_missing_zero_duplicate_nonfinite_measurements_rejected) ... ok
test_new_execution_requires_actual_wall_and_sample_clock (test_r5_benchmark.BenchmarkEvidenceTests.test_new_execution_requires_actual_wall_and_sample_clock) ... ok
test_observation_and_safety_scope_rejected (test_r5_benchmark.BenchmarkEvidenceTests.test_observation_and_safety_scope_rejected) ... ok
test_parser_guard_requires_actual_minimum_and_original_deadline (test_r5_benchmark.BenchmarkEvidenceTests.test_parser_guard_requires_actual_minimum_and_original_deadline) ... ok
test_partial_or_fake_shape_does_not_certify_scale (test_r5_benchmark.BenchmarkEvidenceTests.test_partial_or_fake_shape_does_not_certify_scale) ... ok
test_pipeline_actual_claim_counts_pairing_and_heap_rejected (test_r5_benchmark.BenchmarkEvidenceTests.test_pipeline_actual_claim_counts_pairing_and_heap_rejected) ... ok
test_pipeline_checkpoint_missing_duplicate_unknown_or_wrong_phase_rejected (test_r5_benchmark.BenchmarkEvidenceTests.test_pipeline_checkpoint_missing_duplicate_unknown_or_wrong_phase_rejected) ... ok
test_pipeline_duplicate_json_and_cli_absence_fail_closed (test_r5_benchmark.BenchmarkEvidenceTests.test_pipeline_duplicate_json_and_cli_absence_fail_closed) ... ok
test_pipeline_stage_wall_cannot_escape_actual_execution_wall (test_r5_benchmark.BenchmarkEvidenceTests.test_pipeline_stage_wall_cannot_escape_actual_execution_wall) ... ok
test_pipeline_window_terminal_and_illegal_number_rejected (test_r5_benchmark.BenchmarkEvidenceTests.test_pipeline_window_terminal_and_illegal_number_rejected) ... ok
test_preparation_explain_must_be_actual_mail_index_jobs_plan_tree (test_r5_benchmark.BenchmarkEvidenceTests.test_preparation_explain_must_be_actual_mail_index_jobs_plan_tree) ... ok
test_schema16_fixture_cannot_bypass_current_migration_source (test_r5_benchmark.BenchmarkEvidenceTests.test_schema16_fixture_cannot_bypass_current_migration_source) ... ok
test_schema16_fixture_metadata_and_source_are_explicit (test_r5_benchmark.BenchmarkEvidenceTests.test_schema16_fixture_metadata_and_source_are_explicit) ... ok
test_schema16_negative_reaches_checkpoint_validation (test_r5_benchmark.BenchmarkEvidenceTests.test_schema16_negative_reaches_checkpoint_validation) ... ok
test_strict_types_unknown_sampling_schema_and_tool_mode (test_r5_benchmark.BenchmarkEvidenceTests.test_strict_types_unknown_sampling_schema_and_tool_mode) ... ok
test_tool_only_shape_never_certifies_original_scale (test_r5_benchmark.BenchmarkEvidenceTests.test_tool_only_shape_never_certifies_original_scale) ... ok
test_tool_resources_seed_and_sampling_unknown_rejected (test_r5_benchmark.BenchmarkEvidenceTests.test_tool_resources_seed_and_sampling_unknown_rejected) ... ok
test_validated_shape_still_not_task_or_product_approval (test_r5_benchmark.BenchmarkEvidenceTests.test_validated_shape_still_not_task_or_product_approval) ... ok
test_validator_required_fields_match_actual_Go_preparation_json (test_r5_benchmark.BenchmarkEvidenceTests.test_validator_required_fields_match_actual_Go_preparation_json) ... ok
test_archive_old_S_admitted_from_exact_frozen_bytes_not_current_METHOD (test_r5_benchmark.BenchmarkLookaheadMAdmissionTests.test_archive_old_S_admitted_from_exact_frozen_bytes_not_current_METHOD) ... ok
test_current_M_allowed_exact_budget_population_and_L_rejected (test_r5_benchmark.BenchmarkLookaheadMAdmissionTests.test_current_M_allowed_exact_budget_population_and_L_rejected) ... ok
test_current_M_legacy_method_requires_policy_migration_without_dispatch_or_L (test_r5_benchmark.BenchmarkLookaheadMAdmissionTests.test_current_M_legacy_method_requires_policy_migration_without_dispatch_or_L) ... ok
test_historical_S_contract_digest_bound_not_current_or_schema_exemption (test_r5_benchmark.BenchmarkLookaheadMAdmissionTests.test_historical_S_contract_digest_bound_not_current_or_schema_exemption) ... ok
test_actual_permutation_fifo_fairness_mailbox_mapping_and_diversity_rejected (test_r5_benchmark.BenchmarkLookaheadTests.test_actual_permutation_fifo_fairness_mailbox_mapping_and_diversity_rejected) ... ok
test_actual_pg_observation_not_metadata_or_uid_equivalence_claim (test_r5_benchmark.BenchmarkLookaheadTests.test_actual_pg_observation_not_metadata_or_uid_equivalence_claim) ... ok
test_archived_selection_exact_source_method_contract_argv_environment (test_r5_benchmark.BenchmarkLookaheadTests.test_archived_selection_exact_source_method_contract_argv_environment) ... ok
test_cli_invalid_or_missing_optin_contract_rejected_without_go (test_r5_benchmark.BenchmarkLookaheadTests.test_cli_invalid_or_missing_optin_contract_rejected_without_go) ... ok
test_default_v1_and_history_cannot_auto_select_or_accept_new_fields (test_r5_benchmark.BenchmarkLookaheadTests.test_default_v1_and_history_cannot_auto_select_or_accept_new_fields) ... ok
test_explicit_contract_population_and_non_equivalence_boundary (test_r5_benchmark.BenchmarkLookaheadTests.test_explicit_contract_population_and_non_equivalence_boundary) ... ok
test_new_original_S_complete_grammar_preserves_all_workloads_and_not_approval (test_r5_benchmark.BenchmarkLookaheadTests.test_new_original_S_complete_grammar_preserves_all_workloads_and_not_approval) ... ok
test_pseudo_history_and_duplicate_selection_json_rejected (test_r5_benchmark.BenchmarkLookaheadTests.test_pseudo_history_and_duplicate_selection_json_rejected) ... ok
test_scheduler_complete_joined_counts_and_numeric_aliases_rejected (test_r5_benchmark.BenchmarkLookaheadTests.test_scheduler_complete_joined_counts_and_numeric_aliases_rejected) ... ok
test_unknown_missing_duplicate_and_type_alias_method_contract_rejected (test_r5_benchmark.BenchmarkLookaheadTests.test_unknown_missing_duplicate_and_type_alias_method_contract_rejected) ... ok
test_backwards_wall_clock_rejects_instead_of_extending_budget (test_r5_benchmark.BenchmarkProcessTests.test_backwards_wall_clock_rejects_instead_of_extending_budget) ... ok
test_changed_sigchld_cannot_turn_echild_into_fabricated_zero (test_r5_benchmark.BenchmarkProcessTests.test_changed_sigchld_cannot_turn_echild_into_fabricated_zero) ... ok
test_cleanup_eperm_keeps_actual_exit_and_error_receipt (test_r5_benchmark.BenchmarkProcessTests.test_cleanup_eperm_keeps_actual_exit_and_error_receipt) ... ok
test_cleanup_live_eperm_or_join_unknown_never_fabricates_exit (test_r5_benchmark.BenchmarkProcessTests.test_cleanup_live_eperm_or_join_unknown_never_fabricates_exit) ... ok
test_cleanup_missing_or_reused_identity_never_signals_foreign_group (test_r5_benchmark.BenchmarkProcessTests.test_cleanup_missing_or_reused_identity_never_signals_foreign_group) ... ok
test_go_protocol_rejects_skips_missing_duplicate_and_wrong_package (test_r5_benchmark.BenchmarkProcessTests.test_go_protocol_rejects_skips_missing_duplicate_and_wrong_package) ... ok
test_no_git_metadata_is_not_a_fabricated_head (test_r5_benchmark.BenchmarkProcessTests.test_no_git_metadata_is_not_a_fabricated_head) ... ok
test_nondefault_sigchld_and_untrusted_anchor_fail_closed (test_r5_benchmark.BenchmarkProcessTests.test_nondefault_sigchld_and_untrusted_anchor_fail_closed) ... ok
test_observed_exit_and_nondefault_sigchld_never_signal_reused_group (test_r5_benchmark.BenchmarkProcessTests.test_observed_exit_and_nondefault_sigchld_never_signal_reused_group) ... ok
test_raw_rfc3339_wall_budget_includes_suspend (test_r5_benchmark.BenchmarkProcessTests.test_raw_rfc3339_wall_budget_includes_suspend) ... ok
test_real_finished_process_success_and_receipt (test_r5_benchmark.BenchmarkProcessTests.test_real_finished_process_success_and_receipt) ... ok
test_real_timeout_terminal_leader_keeps_group_identity_until_kill (test_r5_benchmark.BenchmarkProcessTests.test_real_timeout_terminal_leader_keeps_group_identity_until_kill) ... ok
test_resume_wall_jump_rejects_even_if_process_already_finished (test_r5_benchmark.BenchmarkProcessTests.test_resume_wall_jump_rejects_even_if_process_already_finished) ... ok
test_source_closure_tracks_dependencies_and_content_drift (test_r5_benchmark.BenchmarkProcessTests.test_source_closure_tracks_dependencies_and_content_drift) ... ok
test_spawn_failure_preserves_unknown_receipt (test_r5_benchmark.BenchmarkProcessTests.test_spawn_failure_preserves_unknown_receipt) ... ok
test_timeout_kills_owned_descendant_and_preserves_output (test_r5_benchmark.BenchmarkProcessTests.test_timeout_kills_owned_descendant_and_preserves_output) ... ok
test_actual_receipt_native_proof_not_synthetic_old_proof_or_current_source (test_r5_benchmark.BenchmarkRegistryAdapterTests.test_actual_receipt_native_proof_not_synthetic_old_proof_or_current_source) ... ok
test_archive_safe_empty_directories_only_not_links_duplicates_or_unsafe_paths (test_r5_benchmark.BenchmarkRegistryAdapterTests.test_archive_safe_empty_directories_only_not_links_duplicates_or_unsafe_paths) ... ok
test_delivered_review_is_original_payload_bytes_not_refilled_wrapper (test_r5_benchmark.BenchmarkRegistryAdapterTests.test_delivered_review_is_original_payload_bytes_not_refilled_wrapper) ... ok
test_legacy_embedded_review_only_exact_S2_version_not_unknown_or_future_M (test_r5_benchmark.BenchmarkRegistryAdapterTests.test_legacy_embedded_review_only_exact_S2_version_not_unknown_or_future_M) ... ok
test_multiple_distinct_S_identities_and_duplicate_alias_run_rejected (test_r5_benchmark.BenchmarkRegistryAdapterTests.test_multiple_distinct_S_identities_and_duplicate_alias_run_rejected) ... ok
test_only_explicit_known_review_version_tuple_and_fields_admitted (test_r5_benchmark.BenchmarkRegistryAdapterTests.test_only_explicit_known_review_version_tuple_and_fields_admitted) ... ok
test_raw_exit_integer_bytes_do_not_accept_float_boolean_or_alias (test_r5_benchmark.BenchmarkRegistryAdapterTests.test_raw_exit_integer_bytes_do_not_accept_float_boolean_or_alias) ... ok
test_result_sidecar_exact_actual_members_source_not_archive_digest_substitute (test_r5_benchmark.BenchmarkRegistryAdapterTests.test_result_sidecar_exact_actual_members_source_not_archive_digest_substitute) ... ok
test_actual_typed_M_failure_packet_positive_and_bound_negative_evidence (test_r5_benchmark.BenchmarkRegistryClockAndMFailureTests.test_actual_typed_M_failure_packet_positive_and_bound_negative_evidence) ... ok
test_known_summary_clock_scopes_are_bound_not_forced_equal (test_r5_benchmark.BenchmarkRegistryClockAndMFailureTests.test_known_summary_clock_scopes_are_bound_not_forced_equal) ... ok
test_typed_M_failure_version_exact_failed_role_not_S_schema17_or_fake_metrics (test_r5_benchmark.BenchmarkRegistryClockAndMFailureTests.test_typed_M_failure_version_exact_failed_role_not_S_schema17_or_fake_metrics) ... ok
test_missing_unknown_duplicate_or_wrong_delivery_proof_rejected (test_r5_benchmark.BenchmarkRegistryFixtureReferenceTests.test_missing_unknown_duplicate_or_wrong_delivery_proof_rejected) ... ok
test_old_author_archive_manifest_binding_not_arbitrary_row (test_r5_benchmark.BenchmarkRegistryFixtureReferenceTests.test_old_author_archive_manifest_binding_not_arbitrary_row) ... ok
test_original_source_population_path_and_declared_archive_null_rejected (test_r5_benchmark.BenchmarkRegistryFixtureReferenceTests.test_original_source_population_path_and_declared_archive_null_rejected) ... ok
test_safe_delivery_and_unchanged_author_receipt_shapes (test_r5_benchmark.BenchmarkRegistryFixtureReferenceTests.test_safe_delivery_and_unchanged_author_receipt_shapes) ... ok
test_failed_attempt_uses_actual_raw_exit_and_source (test_r5_benchmark.BenchmarkRegistryTests.test_failed_attempt_uses_actual_raw_exit_and_source) ... ok
test_failed_population_float_and_fake_product_green_rejected (test_r5_benchmark.BenchmarkRegistryTests.test_failed_population_float_and_fake_product_green_rejected) ... ok
test_fake_flags_tool_only_and_source_identity_rejected (test_r5_benchmark.BenchmarkRegistryTests.test_fake_flags_tool_only_and_source_identity_rejected) ... ok
test_frozen_S2_must_not_be_backfilled_with_new_pipeline_metadata (test_r5_benchmark.BenchmarkRegistryTests.test_frozen_S2_must_not_be_backfilled_with_new_pipeline_metadata) ... ok
test_historical_contract_and_schema_not_current_metadata (test_r5_benchmark.BenchmarkRegistryTests.test_historical_contract_and_schema_not_current_metadata) ... ok
test_missing_history_or_archive_and_failed_attempt_not_success (test_r5_benchmark.BenchmarkRegistryTests.test_missing_history_or_archive_and_failed_attempt_not_success) ... ok
test_missing_original_result_not_a_green_review (test_r5_benchmark.BenchmarkRegistryTests.test_missing_original_result_not_a_green_review) ... ok
test_missing_raw_runner_exit_cannot_be_inferred_from_go (test_r5_benchmark.BenchmarkRegistryTests.test_missing_raw_runner_exit_cannot_be_inferred_from_go) ... ok
test_original_command_cannot_extend_frozen_go_timeout (test_r5_benchmark.BenchmarkRegistryTests.test_original_command_cannot_extend_frozen_go_timeout) ... ok
test_preflight_population_budget_and_artifact_hashes_rejected (test_r5_benchmark.BenchmarkRegistryTests.test_preflight_population_budget_and_artifact_hashes_rejected) ... ok
test_raw_exit_failure_cannot_be_hidden_by_passed_review (test_r5_benchmark.BenchmarkRegistryTests.test_raw_exit_failure_cannot_be_hidden_by_passed_review) ... ok
test_raw_host_suspend_budget_cannot_hide_under_go_elapsed (test_r5_benchmark.BenchmarkRegistryTests.test_raw_host_suspend_budget_cannot_hide_under_go_elapsed) ... ok
test_raw_source_and_process_protocol_not_only_hashes (test_r5_benchmark.BenchmarkRegistryTests.test_raw_source_and_process_protocol_not_only_hashes) ... ok
test_real_success_and_failed_attempts_are_not_static_empty_registry (test_r5_benchmark.BenchmarkRegistryTests.test_real_success_and_failed_attempts_are_not_static_empty_registry) ... ok
test_source_closure_digest_not_just_declared_source (test_r5_benchmark.BenchmarkRegistryTests.test_source_closure_digest_not_just_declared_source) ... ok
test_tool_only_marker_on_original_scale_result_rejected (test_r5_benchmark.BenchmarkRegistryTests.test_tool_only_marker_on_original_scale_result_rejected) ... ok
test_unknown_failed_variant_never_becomes_success (test_r5_benchmark.BenchmarkRegistryTests.test_unknown_failed_variant_never_becomes_success) ... ok
test_unknown_failed_variant_preserves_exact_original_provenance (test_r5_benchmark.BenchmarkRegistryTests.test_unknown_failed_variant_preserves_exact_original_provenance) ... ok
test_unknown_failed_variant_rejection_must_be_actual_eperm (test_r5_benchmark.BenchmarkRegistryTests.test_unknown_failed_variant_rejection_must_be_actual_eperm) ... ok
test_unknown_failed_variant_rejects_terminal_go_or_missing_exit_key (test_r5_benchmark.BenchmarkRegistryTests.test_unknown_failed_variant_rejects_terminal_go_or_missing_exit_key) ... ok
test_unknown_failed_variant_requires_raw_rejection_and_absence (test_r5_benchmark.BenchmarkRegistryTests.test_unknown_failed_variant_requires_raw_rejection_and_absence) ... ok
test_canonical_identity_derived_from_actual_frozen_mapping (test_r5_benchmark.BenchmarkSourceIdentityTests.test_canonical_identity_derived_from_actual_frozen_mapping) ... ok
test_canonical_identity_protected_files_actual_schema_and_mapping_required (test_r5_benchmark.BenchmarkSourceIdentityTests.test_canonical_identity_protected_files_actual_schema_and_mapping_required) ... ok
test_canonical_proof_binds_original_receipt_not_rewritten_metadata (test_r5_benchmark.BenchmarkSourceIdentityTests.test_canonical_proof_binds_original_receipt_not_rewritten_metadata) ... ok
test_canonical_proof_requires_exact_original_algorithm_bytes_and_semantics (test_r5_benchmark.BenchmarkSourceIdentityTests.test_canonical_proof_requires_exact_original_algorithm_bytes_and_semantics) ... ok
test_unknown_kind_arbitrary_label_pseudo_Git_and_closure_hash_rejected (test_r5_benchmark.BenchmarkSourceIdentityTests.test_unknown_kind_arbitrary_label_pseudo_Git_and_closure_hash_rejected) ... ok
test_archive_guard_order_and_version_dispatch (test_r5_ci_wiring.R5CIWiringTests.test_archive_guard_order_and_version_dispatch) ... ok
test_existing_jobs_toolchain_and_timer_mode (test_r5_ci_wiring.R5CIWiringTests.test_existing_jobs_toolchain_and_timer_mode) ... ok
test_pr_base_boundary_is_shared (test_r5_ci_wiring.R5CIWiringTests.test_pr_base_boundary_is_shared) ... ok
test_push_remains_main_only_and_no_privileged_event (test_r5_ci_wiring.R5CIWiringTests.test_push_remains_main_only_and_no_privileged_event) ... ok
test_read_only_checkout_and_exact_source_archive (test_r5_ci_wiring.R5CIWiringTests.test_read_only_checkout_and_exact_source_archive) ... ok
test_atomic_final_receipt_actual_alarm_never_leaves_machine_pass (test_r5_cold_web.ColdWebTests.test_atomic_final_receipt_actual_alarm_never_leaves_machine_pass) ... ok
test_atomic_hard_expiry_interrupts_raw_read_without_unbounded_failure_io (test_r5_cold_web.ColdWebTests.test_atomic_hard_expiry_interrupts_raw_read_without_unbounded_failure_io) ... ok
test_atomic_observe_expiry_propagates_and_failure_io_stays_hard_bounded (test_r5_cold_web.ColdWebTests.test_atomic_observe_expiry_propagates_and_failure_io_stays_hard_bounded) ... ok
test_atomic_parser_is_under_alarm_before_constructor_path_work (test_r5_cold_web.ColdWebTests.test_atomic_parser_is_under_alarm_before_constructor_path_work) ... ok
test_atomic_post_publication_baseexceptions_revoke_without_machine_pass (test_r5_cold_web.ColdWebTests.test_atomic_post_publication_baseexceptions_revoke_without_machine_pass) ... ok
test_atomic_post_publication_failure_revokes_machine_pass (test_r5_cold_web.ColdWebTests.test_atomic_post_publication_failure_revokes_machine_pass) ... ok
test_atomic_success_publishes_once_only_after_complete_receipts (test_r5_cold_web.ColdWebTests.test_atomic_success_publishes_once_only_after_complete_receipts) ... ok
test_atomic_timeout_abbreviation_is_rejected_before_capture (test_r5_cold_web.ColdWebTests.test_atomic_timeout_abbreviation_is_rejected_before_capture) ... ok
test_cli_absolute_deadline_interrupts_slow_capture_without_node (test_r5_cold_web.ColdWebTests.test_cli_absolute_deadline_interrupts_slow_capture_without_node) ... ok
test_deadline_between_cleanup_probes_persists_unknown_not_absence (test_r5_cold_web.ColdWebTests.test_deadline_between_cleanup_probes_persists_unknown_not_absence) ... ok
test_dirty_capture_drift_refused (test_r5_cold_web.ColdWebTests.test_dirty_capture_drift_refused) ... ok
test_dirty_lockfile_and_bypassed_build_script_refused (test_r5_cold_web.ColdWebTests.test_dirty_lockfile_and_bypassed_build_script_refused) ... ok
test_environment_is_allowlisted_and_uses_private_empty_caches (test_r5_cold_web.ColdWebTests.test_environment_is_allowlisted_and_uses_private_empty_caches) ... ok
test_execute_cli_passes_only_matching_prepared_identity (test_r5_cold_web.ColdWebTests.test_execute_cli_passes_only_matching_prepared_identity) ... ok
test_execute_cli_rejects_source_identity_drift_before_npm (test_r5_cold_web.ColdWebTests.test_execute_cli_rejects_source_identity_drift_before_npm) ... ok
test_execute_inherits_capture_deadline_without_fresh_budget (test_r5_cold_web.ColdWebTests.test_execute_inherits_capture_deadline_without_fresh_budget) ... ok
test_execute_requires_window_and_explicit_tool_path (test_r5_cold_web.ColdWebTests.test_execute_requires_window_and_explicit_tool_path) ... usage: run_r5_source_version_tests.py [-h] [--repo REPO] --output-dir
                                      OUTPUT_DIR [--dirty-file DIRTY_FILE]
                                      [--execute]
                                      [--runtime-window RUNTIME_WINDOW]
                                      [--node-bin NODE_BIN]
                                      [--expected-source-identity EXPECTED_SOURCE_IDENTITY]
                                      [--timeout-seconds TIMEOUT_SECONDS]
                                      [--total-timeout-seconds TOTAL_TIMEOUT_SECONDS]
run_r5_source_version_tests.py: error: --execute requires runtime-owner window, trusted --node-bin and --expected-source-identity
ok
test_existing_alarm_is_not_overwritten (test_r5_cold_web.ColdWebTests.test_existing_alarm_is_not_overwritten) ... ok
test_explicit_dirty_overlay_untracked_and_delete (test_r5_cold_web.ColdWebTests.test_explicit_dirty_overlay_untracked_and_delete) ... ok
test_failed_build_preserves_red_raw_and_exit (test_r5_cold_web.ColdWebTests.test_failed_build_preserves_red_raw_and_exit) ... ok
test_fake_build_command_receipts_are_exact_and_not_shipping_browser_G0 (test_r5_cold_web.ColdWebTests.test_fake_build_command_receipts_are_exact_and_not_shipping_browser_G0) ... ok
test_group_probe_timeout_clips_remaining_and_expired_is_unknown (test_r5_cold_web.ColdWebTests.test_group_probe_timeout_clips_remaining_and_expired_is_unknown) ... ok
test_interruption_persists_current_group_cleanup_in_terminal_receipt (test_r5_cold_web.ColdWebTests.test_interruption_persists_current_group_cleanup_in_terminal_receipt) ... ok
test_lifecycle_timeout_cannot_leave_earlier_execution_pass_admitted (test_r5_cold_web.ColdWebTests.test_lifecycle_timeout_cannot_leave_earlier_execution_pass_admitted) ... ok
test_missing_extra_and_duplicate_review_rejected (test_r5_cold_web.ColdWebTests.test_missing_extra_and_duplicate_review_rejected) ... ok
test_output_refuses_existing_checkout_and_non_temporary_path (test_r5_cold_web.ColdWebTests.test_output_refuses_existing_checkout_and_non_temporary_path) ... ok
test_owned_child_group_cleanup_even_when_leader_exits_zero (test_r5_cold_web.ColdWebTests.test_owned_child_group_cleanup_even_when_leader_exits_zero) ... ok
test_preparation_never_runs_node_and_is_not_build_pass (test_r5_cold_web.ColdWebTests.test_preparation_never_runs_node_and_is_not_build_pass) ... ok
test_slow_cleanup_observation_cannot_get_fresh_final_probe_or_absence (test_r5_cold_web.ColdWebTests.test_slow_cleanup_observation_cannot_get_fresh_final_probe_or_absence) ... ok
test_source_git_clips_remaining_budget_and_rejects_late_return (test_r5_cold_web.ColdWebTests.test_source_git_clips_remaining_budget_and_rejects_late_return) ... ok
test_timeout_and_log_budget_are_failure_even_if_exit_zero (test_r5_cold_web.ColdWebTests.test_timeout_and_log_budget_are_failure_even_if_exit_zero) ... ok
test_total_deadline_clips_stage_budget_and_stops_before_ci (test_r5_cold_web.ColdWebTests.test_total_deadline_clips_stage_budget_and_stops_before_ci) ... ok
test_tracked_snapshot_excludes_credentials_and_caches_without_touching_checkout (test_r5_cold_web.ColdWebTests.test_tracked_snapshot_excludes_credentials_and_caches_without_touching_checkout) ... ok
test_tracked_symlink_and_dirty_symlink_refused (test_r5_cold_web.ColdWebTests.test_tracked_symlink_and_dirty_symlink_refused) ... ok
test_traversal_foreign_and_secret_paths_rejected (test_r5_cold_web.ColdWebTests.test_traversal_foreign_and_secret_paths_rejected) ... ok
test_unknown_or_foreign_cleanup_never_kills_or_passes (test_r5_cold_web.ColdWebTests.test_unknown_or_foreign_cleanup_never_kills_or_passes) ... ok
test_unobserved_live_owned_group_stops_precisely_but_never_certifies (test_r5_cold_web.ColdWebTests.test_unobserved_live_owned_group_stops_precisely_but_never_certifies) ... ok
test_user_and_global_npm_configs_are_distinct_empty_private_files (test_r5_cold_web.ColdWebTests.test_user_and_global_npm_configs_are_distinct_empty_private_files) ... ok
test_wrong_node_major_records_rejection (test_r5_cold_web.ColdWebTests.test_wrong_node_major_records_rejection) ... ok
test_zero_exit_without_standalone_artifacts_is_not_pass (test_r5_cold_web.ColdWebTests.test_zero_exit_without_standalone_artifacts_is_not_pass) ... ok
test_cannot_waive_dependency_runtime_or_legacy_client_unknowns (test_r5_compatibility.CompatibilityGateTests.test_cannot_waive_dependency_runtime_or_legacy_client_unknowns) ... ok
test_current_source_map_is_not_product_or_dependency_completion (test_r5_compatibility.CompatibilityGateTests.test_current_source_map_is_not_product_or_dependency_completion) ... ERROR
test_dns_exclusions_match_real_HTTP_methods_not_create (test_r5_compatibility.CompatibilityGateTests.test_dns_exclusions_match_real_HTTP_methods_not_create) ... ok
test_duplicate_and_nonfinite_json_rejected (test_r5_compatibility.CompatibilityGateTests.test_duplicate_and_nonfinite_json_rejected) ... ok
test_future_rejection_upgrade_and_task_strategies_mandatory (test_r5_compatibility.CompatibilityGateTests.test_future_rejection_upgrade_and_task_strategies_mandatory) ... ok
test_malformed_and_untrusted_producer_sources_rejected (test_r5_compatibility.CompatibilityGateTests.test_malformed_and_untrusted_producer_sources_rejected) ... ok
test_missing_duplicate_and_source_drift_rejected (test_r5_compatibility.CompatibilityGateTests.test_missing_duplicate_and_source_drift_rejected) ... ok
test_route_schema_client_and_test_fact_mutations_rejected (test_r5_compatibility.CompatibilityGateTests.test_route_schema_client_and_test_fact_mutations_rejected) ... ok
test_routes_and_successor_tasks_match_original_stage_semantics (test_r5_compatibility.CompatibilityGateTests.test_routes_and_successor_tasks_match_original_stage_semantics) ... ok
test_exact_safe_join_remains_metadata_not_product_approval (test_r5_compatibility.SafeWireJoinTests.test_exact_safe_join_remains_metadata_not_product_approval) ... ERROR
test_not_observed_cannot_be_laundered_as_runtime_pass (test_r5_compatibility.SafeWireJoinTests.test_not_observed_cannot_be_laundered_as_runtime_pass) ... ok
test_unknown_private_fields_bad_status_and_aspects_rejected (test_r5_compatibility.SafeWireJoinTests.test_unknown_private_fields_bad_status_and_aspects_rejected) ... ok
test_wrong_tree_report_spec_case_and_closure_hashes_rejected (test_r5_compatibility.SafeWireJoinTests.test_wrong_tree_report_spec_case_and_closure_hashes_rejected) ... ok
test_actual_historical_partial_catalog_is_fail_closed_despite_qualification_hashes (test_r5_current_benchmark.Current18ContractGrammarTests.test_actual_historical_partial_catalog_is_fail_closed_despite_qualification_hashes) ... ok
test_archive_extra_escape_hash_and_missing_build_inputs_reach_correct_gates (test_r5_current_benchmark.Current18ContractGrammarTests.test_archive_extra_escape_hash_and_missing_build_inputs_reach_correct_gates) ... ok
test_catalog_mutations_reach_full_definition_gate (test_r5_current_benchmark.Current18ContractGrammarTests.test_catalog_mutations_reach_full_definition_gate) ... ok
test_cross_run_and_unknown_fields_reach_named_binding_gates (test_r5_current_benchmark.Current18ContractGrammarTests.test_cross_run_and_unknown_fields_reach_named_binding_gates) ... ok
test_declared_full_reference_flags_cannot_hide_missing_dimensions (test_r5_current_benchmark.Current18ContractGrammarTests.test_declared_full_reference_flags_cannot_hide_missing_dimensions) ... ok
test_duplicate_nonfinite_and_numeric_aliases_do_not_use_early_failures (test_r5_current_benchmark.Current18ContractGrammarTests.test_duplicate_nonfinite_and_numeric_aliases_do_not_use_early_failures) ... ok
test_external_admission_pin_and_qualifications_remain_required (test_r5_current_benchmark.Current18ContractGrammarTests.test_external_admission_pin_and_qualifications_remain_required) ... ok
test_external_descriptor_pin_is_required_and_not_archive_self_digest (test_r5_current_benchmark.Current18ContractGrammarTests.test_external_descriptor_pin_is_required_and_not_archive_self_digest) ... ok
test_go_pass_after_exit_but_before_parent_wait_is_rejected (test_r5_current_benchmark.Current18ContractGrammarTests.test_go_pass_after_exit_but_before_parent_wait_is_rejected) ... ok
test_go_start_before_go_phase_and_elapsed_mismatch_are_rejected (test_r5_current_benchmark.Current18ContractGrammarTests.test_go_start_before_go_phase_and_elapsed_mismatch_are_rejected) ... ok
test_late_cleanup_unknown_exit_and_platform_mismatch_have_positive_controls (test_r5_current_benchmark.Current18ContractGrammarTests.test_late_cleanup_unknown_exit_and_platform_mismatch_have_positive_controls) ... ok
test_legacy_methods_old_S_and_L_do_not_gain_current_admission (test_r5_current_benchmark.Current18ContractGrammarTests.test_legacy_methods_old_S_and_L_do_not_gain_current_admission) ... ok
test_lookahead_FIFO_and_persistent_boundaries_use_lookahead_positive_controls (test_r5_current_benchmark.Current18ContractGrammarTests.test_lookahead_FIFO_and_persistent_boundaries_use_lookahead_positive_controls) ... ok
test_parent31_guard_and_invalid_earlier_deadline_descriptor (test_r5_current_benchmark.Current18ContractGrammarTests.test_parent31_guard_and_invalid_earlier_deadline_descriptor) ... ok
test_parser_deadline_reserve_join_and_claim_mutations_have_valid_preconditions (test_r5_current_benchmark.Current18ContractGrammarTests.test_parser_deadline_reserve_join_and_claim_mutations_have_valid_preconditions) ... ok
test_public_schema_matches_full_grammar_and_maintenance_literal (test_r5_current_benchmark.Current18ContractGrammarTests.test_public_schema_matches_full_grammar_and_maintenance_literal) ... ok
test_same_admission_reorigin_and_all_internal_rehashes_cannot_replace_trusted_clock (test_r5_current_benchmark.Current18ContractGrammarTests.test_same_admission_reorigin_and_all_internal_rehashes_cannot_replace_trusted_clock) ... ok
test_two_methods_have_complete_synthetic_positive_controls_only (test_r5_current_benchmark.Current18ContractGrammarTests.test_two_methods_have_complete_synthetic_positive_controls_only) ... ok
test_typed_deadline_failure_and_late_containment_never_become_baseline (test_r5_current_benchmark.Current18ContractGrammarTests.test_typed_deadline_failure_and_late_containment_never_become_baseline) ... ok
test_typed_unknown_exit_does_not_backfill_numeric_exit (test_r5_current_benchmark.Current18ContractGrammarTests.test_typed_unknown_exit_does_not_backfill_numeric_exit) ... ok
test_workload_mutations_reach_named_domain_gates (test_r5_current_benchmark.Current18ContractGrammarTests.test_workload_mutations_reach_named_domain_gates) ... ok
test_c_map_keys_strings_and_comments_are_not_native_imports (test_r5_current_source_inventory.CurrentSourceInventoryTests.test_c_map_keys_strings_and_comments_are_not_native_imports) ... ok
test_current_policy_never_enters_frozen_legacy_identity (test_r5_current_source_inventory.CurrentSourceInventoryTests.test_current_policy_never_enters_frozen_legacy_identity) ... ok
test_current_tool_cli_binds_v2_source_and_rejects_live_fork_drift (test_r5_current_source_inventory.CurrentSourceInventoryTests.test_current_tool_cli_binds_v2_source_and_rejects_live_fork_drift) ... ok
test_fork_embed_and_build_metadata_drift_are_rejected_before_after (test_r5_current_source_inventory.CurrentSourceInventoryTests.test_fork_embed_and_build_metadata_drift_are_rejected_before_after) ... ok
test_missing_symlink_and_new_disk_input_are_not_silently_ignored (test_r5_current_source_inventory.CurrentSourceInventoryTests.test_missing_symlink_and_new_disk_input_are_not_silently_ignored) ... ok
test_omitted_fork_extra_escape_and_unknown_policy_cannot_reseal (test_r5_current_source_inventory.CurrentSourceInventoryTests.test_omitted_fork_extra_escape_and_unknown_policy_cannot_reseal) ... ok
test_output_exclusions_cannot_hide_embed_inputs (test_r5_current_source_inventory.CurrentSourceInventoryTests.test_output_exclusions_cannot_hide_embed_inputs) ... ok
test_pinned_v2_protocol_and_benchmark_current_entrypoints (test_r5_current_source_inventory.CurrentSourceInventoryTests.test_pinned_v2_protocol_and_benchmark_current_entrypoints) ... ok
test_protocol_manifest_revalidation_rejects_after_run_drift_without_git (test_r5_current_source_inventory.CurrentSourceInventoryTests.test_protocol_manifest_revalidation_rejects_after_run_drift_without_git) ... ok
test_protocol_metadata_preserves_shared_and_reference_runtime_boundaries (test_r5_current_source_inventory.CurrentSourceInventoryTests.test_protocol_metadata_preserves_shared_and_reference_runtime_boundaries) ... ok
test_real_native_import_and_linker_inputs_still_fail_closed (test_r5_current_source_inventory.CurrentSourceInventoryTests.test_real_native_import_and_linker_inputs_still_fail_closed) ... ok
test_replacement_path_version_dynamic_workfile_and_extra_directory_fail_closed (test_r5_current_source_inventory.CurrentSourceInventoryTests.test_replacement_path_version_dynamic_workfile_and_extra_directory_fail_closed) ... ok
test_superset_includes_fork_embed_metadata_helper_and_new_identity_domain (test_r5_current_source_inventory.CurrentSourceInventoryTests.test_superset_includes_fork_embed_metadata_helper_and_new_identity_domain) ... ok
test_symlinked_root_external_local_import_and_adapter_omission_rejected (test_r5_current_source_inventory.CurrentSourceInventoryTests.test_symlinked_root_external_local_import_and_adapter_omission_rejected) ... ok
test_unknown_build_conditions_and_environment_are_rejected (test_r5_current_source_inventory.CurrentSourceInventoryTests.test_unknown_build_conditions_and_environment_are_rejected) ... ok
test_actual_cli_capture_validate_reject (test_r5_excluded_descriptor_metadata.DescriptorMetadataTests.test_actual_cli_capture_validate_reject) ... ok
test_actual_cli_regular_file_swap_must_reject (test_r5_excluded_descriptor_metadata.DescriptorMetadataTests.test_actual_cli_regular_file_swap_must_reject) ... ok
test_bounded_replacements_api_and_cli (test_r5_excluded_descriptor_metadata.DescriptorMetadataTests.test_bounded_replacements_api_and_cli) ... ok
test_budget_exact_shared_roots_per_fork_and_overflow (test_r5_excluded_descriptor_metadata.DescriptorMetadataTests.test_budget_exact_shared_roots_per_fork_and_overflow) ... ok
test_cli_legal_artifacts_and_static_budget_rejections (test_r5_excluded_descriptor_metadata.DescriptorMetadataTests.test_cli_legal_artifacts_and_static_budget_rejections) ... ok
test_depth_exact_and_overflow (test_r5_excluded_descriptor_metadata.DescriptorMetadataTests.test_depth_exact_and_overflow) ... ok
test_directory_swap_nofollow_public_entries (test_r5_excluded_descriptor_metadata.DescriptorMetadataTests.test_directory_swap_nofollow_public_entries) ... ok
test_legal_artifacts_no_reads_and_stable_original_inventory_and_closure (test_r5_excluded_descriptor_metadata.DescriptorMetadataTests.test_legal_artifacts_no_reads_and_stable_original_inventory_and_closure) ... ok
test_nested_module_links_fifo_socket_public_entries (test_r5_excluded_descriptor_metadata.DescriptorMetadataTests.test_nested_module_links_fifo_socket_public_entries) ... ok
test_only_metadata_handles_for_artifacts_and_no_body_reads (test_r5_excluded_descriptor_metadata.DescriptorMetadataTests.test_only_metadata_handles_for_artifacts_and_no_body_reads) ... ok
test_regular_file_becomes_symlink_on_final_stat_public_entries (test_r5_excluded_descriptor_metadata.DescriptorMetadataTests.test_regular_file_becomes_symlink_on_final_stat_public_entries) ... ok
test_unknown_and_unavailable_metadata_public_entries (test_r5_excluded_descriptor_metadata.DescriptorMetadataTests.test_unknown_and_unavailable_metadata_public_entries) ... ok
test_background_ports_do_not_require_fake_http (test_r5_protocol.ApplicableStatusTests.test_background_ports_do_not_require_fake_http) ... ok
test_registration_still_does_not_certify_missing_components (test_r5_protocol.ApplicableStatusTests.test_registration_still_does_not_certify_missing_components) ... ok
test_invalid_or_shell_build_tag_rejected (test_r5_protocol.BaselineBuildTagTests.test_invalid_or_shell_build_tag_rejected) ... ok
test_protocol_target_suite_is_explicitly_opt_in (test_r5_protocol.BaselineBuildTagTests.test_protocol_target_suite_is_explicitly_opt_in) ... ok
test_absent_reason_cannot_have_value (test_r5_protocol.CaseStructureTests.test_absent_reason_cannot_have_value) ... ok
test_audit_and_acceptance_coverage (test_r5_protocol.CaseStructureTests.test_audit_and_acceptance_coverage) ... ok
test_completion_claim_rejected (test_r5_protocol.CaseStructureTests.test_completion_claim_rejected) ... ok
test_duplicate_case_rejected (test_r5_protocol.CaseStructureTests.test_duplicate_case_rejected) ... ok
test_empty_input_rejected (test_r5_protocol.CaseStructureTests.test_empty_input_rejected) ... ok
test_exact_reason_requires_literal (test_r5_protocol.CaseStructureTests.test_exact_reason_requires_literal) ... ok
test_full_case_set_does_not_claim_completion (test_r5_protocol.CaseStructureTests.test_full_case_set_does_not_claim_completion) ... ok
test_invalid_status_rejected (test_r5_protocol.CaseStructureTests.test_invalid_status_rejected) ... ok
test_missing_case_rejected (test_r5_protocol.CaseStructureTests.test_missing_case_rejected) ... ok
test_missing_error_code_rejected (test_r5_protocol.CaseStructureTests.test_missing_error_code_rejected) ... ok
test_missing_message_requirement_rejected (test_r5_protocol.CaseStructureTests.test_missing_message_requirement_rejected) ... ok
test_nonexistent_real_test_rejected (test_r5_protocol.CaseStructureTests.test_nonexistent_real_test_rejected) ... ok
test_null_reason_is_not_a_protocol_gap (test_r5_protocol.CaseStructureTests.test_null_reason_is_not_a_protocol_gap) ... ok
test_path_escape_rejected (test_r5_protocol.CaseStructureTests.test_path_escape_rejected) ... ok
test_reference_adapter_cannot_claim_shared_input (test_r5_protocol.CaseStructureTests.test_reference_adapter_cannot_claim_shared_input) ... ok
test_wrong_package_rejected (test_r5_protocol.CaseStructureTests.test_wrong_package_rejected) ... ok
test_capability_scope_cannot_admit_other_sources_layers_paths_or_future_claims (test_r5_protocol.CurrentContractCapabilityTests.test_capability_scope_cannot_admit_other_sources_layers_paths_or_future_claims) ... ok
test_current_capability_red_does_not_replace_old_db_target (test_r5_protocol.CurrentContractCapabilityTests.test_current_capability_red_does_not_replace_old_db_target) ... ok
test_exact_current_capability_source_and_all_variants (test_r5_protocol.CurrentContractCapabilityTests.test_exact_current_capability_source_and_all_variants) ... ok
test_exact_target_red_is_baseline_not_product_green (test_r5_protocol.ExactTargetRedTests.test_exact_target_red_is_baseline_not_product_green) ... ok
test_parent_cleanup_failure_cannot_be_laundered (test_r5_protocol.ExactTargetRedTests.test_parent_cleanup_failure_cannot_be_laundered) ... ok
test_setup_or_other_failure_not_admitted (test_r5_protocol.ExactTargetRedTests.test_setup_or_other_failure_not_admitted) ... ok
test_timeout_process_not_admitted (test_r5_protocol.ExactTargetRedTests.test_timeout_process_not_admitted) ... ok
test_undeclared_target_variant_rejected (test_r5_protocol.ExactTargetRedTests.test_undeclared_target_variant_rejected) ... ok
test_exact_adapter_target_is_separate_from_original_db (test_r5_protocol.GoOwnedComponentAdapterTests.test_exact_adapter_target_is_separate_from_original_db) ... ok
test_no_real_packet_keeps_component_layer_unverified (test_r5_protocol.GoOwnedComponentAdapterTests.test_no_real_packet_keeps_component_layer_unverified) ... ok
test_same_case_go_ui_target_does_not_replace_db_target (test_r5_protocol.GoOwnedComponentAdapterTests.test_same_case_go_ui_target_does_not_replace_db_target) ... ok
test_unknown_path_marker_audit_or_acceptance_rejected (test_r5_protocol.GoOwnedComponentAdapterTests.test_unknown_path_marker_audit_or_acceptance_rejected) ... ok
test_baseline_failure_is_not_protocol_pass (test_r5_protocol.ReferenceEvidenceTests.test_baseline_failure_is_not_protocol_pass) ... ok
test_cached_pass_without_run_rejected (test_r5_protocol.ReferenceEvidenceTests.test_cached_pass_without_run_rejected) ... ok
test_compile_failure_rejected (test_r5_protocol.ReferenceEvidenceTests.test_compile_failure_rejected) ... ok
test_duplicate_terminal_rejected (test_r5_protocol.ReferenceEvidenceTests.test_duplicate_terminal_rejected) ... ok
test_malformed_json_rejected (test_r5_protocol.ReferenceEvidenceTests.test_malformed_json_rejected) ... ok
test_missing_test_rejected (test_r5_protocol.ReferenceEvidenceTests.test_missing_test_rejected) ... ok
test_named_pass_remains_reference_only (test_r5_protocol.ReferenceEvidenceTests.test_named_pass_remains_reference_only) ... ok
test_skip_rejected (test_r5_protocol.ReferenceEvidenceTests.test_skip_rejected) ... ok
test_subtest_failure_rejected (test_r5_protocol.ReferenceEvidenceTests.test_subtest_failure_rejected) ... ok
test_unexpected_package_rejected (test_r5_protocol.ReferenceEvidenceTests.test_unexpected_package_rejected) ... ok
test_unexpected_test_rejected (test_r5_protocol.ReferenceEvidenceTests.test_unexpected_test_rejected) ... ok
test_component_duplicate_or_nonzero_exit_rejected (test_r5_protocol.SharedConsumerTests.test_component_duplicate_or_nonzero_exit_rejected) ... ok
test_component_missing_or_skipped_rejected (test_r5_protocol.SharedConsumerTests.test_component_missing_or_skipped_rejected) ... ok
test_component_pass_exact_case_set (test_r5_protocol.SharedConsumerTests.test_component_pass_exact_case_set) ... ok
test_declared_shared_consumers_are_real_sources (test_r5_protocol.SharedConsumerTests.test_declared_shared_consumers_are_real_sources) ... ok
test_machine_markdown_output_drift_rejected (test_r5_protocol.SharedConsumerTests.test_machine_markdown_output_drift_rejected) ... ok
test_compile_panic_timeout_unknown_error_and_missing_runtime_are_not_green (test_r5_protocol.SharedInfrastructureCannotBeProductGreenTests.test_compile_panic_timeout_unknown_error_and_missing_runtime_are_not_green) ... ok
test_unregistered_matching_runtime_consumer_cannot_be_green (test_r5_protocol.SharedInfrastructureCannotBeProductGreenTests.test_unregistered_matching_runtime_consumer_cannot_be_green) ... ok
test_parent_fail_with_non_test_source_diagnostic_rejected (test_r5_protocol.SharedRuntimePathTests.test_parent_fail_with_non_test_source_diagnostic_rejected) ... ok
test_shared_go_requires_all_actual_case_variants (test_r5_protocol.SharedRuntimePathTests.test_shared_go_requires_all_actual_case_variants) ... ok
test_compile_panic_timeout_setup_and_unknown_marker_rejected (test_r5_protocol_component_evidence.ComponentPacketEvidenceTests.test_compile_panic_timeout_setup_and_unknown_marker_rejected) ... ok
test_credential_and_headers_rejected (test_r5_protocol_component_evidence.ComponentPacketEvidenceTests.test_credential_and_headers_rejected) ... ok
test_current_reporter_missing_optional_counter_is_valid (test_r5_protocol_component_evidence.ComponentPacketEvidenceTests.test_current_reporter_missing_optional_counter_is_valid) ... ok
test_duplicate_or_skipped_or_runtime_suite_rejected (test_r5_protocol_component_evidence.ComponentPacketEvidenceTests.test_duplicate_or_skipped_or_runtime_suite_rejected) ... ok
test_exact_source_linked_target_is_not_product_green (test_r5_protocol_component_evidence.ComponentPacketEvidenceTests.test_exact_source_linked_target_is_not_product_green) ... ok
test_explicit_null_string_bool_or_nonzero_runtime_count_rejected (test_r5_protocol_component_evidence.ComponentPacketEvidenceTests.test_explicit_null_string_bool_or_nonzero_runtime_count_rejected) ... ok
test_hash_case_variant_mismatch_rejected (test_r5_protocol_component_evidence.ComponentPacketEvidenceTests.test_hash_case_variant_mismatch_rejected) ... ok
test_missing_required_counter_unknown_test_wrong_exit_and_malformed_stay_invalid (test_r5_protocol_component_evidence.ComponentPacketEvidenceTests.test_missing_required_counter_unknown_test_wrong_exit_and_malformed_stay_invalid) ... ok
test_no_http_or_no_pg_observation_rejected (test_r5_protocol_component_evidence.ComponentPacketEvidenceTests.test_no_http_or_no_pg_observation_rejected) ... ok
test_scoped_component_pass_never_closes_whole_product (test_r5_protocol_component_evidence.ComponentPacketEvidenceTests.test_scoped_component_pass_never_closes_whole_product) ... ok
test_unhandled_errors_stay_invalid_without_optional_counter (test_r5_protocol_component_evidence.ComponentPacketEvidenceTests.test_unhandled_errors_stay_invalid_without_optional_counter) ... ok
test_current_missing_policy_and_git_inventory_are_not_fallback (test_r5_protocol_source_inventory.ProtocolSourceInventoryTests.test_current_missing_policy_and_git_inventory_are_not_fallback) ... ok
test_duplicate_json_keys_and_missing_adapter_dependency_rejected (test_r5_protocol_source_inventory.ProtocolSourceInventoryTests.test_duplicate_json_keys_and_missing_adapter_dependency_rejected) ... ok
test_explicit_canonical_closure_not_head_commit (test_r5_protocol_source_inventory.ProtocolSourceInventoryTests.test_explicit_canonical_closure_not_head_commit) ... ok
test_known_runtime_artifacts_are_not_source_inventory_fallback (test_r5_protocol_source_inventory.ProtocolSourceInventoryTests.test_known_runtime_artifacts_are_not_source_inventory_fallback) ... ok
test_manifest_pin_kind_root_digest_and_schema_cannot_be_inferred (test_r5_protocol_source_inventory.ProtocolSourceInventoryTests.test_manifest_pin_kind_root_digest_and_schema_cannot_be_inferred) ... ok
test_missing_extra_important_source_or_actual_byte_drift_rejected (test_r5_protocol_source_inventory.ProtocolSourceInventoryTests.test_missing_extra_important_source_or_actual_byte_drift_rejected) ... ok
test_path_traversal_absolute_noncanonical_and_symlink_rejected (test_r5_protocol_source_inventory.ProtocolSourceInventoryTests.test_path_traversal_absolute_noncanonical_and_symlink_rejected) ... ok
test_duplicate_metadata_and_unknown_compiled (test_r5_selected_source_binding.SelectedNegativeTests.test_duplicate_metadata_and_unknown_compiled) ... ok
test_forged_metadata_does_not_authorize_secret_or_evidence (test_r5_selected_source_binding.SelectedNegativeTests.test_forged_metadata_does_not_authorize_secret_or_evidence) ... ok
test_generated_and_external_are_not_local_read_capabilities (test_r5_selected_source_binding.SelectedNegativeTests.test_generated_and_external_are_not_local_read_capabilities) ... ok
test_missing_and_symlink_static_source (test_r5_selected_source_binding.SelectedNegativeTests.test_missing_and_symlink_static_source) ... ok
test_nested_module_in_excluded_static_output_is_rejected (test_r5_selected_source_binding.SelectedNegativeTests.test_nested_module_in_excluded_static_output_is_rejected) ... ok
test_source_hash_drift_detected (test_r5_selected_source_binding.SelectedNegativeTests.test_source_hash_drift_detected) ... ok
test_unknown_nested_module_and_extra_go (test_r5_selected_source_binding.SelectedNegativeTests.test_unknown_nested_module_and_extra_go) ... ok
test_wrongfork_and_third_replace (test_r5_selected_source_binding.SelectedNegativeTests.test_wrongfork_and_third_replace) ... ok
test_actual_default_and_race_production_fork_coverage (test_r5_selected_source_binding_v2.ActualRootBindingV2Tests.test_actual_default_and_race_production_fork_coverage) ... ok
test_capture_marker_registry_archive_source_drift (test_r5_selected_source_binding_v2.ActualRootBindingV2Tests.test_capture_marker_registry_archive_source_drift) ... ok
test_dirty_ignored_go_actual_selected_and_rejected (test_r5_selected_source_binding_v2.ActualRootBindingV2Tests.test_dirty_ignored_go_actual_selected_and_rejected) ... ok
test_hydration_failure_retains_execution_and_raw_diagnostics (test_r5_selected_source_binding_v2.ActualRootBindingV2Tests.test_hydration_failure_retains_execution_and_raw_diagnostics) ... ok
test_live_capture_control_and_archive_mutations (test_r5_selected_source_binding_v2.ActualRootBindingV2Tests.test_live_capture_control_and_archive_mutations) ... ok
test_real_receipt_roundtrip (test_r5_selected_source_binding_v2.ActualRootBindingV2Tests.test_real_receipt_roundtrip) ... ok
test_real_unimported_package_and_undefined_build (test_r5_selected_source_binding_v2.ActualRootBindingV2Tests.test_real_unimported_package_and_undefined_build) ... ok
test_coverage_omission_fork_mismatch_unknown_root (test_r5_selected_source_binding_v2.SelectedV2NegativeTests.test_coverage_omission_fork_mismatch_unknown_root) ... ok
test_cross_identity_rejected_before_commands (test_r5_selected_source_binding_v2.SelectedV2NegativeTests.test_cross_identity_rejected_before_commands) ... ok
test_metadata_never_authorizes_private_archive_or_unknown_body (test_r5_selected_source_binding_v2.SelectedV2NegativeTests.test_metadata_never_authorizes_private_archive_or_unknown_body) ... ok
test_selected_archive_package_rejected (test_r5_selected_source_binding_v2.SelectedV2NegativeTests.test_selected_archive_package_rejected) ... ok
test_unsupported_context (test_r5_selected_source_binding_v2.SelectedV2NegativeTests.test_unsupported_context) ... ok
test_actual_loaded_helper_is_bound_not_a_different_snapshot_implementation (test_r5_smtp_owner_source_inventory.SMTPSourceInventoryV3Tests.test_actual_loaded_helper_is_bound_not_a_different_snapshot_implementation) ... ok
test_benchmark_source_producer_accepts_v3_but_no_METHOD_live_or_tool_admission (test_r5_smtp_owner_source_inventory.SMTPSourceInventoryV3Tests.test_benchmark_source_producer_accepts_v3_but_no_METHOD_live_or_tool_admission) ... ok
test_both_fork_embeds_and_nongo_upstream_inputs_are_required (test_r5_smtp_owner_source_inventory.SMTPSourceInventoryV3Tests.test_both_fork_embeds_and_nongo_upstream_inputs_are_required) ... ok
test_both_forks_root_modsum_and_metadata_drift_reject_pinned_receipt (test_r5_smtp_owner_source_inventory.SMTPSourceInventoryV3Tests.test_both_forks_root_modsum_and_metadata_drift_reject_pinned_receipt) ... ok
test_duplicate_or_MVS_override_declarations_do_not_bypass_exact_binding (test_r5_smtp_owner_source_inventory.SMTPSourceInventoryV3Tests.test_duplicate_or_MVS_override_declarations_do_not_bypass_exact_binding) ... ok
test_each_fork_mod_sum_license_and_required_metadata_are_mandatory (test_r5_smtp_owner_source_inventory.SMTPSourceInventoryV3Tests.test_each_fork_mod_sum_license_and_required_metadata_are_mandatory) ... ok
test_exact_two_forks_full_inputs_and_actual_metadata_layouts (test_r5_smtp_owner_source_inventory.SMTPSourceInventoryV3Tests.test_exact_two_forks_full_inputs_and_actual_metadata_layouts) ... ok
test_explicit_v3_pin_and_policy_are_required_without_auto_upgrade (test_r5_smtp_owner_source_inventory.SMTPSourceInventoryV3Tests.test_explicit_v3_pin_and_policy_are_required_without_auto_upgrade) ... ok
test_local_module_identity_version_dependency_and_nested_replace_rejected (test_r5_smtp_owner_source_inventory.SMTPSourceInventoryV3Tests.test_local_module_identity_version_dependency_and_nested_replace_rejected) ... ok
test_protocol_producer_validator_and_prepost_use_v3_without_Git (test_r5_smtp_owner_source_inventory.SMTPSourceInventoryV3Tests.test_protocol_producer_validator_and_prepost_use_v3_without_Git) ... ok
test_symlink_escape_workfile_and_unknown_build_condition_fail_closed (test_r5_smtp_owner_source_inventory.SMTPSourceInventoryV3Tests.test_symlink_escape_workfile_and_unknown_build_condition_fail_closed) ... ok
test_unknown_extra_or_omitted_receipt_fields_cannot_be_resealed (test_r5_smtp_owner_source_inventory.SMTPSourceInventoryV3Tests.test_unknown_extra_or_omitted_receipt_fields_cannot_be_resealed) ... ok
test_unknown_third_replace_and_extra_local_tree_fail_closed (test_r5_smtp_owner_source_inventory.SMTPSourceInventoryV3Tests.test_unknown_third_replace_and_extra_local_tree_fail_closed) ... ok
test_unlisted_nested_module_and_local_import_omission_are_rejected (test_r5_smtp_owner_source_inventory.SMTPSourceInventoryV3Tests.test_unlisted_nested_module_and_local_import_omission_are_rejected) ... ok
test_v2_single_fork_snapshot_keeps_old_domain_but_cannot_cover_dual_root (test_r5_smtp_owner_source_inventory.SMTPSourceInventoryV3Tests.test_v2_single_fork_snapshot_keeps_old_domain_but_cannot_cover_dual_root) ... ok
test_wrong_root_versions_paths_and_dynamic_forms_rejected (test_r5_smtp_owner_source_inventory.SMTPSourceInventoryV3Tests.test_wrong_root_versions_paths_and_dynamic_forms_rejected) ... ok
test_body_guard_rejects_readable_flags_and_every_body_api (test_r5_source_excluded_metadata.ExcludedMetadataTests.test_body_guard_rejects_readable_flags_and_every_body_api) ... ok
test_cli_receipt_pin_and_loaded_helper_hash_binding (test_r5_source_excluded_metadata.ExcludedMetadataTests.test_cli_receipt_pin_and_loaded_helper_hash_binding) ... ok
test_entry_budget_shared_between_excluded_roots_and_depth_limit (test_r5_source_excluded_metadata.ExcludedMetadataTests.test_entry_budget_shared_between_excluded_roots_and_depth_limit) ... ok
test_metadata_no_follow_rejects_excluded_ancestor_alias (test_r5_source_excluded_metadata.ExcludedMetadataTests.test_metadata_no_follow_rejects_excluded_ancestor_alias) ... ok
test_multilevel_modules_links_and_special_files_rejected_by_cli (test_r5_source_excluded_metadata.ExcludedMetadataTests.test_multilevel_modules_links_and_special_files_rejected_by_cli) ... ok
test_unavailable_unknown_and_directory_swap_metadata_fail_closed (test_r5_source_excluded_metadata.ExcludedMetadataTests.test_unavailable_unknown_and_directory_swap_metadata_fail_closed) ... ok
test_valid_excluded_files_never_read_or_enter_source (test_r5_source_excluded_metadata.ExcludedMetadataTests.test_valid_excluded_files_never_read_or_enter_source) ... ok
test_excluded_artifact_directory_alias_is_rejected (test_r5_source_v3_boundary_negatives.SourceV3BoundaryNegativeTests.test_excluded_artifact_directory_alias_is_rejected) ... ok
test_nested_module_in_excluded_artifact_directory_is_rejected (test_r5_source_v3_boundary_negatives.SourceV3BoundaryNegativeTests.test_nested_module_in_excluded_artifact_directory_is_rejected) ... ok
test_symlink_descendant_in_excluded_artifact_directory_is_rejected (test_r5_source_v3_boundary_negatives.SourceV3BoundaryNegativeTests.test_symlink_descendant_in_excluded_artifact_directory_is_rejected) ... ok
test_upstream_manifest_traversal_and_duplicate_keys_are_rejected (test_r5_source_v3_boundary_negatives.SourceV3BoundaryNegativeTests.test_upstream_manifest_traversal_and_duplicate_keys_are_rejected) ... ok
test_workspace_alias_and_overlay_environment_are_rejected (test_r5_source_v3_boundary_negatives.SourceV3BoundaryNegativeTests.test_workspace_alias_and_overlay_environment_are_rejected) ... ok
test_midflight_path_replacement_cannot_change_executed_inode_and_is_rejected (test_r5_source_version_runner.ExecutedBinaryBoundaryTests.test_midflight_path_replacement_cannot_change_executed_inode_and_is_rejected) ... ok
test_old_fixture_refused_before_execution (test_r5_source_version_runner.ExecutedBinaryBoundaryTests.test_old_fixture_refused_before_execution) ... ok
test_receipt_validation_rejects_replaced_executed_binary (test_r5_source_version_runner.ExecutedBinaryBoundaryTests.test_receipt_validation_rejects_replaced_executed_binary) ... ok
test_replaced_binary_refused_before_execution (test_r5_source_version_runner.ExecutedBinaryBoundaryTests.test_replaced_binary_refused_before_execution) ... ok
test_wrong_source_refused_before_execution (test_r5_source_version_runner.ExecutedBinaryBoundaryTests.test_wrong_source_refused_before_execution) ... ok
test_authenticated_archive_still_checks_member_and_dependency_boundary (test_r5_source_version_runner.PreparationBoundaryTests.test_authenticated_archive_still_checks_member_and_dependency_boundary) ... ok
test_extra_tampered_link_and_native_prepared_files_rejected (test_r5_source_version_runner.PreparationBoundaryTests.test_extra_tampered_link_and_native_prepared_files_rejected) ... ok
test_stale_source_fixture_and_receipt_tamper_rejected (test_r5_source_version_runner.PreparationBoundaryTests.test_stale_source_fixture_and_receipt_tamper_rejected) ... ok
test_unknown_lock_and_existing_dependency_tree_refused_before_write (test_r5_source_version_runner.PreparationBoundaryTests.test_unknown_lock_and_existing_dependency_tree_refused_before_write) ... ok
test_wrong_archive_hash_refused_before_any_mkdir (test_r5_source_version_runner.PreparationBoundaryTests.test_wrong_archive_hash_refused_before_any_mkdir) ... ok
test_child_failure_and_skip_not_green (test_r5_source_version_runner.SourceVersionRunnerTests.test_child_failure_and_skip_not_green) ... test_fail (test_r5_source_version_runner.SourceVersionRunnerTests.test_child_failure_and_skip_not_green.<locals>.Bad.test_fail) ... FAIL

======================================================================
FAIL: test_fail (test_r5_source_version_runner.SourceVersionRunnerTests.test_child_failure_and_skip_not_green.<locals>.Bad.test_fail)
----------------------------------------------------------------------
Traceback (most recent call last):
  File "/tmp/r5-version-c3ytk9wr/current/scripts/tests/test_r5_source_version_runner.py", line 40, in test_fail
    def test_fail(self):self.fail('intentional runner negative')
                        ^^^^^^^^^^^^^^^^^^^^^^^^^^^^^^^^^^^^^^^^
AssertionError: intentional runner negative

----------------------------------------------------------------------
Ran 1 test in 0.000s

FAILED (failures=1)
test_skip (test_r5_source_version_runner.SourceVersionRunnerTests.test_child_failure_and_skip_not_green.<locals>.Skip.test_skip) ... skipped 'intentional runner negative'

----------------------------------------------------------------------
Ran 1 test in 0.000s

OK (skipped=1)
test_expected (test_r5_source_version_runner.SourceVersionRunnerTests.test_child_failure_and_skip_not_green.<locals>.Expected.test_expected) ... expected failure

----------------------------------------------------------------------
Ran 1 test in 0.000s

OK (expected failures=1)
ok
test_exact_partition (test_r5_source_version_runner.SourceVersionRunnerTests.test_exact_partition) ... ok
test_missing_overlap_duplicate_wrong_baseline (test_r5_source_version_runner.SourceVersionRunnerTests.test_missing_overlap_duplicate_wrong_baseline) ... ok
test_no_fresh_actual_root_class (test_r5_source_version_runner.SourceVersionRunnerTests.test_no_fresh_actual_root_class) ... ok
test_preparation_failure_reports_all_ids_missing_and_dispatches_none (test_r5_source_version_runner.SourceVersionRunnerTests.test_preparation_failure_reports_all_ids_missing_and_dispatches_none) ... ok
test_cache_has_specific_message_fence_not_ancestor_lock (test_r5_transactions.TransactionInventoryTests.test_cache_has_specific_message_fence_not_ancestor_lock) ... ok
test_callback_signature_drift_rejected (test_r5_transactions.TransactionInventoryTests.test_callback_signature_drift_rejected) ... ok
test_constant_backed_observation_is_write_despite_ast_heuristic (test_r5_transactions.TransactionInventoryTests.test_constant_backed_observation_is_write_despite_ast_heuristic) ... ok
test_current_inventory_is_only_structure_evidence (test_r5_transactions.TransactionInventoryTests.test_current_inventory_is_only_structure_evidence) ... ok
test_current_trigger_and_package_constant_changes_remain_fenced (test_r5_transactions.TransactionInventoryTests.test_current_trigger_and_package_constant_changes_remain_fenced) ... ok
test_duplicate_entry_rejected (test_r5_transactions.TransactionInventoryTests.test_duplicate_entry_rejected) ... ok
test_external_caller_change_rejected (test_r5_transactions.TransactionInventoryTests.test_external_caller_change_rejected) ... ok
test_fk_or_trigger_drift_rejected (test_r5_transactions.TransactionInventoryTests.test_fk_or_trigger_drift_rejected) ... ok
test_gc_round_and_receipt_projection_are_not_transaction_acceptance (test_r5_transactions.TransactionInventoryTests.test_gc_round_and_receipt_projection_are_not_transaction_acceptance) ... ok
test_literal_and_concatenated_dynamic_sql_distinguished (test_r5_transactions.TransactionInventoryTests.test_literal_and_concatenated_dynamic_sql_distinguished) ... ok
test_missing_callback_effect_rejected (test_r5_transactions.TransactionInventoryTests.test_missing_callback_effect_rejected) ... ok
test_missing_file_type_review_rejected (test_r5_transactions.TransactionInventoryTests.test_missing_file_type_review_rejected) ... ok
test_missing_function_rejected (test_r5_transactions.TransactionInventoryTests.test_missing_function_rejected) ... ok
test_missing_specific_assertion_rejected (test_r5_transactions.TransactionInventoryTests.test_missing_specific_assertion_rejected) ... ok
test_missing_specific_sql_effect_rejected (test_r5_transactions.TransactionInventoryTests.test_missing_specific_sql_effect_rejected) ... ok
test_new_file_without_functions_rejected (test_r5_transactions.TransactionInventoryTests.test_new_file_without_functions_rejected) ... ok
test_new_migration_rejected (test_r5_transactions.TransactionInventoryTests.test_new_migration_rejected) ... ok
test_new_pure_function_is_also_rejected_and_no_inventory_allowlist (test_r5_transactions.TransactionInventoryTests.test_new_pure_function_is_also_rejected_and_no_inventory_allowlist) ... ok
test_new_write_function_rejected (test_r5_transactions.TransactionInventoryTests.test_new_write_function_rejected) ... ok
test_new_write_in_old_function_rejected (test_r5_transactions.TransactionInventoryTests.test_new_write_in_old_function_rejected) ... ok
test_obsolete_function_and_wrong_receiver_rejected (test_r5_transactions.TransactionInventoryTests.test_obsolete_function_and_wrong_receiver_rejected) ... ok
test_package_sql_constant_drift_rejected (test_r5_transactions.TransactionInventoryTests.test_package_sql_constant_drift_rejected) ... ok
test_pr23_each_added_and_changed_body_has_independent_source_review (test_r5_transactions.TransactionInventoryTests.test_pr23_each_added_and_changed_body_has_independent_source_review) ... ok
test_read_preview_and_sse_have_real_lock_and_callback_boundaries (test_r5_transactions.TransactionInventoryTests.test_read_preview_and_sse_have_real_lock_and_callback_boundaries) ... ok
test_structure_cannot_claim_runtime_or_parent_acceptance (test_r5_transactions.TransactionInventoryTests.test_structure_cannot_claim_runtime_or_parent_acceptance) ... ok
test_update_detected_but_row_lock_not_mutation (test_r5_transactions.TransactionInventoryTests.test_update_detected_but_row_lock_not_mutation) ... ok

======================================================================
ERROR: test_current_source_map_is_not_product_or_dependency_completion (test_r5_compatibility.CompatibilityGateTests.test_current_source_map_is_not_product_or_dependency_completion)
----------------------------------------------------------------------
Traceback (most recent call last):
  File "/tmp/r5-version-c3ytk9wr/current/scripts/tests/test_r5_compatibility.py", line 21, in test_current_source_map_is_not_product_or_dependency_completion
    result=gate.validate(self.data,self.routes,self.clients)
           ^^^^^^^^^^^^^^^^^^^^^^^^^^^^^^^^^^^^^^^^^^^^^^^^^
  File "/tmp/r5-version-c3ytk9wr/current/scripts/check_r5_compatibility.py", line 213, in validate
    if len(stored)!=len(actual) or len({x.get('route') for x in stored})!=len(stored):raise ValueError('missing/duplicate routes')
                                                                                      ^^^^^^^^^^^^^^^^^^^^^^^^^^^^^^^^^^^^^^^^^^^^
ValueError: missing/duplicate routes

======================================================================
ERROR: test_exact_safe_join_remains_metadata_not_product_approval (test_r5_compatibility.SafeWireJoinTests.test_exact_safe_join_remains_metadata_not_product_approval)
----------------------------------------------------------------------
Traceback (most recent call last):
  File "/tmp/r5-version-c3ytk9wr/current/scripts/tests/test_r5_compatibility.py", line 109, in test_exact_safe_join_remains_metadata_not_product_approval
    result=self.validate(self.data)
           ^^^^^^^^^^^^^^^^^^^^^^^^
  File "/tmp/r5-version-c3ytk9wr/current/scripts/tests/test_r5_compatibility.py", line 102, in validate
    def validate(self,data):return gate.validate_wire(data,self.facts)
                                   ^^^^^^^^^^^^^^^^^^^^^^^^^^^^^^^^^^^
  File "/tmp/r5-version-c3ytk9wr/current/scripts/check_r5_compatibility.py", line 140, in validate_wire
    raise ValueError('wire spec/case differs from current source')
ValueError: wire spec/case differs from current source

----------------------------------------------------------------------
Ran 665 tests in 172.473s

FAILED (errors=2)
test_actual_full_scope_fresh_hashes (test_r5_selected_source_binding.ActualRootBindingTests.test_actual_full_scope_fresh_hashes) ... ok
test_capture_midflight_drift_refused (test_r5_selected_source_binding.ActualRootBindingTests.test_capture_midflight_drift_refused) ... ok
test_omission_extra_hash_flags_abi_and_historical_rejected (test_r5_selected_source_binding.ActualRootBindingTests.test_omission_extra_hash_flags_abi_and_historical_rejected) ... ok
test_real_receipt_roundtrip (test_r5_selected_source_binding.ActualRootBindingTests.test_real_receipt_roundtrip) ... ok

----------------------------------------------------------------------
Ran 4 tests in 18.134s

OK
