2026-10-09T04:33:56.4257434Z Current runner version: '2.337.0'
2026-10-09T04:33:56.4279463Z ##[group]Runner Image Provisioner
2026-10-09T04:33:56.4280344Z Hosted Compute Agent
2026-10-09T04:33:56.4281128Z Version: 20261002.596
2026-10-09T04:33:56.4281804Z Commit: c3d12f3313a95f25162a1503be624f3b0617f8c0
2026-10-09T04:33:56.4282639Z Build Date: 2026-10-02T22:28:27Z
2026-10-09T04:33:56.4283335Z Worker ID: {1b91b8e4-2b33-45b5-8f00-36247d5d52df}
2026-10-09T04:33:56.4284003Z Region: westus3
2026-10-09T04:33:56.4284575Z Cloud: Azure
2026-10-09T04:33:56.4285084Z ##[endgroup]
2026-10-09T04:33:56.4286847Z ##[group]Operating System
2026-10-09T04:33:56.4287526Z Ubuntu
2026-10-09T04:33:56.4288021Z 24.04.5
2026-10-09T04:33:56.4288562Z LTS
2026-10-09T04:33:56.4289053Z ##[endgroup]
2026-10-09T04:33:56.4289563Z ##[group]Runner Image
2026-10-09T04:33:56.4290207Z Image: ubuntu-24.04
2026-10-09T04:33:56.4290748Z Version: 20261004.327.1
2026-10-09T04:33:56.4291987Z Included Software: https://github.com/actions/runner-images/blob/ubuntu24/20261004.327/images/ubuntu/Ubuntu2404-Readme.md
2026-10-09T04:33:56.4293386Z Image Release: https://github.com/actions/runner-images/releases/tag/ubuntu24%2F20261004.327
2026-10-09T04:33:56.4294359Z ##[endgroup]
2026-10-09T04:33:56.4295396Z ##[group]GITHUB_TOKEN Permissions
2026-10-09T04:33:56.4297715Z Contents: read
2026-10-09T04:33:56.4298273Z Metadata: read
2026-10-09T04:33:56.4298829Z ##[endgroup]
2026-10-09T04:33:56.4300874Z Secret source: Actions
2026-10-09T04:33:56.4301831Z Cache mode: write
2026-10-09T04:33:56.4302475Z Prepare workflow directory
2026-10-09T04:33:56.5470494Z Prepare all required actions
2026-10-09T04:33:56.5538238Z Getting action download info
2026-10-09T04:33:56.9132672Z Download action repository 'actions/checkout@v4' (SHA:11d5960a326750d5838078e36cf38b85af677262)
2026-10-09T04:33:57.0381788Z Download action repository 'actions/setup-node@v4' (SHA:49933ea5288caeca8642d1e84afbd3f7d6820020)
2026-10-09T04:33:57.1457623Z Download action repository 'actions/setup-go@v5' (SHA:40f1582b2485089dde7abd97c1529aa768e1baff)
2026-10-09T04:33:57.9047325Z Download action repository 'actions/upload-artifact@v4' (SHA:ea165f8d65b6e75b540449e92b4886f43607fa02)
2026-10-09T04:33:58.5871355Z Complete job name: frontend
2026-10-09T04:33:58.9391653Z ##[group]Run actions/checkout@v4
2026-10-09T04:33:58.9392850Z with:
2026-10-09T04:33:58.9393663Z   persist-credentials: false
2026-10-09T04:33:58.9394581Z   fetch-depth: 0
2026-10-09T04:33:58.9395390Z   repository: jyqj/tabmail
2026-10-09T04:33:58.9403163Z   token: ***
2026-10-09T04:33:58.9403947Z   ssh-strict: true
2026-10-09T04:33:58.9404751Z   ssh-user: git
2026-10-09T04:33:58.9405512Z   clean: true
2026-10-09T04:33:58.9406507Z   sparse-checkout-cone-mode: true
2026-10-09T04:33:58.9407411Z   fetch-tags: false
2026-10-09T04:33:58.9408177Z   show-progress: true
2026-10-09T04:33:58.9408949Z   lfs: false
2026-10-09T04:33:58.9409671Z   submodules: false
2026-10-09T04:33:58.9410447Z   set-safe-directory: true
2026-10-09T04:33:58.9411325Z   allow-unsafe-pr-checkout: false
2026-10-09T04:33:58.9412425Z ##[endgroup]
2026-10-09T04:33:59.0386152Z Syncing repository: jyqj/tabmail
2026-10-09T04:33:59.0388649Z ##[group]Getting Git version info
2026-10-09T04:33:59.0389976Z Working directory is '/home/runner/work/tabmail/tabmail'
2026-10-09T04:33:59.0391893Z [command]/usr/bin/git version
2026-10-09T04:33:59.0447834Z git version 2.55.0
2026-10-09T04:33:59.0471330Z ##[endgroup]
2026-10-09T04:33:59.0480426Z Temporarily overriding HOME='/home/runner/work/_temp/3ebe5c2d-52b4-4ab1-829d-531aa9162e27' before making global git config changes
2026-10-09T04:33:59.0484428Z Adding repository directory to the temporary git global config as a safe directory
2026-10-09T04:33:59.0487580Z [command]/usr/bin/git config --global --add safe.directory /home/runner/work/tabmail/tabmail
2026-10-09T04:33:59.0527696Z Deleting the contents of '/home/runner/work/tabmail/tabmail'
2026-10-09T04:33:59.0531987Z ##[group]Initializing the repository
2026-10-09T04:33:59.0536155Z [command]/usr/bin/git init /home/runner/work/tabmail/tabmail
2026-10-09T04:33:59.0633026Z hint: Using 'master' as the name for the initial branch. This default branch name
2026-10-09T04:33:59.0635574Z hint: will change to "main" in Git 3.0. To configure the initial branch name
2026-10-09T04:33:59.0638324Z hint: to use in all of your new repositories, which will suppress this warning,
2026-10-09T04:33:59.0640253Z hint: call:
2026-10-09T04:33:59.0641361Z hint:
2026-10-09T04:33:59.0642783Z hint: 	git config --global init.defaultBranch <name>
2026-10-09T04:33:59.0644308Z hint:
2026-10-09T04:33:59.0646051Z hint: Names commonly chosen instead of 'master' are 'main', 'trunk' and
2026-10-09T04:33:59.0648163Z hint: 'development'. The just-created branch can be renamed via this command:
2026-10-09T04:33:59.0649632Z hint:
2026-10-09T04:33:59.0650671Z hint: 	git branch -m <name>
2026-10-09T04:33:59.0651557Z hint:
2026-10-09T04:33:59.0652769Z hint: Disable this message with "git config set advice.defaultBranchName false"
2026-10-09T04:33:59.0654535Z Initialized empty Git repository in /home/runner/work/tabmail/tabmail/.git/
2026-10-09T04:33:59.0657608Z [command]/usr/bin/git remote add origin https://github.com/jyqj/tabmail
2026-10-09T04:33:59.0687207Z ##[endgroup]
2026-10-09T04:33:59.0688670Z ##[group]Disabling automatic garbage collection
2026-10-09T04:33:59.0690141Z [command]/usr/bin/git config --local gc.auto 0
2026-10-09T04:33:59.0716838Z ##[endgroup]
2026-10-09T04:33:59.0718188Z ##[group]Setting up auth
2026-10-09T04:33:59.0722710Z [command]/usr/bin/git config --local --name-only --get-regexp core\.sshCommand
2026-10-09T04:33:59.0753525Z [command]/usr/bin/git submodule foreach --recursive sh -c "git config --local --name-only --get-regexp 'core\.sshCommand' && git config --local --unset-all 'core.sshCommand' || :"
2026-10-09T04:33:59.1084576Z [command]/usr/bin/git config --local --name-only --get-regexp http\.https\:\/\/github\.com\/\.extraheader
2026-10-09T04:33:59.1110340Z [command]/usr/bin/git submodule foreach --recursive sh -c "git config --local --name-only --get-regexp 'http\.https\:\/\/github\.com\/\.extraheader' && git config --local --unset-all 'http.https://github.com/.extraheader' || :"
2026-10-09T04:33:59.1282353Z [command]/usr/bin/git config --local --name-only --get-regexp ^includeIf\.gitdir:
2026-10-09T04:33:59.1306209Z [command]/usr/bin/git submodule foreach --recursive git config --local --show-origin --name-only --get-regexp remote.origin.url
2026-10-09T04:33:59.1480848Z [command]/usr/bin/git config --local http.https://github.com/.extraheader AUTHORIZATION: basic ***
2026-10-09T04:33:59.1551103Z ##[endgroup]
2026-10-09T04:33:59.1552830Z ##[group]Fetching the repository
2026-10-09T04:33:59.1560085Z [command]/usr/bin/git -c protocol.version=2 fetch --prune --no-recurse-submodules origin +refs/heads/*:refs/remotes/origin/* +refs/tags/*:refs/tags/* +2f435215d0c4e259bc3c0e47383139fc5bfb2be5:refs/remotes/pull/225/merge
2026-10-09T04:34:04.0639725Z From https://github.com/jyqj/tabmail
2026-10-09T04:34:04.0640728Z  * [new branch]      audit-pr21-41b015c                       -> origin/audit-pr21-41b015c
2026-10-09T04:34:04.0641852Z  * [new branch]      candidate/r5-consumer-adapter-20261004   -> origin/candidate/r5-consumer-adapter-20261004
2026-10-09T04:34:04.0642982Z  * [new branch]      candidate/r5-consumer-adapter-corrected-20261004 -> origin/candidate/r5-consumer-adapter-corrected-20261004
2026-10-09T04:34:04.0644120Z  * [new branch]      candidate/r5-consumer-classifier-contract-20261004 -> origin/candidate/r5-consumer-classifier-contract-20261004
2026-10-09T04:34:04.0645428Z  * [new branch]      candidate/r5-consumer-generated-provenance-20261004 -> origin/candidate/r5-consumer-generated-provenance-20261004
2026-10-09T04:34:04.0646830Z  * [new branch]      candidate/r5-runtime-v3-20261004         -> origin/candidate/r5-runtime-v3-20261004
2026-10-09T04:34:04.0647941Z  * [new branch]      candidate/r5-slice4-batch-20261004       -> origin/candidate/r5-slice4-batch-20261004
2026-10-09T04:34:04.0649033Z  * [new branch]      candidate/slice4-bridge-caller-20261004  -> origin/candidate/slice4-bridge-caller-20261004
2026-10-09T04:34:04.0650655Z  * [new branch]      chore/company-mail-r5-checkpoint-20260930 -> origin/chore/company-mail-r5-checkpoint-20260930
2026-10-09T04:34:04.0652057Z  * [new branch]      chore/selected-v3-metadata-gate-20261004-pnkZA9ce -> origin/chore/selected-v3-metadata-gate-20261004-pnkZA9ce
2026-10-09T04:34:04.0653308Z  * [new branch]      chore/tabmail-catalog16-exec-20261009    -> origin/chore/tabmail-catalog16-exec-20261009
2026-10-09T04:34:04.0654326Z  * [new branch]      ci/company-mail-r5-wiring-20261003       -> origin/ci/company-mail-r5-wiring-20261003
2026-10-09T04:34:04.0655404Z  * [new branch]      cloud/r5-source-integration-20261004     -> origin/cloud/r5-source-integration-20261004
2026-10-09T04:34:04.0656961Z  * [new branch]      cloud/r5-union-components-f52-20261004-prestart-c741 -> origin/cloud/r5-union-components-f52-20261004-prestart-c741
2026-10-09T04:34:04.0658180Z  * [new branch]      cloud/r5-union-dbhttp-f52-20261004-0449  -> origin/cloud/r5-union-dbhttp-f52-20261004-0449
2026-10-09T04:34:04.0659265Z  * [new branch]      cloud/r5-union-default-f52-20261004-0441 -> origin/cloud/r5-union-default-f52-20261004-0441
2026-10-09T04:34:04.0660337Z  * [new branch]      codex/pe-independent-review              -> origin/codex/pe-independent-review
2026-10-09T04:34:04.0661250Z  * [new branch]      codex/pe-shared-adapter                  -> origin/codex/pe-shared-adapter
2026-10-09T04:34:04.0662687Z  * [new branch]      codex/r5-approved-catalog-reconciliation-20261004 -> origin/codex/r5-approved-catalog-reconciliation-20261004
2026-10-09T04:34:04.0663550Z  * [new branch]      codex/r5-compatibility-source-boundary   -> origin/codex/r5-compatibility-source-boundary
2026-10-09T04:34:04.0664249Z  * [new branch]      codex/r5-compile-stability-20261004      -> origin/codex/r5-compile-stability-20261004
2026-10-09T04:34:04.0664904Z  * [new branch]      codex/r5-current-wire-20261003           -> origin/codex/r5-current-wire-20261003
2026-10-09T04:34:04.0665533Z  * [new branch]      codex/r5-env-evidence-20261004           -> origin/codex/r5-env-evidence-20261004
2026-10-09T04:34:04.0666630Z  * [new branch]      codex/r5-external-runtime-20261003       -> origin/codex/r5-external-runtime-20261003
2026-10-09T04:34:04.0667483Z  * [new branch]      codex/r5-v3-preparation-slice2           -> origin/codex/r5-v3-preparation-slice2
2026-10-09T04:34:04.0668425Z  * [new branch]      design/r5-v3-consumer-opt-in-20261004    -> origin/design/r5-v3-consumer-opt-in-20261004
2026-10-09T04:34:04.0669355Z  * [new branch]      docs/r5-archive-boundary-v1              -> origin/docs/r5-archive-boundary-v1
2026-10-09T04:34:04.0670079Z  * [new branch]      evidence/r5-catalog-rev11-3a-20261008-b8f95a -> origin/evidence/r5-catalog-rev11-3a-20261008-b8f95a
2026-10-09T04:34:04.0670906Z  * [new branch]      experiment/goose-buffer-64k              -> origin/experiment/goose-buffer-64k
2026-10-09T04:34:04.0671616Z  * [new branch]      feat/r5-archive-boundary-v1              -> origin/feat/r5-archive-boundary-v1
2026-10-09T04:34:04.0672291Z  * [new branch]      feat/runtime-batch-validation            -> origin/feat/runtime-batch-validation
2026-10-09T04:34:04.0672950Z  * [new branch]      fix/auth-body-limit-20261005             -> origin/fix/auth-body-limit-20261005
2026-10-09T04:34:04.0673638Z  * [new branch]      fix/batch-supervisor-lifecycle-20261004  -> origin/fix/batch-supervisor-lifecycle-20261004
2026-10-09T04:34:04.0674568Z  * [new branch]      fix/browser-reply-journey-20261003       -> origin/fix/browser-reply-journey-20261003
2026-10-09T04:34:04.0675280Z  * [new branch]      fix/compose-query-completion-20261005    -> origin/fix/compose-query-completion-20261005
2026-10-09T04:34:04.0676234Z  * [new branch]      fix/compose-send-lifecycle-20261005      -> origin/fix/compose-send-lifecycle-20261005
2026-10-09T04:34:04.0676882Z  * [new branch]      fix/direct-null-mx-20261006              -> origin/fix/direct-null-mx-20261006
2026-10-09T04:34:04.0677563Z  * [new branch]      fix/draft-reload-serialization-20261005  -> origin/fix/draft-reload-serialization-20261005
2026-10-09T04:34:04.0678456Z  * [new branch]      fix/editor-opening-ownership-20261005    -> origin/fix/editor-opening-ownership-20261005
2026-10-09T04:34:04.0679148Z  * [new branch]      fix/lf01-frozen-offboarding              -> origin/fix/lf01-frozen-offboarding
2026-10-09T04:34:04.0679817Z  * [new branch]      fix/live-content-refresh-20261005        -> origin/fix/live-content-refresh-20261005
2026-10-09T04:34:04.0680540Z  * [new branch]      fix/mail-reader-invalidation-20261004    -> origin/fix/mail-reader-invalidation-20261004
2026-10-09T04:34:04.0681314Z  * [new branch]      fix/message-action-reconciliation-20261005 -> origin/fix/message-action-reconciliation-20261005
2026-10-09T04:34:04.0682057Z  * [new branch]      fix/offboarding-successor-authz          -> origin/fix/offboarding-successor-authz
2026-10-09T04:34:04.0682712Z  * [new branch]      fix/pr21-client-inventory                -> origin/fix/pr21-client-inventory
2026-10-09T04:34:04.0683359Z  * [new branch]      fix/pr21-harness-lint-41b015c            -> origin/fix/pr21-harness-lint-41b015c
2026-10-09T04:34:04.0684080Z  * [new branch]      fix/profile-refresh-three-way-20261003   -> origin/fix/profile-refresh-three-way-20261003
2026-10-09T04:34:04.0684853Z  * [new branch]      fix/r5-benchmark-strict-evidence-20261001 -> origin/fix/r5-benchmark-strict-evidence-20261001
2026-10-09T04:34:04.0685695Z  * [new branch]      fix/r5-descriptor-tests                  -> origin/fix/r5-descriptor-tests
2026-10-09T04:34:04.0686405Z  * [new branch]      fix/r5-excluded-metadata                 -> origin/fix/r5-excluded-metadata
2026-10-09T04:34:04.0687023Z  * [new branch]      fix/r5-fixture-owner-join                -> origin/fix/r5-fixture-owner-join
2026-10-09T04:34:04.0687724Z  * [new branch]      fix/r5-legacy-recipients-alias-20261003  -> origin/fix/r5-legacy-recipients-alias-20261003
2026-10-09T04:34:04.0688451Z  * [new branch]      fix/r5-pe-seed-f875                      -> origin/fix/r5-pe-seed-f875
2026-10-09T04:34:04.0689125Z  * [new branch]      fix/r5-rc-receipt-contract-20261003      -> origin/fix/r5-rc-receipt-contract-20261003
2026-10-09T04:34:04.0690118Z  * [new branch]      fix/r5-receipt-inspection-test-gate      -> origin/fix/r5-receipt-inspection-test-gate
2026-10-09T04:34:04.0690877Z  * [new branch]      fix/r5-receipt-surface-contract-20261003 -> origin/fix/r5-receipt-surface-contract-20261003
2026-10-09T04:34:04.0691566Z  * [new branch]      fix/r5-router-touch-oracle               -> origin/fix/r5-router-touch-oracle
2026-10-09T04:34:04.0692240Z  * [new branch]      fix/r5-schema16-benchmark-fixtures       -> origin/fix/r5-schema16-benchmark-fixtures
2026-10-09T04:34:04.0693053Z  * [new branch]      fix/r5-selected-source-binding-20261003  -> origin/fix/r5-selected-source-binding-20261003
2026-10-09T04:34:04.0694127Z  * [new branch]      fix/r5-shared-receipt-legacy-20261003    -> origin/fix/r5-shared-receipt-legacy-20261003
2026-10-09T04:34:04.0695329Z  * [new branch]      fix/r5-source-excluded-metadata-20261003 -> origin/fix/r5-source-excluded-metadata-20261003
2026-10-09T04:34:04.0696610Z  * [new branch]      fix/r5-source-runner-preparation         -> origin/fix/r5-source-runner-preparation
2026-10-09T04:34:04.0697579Z  * [new branch]      fix/r5-stream-transport                  -> origin/fix/r5-stream-transport
2026-10-09T04:34:04.0698536Z  * [new branch]      fix/r5-transaction-inventory             -> origin/fix/r5-transaction-inventory
2026-10-09T04:34:04.0699620Z  * [new branch]      fix/r5-v3-producer-path-20261004         -> origin/fix/r5-v3-producer-path-20261004
2026-10-09T04:34:04.0700861Z  * [new branch]      fix/r5-v3-rejection-evidence-20261004    -> origin/fix/r5-v3-rejection-evidence-20261004
2026-10-09T04:34:04.0701940Z  * [new branch]      fix/receipt-aggregate-refresh-20261005   -> origin/fix/receipt-aggregate-refresh-20261005
2026-10-09T04:34:04.0703019Z  * [new branch]      fix/recipient-reload-display-20261005    -> origin/fix/recipient-reload-display-20261005
2026-10-09T04:34:04.0704419Z  * [new branch]      fix/selected-attestation-stable-capture  -> origin/fix/selected-attestation-stable-capture
2026-10-09T04:34:04.0705547Z  * [new branch]      fix/sent-action-lifecycle-20261005       -> origin/fix/sent-action-lifecycle-20261005
2026-10-09T04:34:04.0707238Z  * [new branch]      fix/smtp-data-cause-20261006             -> origin/fix/smtp-data-cause-20261006
2026-10-09T04:34:04.0708260Z  * [new branch]      fix/smtp-owner-logger-gate               -> origin/fix/smtp-owner-logger-gate
2026-10-09T04:34:04.0709035Z  * [new branch]      fix/sse-framing-20261004                 -> origin/fix/sse-framing-20261004
2026-10-09T04:34:04.0709704Z  * [new branch]      fix/subject-wire-encoding-20261006       -> origin/fix/subject-wire-encoding-20261006
2026-10-09T04:34:04.0710829Z  * [new branch]      fix/tabmail-followup-recovery-20261008   -> origin/fix/tabmail-followup-recovery-20261008
2026-10-09T04:34:04.0711593Z  * [new branch]      integration/catalog-v3-frozen-20261004   -> origin/integration/catalog-v3-frozen-20261004
2026-10-09T04:34:04.0712355Z  * [new branch]      integration/company-mail-r5-20261003     -> origin/integration/company-mail-r5-20261003
2026-10-09T04:34:04.0713102Z  * [new branch]      integration/company-mail-r5-batch2-20261003 -> origin/integration/company-mail-r5-batch2-20261003
2026-10-09T04:34:04.0713869Z  * [new branch]      integration/company-mail-r5-batch3-20261003 -> origin/integration/company-mail-r5-batch3-20261003
2026-10-09T04:34:04.0714649Z  * [new branch]      integration/company-mail-r5-batch4-20261003 -> origin/integration/company-mail-r5-batch4-20261003
2026-10-09T04:34:04.0715389Z  * [new branch]      integration/company-mail-r5-batch5-20261003 -> origin/integration/company-mail-r5-batch5-20261003
2026-10-09T04:34:04.0716482Z  * [new branch]      integration/company-mail-r5-pr-management-20261007 -> origin/integration/company-mail-r5-pr-management-20261007
2026-10-09T04:34:04.0717282Z  * [new branch]      integration/pe-lf-components-20261004    -> origin/integration/pe-lf-components-20261004
2026-10-09T04:34:04.0718170Z  * [new branch]      integration/r5-consumer-slices23-20261004 -> origin/integration/r5-consumer-slices23-20261004
2026-10-09T04:34:04.0718896Z  * [new branch]      integration/r5-slice4-combined-20261004  -> origin/integration/r5-slice4-combined-20261004
2026-10-09T04:34:04.0719615Z  * [new branch]      integration/r5-source-combined-20261003  -> origin/integration/r5-source-combined-20261003
2026-10-09T04:34:04.0720291Z  * [new branch]      investigate/pe03-profile-editor          -> origin/investigate/pe03-profile-editor
2026-10-09T04:34:04.0720847Z  * [new branch]      main                                     -> origin/main
2026-10-09T04:34:04.0721395Z  * [new branch]      prep/source-policy-20261003              -> origin/prep/source-policy-20261003
2026-10-09T04:34:04.0722028Z  * [new branch]      r5-cloud-background-20261003             -> origin/r5-cloud-background-20261003
2026-10-09T04:34:04.0722654Z  * [new branch]      r5-cloud-smtp-owner-20261003             -> origin/r5-cloud-smtp-owner-20261003
2026-10-09T04:34:04.0723272Z  * [new branch]      r5-permission-audit-20261003             -> origin/r5-permission-audit-20261003
2026-10-09T04:34:04.0723930Z  * [new branch]      r5-source-v3-pure-isolated-20261003      -> origin/r5-source-v3-pure-isolated-20261003
2026-10-09T04:34:04.0724617Z  * [new branch]      r5/formal-components-f875-20261004       -> origin/r5/formal-components-f875-20261004
2026-10-09T04:34:04.0725345Z  * [new branch]      review/external-batch-independent-20261004 -> origin/review/external-batch-independent-20261004
2026-10-09T04:34:04.0726246Z  * [new branch]      review/independent-frontend-7a43654      -> origin/review/independent-frontend-7a43654
2026-10-09T04:34:04.0727026Z  * [new branch]      review/offboarding-pair-independent-20261004 -> origin/review/offboarding-pair-independent-20261004
2026-10-09T04:34:04.0727756Z  * [new branch]      review/r5-archive-fixed-0c1f4f6          -> origin/review/r5-archive-fixed-0c1f4f6
2026-10-09T04:34:04.0728583Z  * [new branch]      review/r5-catalog-independent-cloud-20261004 -> origin/review/r5-catalog-independent-cloud-20261004
2026-10-09T04:34:04.0729348Z  * [new branch]      review/r5-classifier-independent-20261004 -> origin/review/r5-classifier-independent-20261004
2026-10-09T04:34:04.0730082Z  * [new branch]      review/r5-corrected-independent-20261004 -> origin/review/r5-corrected-independent-20261004
2026-10-09T04:34:04.0730783Z  * [new branch]      review/r5-env-independent-20261004       -> origin/review/r5-env-independent-20261004
2026-10-09T04:34:04.0731535Z  * [new branch]      review/r5-env-p2-delta-independent-20261004 -> origin/review/r5-env-p2-delta-independent-20261004
2026-10-09T04:34:04.0732277Z  * [new branch]      review/r5-generated-independent-20261004 -> origin/review/r5-generated-independent-20261004
2026-10-09T04:34:04.0732954Z  * [new branch]      review/r5-independent-20261004           -> origin/review/r5-independent-20261004
2026-10-09T04:34:04.0733733Z  * [new branch]      review/r5-preparation-slice2-independent-20261004 -> origin/review/r5-preparation-slice2-independent-20261004
2026-10-09T04:34:04.0734612Z  * [new branch]      review/r5-runtime-v3-slice3-independent-20261004 -> origin/review/r5-runtime-v3-slice3-independent-20261004
2026-10-09T04:34:04.0735444Z  * [new branch]      review/r5-slice4-batch-independent-20261004 -> origin/review/r5-slice4-batch-independent-20261004
2026-10-09T04:34:04.0736359Z  * [new branch]      review/r5-slice5-independent-20261004    -> origin/review/r5-slice5-independent-20261004
2026-10-09T04:34:04.0737286Z  * [new branch]      review/selected-attestation-v1-independent-20261003 -> origin/review/selected-attestation-v1-independent-20261003
2026-10-09T04:34:04.0738346Z  * [new branch]      review/slice4-bridge-independent-20261004 -> origin/review/slice4-bridge-independent-20261004
2026-10-09T04:34:04.0739372Z  * [new branch]      review/source-excluded-independent-20261003 -> origin/review/source-excluded-independent-20261003
2026-10-09T04:34:04.0740661Z  * [new branch]      tooling/selected-binding-v3-20261004     -> origin/tooling/selected-binding-v3-20261004
2026-10-09T04:34:04.0741797Z  * [new branch]      verification/r5-slice5-closure-20261004  -> origin/verification/r5-slice5-closure-20261004
2026-10-09T04:34:04.0743004Z  * [new branch]      verification/r5-slice5-physical-plan-v2-20261004 -> origin/verification/r5-slice5-physical-plan-v2-20261004
2026-10-09T04:34:04.0744190Z  * [new branch]      work/company-mail-r5-goal-20260930       -> origin/work/company-mail-r5-goal-20260930
2026-10-09T04:34:04.0745418Z  * [new branch]      work/r5-followup-round3-source-20261007  -> origin/work/r5-followup-round3-source-20261007
2026-10-09T04:34:04.0746570Z  * [new tag]         archive/codex-deep-authz                 -> archive/codex-deep-authz
2026-10-09T04:34:04.0747204Z  * [new tag]         archive/ingress-operations-console       -> archive/ingress-operations-console
2026-10-09T04:34:04.0747859Z  * [new tag]         baseline/company-mail-r4-20260928        -> baseline/company-mail-r4-20260928
2026-10-09T04:34:04.0748495Z  * [new tag]         baseline/company-mail-r5-b01u-20260930   -> baseline/company-mail-r5-b01u-20260930
2026-10-09T04:34:04.0749054Z  * [new tag]         v1.0.0                                   -> v1.0.0
2026-10-09T04:34:04.0749533Z  * [new ref]         2f435215d0c4e259bc3c0e47383139fc5bfb2be5 -> pull/225/merge
2026-10-09T04:34:04.0751317Z ##[endgroup]
2026-10-09T04:34:04.0751910Z ##[group]Determining the checkout info
2026-10-09T04:34:04.0752580Z ##[endgroup]
2026-10-09T04:34:04.0753022Z [command]/usr/bin/git sparse-checkout disable
2026-10-09T04:34:04.0754023Z [command]/usr/bin/git config --local --unset-all extensions.worktreeConfig
2026-10-09T04:34:04.0768015Z ##[group]Checking out the ref
2026-10-09T04:34:04.0772114Z [command]/usr/bin/git checkout --progress --force refs/remotes/pull/225/merge
2026-10-09T04:34:04.4796531Z Note: switching to 'refs/remotes/pull/225/merge'.
2026-10-09T04:34:04.4797281Z 
2026-10-09T04:34:04.4797567Z You are in 'detached HEAD' state. You can look around, make experimental
2026-10-09T04:34:04.4798224Z changes and commit them, and you can discard any commits you make in this
2026-10-09T04:34:04.4798853Z state without impacting any branches by switching back to a branch.
2026-10-09T04:34:04.4799219Z 
2026-10-09T04:34:04.4799466Z If you want to create a new branch to retain commits you create, you may
2026-10-09T04:34:04.4800014Z do so (now or later) by using -c with the switch command. Example:
2026-10-09T04:34:04.4800266Z 
2026-10-09T04:34:04.4800391Z   git switch -c <new-branch-name>
2026-10-09T04:34:04.4800557Z 
2026-10-09T04:34:04.4800680Z Or undo this operation with:
2026-10-09T04:34:04.4800831Z 
2026-10-09T04:34:04.4818603Z   git switch -
2026-10-09T04:34:04.4818798Z 
2026-10-09T04:34:04.4819105Z Turn off this advice by setting config variable advice.detachedHead to false
2026-10-09T04:34:04.4819505Z 
2026-10-09T04:34:04.4819925Z HEAD is now at 2f43521 Merge 167e38b1541c027107fc81900f3e37fda7289677 into b6516f9ac873f4464894933b5c3a0e046bc9a4a5
2026-10-09T04:34:04.4821660Z ##[endgroup]
2026-10-09T04:34:04.4858477Z [command]/usr/bin/git log -1 --format=%H
2026-10-09T04:34:04.4879023Z 2f435215d0c4e259bc3c0e47383139fc5bfb2be5
2026-10-09T04:34:04.4896484Z ##[group]Removing auth
2026-10-09T04:34:04.4899353Z [command]/usr/bin/git config --local --name-only --get-regexp core\.sshCommand
2026-10-09T04:34:04.4924094Z [command]/usr/bin/git submodule foreach --recursive sh -c "git config --local --name-only --get-regexp 'core\.sshCommand' && git config --local --unset-all 'core.sshCommand' || :"
2026-10-09T04:34:04.5108560Z [command]/usr/bin/git config --local --name-only --get-regexp http\.https\:\/\/github\.com\/\.extraheader
2026-10-09T04:34:04.5128876Z http.https://github.com/.extraheader
2026-10-09T04:34:04.5135058Z [command]/usr/bin/git config --local --unset-all http.https://github.com/.extraheader
2026-10-09T04:34:04.5163486Z [command]/usr/bin/git submodule foreach --recursive sh -c "git config --local --name-only --get-regexp 'http\.https\:\/\/github\.com\/\.extraheader' && git config --local --unset-all 'http.https://github.com/.extraheader' || :"
2026-10-09T04:34:04.5341924Z [command]/usr/bin/git config --local --name-only --get-regexp ^includeIf\.gitdir:
2026-10-09T04:34:04.5363753Z [command]/usr/bin/git submodule foreach --recursive git config --local --show-origin --name-only --get-regexp remote.origin.url
2026-10-09T04:34:04.5535091Z ##[endgroup]
2026-10-09T04:34:04.6569426Z ##[group]Run git rev-parse HEAD > frontend-source-sha.txt
2026-10-09T04:34:04.6569893Z [36;1mgit rev-parse HEAD > frontend-source-sha.txt[0m
2026-10-09T04:34:04.6739773Z shell: /usr/bin/bash -e {0}
2026-10-09T04:34:04.6740056Z ##[endgroup]
2026-10-09T04:34:04.9318283Z ##[group]Run actions/setup-node@v4
2026-10-09T04:34:04.9318548Z with:
2026-10-09T04:34:04.9318751Z   node-version: 22
2026-10-09T04:34:04.9318957Z   cache: npm
2026-10-09T04:34:04.9319216Z   cache-dependency-path: web/package-lock.json
2026-10-09T04:34:04.9319501Z   always-auth: false
2026-10-09T04:34:04.9319714Z   check-latest: false
2026-10-09T04:34:04.9321999Z   token: ***
2026-10-09T04:34:04.9322199Z ##[endgroup]
2026-10-09T04:34:05.1206518Z Found in cache @ /opt/hostedtoolcache/node/22.23.3/x64
2026-10-09T04:34:05.1208594Z (node:2175) [DEP0040] DeprecationWarning: The `punycode` module is deprecated. Please use a userland alternative instead.
2026-10-09T04:34:05.1209565Z (Use `node --trace-deprecation ...` to show where the warning was created)
2026-10-09T04:34:05.1212003Z ##[group]Environment details
2026-10-09T04:34:05.4925321Z node: v22.23.3
2026-10-09T04:34:05.4925901Z npm: 10.9.9
2026-10-09T04:34:05.4926207Z yarn: 1.22.22
2026-10-09T04:34:05.4926945Z ##[endgroup]
2026-10-09T04:34:05.4943781Z [command]/opt/hostedtoolcache/node/22.23.3/x64/bin/npm config get cache
2026-10-09T04:34:05.5892283Z /home/runner/.npm
2026-10-09T04:34:05.8069776Z Cache hit for: node-cache-Linux-x64-npm-1f11d5bf27382bb59d5ee0cb204bd42aa8ea0c75776f465906e824633b82434c
2026-10-09T04:34:05.8167393Z (node:2175) [DEP0169] DeprecationWarning: `url.parse()` behavior is not standardized and prone to errors that have security implications. Use the WHATWG URL API instead. CVEs are not issued for `url.parse()` vulnerabilities.
2026-10-09T04:34:07.0487969Z Received 37748736 of 213660432 (17.7%), 36.0 MBs/sec
2026-10-09T04:34:08.0491166Z Received 201326592 of 213660432 (94.2%), 96.0 MBs/sec
2026-10-09T04:34:08.1132859Z Received 213660432 of 213660432 (100.0%), 98.7 MBs/sec
2026-10-09T04:34:08.1133435Z Cache Size: ~204 MB (213660432 B)
2026-10-09T04:34:08.1159296Z [command]/usr/bin/tar -xf /home/runner/work/_temp/0044b382-3aa2-4a53-896f-015ada208e0a/cache.tzst -P -C /home/runner/work/tabmail/tabmail --use-compress-program unzstd
2026-10-09T04:34:08.3527242Z Cache restored successfully
2026-10-09T04:34:08.3609685Z Cache restored from key: node-cache-Linux-x64-npm-1f11d5bf27382bb59d5ee0cb204bd42aa8ea0c75776f465906e824633b82434c
2026-10-09T04:34:08.4393562Z ##[group]Run actions/setup-go@v5
2026-10-09T04:34:08.4393818Z with:
2026-10-09T04:34:08.4394025Z   go-version-file: go.mod
2026-10-09T04:34:08.4394263Z   check-latest: false
2026-10-09T04:34:08.4396569Z   token: ***
2026-10-09T04:34:08.4396785Z   cache: true
2026-10-09T04:34:08.4396989Z ##[endgroup]
2026-10-09T04:34:08.5644448Z Setup go version spec 1.25.7
2026-10-09T04:34:08.5648664Z Attempting to download 1.25.7...
2026-10-09T04:34:08.5752329Z (node:2222) [DEP0040] DeprecationWarning: The `punycode` module is deprecated. Please use a userland alternative instead.
2026-10-09T04:34:08.5753217Z (Use `node --trace-deprecation ...` to show where the warning was created)
2026-10-09T04:34:09.4441118Z matching 1.25.7...
2026-10-09T04:34:09.4479028Z Acquiring 1.25.7 from https://github.com/actions/go-versions/releases/download/1.25.7-21696103256/go-1.25.7-linux-x64.tar.gz
2026-10-09T04:34:10.1007706Z Extracting Go...
2026-10-09T04:34:10.1103151Z [command]/usr/bin/tar xz --warning=no-unknown-keyword --overwrite -C /home/runner/work/_temp/dade9daf-edb3-4c02-b890-76a81cc55a9d -f /home/runner/work/_temp/6b028e38-6e6f-40ef-8bf3-de3e3f683906
2026-10-09T04:34:11.8828434Z Successfully extracted go to /home/runner/work/_temp/dade9daf-edb3-4c02-b890-76a81cc55a9d
2026-10-09T04:34:11.8829174Z Adding to the cache ...
2026-10-09T04:34:20.7905155Z Successfully cached go to /opt/hostedtoolcache/go/1.25.7/x64
2026-10-09T04:34:20.7907365Z Added go to the path
2026-10-09T04:34:20.7910218Z Successfully set up Go version 1.25.7
2026-10-09T04:34:20.8096344Z [command]/opt/hostedtoolcache/go/1.25.7/x64/bin/go env GOMODCACHE
2026-10-09T04:34:20.8123412Z [command]/opt/hostedtoolcache/go/1.25.7/x64/bin/go env GOCACHE
2026-10-09T04:34:20.8152260Z /home/runner/go/pkg/mod
2026-10-09T04:34:20.8168053Z /home/runner/.cache/go-build
2026-10-09T04:34:21.0257243Z Cache hit for: setup-go-Linux-x64-ubuntu24-go-1.25.7-4513745f7b95ab0bc8e1f9edd24c294514fb4a9ee51f2290b342654582d5d782
2026-10-09T04:34:21.0354081Z (node:2222) [DEP0169] DeprecationWarning: `url.parse()` behavior is not standardized and prone to errors that have security implications. Use the WHATWG URL API instead. CVEs are not issued for `url.parse()` vulnerabilities.
2026-10-09T04:34:22.2486108Z Received 46137344 of 266857975 (17.3%), 44.0 MBs/sec
2026-10-09T04:34:23.2481298Z Received 213909504 of 266857975 (80.2%), 102.0 MBs/sec
2026-10-09T04:34:23.5110398Z Received 266857975 of 266857975 (100.0%), 112.5 MBs/sec
2026-10-09T04:34:23.5111059Z Cache Size: ~254 MB (266857975 B)
2026-10-09T04:34:23.5138890Z [command]/usr/bin/tar -xf /home/runner/work/_temp/70c1aa0d-75ba-4045-b69a-49890900ae67/cache.tzst -P -C /home/runner/work/tabmail/tabmail --use-compress-program unzstd
2026-10-09T04:34:24.7289081Z Cache restored successfully
2026-10-09T04:34:24.7389827Z Cache restored from key: setup-go-Linux-x64-ubuntu24-go-1.25.7-4513745f7b95ab0bc8e1f9edd24c294514fb4a9ee51f2290b342654582d5d782
2026-10-09T04:34:24.7395515Z go version go1.25.7 linux/amd64
2026-10-09T04:34:24.7396270Z 
2026-10-09T04:34:24.7396705Z ##[group]go env
2026-10-09T04:34:24.7543620Z AR='ar'
2026-10-09T04:34:24.7543999Z CC='gcc'
2026-10-09T04:34:24.7544456Z CGO_CFLAGS='-O2 -g'
2026-10-09T04:34:24.7545029Z CGO_CPPFLAGS=''
2026-10-09T04:34:24.7545298Z CGO_CXXFLAGS='-O2 -g'
2026-10-09T04:34:24.7545550Z CGO_ENABLED='1'
2026-10-09T04:34:24.7546102Z CGO_FFLAGS='-O2 -g'
2026-10-09T04:34:24.7546418Z CGO_LDFLAGS='-O2 -g'
2026-10-09T04:34:24.7546691Z CXX='g++'
2026-10-09T04:34:24.7546925Z GCCGO='gccgo'
2026-10-09T04:34:24.7547152Z GO111MODULE=''
2026-10-09T04:34:24.7547382Z GOAMD64='v1'
2026-10-09T04:34:24.7547599Z GOARCH='amd64'
2026-10-09T04:34:24.7547814Z GOAUTH='netrc'
2026-10-09T04:34:24.7548040Z GOBIN=''
2026-10-09T04:34:24.7548316Z GOCACHE='/home/runner/.cache/go-build'
2026-10-09T04:34:24.7548611Z GOCACHEPROG=''
2026-10-09T04:34:24.7548832Z GODEBUG=''
2026-10-09T04:34:24.7549103Z GOENV='/home/runner/.config/go/env'
2026-10-09T04:34:24.7549376Z GOEXE=''
2026-10-09T04:34:24.7549592Z GOEXPERIMENT=''
2026-10-09T04:34:24.7550063Z GOFIPS140='off'
2026-10-09T04:34:24.7550293Z GOFLAGS=''
2026-10-09T04:34:24.7551077Z GOGCCFLAGS='-fPIC -m64 -pthread -Wl,--no-gc-sections -fmessage-length=0 -ffile-prefix-map=/tmp/go-build718924669=/tmp/go-build -gno-record-gcc-switches'
2026-10-09T04:34:24.7551706Z GOHOSTARCH='amd64'
2026-10-09T04:34:24.7551952Z GOHOSTOS='linux'
2026-10-09T04:34:24.7552178Z GOINSECURE=''
2026-10-09T04:34:24.7552484Z GOMOD='/home/runner/work/tabmail/tabmail/go.mod'
2026-10-09T04:34:24.7552845Z GOMODCACHE='/home/runner/go/pkg/mod'
2026-10-09T04:34:24.7553130Z GONOPROXY=''
2026-10-09T04:34:24.7553348Z GONOSUMDB=''
2026-10-09T04:34:24.7553556Z GOOS='linux'
2026-10-09T04:34:24.7553795Z GOPATH='/home/runner/go'
2026-10-09T04:34:24.7554035Z GOPRIVATE=''
2026-10-09T04:34:24.7554344Z GOPROXY='https://proxy.golang.org,direct'
2026-10-09T04:34:24.7554714Z GOROOT='/opt/hostedtoolcache/go/1.25.7/x64'
2026-10-09T04:34:24.7555040Z GOSUMDB='sum.golang.org'
2026-10-09T04:34:24.7555298Z GOTELEMETRY='local'
2026-10-09T04:34:24.7555849Z GOTELEMETRYDIR='/home/runner/.config/go/telemetry'
2026-10-09T04:34:24.7556186Z GOTMPDIR=''
2026-10-09T04:34:24.7556417Z GOTOOLCHAIN='auto'
2026-10-09T04:34:24.7556822Z GOTOOLDIR='/opt/hostedtoolcache/go/1.25.7/x64/pkg/tool/linux_amd64'
2026-10-09T04:34:24.7557179Z GOVCS=''
2026-10-09T04:34:24.7557414Z GOVERSION='go1.25.7'
2026-10-09T04:34:24.7557649Z GOWORK=''
2026-10-09T04:34:24.7557893Z PKG_CONFIG='pkg-config'
2026-10-09T04:34:24.7558051Z 
2026-10-09T04:34:24.7558386Z ##[endgroup]
2026-10-09T04:34:24.8146473Z ##[group]Run python3 -m pip install --disable-pip-version-check -r scripts/requirements-contract.txt
2026-10-09T04:34:24.8147156Z [36;1mpython3 -m pip install --disable-pip-version-check -r scripts/requirements-contract.txt[0m
2026-10-09T04:34:24.8192946Z shell: /usr/bin/bash -e {0}
2026-10-09T04:34:24.8193240Z ##[endgroup]
2026-10-09T04:34:25.3026637Z Defaulting to user installation because normal site-packages is not writeable
2026-10-09T04:34:26.0577246Z Collecting PyYAML==6.0.3 (from -r scripts/requirements-contract.txt (line 1))
2026-10-09T04:34:26.1252062Z   Downloading pyyaml-6.0.3-cp312-cp312-manylinux2014_x86_64.manylinux_2_17_x86_64.manylinux_2_28_x86_64.whl.metadata (2.4 kB)
2026-10-09T04:34:26.1646662Z Collecting jsonschema==4.26.0 (from -r scripts/requirements-contract.txt (line 3))
2026-10-09T04:34:26.1749209Z   Downloading jsonschema-4.26.0-py3-none-any.whl.metadata (7.6 kB)
2026-10-09T04:34:26.1961965Z Collecting rfc3339-validator==0.1.4 (from -r scripts/requirements-contract.txt (line 4))
2026-10-09T04:34:26.2062125Z   Downloading rfc3339_validator-0.1.4-py2.py3-none-any.whl.metadata (1.5 kB)
2026-10-09T04:34:26.2324071Z Collecting attrs==26.1.0 (from -r scripts/requirements-contract.txt (line 6))
2026-10-09T04:34:26.2433690Z   Downloading attrs-26.1.0-py3-none-any.whl.metadata (8.8 kB)
2026-10-09T04:34:26.2677573Z Collecting jsonschema-specifications==2025.9.1 (from -r scripts/requirements-contract.txt (line 7))
2026-10-09T04:34:26.2778008Z   Downloading jsonschema_specifications-2025.9.1-py3-none-any.whl.metadata (2.9 kB)
2026-10-09T04:34:26.3169754Z Collecting referencing==0.37.0 (from -r scripts/requirements-contract.txt (line 8))
2026-10-09T04:34:26.3274936Z   Downloading referencing-0.37.0-py3-none-any.whl.metadata (2.8 kB)
2026-10-09T04:34:26.6346744Z Collecting rpds-py==2026.6.3 (from -r scripts/requirements-contract.txt (line 9))
2026-10-09T04:34:26.6447635Z   Downloading rpds_py-2026.6.3-cp312-cp312-manylinux_2_17_x86_64.manylinux2014_x86_64.whl.metadata (4.1 kB)
2026-10-09T04:34:26.6681644Z Collecting six==1.17.0 (from -r scripts/requirements-contract.txt (line 10))
2026-10-09T04:34:26.6782189Z   Downloading six-1.17.0-py2.py3-none-any.whl.metadata (1.7 kB)
2026-10-09T04:34:26.7076384Z Collecting typing_extensions==4.16.0 (from -r scripts/requirements-contract.txt (line 11))
2026-10-09T04:34:26.7178630Z   Downloading typing_extensions-4.16.0-py3-none-any.whl.metadata (3.3 kB)
2026-10-09T04:34:26.7748855Z Downloading pyyaml-6.0.3-cp312-cp312-manylinux2014_x86_64.manylinux_2_17_x86_64.manylinux_2_28_x86_64.whl (807 kB)
2026-10-09T04:34:26.8249254Z    ━━━━━━━━━━━━━━━━━━━━━━━━━━━━━━━━━━━━━━━━ 807.9/807.9 kB 16.8 MB/s eta 0:00:00
2026-10-09T04:34:26.8350378Z Downloading jsonschema-4.26.0-py3-none-any.whl (90 kB)
2026-10-09T04:34:26.8388440Z    ━━━━━━━━━━━━━━━━━━━━━━━━━━━━━━━━━━━━━━━━ 90.6/90.6 kB 36.7 MB/s eta 0:00:00
2026-10-09T04:34:26.8487124Z Downloading rfc3339_validator-0.1.4-py2.py3-none-any.whl (3.5 kB)
2026-10-09T04:34:26.8603722Z Downloading attrs-26.1.0-py3-none-any.whl (67 kB)
2026-10-09T04:34:26.8644958Z    ━━━━━━━━━━━━━━━━━━━━━━━━━━━━━━━━━━━━━━━━ 67.5/67.5 kB 22.9 MB/s eta 0:00:00
2026-10-09T04:34:26.8747668Z Downloading jsonschema_specifications-2025.9.1-py3-none-any.whl (18 kB)
2026-10-09T04:34:26.8868385Z Downloading referencing-0.37.0-py3-none-any.whl (26 kB)
2026-10-09T04:34:26.8992392Z Downloading rpds_py-2026.6.3-cp312-cp312-manylinux_2_17_x86_64.manylinux2014_x86_64.whl (366 kB)
2026-10-09T04:34:26.9043050Z    ━━━━━━━━━━━━━━━━━━━━━━━━━━━━━━━━━━━━━━━ 366.2/366.2 kB 113.8 MB/s eta 0:00:00
2026-10-09T04:34:26.9150049Z Downloading six-1.17.0-py2.py3-none-any.whl (11 kB)
2026-10-09T04:34:26.9270959Z Downloading typing_extensions-4.16.0-py3-none-any.whl (45 kB)
2026-10-09T04:34:26.9305082Z    ━━━━━━━━━━━━━━━━━━━━━━━━━━━━━━━━━━━━━━━━ 45.6/45.6 kB 19.2 MB/s eta 0:00:00
2026-10-09T04:34:27.1885025Z Installing collected packages: typing_extensions, six, rpds-py, PyYAML, attrs, rfc3339-validator, referencing, jsonschema-specifications, jsonschema
2026-10-09T04:34:27.4069159Z Successfully installed PyYAML-6.0.3 attrs-26.1.0 jsonschema-4.26.0 jsonschema-specifications-2025.9.1 referencing-0.37.0 rfc3339-validator-0.1.4 rpds-py-2026.6.3 six-1.17.0 typing_extensions-4.16.0
2026-10-09T04:34:27.5218375Z ##[group]Run npm ci
2026-10-09T04:34:27.5218661Z [36;1mnpm ci[0m
2026-10-09T04:34:27.5257227Z shell: /usr/bin/bash -e {0}
2026-10-09T04:34:27.5257530Z ##[endgroup]
2026-10-09T04:34:33.1464190Z npm warn deprecated node-domexception@1.0.0: Use your platform's native DOMException instead
2026-10-09T04:34:39.9556322Z 
2026-10-09T04:34:39.9557071Z added 760 packages, and audited 761 packages in 12s
2026-10-09T04:34:39.9557511Z 
2026-10-09T04:34:39.9557773Z 264 packages are looking for funding
2026-10-09T04:34:39.9558285Z   run `npm fund` for details
2026-10-09T04:34:39.9996114Z 
2026-10-09T04:34:39.9997178Z 8 high severity vulnerabilities
2026-10-09T04:34:39.9997897Z 
2026-10-09T04:34:39.9998655Z To address issues that do not require attention, run:
2026-10-09T04:34:39.9999139Z   npm audit fix
2026-10-09T04:34:39.9999283Z 
2026-10-09T04:34:39.9999518Z To address all issues (including breaking changes), run:
2026-10-09T04:34:39.9999893Z   npm audit fix --force
2026-10-09T04:34:40.0000291Z 
2026-10-09T04:34:40.0000484Z Run `npm audit` for details.
2026-10-09T04:34:40.0770031Z ##[group]Run python3 -B scripts/run_r5_source_version_tests.py --root . --output frontend-source-version-tests.json
2026-10-09T04:34:40.0770776Z [36;1mpython3 -B scripts/run_r5_source_version_tests.py --root . --output frontend-source-version-tests.json[0m
2026-10-09T04:34:40.0809939Z shell: /usr/bin/bash -e {0}
2026-10-09T04:34:40.0810228Z ##[endgroup]
2026-10-09T04:35:43.7211639Z test_actual_contract (test_admin_override_contract.AdminOverrideContractTests.test_actual_contract) ... ok
2026-10-09T04:35:44.1720373Z test_duplicate_handler (test_admin_override_contract.AdminOverrideContractTests.test_duplicate_handler) ... ok
2026-10-09T04:35:44.6254537Z test_effective_response_is_not_raw_snapshot (test_admin_override_contract.AdminOverrideContractTests.test_effective_response_is_not_raw_snapshot) ... ok
2026-10-09T04:35:45.0539351Z test_extra_success_status (test_admin_override_contract.AdminOverrideContractTests.test_extra_success_status) ... ok
2026-10-09T04:35:45.4906578Z test_go_omitted_nullable_field (test_admin_override_contract.AdminOverrideContractTests.test_go_omitted_nullable_field) ... ok
2026-10-09T04:35:45.9424567Z test_missing_auth_middleware (test_admin_override_contract.AdminOverrideContractTests.test_missing_auth_middleware) ... ok
2026-10-09T04:35:46.3978894Z test_missing_envelope_requirement (test_admin_override_contract.AdminOverrideContractTests.test_missing_envelope_requirement) ... ok
2026-10-09T04:35:46.8304112Z test_missing_go_dto (test_admin_override_contract.AdminOverrideContractTests.test_missing_go_dto) ... ok
2026-10-09T04:35:47.2689019Z test_missing_handler (test_admin_override_contract.AdminOverrideContractTests.test_missing_handler) ... ok
2026-10-09T04:35:47.7125547Z test_missing_schema_field (test_admin_override_contract.AdminOverrideContractTests.test_missing_schema_field) ... ok
2026-10-09T04:35:48.1719313Z test_missing_security (test_admin_override_contract.AdminOverrideContractTests.test_missing_security) ... ok
2026-10-09T04:35:48.6278958Z test_missing_superadmin_middleware (test_admin_override_contract.AdminOverrideContractTests.test_missing_superadmin_middleware) ... ok
2026-10-09T04:35:49.0580897Z test_missing_ts_dto (test_admin_override_contract.AdminOverrideContractTests.test_missing_ts_dto) ... ok
2026-10-09T04:35:49.5062527Z test_nonnullable_schema_field (test_admin_override_contract.AdminOverrideContractTests.test_nonnullable_schema_field) ... ok
2026-10-09T04:35:49.9546667Z test_open_schema (test_admin_override_contract.AdminOverrideContractTests.test_open_schema) ... ok
2026-10-09T04:35:50.4014250Z test_optional_schema_field (test_admin_override_contract.AdminOverrideContractTests.test_optional_schema_field) ... ok
2026-10-09T04:35:50.8399348Z test_ts_nonnullable_field (test_admin_override_contract.AdminOverrideContractTests.test_ts_nonnullable_field) ... ok
2026-10-09T04:35:51.2807546Z test_ts_optional_field (test_admin_override_contract.AdminOverrideContractTests.test_ts_optional_field) ... ok
2026-10-09T04:35:51.7349759Z test_wrong_handler (test_admin_override_contract.AdminOverrideContractTests.test_wrong_handler) ... ok
2026-10-09T04:35:52.1902714Z test_wrong_numeric_bound (test_admin_override_contract.AdminOverrideContractTests.test_wrong_numeric_bound) ... ok
2026-10-09T04:35:52.6217159Z test_wrong_path_parameter (test_admin_override_contract.AdminOverrideContractTests.test_wrong_path_parameter) ... ok
2026-10-09T04:35:53.0586007Z test_action_resource_allowlist_matches_server_and_consumer (test_company_admin_events_contract.CompanyAdminEventsContractTests.test_action_resource_allowlist_matches_server_and_consumer) ... ok
2026-10-09T04:35:53.0588733Z test_exact_wire_fields_match_both_producer_and_consumer (test_company_admin_events_contract.CompanyAdminEventsContractTests.test_exact_wire_fields_match_both_producer_and_consumer) ... ok
2026-10-09T04:35:53.0591558Z test_read_and_frame_fences_are_source_evidence_not_broadcast (test_company_admin_events_contract.CompanyAdminEventsContractTests.test_read_and_frame_fences_are_source_evidence_not_broadcast) ... ok
2026-10-09T04:35:53.0592983Z test_route_sse_frames_and_advisory_last_id (test_company_admin_events_contract.CompanyAdminEventsContractTests.test_route_sse_frames_and_advisory_last_id) ... ok
2026-10-09T04:35:53.0597816Z test_duplicate_go_field_in_one_struct_fails (test_contract_drift.DuplicateDefinitionTests.test_duplicate_go_field_in_one_struct_fails) ... ok
2026-10-09T04:35:53.0602891Z test_duplicate_go_struct_across_files_fails (test_contract_drift.DuplicateDefinitionTests.test_duplicate_go_struct_across_files_fails) ... ok
2026-10-09T04:35:53.0609300Z test_duplicate_ts_field_in_one_interface_fails (test_contract_drift.DuplicateDefinitionTests.test_duplicate_ts_field_in_one_interface_fails) ... ok
2026-10-09T04:35:53.0613248Z test_duplicate_ts_interface_across_files_fails (test_contract_drift.DuplicateDefinitionTests.test_duplicate_ts_interface_across_files_fails) ... ok
2026-10-09T04:35:53.0617527Z test_deleted_go_model_fails (test_contract_drift.FieldSetTests.test_deleted_go_model_fails) ... ok
2026-10-09T04:35:53.0618438Z test_deleted_ts_model_fails (test_contract_drift.FieldSetTests.test_deleted_ts_model_fails) ... ok
2026-10-09T04:35:53.0623035Z test_renamed_go_field_fails (test_contract_drift.FieldSetTests.test_renamed_go_field_fails) ... ok
2026-10-09T04:35:53.0627076Z test_renamed_ts_field_fails (test_contract_drift.FieldSetTests.test_renamed_ts_field_fails) ... ok
2026-10-09T04:35:53.0631754Z test_inline_object_for_unmapped_nested_struct_passes (test_contract_drift.LegalContractTests.test_inline_object_for_unmapped_nested_struct_passes) ... ok
2026-10-09T04:35:53.0636930Z test_legal_contract_passes (test_contract_drift.LegalContractTests.test_legal_contract_passes) ... ok
2026-10-09T04:35:53.0640052Z test_mapped_nested_struct_with_wrong_ts_name_fails (test_contract_drift.NestedReferenceTests.test_mapped_nested_struct_with_wrong_ts_name_fails) ... ok
2026-10-09T04:35:53.0644205Z test_omitempty_value_with_ts_null_fails (test_contract_drift.NullabilityTests.test_omitempty_value_with_ts_null_fails) ... ok
2026-10-09T04:35:53.0648432Z test_pointer_omitempty_must_be_optional_or_nullable (test_contract_drift.NullabilityTests.test_pointer_omitempty_must_be_optional_or_nullable) ... ok
2026-10-09T04:35:53.0652409Z test_pointer_without_omitempty_requires_ts_null (test_contract_drift.NullabilityTests.test_pointer_without_omitempty_requires_ts_null) ... ok
2026-10-09T04:35:53.0657445Z test_value_field_with_ts_null_fails (test_contract_drift.NullabilityTests.test_value_field_with_ts_null_fails) ... ok
2026-10-09T04:35:53.0663267Z test_array_item_drift_fails (test_contract_drift.OpenAPIContractTests.test_array_item_drift_fails) ... ok
2026-10-09T04:35:53.0669216Z test_duplicate_yaml_key_is_rejected (test_contract_drift.OpenAPIContractTests.test_duplicate_yaml_key_is_rejected) ... ok
2026-10-09T04:35:53.0674819Z test_enum_drift_fails (test_contract_drift.OpenAPIContractTests.test_enum_drift_fails) ... ok
2026-10-09T04:35:53.0681279Z test_field_set_drift_fails (test_contract_drift.OpenAPIContractTests.test_field_set_drift_fails) ... ok
2026-10-09T04:35:53.0686565Z test_legal_openapi_contract_passes (test_contract_drift.OpenAPIContractTests.test_legal_openapi_contract_passes) ... ok
2026-10-09T04:35:53.0689575Z test_missing_component_fails (test_contract_drift.OpenAPIContractTests.test_missing_component_fails) ... ok
2026-10-09T04:35:53.0692151Z test_missing_local_reference_fails (test_contract_drift.OpenAPIContractTests.test_missing_local_reference_fails) ... ok
2026-10-09T04:35:53.0698726Z test_nested_reference_drift_fails (test_contract_drift.OpenAPIContractTests.test_nested_reference_drift_fails) ... ok
2026-10-09T04:35:53.0705736Z test_required_drift_fails (test_contract_drift.OpenAPIContractTests.test_required_drift_fails) ... ok
2026-10-09T04:35:53.0710780Z test_required_pointer_must_allow_null (test_contract_drift.OpenAPIContractTests.test_required_pointer_must_allow_null) ... ok
2026-10-09T04:35:53.0717381Z test_scalar_type_and_format_drift_fail (test_contract_drift.OpenAPIContractTests.test_scalar_type_and_format_drift_fail) ... ok
2026-10-09T04:35:53.0722010Z test_typed_map_requires_additional_properties_schema (test_contract_drift.OpenAPIContractTests.test_typed_map_requires_additional_properties_schema) ... ok
2026-10-09T04:35:53.0725514Z test_wrong_openapi_version_is_rejected (test_contract_drift.OpenAPIContractTests.test_wrong_openapi_version_is_rejected) ... ok
2026-10-09T04:35:53.0731958Z test_duplicate_required_is_rejected (test_contract_drift.OpenAPIFailClosedTests.test_duplicate_required_is_rejected) ... ok
2026-10-09T04:35:53.0737847Z test_extra_array_type_is_rejected (test_contract_drift.OpenAPIFailClosedTests.test_extra_array_type_is_rejected) ... ok
2026-10-09T04:35:53.0744302Z test_extra_scalar_type_cannot_hide_behind_expected_type (test_contract_drift.OpenAPIFailClosedTests.test_extra_scalar_type_cannot_hide_behind_expected_type) ... ok
2026-10-09T04:35:53.0749323Z test_legacy_nullable_is_not_json_schema_null (test_contract_drift.OpenAPIFailClosedTests.test_legacy_nullable_is_not_json_schema_null) ... ok
2026-10-09T04:35:53.0751819Z test_malformed_components_is_reported (test_contract_drift.OpenAPIFailClosedTests.test_malformed_components_is_reported) ... ok
2026-10-09T04:35:53.0752830Z test_missing_response_ref_is_rejected (test_contract_drift.OpenAPIFailClosedTests.test_missing_response_ref_is_rejected) ... ok
2026-10-09T04:35:53.0758098Z test_missing_ts_property_is_reported_not_a_key_error (test_contract_drift.OpenAPIFailClosedTests.test_missing_ts_property_is_reported_not_a_key_error) ... ok
2026-10-09T04:35:53.0759413Z test_missing_yaml_dependency_is_reported (test_contract_drift.OpenAPIFailClosedTests.test_missing_yaml_dependency_is_reported) ... ok
2026-10-09T04:35:53.0760355Z test_remote_ref_is_not_silently_unchecked (test_contract_drift.OpenAPIFailClosedTests.test_remote_ref_is_not_silently_unchecked) ... ok
2026-10-09T04:35:53.0766230Z test_unrelated_union_branch_cannot_hide_behind_nested_ref (test_contract_drift.OpenAPIFailClosedTests.test_unrelated_union_branch_cannot_hide_behind_nested_ref) ... ok
2026-10-09T04:35:53.0771012Z test_bool_projection_change_fails (test_contract_drift.ProjectionTests.test_bool_projection_change_fails) ... ok
2026-10-09T04:35:53.0776295Z test_named_string_type_against_number_alias_fails (test_contract_drift.ProjectionTests.test_named_string_type_against_number_alias_fails) ... ok
2026-10-09T04:35:53.0782018Z test_scalar_type_change_fails (test_contract_drift.ProjectionTests.test_scalar_type_change_fails) ... ok
2026-10-09T04:35:53.0786787Z test_slice_element_type_drift_fails (test_contract_drift.ProjectionTests.test_slice_element_type_drift_fails) ... ok
2026-10-09T04:35:53.0791609Z test_slice_without_ts_array_fails (test_contract_drift.ProjectionTests.test_slice_without_ts_array_fails) ... ok
2026-10-09T04:35:53.0796428Z test_unresolvable_alias_fails (test_contract_drift.ProjectionTests.test_unresolvable_alias_fails) ... ok
2026-10-09T04:35:53.0801435Z test_uuid_projected_as_string_change_fails (test_contract_drift.ProjectionTests.test_uuid_projected_as_string_change_fails) ... ok
2026-10-09T04:35:53.0804498Z test_shared_missing_go_is_reported (test_contract_drift.SharedEntryTests.test_shared_missing_go_is_reported) ... ok
2026-10-09T04:35:53.0809714Z test_array_union_cannot_hide_a_non_array_member (test_contract_drift.StrictWireContractTests.test_array_union_cannot_hide_a_non_array_member) ... ok
2026-10-09T04:35:53.0814820Z test_mapped_child_cannot_hide_unchecked_inline_shape (test_contract_drift.StrictWireContractTests.test_mapped_child_cannot_hide_unchecked_inline_shape) ... ok
2026-10-09T04:35:53.0820125Z test_multiline_union_with_leading_pipe_is_legal (test_contract_drift.StrictWireContractTests.test_multiline_union_with_leading_pipe_is_legal) ... ok
2026-10-09T04:35:53.0825014Z test_null_alone_cannot_represent_pointer_value (test_contract_drift.StrictWireContractTests.test_null_alone_cannot_represent_pointer_value) ... ok
2026-10-09T04:35:53.0830321Z test_nullable_does_not_allow_an_omitted_property (test_contract_drift.StrictWireContractTests.test_nullable_does_not_allow_an_omitted_property) ... ok
2026-10-09T04:35:53.0835112Z test_omitted_value_type_must_also_be_optional (test_contract_drift.StrictWireContractTests.test_omitted_value_type_must_also_be_optional) ... ok
2026-10-09T04:35:53.0837072Z test_unbalanced_type_fails_closed (test_contract_drift.StrictWireContractTests.test_unbalanced_type_fails_closed) ... ok
2026-10-09T04:35:53.0838901Z test_union_split_preserves_nested_and_quoted_pipes (test_contract_drift.StrictWireContractTests.test_union_split_preserves_nested_and_quoted_pipes) ... ok
2026-10-09T04:35:53.0851920Z test_boolean_literal_matches_only_same_boolean_enum (test_contract_source_aliases.BooleanLiteralTests.test_boolean_literal_matches_only_same_boolean_enum) ... ok
2026-10-09T04:35:53.0854056Z test_null_only_alias_cannot_stand_for_a_nullable_go_pointer (test_contract_source_aliases.BooleanLiteralTests.test_null_only_alias_cannot_stand_for_a_nullable_go_pointer) ... ok
2026-10-09T04:35:53.0856532Z test_nullable_and_null_only_boolean_aliases_reject_in_both_gates (test_contract_source_aliases.BooleanLiteralTests.test_nullable_and_null_only_boolean_aliases_reject_in_both_gates) ... ok
2026-10-09T04:35:53.0858897Z test_nullable_boolean_alias_matches_nullable_pointer_and_schema (test_contract_source_aliases.BooleanLiteralTests.test_nullable_boolean_alias_matches_nullable_pointer_and_schema) ... ok
2026-10-09T04:35:53.0861379Z test_optional_undefined_alias_keeps_omitempty_but_does_not_invent_null (test_contract_source_aliases.BooleanLiteralTests.test_optional_undefined_alias_keeps_omitempty_but_does_not_invent_null) ... ok
2026-10-09T04:35:53.0866975Z test_required_field_cannot_hide_undefined_or_optional_presence (test_contract_source_aliases.BooleanLiteralTests.test_required_field_cannot_hide_undefined_or_optional_presence) ... ok
2026-10-09T04:35:53.0871282Z test_unconstrained_boolean_is_not_a_false_only_waiver (test_contract_source_aliases.BooleanLiteralTests.test_unconstrained_boolean_is_not_a_false_only_waiver) ... ok
2026-10-09T04:35:53.0878240Z test_unknown_and_non_boolean_ts_types_are_rejected (test_contract_source_aliases.BooleanLiteralTests.test_unknown_and_non_boolean_ts_types_are_rejected) ... ok
2026-10-09T04:35:53.0885886Z test_wrong_missing_duplicate_or_mixed_boolean_enum_rejected (test_contract_source_aliases.BooleanLiteralTests.test_wrong_missing_duplicate_or_mixed_boolean_enum_rejected) ... ok
2026-10-09T04:35:53.0893197Z test_current_bcc_nullable_container_cannot_hide_nullable_address_items (test_contract_source_aliases.CollectionAliasScopeTests.test_current_bcc_nullable_container_cannot_hide_nullable_address_items) ... ok
2026-10-09T04:35:53.0896546Z test_every_array_union_branch_is_checked_not_only_the_first (test_contract_source_aliases.CollectionAliasScopeTests.test_every_array_union_branch_is_checked_not_only_the_first) ... ok
2026-10-09T04:35:53.0909808Z test_nested_array_and_alias_chains_do_not_flatten_element_nullability (test_contract_source_aliases.CollectionAliasScopeTests.test_nested_array_and_alias_chains_do_not_flatten_element_nullability) ... ok
2026-10-09T04:35:53.0914451Z test_optional_container_undefined_permission_does_not_reach_items (test_contract_source_aliases.CollectionAliasScopeTests.test_optional_container_undefined_permission_does_not_reach_items) ... ok
2026-10-09T04:35:53.0919146Z test_pointer_elements_and_nested_arrays_keep_their_own_valid_nullability (test_contract_source_aliases.CollectionAliasScopeTests.test_pointer_elements_and_nested_arrays_keep_their_own_valid_nullability) ... ok
2026-10-09T04:35:53.0927476Z test_record_value_and_nested_array_value_have_independent_null_domains (test_contract_source_aliases.CollectionAliasScopeTests.test_record_value_and_nested_array_value_have_independent_null_domains) ... ok
2026-10-09T04:35:53.0941919Z test_string_and_boolean_array_items_reject_null_and_undefined_aliases (test_contract_source_aliases.CollectionAliasScopeTests.test_string_and_boolean_array_items_reject_null_and_undefined_aliases) ... ok
2026-10-09T04:35:53.0944685Z test_widening_both_ts_and_schema_items_still_cannot_widen_go_scalar (test_contract_source_aliases.CollectionAliasScopeTests.test_widening_both_ts_and_schema_items_still_cannot_widen_go_scalar) ... ok
2026-10-09T04:35:53.0953069Z test_alias_validation_siblings_are_not_discarded (test_contract_source_aliases.SchemaAliasTests.test_alias_validation_siblings_are_not_discarded) ... ok
2026-10-09T04:35:53.0956739Z test_ambiguous_schema_composition_is_rejected (test_contract_source_aliases.SchemaAliasTests.test_ambiguous_schema_composition_is_rejected) ... ok
2026-10-09T04:35:53.0972564Z test_closed_objects_cannot_reenable_extra_properties (test_contract_source_aliases.SchemaAliasTests.test_closed_objects_cannot_reenable_extra_properties) ... ok
2026-10-09T04:35:53.0974789Z test_legacy_outbound_component_is_bound_to_public_projection (test_contract_source_aliases.SchemaAliasTests.test_legacy_outbound_component_is_bound_to_public_projection) ... ok
2026-10-09T04:35:53.0979548Z test_missing_content_bcc_or_completeness_is_rejected (test_contract_source_aliases.SchemaAliasTests.test_missing_content_bcc_or_completeness_is_rejected) ... ok
2026-10-09T04:35:53.0986993Z test_missing_or_non_schema_ref_fails_closed (test_contract_source_aliases.SchemaAliasTests.test_missing_or_non_schema_ref_fails_closed) ... ok
2026-10-09T04:35:53.0997873Z test_ordinary_alias_cannot_gain_content_field (test_contract_source_aliases.SchemaAliasTests.test_ordinary_alias_cannot_gain_content_field) ... ok
2026-10-09T04:35:53.1003662Z test_receipt_and_content_must_remain_independent (test_contract_source_aliases.SchemaAliasTests.test_receipt_and_content_must_remain_independent) ... ok
2026-10-09T04:35:53.1007228Z test_schema_alias_cycle_is_rejected (test_contract_source_aliases.SchemaAliasTests.test_schema_alias_cycle_is_rejected) ... ok
2026-10-09T04:35:53.1010488Z test_alias_chain_can_cross_source_files (test_contract_source_aliases.SourceAliasTests.test_alias_chain_can_cross_source_files) ... ok
2026-10-09T04:35:53.1013721Z test_commented_aliases_cannot_override_sources (test_contract_source_aliases.SourceAliasTests.test_commented_aliases_cannot_override_sources) ... ok
2026-10-09T04:35:53.1016871Z test_duplicate_go_alias_across_files_is_rejected (test_contract_source_aliases.SourceAliasTests.test_duplicate_go_alias_across_files_is_rejected) ... ok
2026-10-09T04:35:53.1021870Z test_duplicate_ts_alias_same_or_different_files_is_rejected (test_contract_source_aliases.SourceAliasTests.test_duplicate_ts_alias_same_or_different_files_is_rejected) ... ok
2026-10-09T04:35:53.1027520Z test_extra_json_field_on_alias_target_is_rejected (test_contract_source_aliases.SourceAliasTests.test_extra_json_field_on_alias_target_is_rejected) ... ok
2026-10-09T04:35:53.1030399Z test_go_alias_and_struct_collision_is_rejected (test_contract_source_aliases.SourceAliasTests.test_go_alias_and_struct_collision_is_rejected) ... ok
2026-10-09T04:35:53.1032638Z test_go_alias_cycle_is_rejected (test_contract_source_aliases.SourceAliasTests.test_go_alias_cycle_is_rejected) ... ok
2026-10-09T04:35:53.1036985Z test_go_alias_string_and_struct_collisions_reject_both_file_orders (test_contract_source_aliases.SourceAliasTests.test_go_alias_string_and_struct_collisions_reject_both_file_orders) ... ok
2026-10-09T04:35:53.1042335Z test_go_and_ts_alias_chains_preserve_fields (test_contract_source_aliases.SourceAliasTests.test_go_and_ts_alias_chains_preserve_fields) ... ok
2026-10-09T04:35:53.1045197Z test_missing_go_target_is_not_a_missing_struct_waiver (test_contract_source_aliases.SourceAliasTests.test_missing_go_target_is_not_a_missing_struct_waiver) ... ok
2026-10-09T04:35:53.1047523Z test_missing_ts_target_fails_closed (test_contract_source_aliases.SourceAliasTests.test_missing_ts_target_fails_closed) ... ok
2026-10-09T04:35:53.1050581Z test_nested_ts_reference_alias_is_equivalent (test_contract_source_aliases.SourceAliasTests.test_nested_ts_reference_alias_is_equivalent) ... ok
2026-10-09T04:35:53.1054660Z test_object_union_field_projection_keeps_optional_counts (test_contract_source_aliases.SourceAliasTests.test_object_union_field_projection_keeps_optional_counts) ... ok
2026-10-09T04:35:53.1057268Z test_qualified_go_alias_is_not_guessed_from_short_name (test_contract_source_aliases.SourceAliasTests.test_qualified_go_alias_is_not_guessed_from_short_name) ... ok
2026-10-09T04:35:53.1059947Z test_ts_alias_cycle_is_rejected (test_contract_source_aliases.SourceAliasTests.test_ts_alias_cycle_is_rejected) ... ok
2026-10-09T04:35:53.1064983Z test_ts_alias_interface_collision_is_rejected (test_contract_source_aliases.SourceAliasTests.test_ts_alias_interface_collision_is_rejected) ... ok
2026-10-09T04:35:53.1068756Z test_unsupported_union_or_duplicate_alias_fields_fail_closed (test_contract_source_aliases.SourceAliasTests.test_unsupported_union_or_duplicate_alias_fields_fail_closed) ... ok
2026-10-09T04:35:53.1114351Z test_additional_test_or_assertion_or_scope_is_rejected (test_go_evidence_integration_current.CurrentNegativeTests.test_additional_test_or_assertion_or_scope_is_rejected) ... ok
2026-10-09T04:35:53.1123211Z test_current_hardfail_exit_zero_is_not_reproduction (test_go_evidence_integration_current.CurrentNegativeTests.test_current_hardfail_exit_zero_is_not_reproduction) ... ok
2026-10-09T04:35:53.1132972Z test_current_missing_dsn_hardfail_is_expected_rejection_not_green (test_go_evidence_integration_current.CurrentNegativeTests.test_current_missing_dsn_hardfail_is_expected_rejection_not_green) ... ok
2026-10-09T04:35:53.1171389Z test_duplicate_concatenated_or_malformed_logs_fail_closed (test_go_evidence_integration_current.CurrentNegativeTests.test_duplicate_concatenated_or_malformed_logs_fail_closed) ... ok
2026-10-09T04:35:53.1190584Z test_exit_one_cannot_replace_any_original_zero_exit_case (test_go_evidence_integration_current.CurrentNegativeTests.test_exit_one_cannot_replace_any_original_zero_exit_case) ... ok
2026-10-09T04:35:53.1214702Z test_hardfail_marker_must_be_exact_single_source_diagnostic (test_go_evidence_integration_current.CurrentNegativeTests.test_hardfail_marker_must_be_exact_single_source_diagnostic) ... ok
2026-10-09T04:35:53.1221954Z test_missing_dsn_selector_is_current_mandatory_legacy_pg (test_go_evidence_integration_current.CurrentNegativeTests.test_missing_dsn_selector_is_current_mandatory_legacy_pg) ... ok
2026-10-09T04:35:53.1241964Z test_original_three_zero_exit_categories_remain_distinct (test_go_evidence_integration_current.CurrentNegativeTests.test_original_three_zero_exit_categories_remain_distinct) ... ok
2026-10-09T04:35:53.1289225Z test_panic_race_timeout_build_failure_or_stderr_are_unknown (test_go_evidence_integration_current.CurrentNegativeTests.test_panic_race_timeout_build_failure_or_stderr_are_unknown) ... ok
2026-10-09T04:35:53.1316947Z test_skip_pass_or_missing_terminal_cannot_replace_current_hardfail (test_go_evidence_integration_current.CurrentNegativeTests.test_skip_pass_or_missing_terminal_cannot_replace_current_hardfail) ... ok
2026-10-09T04:35:53.1356870Z test_strict_gate_pass_or_unclassified_error_is_rejected (test_go_evidence_integration_current.CurrentNegativeTests.test_strict_gate_pass_or_unclassified_error_is_rejected) ... ok
2026-10-09T04:35:53.1373606Z test_zero_tests_can_use_empty_package_skip_but_no_test_skip (test_go_evidence_integration_current.CurrentNegativeTests.test_zero_tests_can_use_empty_package_skip_but_no_test_skip) ... ok
2026-10-09T04:35:53.1375312Z test_build_failure_fails (test_go_test_evidence.EvidenceTests.test_build_failure_fails) ... ok
2026-10-09T04:35:53.1376785Z test_concatenated_runs_fail (test_go_test_evidence.EvidenceTests.test_concatenated_runs_fail) ... ok
2026-10-09T04:35:53.1380752Z test_corrupted_or_non_object_events_fail (test_go_test_evidence.EvidenceTests.test_corrupted_or_non_object_events_fail) ... ok
2026-10-09T04:35:53.1382472Z test_documented_exact_optional_skip_is_reported (test_go_test_evidence.EvidenceTests.test_documented_exact_optional_skip_is_reported) ... ok
2026-10-09T04:35:53.1383975Z test_duplicate_test_run_fails (test_go_test_evidence.EvidenceTests.test_duplicate_test_run_fails) ... ok
2026-10-09T04:35:53.1385389Z test_empty_log_fails (test_go_test_evidence.EvidenceTests.test_empty_log_fails) ... ok
2026-10-09T04:35:53.1387255Z test_empty_package_is_allowed_but_not_substitute_for_required (test_go_test_evidence.EvidenceTests.test_empty_package_is_allowed_but_not_substitute_for_required) ... ok
2026-10-09T04:35:53.1389307Z test_failed_then_passed_cannot_overwrite_failure (test_go_test_evidence.EvidenceTests.test_failed_then_passed_cannot_overwrite_failure) ... ok
2026-10-09T04:35:53.1390981Z test_interleaved_packages_and_subtests (test_go_test_evidence.EvidenceTests.test_interleaved_packages_and_subtests) ... ok
2026-10-09T04:35:53.1392377Z test_invalid_field_types_fail (test_go_test_evidence.EvidenceTests.test_invalid_field_types_fail) ... ok
2026-10-09T04:35:53.1393785Z test_missing_package_completion_fails (test_go_test_evidence.EvidenceTests.test_missing_package_completion_fails) ... ok
2026-10-09T04:35:53.1395188Z test_missing_package_start_fails (test_go_test_evidence.EvidenceTests.test_missing_package_start_fails) ... ok
2026-10-09T04:35:53.1396701Z test_missing_test_completion_fails (test_go_test_evidence.EvidenceTests.test_missing_test_completion_fails) ... ok
2026-10-09T04:35:53.1398248Z test_nonzero_exit_fails_even_with_green_events (test_go_test_evidence.EvidenceTests.test_nonzero_exit_fails_even_with_green_events) ... ok
2026-10-09T04:35:53.1399798Z test_output_pass_text_is_not_a_test (test_go_test_evidence.EvidenceTests.test_output_pass_text_is_not_a_test) ... ok
2026-10-09T04:35:53.1401092Z test_package_failure_fails (test_go_test_evidence.EvidenceTests.test_package_failure_fails) ... ok
2026-10-09T04:35:53.1402386Z test_package_pass_is_not_a_test (test_go_test_evidence.EvidenceTests.test_package_pass_is_not_a_test) ... ok
2026-10-09T04:35:53.1403693Z test_parallel_pause_and_resume (test_go_test_evidence.EvidenceTests.test_parallel_pause_and_resume) ... ok
2026-10-09T04:35:53.1404978Z test_pass_without_run_fails (test_go_test_evidence.EvidenceTests.test_pass_without_run_fails) ... ok
2026-10-09T04:35:53.1406321Z test_real_lifecycle_passes (test_go_test_evidence.EvidenceTests.test_real_lifecycle_passes) ... ok
2026-10-09T04:35:53.1407472Z test_skip_is_not_pass (test_go_test_evidence.EvidenceTests.test_skip_is_not_pass) ... ok
2026-10-09T04:35:53.1408827Z test_skipped_child_is_not_hidden_by_parent_pass (test_go_test_evidence.EvidenceTests.test_skipped_child_is_not_hidden_by_parent_pass) ... ok
2026-10-09T04:35:53.1410339Z test_unexpected_skip_fails_even_if_required_passes (test_go_test_evidence.EvidenceTests.test_unexpected_skip_fails_even_if_required_passes) ... ok
2026-10-09T04:35:53.1411699Z test_unknown_action_fails (test_go_test_evidence.EvidenceTests.test_unknown_action_fails) ... ok
2026-10-09T04:35:53.1413134Z test_wrong_package_does_not_satisfy_identity (test_go_test_evidence.EvidenceTests.test_wrong_package_does_not_satisfy_identity) ... ok
2026-10-09T04:35:53.1422009Z test_empty_or_duplicate_requirements_fail (test_go_test_evidence.ManifestTests.test_empty_or_duplicate_requirements_fail) ... ok
2026-10-09T04:35:53.1430578Z test_invalid_manifest_version_fails (test_go_test_evidence.ManifestTests.test_invalid_manifest_version_fails) ... ok
2026-10-09T04:35:53.1432335Z test_missing_suite_fails (test_go_test_evidence.ManifestTests.test_missing_suite_fails) ... ok
2026-10-09T04:35:53.1437920Z test_optional_overlap_or_no_reason_fails (test_go_test_evidence.ManifestTests.test_optional_overlap_or_no_reason_fails) ... ok
2026-10-09T04:35:53.1439661Z test_valid_manifest (test_go_test_evidence.ManifestTests.test_valid_manifest) ... ok
2026-10-09T04:35:53.1442164Z test_numeric_overflow_cannot_create_nonfinite_json_values (test_http_contract.AdditionalWireSafetyTests.test_numeric_overflow_cannot_create_nonfinite_json_values) ... ok
2026-10-09T04:35:53.1882390Z test_public_cache_directive_cannot_hide_among_download_requirements (test_http_contract.AdditionalWireSafetyTests.test_public_cache_directive_cannot_hide_among_download_requirements) ... ok
2026-10-09T04:35:53.1907088Z test_encoded_body_is_rejected_before_allocation (test_http_contract.CaptureBoundTests.test_encoded_body_is_rejected_before_allocation) ... ok
2026-10-09T04:35:53.1908985Z test_nested_json_is_bounded_before_schema_evaluation (test_http_contract.CaptureBoundTests.test_nested_json_is_bounded_before_schema_evaluation) ... ok
2026-10-09T04:35:53.1911112Z test_absent_stale_empty_or_wrong_producer_capture_fails (test_http_contract.CaptureCompletenessTests.test_absent_stale_empty_or_wrong_producer_capture_fails) ... ok
2026-10-09T04:35:53.1947744Z test_missing_cases_and_duplicate_ids_fail (test_http_contract.CaptureCompletenessTests.test_missing_cases_and_duplicate_ids_fail) ... ok
2026-10-09T04:35:53.1994986Z test_admin_json_response_cannot_replace_sse_media (test_http_contract.CompanyAdminStreamCaptureTests.test_admin_json_response_cannot_replace_sse_media) ... ok
2026-10-09T04:35:53.2000973Z test_admin_missing_or_unterminated_frame_is_not_execution (test_http_contract.CompanyAdminStreamCaptureTests.test_admin_missing_or_unterminated_frame_is_not_execution) ... ok
2026-10-09T04:35:53.2003255Z test_admin_name_on_mailbox_route_cannot_cover_admin_operation (test_http_contract.CompanyAdminStreamCaptureTests.test_admin_name_on_mailbox_route_cannot_cover_admin_operation) ... ok
2026-10-09T04:35:53.2005382Z test_distinct_admin_and_mailbox_sse_captures_pass (test_http_contract.CompanyAdminStreamCaptureTests.test_distinct_admin_and_mailbox_sse_captures_pass) ... ok
2026-10-09T04:35:53.2007527Z test_mailbox_stream_cannot_cover_missing_admin_capture (test_http_contract.CompanyAdminStreamCaptureTests.test_mailbox_stream_cannot_cover_missing_admin_capture) ... ok
2026-10-09T04:35:53.2023237Z test_driver_creates_private_evidence_even_with_permissive_umask (test_http_contract.PrivateEvidenceDirectoryTests.test_driver_creates_private_evidence_even_with_permissive_umask) ... ok
2026-10-09T04:35:53.2028272Z test_normal_process_preserves_actual_exit_without_signals (test_http_contract.ProcessLifetimeTests.test_normal_process_preserves_actual_exit_without_signals) ... ok
2026-10-09T04:35:53.2035301Z test_timeout_terminates_the_child_process_group (test_http_contract.ProcessLifetimeTests.test_timeout_terminates_the_child_process_group) ... ok
2026-10-09T04:35:53.9091175Z test_actual_operation_and_binding_are_one_existing_strict_receipt (test_http_contract.RecipientsAggregateContractTests.test_actual_operation_and_binding_are_one_existing_strict_receipt) ... ok
2026-10-09T04:35:53.9341079Z test_content_authority_does_not_admit_sensitive_or_unknown_fields (test_http_contract.RecipientsAggregateContractTests.test_content_authority_does_not_admit_sensitive_or_unknown_fields) ... ok
2026-10-09T04:35:53.9445977Z test_counts_keep_complete_nonnegative_integer_shape (test_http_contract.RecipientsAggregateContractTests.test_counts_keep_complete_nonnegative_integer_shape) ... ok
2026-10-09T04:35:53.9467865Z test_known_complete_counts_and_unknown_without_counts_pass (test_http_contract.RecipientsAggregateContractTests.test_known_complete_counts_and_unknown_without_counts_pass) ... ok
2026-10-09T04:35:53.9500825Z test_known_missing_counts_and_unknown_fabricated_counts_fail (test_http_contract.RecipientsAggregateContractTests.test_known_missing_counts_and_unknown_fabricated_counts_fail) ... ok
2026-10-09T04:35:53.9658172Z test_nested_progress_counts_and_capabilities_remain_closed (test_http_contract.RecipientsAggregateContractTests.test_nested_progress_counts_and_capabilities_remain_closed) ... ok
2026-10-09T04:35:53.9676517Z test_old_per_address_array_is_not_an_aggregate_receipt (test_http_contract.RecipientsAggregateContractTests.test_old_per_address_array_is_not_an_aggregate_receipt) ... ok
2026-10-09T04:35:53.9836370Z test_ci_does_not_upload_raw_http_responses (test_http_contract.RuntimeEvidencePublicationTests.test_ci_does_not_upload_raw_http_responses) ... ok
2026-10-09T04:35:53.9905425Z test_binary_headers_and_sse_framing (test_http_contract.RuntimeResponseTests.test_binary_headers_and_sse_framing) ... ok
2026-10-09T04:35:53.9924026Z test_capture_types_and_base64_are_strict (test_http_contract.RuntimeResponseTests.test_capture_types_and_base64_are_strict) ... ok
2026-10-09T04:35:53.9979846Z test_false_zero_and_wrong_scalar_are_not_coerced (test_http_contract.RuntimeResponseTests.test_false_zero_and_wrong_scalar_are_not_coerced) ... ok
2026-10-09T04:35:53.9999574Z test_json_duplicates_and_nonfinite_numbers_are_rejected (test_http_contract.RuntimeResponseTests.test_json_duplicates_and_nonfinite_numbers_are_rejected) ... ok
2026-10-09T04:35:54.0032933Z test_missing_required_and_unexpected_field_fail (test_http_contract.RuntimeResponseTests.test_missing_required_and_unexpected_field_fail) ... ok
2026-10-09T04:35:54.0058435Z test_nullable_collection_is_not_an_array (test_http_contract.RuntimeResponseTests.test_nullable_collection_is_not_an_array) ... ok
2026-10-09T04:35:54.0092706Z test_real_format_checks_are_enabled (test_http_contract.RuntimeResponseTests.test_real_format_checks_are_enabled) ... ok
2026-10-09T04:35:54.0111489Z test_remote_refs_are_rejected_before_any_network_access (test_http_contract.RuntimeResponseTests.test_remote_refs_are_rejected_before_any_network_access) ... ok
2026-10-09T04:35:54.0138727Z test_resolves_local_response_and_nested_component_refs (test_http_contract.RuntimeResponseTests.test_resolves_local_response_and_nested_component_refs) ... ok
2026-10-09T04:35:54.0166692Z test_schema_error_messages_do_not_echo_response_content (test_http_contract.RuntimeResponseTests.test_schema_error_messages_do_not_echo_response_content) ... ok
2026-10-09T04:35:54.0289884Z test_secret_fields_fail_even_in_permissive_old_components (test_http_contract.RuntimeResponseTests.test_secret_fields_fail_even_in_permissive_old_components) ... ok
2026-10-09T04:35:54.0308342Z test_status_method_route_and_content_type_are_checked (test_http_contract.RuntimeResponseTests.test_status_method_route_and_content_type_are_checked) ... ok
2026-10-09T04:35:54.0310438Z test_complete_json_event_accepts_lf_and_crlf (test_http_contract.RuntimeSSETests.test_complete_json_event_accepts_lf_and_crlf) ... ok
2026-10-09T04:35:54.0313315Z test_malformed_or_comment_only_sse_is_not_an_event (test_http_contract.RuntimeSSETests.test_malformed_or_comment_only_sse_is_not_an_event) ... ok
2026-10-09T04:35:54.0314990Z test_sse_cache_directives_are_tokens_not_substrings (test_http_contract.RuntimeSSETests.test_sse_cache_directives_are_tokens_not_substrings) ... ok
2026-10-09T04:35:54.0322666Z test_complete_matching_scenario_can_pass (test_http_contract.ScenarioEvidenceTests.test_complete_matching_scenario_can_pass) ... ok
2026-10-09T04:35:54.0328842Z test_duplicate_or_unknown_handler_inventory_is_rejected (test_http_contract.ScenarioEvidenceTests.test_duplicate_or_unknown_handler_inventory_is_rejected) ... ok
2026-10-09T04:35:54.0333844Z test_empty_or_non_company_inventory_cannot_pass (test_http_contract.ScenarioEvidenceTests.test_empty_or_non_company_inventory_cannot_pass) ... ok
2026-10-09T04:35:54.0341214Z test_malformed_inventory_returns_a_failed_report (test_http_contract.ScenarioEvidenceTests.test_malformed_inventory_returns_a_failed_report) ... ok
2026-10-09T04:35:54.0348971Z test_required_names_cannot_substitute_for_status_and_route (test_http_contract.ScenarioEvidenceTests.test_required_names_cannot_substitute_for_status_and_route) ... ok
2026-10-09T04:35:54.0367661Z test_binary_public_directive_cannot_override_private_no_store (test_http_contract.WireSafetyRegressionTests.test_binary_public_directive_cannot_override_private_no_store) ... ok
2026-10-09T04:35:54.0369682Z test_json_exponent_overflow_is_not_finite_json (test_http_contract.WireSafetyRegressionTests.test_json_exponent_overflow_is_not_finite_json) ... ok
2026-10-09T04:35:54.0371673Z test_sse_payload_cannot_bypass_secret_field_check (test_http_contract.WireSafetyRegressionTests.test_sse_payload_cannot_bypass_secret_field_check) ... ok
2026-10-09T04:35:54.5318929Z test_acknowledgement_requires_concrete_data_schema (test_http_response_bindings.CompleteResponseBindingTests.test_acknowledgement_requires_concrete_data_schema) ... ok
2026-10-09T04:35:54.5390783Z test_binary_safety_headers_are_mandatory (test_http_response_bindings.CompleteResponseBindingTests.test_binary_safety_headers_are_mandatory) ... ok
2026-10-09T04:35:54.5392891Z test_every_handler_has_an_explicit_response_contract (test_http_response_bindings.CompleteResponseBindingTests.test_every_handler_has_an_explicit_response_contract) ... ok
2026-10-09T04:35:54.5474816Z test_new_handler_cannot_silently_become_route_only (test_http_response_bindings.CompleteResponseBindingTests.test_new_handler_cannot_silently_become_route_only) ... ok
2026-10-09T04:35:54.5477102Z test_original_mail_is_rfc822_not_generic_binary (test_http_response_bindings.CompleteResponseBindingTests.test_original_mail_is_rfc822_not_generic_binary) ... ok
2026-10-09T04:35:54.5614682Z test_replay_and_new_submission_are_both_checked (test_http_response_bindings.CompleteResponseBindingTests.test_replay_and_new_submission_are_both_checked) ... ok
2026-10-09T04:35:54.5959689Z test_streams_require_correct_content_types (test_http_response_bindings.CompleteResponseBindingTests.test_streams_require_correct_content_types) ... ok
2026-10-09T04:35:54.5972022Z test_catalog_mismatch_precedes_collector (test_i18n_keys.CatalogTests.test_catalog_mismatch_precedes_collector) ... ok
2026-10-09T04:35:54.5979662Z test_empty_scan_fails (test_i18n_keys.CatalogTests.test_empty_scan_fails) ... ok
2026-10-09T04:35:54.6015858Z test_empty_wrong_type_and_bad_values (test_i18n_keys.CatalogTests.test_empty_wrong_type_and_bad_values) ... ok
2026-10-09T04:35:54.6039696Z test_invalid_or_empty_collector_output_fails (test_i18n_keys.CatalogTests.test_invalid_or_empty_collector_output_fails) ... ok
2026-10-09T04:35:54.6054631Z test_malformed_and_duplicate_catalog (test_i18n_keys.CatalogTests.test_malformed_and_duplicate_catalog) ... ok
2026-10-09T04:35:54.6061361Z test_missing_catalog (test_i18n_keys.CatalogTests.test_missing_catalog) ... ok
2026-10-09T04:35:54.6073754Z test_missing_features_key_fails (test_i18n_keys.CatalogTests.test_missing_features_key_fails) ... ok
2026-10-09T04:35:54.6085516Z test_missing_node_fails (test_i18n_keys.CatalogTests.test_missing_node_fails) ... ok
2026-10-09T04:35:54.6094362Z test_missing_source_directory_fails (test_i18n_keys.CatalogTests.test_missing_source_directory_fails) ... ok
2026-10-09T04:35:54.6107823Z test_scan_includes_features_and_hooks_not_generated_or_tests (test_i18n_keys.CatalogTests.test_scan_includes_features_and_hooks_not_generated_or_tests) ... ok
2026-10-09T04:35:54.6118248Z test_strict_utf8 (test_i18n_keys.CatalogTests.test_strict_utf8) ... ok
2026-10-09T04:35:54.6125466Z test_valid_catalog (test_i18n_keys.CatalogTests.test_valid_catalog) ... ok
2026-10-09T04:35:54.6136976Z test_valid_end_to_end_contract (test_i18n_keys.CatalogTests.test_valid_end_to_end_contract) ... ok
2026-10-09T04:35:54.6148348Z test_aliases_and_python_constructors_are_rejected_without_execution (test_openapi_contract.OpenAPIParserSafetyTests.test_aliases_and_python_constructors_are_rejected_without_execution) ... ok
2026-10-09T04:35:54.6150982Z test_refs_use_local_json_pointer_escapes (test_openapi_contract.OpenAPIParserSafetyTests.test_refs_use_local_json_pointer_escapes) ... ok
2026-10-09T04:35:54.6204140Z test_size_and_depth_are_bounded (test_openapi_contract.OpenAPIParserSafetyTests.test_size_and_depth_are_bounded) ... ok
2026-10-09T04:35:55.5673618Z test_every_company_route_is_required (test_openapi_contract.OpenAPIRepositoryTests.test_every_company_route_is_required) ... ok
2026-10-09T04:35:55.9698206Z test_every_mapped_dto_rejects_missing_fields (test_openapi_contract.OpenAPIRepositoryTests.test_every_mapped_dto_rejects_missing_fields) ... ok
2026-10-09T04:35:56.4347740Z test_every_typed_operation_rejects_wrong_dto (test_openapi_contract.OpenAPIRepositoryTests.test_every_typed_operation_rejects_wrong_dto) ... ok
2026-10-09T04:35:56.4417924Z test_extra_undocumented_operation_is_not_ignored (test_openapi_contract.OpenAPIRepositoryTests.test_extra_undocumented_operation_is_not_ignored) ... ok
2026-10-09T04:35:56.4875928Z test_input_cannot_reuse_response_required_fields (test_openapi_contract.OpenAPIRepositoryTests.test_input_cannot_reuse_response_required_fields) ... ok
2026-10-09T04:35:56.5231782Z test_input_route_cannot_reuse_response_dto (test_openapi_contract.OpenAPIRepositoryTests.test_input_route_cannot_reuse_response_dto) ... ok
2026-10-09T04:35:56.5849587Z test_paginated_responses_require_meta (test_openapi_contract.OpenAPIRepositoryTests.test_paginated_responses_require_meta) ... ok
2026-10-09T04:35:56.5955131Z test_real_enum_order_is_not_semantic_drift (test_openapi_contract.OpenAPIRepositoryTests.test_real_enum_order_is_not_semantic_drift) ... ok
2026-10-09T04:35:56.6063063Z test_real_repository_contract (test_openapi_contract.OpenAPIRepositoryTests.test_real_repository_contract) ... ok
2026-10-09T04:35:56.6128129Z test_reconcile_cannot_demand_protocol_response_fields (test_openapi_contract.OpenAPIRepositoryTests.test_reconcile_cannot_demand_protocol_response_fields) ... ok
2026-10-09T04:35:56.6448261Z test_storage_secrets_cannot_be_added_to_company_dtos (test_openapi_contract.OpenAPIRepositoryTests.test_storage_secrets_cannot_be_added_to_company_dtos) ... ok
2026-10-09T04:35:56.6519403Z test_unconfigured_settings_must_allow_null (test_openapi_contract.OpenAPIRepositoryTests.test_unconfigured_settings_must_allow_null) ... ok
2026-10-09T04:35:56.6591877Z test_unknown_inventory_and_malformed_envelope_fail (test_openapi_contract.OpenAPIRepositoryTests.test_unknown_inventory_and_malformed_envelope_fail) ... ok
2026-10-09T04:35:56.6662353Z test_wrong_status_cannot_pass (test_openapi_contract.OpenAPIRepositoryTests.test_wrong_status_cannot_pass) ... ok
2026-10-09T04:35:56.6670036Z test_actual_enums_and_fallback_optional_metadata (test_ordinary_receipt_contract.OrdinaryReceiptContractTests.test_actual_enums_and_fallback_optional_metadata) ... ok
2026-10-09T04:35:56.6673313Z test_all_actual_routes_are_closed_receipt_envelopes (test_ordinary_receipt_contract.OrdinaryReceiptContractTests.test_all_actual_routes_are_closed_receipt_envelopes) ... ok
2026-10-09T04:35:56.6676822Z test_content_bcc_complete_empty_and_legacy_unknown_are_distinct (test_ordinary_receipt_contract.OrdinaryReceiptContractTests.test_content_bcc_complete_empty_and_legacy_unknown_are_distinct) ... ok
2026-10-09T04:35:56.7284785Z test_fresh_typed_shipping_envelope_bytes (test_ordinary_receipt_contract.OrdinaryReceiptContractTests.test_fresh_typed_shipping_envelope_bytes) ... ok
2026-10-09T04:35:56.7286711Z test_inspection_remains_separate (test_ordinary_receipt_contract.OrdinaryReceiptContractTests.test_inspection_remains_separate) ... ok
2026-10-09T04:35:56.7302132Z test_parse_and_typed_closed_field_sets (test_ordinary_receipt_contract.OrdinaryReceiptContractTests.test_parse_and_typed_closed_field_sets) ... ok
2026-10-09T04:35:56.7303661Z test_progress_distinguishes_unknown_from_complete_ledger (test_ordinary_receipt_contract.OrdinaryReceiptContractTests.test_progress_distinguishes_unknown_from_complete_ledger) ... ok
2026-10-09T04:35:56.7314025Z test_sensitive_and_unknown_fields_fail_closed_on_every_route (test_ordinary_receipt_contract.OrdinaryReceiptContractTests.test_sensitive_and_unknown_fields_fail_closed_on_every_route) ... ok
2026-10-09T04:35:56.7331300Z test_document_and_exclusive_response_refs (test_outbound_inspection_contract.OutboundInspectionContractTests.test_document_and_exclusive_response_refs) ... ok
2026-10-09T04:35:56.7338149Z test_dto_tags_required_optional_and_closed_objects (test_outbound_inspection_contract.OutboundInspectionContractTests.test_dto_tags_required_optional_and_closed_objects) ... ok
2026-10-09T04:35:56.7343403Z test_enums_match_projection_including_unknown (test_outbound_inspection_contract.OutboundInspectionContractTests.test_enums_match_projection_including_unknown) ... ok
2026-10-09T04:35:56.7345269Z test_exception_and_acceptance_semantics_are_explicit (test_outbound_inspection_contract.OutboundInspectionContractTests.test_exception_and_acceptance_semantics_are_explicit) ... ok
2026-10-09T04:35:56.7361825Z test_forbidden_model_fields_rejected_at_every_inspection_layer (test_outbound_inspection_contract.OutboundInspectionContractTests.test_forbidden_model_fields_rejected_at_every_inspection_layer) ... ok
2026-10-09T04:35:56.7366121Z test_formal_route_authority_reason_and_strong_errors_unchanged (test_outbound_inspection_contract.OutboundInspectionContractTests.test_formal_route_authority_reason_and_strong_errors_unchanged) ... ok
2026-10-09T04:35:56.7372278Z test_nullable_optional_empty_and_mutation_witnesses (test_outbound_inspection_contract.OutboundInspectionContractTests.test_nullable_optional_empty_and_mutation_witnesses) ... ok
2026-10-09T04:35:56.7374547Z test_numeric_and_enhanced_smtp_codes_are_sanitized_not_raw_diagnostics (test_outbound_inspection_contract.OutboundInspectionContractTests.test_numeric_and_enhanced_smtp_codes_are_sanitized_not_raw_diagnostics) ... ok
2026-10-09T04:35:56.7657715Z test_ordinary_alias_and_nested_inspection_refs_fail (test_outbound_inspection_contract.OutboundInspectionContractTests.test_ordinary_alias_and_nested_inspection_refs_fail) ... ok
2026-10-09T04:35:56.7881424Z test_ordinary_local_refs_fail_explicitly_on_unknown_cycles_and_unsupported (test_outbound_inspection_contract.OutboundInspectionContractTests.test_ordinary_local_refs_fail_explicitly_on_unknown_cycles_and_unsupported) ... ok
2026-10-09T04:35:56.7898867Z test_ordinary_receipt_schemas_not_expanded (test_outbound_inspection_contract.OutboundInspectionContractTests.test_ordinary_receipt_schemas_not_expanded) ... ok
2026-10-09T04:35:57.2021383Z test_ordinary_schema_pollution_fails_at_every_closure_object (test_outbound_inspection_contract.OutboundInspectionContractTests.test_ordinary_schema_pollution_fails_at_every_closure_object) ... ok
2026-10-09T04:35:57.2023316Z test_safe_header_exact_allowlist_no_wildcards_or_secrets (test_outbound_inspection_contract.OutboundInspectionContractTests.test_safe_header_exact_allowlist_no_wildcards_or_secrets) ... ok
2026-10-09T04:35:57.2026786Z test_assignment_intent_requires_both_observations_and_patch (test_permission_editor_contract.PermissionEditorContractTests.test_assignment_intent_requires_both_observations_and_patch) ... ok
2026-10-09T04:35:57.2029862Z test_compound_revision_int64_and_pairing (test_permission_editor_contract.PermissionEditorContractTests.test_compound_revision_int64_and_pairing) ... ok
2026-10-09T04:35:57.2100445Z test_document_and_refs (test_permission_editor_contract.PermissionEditorContractTests.test_document_and_refs) ... ok
2026-10-09T04:35:57.2108383Z test_domain_modes_are_not_empty_allowlist_inference (test_permission_editor_contract.PermissionEditorContractTests.test_domain_modes_are_not_empty_allowlist_inference) ... ok
2026-10-09T04:35:57.2109714Z test_effective_canonical_domain_mode_is_optional_not_inherited (test_permission_editor_contract.PermissionEditorContractTests.test_effective_canonical_domain_mode_is_optional_not_inherited) ... ok
2026-10-09T04:35:57.2111256Z test_field_intent_and_empty_patch (test_permission_editor_contract.PermissionEditorContractTests.test_field_intent_and_empty_patch) ... ok
2026-10-09T04:35:57.2120976Z test_go_dto_json_fields_match_checked_in_schema (test_permission_editor_contract.PermissionEditorContractTests.test_go_dto_json_fields_match_checked_in_schema) ... ok
2026-10-09T04:35:57.2122733Z test_profile_and_assignment_routes_match_real_router (test_permission_editor_contract.PermissionEditorContractTests.test_profile_and_assignment_routes_match_real_router) ... ok
2026-10-09T04:35:57.2126032Z test_profile_preview_confirmation_and_update_shape (test_permission_editor_contract.PermissionEditorContractTests.test_profile_preview_confirmation_and_update_shape) ... ok
2026-10-09T04:35:57.2127580Z test_raw_domain_presence_and_null_are_not_list (test_permission_editor_contract.PermissionEditorContractTests.test_raw_domain_presence_and_null_are_not_list) ... ok
2026-10-09T04:35:57.2129787Z test_retired_unversioned_writes_match_real_handlers (test_permission_editor_contract.PermissionEditorContractTests.test_retired_unversioned_writes_match_real_handlers) ... ok
2026-10-09T04:35:57.2131321Z test_routes_envelopes_and_legacy_reads (test_permission_editor_contract.PermissionEditorContractTests.test_routes_envelopes_and_legacy_reads) ... ok
2026-10-09T04:35:57.2132851Z test_schema_mutations_are_observable (test_permission_editor_contract.PermissionEditorContractTests.test_schema_mutations_are_observable) ... ok
2026-10-09T04:35:57.2134154Z test_snapshot_raw_presence_and_field_sources (test_permission_editor_contract.PermissionEditorContractTests.test_snapshot_raw_presence_and_field_sources) ... ok
2026-10-09T04:35:57.2145499Z test_accepts_only_complete_declared_execution (test_r5_api_key_issuance.APIKeyIssuanceVerifierTest.test_accepts_only_complete_declared_execution) ... ok
2026-10-09T04:35:57.2167318Z test_baseline_http_failure_is_not_a_stale_issuance (test_r5_api_key_issuance.APIKeyIssuanceVerifierTest.test_baseline_http_failure_is_not_a_stale_issuance) ... ok
2026-10-09T04:35:57.2180043Z test_rejects_missing_duplicate_and_skipped_results (test_r5_api_key_issuance.APIKeyIssuanceVerifierTest.test_rejects_missing_duplicate_and_skipped_results) ... ok
2026-10-09T04:35:57.2395943Z test_archive_extra_controls_and_files (test_r5_archive_boundary.ArchiveBoundaryTests.test_archive_extra_controls_and_files) ... ok
2026-10-09T04:35:57.2499464Z test_archive_family_extra_capsule_and_ancestor_symlink (test_r5_archive_boundary.ArchiveBoundaryTests.test_archive_family_extra_capsule_and_ancestor_symlink) ... ok
2026-10-09T04:35:57.2605079Z test_budget_and_unavailable_metadata_fail_closed (test_r5_archive_boundary.ArchiveBoundaryTests.test_budget_and_unavailable_metadata_fail_closed) ... ok
2026-10-09T04:35:57.2686318Z test_descriptor_second_stat_replacement (test_r5_archive_boundary.ArchiveBoundaryTests.test_descriptor_second_stat_replacement) ... ok
2026-10-09T04:35:57.6482771Z test_every_historical_file_byte_delete_rename (test_r5_archive_boundary.ArchiveBoundaryTests.test_every_historical_file_byte_delete_rename) ... ok
2026-10-09T04:35:57.6724526Z test_exact_baseline_hashes_and_six_modules (test_r5_archive_boundary.ArchiveBoundaryTests.test_exact_baseline_hashes_and_six_modules) ... ok
2026-10-09T04:35:57.7117385Z test_import_embed_generate_archive_rejected (test_r5_archive_boundary.ArchiveBoundaryTests.test_import_embed_generate_archive_rejected) ... ok
2026-10-09T04:35:57.7568217Z test_marker_bytes_value_case_directives (test_r5_archive_boundary.ArchiveBoundaryTests.test_marker_bytes_value_case_directives) ... ok
2026-10-09T04:35:57.7777398Z test_marker_deletion_and_module_in_all_roots (test_r5_archive_boundary.ArchiveBoundaryTests.test_marker_deletion_and_module_in_all_roots) ... ok
2026-10-09T04:35:57.8555370Z test_production_all_variants_change_static_domain (test_r5_archive_boundary.ArchiveBoundaryTests.test_production_all_variants_change_static_domain) ... ok
2026-10-09T04:35:57.8636617Z test_read_leaf_replacement_never_opens_fifo_body (test_r5_archive_boundary.ArchiveBoundaryTests.test_read_leaf_replacement_never_opens_fifo_body) ... ok
2026-10-09T04:35:57.8728422Z test_registry_duplicate_traversal_forgery (test_r5_archive_boundary.ArchiveBoundaryTests.test_registry_duplicate_traversal_forgery) ... ok
2026-10-09T04:35:57.8890445Z test_symlink_ancestors_fifo_and_metadata_only (test_r5_archive_boundary.ArchiveBoundaryTests.test_symlink_ancestors_fifo_and_metadata_only) ... ok
2026-10-09T04:35:57.9067165Z test_third_replace (test_r5_archive_boundary.ArchiveBoundaryTests.test_third_replace) ... ok
2026-10-09T04:35:57.9421734Z test_unknown_root_and_ignored_go_not_hidden (test_r5_archive_boundary.ArchiveBoundaryTests.test_unknown_root_and_ignored_go_not_hidden) ... ok
2026-10-09T04:35:57.9423328Z test_compile_failure_is_rejected (test_r5_audit_baseline.AuditEvidenceTests.test_compile_failure_is_rejected) ... ok
2026-10-09T04:35:57.9424699Z test_duplicate_marker_is_rejected (test_r5_audit_baseline.AuditEvidenceTests.test_duplicate_marker_is_rejected) ... ok
2026-10-09T04:35:57.9426394Z test_exact_failures_are_reproduction_not_fix (test_r5_audit_baseline.AuditEvidenceTests.test_exact_failures_are_reproduction_not_fix) ... ok
2026-10-09T04:35:57.9428205Z test_invalid_json_is_not_reproduction (test_r5_audit_baseline.AuditEvidenceTests.test_invalid_json_is_not_reproduction) ... ok
2026-10-09T04:35:57.9429565Z test_missing_test_is_rejected (test_r5_audit_baseline.AuditEvidenceTests.test_missing_test_is_rejected) ... ok
2026-10-09T04:35:57.9430961Z test_setup_failure_is_rejected (test_r5_audit_baseline.AuditEvidenceTests.test_setup_failure_is_rejected) ... ok
2026-10-09T04:35:57.9432131Z test_skip_is_rejected (test_r5_audit_baseline.AuditEvidenceTests.test_skip_is_rejected) ... ok
2026-10-09T04:35:57.9433413Z test_success_is_not_a_baseline_failure (test_r5_audit_baseline.AuditEvidenceTests.test_success_is_not_a_baseline_failure) ... ok
2026-10-09T04:35:57.9434722Z test_zero_tests_is_rejected (test_r5_audit_baseline.AuditEvidenceTests.test_zero_tests_is_rejected) ... ok
2026-10-09T04:35:57.9436399Z test_component_layer_is_exact_and_not_product_success (test_r5_audit_baseline.ComponentEvidenceTests.test_component_layer_is_exact_and_not_product_success) ... ok
2026-10-09T04:35:57.9438155Z test_component_missing_second_case_rejected (test_r5_audit_baseline.ComponentEvidenceTests.test_component_missing_second_case_rejected) ... ok
2026-10-09T04:35:57.9439349Z test_component_setup_failure_rejected (test_r5_audit_baseline.ComponentEvidenceTests.test_component_setup_failure_rejected) ... ok
2026-10-09T04:35:57.9440413Z test_db_marker_cannot_substitute_for_component_execution (test_r5_audit_baseline.ComponentEvidenceTests.test_db_marker_cannot_substitute_for_component_execution) ... ok
2026-10-09T04:35:57.9441402Z test_unknown_layer_rejected (test_r5_audit_baseline.ComponentEvidenceTests.test_unknown_layer_rejected) ... ok
2026-10-09T04:35:58.2171236Z test_checkout_identity_and_all_existing_evidence_survive_failure (test_r5_backend_evidence_continuation.BackendEvidenceContinuationTests.test_checkout_identity_and_all_existing_evidence_survive_failure) ... ok
2026-10-09T04:35:58.2785484Z test_failed_jobs_and_original_race_selection_remain_failed (test_r5_backend_evidence_continuation.BackendEvidenceContinuationTests.test_failed_jobs_and_original_race_selection_remain_failed) ... ok
2026-10-09T04:35:58.4464916Z test_failed_or_skipped_prerequisite_blocks_only_its_dependents (test_r5_backend_evidence_continuation.BackendEvidenceContinuationTests.test_failed_or_skipped_prerequisite_blocks_only_its_dependents) ... ok
2026-10-09T04:35:58.4618604Z test_setups_do_not_inherit_an_unrelated_gate_failure (test_r5_backend_evidence_continuation.BackendEvidenceContinuationTests.test_setups_do_not_inherit_an_unrelated_gate_failure) ... ok
2026-10-09T04:35:58.4770874Z test_typescript_preparation_reuses_the_reviewed_installer_and_receipt (test_r5_backend_evidence_continuation.BackendEvidenceContinuationTests.test_typescript_preparation_reuses_the_reviewed_installer_and_receipt) ... ok
2026-10-09T04:35:58.6595203Z test_validation_failure_cannot_suppress_ready_independent_checks (test_r5_backend_evidence_continuation.BackendEvidenceContinuationTests.test_validation_failure_cannot_suppress_ready_independent_checks) ... ok
2026-10-09T04:35:58.6612945Z test_current_preparation_contract_cannot_be_missing_or_weakened (test_r5_benchmark.BenchmarkContractTests.test_current_preparation_contract_cannot_be_missing_or_weakened) ... ok
2026-10-09T04:35:58.6617641Z test_duplicate_json_rejected (test_r5_benchmark.BenchmarkContractTests.test_duplicate_json_rejected) ... ok
2026-10-09T04:35:58.6636034Z test_exact_original_wall_disk_budgets_and_clock_contract (test_r5_benchmark.BenchmarkContractTests.test_exact_original_wall_disk_budgets_and_clock_contract) ... ok
2026-10-09T04:35:58.6642365Z test_metrics_workloads_thresholds_cold_and_approval_not_weakened (test_r5_benchmark.BenchmarkContractTests.test_metrics_workloads_thresholds_cold_and_approval_not_weakened) ... ok
2026-10-09T04:35:58.6658234Z test_nonfinite_json_rejected (test_r5_benchmark.BenchmarkContractTests.test_nonfinite_json_rejected) ... ok
2026-10-09T04:35:58.9226084Z test_original_scales_and_no_runtime_registry (test_r5_benchmark.BenchmarkContractTests.test_original_scales_and_no_runtime_registry) ... ok
2026-10-09T04:35:58.9237530Z test_reduced_scale_seed_concurrency_and_shape_rejected (test_r5_benchmark.BenchmarkContractTests.test_reduced_scale_seed_concurrency_and_shape_rejected) ... ok
2026-10-09T04:35:58.9255777Z test_synthetic_dispatch_capacity_keeps_real_disk_margin_gate (test_r5_benchmark.BenchmarkContractTests.test_synthetic_dispatch_capacity_keeps_real_disk_margin_gate) ... ok
2026-10-09T04:35:58.9908880Z test_current_closure_blocks_legacy_method_identity_until_explicit_migration (test_r5_benchmark.BenchmarkCurrentSourcePolicyTests.test_current_closure_blocks_legacy_method_identity_until_explicit_migration) ... ok
2026-10-09T04:35:59.0732866Z test_runner_default_overrides_ambient_optin_and_selected_source_must_match (test_r5_benchmark.BenchmarkCurrentSourcePolicyTests.test_runner_default_overrides_ambient_optin_and_selected_source_must_match) ... ok
2026-10-09T04:35:59.0752421Z test_M_search_threshold_preserved (test_r5_benchmark.BenchmarkEvidenceTests.test_M_search_threshold_preserved) ... ok
2026-10-09T04:35:59.0861516Z test_actual_claim_digest_inflight_and_sixstream_evidence_required (test_r5_benchmark.BenchmarkEvidenceTests.test_actual_claim_digest_inflight_and_sixstream_evidence_required) ... ok
2026-10-09T04:35:59.1016460Z test_actual_distribution_and_fingerprints_rejected (test_r5_benchmark.BenchmarkEvidenceTests.test_actual_distribution_and_fingerprints_rejected) ... ok
2026-10-09T04:35:59.1106178Z test_actual_plan_metadata_and_resource_scope_rejected (test_r5_benchmark.BenchmarkEvidenceTests.test_actual_plan_metadata_and_resource_scope_rejected) ... ok
2026-10-09T04:35:59.1137049Z test_actual_plan_relation_not_quota_or_parameter_substring (test_r5_benchmark.BenchmarkEvidenceTests.test_actual_plan_relation_not_quota_or_parameter_substring) ... ok
2026-10-09T04:35:59.1153492Z test_complete_tool_pipeline_and_workloads_still_not_S_M (test_r5_benchmark.BenchmarkEvidenceTests.test_complete_tool_pipeline_and_workloads_still_not_S_M) ... ok
2026-10-09T04:35:59.1166848Z test_current_pipeline_observation_absence_is_rejected (test_r5_benchmark.BenchmarkEvidenceTests.test_current_pipeline_observation_absence_is_rejected) ... ok
2026-10-09T04:35:59.1190349Z test_current_schema_cannot_relabel_schema16_preparation (test_r5_benchmark.BenchmarkEvidenceTests.test_current_schema_cannot_relabel_schema16_preparation) ... ok
2026-10-09T04:35:59.1217871Z test_current_schema_cannot_select_frozen_legacy_exemption (test_r5_benchmark.BenchmarkEvidenceTests.test_current_schema_cannot_select_frozen_legacy_exemption) ... ok
2026-10-09T04:35:59.1237348Z test_direct_pipeline_shapes_tool_S_M_preserve_population_boundaries (test_r5_benchmark.BenchmarkEvidenceTests.test_direct_pipeline_shapes_tool_S_M_preserve_population_boundaries) ... ok
2026-10-09T04:35:59.1291633Z test_formal_parser_drain_observations_cannot_be_echo_or_unjoined (test_r5_benchmark.BenchmarkEvidenceTests.test_formal_parser_drain_observations_cannot_be_echo_or_unjoined) ... ok
2026-10-09T04:35:59.1392156Z test_missing_zero_duplicate_nonfinite_measurements_rejected (test_r5_benchmark.BenchmarkEvidenceTests.test_missing_zero_duplicate_nonfinite_measurements_rejected) ... ok
2026-10-09T04:35:59.1473727Z test_new_execution_requires_actual_wall_and_sample_clock (test_r5_benchmark.BenchmarkEvidenceTests.test_new_execution_requires_actual_wall_and_sample_clock) ... ok
2026-10-09T04:35:59.1496231Z test_observation_and_safety_scope_rejected (test_r5_benchmark.BenchmarkEvidenceTests.test_observation_and_safety_scope_rejected) ... ok
2026-10-09T04:35:59.1559156Z test_parser_guard_requires_actual_minimum_and_original_deadline (test_r5_benchmark.BenchmarkEvidenceTests.test_parser_guard_requires_actual_minimum_and_original_deadline) ... ok
2026-10-09T04:35:59.1593769Z test_partial_or_fake_shape_does_not_certify_scale (test_r5_benchmark.BenchmarkEvidenceTests.test_partial_or_fake_shape_does_not_certify_scale) ... ok
2026-10-09T04:35:59.1712278Z test_pipeline_actual_claim_counts_pairing_and_heap_rejected (test_r5_benchmark.BenchmarkEvidenceTests.test_pipeline_actual_claim_counts_pairing_and_heap_rejected) ... ok
2026-10-09T04:35:59.1768316Z test_pipeline_checkpoint_missing_duplicate_unknown_or_wrong_phase_rejected (test_r5_benchmark.BenchmarkEvidenceTests.test_pipeline_checkpoint_missing_duplicate_unknown_or_wrong_phase_rejected) ... ok
2026-10-09T04:35:59.2530823Z test_pipeline_duplicate_json_and_cli_absence_fail_closed (test_r5_benchmark.BenchmarkEvidenceTests.test_pipeline_duplicate_json_and_cli_absence_fail_closed) ... ok
2026-10-09T04:35:59.2548179Z test_pipeline_stage_wall_cannot_escape_actual_execution_wall (test_r5_benchmark.BenchmarkEvidenceTests.test_pipeline_stage_wall_cannot_escape_actual_execution_wall) ... ok
2026-10-09T04:35:59.3117238Z test_pipeline_window_terminal_and_illegal_number_rejected (test_r5_benchmark.BenchmarkEvidenceTests.test_pipeline_window_terminal_and_illegal_number_rejected) ... ok
2026-10-09T04:35:59.3163357Z test_preparation_explain_must_be_actual_mail_index_jobs_plan_tree (test_r5_benchmark.BenchmarkEvidenceTests.test_preparation_explain_must_be_actual_mail_index_jobs_plan_tree) ... ok
2026-10-09T04:35:59.3179187Z test_schema16_fixture_cannot_bypass_current_migration_source (test_r5_benchmark.BenchmarkEvidenceTests.test_schema16_fixture_cannot_bypass_current_migration_source) ... ok
2026-10-09T04:35:59.3193022Z test_schema16_fixture_metadata_and_source_are_explicit (test_r5_benchmark.BenchmarkEvidenceTests.test_schema16_fixture_metadata_and_source_are_explicit) ... ok
2026-10-09T04:35:59.3207328Z test_schema16_negative_reaches_checkpoint_validation (test_r5_benchmark.BenchmarkEvidenceTests.test_schema16_negative_reaches_checkpoint_validation) ... ok
2026-10-09T04:35:59.3347396Z test_strict_types_unknown_sampling_schema_and_tool_mode (test_r5_benchmark.BenchmarkEvidenceTests.test_strict_types_unknown_sampling_schema_and_tool_mode) ... ok
2026-10-09T04:35:59.3370102Z test_tool_only_shape_never_certifies_original_scale (test_r5_benchmark.BenchmarkEvidenceTests.test_tool_only_shape_never_certifies_original_scale) ... ok
2026-10-09T04:35:59.3393028Z test_tool_resources_seed_and_sampling_unknown_rejected (test_r5_benchmark.BenchmarkEvidenceTests.test_tool_resources_seed_and_sampling_unknown_rejected) ... ok
2026-10-09T04:35:59.3406244Z test_validated_shape_still_not_task_or_product_approval (test_r5_benchmark.BenchmarkEvidenceTests.test_validated_shape_still_not_task_or_product_approval) ... ok
2026-10-09T04:35:59.3417885Z test_validator_required_fields_match_actual_Go_preparation_json (test_r5_benchmark.BenchmarkEvidenceTests.test_validator_required_fields_match_actual_Go_preparation_json) ... ok
2026-10-09T04:35:59.3423554Z test_archive_old_S_admitted_from_exact_frozen_bytes_not_current_METHOD (test_r5_benchmark.BenchmarkLookaheadMAdmissionTests.test_archive_old_S_admitted_from_exact_frozen_bytes_not_current_METHOD) ... ok
2026-10-09T04:35:59.3429247Z test_current_M_allowed_exact_budget_population_and_L_rejected (test_r5_benchmark.BenchmarkLookaheadMAdmissionTests.test_current_M_allowed_exact_budget_population_and_L_rejected) ... ok
2026-10-09T04:35:59.3450314Z test_current_M_legacy_method_requires_policy_migration_without_dispatch_or_L (test_r5_benchmark.BenchmarkLookaheadMAdmissionTests.test_current_M_legacy_method_requires_policy_migration_without_dispatch_or_L) ... ok
2026-10-09T04:35:59.3454781Z test_historical_S_contract_digest_bound_not_current_or_schema_exemption (test_r5_benchmark.BenchmarkLookaheadMAdmissionTests.test_historical_S_contract_digest_bound_not_current_or_schema_exemption) ... ok
2026-10-09T04:35:59.3653785Z test_actual_permutation_fifo_fairness_mailbox_mapping_and_diversity_rejected (test_r5_benchmark.BenchmarkLookaheadTests.test_actual_permutation_fifo_fairness_mailbox_mapping_and_diversity_rejected) ... ok
2026-10-09T04:35:59.4423381Z test_actual_pg_observation_not_metadata_or_uid_equivalence_claim (test_r5_benchmark.BenchmarkLookaheadTests.test_actual_pg_observation_not_metadata_or_uid_equivalence_claim) ... ok
2026-10-09T04:35:59.4486000Z test_archived_selection_exact_source_method_contract_argv_environment (test_r5_benchmark.BenchmarkLookaheadTests.test_archived_selection_exact_source_method_contract_argv_environment) ... ok
2026-10-09T04:35:59.4586085Z test_cli_invalid_or_missing_optin_contract_rejected_without_go (test_r5_benchmark.BenchmarkLookaheadTests.test_cli_invalid_or_missing_optin_contract_rejected_without_go) ... ok
2026-10-09T04:35:59.4663860Z test_default_v1_and_history_cannot_auto_select_or_accept_new_fields (test_r5_benchmark.BenchmarkLookaheadTests.test_default_v1_and_history_cannot_auto_select_or_accept_new_fields) ... ok
2026-10-09T04:35:59.4713092Z test_explicit_contract_population_and_non_equivalence_boundary (test_r5_benchmark.BenchmarkLookaheadTests.test_explicit_contract_population_and_non_equivalence_boundary) ... ok
2026-10-09T04:35:59.7318882Z test_new_original_S_complete_grammar_preserves_all_workloads_and_not_approval (test_r5_benchmark.BenchmarkLookaheadTests.test_new_original_S_complete_grammar_preserves_all_workloads_and_not_approval) ... ok
2026-10-09T04:35:59.7357357Z test_pseudo_history_and_duplicate_selection_json_rejected (test_r5_benchmark.BenchmarkLookaheadTests.test_pseudo_history_and_duplicate_selection_json_rejected) ... ok
2026-10-09T04:35:59.7802360Z test_scheduler_complete_joined_counts_and_numeric_aliases_rejected (test_r5_benchmark.BenchmarkLookaheadTests.test_scheduler_complete_joined_counts_and_numeric_aliases_rejected) ... ok
2026-10-09T04:35:59.7839067Z test_unknown_missing_duplicate_and_type_alias_method_contract_rejected (test_r5_benchmark.BenchmarkLookaheadTests.test_unknown_missing_duplicate_and_type_alias_method_contract_rejected) ... ok
2026-10-09T04:35:59.7850345Z test_backwards_wall_clock_rejects_instead_of_extending_budget (test_r5_benchmark.BenchmarkProcessTests.test_backwards_wall_clock_rejects_instead_of_extending_budget) ... ok
2026-10-09T04:35:59.7857179Z test_changed_sigchld_cannot_turn_echild_into_fabricated_zero (test_r5_benchmark.BenchmarkProcessTests.test_changed_sigchld_cannot_turn_echild_into_fabricated_zero) ... ok
2026-10-09T04:35:59.7873254Z test_cleanup_eperm_keeps_actual_exit_and_error_receipt (test_r5_benchmark.BenchmarkProcessTests.test_cleanup_eperm_keeps_actual_exit_and_error_receipt) ... ok
2026-10-09T04:35:59.7888825Z test_cleanup_live_eperm_or_join_unknown_never_fabricates_exit (test_r5_benchmark.BenchmarkProcessTests.test_cleanup_live_eperm_or_join_unknown_never_fabricates_exit) ... ok
2026-10-09T04:35:59.7903107Z test_cleanup_missing_or_reused_identity_never_signals_foreign_group (test_r5_benchmark.BenchmarkProcessTests.test_cleanup_missing_or_reused_identity_never_signals_foreign_group) ... ok
2026-10-09T04:35:59.7922519Z test_go_protocol_rejects_skips_missing_duplicate_and_wrong_package (test_r5_benchmark.BenchmarkProcessTests.test_go_protocol_rejects_skips_missing_duplicate_and_wrong_package) ... ok
2026-10-09T04:35:59.7945059Z test_no_git_metadata_is_not_a_fabricated_head (test_r5_benchmark.BenchmarkProcessTests.test_no_git_metadata_is_not_a_fabricated_head) ... ok
2026-10-09T04:35:59.7955315Z test_nondefault_sigchld_and_untrusted_anchor_fail_closed (test_r5_benchmark.BenchmarkProcessTests.test_nondefault_sigchld_and_untrusted_anchor_fail_closed) ... ok
2026-10-09T04:35:59.7981692Z test_observed_exit_and_nondefault_sigchld_never_signal_reused_group (test_r5_benchmark.BenchmarkProcessTests.test_observed_exit_and_nondefault_sigchld_never_signal_reused_group) ... ok
2026-10-09T04:35:59.7983415Z test_raw_rfc3339_wall_budget_includes_suspend (test_r5_benchmark.BenchmarkProcessTests.test_raw_rfc3339_wall_budget_includes_suspend) ... ok
2026-10-09T04:35:59.8997596Z test_real_finished_process_success_and_receipt (test_r5_benchmark.BenchmarkProcessTests.test_real_finished_process_success_and_receipt) ... ok
2026-10-09T04:36:05.4220688Z test_real_timeout_terminal_leader_keeps_group_identity_until_kill (test_r5_benchmark.BenchmarkProcessTests.test_real_timeout_terminal_leader_keeps_group_identity_until_kill) ... ok
2026-10-09T04:36:05.4232976Z test_resume_wall_jump_rejects_even_if_process_already_finished (test_r5_benchmark.BenchmarkProcessTests.test_resume_wall_jump_rejects_even_if_process_already_finished) ... ok
2026-10-09T04:36:05.4964491Z test_source_closure_tracks_dependencies_and_content_drift (test_r5_benchmark.BenchmarkProcessTests.test_source_closure_tracks_dependencies_and_content_drift) ... ok
2026-10-09T04:36:05.4966958Z test_spawn_failure_preserves_unknown_receipt (test_r5_benchmark.BenchmarkProcessTests.test_spawn_failure_preserves_unknown_receipt) ... ok
2026-10-09T04:36:11.0083953Z test_timeout_kills_owned_descendant_and_preserves_output (test_r5_benchmark.BenchmarkProcessTests.test_timeout_kills_owned_descendant_and_preserves_output) ... ok
2026-10-09T04:36:11.0863679Z test_actual_receipt_native_proof_not_synthetic_old_proof_or_current_source (test_r5_benchmark.BenchmarkRegistryAdapterTests.test_actual_receipt_native_proof_not_synthetic_old_proof_or_current_source) ... ok
2026-10-09T04:36:11.0911634Z test_archive_safe_empty_directories_only_not_links_duplicates_or_unsafe_paths (test_r5_benchmark.BenchmarkRegistryAdapterTests.test_archive_safe_empty_directories_only_not_links_duplicates_or_unsafe_paths) ... ok
2026-10-09T04:36:11.0914206Z test_delivered_review_is_original_payload_bytes_not_refilled_wrapper (test_r5_benchmark.BenchmarkRegistryAdapterTests.test_delivered_review_is_original_payload_bytes_not_refilled_wrapper) ... ok
2026-10-09T04:36:11.0924379Z test_legacy_embedded_review_only_exact_S2_version_not_unknown_or_future_M (test_r5_benchmark.BenchmarkRegistryAdapterTests.test_legacy_embedded_review_only_exact_S2_version_not_unknown_or_future_M) ... ok
2026-10-09T04:36:11.0927016Z test_multiple_distinct_S_identities_and_duplicate_alias_run_rejected (test_r5_benchmark.BenchmarkRegistryAdapterTests.test_multiple_distinct_S_identities_and_duplicate_alias_run_rejected) ... ok
2026-10-09T04:36:11.0929294Z test_only_explicit_known_review_version_tuple_and_fields_admitted (test_r5_benchmark.BenchmarkRegistryAdapterTests.test_only_explicit_known_review_version_tuple_and_fields_admitted) ... ok
2026-10-09T04:36:11.0931647Z test_raw_exit_integer_bytes_do_not_accept_float_boolean_or_alias (test_r5_benchmark.BenchmarkRegistryAdapterTests.test_raw_exit_integer_bytes_do_not_accept_float_boolean_or_alias) ... ok
2026-10-09T04:36:11.0969006Z test_result_sidecar_exact_actual_members_source_not_archive_digest_substitute (test_r5_benchmark.BenchmarkRegistryAdapterTests.test_result_sidecar_exact_actual_members_source_not_archive_digest_substitute) ... ok
2026-10-09T04:36:11.3288448Z test_actual_typed_M_failure_packet_positive_and_bound_negative_evidence (test_r5_benchmark.BenchmarkRegistryClockAndMFailureTests.test_actual_typed_M_failure_packet_positive_and_bound_negative_evidence) ... ok
2026-10-09T04:36:11.3290987Z test_known_summary_clock_scopes_are_bound_not_forced_equal (test_r5_benchmark.BenchmarkRegistryClockAndMFailureTests.test_known_summary_clock_scopes_are_bound_not_forced_equal) ... ok
2026-10-09T04:36:11.3311569Z test_typed_M_failure_version_exact_failed_role_not_S_schema17_or_fake_metrics (test_r5_benchmark.BenchmarkRegistryClockAndMFailureTests.test_typed_M_failure_version_exact_failed_role_not_S_schema17_or_fake_metrics) ... ok
2026-10-09T04:36:11.3351694Z test_missing_unknown_duplicate_or_wrong_delivery_proof_rejected (test_r5_benchmark.BenchmarkRegistryFixtureReferenceTests.test_missing_unknown_duplicate_or_wrong_delivery_proof_rejected) ... ok
2026-10-09T04:36:11.3354096Z test_old_author_archive_manifest_binding_not_arbitrary_row (test_r5_benchmark.BenchmarkRegistryFixtureReferenceTests.test_old_author_archive_manifest_binding_not_arbitrary_row) ... ok
2026-10-09T04:36:11.3360082Z test_original_source_population_path_and_declared_archive_null_rejected (test_r5_benchmark.BenchmarkRegistryFixtureReferenceTests.test_original_source_population_path_and_declared_archive_null_rejected) ... ok
2026-10-09T04:36:11.3370541Z test_safe_delivery_and_unchanged_author_receipt_shapes (test_r5_benchmark.BenchmarkRegistryFixtureReferenceTests.test_safe_delivery_and_unchanged_author_receipt_shapes) ... ok
2026-10-09T04:36:11.5899829Z test_failed_attempt_uses_actual_raw_exit_and_source (test_r5_benchmark.BenchmarkRegistryTests.test_failed_attempt_uses_actual_raw_exit_and_source) ... ok
2026-10-09T04:36:11.8229294Z test_failed_population_float_and_fake_product_green_rejected (test_r5_benchmark.BenchmarkRegistryTests.test_failed_population_float_and_fake_product_green_rejected) ... ok
2026-10-09T04:36:12.0842032Z test_fake_flags_tool_only_and_source_identity_rejected (test_r5_benchmark.BenchmarkRegistryTests.test_fake_flags_tool_only_and_source_identity_rejected) ... ok
2026-10-09T04:36:12.0995042Z test_frozen_S2_must_not_be_backfilled_with_new_pipeline_metadata (test_r5_benchmark.BenchmarkRegistryTests.test_frozen_S2_must_not_be_backfilled_with_new_pipeline_metadata) ... ok
2026-10-09T04:36:12.3496653Z test_historical_contract_and_schema_not_current_metadata (test_r5_benchmark.BenchmarkRegistryTests.test_historical_contract_and_schema_not_current_metadata) ... ok
2026-10-09T04:36:12.3582682Z test_missing_history_or_archive_and_failed_attempt_not_success (test_r5_benchmark.BenchmarkRegistryTests.test_missing_history_or_archive_and_failed_attempt_not_success) ... ok
2026-10-09T04:36:12.3674609Z test_missing_original_result_not_a_green_review (test_r5_benchmark.BenchmarkRegistryTests.test_missing_original_result_not_a_green_review) ... ok
2026-10-09T04:36:12.3819820Z test_missing_raw_runner_exit_cannot_be_inferred_from_go (test_r5_benchmark.BenchmarkRegistryTests.test_missing_raw_runner_exit_cannot_be_inferred_from_go) ... ok
2026-10-09T04:36:12.3964403Z test_original_command_cannot_extend_frozen_go_timeout (test_r5_benchmark.BenchmarkRegistryTests.test_original_command_cannot_extend_frozen_go_timeout) ... ok
2026-10-09T04:36:12.4109101Z test_preflight_population_budget_and_artifact_hashes_rejected (test_r5_benchmark.BenchmarkRegistryTests.test_preflight_population_budget_and_artifact_hashes_rejected) ... ok
2026-10-09T04:36:12.4253841Z test_raw_exit_failure_cannot_be_hidden_by_passed_review (test_r5_benchmark.BenchmarkRegistryTests.test_raw_exit_failure_cannot_be_hidden_by_passed_review) ... ok
2026-10-09T04:36:12.4401916Z test_raw_host_suspend_budget_cannot_hide_under_go_elapsed (test_r5_benchmark.BenchmarkRegistryTests.test_raw_host_suspend_budget_cannot_hide_under_go_elapsed) ... ok
2026-10-09T04:36:12.4545782Z test_raw_source_and_process_protocol_not_only_hashes (test_r5_benchmark.BenchmarkRegistryTests.test_raw_source_and_process_protocol_not_only_hashes) ... ok
2026-10-09T04:36:12.7080824Z test_real_success_and_failed_attempts_are_not_static_empty_registry (test_r5_benchmark.BenchmarkRegistryTests.test_real_success_and_failed_attempts_are_not_static_empty_registry) ... ok
2026-10-09T04:36:12.7230250Z test_source_closure_digest_not_just_declared_source (test_r5_benchmark.BenchmarkRegistryTests.test_source_closure_digest_not_just_declared_source) ... ok
2026-10-09T04:36:12.7377700Z test_tool_only_marker_on_original_scale_result_rejected (test_r5_benchmark.BenchmarkRegistryTests.test_tool_only_marker_on_original_scale_result_rejected) ... ok
2026-10-09T04:36:15.3143356Z test_unknown_failed_variant_never_becomes_success (test_r5_benchmark.BenchmarkRegistryTests.test_unknown_failed_variant_never_becomes_success) ... ok
2026-10-09T04:36:15.5676812Z test_unknown_failed_variant_preserves_exact_original_provenance (test_r5_benchmark.BenchmarkRegistryTests.test_unknown_failed_variant_preserves_exact_original_provenance) ... ok
2026-10-09T04:36:15.8198257Z test_unknown_failed_variant_rejection_must_be_actual_eperm (test_r5_benchmark.BenchmarkRegistryTests.test_unknown_failed_variant_rejection_must_be_actual_eperm) ... ok
2026-10-09T04:36:16.3011215Z test_unknown_failed_variant_rejects_terminal_go_or_missing_exit_key (test_r5_benchmark.BenchmarkRegistryTests.test_unknown_failed_variant_rejects_terminal_go_or_missing_exit_key) ... ok
2026-10-09T04:36:16.8057923Z test_unknown_failed_variant_requires_raw_rejection_and_absence (test_r5_benchmark.BenchmarkRegistryTests.test_unknown_failed_variant_requires_raw_rejection_and_absence) ... ok
2026-10-09T04:36:16.8072396Z test_canonical_identity_derived_from_actual_frozen_mapping (test_r5_benchmark.BenchmarkSourceIdentityTests.test_canonical_identity_derived_from_actual_frozen_mapping) ... ok
2026-10-09T04:36:16.8104412Z test_canonical_identity_protected_files_actual_schema_and_mapping_required (test_r5_benchmark.BenchmarkSourceIdentityTests.test_canonical_identity_protected_files_actual_schema_and_mapping_required) ... ok
2026-10-09T04:36:16.8121741Z test_canonical_proof_binds_original_receipt_not_rewritten_metadata (test_r5_benchmark.BenchmarkSourceIdentityTests.test_canonical_proof_binds_original_receipt_not_rewritten_metadata) ... ok
2026-10-09T04:36:16.8166311Z test_canonical_proof_requires_exact_original_algorithm_bytes_and_semantics (test_r5_benchmark.BenchmarkSourceIdentityTests.test_canonical_proof_requires_exact_original_algorithm_bytes_and_semantics) ... ok
2026-10-09T04:36:16.8205237Z test_unknown_kind_arbitrary_label_pseudo_Git_and_closure_hash_rejected (test_r5_benchmark.BenchmarkSourceIdentityTests.test_unknown_kind_arbitrary_label_pseudo_Git_and_closure_hash_rejected) ... ok
2026-10-09T04:36:31.8528535Z test_old_pins_reject_and_current_revision_passes_same_actual_facts (test_r5_catalog_reconciliation.ReviewedCatalogReconciliationTests.test_old_pins_reject_and_current_revision_passes_same_actual_facts) ... ok
2026-10-09T04:36:31.8577256Z test_only_reviewed_body_and_two_closure_hashes_change (test_r5_catalog_reconciliation.ReviewedCatalogReconciliationTests.test_only_reviewed_body_and_two_closure_hashes_change) ... ok
2026-10-09T04:36:32.8920535Z test_revision10_preserves_all_historical_bytes_and_original_rejection_guards (test_r5_catalog_reconciliation.ReviewedCatalogReconciliationTests.test_revision10_preserves_all_historical_bytes_and_original_rejection_guards) ... ok
2026-10-09T04:36:33.1349829Z test_revision10_preserves_manual_reviews_and_binds_fresh_source_facts (test_r5_catalog_reconciliation.ReviewedCatalogReconciliationTests.test_revision10_preserves_manual_reviews_and_binds_fresh_source_facts) ... ok
2026-10-09T04:36:36.8567439Z test_revision11_preserves_history_and_all_unapproved_rejection_guards (test_r5_catalog_reconciliation.ReviewedCatalogReconciliationTests.test_revision11_preserves_history_and_all_unapproved_rejection_guards) ... ok
2026-10-09T04:36:38.0148089Z test_revision11_reconciles_actual_functions_clients_routes_and_source (test_r5_catalog_reconciliation.ReviewedCatalogReconciliationTests.test_revision11_reconciles_actual_functions_clients_routes_and_source) ... ok
2026-10-09T04:36:41.6820311Z test_revision12_binds_actual_source_facts_and_preserves_manual_reviews (test_r5_catalog_reconciliation.ReviewedCatalogReconciliationTests.test_revision12_binds_actual_source_facts_and_preserves_manual_reviews) ... ok
2026-10-09T04:36:42.8142131Z test_revision12_preserves_public_history_collectors_and_original_rejections (test_r5_catalog_reconciliation.ReviewedCatalogReconciliationTests.test_revision12_preserves_public_history_collectors_and_original_rejections) ... ok
2026-10-09T04:36:46.6329993Z test_revision13_binds_actual_source_facts_and_preserves_manual_reviews (test_r5_catalog_reconciliation.ReviewedCatalogReconciliationTests.test_revision13_binds_actual_source_facts_and_preserves_manual_reviews) ... ok
2026-10-09T04:36:48.1518220Z test_revision13_preserves_public_history_collectors_and_original_rejections (test_r5_catalog_reconciliation.ReviewedCatalogReconciliationTests.test_revision13_preserves_public_history_collectors_and_original_rejections) ... ok
2026-10-09T04:36:52.1405367Z test_revision14_binds_actual_source_facts_and_preserves_manual_reviews (test_r5_catalog_reconciliation.ReviewedCatalogReconciliationTests.test_revision14_binds_actual_source_facts_and_preserves_manual_reviews) ... ok
2026-10-09T04:36:53.8471750Z test_revision14_preserves_public_history_collectors_and_original_rejections (test_r5_catalog_reconciliation.ReviewedCatalogReconciliationTests.test_revision14_preserves_public_history_collectors_and_original_rejections) ... ok
2026-10-09T04:36:57.7929452Z test_revision15_binds_actual_source_facts_and_preserves_manual_reviews (test_r5_catalog_reconciliation.ReviewedCatalogReconciliationTests.test_revision15_binds_actual_source_facts_and_preserves_manual_reviews) ... ok
2026-10-09T04:36:59.7998031Z test_revision15_preserves_public_history_collectors_and_original_rejections (test_r5_catalog_reconciliation.ReviewedCatalogReconciliationTests.test_revision15_preserves_public_history_collectors_and_original_rejections) ... ok
2026-10-09T04:37:01.6006689Z test_revision16_binds_actual_source_facts_and_preserves_manual_reviews (test_r5_catalog_reconciliation.ReviewedCatalogReconciliationTests.test_revision16_binds_actual_source_facts_and_preserves_manual_reviews) ... ok
2026-10-09T04:37:04.0615218Z test_revision16_preserves_public_history_collectors_and_original_rejections (test_r5_catalog_reconciliation.ReviewedCatalogReconciliationTests.test_revision16_preserves_public_history_collectors_and_original_rejections) ... ok
2026-10-09T04:37:04.0621757Z test_revision3_client_inventory_preserves_routes_and_forwarders (test_r5_catalog_reconciliation.ReviewedCatalogReconciliationTests.test_revision3_client_inventory_preserves_routes_and_forwarders) ... ok
2026-10-09T04:37:04.1649674Z test_revision3_preserves_unmodified_reviews_and_pins_reviewed_sources (test_r5_catalog_reconciliation.ReviewedCatalogReconciliationTests.test_revision3_preserves_unmodified_reviews_and_pins_reviewed_sources) ... ok
2026-10-09T04:37:04.2169757Z test_revision4_client_locations_and_source_hashes_are_explicitly_bound (test_r5_catalog_reconciliation.ReviewedCatalogReconciliationTests.test_revision4_client_locations_and_source_hashes_are_explicitly_bound) ... ok
2026-10-09T04:37:04.2330661Z test_revision4_preserves_reviews_and_records_exact_caller_changes (test_r5_catalog_reconciliation.ReviewedCatalogReconciliationTests.test_revision4_preserves_reviews_and_records_exact_caller_changes) ... ok
2026-10-09T04:37:04.3962416Z test_revision5_client_moves_and_source_hashes_are_explicitly_bound (test_r5_catalog_reconciliation.ReviewedCatalogReconciliationTests.test_revision5_client_moves_and_source_hashes_are_explicitly_bound) ... ok
2026-10-09T04:37:04.4117489Z test_revision5_preserves_reviews_and_records_exact_caller_changes (test_r5_catalog_reconciliation.ReviewedCatalogReconciliationTests.test_revision5_preserves_reviews_and_records_exact_caller_changes) ... ok
2026-10-09T04:37:04.6851680Z test_revision6_client_facts_source_bytes_and_historical_guards_are_bound (test_r5_catalog_reconciliation.ReviewedCatalogReconciliationTests.test_revision6_client_facts_source_bytes_and_historical_guards_are_bound) ... ok
2026-10-09T04:37:04.7060041Z test_revision6_preserves_reviews_and_records_exact_caller_changes (test_r5_catalog_reconciliation.ReviewedCatalogReconciliationTests.test_revision6_preserves_reviews_and_records_exact_caller_changes) ... ok
2026-10-09T04:37:04.9638082Z test_revision7_client_facts_source_bytes_and_historical_guards_are_bound (test_r5_catalog_reconciliation.ReviewedCatalogReconciliationTests.test_revision7_client_facts_source_bytes_and_historical_guards_are_bound) ... ok
2026-10-09T04:37:04.9803852Z test_revision7_preserves_reviews_and_records_exact_caller_changes (test_r5_catalog_reconciliation.ReviewedCatalogReconciliationTests.test_revision7_preserves_reviews_and_records_exact_caller_changes) ... ok
2026-10-09T04:37:05.4071511Z test_revision8_preserves_client_closure_history_and_all_original_guards (test_r5_catalog_reconciliation.ReviewedCatalogReconciliationTests.test_revision8_preserves_client_closure_history_and_all_original_guards) ... ok
2026-10-09T04:37:05.4698738Z test_revision8_reviews_the_new_revocation_sql_and_complete_transaction_deltas (test_r5_catalog_reconciliation.ReviewedCatalogReconciliationTests.test_revision8_reviews_the_new_revocation_sql_and_complete_transaction_deltas) ... ok
2026-10-09T04:37:06.4610799Z test_revision9_preserves_all_historical_bytes_and_original_rejection_guards (test_r5_catalog_reconciliation.ReviewedCatalogReconciliationTests.test_revision9_preserves_all_historical_bytes_and_original_rejection_guards) ... ok
2026-10-09T04:37:06.6056122Z test_revision9_preserves_manual_reviews_and_binds_fresh_source_facts (test_r5_catalog_reconciliation.ReviewedCatalogReconciliationTests.test_revision9_preserves_manual_reviews_and_binds_fresh_source_facts) ... ok
2026-10-09T04:37:07.7440667Z test_unapproved_actual_closure_bytes_rejected (test_r5_catalog_reconciliation.ReviewedCatalogReconciliationTests.test_unapproved_actual_closure_bytes_rejected) ... ok
2026-10-09T04:37:08.0732512Z test_unapproved_actual_route_source_rejected_by_original_collector (test_r5_catalog_reconciliation.ReviewedCatalogReconciliationTests.test_unapproved_actual_route_source_rejected_by_original_collector) ... ok
2026-10-09T04:37:09.2924427Z test_unapproved_actual_source_and_ast_changes_rejected (test_r5_catalog_reconciliation.ReviewedCatalogReconciliationTests.test_unapproved_actual_source_and_ast_changes_rejected) ... ok
2026-10-09T04:37:09.6675528Z test_unapproved_client_and_caller_locations_are_rejected (test_r5_catalog_reconciliation.ReviewedCatalogReconciliationTests.test_unapproved_client_and_caller_locations_are_rejected) ... ok
2026-10-09T04:37:10.0524250Z test_unapproved_route_and_ast_fact_changes_rejected (test_r5_catalog_reconciliation.ReviewedCatalogReconciliationTests.test_unapproved_route_and_ast_fact_changes_rejected) ... ok
2026-10-09T04:37:10.6434214Z test_archive_guard_order_and_version_dispatch (test_r5_ci_wiring.R5CIWiringTests.test_archive_guard_order_and_version_dispatch) ... ok
2026-10-09T04:37:10.6588760Z test_existing_jobs_toolchain_and_timer_mode (test_r5_ci_wiring.R5CIWiringTests.test_existing_jobs_toolchain_and_timer_mode) ... ok
2026-10-09T04:37:10.6758267Z test_pr_base_boundary_is_shared (test_r5_ci_wiring.R5CIWiringTests.test_pr_base_boundary_is_shared) ... ok
2026-10-09T04:37:10.6922803Z test_push_remains_main_only_and_no_privileged_event (test_r5_ci_wiring.R5CIWiringTests.test_push_remains_main_only_and_no_privileged_event) ... ok
2026-10-09T04:37:10.7104431Z test_read_only_checkout_and_exact_source_archive (test_r5_ci_wiring.R5CIWiringTests.test_read_only_checkout_and_exact_source_archive) ... ok
2026-10-09T04:37:11.7276597Z test_atomic_final_receipt_actual_alarm_never_leaves_machine_pass (test_r5_cold_web.ColdWebTests.test_atomic_final_receipt_actual_alarm_never_leaves_machine_pass) ... ok
2026-10-09T04:37:12.7436622Z test_atomic_hard_expiry_interrupts_raw_read_without_unbounded_failure_io (test_r5_cold_web.ColdWebTests.test_atomic_hard_expiry_interrupts_raw_read_without_unbounded_failure_io) ... ok
2026-10-09T04:37:13.7593949Z test_atomic_observe_expiry_propagates_and_failure_io_stays_hard_bounded (test_r5_cold_web.ColdWebTests.test_atomic_observe_expiry_propagates_and_failure_io_stays_hard_bounded) ... ok
2026-10-09T04:37:14.5293447Z test_atomic_parser_is_under_alarm_before_constructor_path_work (test_r5_cold_web.ColdWebTests.test_atomic_parser_is_under_alarm_before_constructor_path_work) ... ok
2026-10-09T04:37:14.5436524Z {"status": "finalization_prepared_not_admitted", "evidence": "/tmp/r5-cold-unit-t9hh3mud/atomic-baseexception-0"}
2026-10-09T04:37:14.5459104Z {"status": "finalization_prepared_not_admitted", "evidence": "/tmp/r5-cold-unit-t9hh3mud/atomic-baseexception-1"}
2026-10-09T04:37:14.5478654Z {"status": "finalization_prepared_not_admitted", "evidence": "/tmp/r5-cold-unit-t9hh3mud/atomic-baseexception-2"}
2026-10-09T04:37:14.5508390Z test_atomic_post_publication_baseexceptions_revoke_without_machine_pass (test_r5_cold_web.ColdWebTests.test_atomic_post_publication_baseexceptions_revoke_without_machine_pass) ... ok
2026-10-09T04:37:14.5659092Z {"status": "finalization_prepared_not_admitted", "evidence": "/tmp/r5-cold-unit-5aamuvh8/atomic-revoke"}
2026-10-09T04:37:14.5713918Z test_atomic_post_publication_failure_revokes_machine_pass (test_r5_cold_web.ColdWebTests.test_atomic_post_publication_failure_revokes_machine_pass) ... ok
2026-10-09T04:37:14.5862773Z test_atomic_success_publishes_once_only_after_complete_receipts (test_r5_cold_web.ColdWebTests.test_atomic_success_publishes_once_only_after_complete_receipts) ... ok
2026-10-09T04:37:14.6002094Z test_atomic_timeout_abbreviation_is_rejected_before_capture (test_r5_cold_web.ColdWebTests.test_atomic_timeout_abbreviation_is_rejected_before_capture) ... ok
2026-10-09T04:37:15.3643934Z test_cli_absolute_deadline_interrupts_slow_capture_without_node (test_r5_cold_web.ColdWebTests.test_cli_absolute_deadline_interrupts_slow_capture_without_node) ... ok
2026-10-09T04:37:15.4812269Z test_deadline_between_cleanup_probes_persists_unknown_not_absence (test_r5_cold_web.ColdWebTests.test_deadline_between_cleanup_probes_persists_unknown_not_absence) ... ok
2026-10-09T04:37:15.5033717Z test_dirty_capture_drift_refused (test_r5_cold_web.ColdWebTests.test_dirty_capture_drift_refused) ... ok
2026-10-09T04:37:15.5395562Z test_dirty_lockfile_and_bypassed_build_script_refused (test_r5_cold_web.ColdWebTests.test_dirty_lockfile_and_bypassed_build_script_refused) ... ok
2026-10-09T04:37:15.5566775Z test_environment_is_allowlisted_and_uses_private_empty_caches (test_r5_cold_web.ColdWebTests.test_environment_is_allowlisted_and_uses_private_empty_caches) ... ok
2026-10-09T04:37:15.5896007Z {"status": "finalization_prepared_not_admitted", "evidence": "/tmp/r5-cold-unit-uygbm5v9/match"}
2026-10-09T04:37:15.5916461Z test_execute_cli_passes_only_matching_prepared_identity (test_r5_cold_web.ColdWebTests.test_execute_cli_passes_only_matching_prepared_identity) ... ok
2026-10-09T04:37:15.6155720Z test_execute_cli_rejects_source_identity_drift_before_npm (test_r5_cold_web.ColdWebTests.test_execute_cli_rejects_source_identity_drift_before_npm) ... ok
2026-10-09T04:37:15.6400325Z test_execute_inherits_capture_deadline_without_fresh_budget (test_r5_cold_web.ColdWebTests.test_execute_inherits_capture_deadline_without_fresh_budget) ... ok
2026-10-09T04:37:15.6523944Z test_execute_requires_window_and_explicit_tool_path (test_r5_cold_web.ColdWebTests.test_execute_requires_window_and_explicit_tool_path) ... usage: run_r5_source_version_tests.py [-h] [--repo REPO] --output-dir
2026-10-09T04:37:15.6526008Z                                       OUTPUT_DIR [--dirty-file DIRTY_FILE]
2026-10-09T04:37:15.6526938Z                                       [--execute]
2026-10-09T04:37:15.6527857Z                                       [--runtime-window RUNTIME_WINDOW]
2026-10-09T04:37:15.6528533Z                                       [--node-bin NODE_BIN]
2026-10-09T04:37:15.6529445Z                                       [--expected-source-identity EXPECTED_SOURCE_IDENTITY]
2026-10-09T04:37:15.6530264Z                                       [--timeout-seconds TIMEOUT_SECONDS]
2026-10-09T04:37:15.6531137Z                                       [--total-timeout-seconds TOTAL_TIMEOUT_SECONDS]
2026-10-09T04:37:15.6531887Z run_r5_source_version_tests.py: error: --execute requires runtime-owner window, trusted --node-bin and --expected-source-identity
2026-10-09T04:37:15.6539449Z ok
2026-10-09T04:37:15.6671076Z test_existing_alarm_is_not_overwritten (test_r5_cold_web.ColdWebTests.test_existing_alarm_is_not_overwritten) ... ok
2026-10-09T04:37:15.7093577Z test_explicit_dirty_overlay_untracked_and_delete (test_r5_cold_web.ColdWebTests.test_explicit_dirty_overlay_untracked_and_delete) ... ok
2026-10-09T04:37:16.1611304Z test_failed_build_preserves_red_raw_and_exit (test_r5_cold_web.ColdWebTests.test_failed_build_preserves_red_raw_and_exit) ... ok
2026-10-09T04:37:16.6172480Z test_fake_build_command_receipts_are_exact_and_not_shipping_browser_G0 (test_r5_cold_web.ColdWebTests.test_fake_build_command_receipts_are_exact_and_not_shipping_browser_G0) ... ok
2026-10-09T04:37:16.6312472Z test_group_probe_timeout_clips_remaining_and_expired_is_unknown (test_r5_cold_web.ColdWebTests.test_group_probe_timeout_clips_remaining_and_expired_is_unknown) ... ok
2026-10-09T04:37:16.7070466Z test_interruption_persists_current_group_cleanup_in_terminal_receipt (test_r5_cold_web.ColdWebTests.test_interruption_persists_current_group_cleanup_in_terminal_receipt) ... ok
2026-10-09T04:37:17.4843601Z test_lifecycle_timeout_cannot_leave_earlier_execution_pass_admitted (test_r5_cold_web.ColdWebTests.test_lifecycle_timeout_cannot_leave_earlier_execution_pass_admitted) ... ok
2026-10-09T04:37:17.5110580Z test_missing_extra_and_duplicate_review_rejected (test_r5_cold_web.ColdWebTests.test_missing_extra_and_duplicate_review_rejected) ... ok
2026-10-09T04:37:17.5257382Z test_output_refuses_existing_checkout_and_non_temporary_path (test_r5_cold_web.ColdWebTests.test_output_refuses_existing_checkout_and_non_temporary_path) ... ok
2026-10-09T04:37:17.7034580Z test_owned_child_group_cleanup_even_when_leader_exits_zero (test_r5_cold_web.ColdWebTests.test_owned_child_group_cleanup_even_when_leader_exits_zero) ... ok
2026-10-09T04:37:17.7296303Z {"status": "finalization_prepared_not_admitted", "evidence": "/tmp/r5-cold-unit-yeul1qbe/prepared"}
2026-10-09T04:37:17.7317862Z test_preparation_never_runs_node_and_is_not_build_pass (test_r5_cold_web.ColdWebTests.test_preparation_never_runs_node_and_is_not_build_pass) ... ok
2026-10-09T04:37:17.7464440Z test_slow_cleanup_observation_cannot_get_fresh_final_probe_or_absence (test_r5_cold_web.ColdWebTests.test_slow_cleanup_observation_cannot_get_fresh_final_probe_or_absence) ... ok
2026-10-09T04:37:17.7644904Z test_source_git_clips_remaining_budget_and_rejects_late_return (test_r5_cold_web.ColdWebTests.test_source_git_clips_remaining_budget_and_rejects_late_return) ... ok
2026-10-09T04:37:18.0481074Z test_timeout_and_log_budget_are_failure_even_if_exit_zero (test_r5_cold_web.ColdWebTests.test_timeout_and_log_budget_are_failure_even_if_exit_zero) ... ok
2026-10-09T04:37:18.3155073Z test_total_deadline_clips_stage_budget_and_stops_before_ci (test_r5_cold_web.ColdWebTests.test_total_deadline_clips_stage_budget_and_stops_before_ci) ... ok
2026-10-09T04:37:18.3424178Z test_tracked_snapshot_excludes_credentials_and_caches_without_touching_checkout (test_r5_cold_web.ColdWebTests.test_tracked_snapshot_excludes_credentials_and_caches_without_touching_checkout) ... ok
2026-10-09T04:37:18.3796961Z test_tracked_symlink_and_dirty_symlink_refused (test_r5_cold_web.ColdWebTests.test_tracked_symlink_and_dirty_symlink_refused) ... ok
2026-10-09T04:37:18.3968159Z test_traversal_foreign_and_secret_paths_rejected (test_r5_cold_web.ColdWebTests.test_traversal_foreign_and_secret_paths_rejected) ... ok
2026-10-09T04:37:18.4106450Z test_unknown_or_foreign_cleanup_never_kills_or_passes (test_r5_cold_web.ColdWebTests.test_unknown_or_foreign_cleanup_never_kills_or_passes) ... ok
2026-10-09T04:37:18.4247773Z test_unobserved_live_owned_group_stops_precisely_but_never_certifies (test_r5_cold_web.ColdWebTests.test_unobserved_live_owned_group_stops_precisely_but_never_certifies) ... ok
2026-10-09T04:37:18.4392463Z test_user_and_global_npm_configs_are_distinct_empty_private_files (test_r5_cold_web.ColdWebTests.test_user_and_global_npm_configs_are_distinct_empty_private_files) ... ok
2026-10-09T04:37:18.6783822Z test_wrong_node_major_records_rejection (test_r5_cold_web.ColdWebTests.test_wrong_node_major_records_rejection) ... ok
2026-10-09T04:37:19.1313094Z test_zero_exit_without_standalone_artifacts_is_not_pass (test_r5_cold_web.ColdWebTests.test_zero_exit_without_standalone_artifacts_is_not_pass) ... ok
2026-10-09T04:37:21.2121662Z test_cannot_waive_dependency_runtime_or_legacy_client_unknowns (test_r5_compatibility.CompatibilityGateTests.test_cannot_waive_dependency_runtime_or_legacy_client_unknowns) ... ok
2026-10-09T04:37:21.7864688Z test_current_source_map_is_not_product_or_dependency_completion (test_r5_compatibility.CompatibilityGateTests.test_current_source_map_is_not_product_or_dependency_completion) ... ok
2026-10-09T04:37:22.2519529Z test_dns_exclusions_match_real_HTTP_methods_not_create (test_r5_compatibility.CompatibilityGateTests.test_dns_exclusions_match_real_HTTP_methods_not_create) ... ok
2026-10-09T04:37:22.2521405Z test_duplicate_and_nonfinite_json_rejected (test_r5_compatibility.CompatibilityGateTests.test_duplicate_and_nonfinite_json_rejected) ... ok
2026-10-09T04:37:27.1160285Z test_future_rejection_upgrade_and_task_strategies_mandatory (test_r5_compatibility.CompatibilityGateTests.test_future_rejection_upgrade_and_task_strategies_mandatory) ... ok
2026-10-09T04:37:27.1179168Z test_malformed_and_untrusted_producer_sources_rejected (test_r5_compatibility.CompatibilityGateTests.test_malformed_and_untrusted_producer_sources_rejected) ... ok
2026-10-09T04:37:29.2805014Z test_missing_duplicate_and_source_drift_rejected (test_r5_compatibility.CompatibilityGateTests.test_missing_duplicate_and_source_drift_rejected) ... ok
2026-10-09T04:37:37.4209505Z test_route_schema_client_and_test_fact_mutations_rejected (test_r5_compatibility.CompatibilityGateTests.test_route_schema_client_and_test_fact_mutations_rejected) ... ok
2026-10-09T04:37:39.1006767Z test_routes_and_successor_tasks_match_original_stage_semantics (test_r5_compatibility.CompatibilityGateTests.test_routes_and_successor_tasks_match_original_stage_semantics) ... ok
2026-10-09T04:37:40.0344599Z test_current_source_rejects_historical_wire (test_r5_compatibility.CurrentHistoricalBoundaryTests.test_current_source_rejects_historical_wire) ... ok
2026-10-09T04:37:40.0438669Z test_fabricated_client_producer_not_accepted_as_source (test_r5_compatibility.CurrentHistoricalBoundaryTests.test_fabricated_client_producer_not_accepted_as_source) ... ok
2026-10-09T04:37:40.0869540Z test_future_and_wrong_handler_producer_routes_rejected (test_r5_compatibility.CurrentHistoricalBoundaryTests.test_future_and_wrong_handler_producer_routes_rejected) ... ok
2026-10-09T04:37:40.0871001Z test_new_routes_preserve_release_semantics (test_r5_compatibility.CurrentHistoricalBoundaryTests.test_new_routes_preserve_release_semantics) ... ok
2026-10-09T04:37:40.0923200Z test_old_runtime_cannot_be_re_signed_with_current_spec (test_r5_compatibility.CurrentHistoricalBoundaryTests.test_old_runtime_cannot_be_re_signed_with_current_spec) ... ok
2026-10-09T04:37:42.2871983Z test_re_signing_history_and_current_artifact_claims_rejected (test_r5_compatibility.CurrentHistoricalBoundaryTests.test_re_signing_history_and_current_artifact_claims_rejected) ... ok
2026-10-09T04:37:42.2960350Z test_exact_safe_join_remains_metadata_not_product_approval (test_r5_compatibility.SafeWireJoinTests.test_exact_safe_join_remains_metadata_not_product_approval) ... ok
2026-10-09T04:37:42.3333057Z test_not_observed_cannot_be_laundered_as_runtime_pass (test_r5_compatibility.SafeWireJoinTests.test_not_observed_cannot_be_laundered_as_runtime_pass) ... ok
2026-10-09T04:37:42.4559097Z test_unknown_private_fields_bad_status_and_aspects_rejected (test_r5_compatibility.SafeWireJoinTests.test_unknown_private_fields_bad_status_and_aspects_rejected) ... ok
2026-10-09T04:37:42.5222944Z test_wrong_tree_report_spec_case_and_closure_hashes_rejected (test_r5_compatibility.SafeWireJoinTests.test_wrong_tree_report_spec_case_and_closure_hashes_rejected) ... ok
2026-10-09T04:37:42.5791624Z test_actual_historical_partial_catalog_is_fail_closed_despite_qualification_hashes (test_r5_current_benchmark.Current18ContractGrammarTests.test_actual_historical_partial_catalog_is_fail_closed_despite_qualification_hashes) ... ok
2026-10-09T04:37:42.6592605Z test_archive_extra_escape_hash_and_missing_build_inputs_reach_correct_gates (test_r5_current_benchmark.Current18ContractGrammarTests.test_archive_extra_escape_hash_and_missing_build_inputs_reach_correct_gates) ... ok
2026-10-09T04:37:42.7166785Z test_catalog_mutations_reach_full_definition_gate (test_r5_current_benchmark.Current18ContractGrammarTests.test_catalog_mutations_reach_full_definition_gate) ... ok
2026-10-09T04:37:42.7903734Z test_cross_run_and_unknown_fields_reach_named_binding_gates (test_r5_current_benchmark.Current18ContractGrammarTests.test_cross_run_and_unknown_fields_reach_named_binding_gates) ... ok
2026-10-09T04:37:42.8048967Z test_declared_full_reference_flags_cannot_hide_missing_dimensions (test_r5_current_benchmark.Current18ContractGrammarTests.test_declared_full_reference_flags_cannot_hide_missing_dimensions) ... ok
2026-10-09T04:37:42.8790841Z test_duplicate_nonfinite_and_numeric_aliases_do_not_use_early_failures (test_r5_current_benchmark.Current18ContractGrammarTests.test_duplicate_nonfinite_and_numeric_aliases_do_not_use_early_failures) ... ok
2026-10-09T04:37:42.8976043Z test_external_admission_pin_and_qualifications_remain_required (test_r5_current_benchmark.Current18ContractGrammarTests.test_external_admission_pin_and_qualifications_remain_required) ... ok
2026-10-09T04:37:42.9116521Z test_external_descriptor_pin_is_required_and_not_archive_self_digest (test_r5_current_benchmark.Current18ContractGrammarTests.test_external_descriptor_pin_is_required_and_not_archive_self_digest) ... ok
2026-10-09T04:37:42.9256653Z test_go_pass_after_exit_but_before_parent_wait_is_rejected (test_r5_current_benchmark.Current18ContractGrammarTests.test_go_pass_after_exit_but_before_parent_wait_is_rejected) ... ok
2026-10-09T04:37:42.9530801Z test_go_start_before_go_phase_and_elapsed_mismatch_are_rejected (test_r5_current_benchmark.Current18ContractGrammarTests.test_go_start_before_go_phase_and_elapsed_mismatch_are_rejected) ... ok
2026-10-09T04:37:43.0399367Z test_late_cleanup_unknown_exit_and_platform_mismatch_have_positive_controls (test_r5_current_benchmark.Current18ContractGrammarTests.test_late_cleanup_unknown_exit_and_platform_mismatch_have_positive_controls) ... ok
2026-10-09T04:37:43.0650475Z test_legacy_methods_old_S_and_L_do_not_gain_current_admission (test_r5_current_benchmark.Current18ContractGrammarTests.test_legacy_methods_old_S_and_L_do_not_gain_current_admission) ... ok
2026-10-09T04:37:43.1456103Z test_lookahead_FIFO_and_persistent_boundaries_use_lookahead_positive_controls (test_r5_current_benchmark.Current18ContractGrammarTests.test_lookahead_FIFO_and_persistent_boundaries_use_lookahead_positive_controls) ... ok
2026-10-09T04:37:43.1595276Z test_parent31_guard_and_invalid_earlier_deadline_descriptor (test_r5_current_benchmark.Current18ContractGrammarTests.test_parent31_guard_and_invalid_earlier_deadline_descriptor) ... ok
2026-10-09T04:37:43.2351209Z test_parser_deadline_reserve_join_and_claim_mutations_have_valid_preconditions (test_r5_current_benchmark.Current18ContractGrammarTests.test_parser_deadline_reserve_join_and_claim_mutations_have_valid_preconditions) ... ok
2026-10-09T04:37:43.2685471Z test_public_schema_matches_full_grammar_and_maintenance_literal (test_r5_current_benchmark.Current18ContractGrammarTests.test_public_schema_matches_full_grammar_and_maintenance_literal) ... ok
2026-10-09T04:37:43.2879746Z test_same_admission_reorigin_and_all_internal_rehashes_cannot_replace_trusted_clock (test_r5_current_benchmark.Current18ContractGrammarTests.test_same_admission_reorigin_and_all_internal_rehashes_cannot_replace_trusted_clock) ... ok
2026-10-09T04:37:43.3143466Z test_two_methods_have_complete_synthetic_positive_controls_only (test_r5_current_benchmark.Current18ContractGrammarTests.test_two_methods_have_complete_synthetic_positive_controls_only) ... ok
2026-10-09T04:37:43.3309627Z test_typed_deadline_failure_and_late_containment_never_become_baseline (test_r5_current_benchmark.Current18ContractGrammarTests.test_typed_deadline_failure_and_late_containment_never_become_baseline) ... ok
2026-10-09T04:37:43.3471415Z test_typed_unknown_exit_does_not_backfill_numeric_exit (test_r5_current_benchmark.Current18ContractGrammarTests.test_typed_unknown_exit_does_not_backfill_numeric_exit) ... ok
2026-10-09T04:37:43.4382847Z test_workload_mutations_reach_named_domain_gates (test_r5_current_benchmark.Current18ContractGrammarTests.test_workload_mutations_reach_named_domain_gates) ... ok
2026-10-09T04:37:43.4559311Z test_c_map_keys_strings_and_comments_are_not_native_imports (test_r5_current_source_inventory.CurrentSourceInventoryTests.test_c_map_keys_strings_and_comments_are_not_native_imports) ... ok
2026-10-09T04:37:43.4673208Z test_current_policy_never_enters_frozen_legacy_identity (test_r5_current_source_inventory.CurrentSourceInventoryTests.test_current_policy_never_enters_frozen_legacy_identity) ... ok
2026-10-09T04:37:43.4928818Z test_current_tool_cli_binds_v2_source_and_rejects_live_fork_drift (test_r5_current_source_inventory.CurrentSourceInventoryTests.test_current_tool_cli_binds_v2_source_and_rejects_live_fork_drift) ... ok
2026-10-09T04:37:43.6230716Z test_fork_embed_and_build_metadata_drift_are_rejected_before_after (test_r5_current_source_inventory.CurrentSourceInventoryTests.test_fork_embed_and_build_metadata_drift_are_rejected_before_after) ... ok
2026-10-09T04:37:43.6520278Z test_missing_symlink_and_new_disk_input_are_not_silently_ignored (test_r5_current_source_inventory.CurrentSourceInventoryTests.test_missing_symlink_and_new_disk_input_are_not_silently_ignored) ... ok
2026-10-09T04:37:43.7044852Z test_omitted_fork_extra_escape_and_unknown_policy_cannot_reseal (test_r5_current_source_inventory.CurrentSourceInventoryTests.test_omitted_fork_extra_escape_and_unknown_policy_cannot_reseal) ... ok
2026-10-09T04:37:43.7361911Z test_output_exclusions_cannot_hide_embed_inputs (test_r5_current_source_inventory.CurrentSourceInventoryTests.test_output_exclusions_cannot_hide_embed_inputs) ... ok
2026-10-09T04:37:43.7828080Z test_pinned_v2_protocol_and_benchmark_current_entrypoints (test_r5_current_source_inventory.CurrentSourceInventoryTests.test_pinned_v2_protocol_and_benchmark_current_entrypoints) ... ok
2026-10-09T04:37:43.8083515Z test_protocol_manifest_revalidation_rejects_after_run_drift_without_git (test_r5_current_source_inventory.CurrentSourceInventoryTests.test_protocol_manifest_revalidation_rejects_after_run_drift_without_git) ... ok
2026-10-09T04:37:43.8544810Z test_protocol_metadata_preserves_shared_and_reference_runtime_boundaries (test_r5_current_source_inventory.CurrentSourceInventoryTests.test_protocol_metadata_preserves_shared_and_reference_runtime_boundaries) ... ok
2026-10-09T04:37:43.9026120Z test_real_native_import_and_linker_inputs_still_fail_closed (test_r5_current_source_inventory.CurrentSourceInventoryTests.test_real_native_import_and_linker_inputs_still_fail_closed) ... ok
2026-10-09T04:37:43.9093906Z test_replacement_path_version_dynamic_workfile_and_extra_directory_fail_closed (test_r5_current_source_inventory.CurrentSourceInventoryTests.test_replacement_path_version_dynamic_workfile_and_extra_directory_fail_closed) ... ok
2026-10-09T04:37:43.9336422Z test_superset_includes_fork_embed_metadata_helper_and_new_identity_domain (test_r5_current_source_inventory.CurrentSourceInventoryTests.test_superset_includes_fork_embed_metadata_helper_and_new_identity_domain) ... ok
2026-10-09T04:37:43.9482373Z test_symlinked_root_external_local_import_and_adapter_omission_rejected (test_r5_current_source_inventory.CurrentSourceInventoryTests.test_symlinked_root_external_local_import_and_adapter_omission_rejected) ... ok
2026-10-09T04:37:43.9585428Z test_unknown_build_conditions_and_environment_are_rejected (test_r5_current_source_inventory.CurrentSourceInventoryTests.test_unknown_build_conditions_and_environment_are_rejected) ... ok
2026-10-09T04:37:43.9601027Z test_capture_sink_is_closed_after_failure (test_r5_env_diagnostics.DiagnosticTests.test_capture_sink_is_closed_after_failure) ... ok
2026-10-09T04:37:43.9627065Z test_command_failure_and_timeout_retained_by_capture (test_r5_env_diagnostics.DiagnosticTests.test_command_failure_and_timeout_retained_by_capture) ... ok
2026-10-09T04:37:43.9638358Z test_disabled_does_not_create_files (test_r5_env_diagnostics.DiagnosticTests.test_disabled_does_not_create_files) ... ok
2026-10-09T04:37:43.9647656Z test_escape_duplicate_and_symlink_file_refused (test_r5_env_diagnostics.DiagnosticTests.test_escape_duplicate_and_symlink_file_refused) ... ok
2026-10-09T04:37:43.9663777Z test_failed_compatibility_preserves_exception_and_raw (test_r5_env_diagnostics.DiagnosticTests.test_failed_compatibility_preserves_exception_and_raw) ... ok
2026-10-09T04:37:43.9674329Z test_file_total_and_count_bounds_refuse_new_output (test_r5_env_diagnostics.DiagnosticTests.test_file_total_and_count_bounds_refuse_new_output) ... ok
2026-10-09T04:37:43.9684694Z test_private_modes_hashes_and_fd_cleanup (test_r5_env_diagnostics.DiagnosticTests.test_private_modes_hashes_and_fd_cleanup) ... ok
2026-10-09T04:37:43.9698544Z test_rejected_observation_is_diagnostic_and_still_rejected (test_r5_env_diagnostics.DiagnosticTests.test_rejected_observation_is_diagnostic_and_still_rejected) ... ok
2026-10-09T04:37:43.9722144Z test_symlink_ancestor_and_git_roots_refused (test_r5_env_diagnostics.DiagnosticTests.test_symlink_ancestor_and_git_roots_refused) ... ok
2026-10-09T04:37:43.9731646Z test_unowned_and_public_root_refused (test_r5_env_diagnostics.DiagnosticTests.test_unowned_and_public_root_refused) ... ok
2026-10-09T04:37:43.9747959Z test_valid_and_extra_or_changed_hash_receipts (test_r5_env_diagnostics.DiagnosticTests.test_valid_and_extra_or_changed_hash_receipts) ... ok
2026-10-09T04:37:43.9755077Z test_write_failure_removes_partial_and_closes_descriptor (test_r5_env_diagnostics.DiagnosticTests.test_write_failure_removes_partial_and_closes_descriptor) ... ok
2026-10-09T04:37:43.9766046Z test_compatibility_uses_selected_tool_and_original_command (test_r5_env_diagnostics.EnvironmentTests.test_compatibility_uses_selected_tool_and_original_command) ... ok
2026-10-09T04:37:43.9767717Z test_explicit_tool_caches_and_no_inherited_flags (test_r5_env_diagnostics.EnvironmentTests.test_explicit_tool_caches_and_no_inherited_flags) ... ok
2026-10-09T04:37:43.9769413Z test_legacy_selector_and_default_cache_preserved (test_r5_env_diagnostics.EnvironmentTests.test_legacy_selector_and_default_cache_preserved) ... ok
2026-10-09T04:37:43.9792183Z test_runner_dispatches_owned_environment_to_both_groups (test_r5_env_diagnostics.EnvironmentTests.test_runner_dispatches_owned_environment_to_both_groups) ... ok
2026-10-09T04:37:43.9800966Z test_transaction_uses_selected_tool_and_offline_policy (test_r5_env_diagnostics.EnvironmentTests.test_transaction_uses_selected_tool_and_offline_policy) ... ok
2026-10-09T04:37:44.6495389Z test_actual_cli_capture_validate_reject (test_r5_excluded_descriptor_metadata.DescriptorMetadataTests.test_actual_cli_capture_validate_reject) ... ok
2026-10-09T04:37:44.7104904Z {"fork": "third_party/enmime-v2.3.0", "action": "capture", "cli_exit": 1, "same_receipt": false, "observation": "CLI_RACE_OBSERVATION 2 True"}
2026-10-09T04:37:44.7561296Z {"fork": "third_party/enmime-v2.3.0", "action": "validate", "cli_exit": 1, "same_receipt": false, "observation": "CLI_RACE_OBSERVATION 2 True"}
2026-10-09T04:37:44.8035219Z {"fork": "third_party/go-smtp", "action": "capture", "cli_exit": 1, "same_receipt": false, "observation": "CLI_RACE_OBSERVATION 2 True"}
2026-10-09T04:37:44.8491727Z {"fork": "third_party/go-smtp", "action": "validate", "cli_exit": 1, "same_receipt": false, "observation": "CLI_RACE_OBSERVATION 2 True"}
2026-10-09T04:37:44.8550074Z test_actual_cli_regular_file_swap_must_reject (test_r5_excluded_descriptor_metadata.DescriptorMetadataTests.test_actual_cli_regular_file_swap_must_reject) ... ok
2026-10-09T04:37:45.9201274Z DESCRIPTOR_REPLACEMENT {"fork": "third_party/enmime-v2.3.0", "action": "capture", "entry": "cli", "rejected": true, "old": [66305, 9444099], "new": [66305, 9444100], "phase": 1, "anchor_matches_old": true}
2026-10-09T04:37:45.9610389Z DESCRIPTOR_REPLACEMENT {"fork": "third_party/enmime-v2.3.0", "action": "capture", "entry": "api", "rejected": true, "old": [66305, 9444099], "new": [66305, 9444100], "phase": 1, "anchor_matches_old": true}
2026-10-09T04:37:46.0058585Z DESCRIPTOR_REPLACEMENT {"fork": "third_party/enmime-v2.3.0", "action": "validate", "entry": "cli", "rejected": true, "old": [66305, 9444099], "new": [66305, 9444100], "phase": 1, "anchor_matches_old": true}
2026-10-09T04:37:46.0454899Z DESCRIPTOR_REPLACEMENT {"fork": "third_party/enmime-v2.3.0", "action": "validate", "entry": "api", "rejected": true, "old": [66305, 9444099], "new": [66305, 9444100], "phase": 1, "anchor_matches_old": true}
2026-10-09T04:37:47.9532728Z DESCRIPTOR_REPLACEMENT {"fork": "third_party/go-smtp", "action": "capture", "entry": "cli", "rejected": true, "old": [66305, 9444099], "new": [66305, 9444100], "phase": 1, "anchor_matches_old": true}
2026-10-09T04:37:47.9942902Z DESCRIPTOR_REPLACEMENT {"fork": "third_party/go-smtp", "action": "capture", "entry": "api", "rejected": true, "old": [66305, 9444099], "new": [66305, 9444100], "phase": 1, "anchor_matches_old": true}
2026-10-09T04:37:48.0416182Z DESCRIPTOR_REPLACEMENT {"fork": "third_party/go-smtp", "action": "validate", "entry": "cli", "rejected": true, "old": [66305, 9444099], "new": [66305, 9444100], "phase": 1, "anchor_matches_old": true}
2026-10-09T04:37:48.0848332Z DESCRIPTOR_REPLACEMENT {"fork": "third_party/go-smtp", "action": "validate", "entry": "api", "rejected": true, "old": [66305, 9444099], "new": [66305, 9444100], "phase": 1, "anchor_matches_old": true}
2026-10-09T04:37:48.9461016Z test_bounded_replacements_api_and_cli (test_r5_excluded_descriptor_metadata.DescriptorMetadataTests.test_bounded_replacements_api_and_cli) ... ok
2026-10-09T04:37:49.7511760Z test_budget_exact_shared_roots_per_fork_and_overflow (test_r5_excluded_descriptor_metadata.DescriptorMetadataTests.test_budget_exact_shared_roots_per_fork_and_overflow) ... ok
2026-10-09T04:37:50.8035736Z test_cli_legal_artifacts_and_static_budget_rejections (test_r5_excluded_descriptor_metadata.DescriptorMetadataTests.test_cli_legal_artifacts_and_static_budget_rejections) ... ok
2026-10-09T04:37:50.9071361Z test_depth_exact_and_overflow (test_r5_excluded_descriptor_metadata.DescriptorMetadataTests.test_depth_exact_and_overflow) ... ok
2026-10-09T04:37:50.9385554Z test_directory_swap_nofollow_public_entries (test_r5_excluded_descriptor_metadata.DescriptorMetadataTests.test_directory_swap_nofollow_public_entries) ... ok
2026-10-09T04:37:51.1264198Z test_legal_artifacts_no_reads_and_stable_original_inventory_and_closure (test_r5_excluded_descriptor_metadata.DescriptorMetadataTests.test_legal_artifacts_no_reads_and_stable_original_inventory_and_closure) ... ok
2026-10-09T04:37:51.2244978Z test_nested_module_links_fifo_socket_public_entries (test_r5_excluded_descriptor_metadata.DescriptorMetadataTests.test_nested_module_links_fifo_socket_public_entries) ... ok
2026-10-09T04:37:51.2739519Z test_only_metadata_handles_for_artifacts_and_no_body_reads (test_r5_excluded_descriptor_metadata.DescriptorMetadataTests.test_only_metadata_handles_for_artifacts_and_no_body_reads) ... ok
2026-10-09T04:37:51.2940835Z RACE_OBSERVATION {"fork": "third_party/enmime-v2.3.0", "entry": "capture", "nofollow_stats": 2, "symlink_at_return": true}
2026-10-09T04:37:51.2968630Z RACE_OBSERVATION {"fork": "third_party/enmime-v2.3.0", "entry": "<lambda>", "nofollow_stats": 2, "symlink_at_return": true}
2026-10-09T04:37:51.3013755Z RACE_OBSERVATION {"fork": "third_party/go-smtp", "entry": "capture", "nofollow_stats": 2, "symlink_at_return": true}
2026-10-09T04:37:51.3057343Z RACE_OBSERVATION {"fork": "third_party/go-smtp", "entry": "<lambda>", "nofollow_stats": 2, "symlink_at_return": true}
2026-10-09T04:37:51.3067671Z test_regular_file_becomes_symlink_on_final_stat_public_entries (test_r5_excluded_descriptor_metadata.DescriptorMetadataTests.test_regular_file_becomes_symlink_on_final_stat_public_entries) ... ok
2026-10-09T04:37:51.3469502Z test_unknown_and_unavailable_metadata_public_entries (test_r5_excluded_descriptor_metadata.DescriptorMetadataTests.test_unknown_and_unavailable_metadata_public_entries) ... ok
2026-10-09T04:37:51.3630716Z test_each_validation_runs_after_an_unrelated_gate_failure (test_r5_frontend_evidence_continuation.FrontendEvidenceContinuationTests.test_each_validation_runs_after_an_unrelated_gate_failure) ... ok
2026-10-09T04:37:51.3784781Z test_failures_still_fail_the_existing_frontend_job (test_r5_frontend_evidence_continuation.FrontendEvidenceContinuationTests.test_failures_still_fail_the_existing_frontend_job) ... ok
2026-10-09T04:37:51.3932970Z test_test_report_and_actual_checkout_identity_are_retained_after_failure (test_r5_frontend_evidence_continuation.FrontendEvidenceContinuationTests.test_test_report_and_actual_checkout_identity_are_retained_after_failure) ... ok
2026-10-09T04:37:51.3935483Z test_accepts_complete_candidate (test_r5_mailbox_route_recovery.MailboxRouteVerifierTests.test_accepts_complete_candidate) ... ok
2026-10-09T04:37:51.3939453Z test_accepts_only_fixed_baseline_business_failures (test_r5_mailbox_route_recovery.MailboxRouteVerifierTests.test_accepts_only_fixed_baseline_business_failures) ... ok
2026-10-09T04:37:51.3941344Z test_parser_preserves_valid_report (test_r5_mailbox_route_recovery.MailboxRouteVerifierTests.test_parser_preserves_valid_report) ... ok
2026-10-09T04:37:51.3942664Z test_parser_rejects_duplicate_object_keys (test_r5_mailbox_route_recovery.MailboxRouteVerifierTests.test_parser_rejects_duplicate_object_keys) ... ok
2026-10-09T04:37:51.3943824Z test_parser_rejects_non_finite_numbers (test_r5_mailbox_route_recovery.MailboxRouteVerifierTests.test_parser_rejects_non_finite_numbers) ... ok
2026-10-09T04:37:51.3945285Z test_rejects_additional_error_on_already_failed_leaf (test_r5_mailbox_route_recovery.MailboxRouteVerifierTests.test_rejects_additional_error_on_already_failed_leaf) ... ok
2026-10-09T04:37:51.3946836Z test_rejects_baseline_without_observed_defect (test_r5_mailbox_route_recovery.MailboxRouteVerifierTests.test_rejects_baseline_without_observed_defect) ... ok
2026-10-09T04:37:51.3947950Z test_rejects_boolean_disguised_as_integer_count_or_exit (test_r5_mailbox_route_recovery.MailboxRouteVerifierTests.test_rejects_boolean_disguised_as_integer_count_or_exit) ... ok
2026-10-09T04:37:51.3949415Z test_rejects_duplicate_replacing_one_required_assertion (test_r5_mailbox_route_recovery.MailboxRouteVerifierTests.test_rejects_duplicate_replacing_one_required_assertion) ... ok
2026-10-09T04:37:51.3950664Z test_rejects_each_nonterminal_or_skipped_status (test_r5_mailbox_route_recovery.MailboxRouteVerifierTests.test_rejects_each_nonterminal_or_skipped_status) ... ok
2026-10-09T04:37:51.3952346Z test_rejects_error_attached_to_already_failed_suite_scope (test_r5_mailbox_route_recovery.MailboxRouteVerifierTests.test_rejects_error_attached_to_already_failed_suite_scope) ... ok
2026-10-09T04:37:51.3954194Z test_rejects_exit_one_despite_success_true (test_r5_mailbox_route_recovery.MailboxRouteVerifierTests.test_rejects_exit_one_despite_success_true) ... ok
2026-10-09T04:37:51.3955855Z test_rejects_extra_assertion (test_r5_mailbox_route_recovery.MailboxRouteVerifierTests.test_rejects_extra_assertion) ... ok
2026-10-09T04:37:51.3956946Z test_rejects_extra_file (test_r5_mailbox_route_recovery.MailboxRouteVerifierTests.test_rejects_extra_file) ... ok
2026-10-09T04:37:51.3957854Z test_rejects_extra_runtime_error_fields (test_r5_mailbox_route_recovery.MailboxRouteVerifierTests.test_rejects_extra_runtime_error_fields) ... ok
2026-10-09T04:37:51.3959339Z test_rejects_file_collection_error (test_r5_mailbox_route_recovery.MailboxRouteVerifierTests.test_rejects_file_collection_error) ... ok
2026-10-09T04:37:51.3961094Z test_rejects_incomplete_duplicate_or_interrupted_run (test_r5_mailbox_route_recovery.MailboxRouteVerifierTests.test_rejects_incomplete_duplicate_or_interrupted_run) ... ok
2026-10-09T04:37:51.3962907Z test_rejects_inconsistent_title_or_ancestor (test_r5_mailbox_route_recovery.MailboxRouteVerifierTests.test_rejects_inconsistent_title_or_ancestor) ... ok
2026-10-09T04:37:51.3964884Z test_rejects_infrastructure_error_appended_to_defect_message (test_r5_mailbox_route_recovery.MailboxRouteVerifierTests.test_rejects_infrastructure_error_appended_to_defect_message) ... ok
2026-10-09T04:37:51.3967155Z test_rejects_missing_assertion_even_with_original_summary (test_r5_mailbox_route_recovery.MailboxRouteVerifierTests.test_rejects_missing_assertion_even_with_original_summary) ... ok
2026-10-09T04:37:51.3968981Z test_rejects_missing_report_or_boundary (test_r5_mailbox_route_recovery.MailboxRouteVerifierTests.test_rejects_missing_report_or_boundary) ... ok
2026-10-09T04:37:51.3970753Z test_rejects_missing_stale_editor_observation (test_r5_mailbox_route_recovery.MailboxRouteVerifierTests.test_rejects_missing_stale_editor_observation) ... ok
2026-10-09T04:37:51.3972688Z test_rejects_passing_assertion_with_failure_message (test_r5_mailbox_route_recovery.MailboxRouteVerifierTests.test_rejects_passing_assertion_with_failure_message) ... ok
2026-10-09T04:37:51.3974412Z test_rejects_passing_assertion_with_missing_failure_metadata (test_r5_mailbox_route_recovery.MailboxRouteVerifierTests.test_rejects_passing_assertion_with_missing_failure_metadata) ... ok
2026-10-09T04:37:51.3975778Z test_rejects_reported_223_pass_six_pending_success_shape (test_r5_mailbox_route_recovery.MailboxRouteVerifierTests.test_rejects_reported_223_pass_six_pending_success_shape) ... ok
2026-10-09T04:37:51.3977724Z test_rejects_revocation_loader_error_instead_of_old_fallback (test_r5_mailbox_route_recovery.MailboxRouteVerifierTests.test_rejects_revocation_loader_error_instead_of_old_fallback) ... ok
2026-10-09T04:37:51.3979301Z test_rejects_snapshot_failure (test_r5_mailbox_route_recovery.MailboxRouteVerifierTests.test_rejects_snapshot_failure) ... ok
2026-10-09T04:37:51.3980639Z test_rejects_success_true_with_pending_assertion (test_r5_mailbox_route_recovery.MailboxRouteVerifierTests.test_rejects_success_true_with_pending_assertion) ... ok
2026-10-09T04:37:51.3981736Z test_rejects_summary_counter_disagreement (test_r5_mailbox_route_recovery.MailboxRouteVerifierTests.test_rejects_summary_counter_disagreement) ... ok
2026-10-09T04:37:51.3982774Z test_rejects_summary_success_disagreement (test_r5_mailbox_route_recovery.MailboxRouteVerifierTests.test_rejects_summary_success_disagreement) ... ok
2026-10-09T04:37:51.3983790Z test_rejects_unexpected_assertion_id (test_r5_mailbox_route_recovery.MailboxRouteVerifierTests.test_rejects_unexpected_assertion_id) ... ok
2026-10-09T04:37:51.3984900Z test_rejects_unhandled_error_despite_expected_assertions (test_r5_mailbox_route_recovery.MailboxRouteVerifierTests.test_rejects_unhandled_error_despite_expected_assertions) ... ok
2026-10-09T04:37:51.3986063Z test_rejects_wrong_baseline_exit (test_r5_mailbox_route_recovery.MailboxRouteVerifierTests.test_rejects_wrong_baseline_exit) ... ok
2026-10-09T04:37:51.3987145Z test_rejects_wrong_baseline_failure_set_at_same_totals (test_r5_mailbox_route_recovery.MailboxRouteVerifierTests.test_rejects_wrong_baseline_failure_set_at_same_totals) ... ok
2026-10-09T04:37:51.3988158Z test_rejects_wrong_file_path (test_r5_mailbox_route_recovery.MailboxRouteVerifierTests.test_rejects_wrong_file_path) ... ok
2026-10-09T04:37:51.3989095Z test_rejects_wrong_node_or_extra_module (test_r5_mailbox_route_recovery.MailboxRouteVerifierTests.test_rejects_wrong_node_or_extra_module) ... ok
2026-10-09T04:37:51.4008696Z test_malformed_procfs_process_identity_is_rejected (test_r5_procfs_execution.ProcfsExecutableTests.test_malformed_procfs_process_identity_is_rejected) ... ok
2026-10-09T04:37:51.4017933Z test_procfs_visible_identity_survives_namespace_pid_mismatch (test_r5_procfs_execution.ProcfsExecutableTests.test_procfs_visible_identity_survives_namespace_pid_mismatch) ... ok
2026-10-09T04:37:51.4027020Z test_resolved_descriptor_must_match_the_held_inode (test_r5_procfs_execution.ProcfsExecutableTests.test_resolved_descriptor_must_match_the_held_inode) ... ok
2026-10-09T04:37:51.4037629Z test_unavailable_procfs_keeps_the_original_cause (test_r5_procfs_execution.ProcfsExecutableTests.test_unavailable_procfs_keeps_the_original_cause) ... ok
2026-10-09T04:37:51.4587546Z test_background_ports_do_not_require_fake_http (test_r5_protocol.ApplicableStatusTests.test_background_ports_do_not_require_fake_http) ... ok
2026-10-09T04:37:51.4828722Z test_registration_still_does_not_certify_missing_components (test_r5_protocol.ApplicableStatusTests.test_registration_still_does_not_certify_missing_components) ... ok
2026-10-09T04:37:51.4829781Z test_invalid_or_shell_build_tag_rejected (test_r5_protocol.BaselineBuildTagTests.test_invalid_or_shell_build_tag_rejected) ... ok
2026-10-09T04:37:51.5071152Z test_protocol_target_suite_is_explicitly_opt_in (test_r5_protocol.BaselineBuildTagTests.test_protocol_target_suite_is_explicitly_opt_in) ... ok
2026-10-09T04:37:51.5349416Z test_absent_reason_cannot_have_value (test_r5_protocol.CaseStructureTests.test_absent_reason_cannot_have_value) ... ok
2026-10-09T04:37:51.5593873Z test_audit_and_acceptance_coverage (test_r5_protocol.CaseStructureTests.test_audit_and_acceptance_coverage) ... ok
2026-10-09T04:37:51.5864591Z test_completion_claim_rejected (test_r5_protocol.CaseStructureTests.test_completion_claim_rejected) ... ok
2026-10-09T04:37:51.6139362Z test_duplicate_case_rejected (test_r5_protocol.CaseStructureTests.test_duplicate_case_rejected) ... ok
2026-10-09T04:37:51.6418660Z test_empty_input_rejected (test_r5_protocol.CaseStructureTests.test_empty_input_rejected) ... ok
2026-10-09T04:37:51.6700778Z test_exact_reason_requires_literal (test_r5_protocol.CaseStructureTests.test_exact_reason_requires_literal) ... ok
2026-10-09T04:37:51.6950919Z test_full_case_set_does_not_claim_completion (test_r5_protocol.CaseStructureTests.test_full_case_set_does_not_claim_completion) ... ok
2026-10-09T04:37:51.7228781Z test_invalid_status_rejected (test_r5_protocol.CaseStructureTests.test_invalid_status_rejected) ... ok
2026-10-09T04:37:51.7506398Z test_missing_case_rejected (test_r5_protocol.CaseStructureTests.test_missing_case_rejected) ... ok
2026-10-09T04:37:51.7790345Z test_missing_error_code_rejected (test_r5_protocol.CaseStructureTests.test_missing_error_code_rejected) ... ok
2026-10-09T04:37:51.8073127Z test_missing_message_requirement_rejected (test_r5_protocol.CaseStructureTests.test_missing_message_requirement_rejected) ... ok
2026-10-09T04:37:51.8354127Z test_nonexistent_real_test_rejected (test_r5_protocol.CaseStructureTests.test_nonexistent_real_test_rejected) ... ok
2026-10-09T04:37:51.8857043Z test_null_reason_is_not_a_protocol_gap (test_r5_protocol.CaseStructureTests.test_null_reason_is_not_a_protocol_gap) ... ok
2026-10-09T04:37:51.9128548Z test_path_escape_rejected (test_r5_protocol.CaseStructureTests.test_path_escape_rejected) ... ok
2026-10-09T04:37:51.9402116Z test_reference_adapter_cannot_claim_shared_input (test_r5_protocol.CaseStructureTests.test_reference_adapter_cannot_claim_shared_input) ... ok
2026-10-09T04:37:51.9680342Z test_wrong_package_rejected (test_r5_protocol.CaseStructureTests.test_wrong_package_rejected) ... ok
2026-10-09T04:37:52.3305509Z test_capability_scope_cannot_admit_other_sources_layers_paths_or_future_claims (test_r5_protocol.CurrentContractCapabilityTests.test_capability_scope_cannot_admit_other_sources_layers_paths_or_future_claims) ... ok
2026-10-09T04:37:52.3539752Z test_current_capability_red_does_not_replace_old_db_target (test_r5_protocol.CurrentContractCapabilityTests.test_current_capability_red_does_not_replace_old_db_target) ... ok
2026-10-09T04:37:52.4000931Z test_exact_current_capability_source_and_all_variants (test_r5_protocol.CurrentContractCapabilityTests.test_exact_current_capability_source_and_all_variants) ... ok
2026-10-09T04:37:52.4241820Z test_exact_target_red_is_baseline_not_product_green (test_r5_protocol.ExactTargetRedTests.test_exact_target_red_is_baseline_not_product_green) ... ok
2026-10-09T04:37:52.5429769Z test_parent_cleanup_failure_cannot_be_laundered (test_r5_protocol.ExactTargetRedTests.test_parent_cleanup_failure_cannot_be_laundered) ... ok
2026-10-09T04:37:52.5903285Z test_setup_or_other_failure_not_admitted (test_r5_protocol.ExactTargetRedTests.test_setup_or_other_failure_not_admitted) ... ok
2026-10-09T04:37:52.6142597Z test_timeout_process_not_admitted (test_r5_protocol.ExactTargetRedTests.test_timeout_process_not_admitted) ... ok
2026-10-09T04:37:52.6381309Z test_undeclared_target_variant_rejected (test_r5_protocol.ExactTargetRedTests.test_undeclared_target_variant_rejected) ... ok
2026-10-09T04:37:52.6624725Z test_exact_adapter_target_is_separate_from_original_db (test_r5_protocol.GoOwnedComponentAdapterTests.test_exact_adapter_target_is_separate_from_original_db) ... ok
2026-10-09T04:37:52.6887921Z test_no_real_packet_keeps_component_layer_unverified (test_r5_protocol.GoOwnedComponentAdapterTests.test_no_real_packet_keeps_component_layer_unverified) ... ok
2026-10-09T04:37:52.7130070Z test_same_case_go_ui_target_does_not_replace_db_target (test_r5_protocol.GoOwnedComponentAdapterTests.test_same_case_go_ui_target_does_not_replace_db_target) ... ok
2026-10-09T04:37:52.8336383Z test_unknown_path_marker_audit_or_acceptance_rejected (test_r5_protocol.GoOwnedComponentAdapterTests.test_unknown_path_marker_audit_or_acceptance_rejected) ... ok
2026-10-09T04:37:52.8338062Z test_baseline_failure_is_not_protocol_pass (test_r5_protocol.ReferenceEvidenceTests.test_baseline_failure_is_not_protocol_pass) ... ok
2026-10-09T04:37:52.8339653Z test_cached_pass_without_run_rejected (test_r5_protocol.ReferenceEvidenceTests.test_cached_pass_without_run_rejected) ... ok
2026-10-09T04:37:52.8340983Z test_compile_failure_rejected (test_r5_protocol.ReferenceEvidenceTests.test_compile_failure_rejected) ... ok
2026-10-09T04:37:52.8342153Z test_duplicate_terminal_rejected (test_r5_protocol.ReferenceEvidenceTests.test_duplicate_terminal_rejected) ... ok
2026-10-09T04:37:52.8343155Z test_malformed_json_rejected (test_r5_protocol.ReferenceEvidenceTests.test_malformed_json_rejected) ... ok
2026-10-09T04:37:52.8343848Z test_missing_test_rejected (test_r5_protocol.ReferenceEvidenceTests.test_missing_test_rejected) ... ok
2026-10-09T04:37:52.8344636Z test_named_pass_remains_reference_only (test_r5_protocol.ReferenceEvidenceTests.test_named_pass_remains_reference_only) ... ok
2026-10-09T04:37:52.8345321Z test_skip_rejected (test_r5_protocol.ReferenceEvidenceTests.test_skip_rejected) ... ok
2026-10-09T04:37:52.8346125Z test_subtest_failure_rejected (test_r5_protocol.ReferenceEvidenceTests.test_subtest_failure_rejected) ... ok
2026-10-09T04:37:52.8346877Z test_unexpected_package_rejected (test_r5_protocol.ReferenceEvidenceTests.test_unexpected_package_rejected) ... ok
2026-10-09T04:37:52.8347627Z test_unexpected_test_rejected (test_r5_protocol.ReferenceEvidenceTests.test_unexpected_test_rejected) ... ok
2026-10-09T04:37:52.8348473Z test_component_duplicate_or_nonzero_exit_rejected (test_r5_protocol.SharedConsumerTests.test_component_duplicate_or_nonzero_exit_rejected) ... ok
2026-10-09T04:37:52.8349378Z test_component_missing_or_skipped_rejected (test_r5_protocol.SharedConsumerTests.test_component_missing_or_skipped_rejected) ... ok
2026-10-09T04:37:52.8350187Z test_component_pass_exact_case_set (test_r5_protocol.SharedConsumerTests.test_component_pass_exact_case_set) ... ok
2026-10-09T04:37:52.8573107Z test_declared_shared_consumers_are_real_sources (test_r5_protocol.SharedConsumerTests.test_declared_shared_consumers_are_real_sources) ... ok
2026-10-09T04:37:52.9046737Z test_machine_markdown_output_drift_rejected (test_r5_protocol.SharedConsumerTests.test_machine_markdown_output_drift_rejected) ... ok
2026-10-09T04:37:53.0349062Z test_compile_panic_timeout_unknown_error_and_missing_runtime_are_not_green (test_r5_protocol.SharedInfrastructureCannotBeProductGreenTests.test_compile_panic_timeout_unknown_error_and_missing_runtime_are_not_green) ... ok
2026-10-09T04:37:53.0350589Z test_unregistered_matching_runtime_consumer_cannot_be_green (test_r5_protocol.SharedInfrastructureCannotBeProductGreenTests.test_unregistered_matching_runtime_consumer_cannot_be_green) ... ok
2026-10-09T04:37:53.0601594Z test_parent_fail_with_non_test_source_diagnostic_rejected (test_r5_protocol.SharedRuntimePathTests.test_parent_fail_with_non_test_source_diagnostic_rejected) ... ok
2026-10-09T04:37:53.0844256Z test_shared_go_requires_all_actual_case_variants (test_r5_protocol.SharedRuntimePathTests.test_shared_go_requires_all_actual_case_variants) ... ok
2026-10-09T04:37:53.1310050Z test_failed_preparation_does_not_admit_partial_source_or_launch_protocol (test_r5_protocol_artifact_layout.ProtocolArtifactLayoutTests.test_failed_preparation_does_not_admit_partial_source_or_launch_protocol) ... ok
2026-10-09T04:37:53.1469384Z test_original_artifact_common_ancestor_stays_at_the_checkout (test_r5_protocol_artifact_layout.ProtocolArtifactLayoutTests.test_original_artifact_common_ancestor_stays_at_the_checkout) ... ok
2026-10-09T04:37:53.1627834Z test_original_artifact_name_paths_exclusion_and_failure_upload_are_unchanged (test_r5_protocol_artifact_layout.ProtocolArtifactLayoutTests.test_original_artifact_name_paths_exclusion_and_failure_upload_are_unchanged) ... ok
2026-10-09T04:37:53.2520729Z test_protocol_failure_stays_failed_and_retains_successfully_prepared_source (test_r5_protocol_artifact_layout.ProtocolArtifactLayoutTests.test_protocol_failure_stays_failed_and_retains_successfully_prepared_source) ... ok
2026-10-09T04:37:53.2984353Z test_source_has_one_separate_guarded_artifact_without_changing_legacy_root (test_r5_protocol_artifact_layout.ProtocolArtifactLayoutTests.test_source_has_one_separate_guarded_artifact_without_changing_legacy_root) ... ok
2026-10-09T04:37:53.3719101Z test_success_retains_all_three_prepared_files_outside_runtime_and_checkout (test_r5_protocol_artifact_layout.ProtocolArtifactLayoutTests.test_success_retains_all_three_prepared_files_outside_runtime_and_checkout) ... ok
2026-10-09T04:37:53.3722924Z test_compile_panic_timeout_setup_and_unknown_marker_rejected (test_r5_protocol_component_evidence.ComponentPacketEvidenceTests.test_compile_panic_timeout_setup_and_unknown_marker_rejected) ... ok
2026-10-09T04:37:53.3724901Z test_credential_and_headers_rejected (test_r5_protocol_component_evidence.ComponentPacketEvidenceTests.test_credential_and_headers_rejected) ... ok
2026-10-09T04:37:53.3726864Z test_current_reporter_missing_optional_counter_is_valid (test_r5_protocol_component_evidence.ComponentPacketEvidenceTests.test_current_reporter_missing_optional_counter_is_valid) ... ok
2026-10-09T04:37:53.3728843Z test_duplicate_or_skipped_or_runtime_suite_rejected (test_r5_protocol_component_evidence.ComponentPacketEvidenceTests.test_duplicate_or_skipped_or_runtime_suite_rejected) ... ok
2026-10-09T04:37:53.3730643Z test_exact_source_linked_target_is_not_product_green (test_r5_protocol_component_evidence.ComponentPacketEvidenceTests.test_exact_source_linked_target_is_not_product_green) ... ok
2026-10-09T04:37:53.3731983Z test_explicit_null_string_bool_or_nonzero_runtime_count_rejected (test_r5_protocol_component_evidence.ComponentPacketEvidenceTests.test_explicit_null_string_bool_or_nonzero_runtime_count_rejected) ... ok
2026-10-09T04:37:53.3733213Z test_hash_case_variant_mismatch_rejected (test_r5_protocol_component_evidence.ComponentPacketEvidenceTests.test_hash_case_variant_mismatch_rejected) ... ok
2026-10-09T04:37:53.3734590Z test_missing_required_counter_unknown_test_wrong_exit_and_malformed_stay_invalid (test_r5_protocol_component_evidence.ComponentPacketEvidenceTests.test_missing_required_counter_unknown_test_wrong_exit_and_malformed_stay_invalid) ... ok
2026-10-09T04:37:53.3736068Z test_no_http_or_no_pg_observation_rejected (test_r5_protocol_component_evidence.ComponentPacketEvidenceTests.test_no_http_or_no_pg_observation_rejected) ... ok
2026-10-09T04:37:53.3737271Z test_scoped_component_pass_never_closes_whole_product (test_r5_protocol_component_evidence.ComponentPacketEvidenceTests.test_scoped_component_pass_never_closes_whole_product) ... ok
2026-10-09T04:37:53.3738578Z test_unhandled_errors_stay_invalid_without_optional_counter (test_r5_protocol_component_evidence.ComponentPacketEvidenceTests.test_unhandled_errors_stay_invalid_without_optional_counter) ... ok
2026-10-09T04:37:53.4021156Z test_cli_keeps_nonzero_conclusion_and_persisted_report_on_real_start_failure (test_r5_protocol_process_evidence.ProtocolProcessEvidenceTests.test_cli_keeps_nonzero_conclusion_and_persisted_report_on_real_start_failure) ... ok
2026-10-09T04:37:54.1832053Z test_complete_pass_looking_output_followed_by_timeout_cannot_qualify (test_r5_protocol_process_evidence.ProtocolProcessEvidenceTests.test_complete_pass_looking_output_followed_by_timeout_cannot_qualify) ... ok
2026-10-09T04:37:54.2274058Z test_completed_invalid_json_keeps_raw_streams_and_failure_report (test_r5_protocol_process_evidence.ProtocolProcessEvidenceTests.test_completed_invalid_json_keeps_raw_streams_and_failure_report) ... ok
2026-10-09T04:37:54.2701911Z test_completed_invalid_utf8_keeps_raw_streams_and_failure_report (test_r5_protocol_process_evidence.ProtocolProcessEvidenceTests.test_completed_invalid_utf8_keeps_raw_streams_and_failure_report) ... ok
2026-10-09T04:37:54.3134205Z test_completed_nonzero_exit_is_recorded_and_not_laundered_by_pass_events (test_r5_protocol_process_evidence.ProtocolProcessEvidenceTests.test_completed_nonzero_exit_is_recorded_and_not_laundered_by_pass_events) ... ok
2026-10-09T04:37:54.3563468Z test_completed_pass_preserves_original_classifier_semantics_and_raw_line_endings (test_r5_protocol_process_evidence.ProtocolProcessEvidenceTests.test_completed_pass_preserves_original_classifier_semantics_and_raw_line_endings) ... ok
2026-10-09T04:37:54.3829448Z test_existing_output_is_never_overwritten_or_reused (test_r5_protocol_process_evidence.ProtocolProcessEvidenceTests.test_existing_output_is_never_overwritten_or_reused) ... ok
2026-10-09T04:37:55.1646124Z test_post_case_read_failure_after_timeout_keeps_failed_report (test_r5_protocol_process_evidence.ProtocolProcessEvidenceTests.test_post_case_read_failure_after_timeout_keeps_failed_report) ... ok
2026-10-09T04:37:55.9461628Z test_post_source_rejection_after_timeout_keeps_failed_report_with_no_fallback (test_r5_protocol_process_evidence.ProtocolProcessEvidenceTests.test_post_source_rejection_after_timeout_keeps_failed_report_with_no_fallback) ... ok
2026-10-09T04:37:55.9725526Z test_preflight_source_rejection_never_dispatches_or_creates_a_pass_report (test_r5_protocol_process_evidence.ProtocolProcessEvidenceTests.test_preflight_source_rejection_never_dispatches_or_creates_a_pass_report) ... ok
2026-10-09T04:37:55.9995021Z test_real_missing_executable_keeps_child_streams_empty_and_launch_error_separate (test_r5_protocol_process_evidence.ProtocolProcessEvidenceTests.test_real_missing_executable_keeps_child_streams_empty_and_launch_error_separate) ... ok
2026-10-09T04:37:56.7795291Z test_real_timeout_preserves_partial_streams_and_failure_report (test_r5_protocol_process_evidence.ProtocolProcessEvidenceTests.test_real_timeout_preserves_partial_streams_and_failure_report) ... ok
2026-10-09T04:37:57.5630830Z test_timeout_keeps_invalid_utf8_bytes_without_replacement_or_report_loss (test_r5_protocol_process_evidence.ProtocolProcessEvidenceTests.test_timeout_keeps_invalid_utf8_bytes_without_replacement_or_report_loss) ... ok
2026-10-09T04:37:58.3442860Z test_timeout_keeps_truncated_json_bytes_without_parse_exception_losing_report (test_r5_protocol_process_evidence.ProtocolProcessEvidenceTests.test_timeout_keeps_truncated_json_bytes_without_parse_exception_losing_report) ... ok
2026-10-09T04:37:58.3463022Z test_current_missing_policy_and_git_inventory_are_not_fallback (test_r5_protocol_source_inventory.ProtocolSourceInventoryTests.test_current_missing_policy_and_git_inventory_are_not_fallback) ... ok
2026-10-09T04:37:58.3512751Z test_duplicate_json_keys_and_missing_adapter_dependency_rejected (test_r5_protocol_source_inventory.ProtocolSourceInventoryTests.test_duplicate_json_keys_and_missing_adapter_dependency_rejected) ... ok
2026-10-09T04:37:58.3550235Z test_explicit_canonical_closure_not_head_commit (test_r5_protocol_source_inventory.ProtocolSourceInventoryTests.test_explicit_canonical_closure_not_head_commit) ... ok
2026-10-09T04:37:58.3585924Z test_known_runtime_artifacts_are_not_source_inventory_fallback (test_r5_protocol_source_inventory.ProtocolSourceInventoryTests.test_known_runtime_artifacts_are_not_source_inventory_fallback) ... ok
2026-10-09T04:37:58.3640721Z test_manifest_pin_kind_root_digest_and_schema_cannot_be_inferred (test_r5_protocol_source_inventory.ProtocolSourceInventoryTests.test_manifest_pin_kind_root_digest_and_schema_cannot_be_inferred) ... ok
2026-10-09T04:37:58.3758978Z test_missing_extra_important_source_or_actual_byte_drift_rejected (test_r5_protocol_source_inventory.ProtocolSourceInventoryTests.test_missing_extra_important_source_or_actual_byte_drift_rejected) ... ok
2026-10-09T04:37:58.3856389Z test_path_traversal_absolute_noncanonical_and_symlink_rejected (test_r5_protocol_source_inventory.ProtocolSourceInventoryTests.test_path_traversal_absolute_noncanonical_and_symlink_rejected) ... ok
2026-10-09T04:37:58.4100769Z test_current_catalog_derives_the_original_shared_db_tag_set (test_r5_protocol_source_preparation.ProtocolCIWiringTests.test_current_catalog_derives_the_original_shared_db_tag_set) ... ok
2026-10-09T04:37:58.4253537Z test_preparation_failure_cannot_launch_the_original_runner (test_r5_protocol_source_preparation.ProtocolCIWiringTests.test_preparation_failure_cannot_launch_the_original_runner) ... ok
2026-10-09T04:37:58.4280455Z test_actual_version_host_and_build_context_must_match (test_r5_protocol_source_preparation.ProtocolSourcePreparationTests.test_actual_version_host_and_build_context_must_match) ... ok
2026-10-09T04:37:58.4300425Z test_exact_written_bytes_are_pinned_and_validated_before_publication (test_r5_protocol_source_preparation.ProtocolSourcePreparationTests.test_exact_written_bytes_are_pinned_and_validated_before_publication) ... ok
2026-10-09T04:37:58.4314908Z test_failed_capture_never_selects_an_older_policy (test_r5_protocol_source_preparation.ProtocolSourcePreparationTests.test_failed_capture_never_selects_an_older_policy) ... ok
2026-10-09T04:37:58.4337159Z test_go_environment_failure_exits_without_capture_or_fallback (test_r5_protocol_source_preparation.ProtocolSourcePreparationTests.test_go_environment_failure_exits_without_capture_or_fallback) ... ok
2026-10-09T04:37:58.4352657Z test_manifest_write_failure_never_publishes_a_hash (test_r5_protocol_source_preparation.ProtocolSourcePreparationTests.test_manifest_write_failure_never_publishes_a_hash) ... ok
2026-10-09T04:37:58.4370045Z test_source_changed_after_capture_cannot_publish_a_prepared_receipt (test_r5_protocol_source_preparation.ProtocolSourcePreparationTests.test_source_changed_after_capture_cannot_publish_a_prepared_receipt) ... ok
2026-10-09T04:37:58.4385867Z test_source_directory_or_existing_receipt_is_never_reused (test_r5_protocol_source_preparation.ProtocolSourcePreparationTests.test_source_directory_or_existing_receipt_is_never_reused) ... ok
2026-10-09T04:37:58.4399977Z test_symlinked_output_ancestor_is_rejected_before_tool_execution (test_r5_protocol_source_preparation.ProtocolSourcePreparationTests.test_symlinked_output_ancestor_is_rejected_before_tool_execution) ... ok
2026-10-09T04:37:58.4421234Z test_unbound_build_overrides_are_rejected_not_removed (test_r5_protocol_source_preparation.ProtocolSourcePreparationTests.test_unbound_build_overrides_are_rejected_not_removed) ... ok
2026-10-09T04:37:58.4439766Z test_written_manifest_tamper_is_rejected_by_the_original_hash_check (test_r5_protocol_source_preparation.ProtocolSourcePreparationTests.test_written_manifest_tamper_is_rejected_by_the_original_hash_check) ... ok
2026-10-09T04:37:58.4449580Z test_compatibility_limit_records_secondary_and_preserves_original_fields (test_r5_retention_failures.RetentionFailureTests.test_compatibility_limit_records_secondary_and_preserves_original_fields) ... ok
2026-10-09T04:37:58.4460477Z test_compatibility_timeout_records_write_fault_without_replacement (test_r5_retention_failures.RetentionFailureTests.test_compatibility_timeout_records_write_fault_without_replacement) ... ok
2026-10-09T04:37:58.4471050Z test_fdopen_failure_closes_only_still_owned_raw_descriptor (test_r5_retention_failures.RetentionFailureTests.test_fdopen_failure_closes_only_still_owned_raw_descriptor) ... ok
2026-10-09T04:37:58.4485804Z test_metadata_failure_constructed_before_secondary_write_fault (test_r5_retention_failures.RetentionFailureTests.test_metadata_failure_constructed_before_secondary_write_fault) ... ok
2026-10-09T04:37:58.4494886Z test_secondary_records_accumulate_without_replacing_existing_note (test_r5_retention_failures.RetentionFailureTests.test_secondary_records_accumulate_without_replacing_existing_note) ... ok
2026-10-09T04:37:58.4509991Z test_selected_timeout_preserves_object_and_records_secondary_limit (test_r5_retention_failures.RetentionFailureTests.test_selected_timeout_preserves_object_and_records_secondary_limit) ... ok
2026-10-09T04:37:58.4519925Z test_successful_compatibility_remains_fail_closed_on_retention_failure (test_r5_retention_failures.RetentionFailureTests.test_successful_compatibility_remains_fail_closed_on_retention_failure) ... ok
2026-10-09T04:37:58.4534745Z test_successful_selected_command_remains_fail_closed (test_r5_retention_failures.RetentionFailureTests.test_successful_selected_command_remains_fail_closed) ... ok
2026-10-09T04:37:58.4802390Z test_all_existing_preparation_functions_and_original_assertions_are_preserved (test_r5_reviewed_web_locks.NextSecurityPatchLockTests.test_all_existing_preparation_functions_and_original_assertions_are_preserved) ... ok
2026-10-09T04:37:58.4838000Z test_exact_new_complete_lock_passes_original_preparation_boundary (test_r5_reviewed_web_locks.NextSecurityPatchLockTests.test_exact_new_complete_lock_passes_original_preparation_boundary) ... ok
2026-10-09T04:37:58.5000698Z test_new_lock_mutations_reject_before_archive_or_filesystem_changes (test_r5_reviewed_web_locks.NextSecurityPatchLockTests.test_new_lock_mutations_reject_before_archive_or_filesystem_changes) ... ok
2026-10-09T04:37:58.5051522Z test_only_reviewed_direct_pair_and_matching_release_packages_change (test_r5_reviewed_web_locks.NextSecurityPatchLockTests.test_only_reviewed_direct_pair_and_matching_release_packages_change) ... ok
2026-10-09T04:37:58.5184019Z test_previous_and_updated_complete_locks_report_their_actual_hash (test_r5_reviewed_web_locks.ReviewedWebLockTests.test_previous_and_updated_complete_locks_report_their_actual_hash) ... ok
2026-10-09T04:37:58.5306819Z test_unreviewed_lock_bytes_reject_before_archive_or_filesystem_changes (test_r5_reviewed_web_locks.ReviewedWebLockTests.test_unreviewed_lock_bytes_reject_before_archive_or_filesystem_changes) ... ok
2026-10-09T04:37:58.5346557Z test_update_preserves_direct_requirements_and_typescript_identity (test_r5_reviewed_web_locks.ReviewedWebLockTests.test_update_preserves_direct_requirements_and_typescript_identity) ... ok
2026-10-09T04:37:58.5389153Z test_duplicate_metadata_and_unknown_compiled (test_r5_selected_source_binding.SelectedNegativeTests.test_duplicate_metadata_and_unknown_compiled) ... ok
2026-10-09T04:37:58.5470638Z test_forged_metadata_does_not_authorize_secret_or_evidence (test_r5_selected_source_binding.SelectedNegativeTests.test_forged_metadata_does_not_authorize_secret_or_evidence) ... ok
2026-10-09T04:37:58.5512984Z test_generated_and_external_are_not_local_read_capabilities (test_r5_selected_source_binding.SelectedNegativeTests.test_generated_and_external_are_not_local_read_capabilities) ... ok
2026-10-09T04:37:58.5552901Z test_missing_and_symlink_static_source (test_r5_selected_source_binding.SelectedNegativeTests.test_missing_and_symlink_static_source) ... ok
2026-10-09T04:37:58.5598845Z test_nested_module_in_excluded_static_output_is_rejected (test_r5_selected_source_binding.SelectedNegativeTests.test_nested_module_in_excluded_static_output_is_rejected) ... ok
2026-10-09T04:37:58.5640381Z test_source_hash_drift_detected (test_r5_selected_source_binding.SelectedNegativeTests.test_source_hash_drift_detected) ... ok
2026-10-09T04:37:58.5689050Z test_unknown_nested_module_and_extra_go (test_r5_selected_source_binding.SelectedNegativeTests.test_unknown_nested_module_and_extra_go) ... ok
2026-10-09T04:37:58.5739540Z test_wrongfork_and_third_replace (test_r5_selected_source_binding.SelectedNegativeTests.test_wrongfork_and_third_replace) ... ok
2026-10-09T04:38:22.0624048Z test_actual_default_and_race_production_fork_coverage (test_r5_selected_source_binding_v2.ActualRootBindingV2Tests.test_actual_default_and_race_production_fork_coverage) ... ok
2026-10-09T04:38:31.7271835Z test_capture_marker_registry_archive_source_drift (test_r5_selected_source_binding_v2.ActualRootBindingV2Tests.test_capture_marker_registry_archive_source_drift) ... ok
2026-10-09T04:38:31.7666994Z test_dirty_ignored_go_actual_selected_and_rejected (test_r5_selected_source_binding_v2.ActualRootBindingV2Tests.test_dirty_ignored_go_actual_selected_and_rejected) ... Note: switching to '2f435215d0c4e259bc3c0e47383139fc5bfb2be5'.
2026-10-09T04:38:31.7668323Z 
2026-10-09T04:38:31.7668812Z You are in 'detached HEAD' state. You can look around, make experimental
2026-10-09T04:38:31.7670315Z changes and commit them, and you can discard any commits you make in this
2026-10-09T04:38:31.7671584Z state without impacting any branches by switching back to a branch.
2026-10-09T04:38:31.7672030Z 
2026-10-09T04:38:31.7672467Z If you want to create a new branch to retain commits you create, you may
2026-10-09T04:38:31.7673462Z do so (now or later) by using -c with the switch command. Example:
2026-10-09T04:38:31.7673851Z 
2026-10-09T04:38:31.7674102Z   git switch -c <new-branch-name>
2026-10-09T04:38:31.7674394Z 
2026-10-09T04:38:31.7674599Z Or undo this operation with:
2026-10-09T04:38:31.7674864Z 
2026-10-09T04:38:31.7675031Z   git switch -
2026-10-09T04:38:31.7675238Z 
2026-10-09T04:38:31.7675883Z Turn off this advice by setting config variable advice.detachedHead to false
2026-10-09T04:38:31.7676360Z 
2026-10-09T04:38:32.6029951Z ok
2026-10-09T04:38:35.8622658Z test_hydration_failure_retains_execution_and_raw_diagnostics (test_r5_selected_source_binding_v2.ActualRootBindingV2Tests.test_hydration_failure_retains_execution_and_raw_diagnostics) ... ok
2026-10-09T04:38:35.9012761Z test_live_capture_control_and_archive_mutations (test_r5_selected_source_binding_v2.ActualRootBindingV2Tests.test_live_capture_control_and_archive_mutations) ... Note: switching to '2f435215d0c4e259bc3c0e47383139fc5bfb2be5'.
2026-10-09T04:38:35.9014065Z 
2026-10-09T04:38:35.9014546Z You are in 'detached HEAD' state. You can look around, make experimental
2026-10-09T04:38:35.9015461Z changes and commit them, and you can discard any commits you make in this
2026-10-09T04:38:35.9016493Z state without impacting any branches by switching back to a branch.
2026-10-09T04:38:35.9016937Z 
2026-10-09T04:38:35.9017373Z If you want to create a new branch to retain commits you create, you may
2026-10-09T04:38:35.9018180Z do so (now or later) by using -c with the switch command. Example:
2026-10-09T04:38:35.9018560Z 
2026-10-09T04:38:35.9018802Z   git switch -c <new-branch-name>
2026-10-09T04:38:35.9019088Z 
2026-10-09T04:38:35.9019288Z Or undo this operation with:
2026-10-09T04:38:35.9019547Z 
2026-10-09T04:38:35.9019722Z   git switch -
2026-10-09T04:38:35.9019928Z 
2026-10-09T04:38:35.9020393Z Turn off this advice by setting config variable advice.detachedHead to false
2026-10-09T04:38:35.9020852Z 
2026-10-09T04:39:03.2955134Z ok
2026-10-09T04:39:26.7501951Z test_real_receipt_roundtrip (test_r5_selected_source_binding_v2.ActualRootBindingV2Tests.test_real_receipt_roundtrip) ... ok
2026-10-09T04:39:26.7905206Z test_real_unimported_package_and_undefined_build (test_r5_selected_source_binding_v2.ActualRootBindingV2Tests.test_real_unimported_package_and_undefined_build) ... Note: switching to '2f435215d0c4e259bc3c0e47383139fc5bfb2be5'.
2026-10-09T04:39:26.7906968Z 
2026-10-09T04:39:26.7907462Z You are in 'detached HEAD' state. You can look around, make experimental
2026-10-09T04:39:26.7908383Z changes and commit them, and you can discard any commits you make in this
2026-10-09T04:39:26.7909245Z state without impacting any branches by switching back to a branch.
2026-10-09T04:39:26.7909675Z 
2026-10-09T04:39:26.7910147Z If you want to create a new branch to retain commits you create, you may
2026-10-09T04:39:26.7910946Z do so (now or later) by using -c with the switch command. Example:
2026-10-09T04:39:26.7911344Z 
2026-10-09T04:39:26.7911603Z   git switch -c <new-branch-name>
2026-10-09T04:39:26.7911888Z 
2026-10-09T04:39:26.7912087Z Or undo this operation with:
2026-10-09T04:39:26.7912350Z 
2026-10-09T04:39:26.7912543Z   git switch -
2026-10-09T04:39:26.7912743Z 
2026-10-09T04:39:26.7913206Z Turn off this advice by setting config variable advice.detachedHead to false
2026-10-09T04:39:26.7913666Z 
2026-10-09T04:39:35.5673231Z ok
2026-10-09T04:39:35.5775789Z test_coverage_omission_fork_mismatch_unknown_root (test_r5_selected_source_binding_v2.SelectedV2NegativeTests.test_coverage_omission_fork_mismatch_unknown_root) ... ok
2026-10-09T04:39:35.5853417Z test_cross_identity_rejected_before_commands (test_r5_selected_source_binding_v2.SelectedV2NegativeTests.test_cross_identity_rejected_before_commands) ... ok
2026-10-09T04:39:35.5943884Z test_metadata_never_authorizes_private_archive_or_unknown_body (test_r5_selected_source_binding_v2.SelectedV2NegativeTests.test_metadata_never_authorizes_private_archive_or_unknown_body) ... ok
2026-10-09T04:39:35.6022916Z test_selected_archive_package_rejected (test_r5_selected_source_binding_v2.SelectedV2NegativeTests.test_selected_archive_package_rejected) ... ok
2026-10-09T04:39:35.6097261Z test_unsupported_context (test_r5_selected_source_binding_v2.SelectedV2NegativeTests.test_unsupported_context) ... ok
2026-10-09T04:39:35.6107865Z test_accepts_exact_baseline_six_pass_two_fail_and_candidate_eight_pass (test_r5_settings_seed.SettingsSeedVerifierTest.test_accepts_exact_baseline_six_pass_two_fail_and_candidate_eight_pass) ... ok
2026-10-09T04:39:35.6137157Z test_rejects_connection_metadata_or_cleanup_failure_as_overwrite_evidence (test_r5_settings_seed.SettingsSeedVerifierTest.test_rejects_connection_metadata_or_cleanup_failure_as_overwrite_evidence) ... ok
2026-10-09T04:39:35.6161378Z test_rejects_missing_duplicate_unfinished_and_skipped_results (test_r5_settings_seed.SettingsSeedVerifierTest.test_rejects_missing_duplicate_unfinished_and_skipped_results) ... ok
2026-10-09T04:39:35.6178776Z test_rejects_source_assertions_outside_the_two_negative_leaves (test_r5_settings_seed.SettingsSeedVerifierTest.test_rejects_source_assertions_outside_the_two_negative_leaves) ... ok
2026-10-09T04:39:35.6195333Z test_rejects_unrelated_package_build_race_and_panic_events (test_r5_settings_seed.SettingsSeedVerifierTest.test_rejects_unrelated_package_build_race_and_panic_events) ... ok
2026-10-09T04:39:35.6219647Z test_rejects_wrong_failure_set_and_exit_status (test_r5_settings_seed.SettingsSeedVerifierTest.test_rejects_wrong_failure_set_and_exit_status) ... ok
2026-10-09T04:39:35.6833201Z test_actual_loaded_helper_is_bound_not_a_different_snapshot_implementation (test_r5_smtp_owner_source_inventory.SMTPSourceInventoryV3Tests.test_actual_loaded_helper_is_bound_not_a_different_snapshot_implementation) ... ok
2026-10-09T04:39:35.7785957Z test_benchmark_source_producer_accepts_v3_but_no_METHOD_live_or_tool_admission (test_r5_smtp_owner_source_inventory.SMTPSourceInventoryV3Tests.test_benchmark_source_producer_accepts_v3_but_no_METHOD_live_or_tool_admission) ... ok
2026-10-09T04:39:36.0170790Z test_both_fork_embeds_and_nongo_upstream_inputs_are_required (test_r5_smtp_owner_source_inventory.SMTPSourceInventoryV3Tests.test_both_fork_embeds_and_nongo_upstream_inputs_are_required) ... ok
2026-10-09T04:39:36.9599848Z test_both_forks_root_modsum_and_metadata_drift_reject_pinned_receipt (test_r5_smtp_owner_source_inventory.SMTPSourceInventoryV3Tests.test_both_forks_root_modsum_and_metadata_drift_reject_pinned_receipt) ... ok
2026-10-09T04:39:37.0976634Z test_duplicate_or_MVS_override_declarations_do_not_bypass_exact_binding (test_r5_smtp_owner_source_inventory.SMTPSourceInventoryV3Tests.test_duplicate_or_MVS_override_declarations_do_not_bypass_exact_binding) ... ok
2026-10-09T04:39:37.7776631Z test_each_fork_mod_sum_license_and_required_metadata_are_mandatory (test_r5_smtp_owner_source_inventory.SMTPSourceInventoryV3Tests.test_each_fork_mod_sum_license_and_required_metadata_are_mandatory) ... ok
2026-10-09T04:39:37.8308554Z test_exact_two_forks_full_inputs_and_actual_metadata_layouts (test_r5_smtp_owner_source_inventory.SMTPSourceInventoryV3Tests.test_exact_two_forks_full_inputs_and_actual_metadata_layouts) ... ok
2026-10-09T04:39:37.9025080Z test_explicit_v3_pin_and_policy_are_required_without_auto_upgrade (test_r5_smtp_owner_source_inventory.SMTPSourceInventoryV3Tests.test_explicit_v3_pin_and_policy_are_required_without_auto_upgrade) ... ok
2026-10-09T04:39:38.0421489Z test_local_module_identity_version_dependency_and_nested_replace_rejected (test_r5_smtp_owner_source_inventory.SMTPSourceInventoryV3Tests.test_local_module_identity_version_dependency_and_nested_replace_rejected) ... ok
2026-10-09T04:39:38.1563699Z test_protocol_producer_validator_and_prepost_use_v3_without_Git (test_r5_smtp_owner_source_inventory.SMTPSourceInventoryV3Tests.test_protocol_producer_validator_and_prepost_use_v3_without_Git) ... ok
2026-10-09T04:39:38.3617610Z test_symlink_escape_workfile_and_unknown_build_condition_fail_closed (test_r5_smtp_owner_source_inventory.SMTPSourceInventoryV3Tests.test_symlink_escape_workfile_and_unknown_build_condition_fail_closed) ... ok
2026-10-09T04:39:38.6776135Z test_unknown_extra_or_omitted_receipt_fields_cannot_be_resealed (test_r5_smtp_owner_source_inventory.SMTPSourceInventoryV3Tests.test_unknown_extra_or_omitted_receipt_fields_cannot_be_resealed) ... ok
2026-10-09T04:39:38.7741490Z test_unknown_third_replace_and_extra_local_tree_fail_closed (test_r5_smtp_owner_source_inventory.SMTPSourceInventoryV3Tests.test_unknown_third_replace_and_extra_local_tree_fail_closed) ... ok
2026-10-09T04:39:38.9149681Z test_unlisted_nested_module_and_local_import_omission_are_rejected (test_r5_smtp_owner_source_inventory.SMTPSourceInventoryV3Tests.test_unlisted_nested_module_and_local_import_omission_are_rejected) ... ok
2026-10-09T04:39:38.9844611Z test_v2_single_fork_snapshot_keeps_old_domain_but_cannot_cover_dual_root (test_r5_smtp_owner_source_inventory.SMTPSourceInventoryV3Tests.test_v2_single_fork_snapshot_keeps_old_domain_but_cannot_cover_dual_root) ... ok
2026-10-09T04:39:39.2615218Z test_wrong_root_versions_paths_and_dynamic_forms_rejected (test_r5_smtp_owner_source_inventory.SMTPSourceInventoryV3Tests.test_wrong_root_versions_paths_and_dynamic_forms_rejected) ... ok
2026-10-09T04:39:39.2661445Z test_accepts_exact_baseline_71_pass_38_fail_and_candidate_109_pass (test_r5_smtputf8_recovery.SMTPUTF8RecoveryVerifierTest.test_accepts_exact_baseline_71_pass_38_fail_and_candidate_109_pass) ... ok
2026-10-09T04:39:39.2805367Z test_rejects_absent_fake_duplicate_or_reassigned_wire_evidence (test_r5_smtputf8_recovery.SMTPUTF8RecoveryVerifierTest.test_rejects_absent_fake_duplicate_or_reassigned_wire_evidence) ... ok
2026-10-09T04:39:39.2891577Z test_rejects_empty_unrelated_build_race_or_panic_execution (test_r5_smtputf8_recovery.SMTPUTF8RecoveryVerifierTest.test_rejects_empty_unrelated_build_race_or_panic_execution) ... ok
2026-10-09T04:39:39.3038887Z test_rejects_extra_assertions_in_any_scope_and_duplicate_allowed_assertions (test_r5_smtputf8_recovery.SMTPUTF8RecoveryVerifierTest.test_rejects_extra_assertions_in_any_scope_and_duplicate_allowed_assertions) ... ok
2026-10-09T04:39:39.3207543Z test_rejects_missing_duplicate_skipped_and_unfinished_execution (test_r5_smtputf8_recovery.SMTPUTF8RecoveryVerifierTest.test_rejects_missing_duplicate_skipped_and_unfinished_execution) ... ok
2026-10-09T04:39:39.3359677Z test_rejects_wrong_failure_set_or_exit_code (test_r5_smtputf8_recovery.SMTPUTF8RecoveryVerifierTest.test_rejects_wrong_failure_set_or_exit_code) ... ok
2026-10-09T04:39:39.3418123Z test_body_guard_rejects_readable_flags_and_every_body_api (test_r5_source_excluded_metadata.ExcludedMetadataTests.test_body_guard_rejects_readable_flags_and_every_body_api) ... ok
2026-10-09T04:39:39.6247359Z test_cli_receipt_pin_and_loaded_helper_hash_binding (test_r5_source_excluded_metadata.ExcludedMetadataTests.test_cli_receipt_pin_and_loaded_helper_hash_binding) ... ok
2026-10-09T04:39:40.7683991Z test_entry_budget_shared_between_excluded_roots_and_depth_limit (test_r5_source_excluded_metadata.ExcludedMetadataTests.test_entry_budget_shared_between_excluded_roots_and_depth_limit) ... ok
2026-10-09T04:39:40.7800614Z test_metadata_no_follow_rejects_excluded_ancestor_alias (test_r5_source_excluded_metadata.ExcludedMetadataTests.test_metadata_no_follow_rejects_excluded_ancestor_alias) ... ok
2026-10-09T04:39:41.8840799Z test_multilevel_modules_links_and_special_files_rejected_by_cli (test_r5_source_excluded_metadata.ExcludedMetadataTests.test_multilevel_modules_links_and_special_files_rejected_by_cli) ... ok
2026-10-09T04:39:41.9059810Z test_unavailable_unknown_and_directory_swap_metadata_fail_closed (test_r5_source_excluded_metadata.ExcludedMetadataTests.test_unavailable_unknown_and_directory_swap_metadata_fail_closed) ... ok
2026-10-09T04:39:42.1061060Z test_valid_excluded_files_never_read_or_enter_source (test_r5_source_excluded_metadata.ExcludedMetadataTests.test_valid_excluded_files_never_read_or_enter_source) ... ok
2026-10-09T04:39:42.1390302Z test_excluded_artifact_directory_alias_is_rejected (test_r5_source_v3_boundary_negatives.SourceV3BoundaryNegativeTests.test_excluded_artifact_directory_alias_is_rejected) ... ok
2026-10-09T04:39:42.1760343Z test_nested_module_in_excluded_artifact_directory_is_rejected (test_r5_source_v3_boundary_negatives.SourceV3BoundaryNegativeTests.test_nested_module_in_excluded_artifact_directory_is_rejected) ... ok
2026-10-09T04:39:42.2122618Z test_symlink_descendant_in_excluded_artifact_directory_is_rejected (test_r5_source_v3_boundary_negatives.SourceV3BoundaryNegativeTests.test_symlink_descendant_in_excluded_artifact_directory_is_rejected) ... ok
2026-10-09T04:39:42.2554178Z test_upstream_manifest_traversal_and_duplicate_keys_are_rejected (test_r5_source_v3_boundary_negatives.SourceV3BoundaryNegativeTests.test_upstream_manifest_traversal_and_duplicate_keys_are_rejected) ... ok
2026-10-09T04:39:42.2821087Z test_workspace_alias_and_overlay_environment_are_rejected (test_r5_source_v3_boundary_negatives.SourceV3BoundaryNegativeTests.test_workspace_alias_and_overlay_environment_are_rejected) ... ok
2026-10-09T04:39:42.2830904Z test_midflight_path_replacement_cannot_change_executed_inode_and_is_rejected (test_r5_source_version_runner.ExecutedBinaryBoundaryTests.test_midflight_path_replacement_cannot_change_executed_inode_and_is_rejected) ... ok
2026-10-09T04:39:42.2837445Z test_old_fixture_refused_before_execution (test_r5_source_version_runner.ExecutedBinaryBoundaryTests.test_old_fixture_refused_before_execution) ... ok
2026-10-09T04:39:42.2846461Z test_receipt_validation_rejects_replaced_executed_binary (test_r5_source_version_runner.ExecutedBinaryBoundaryTests.test_receipt_validation_rejects_replaced_executed_binary) ... ok
2026-10-09T04:39:42.2853247Z test_replaced_binary_refused_before_execution (test_r5_source_version_runner.ExecutedBinaryBoundaryTests.test_replaced_binary_refused_before_execution) ... ok
2026-10-09T04:39:42.2861298Z test_wrong_source_refused_before_execution (test_r5_source_version_runner.ExecutedBinaryBoundaryTests.test_wrong_source_refused_before_execution) ... ok
2026-10-09T04:39:42.3559192Z test_authenticated_archive_still_checks_member_and_dependency_boundary (test_r5_source_version_runner.PreparationBoundaryTests.test_authenticated_archive_still_checks_member_and_dependency_boundary) ... ok
2026-10-09T04:39:42.3584234Z test_extra_tampered_link_and_native_prepared_files_rejected (test_r5_source_version_runner.PreparationBoundaryTests.test_extra_tampered_link_and_native_prepared_files_rejected) ... ok
2026-10-09T04:39:42.3599966Z test_stale_source_fixture_and_receipt_tamper_rejected (test_r5_source_version_runner.PreparationBoundaryTests.test_stale_source_fixture_and_receipt_tamper_rejected) ... ok
2026-10-09T04:39:42.3643151Z test_unknown_lock_and_existing_dependency_tree_refused_before_write (test_r5_source_version_runner.PreparationBoundaryTests.test_unknown_lock_and_existing_dependency_tree_refused_before_write) ... ok
2026-10-09T04:39:42.3675073Z test_wrong_archive_hash_refused_before_any_mkdir (test_r5_source_version_runner.PreparationBoundaryTests.test_wrong_archive_hash_refused_before_any_mkdir) ... ok
2026-10-09T04:39:42.3686934Z test_child_failure_and_skip_not_green (test_r5_source_version_runner.SourceVersionRunnerTests.test_child_failure_and_skip_not_green) ... test_fail (test_r5_source_version_runner.SourceVersionRunnerTests.test_child_failure_and_skip_not_green.<locals>.Bad.test_fail) ... FAIL
2026-10-09T04:39:42.3687785Z 
2026-10-09T04:39:42.3688014Z ======================================================================
2026-10-09T04:39:42.3688721Z FAIL: test_fail (test_r5_source_version_runner.SourceVersionRunnerTests.test_child_failure_and_skip_not_green.<locals>.Bad.test_fail)
2026-10-09T04:39:42.3689390Z ----------------------------------------------------------------------
2026-10-09T04:39:42.3689965Z Traceback (most recent call last):
2026-10-09T04:39:42.3690588Z   File "/tmp/r5-version-3l7sikbv/current/scripts/tests/test_r5_source_version_runner.py", line 40, in test_fail
2026-10-09T04:39:42.3691224Z     def test_fail(self):self.fail('intentional runner negative')
2026-10-09T04:39:42.3691945Z                         ^^^^^^^^^^^^^^^^^^^^^^^^^^^^^^^^^^^^^^^^
2026-10-09T04:39:42.3692307Z AssertionError: intentional runner negative
2026-10-09T04:39:42.3692508Z 
2026-10-09T04:39:42.3692742Z ----------------------------------------------------------------------
2026-10-09T04:39:42.3696400Z Ran 1 test in 0.000s
2026-10-09T04:39:42.3716536Z 
2026-10-09T04:39:42.3716983Z FAILED (failures=1)
2026-10-09T04:39:42.3718252Z test_skip (test_r5_source_version_runner.SourceVersionRunnerTests.test_child_failure_and_skip_not_green.<locals>.Skip.test_skip) ... skipped 'intentional runner negative'
2026-10-09T04:39:42.3719166Z 
2026-10-09T04:39:42.3719528Z ----------------------------------------------------------------------
2026-10-09T04:39:42.3719890Z Ran 1 test in 0.000s
2026-10-09T04:39:42.3720036Z 
2026-10-09T04:39:42.3720147Z OK (skipped=1)
2026-10-09T04:39:42.3720879Z test_expected (test_r5_source_version_runner.SourceVersionRunnerTests.test_child_failure_and_skip_not_green.<locals>.Expected.test_expected) ... expected failure
2026-10-09T04:39:42.3721402Z 
2026-10-09T04:39:42.3721630Z ----------------------------------------------------------------------
2026-10-09T04:39:42.3721962Z Ran 1 test in 0.000s
2026-10-09T04:39:42.3722103Z 
2026-10-09T04:39:42.3722231Z OK (expected failures=1)
2026-10-09T04:39:42.3722469Z ok
2026-10-09T04:39:42.3722984Z test_exact_partition (test_r5_source_version_runner.SourceVersionRunnerTests.test_exact_partition) ... ok
2026-10-09T04:39:42.3723932Z test_missing_overlap_duplicate_wrong_baseline (test_r5_source_version_runner.SourceVersionRunnerTests.test_missing_overlap_duplicate_wrong_baseline) ... ok
2026-10-09T04:39:42.3724916Z test_no_fresh_actual_root_class (test_r5_source_version_runner.SourceVersionRunnerTests.test_no_fresh_actual_root_class) ... ok
2026-10-09T04:39:42.3727082Z test_preparation_failure_reports_all_ids_missing_and_dispatches_none (test_r5_source_version_runner.SourceVersionRunnerTests.test_preparation_failure_reports_all_ids_missing_and_dispatches_none) ... ok
2026-10-09T04:39:42.6783877Z test_empty_no_match_and_skipped_execution_cannot_pass (test_r5_template_grant_ci.TemplateGrantCIControls.test_empty_no_match_and_skipped_execution_cannot_pass) ... ok
2026-10-09T04:39:42.8655844Z test_evidence_artifact_is_separate_fresh_and_retained_after_failure (test_r5_template_grant_ci.TemplateGrantCIControls.test_evidence_artifact_is_separate_fresh_and_retained_after_failure) ... ok
2026-10-09T04:39:42.8662703Z test_exact_required_suite_has_no_allowed_skips (test_r5_template_grant_ci.TemplateGrantCIControls.test_exact_required_suite_has_no_allowed_skips) ... ok
2026-10-09T04:39:42.9877248Z test_independent_prerequisites_budget_and_selection_remain_bounded (test_r5_template_grant_ci.TemplateGrantCIControls.test_independent_prerequisites_budget_and_selection_remain_bounded) ... ok
2026-10-09T04:39:43.0082628Z test_missing_dsn_fails_before_go_without_inventing_a_go_exit (test_r5_template_grant_ci.TemplateGrantCIControls.test_missing_dsn_fails_before_go_without_inventing_a_go_exit) ... ok
2026-10-09T04:39:43.1623299Z test_nonzero_go_exit_is_preserved_even_if_events_claim_success (test_r5_template_grant_ci.TemplateGrantCIControls.test_nonzero_go_exit_is_preserved_even_if_events_claim_success) ... ok
2026-10-09T04:39:43.2386736Z test_success_uses_the_original_checker_and_retains_source_bound_evidence (test_r5_template_grant_ci.TemplateGrantCIControls.test_success_uses_the_original_checker_and_retains_source_bound_evidence) ... ok
2026-10-09T04:39:43.4494922Z test_cache_has_specific_message_fence_not_ancestor_lock (test_r5_transactions.TransactionInventoryTests.test_cache_has_specific_message_fence_not_ancestor_lock) ... ok
2026-10-09T04:39:43.8334751Z test_callback_signature_drift_rejected (test_r5_transactions.TransactionInventoryTests.test_callback_signature_drift_rejected) ... ok
2026-10-09T04:39:44.2096834Z test_constant_backed_observation_is_write_despite_ast_heuristic (test_r5_transactions.TransactionInventoryTests.test_constant_backed_observation_is_write_despite_ast_heuristic) ... ok
2026-10-09T04:39:44.5247383Z test_current_inventory_is_only_structure_evidence (test_r5_transactions.TransactionInventoryTests.test_current_inventory_is_only_structure_evidence) ... ok
2026-10-09T04:39:45.1841824Z test_current_trigger_and_package_constant_changes_remain_fenced (test_r5_transactions.TransactionInventoryTests.test_current_trigger_and_package_constant_changes_remain_fenced) ... ok
2026-10-09T04:39:45.5269875Z test_duplicate_entry_rejected (test_r5_transactions.TransactionInventoryTests.test_duplicate_entry_rejected) ... ok
2026-10-09T04:39:45.9088221Z test_external_caller_change_rejected (test_r5_transactions.TransactionInventoryTests.test_external_caller_change_rejected) ... ok
2026-10-09T04:39:46.2227552Z test_fk_or_trigger_drift_rejected (test_r5_transactions.TransactionInventoryTests.test_fk_or_trigger_drift_rejected) ... ok
2026-10-09T04:39:46.2230722Z test_gc_round_and_receipt_projection_are_not_transaction_acceptance (test_r5_transactions.TransactionInventoryTests.test_gc_round_and_receipt_projection_are_not_transaction_acceptance) ... ok
2026-10-09T04:39:46.2232866Z test_literal_and_concatenated_dynamic_sql_distinguished (test_r5_transactions.TransactionInventoryTests.test_literal_and_concatenated_dynamic_sql_distinguished) ... ok
2026-10-09T04:39:46.5640498Z test_missing_callback_effect_rejected (test_r5_transactions.TransactionInventoryTests.test_missing_callback_effect_rejected) ... ok
2026-10-09T04:39:46.9963750Z test_missing_file_type_review_rejected (test_r5_transactions.TransactionInventoryTests.test_missing_file_type_review_rejected) ... ok
2026-10-09T04:39:47.3406503Z test_missing_function_rejected (test_r5_transactions.TransactionInventoryTests.test_missing_function_rejected) ... ok
2026-10-09T04:39:47.6844416Z test_missing_specific_assertion_rejected (test_r5_transactions.TransactionInventoryTests.test_missing_specific_assertion_rejected) ... ok
2026-10-09T04:39:48.0317557Z test_missing_specific_sql_effect_rejected (test_r5_transactions.TransactionInventoryTests.test_missing_specific_sql_effect_rejected) ... ok
2026-10-09T04:39:48.4181988Z test_new_file_without_functions_rejected (test_r5_transactions.TransactionInventoryTests.test_new_file_without_functions_rejected) ... ok
2026-10-09T04:39:48.7331814Z test_new_migration_rejected (test_r5_transactions.TransactionInventoryTests.test_new_migration_rejected) ... ok
2026-10-09T04:39:49.1163419Z test_new_pure_function_is_also_rejected_and_no_inventory_allowlist (test_r5_transactions.TransactionInventoryTests.test_new_pure_function_is_also_rejected_and_no_inventory_allowlist) ... ok
2026-10-09T04:39:49.4988965Z test_new_write_function_rejected (test_r5_transactions.TransactionInventoryTests.test_new_write_function_rejected) ... ok
2026-10-09T04:39:49.8865410Z test_new_write_in_old_function_rejected (test_r5_transactions.TransactionInventoryTests.test_new_write_in_old_function_rejected) ... ok
2026-10-09T04:39:50.5769027Z test_obsolete_function_and_wrong_receiver_rejected (test_r5_transactions.TransactionInventoryTests.test_obsolete_function_and_wrong_receiver_rejected) ... ok
2026-10-09T04:39:50.9664803Z test_package_sql_constant_drift_rejected (test_r5_transactions.TransactionInventoryTests.test_package_sql_constant_drift_rejected) ... ok
2026-10-09T04:39:52.1495863Z test_pr23_each_added_and_changed_body_has_independent_source_review (test_r5_transactions.TransactionInventoryTests.test_pr23_each_added_and_changed_body_has_independent_source_review) ... ok
2026-10-09T04:39:52.5085418Z test_read_preview_and_sse_have_real_lock_and_callback_boundaries (test_r5_transactions.TransactionInventoryTests.test_read_preview_and_sse_have_real_lock_and_callback_boundaries) ... ok
2026-10-09T04:39:53.1990404Z test_structure_cannot_claim_runtime_or_parent_acceptance (test_r5_transactions.TransactionInventoryTests.test_structure_cannot_claim_runtime_or_parent_acceptance) ... ok
2026-10-09T04:39:53.1992427Z test_update_detected_but_row_lock_not_mutation (test_r5_transactions.TransactionInventoryTests.test_update_detected_but_row_lock_not_mutation) ... ok
2026-10-09T04:39:53.2030781Z test_direct_subtest_names_with_slashes_have_no_phantom_parent_execution (test_r5_webhook_claim_gate.WebhookClaimEvidenceTests.test_direct_subtest_names_with_slashes_have_no_phantom_parent_execution) ... ok
2026-10-09T04:39:53.2047575Z test_extra_intermediate_execution_is_rejected (test_r5_webhook_claim_gate.WebhookClaimEvidenceTests.test_extra_intermediate_execution_is_rejected) ... ok
2026-10-09T04:39:53.2064549Z test_fixture_failure_with_the_expected_failed_ids_is_not_a_defect_baseline (test_r5_webhook_claim_gate.WebhookClaimEvidenceTests.test_fixture_failure_with_the_expected_failed_ids_is_not_a_defect_baseline) ... ok
2026-10-09T04:39:53.2096254Z test_incomplete_or_skipped_execution_never_qualifies (test_r5_webhook_claim_gate.WebhookClaimEvidenceTests.test_incomplete_or_skipped_execution_never_qualifies) ... ok
2026-10-09T04:39:53.2098553Z test_malformed_event_log_is_rejected (test_r5_webhook_claim_gate.WebhookClaimEvidenceTests.test_malformed_event_log_is_rejected) ... ok
2026-10-09T04:39:53.2099286Z 
2026-10-09T04:39:53.2099671Z ----------------------------------------------------------------------
2026-10-09T04:39:53.2100212Z Ran 867 tests in 249.939s
2026-10-09T04:39:53.2100425Z 
2026-10-09T04:39:53.2100546Z OK
2026-10-09T04:39:58.4244409Z test_actual_full_scope_fresh_hashes (test_r5_selected_source_binding.ActualRootBindingTests.test_actual_full_scope_fresh_hashes) ... ok
2026-10-09T04:40:01.7632827Z test_capture_midflight_drift_refused (test_r5_selected_source_binding.ActualRootBindingTests.test_capture_midflight_drift_refused) ... ok
2026-10-09T04:40:06.1528006Z test_omission_extra_hash_flags_abi_and_historical_rejected (test_r5_selected_source_binding.ActualRootBindingTests.test_omission_extra_hash_flags_abi_and_historical_rejected) ... ok
2026-10-09T04:40:10.3382792Z test_real_receipt_roundtrip (test_r5_selected_source_binding.ActualRootBindingTests.test_real_receipt_roundtrip) ... ok
2026-10-09T04:40:10.3384018Z 
2026-10-09T04:40:10.3384576Z ----------------------------------------------------------------------
2026-10-09T04:40:10.3385061Z Ran 4 tests in 16.320s
2026-10-09T04:40:10.3385228Z 
2026-10-09T04:40:10.3385329Z OK
2026-10-09T04:40:10.9389787Z ##[group]Run node --test scripts/tests/*.test.cjs
2026-10-09T04:40:10.9390178Z [36;1mnode --test scripts/tests/*.test.cjs[0m
2026-10-09T04:40:10.9390513Z [36;1mnode scripts/collect_api_calls.cjs --check[0m
2026-10-09T04:40:10.9390852Z [36;1mpython3 -B scripts/check_i18n_keys.py[0m
2026-10-09T04:40:10.9429556Z shell: /usr/bin/bash -e {0}
2026-10-09T04:40:10.9429848Z ##[endgroup]
2026-10-09T04:40:10.9930321Z TAP version 13
2026-10-09T04:40:11.3426400Z # Subtest: request verb and parameter identity
2026-10-09T04:40:11.3447587Z ok 1 - request verb and parameter identity
2026-10-09T04:40:11.3477542Z   ---
2026-10-09T04:40:11.3486583Z   duration_ms: 30.804489
2026-10-09T04:40:11.3487130Z   type: 'test'
2026-10-09T04:40:11.3487636Z   ...
2026-10-09T04:40:11.3488232Z # Subtest: conditional path and verb stay paired
2026-10-09T04:40:11.3488979Z ok 2 - conditional path and verb stay paired
2026-10-09T04:40:11.3489539Z   ---
2026-10-09T04:40:11.3490001Z   duration_ms: 3.698664
2026-10-09T04:40:11.3490564Z   type: 'test'
2026-10-09T04:40:11.3490990Z   ...
2026-10-09T04:40:11.3491518Z # Subtest: workPath and local base expand
2026-10-09T04:40:11.3492124Z ok 3 - workPath and local base expand
2026-10-09T04:40:11.3492653Z   ---
2026-10-09T04:40:11.3493097Z   duration_ms: 3.299441
2026-10-09T04:40:11.3493589Z   type: 'test'
2026-10-09T04:40:11.3493991Z   ...
2026-10-09T04:40:11.3494586Z # Subtest: docs strings and tests are not network calls
2026-10-09T04:40:11.3495299Z ok 4 - docs strings and tests are not network calls
2026-10-09T04:40:11.3496023Z   ---
2026-10-09T04:40:11.3496486Z   duration_ms: 4.020738
2026-10-09T04:40:11.3496984Z   type: 'test'
2026-10-09T04:40:11.3497409Z   ...
2026-10-09T04:40:11.3498108Z # Subtest: opt-in audit fixture calls do not become production routes
2026-10-09T04:40:11.3499315Z ok 5 - opt-in audit fixture calls do not become production routes
2026-10-09T04:40:11.3499920Z   ---
2026-10-09T04:40:11.3500352Z   duration_ms: 2.92674
2026-10-09T04:40:11.3500831Z   type: 'test'
2026-10-09T04:40:11.3501259Z   ...
2026-10-09T04:40:11.3501772Z # Subtest: source is never evaluated
2026-10-09T04:40:11.3502404Z ok 6 - source is never evaluated
2026-10-09T04:40:11.3502895Z   ---
2026-10-09T04:40:11.3503351Z   duration_ms: 2.221328
2026-10-09T04:40:11.3503827Z   type: 'test'
2026-10-09T04:40:11.3504221Z   ...
2026-10-09T04:40:11.3504798Z # Subtest: transport forwarding remains explicit
2026-10-09T04:40:11.3505472Z ok 7 - transport forwarding remains explicit
2026-10-09T04:40:11.3506148Z   ---
2026-10-09T04:40:11.3506579Z   duration_ms: 6.454924
2026-10-09T04:40:11.3507050Z   type: 'test'
2026-10-09T04:40:11.3508579Z   ...
2026-10-09T04:40:11.3509277Z # Subtest: stream uses GET independent of callback options
2026-10-09T04:40:11.3525929Z ok 8 - stream uses GET independent of callback options
2026-10-09T04:40:11.3526704Z   ---
2026-10-09T04:40:11.3527063Z   duration_ms: 2.047933
2026-10-09T04:40:11.3527453Z   type: 'test'
2026-10-09T04:40:11.3527761Z   ...
2026-10-09T04:40:11.3528394Z # Subtest: unrelated path and method predicates are not falsely paired
2026-10-09T04:40:11.3529234Z ok 9 - unrelated path and method predicates are not falsely paired
2026-10-09T04:40:11.3529752Z   ---
2026-10-09T04:40:11.3530079Z   duration_ms: 2.582653
2026-10-09T04:40:11.3530431Z   type: 'test'
2026-10-09T04:40:11.3530755Z   ...
2026-10-09T04:40:11.3531314Z # Subtest: client drift checks reject missing/new/verb/route mismatch
2026-10-09T04:40:11.3532107Z ok 10 - client drift checks reject missing/new/verb/route mismatch
2026-10-09T04:40:11.3532608Z   ---
2026-10-09T04:40:11.3532925Z   duration_ms: 1.949986
2026-10-09T04:40:11.3533274Z   type: 'test'
2026-10-09T04:40:11.3533560Z   ...
2026-10-09T04:40:11.3534236Z # Subtest: private helper suffixes enumerate actual routes including omitted default
2026-10-09T04:40:11.3535214Z ok 11 - private helper suffixes enumerate actual routes including omitted default
2026-10-09T04:40:11.3535908Z   ---
2026-10-09T04:40:11.3536236Z   duration_ms: 3.849158
2026-10-09T04:40:11.3536864Z   type: 'test'
2026-10-09T04:40:11.3537167Z   ...
2026-10-09T04:40:11.3537804Z # Subtest: unknown, exported, escaped and spread helper suffixes stay unresolved
2026-10-09T04:40:11.3538714Z ok 12 - unknown, exported, escaped and spread helper suffixes stay unresolved
2026-10-09T04:40:11.3539283Z   ---
2026-10-09T04:40:11.3539597Z   duration_ms: 8.653357
2026-10-09T04:40:11.3539947Z   type: 'test'
2026-10-09T04:40:11.3540248Z   ...
2026-10-09T04:40:11.3540829Z # Subtest: recipient suffix cannot inherit the registered aggregate route
2026-10-09T04:40:11.3541673Z ok 13 - recipient suffix cannot inherit the registered aggregate route
2026-10-09T04:40:11.3542194Z   ---
2026-10-09T04:40:11.3542508Z   duration_ms: 1.60957
2026-10-09T04:40:11.3542849Z   type: 'test'
2026-10-09T04:40:11.3543174Z   ...
2026-10-09T04:40:11.3543703Z # Subtest: helper parameter assignment prevents finite expansion
2026-10-09T04:40:11.3586818Z ok 14 - helper parameter assignment prevents finite expansion
2026-10-09T04:40:11.3587771Z   ---
2026-10-09T04:40:11.3609593Z   duration_ms: 1.713446
2026-10-09T04:40:11.3610302Z   type: 'test'
2026-10-09T04:40:11.3611301Z   ...
2026-10-09T04:40:11.3612012Z # Subtest: helper parameter compound assignment prevents finite expansion
2026-10-09T04:40:11.3612889Z ok 15 - helper parameter compound assignment prevents finite expansion
2026-10-09T04:40:11.3613432Z   ---
2026-10-09T04:40:11.3613756Z   duration_ms: 1.303692
2026-10-09T04:40:11.3614130Z   type: 'test'
2026-10-09T04:40:11.3614418Z   ...
2026-10-09T04:40:11.3614995Z # Subtest: helper parameter logical assignment prevents finite expansion
2026-10-09T04:40:11.3615953Z ok 16 - helper parameter logical assignment prevents finite expansion
2026-10-09T04:40:11.3616640Z   ---
2026-10-09T04:40:11.3617032Z   duration_ms: 1.76369
2026-10-09T04:40:11.3617773Z   type: 'test'
2026-10-09T04:40:11.3618177Z   ...
2026-10-09T04:40:11.3618833Z # Subtest: helper parameter prefix update prevents finite expansion
2026-10-09T04:40:11.3619774Z ok 17 - helper parameter prefix update prevents finite expansion
2026-10-09T04:40:11.3620414Z   ---
2026-10-09T04:40:11.3620815Z   duration_ms: 1.46417
2026-10-09T04:40:11.3621275Z   type: 'test'
2026-10-09T04:40:11.3621681Z   ...
2026-10-09T04:40:11.3622419Z # Subtest: helper parameter postfix update prevents finite expansion
2026-10-09T04:40:11.3623256Z ok 18 - helper parameter postfix update prevents finite expansion
2026-10-09T04:40:11.3623782Z   ---
2026-10-09T04:40:11.3624189Z   duration_ms: 1.424766
2026-10-09T04:40:11.3624650Z   type: 'test'
2026-10-09T04:40:11.3625041Z   ...
2026-10-09T04:40:11.3625884Z # Subtest: helper parameter closure write prevents finite expansion
2026-10-09T04:40:11.3626826Z ok 19 - helper parameter closure write prevents finite expansion
2026-10-09T04:40:11.3627513Z   ---
2026-10-09T04:40:11.3627985Z   duration_ms: 1.975863
2026-10-09T04:40:11.3628412Z   type: 'test'
2026-10-09T04:40:11.3628797Z   ...
2026-10-09T04:40:11.3629451Z # Subtest: helper parameter array destructuring prevents finite expansion
2026-10-09T04:40:11.3630341Z ok 20 - helper parameter array destructuring prevents finite expansion
2026-10-09T04:40:11.3630974Z   ---
2026-10-09T04:40:11.3631290Z   duration_ms: 1.609498
2026-10-09T04:40:11.3631674Z   type: 'test'
2026-10-09T04:40:11.3632011Z   ...
2026-10-09T04:40:11.3632713Z # Subtest: helper parameter object destructuring prevents finite expansion
2026-10-09T04:40:11.3633825Z ok 21 - helper parameter object destructuring prevents finite expansion
2026-10-09T04:40:11.3634518Z   ---
2026-10-09T04:40:11.3634971Z   duration_ms: 1.94085
2026-10-09T04:40:11.3635462Z   type: 'test'
2026-10-09T04:40:11.3635998Z   ...
2026-10-09T04:40:11.3637019Z # Subtest: helper parameter renamed object destructuring prevents finite expansion
2026-10-09T04:40:11.3638265Z ok 22 - helper parameter renamed object destructuring prevents finite expansion
2026-10-09T04:40:11.3639064Z   ---
2026-10-09T04:40:11.3639743Z   duration_ms: 1.587025
2026-10-09T04:40:11.3640212Z   type: 'test'
2026-10-09T04:40:11.3640907Z   ...
2026-10-09T04:40:11.3641717Z # Subtest: helper parameter nested destructuring prevents finite expansion
2026-10-09T04:40:11.3642791Z ok 23 - helper parameter nested destructuring prevents finite expansion
2026-10-09T04:40:11.3643405Z   ---
2026-10-09T04:40:11.3643747Z   duration_ms: 1.788025
2026-10-09T04:40:11.3644105Z   type: 'test'
2026-10-09T04:40:11.3644839Z   ...
2026-10-09T04:40:11.3645394Z # Subtest: helper parameter loop target prevents finite expansion
2026-10-09T04:40:11.3646351Z ok 24 - helper parameter loop target prevents finite expansion
2026-10-09T04:40:11.3646948Z   ---
2026-10-09T04:40:11.3647388Z   duration_ms: 1.697289
2026-10-09T04:40:11.3647760Z   type: 'test'
2026-10-09T04:40:11.3648099Z   ...
2026-10-09T04:40:11.3648627Z # Subtest: helper parameter direct eval prevents finite expansion
2026-10-09T04:40:11.3649405Z ok 25 - helper parameter direct eval prevents finite expansion
2026-10-09T04:40:11.3649892Z   ---
2026-10-09T04:40:11.3650218Z   duration_ms: 1.708757
2026-10-09T04:40:11.3650579Z   type: 'test'
2026-10-09T04:40:11.3650887Z   ...
2026-10-09T04:40:11.3651556Z # Subtest: writes to a shadowed parameter do not invalidate immutable helper parameter
2026-10-09T04:40:11.3652521Z ok 26 - writes to a shadowed parameter do not invalidate immutable helper parameter
2026-10-09T04:40:11.3653097Z   ---
2026-10-09T04:40:11.3653432Z   duration_ms: 1.884258
2026-10-09T04:40:11.3653782Z   type: 'test'
2026-10-09T04:40:11.3654081Z   ...
2026-10-09T04:40:11.3654710Z # Subtest: explicit undefined remains unresolved rather than assuming its binding
2026-10-09T04:40:11.3655730Z ok 27 - explicit undefined remains unresolved rather than assuming its binding
2026-10-09T04:40:11.3656318Z   ---
2026-10-09T04:40:11.3656636Z   duration_ms: 1.744899
2026-10-09T04:40:11.3657239Z   type: 'test'
2026-10-09T04:40:11.3657534Z   ...
2026-10-09T04:40:11.3688780Z # Subtest: review repair: abort-ignore fault is limited to the two late-response scenarios
2026-10-09T04:40:11.3689898Z ok 28 - review repair: abort-ignore fault is limited to the two late-response scenarios
2026-10-09T04:40:11.3701534Z   ---
2026-10-09T04:40:11.3701895Z   duration_ms: 0.83147
2026-10-09T04:40:11.3702275Z   type: 'test'
2026-10-09T04:40:11.3702565Z   ...
2026-10-09T04:40:11.3703176Z # Subtest: review repair: late reply must be HTTP 200 and finish with null, not an Error
2026-10-09T04:40:11.3704101Z ok 29 - review repair: late reply must be HTTP 200 and finish with null, not an Error
2026-10-09T04:40:11.3704757Z   ---
2026-10-09T04:40:11.3705086Z   duration_ms: 2.770968
2026-10-09T04:40:11.3705444Z   type: 'test'
2026-10-09T04:40:11.3705967Z   ...
2026-10-09T04:40:11.3706579Z # Subtest: driver import is dependency-free and scenario worklist is explicit
2026-10-09T04:40:11.3707427Z ok 30 - driver import is dependency-free and scenario worklist is explicit
2026-10-09T04:40:11.3707960Z   ---
2026-10-09T04:40:11.3708270Z   duration_ms: 0.486291
2026-10-09T04:40:11.3708603Z   type: 'test'
2026-10-09T04:40:11.3708890Z   ...
2026-10-09T04:40:11.3709495Z # Subtest: loopback origin rejects credential, public, path/query and non-http scopes
2026-10-09T04:40:11.3710367Z ok 31 - loopback origin rejects credential, public, path/query and non-http scopes
2026-10-09T04:40:11.3710881Z   ---
2026-10-09T04:40:11.3711172Z   duration_ms: 0.38087
2026-10-09T04:40:11.3711511Z   type: 'test'
2026-10-09T04:40:11.3711790Z   ...
2026-10-09T04:40:11.3712379Z # Subtest: CLI has no implicit service launch, environment fixture or shipping mode
2026-10-09T04:40:11.3713189Z ok 32 - CLI has no implicit service launch, environment fixture or shipping mode
2026-10-09T04:40:11.3713687Z   ---
2026-10-09T04:40:11.3714090Z   duration_ms: 0.526993
2026-10-09T04:40:11.3714451Z   type: 'test'
2026-10-09T04:40:11.3714742Z   ...
2026-10-09T04:40:11.3715429Z # Subtest: synthetic NULL profile presence is not missing and false/zero are literal values
2026-10-09T04:40:11.3716625Z ok 33 - synthetic NULL profile presence is not missing and false/zero are literal values
2026-10-09T04:40:11.3717448Z   ---
2026-10-09T04:40:11.3717777Z   duration_ms: 0.568879
2026-10-09T04:40:11.3718119Z   type: 'test'
2026-10-09T04:40:11.3718413Z   ...
2026-10-09T04:40:11.3719022Z # Subtest: fixtures are fresh values and contain only synthetic closed inspection keys
2026-10-09T04:40:11.3719915Z ok 34 - fixtures are fresh values and contain only synthetic closed inspection keys
2026-10-09T04:40:11.3720456Z   ---
2026-10-09T04:40:11.3720773Z   duration_ms: 0.298139
2026-10-09T04:40:11.3721100Z   type: 'test'
2026-10-09T04:40:11.3721380Z   ...
2026-10-09T04:40:11.3722013Z # Subtest: safe events preserve field names but discard token, body, raw exception and PII
2026-10-09T04:40:11.3722870Z ok 35 - safe events preserve field names but discard token, body, raw exception and PII
2026-10-09T04:40:11.3723437Z   ---
2026-10-09T04:40:11.3723726Z   duration_ms: 0.321656
2026-10-09T04:40:11.3724070Z   type: 'test'
2026-10-09T04:40:11.3724346Z   ...
2026-10-09T04:40:11.3725038Z # Subtest: artifact qualification requires cold production output and reports bounded source drift
2026-10-09T04:40:11.3726209Z ok 36 - artifact qualification requires cold production output and reports bounded source drift
2026-10-09T04:40:11.3726832Z   ---
2026-10-09T04:40:11.3727136Z   duration_ms: 9.61978
2026-10-09T04:40:11.3727509Z   type: 'test'
2026-10-09T04:40:11.3727838Z   ...
2026-10-09T04:40:11.7978195Z # Subtest: literal catalog calls include single/double quote and static template
2026-10-09T04:40:11.7979411Z ok 37 - literal catalog calls include single/double quote and static template
2026-10-09T04:40:11.7980145Z   ---
2026-10-09T04:40:11.7980647Z   duration_ms: 28.064628
2026-10-09T04:40:11.7981235Z   type: 'test'
2026-10-09T04:40:11.7981688Z   ...
2026-10-09T04:40:11.7982331Z # Subtest: comments and string examples are not calls
2026-10-09T04:40:11.7983503Z ok 38 - comments and string examples are not calls
2026-10-09T04:40:11.7984097Z   ---
2026-10-09T04:40:11.7984573Z   duration_ms: 4.131278
2026-10-09T04:40:11.7985113Z   type: 'test'
2026-10-09T04:40:11.7985530Z   ...
2026-10-09T04:40:11.7986292Z # Subtest: decoded escape sequences keep key identity
2026-10-09T04:40:11.7987113Z ok 39 - decoded escape sequences keep key identity
2026-10-09T04:40:11.7987606Z   ---
2026-10-09T04:40:11.7988068Z   duration_ms: 2.244157
2026-10-09T04:40:11.7999299Z   type: 'test'
2026-10-09T04:40:11.7999784Z   ...
2026-10-09T04:40:11.8000451Z # Subtest: computed calls reported rather than called checked
2026-10-09T04:40:11.8001324Z ok 40 - computed calls reported rather than called checked
2026-10-09T04:40:11.8001925Z   ---
2026-10-09T04:40:11.8002395Z   duration_ms: 2.38325
2026-10-09T04:40:11.8002873Z   type: 'test'
2026-10-09T04:40:11.8003292Z   ...
2026-10-09T04:40:11.8004013Z # Subtest: useText is identified by local binding, not a file-wide bypass
2026-10-09T04:40:11.8005016Z ok 41 - useText is identified by local binding, not a file-wide bypass
2026-10-09T04:40:11.8005778Z   ---
2026-10-09T04:40:11.8006366Z   duration_ms: 9.092001
2026-10-09T04:40:11.8006752Z   type: 'test'
2026-10-09T04:40:11.8007035Z   ...
2026-10-09T04:40:11.8007400Z # Subtest: aliased hooks and catalog function are checked
2026-10-09T04:40:11.8007831Z ok 42 - aliased hooks and catalog function are checked
2026-10-09T04:40:11.8008123Z   ---
2026-10-09T04:40:11.8008364Z   duration_ms: 2.621242
2026-10-09T04:40:11.8008610Z   type: 'test'
2026-10-09T04:40:11.8008822Z   ...
2026-10-09T04:40:11.8016571Z # Subtest: a fake useText import cannot disable checks
2026-10-09T04:40:11.8017285Z ok 43 - a fake useText import cannot disable checks
2026-10-09T04:40:11.8017922Z   ---
2026-10-09T04:40:11.8018404Z   duration_ms: 3.276103
2026-10-09T04:40:11.8018896Z   type: 'test'
2026-10-09T04:40:11.8019317Z   ...
2026-10-09T04:40:11.8019962Z # Subtest: object t and nested TSX expressions are scanned
2026-10-09T04:40:11.8020792Z ok 44 - object t and nested TSX expressions are scanned
2026-10-09T04:40:11.8045785Z   ---
2026-10-09T04:40:11.8049145Z   duration_ms: 6.128484
2026-10-09T04:40:11.8049862Z   type: 'test'
2026-10-09T04:40:11.8050245Z   ...
2026-10-09T04:40:11.8050870Z # Subtest: typed bilingual callbacks are distinct from catalog callbacks
2026-10-09T04:40:11.8051643Z ok 45 - typed bilingual callbacks are distinct from catalog callbacks
2026-10-09T04:40:11.8052093Z   ---
2026-10-09T04:40:11.8052530Z   duration_ms: 9.960198
2026-10-09T04:40:11.8052927Z   type: 'test'
2026-10-09T04:40:11.8053288Z   ...
2026-10-09T04:40:11.8053741Z # Subtest: syntax errors fail the scanner
2026-10-09T04:40:11.8054244Z ok 46 - syntax errors fail the scanner
2026-10-09T04:40:11.8054692Z   ---
2026-10-09T04:40:11.8055155Z   duration_ms: 2.213989
2026-10-09T04:40:11.8055738Z   type: 'test'
2026-10-09T04:40:11.8056028Z   ...
2026-10-09T04:40:11.8056369Z # Subtest: empty source list fails
2026-10-09T04:40:11.8056815Z ok 47 - empty source list fails
2026-10-09T04:40:11.8057065Z   ---
2026-10-09T04:40:11.8057294Z   duration_ms: 0.181303
2026-10-09T04:40:11.8057536Z   type: 'test'
2026-10-09T04:40:11.8057748Z   ...
2026-10-09T04:40:11.8058631Z # Subtest: Python and AST integration: valid source
2026-10-09T04:40:11.8061251Z ok 48 - Python and AST integration: valid source
2026-10-09T04:40:11.8061753Z   ---
2026-10-09T04:40:11.8062149Z   duration_ms: 249.832988
2026-10-09T04:40:11.8062556Z   type: 'test'
2026-10-09T04:40:11.8062906Z   ...
2026-10-09T04:40:11.8063464Z # Subtest: Python and AST integration: missing key in features
2026-10-09T04:40:11.8064222Z ok 49 - Python and AST integration: missing key in features
2026-10-09T04:40:11.8064671Z   ---
2026-10-09T04:40:11.8064986Z   duration_ms: 235.430949
2026-10-09T04:40:11.8065329Z   type: 'test'
2026-10-09T04:40:11.8065785Z   ...
2026-10-09T04:40:11.8160902Z 1..49
2026-10-09T04:40:11.8161264Z # tests 49
2026-10-09T04:40:11.8161557Z # suites 0
2026-10-09T04:40:11.8162152Z # pass 49
2026-10-09T04:40:11.8162477Z # fail 0
2026-10-09T04:40:11.8162758Z # cancelled 0
2026-10-09T04:40:11.8163058Z # skipped 0
2026-10-09T04:40:11.8166349Z # todo 0
2026-10-09T04:40:11.8176625Z # duration_ms 841.23529
2026-10-09T04:40:12.6110183Z API client inventory PASS: 136 branches, 7 explicit transport forwarders
2026-10-09T04:40:13.7572119Z i18n check PASS: {"catalog_keys": 1370, "dynamic_calls": 33, "inline_calls": 600, "literal_keys": 663, "source_files": 138}
2026-10-09T04:40:13.7804354Z ##[group]Run npm audit --json > /tmp/tabmail-npm-audit.json || test -s /tmp/tabmail-npm-audit.json
2026-10-09T04:40:13.7805014Z [36;1mnpm audit --json > /tmp/tabmail-npm-audit.json || test -s /tmp/tabmail-npm-audit.json[0m
2026-10-09T04:40:13.7844173Z shell: /usr/bin/bash -e {0}
2026-10-09T04:40:13.7844476Z ##[endgroup]
2026-10-09T04:40:14.7688742Z ##[group]Run actions/upload-artifact@v4
2026-10-09T04:40:14.7689046Z with:
2026-10-09T04:40:14.7689267Z   name: dependency-audit
2026-10-09T04:40:14.7689543Z   path: /tmp/tabmail-npm-audit.json
2026-10-09T04:40:14.7689823Z   retention-days: 14
2026-10-09T04:40:14.7690063Z   if-no-files-found: warn
2026-10-09T04:40:14.7690307Z   compression-level: 6
2026-10-09T04:40:14.7690541Z   overwrite: false
2026-10-09T04:40:14.7690773Z   include-hidden-files: false
2026-10-09T04:40:14.7691028Z ##[endgroup]
2026-10-09T04:40:14.9393330Z (node:18418) [DEP0040] DeprecationWarning: The `punycode` module is deprecated. Please use a userland alternative instead.
2026-10-09T04:40:14.9394081Z (Use `node --trace-deprecation ...` to show where the warning was created)
2026-10-09T04:40:14.9434164Z With the provided path, there will be 1 file uploaded
2026-10-09T04:40:14.9438846Z Artifact name is valid!
2026-10-09T04:40:14.9439523Z Root directory input is valid!
2026-10-09T04:40:15.3012791Z Beginning upload of artifact content to blob storage
2026-10-09T04:40:15.3171296Z (node:18418) [DEP0169] DeprecationWarning: `url.parse()` behavior is not standardized and prone to errors that have security implications. Use the WHATWG URL API instead. CVEs are not issued for `url.parse()` vulnerabilities.
2026-10-09T04:40:15.5225276Z Uploaded bytes 1064
2026-10-09T04:40:15.5801504Z Finished uploading artifact content to blob storage!
2026-10-09T04:40:15.5802398Z SHA256 digest of uploaded artifact zip is 081fa9c1ae14cc077447029cbed755b5ccc5bd227ba1f4f4de7779131b7217d2
2026-10-09T04:40:15.5804306Z Finalizing artifact upload
2026-10-09T04:40:15.8195827Z Artifact dependency-audit.zip successfully finalized. Artifact ID 11595932341
2026-10-09T04:40:15.8196997Z Artifact dependency-audit has been successfully uploaded! Final size is 1064 bytes. Artifact ID is 11595932341
2026-10-09T04:40:15.8202645Z Artifact download URL: https://github.com/jyqj/tabmail/actions/runs/37884386030/artifacts/11595932341
2026-10-09T04:40:15.8663963Z ##[group]Run node -e 'const d=require("/tmp/tabmail-npm-audit.json"); if(!d.metadata?.vulnerabilities || d.error || d.metadata.vulnerabilities.total !== 0) throw new Error("dependency audit missing, failed or contains vulnerabilities");'
2026-10-09T04:40:15.8665331Z [36;1mnode -e 'const d=require("/tmp/tabmail-npm-audit.json"); if(!d.metadata?.vulnerabilities || d.error || d.metadata.vulnerabilities.total !== 0) throw new Error("dependency audit missing, failed or contains vulnerabilities");'[0m
2026-10-09T04:40:15.8705577Z shell: /usr/bin/bash -e {0}
2026-10-09T04:40:15.8705995Z ##[endgroup]
2026-10-09T04:40:15.8993707Z [eval]:1
2026-10-09T04:40:15.8996464Z const d=require("/tmp/tabmail-npm-audit.json"); if(!d.metadata?.vulnerabilities || d.error || d.metadata.vulnerabilities.total !== 0) throw new Error("dependency audit missing, failed or contains vulnerabilities");
2026-10-09T04:40:15.9000790Z                                                                                                                                       ^
2026-10-09T04:40:15.9001215Z 
2026-10-09T04:40:15.9002144Z Error: dependency audit missing, failed or contains vulnerabilities
2026-10-09T04:40:15.9002970Z     at [eval]:1:141
2026-10-09T04:40:15.9003502Z     at runScriptInThisContext (node:internal/vm:209:10)
2026-10-09T04:40:15.9004114Z     at node:internal/process/execution:446:12
2026-10-09T04:40:15.9004590Z     at [eval]-wrapper:6:24
2026-10-09T04:40:15.9005208Z     at runScriptInContext (node:internal/process/execution:444:60)
2026-10-09T04:40:15.9006049Z     at evalFunction (node:internal/process/execution:279:30)
2026-10-09T04:40:15.9006768Z     at evalTypeScript (node:internal/process/execution:291:3)
2026-10-09T04:40:15.9007383Z     at node:internal/main/eval_string:74:3
2026-10-09T04:40:15.9007673Z 
2026-10-09T04:40:15.9007817Z Node.js v22.23.3
2026-10-09T04:40:15.9026454Z ##[error]Process completed with exit code 1.
2026-10-09T04:40:15.9244602Z ##[group]Run npx tsc --noEmit
2026-10-09T04:40:15.9244911Z [36;1mnpx tsc --noEmit[0m
2026-10-09T04:40:15.9277664Z shell: /usr/bin/bash -e {0}
2026-10-09T04:40:15.9277959Z ##[endgroup]
2026-10-09T04:40:25.1798300Z ##[group]Run npm test -- --reporter=default --reporter=json --outputFile=../frontend-vitest.json
2026-10-09T04:40:25.1798959Z [36;1mnpm test -- --reporter=default --reporter=json --outputFile=../frontend-vitest.json[0m
2026-10-09T04:40:25.1837660Z shell: /usr/bin/bash -e {0}
2026-10-09T04:40:25.1837955Z ##[endgroup]
2026-10-09T04:40:25.2755844Z 
2026-10-09T04:40:25.2756577Z > web@0.1.0 test
2026-10-09T04:40:25.2757218Z > vitest run --reporter=default --reporter=json --outputFile=../frontend-vitest.json
2026-10-09T04:40:25.2757555Z 
2026-10-09T04:40:25.5382235Z [33m(!) Your Vite config uses features that are unsupported by `configLoader: 'native'`, which is planned to become the default in a future major version of Vite:
2026-10-09T04:40:25.5384491Z   - ESM syntax in a file loaded as CommonJS (vitest.config.ts:1:1). Use a `.mjs` extension or set `"type": "module"` in the closest package.json
2026-10-09T04:40:25.5386525Z Set `VITE_CONFIG_NATIVE_IGNORE_WARNING=true` to suppress this warning.[39m
2026-10-09T04:40:25.5680524Z 
2026-10-09T04:40:25.5681933Z [1m[30m[46m RUN [49m[39m[22m [36mv4.1.11 [39m[90m/home/runner/work/tabmail/tabmail/web[39m
2026-10-09T04:40:25.5682302Z 
2026-10-09T04:40:37.6468466Z  [32m✓[39m features/mail/workspace-list-state.test.tsx [2m([22m[2m80 tests[22m[2m)[22m[33m 10077[2mms[22m[39m
2026-10-09T04:40:43.3264944Z  [32m✓[39m features/company/profile-management.consumer.test.tsx [2m([22m[2m29 tests[22m[2m)[22m[33m 14346[2mms[22m[39m
2026-10-09T04:40:43.3287690Z      [33m[2m✓[22m[39m sends observed decimal revision, explicit false and zero in fields [33m 1228[2mms[22m[39m
2026-10-09T04:40:43.3289849Z      [33m[2m✓[22m[39m rebases quota intent so choosing original 10 after reviewing remote 20 is transmitted [33m 845[2mms[22m[39m
2026-10-09T04:40:43.3292007Z      [33m[2m✓[22m[39m keeps draft on conflict, blocks blind retry and requires manual revision refresh [33m 774[2mms[22m[39m
2026-10-09T04:40:43.3294563Z      [33m[2m✓[22m[39m opening and saving without field changes preserves raw NULL and sends no command [33m 311[2mms[22m[39m
2026-10-09T04:40:43.3298426Z      [33m[2m✓[22m[39m preserves NULL zone storage when changing only description [33m 346[2mms[22m[39m
2026-10-09T04:40:43.3300584Z      [33m[2m✓[22m[39m an incomplete observed profile cannot enable a write using default UI values [33m 336[2mms[22m[39m
2026-10-09T04:40:43.3322162Z      [33m[2m✓[22m[39m does not restore untouched revoked fields after conflict refresh [33m 707[2mms[22m[39m
2026-10-09T04:40:43.3324178Z      [33m[2m✓[22m[39m blocks saves after a failed revision refresh even with a formerly valid revision [33m 487[2mms[22m[39m
2026-10-09T04:40:43.3326233Z      [33m[2m✓[22m[39m reports 401 denial and blocks later submissions in this session [33m 339[2mms[22m[39m
2026-10-09T04:40:43.3332066Z      [33m[2m✓[22m[39m reports 403 denial and blocks later submissions in this session [33m 463[2mms[22m[39m
2026-10-09T04:40:43.3338219Z      [33m[2m✓[22m[39m does not manufacture a missing legacy revision or permit unsafe quotas [33m 530[2mms[22m[39m
2026-10-09T04:40:43.3340650Z      [33m[2m✓[22m[39m shows effective before/after and requires explicit revision-bound deletion confirmation [33m 352[2mms[22m[39m
2026-10-09T04:40:43.3342605Z      [33m[2m✓[22m[39m invalidates stale deletion preview and never automatically replays DELETE [33m 463[2mms[22m[39m
2026-10-09T04:40:43.3347017Z      [33m[2m✓[22m[39m ignores old-session edit resolve without clearing a new write lock [33m 816[2mms[22m[39m
2026-10-09T04:40:43.3351744Z      [33m[2m✓[22m[39m ignores old-session edit reject without clearing a new write lock [33m 815[2mms[22m[39m
2026-10-09T04:40:43.3353578Z      [33m[2m✓[22m[39m ignores old-session DELETE resolve without clearing new preview/confirmation [33m 750[2mms[22m[39m
2026-10-09T04:40:43.3355952Z      [33m[2m✓[22m[39m ignores old-session DELETE reject without clearing new preview/confirmation [33m 633[2mms[22m[39m
2026-10-09T04:40:43.3357910Z      [33m[2m✓[22m[39m ignores old-session create resolve without clearing new draft/busy state [33m 630[2mms[22m[39m
2026-10-09T04:40:43.3359676Z      [33m[2m✓[22m[39m ignores old-session create reject without clearing new draft/busy state [33m 583[2mms[22m[39m
2026-10-09T04:40:43.3361494Z      [33m[2m✓[22m[39m ignores an old-session revision refresh rejection without unlocking a newer refresh [33m 775[2mms[22m[39m
2026-10-09T04:40:43.3363424Z      [33m[2m✓[22m[39m platform admin edits a global profile using its observed revision without changing scope [33m 434[2mms[22m[39m
2026-10-09T04:40:43.3365426Z      [33m[2m✓[22m[39m rejects malformed or non-string observed profile revision "9223372036854775808" [33m 345[2mms[22m[39m
2026-10-09T04:40:43.3377385Z      [33m[2m✓[22m[39m rejects malformed or non-string observed profile revision 9 [33m 390[2mms[22m[39m
2026-10-09T04:40:44.7028171Z  [32m✓[39m components/company/templates/editor-save-ownership.test.tsx [2m([22m[2m32 tests[22m[2m)[22m[33m 5747[2mms[22m[39m
2026-10-09T04:40:44.7033157Z    [33m[2m✓[22m[39m saves once, accepts server normalization and uses the returned revision on the next save [33m 559[2mms[22m[39m
2026-10-09T04:40:44.7034740Z    [33m[2m✓[22m[39m does not overwrite the same-again editor with an obsolete save response [33m 305[2mms[22m[39m
2026-10-09T04:40:45.4625919Z  [32m✓[39m features/company/permission-editor.consumer.test.tsx [2m([22m[2m22 tests[22m[2m)[22m[33m 16431[2mms[22m[39m
2026-10-09T04:40:45.4628339Z      [33m[2m✓[22m[39m formal assignment capability enables a versioned profile selector without immediately mutating permissions [33m 1568[2mms[22m[39m
2026-10-09T04:40:45.4630584Z      [33m[2m✓[22m[39m assignment submits the observed target profile revision and dirty overrides in one atomic POST [33m 1010[2mms[22m[39m
2026-10-09T04:40:45.4632563Z      [33m[2m✓[22m[39m unassignment sends an explicit NULL profile identity/version pair with an empty override patch [33m 987[2mms[22m[39m
2026-10-09T04:40:45.4634545Z      [33m[2m✓[22m[39m assignment conflict preserves the staged profile and dirty quota but prohibits automatic replays [33m 1482[2mms[22m[39m
2026-10-09T04:40:45.4636657Z      [33m[2m✓[22m[39m an old assignment response cannot overwrite a newly opened user's profile or overrides [33m 1545[2mms[22m[39m
2026-10-09T04:40:45.4638384Z      [33m[2m✓[22m[39m loads the real Go inherited raw NULL slice instead of staying disabled behind a validation error [33m 631[2mms[22m[39m
2026-10-09T04:40:45.4640041Z      [33m[2m✓[22m[39m accepts a clear/reset response containing Go inherited zone_ids NULL and can continue editing [33m 630[2mms[22m[39m
2026-10-09T04:40:45.4641514Z      [33m[2m✓[22m[39m incomplete effective {} never enables a consumer write [33m 382[2mms[22m[39m
2026-10-09T04:40:45.4643164Z      [33m[2m✓[22m[39m loads raw false/zero/null separately from effective and patches only the dirty quota [33m 560[2mms[22m[39m
2026-10-09T04:40:45.4645144Z      [33m[2m✓[22m[39m clearing an existing numeric override sends explicit null rather than omission [33m 623[2mms[22m[39m
2026-10-09T04:40:45.4647013Z      [33m[2m✓[22m[39m setting an inherited quota to zero sends explicit zero, even when unlimited is the effective value [33m 556[2mms[22m[39m
2026-10-09T04:40:45.4648938Z      [33m[2m✓[22m[39m preserves dirty edits on conflict and never automatically replays or falls back to PUT [33m 651[2mms[22m[39m
2026-10-09T04:40:45.4650818Z      [33m[2m✓[22m[39m reload after conflict explicitly discards draft and uses the fresh observed revision [33m 896[2mms[22m[39m
2026-10-09T04:40:45.4652632Z      [33m[2m✓[22m[39m domain All preserves empty-zone mode instead of treating all empty arrays alike [33m 551[2mms[22m[39m
2026-10-09T04:40:45.4654841Z      [33m[2m✓[22m[39m domain No domains allowed preserves empty-zone mode instead of treating all empty arrays alike [33m 598[2mms[22m[39m
2026-10-09T04:40:45.4657345Z      [33m[2m✓[22m[39m domain Inherit: Allowed Domain Scope preserves empty-zone mode instead of treating all empty arrays alike [33m 594[2mms[22m[39m
2026-10-09T04:40:45.4659305Z      [33m[2m✓[22m[39m unchecking the last allowed zone sends none, never the legacy empty-array allow-all [33m 640[2mms[22m[39m
2026-10-09T04:40:45.4661161Z      [33m[2m✓[22m[39m disables mutations for capability false without pretending the edit succeeded [33m 430[2mms[22m[39m
2026-10-09T04:40:45.4662917Z      [33m[2m✓[22m[39m reset is one revision-bound explicit inherit patch, not legacy DELETE [33m 519[2mms[22m[39m
2026-10-09T04:40:45.4664720Z      [33m[2m✓[22m[39m a failed snapshot never uses effective-only legacy data to enable an unsafe save [33m 400[2mms[22m[39m
2026-10-09T04:40:45.4666528Z      [33m[2m✓[22m[39m discards an older target snapshot that resolves after switching users [33m 894[2mms[22m[39m
2026-10-09T04:40:49.7093491Z  [32m✓[39m features/company/outbound-inspection.consumer.test.tsx [2m([22m[2m36 tests[22m[2m)[22m[33m 3600[2mms[22m[39m
2026-10-09T04:40:49.7097308Z      [33m[2m✓[22m[39m renders the safe recipient class/code and next-hop acceptance, not a raw diagnostic [33m 345[2mms[22m[39m
2026-10-09T04:40:52.3393222Z  [32m✓[39m features/company/company-event-consumer.test.tsx [2m([22m[2m14 tests[22m[2m)[22m[33m 6045[2mms[22m[39m
2026-10-09T04:40:52.3399709Z      [33m[2m✓[22m[39m mounted EOF reconnect re-reads overview then authoritative resource without rebasing draft [33m 1078[2mms[22m[39m
2026-10-09T04:40:52.3401736Z      [33m[2m✓[22m[39m refresh endpoint final failure stops the original scope and clears its private draft [33m 585[2mms[22m[39m
2026-10-09T04:40:52.3427248Z      [33m[2m✓[22m[39m refresh endpoint success preserves stable identity and dirty draft through actual stream retry [33m 504[2mms[22m[39m
2026-10-09T04:40:52.3428909Z      [33m[2m✓[22m[39m re-reads authoritative profiles on duplicate events without rebasing a dirty CAS form [33m 435[2mms[22m[39m
2026-10-09T04:40:52.3430334Z      [33m[2m✓[22m[39m strictly ignores wrong-tenant, unknown and permission-bearing payloads [33m 415[2mms[22m[39m
2026-10-09T04:40:52.3431895Z      [33m[2m✓[22m[39m periodic tenant-bound resync invalidates deletion confirmation without automatic DELETE [33m 342[2mms[22m[39m
2026-10-09T04:40:52.3433482Z      [33m[2m✓[22m[39m same-principal token rotation keeps the stream and dirty draft [33m 449[2mms[22m[39m
2026-10-09T04:40:52.3435038Z      [33m[2m✓[22m[39m a current role downgrade aborts the prior stream and clears the old private draft [33m 463[2mms[22m[39m
2026-10-09T04:40:52.3436791Z      [33m[2m✓[22m[39m authoritative read revocation aborts the live stream and closes private draft UI [33m 421[2mms[22m[39m
2026-10-09T04:40:52.3438260Z      [33m[2m✓[22m[39m old-session late 403 cannot evict a new tenant or its draft [33m 368[2mms[22m[39m
2026-10-09T04:40:52.3440275Z      [33m[2m✓[22m[39m real permission editor preserves dirty intent but requires explicit reload after an event [33m 671[2mms[22m[39m
2026-10-09T04:40:54.1756479Z  [32m✓[39m features/company/domain-settings-conflict.test.tsx [2m([22m[2m35 tests[22m[2m)[22m[33m 7196[2mms[22m[39m
2026-10-09T04:40:54.1788151Z      [33m[2m✓[22m[39m saves all company settings with the observed revision and adopts the acknowledged result [33m 613[2mms[22m[39m
2026-10-09T04:40:54.1877593Z      [33m[2m✓[22m[39m keeps an A → B → A policy intent entered during an explicit review locked for another review [33m 312[2mms[22m[39m
2026-10-09T04:40:55.4442842Z  [32m✓[39m lib/api/permission-editor.serializer.test.ts [2m([22m[2m69 tests[22m[2m)[22m[32m 64[2mms[22m[39m
2026-10-09T04:40:58.5107774Z  [32m✓[39m components/company/templates/version-revoke-editor.test.tsx [2m([22m[2m28 tests[22m[2m)[22m[33m 7449[2mms[22m[39m
2026-10-09T04:40:58.5109714Z      [33m[2m✓[22m[39m keeps malformed missing readback blocked and recovers by GET only [33m 730[2mms[22m[39m
2026-10-09T04:40:58.5137337Z      [33m[2m✓[22m[39m keeps malformed negative readback blocked and recovers by GET only [33m 345[2mms[22m[39m
2026-10-09T04:40:58.5138553Z      [33m[2m✓[22m[39m keeps malformed fractional readback blocked and recovers by GET only [33m 348[2mms[22m[39m
2026-10-09T04:40:58.5139775Z      [33m[2m✓[22m[39m preserves edits after post-revocation read 403 and retries only the authoritative GET [33m 320[2mms[22m[39m
2026-10-09T04:40:58.5140966Z      [33m[2m✓[22m[39m preserves edits after post-revocation read 503 and retries only the authoritative GET [33m 372[2mms[22m[39m
2026-10-09T04:41:00.3830288Z  [32m✓[39m features/mail/workspace-live-content-refresh.test.tsx [2m([22m[2m42 tests[22m[2m)[22m[33m 6540[2mms[22m[39m
2026-10-09T04:41:00.3858055Z      [33m[2m✓[22m[39m manual refresh reauthorizes body and then attachments without remount or cache retention [33m 395[2mms[22m[39m
2026-10-09T04:41:00.3887395Z      [33m[2m✓[22m[39m an observed revoked receipt removes pending private content; regrant never opens it [33m 311[2mms[22m[39m
2026-10-09T04:41:00.3889018Z      [33m[2m✓[22m[39m an observed purged receipt removes pending private content; regrant never opens it [33m 321[2mms[22m[39m
2026-10-09T04:41:02.5608906Z  [32m✓[39m components/company/compose-send-lifecycle.test.tsx [2m([22m[2m24 tests[22m[2m)[22m[33m 2708[2mms[22m[39m
2026-10-09T04:41:02.5621290Z      [33m[2m✓[22m[39m does not submit a saved draft when navigation unmounts it during save [33m 346[2mms[22m[39m
2026-10-09T04:41:03.0014996Z  [32m✓[39m app/(dashboard)/admin/tenants/api-keys-requests.test.tsx [2m([22m[2m23 tests[22m[2m)[22m[33m 4788[2mms[22m[39m
2026-10-09T04:41:03.0038530Z      [33m[2m✓[22m[39m lists the selected tenant and creates with the existing read-only defaults [33m 525[2mms[22m[39m
2026-10-09T04:41:03.8127255Z  [32m✓[39m features/mail/draft-writer-snapshot.test.ts [2m([22m[2m41 tests[22m[2m)[22m[32m 63[2mms[22m[39m
2026-10-09T04:41:03.9537945Z  [32m✓[39m components/company/compose-sender-ownership.test.tsx [2m([22m[2m21 tests[22m[2m)[22m[33m 2239[2mms[22m[39m
2026-10-09T04:41:03.9567972Z      [33m[2m✓[22m[39m does not display another From identity after Revoke sender and preserves edits through an explicit switch [33m 473[2mms[22m[39m
2026-10-09T04:41:05.0777521Z  [32m✓[39m features/mail/components/receipt-consumer.test.tsx [2m([22m[2m19 tests[22m[2m)[22m[33m 644[2mms[22m[39m
2026-10-09T04:41:07.0059873Z  [32m✓[39m components/company/send-policy-review.test.tsx [2m([22m[2m25 tests[22m[2m)[22m[33m 1748[2mms[22m[39m
2026-10-09T04:41:07.0061896Z      [33m[2m✓[22m[39m preserves the normal selected-policy write and authoritative parent refresh [33m 320[2mms[22m[39m
2026-10-09T04:41:11.1126320Z  [32m✓[39m features/company/employee-invitation-lifecycle.test.tsx [2m([22m[2m22 tests[22m[2m)[22m[33m 2715[2mms[22m[39m
2026-10-09T04:41:11.1129634Z      [33m[2m✓[22m[39m shows the one-time result with its exact recipient and clears only the submitted draft [33m 445[2mms[22m[39m
2026-10-09T04:41:14.8937931Z  [32m✓[39m components/company/templates/library-load-state.test.tsx [2m([22m[2m20 tests[22m[2m)[22m[33m 2445[2mms[22m[39m
2026-10-09T04:41:14.8957821Z    [33m[2m✓[22m[39m announces an initial library read without claiming that no templates exist [33m 323[2mms[22m[39m
2026-10-09T04:41:17.9170634Z  [32m✓[39m components/company/domains-ownership.test.tsx [2m([22m[2m26 tests[22m[2m)[22m[33m 1818[2mms[22m[39m
2026-10-09T04:41:22.8341662Z  [32m✓[39m components/company/compose-recipient-reload.test.tsx [2m([22m[2m17 tests[22m[2m)[22m[33m 3671[2mms[22m[39m
2026-10-09T04:41:22.8343578Z      [33m[2m✓[22m[39m replaces visible to and submits exactly the displayed server revision [33m 596[2mms[22m[39m
2026-10-09T04:41:24.7362617Z  [32m✓[39m app/(dashboard)/mail/page.test.tsx [2m([22m[2m11 tests[22m[2m)[22m[33m 760[2mms[22m[39m
2026-10-09T04:41:24.7364391Z      [33m[2m✓[22m[39m reveals the sent body and attachment download on demand [33m 339[2mms[22m[39m
2026-10-09T04:41:24.8684230Z  [32m✓[39m app/(dashboard)/admin/tenants/override-snapshot.test.tsx [2m([22m[2m43 tests[22m[2m)[22m[33m 16986[2mms[22m[39m
2026-10-09T04:41:24.8686332Z    [33m[2m✓[22m[39m loads the raw nullable snapshot independently of effective plan values [33m 1006[2mms[22m[39m
2026-10-09T04:41:24.8688188Z    [33m[2m✓[22m[39m an absent persisted override is seven explicit inheritance values, never effective defaults [33m 565[2mms[22m[39m
2026-10-09T04:41:24.8690150Z    [33m[2m✓[22m[39m editing only max_domains preserves every other nullable raw value in the replacement PATCH [33m 449[2mms[22m[39m
2026-10-09T04:41:24.8692049Z    [33m[2m✓[22m[39m editing only max_mailboxes_per_domain preserves every other nullable raw value in the replacement PATCH [33m 429[2mms[22m[39m
2026-10-09T04:41:24.8693785Z    [33m[2m✓[22m[39m editing only max_messages_per_mailbox preserves every other nullable raw value in the replacement PATCH [33m 352[2mms[22m[39m
2026-10-09T04:41:24.8695480Z    [33m[2m✓[22m[39m editing only max_message_bytes preserves every other nullable raw value in the replacement PATCH [33m 350[2mms[22m[39m
2026-10-09T04:41:24.8697617Z    [33m[2m✓[22m[39m editing only retention_hours preserves every other nullable raw value in the replacement PATCH [33m 358[2mms[22m[39m
2026-10-09T04:41:24.8699258Z    [33m[2m✓[22m[39m editing only rpm_limit preserves every other nullable raw value in the replacement PATCH [33m 388[2mms[22m[39m
2026-10-09T04:41:24.8700785Z    [33m[2m✓[22m[39m editing only daily_quota preserves every other nullable raw value in the replacement PATCH [33m 411[2mms[22m[39m
2026-10-09T04:41:24.8702326Z    [33m[2m✓[22m[39m preserves explicit clear, zero, signed integer and large finite retention commands [33m 394[2mms[22m[39m
2026-10-09T04:41:24.8703919Z    [33m[2m✓[22m[39m blocks submission until the first raw read completes even when effective values are available [33m 304[2mms[22m[39m
2026-10-09T04:41:24.8739401Z    [33m[2m✓[22m[39m shows initial raw 500 failure and retries only the read [33m 372[2mms[22m[39m
2026-10-09T04:41:24.8767819Z    [33m[2m✓[22m[39m shows initial raw 403 failure and retries only the read [33m 396[2mms[22m[39m
2026-10-09T04:41:24.8787494Z    [33m[2m✓[22m[39m shows initial raw network failure and retries only the read [33m 334[2mms[22m[39m
2026-10-09T04:41:24.8789152Z    [33m[2m✓[22m[39m does not treat a malformed missing snapshot as authoritative inheritance [33m 329[2mms[22m[39m
2026-10-09T04:41:24.8790866Z    [33m[2m✓[22m[39m pristine fields follow raw background changes and preserve the refreshed whole snapshot [33m 317[2mms[22m[39m
2026-10-09T04:41:24.8792917Z    [33m[2m✓[22m[39m merges an explicit dirty field over a fresh snapshot without reversing untouched server changes [33m 408[2mms[22m[39m
2026-10-09T04:41:24.8817366Z    [33m[2m✓[22m[39m a reverted edit becomes pristine and follows a subsequent raw snapshot [33m 369[2mms[22m[39m
2026-10-09T04:41:24.8847069Z    [33m[2m✓[22m[39m a pending raw refresh blocks writes while retaining the current explicit draft [33m 386[2mms[22m[39m
2026-10-09T04:41:24.8877201Z    [33m[2m✓[22m[39m a failed background read blocks stale replacement, retains edits and recovers through retry [33m 396[2mms[22m[39m
2026-10-09T04:41:24.8907051Z    [33m[2m✓[22m[39m a PATCH 400 failure preserves all draft values and allows explicit retry [33m 306[2mms[22m[39m
2026-10-09T04:41:24.8908996Z    [33m[2m✓[22m[39m a PATCH 500 failure preserves all draft values and allows explicit retry [33m 318[2mms[22m[39m
2026-10-09T04:41:24.8936987Z    [33m[2m✓[22m[39m a PATCH network failure preserves all draft values and allows explicit retry [33m 384[2mms[22m[39m
2026-10-09T04:41:24.8988786Z    [33m[2m✓[22m[39m disables inputs and deduplicates saves while the replacement PATCH is pending [33m 347[2mms[22m[39m
2026-10-09T04:41:24.8997246Z    [33m[2m✓[22m[39m does not reclassify an acknowledged PATCH when its subsequent raw read fails [33m 420[2mms[22m[39m
2026-10-09T04:41:24.9027112Z    [33m[2m✓[22m[39m ignores a closed tenant A read success after tenant B is opened [33m 642[2mms[22m[39m
2026-10-09T04:41:24.9028603Z    [33m[2m✓[22m[39m ignores a closed tenant A read failure after tenant B is opened [33m 520[2mms[22m[39m
2026-10-09T04:41:24.9057039Z    [33m[2m✓[22m[39m treats tenant A to B to A as three separate read lifetimes [33m 709[2mms[22m[39m
2026-10-09T04:41:24.9067530Z    [33m[2m✓[22m[39m ignores a previous dialog's late PATCH success after the same tenant reopens [33m 629[2mms[22m[39m
2026-10-09T04:41:24.9069233Z    [33m[2m✓[22m[39m ignores a previous dialog's late PATCH failure after the same tenant reopens [33m 507[2mms[22m[39m
2026-10-09T04:41:24.9072831Z    [33m[2m✓[22m[39m retires the dialog and synchronous old save callback on account replacement [33m 305[2mms[22m[39m
2026-10-09T04:41:24.9074619Z    [33m[2m✓[22m[39m retires the dialog and synchronous old save callback on tenant replacement [33m 329[2mms[22m[39m
2026-10-09T04:41:24.9076420Z    [33m[2m✓[22m[39m retires the dialog and synchronous old save callback on role replacement [33m 353[2mms[22m[39m
2026-10-09T04:41:24.9077992Z    [33m[2m✓[22m[39m ignores a late write after the session returns to the original account [33m 328[2mms[22m[39m
2026-10-09T04:41:24.9079573Z    [33m[2m✓[22m[39m token-only rotation keeps the draft and submits with the current token [33m 307[2mms[22m[39m
2026-10-09T04:41:24.9081018Z    [33m[2m✓[22m[39m ignores a late PATCH success after page unmount [33m 334[2mms[22m[39m
2026-10-09T04:41:30.1223036Z  [32m✓[39m components/company/templates/editor-preview-ownership.test.tsx [2m([22m[2m46 tests[22m[2m)[22m[33m 4009[2mms[22m[39m
2026-10-09T04:41:30.1227299Z    [33m[2m✓[22m[39m previews the exact draft, mailbox and values without requiring send capability or invoking save/publish [33m 367[2mms[22m[39m
2026-10-09T04:41:30.3495483Z  [32m✓[39m app/(dashboard)/admin/policy/policy-snapshot.test.tsx [2m([22m[2m28 tests[22m[2m)[22m[33m 3904[2mms[22m[39m
2026-10-09T04:41:30.3499324Z    [33m[2m✓[22m[39m does not save defaults before the first GET supplies a successful snapshot [33m 405[2mms[22m[39m
2026-10-09T04:41:30.3501195Z    [33m[2m✓[22m[39m blocks writes and controls during refresh while retaining the current input [33m 322[2mms[22m[39m
2026-10-09T04:41:32.2002773Z  [32m✓[39m features/company/permission-editor-session.consumer.test.tsx [2m([22m[2m17 tests[22m[2m)[22m[33m 25131[2mms[22m[39m
2026-10-09T04:41:32.2037886Z      [33m[2m✓[22m[39m tenant change clears loaded ownership without a manual dialog close and cannot rebase old intent [33m 2672[2mms[22m[39m
2026-10-09T04:41:32.2058645Z      [33m[2m✓[22m[39m tenant change clears get ownership without a manual dialog close and cannot rebase old intent [33m 1582[2mms[22m[39m
2026-10-09T04:41:32.2077469Z      [33m[2m✓[22m[39m tenant change clears patch ownership without a manual dialog close and cannot rebase old intent [33m 1742[2mms[22m[39m
2026-10-09T04:41:32.2137552Z      [33m[2m✓[22m[39m tenant change clears assignment ownership without a manual dialog close and cannot rebase old intent [33m 1891[2mms[22m[39m
2026-10-09T04:41:32.2139583Z      [33m[2m✓[22m[39m session change clears loaded ownership without a manual dialog close and cannot rebase old intent [33m 1590[2mms[22m[39m
2026-10-09T04:41:32.2141759Z      [33m[2m✓[22m[39m session change clears get ownership without a manual dialog close and cannot rebase old intent [33m 1227[2mms[22m[39m
2026-10-09T04:41:32.2143550Z      [33m[2m✓[22m[39m session change clears patch ownership without a manual dialog close and cannot rebase old intent [33m 1474[2mms[22m[39m
2026-10-09T04:41:32.2145479Z      [33m[2m✓[22m[39m session change clears assignment ownership without a manual dialog close and cannot rebase old intent [33m 1924[2mms[22m[39m
2026-10-09T04:41:32.2147555Z      [33m[2m✓[22m[39m logout change clears loaded ownership without a manual dialog close and cannot rebase old intent [33m 1621[2mms[22m[39m
2026-10-09T04:41:32.2149158Z      [33m[2m✓[22m[39m logout change clears get ownership without a manual dialog close and cannot rebase old intent [33m 1436[2mms[22m[39m
2026-10-09T04:41:32.2150878Z      [33m[2m✓[22m[39m logout change clears patch ownership without a manual dialog close and cannot rebase old intent [33m 1683[2mms[22m[39m
2026-10-09T04:41:32.2152655Z      [33m[2m✓[22m[39m logout change clears assignment ownership without a manual dialog close and cannot rebase old intent [33m 2113[2mms[22m[39m
2026-10-09T04:41:32.2154406Z      [33m[2m✓[22m[39m rejects a self-consistent old-tenant user row and snapshot delivered under a new tenant transport [33m 1070[2mms[22m[39m
2026-10-09T04:41:32.2156431Z      [33m[2m✓[22m[39m rejects a same-target wrong-tenant PATCH response rather than importing its capabilities or version [33m 732[2mms[22m[39m
2026-10-09T04:41:32.2158286Z      [33m[2m✓[22m[39m rejects a same-target wrong-tenant POST response rather than importing its capabilities or version [33m 859[2mms[22m[39m
2026-10-09T04:41:32.2159955Z      [33m[2m✓[22m[39m new-session read does not reuse the old session's write capabilities [33m 1071[2mms[22m[39m
2026-10-09T04:41:32.2161460Z      [33m[2m✓[22m[39m a new-tenant read rejects another target's self-consistent snapshot [33m 441[2mms[22m[39m
2026-10-09T04:41:37.6091448Z  [32m✓[39m components/company/compose-rich-reload.test.tsx [2m([22m[2m16 tests[22m[2m)[22m[33m 4068[2mms[22m[39m
2026-10-09T04:41:37.6093711Z    [33m[2m✓[22m[39m replaces focused rich DOM on confirmed reload and submits subsequent input against the loaded revision [33m 808[2mms[22m[39m
2026-10-09T04:41:37.6095978Z    [33m[2m✓[22m[39m handles successive explicit reloads without remounting or leaving formatted mode [33m 362[2mms[22m[39m
2026-10-09T04:41:38.0456533Z  [32m✓[39m app/(dashboard)/admin/readonly-list-state.test.tsx [2m([22m[2m40 tests[22m[2m)[22m[33m 4898[2mms[22m[39m
2026-10-09T04:41:38.0478491Z    [33m[2m✓[22m[39m ingest independent route remount does not reuse the prior completed observation [33m 545[2mms[22m[39m
2026-10-09T04:41:42.5649177Z  [32m✓[39m app/(dashboard)/admin/settings/settings-edits.test.tsx [2m([22m[2m28 tests[22m[2m)[22m[33m 3312[2mms[22m[39m
2026-10-09T04:41:45.2724724Z  [32m✓[39m features/company/permission-accessibility.test.tsx [2m([22m[2m18 tests[22m[2m)[22m[33m 12443[2mms[22m[39m
2026-10-09T04:41:45.2757908Z      [33m[2m✓[22m[39m names every text, quota and boolean control from its visible label [33m 1373[2mms[22m[39m
2026-10-09T04:41:45.2759646Z      [33m[2m✓[22m[39m supports named controls and keyboard edits without changing the serialized command [33m 964[2mms[22m[39m
2026-10-09T04:41:45.2761206Z      [33m[2m✓[22m[39m names every text, quota and boolean control from its visible label [33m 893[2mms[22m[39m
2026-10-09T04:41:45.2762668Z      [33m[2m✓[22m[39m supports named controls and keyboard edits without changing the serialized command [33m 843[2mms[22m[39m
2026-10-09T04:41:45.2769801Z    [33m[2m✓[22m[39m names the platform profile scope selector and connects its visible label [33m 560[2mms[22m[39m
2026-10-09T04:41:45.2771472Z    [33m[2m✓[22m[39m keeps unique label targets when two profile forms are open at the same time [33m 408[2mms[22m[39m
2026-10-09T04:41:45.2773361Z    [33m[2m✓[22m[39m names a profile domain switch and preserves label and keyboard activation [33m 495[2mms[22m[39m
2026-10-09T04:41:45.2774916Z    [33m[2m✓[22m[39m names all member override inputs, switches and the profile selector [33m 596[2mms[22m[39m
2026-10-09T04:41:45.2776696Z    [33m[2m✓[22m[39m the named inherit action clears only can_send to null through the real serializer [33m 719[2mms[22m[39m
2026-10-09T04:41:45.2778333Z    [33m[2m✓[22m[39m the named inherit action clears only can_create_domains to null through the real serializer [33m 626[2mms[22m[39m
2026-10-09T04:41:45.2779991Z    [33m[2m✓[22m[39m the named inherit action clears only can_create_routes to null through the real serializer [33m 635[2mms[22m[39m
2026-10-09T04:41:45.2781567Z    [33m[2m✓[22m[39m the named inherit action clears only can_create_api_keys to null through the real serializer [33m 751[2mms[22m[39m
2026-10-09T04:41:45.2783093Z    [33m[2m✓[22m[39m a named member switch supports visible label and keyboard activation with explicit false [33m 753[2mms[22m[39m
2026-10-09T04:41:45.2784374Z    [33m[2m✓[22m[39m a named quota keeps "" distinct in the wire command [33m 642[2mms[22m[39m
2026-10-09T04:41:45.2785562Z    [33m[2m✓[22m[39m a named quota keeps "0" distinct in the wire command [33m 533[2mms[22m[39m
2026-10-09T04:41:45.2787041Z    [33m[2m✓[22m[39m names the member domain switch and the domain-specific inherit action [33m 692[2mms[22m[39m
2026-10-09T04:41:45.2788524Z    [33m[2m✓[22m[39m retains accessible names and disables named member controls while a write is pending [33m 567[2mms[22m[39m
2026-10-09T04:41:45.2790038Z    [33m[2m✓[22m[39m retains accessible names for a read-only snapshot without enabling mutations [33m 390[2mms[22m[39m
2026-10-09T04:41:46.1149052Z  [32m✓[39m features/company/admin-invitation-ownership.test.tsx [2m([22m[2m22 tests[22m[2m)[22m[33m 5267[2mms[22m[39m
2026-10-09T04:41:46.1151335Z      [33m[2m✓[22m[39m submits the reviewed email under its session and shows the successful invitation [33m 555[2mms[22m[39m
2026-10-09T04:41:46.1153486Z      [33m[2m✓[22m[39m starts a fresh form after closing the successful result with its footer button [33m 317[2mms[22m[39m
2026-10-09T04:41:46.1155318Z      [33m[2m✓[22m[39m does not let an old error unlock or replace a newer pending invitation [33m 310[2mms[22m[39m
2026-10-09T04:41:46.1157364Z      [33m[2m✓[22m[39m discards the old invitation and its abort notification at a role boundary [33m 313[2mms[22m[39m
2026-10-09T04:41:47.6616281Z  [32m✓[39m features/mail/components/sent-folder-actions.test.tsx [2m([22m[2m20 tests[22m[2m)[22m[33m 3758[2mms[22m[39m
2026-10-09T04:41:47.6617969Z      [33m[2m✓[22m[39m sent / Archive clears its current selection and reloads the original list [33m 570[2mms[22m[39m
2026-10-09T04:41:48.8719832Z  [32m✓[39m features/mail/draft-writer-reload.test.ts [2m([22m[2m15 tests[22m[2m)[22m[32m 33[2mms[22m[39m
2026-10-09T04:41:49.0813506Z  [32m✓[39m features/mail/workspace-mailbox-route-recovery.test.tsx [2m([22m[2m18 tests[22m[2m)[22m[33m 2431[2mms[22m[39m
2026-10-09T04:41:49.0857782Z      [33m[2m✓[22m[39m R01 keeps an unavailable inbox route unresolved [33m 441[2mms[22m[39m
2026-10-09T04:41:50.4077907Z  [32m✓[39m features/company/mailbox-create-ownership.test.tsx [2m([22m[2m19 tests[22m[2m)[22m[33m 2814[2mms[22m[39m
2026-10-09T04:41:50.4087662Z      [33m[2m✓[22m[39m clears an unchanged successful local part while retaining resource type and retention [33m 506[2mms[22m[39m
2026-10-09T04:41:51.9871452Z  [32m✓[39m components/company/grants-conflict-review.test.tsx [2m([22m[2m16 tests[22m[2m)[22m[33m 1489[2mms[22m[39m
2026-10-09T04:41:51.9897676Z      [33m[2m✓[22m[39m submits the atomic grant revision and preserves explicit false values [33m 310[2mms[22m[39m
2026-10-09T04:41:54.1067260Z  [32m✓[39m features/mail/components/received-selection.test.tsx [2m([22m[2m21 tests[22m[2m)[22m[33m 3872[2mms[22m[39m
2026-10-09T04:41:54.1069367Z      [33m[2m✓[22m[39m retires a previously listed inbox selection after a successful refresh removes it [33m 531[2mms[22m[39m
2026-10-09T04:41:54.1071348Z    [33m[2m✓[22m[39m explicit selection can reopen a message after its earlier selection was retired [33m 340[2mms[22m[39m
2026-10-09T04:41:55.7765126Z  [32m✓[39m features/company/offboarding-read-state.test.tsx [2m([22m[2m15 tests[22m[2m)[22m[33m 3953[2mms[22m[39m
2026-10-09T04:41:55.7788687Z      [33m[2m✓[22m[39m executes an explicitly reviewed frozen target once and retains the acknowledged receipt through its member refresh [33m 663[2mms[22m[39m
2026-10-09T04:41:55.7792965Z      [33m[2m✓[22m[39m disables cached selections after member read 403 and retries without losing the form [33m 351[2mms[22m[39m
2026-10-09T04:41:55.7794559Z      [33m[2m✓[22m[39m disables cached selections after member read 503 and retries without losing the form [33m 301[2mms[22m[39m
2026-10-09T04:41:55.7796247Z      [33m[2m✓[22m[39m retires a reviewed plan across a member refresh ending in success [33m 308[2mms[22m[39m
2026-10-09T04:41:55.7797549Z      [33m[2m✓[22m[39m retires a reviewed plan across a member refresh ending in 403 [33m 345[2mms[22m[39m
2026-10-09T04:41:55.7798745Z      [33m[2m✓[22m[39m retires a reviewed plan across a member refresh ending in 503 [33m 362[2mms[22m[39m
2026-10-09T04:41:56.5772206Z  [32m✓[39m features/mail/workspace-receipt-refresh.test.tsx [2m([22m[2m20 tests[22m[2m)[22m[33m 3017[2mms[22m[39m
2026-10-09T04:41:56.5826126Z      [33m[2m✓[22m[39m manual refresh updates the visible aggregate and list without opening content [33m 387[2mms[22m[39m
2026-10-09T04:41:59.7398657Z  [32m✓[39m features/mail/workspace-compose-navigation.test.tsx [2m([22m[2m15 tests[22m[2m)[22m[33m 2653[2mms[22m[39m
2026-10-09T04:41:59.7424161Z      [33m[2m✓[22m[39m retains the same editor and unsaved input across query navigation without sending [33m 482[2mms[22m[39m
2026-10-09T04:42:01.4723639Z  [32m✓[39m features/mail/workspace-mutation-ownership.test.tsx [2m([22m[2m21 tests[22m[2m)[22m[33m 3194[2mms[22m[39m
2026-10-09T04:42:01.4725873Z      [33m[2m✓[22m[39m the current message action preserves its original command and refreshes its list [33m 599[2mms[22m[39m
2026-10-09T04:42:03.1158005Z  [32m✓[39m app/(dashboard)/admin/tenants/page.test.tsx [2m([22m[2m3 tests[22m[2m)[22m[33m 873[2mms[22m[39m
2026-10-09T04:42:03.1159816Z      [33m[2m✓[22m[39m 加载列表并支持创建 tenant [33m 469[2mms[22m[39m
2026-10-09T04:42:04.4557830Z  [32m✓[39m components/company/mailbox-lifecycle-review.test.tsx [2m([22m[2m21 tests[22m[2m)[22m[33m 1747[2mms[22m[39m
2026-10-09T04:42:04.4637950Z      [33m[2m✓[22m[39m preserves the personal lifecycle endpoint, revision and exact reason [33m 302[2mms[22m[39m
2026-10-09T04:42:06.9223403Z  [32m✓[39m components/company/templates/grants-ownership.test.tsx [2m([22m[2m13 tests[22m[2m)[22m[33m 1405[2mms[22m[39m
2026-10-09T04:42:06.9225926Z    [33m[2m✓[22m[39m requires a new employee selection after selecting a different template [33m 419[2mms[22m[39m
2026-10-09T04:42:11.4018040Z  [32m✓[39m app/(dashboard)/admin/monitor/stream-consumer.test.tsx [2m([22m[2m17 tests[22m[2m)[22m[33m 1690[2mms[22m[39m
2026-10-09T04:42:13.2152232Z  [32m✓[39m features/company/member-row-authority.test.tsx [2m([22m[2m33 tests[22m[2m)[22m[33m 7099[2mms[22m[39m
2026-10-09T04:42:13.2154111Z      [33m[2m✓[22m[39m allows an admin to manage an employee in the selected tenant [33m 405[2mms[22m[39m
2026-10-09T04:42:13.2155806Z      [33m[2m✓[22m[39m allows an admin to manage an employee in the selected tenant [33m 401[2mms[22m[39m
2026-10-09T04:42:13.2157502Z      [33m[2m✓[22m[39m allows a superadmin to manage a same-tenant user [33m 332[2mms[22m[39m
2026-10-09T04:42:13.2159322Z    [33m[2m✓[22m[39m does not let a super_admin use a cross-tenant row [33m 326[2mms[22m[39m
2026-10-09T04:42:13.2160969Z    [33m[2m✓[22m[39m does not revive row commands from stale cache after the real event consumer revokes the current scope [33m 322[2mms[22m[39m
2026-10-09T04:42:13.2635107Z  [32m✓[39m components/company/templates/versions-load-state.test.tsx [2m([22m[2m15 tests[22m[2m)[22m[33m 704[2mms[22m[39m
2026-10-09T04:42:15.8609625Z  [32m✓[39m components/company/templates/grants-read-state.test.tsx [2m([22m[2m14 tests[22m[2m)[22m[33m 1314[2mms[22m[39m
2026-10-09T04:42:15.8611736Z    [33m[2m✓[22m[39m distinguishes pending grants from an empty successful list and blocks writes [33m 335[2mms[22m[39m
2026-10-09T04:42:18.7872117Z  [32m✓[39m features/company/profile-pending-inputs.test.tsx [2m([22m[2m19 tests[22m[2m)[22m[33m 21791[2mms[22m[39m
2026-10-09T04:42:18.7915131Z      [33m[2m✓[22m[39m does not accept later text that would be discarded by the submitted result [33m 1707[2mms[22m[39m
2026-10-09T04:42:18.7947325Z      [33m[2m✓[22m[39m keeps every quota fixed while the command is pending [33m 1115[2mms[22m[39m
2026-10-09T04:42:18.7957390Z      [33m[2m✓[22m[39m does not change any boolean permission while the command is pending [33m 1030[2mms[22m[39m
2026-10-09T04:42:18.7980101Z      [33m[2m✓[22m[39m locks both individual domains and the allow-all shortcut [33m 999[2mms[22m[39m
2026-10-09T04:42:18.7981857Z      [33m[2m✓[22m[39m still completes one successful write and closes its unchanged submitted form [33m 960[2mms[22m[39m
2026-10-09T04:42:18.7983598Z      [33m[2m✓[22m[39m preserves and unlocks the submitted values after 409 without replaying [33m 1101[2mms[22m[39m
2026-10-09T04:42:18.7985045Z      [33m[2m✓[22m[39m preserves and unlocks the submitted values after 500 without replaying [33m 1046[2mms[22m[39m
2026-10-09T04:42:18.7986866Z      [33m[2m✓[22m[39m preserves and unlocks the submitted values after network without replaying [33m 1074[2mms[22m[39m
2026-10-09T04:42:18.7988437Z      [33m[2m✓[22m[39m an old session completion cannot unlock fields belonging to a newer pending write [33m 1684[2mms[22m[39m
2026-10-09T04:42:18.7990060Z      [33m[2m✓[22m[39m does not accept later text that would be discarded by the submitted result [33m 1057[2mms[22m[39m
2026-10-09T04:42:18.7991428Z      [33m[2m✓[22m[39m keeps every quota fixed while the command is pending [33m 1019[2mms[22m[39m
2026-10-09T04:42:18.7992828Z      [33m[2m✓[22m[39m does not change any boolean permission while the command is pending [33m 1049[2mms[22m[39m
2026-10-09T04:42:18.7994330Z      [33m[2m✓[22m[39m locks both individual domains and the allow-all shortcut [33m 985[2mms[22m[39m
2026-10-09T04:42:18.7996119Z      [33m[2m✓[22m[39m still completes one successful write and closes its unchanged submitted form [33m 1092[2mms[22m[39m
2026-10-09T04:42:18.7997652Z      [33m[2m✓[22m[39m preserves and unlocks the submitted values after 409 without replaying [33m 1164[2mms[22m[39m
2026-10-09T04:42:18.7999593Z      [33m[2m✓[22m[39m preserves and unlocks the submitted values after 500 without replaying [33m 1203[2mms[22m[39m
2026-10-09T04:42:18.8001071Z      [33m[2m✓[22m[39m preserves and unlocks the submitted values after network without replaying [33m 908[2mms[22m[39m
2026-10-09T04:42:18.8002611Z      [33m[2m✓[22m[39m an old session completion cannot unlock fields belonging to a newer pending write [33m 1944[2mms[22m[39m
2026-10-09T04:42:18.8004047Z    [33m[2m✓[22m[39m locks a platform administrator's profile scope while creation is pending [33m 651[2mms[22m[39m
2026-10-09T04:42:19.3288136Z  [32m✓[39m features/company/mailbox-owner-freshness.test.tsx [2m([22m[2m21 tests[22m[2m)[22m[33m 4799[2mms[22m[39m
2026-10-09T04:42:19.3328033Z      [33m[2m✓[22m[39m waits for the initial directory before allowing an explicit owner selection [33m 516[2mms[22m[39m
2026-10-09T04:42:19.3367813Z      [33m[2m✓[22m[39m rejects a cached owner after directory network and requires a successful read plus a new selection [33m 314[2mms[22m[39m
2026-10-09T04:42:19.3427616Z      [33m[2m✓[22m[39m does not revive a hidden personal owner after a removed directory refresh [33m 336[2mms[22m[39m
2026-10-09T04:42:19.3429466Z      [33m[2m✓[22m[39m does not revive a hidden personal owner after a failed-read directory refresh [33m 305[2mms[22m[39m
2026-10-09T04:42:19.5976855Z  [32m✓[39m components/company/templates/editor-preview-variables.test.tsx [2m([22m[2m17 tests[22m[2m)[22m[33m 2468[2mms[22m[39m
2026-10-09T04:42:19.5978635Z    [33m[2m✓[22m[39m previews unchanged explicit values without saving, publishing or requiring send capability [33m 413[2mms[22m[39m
2026-10-09T04:42:21.7577906Z  [32m✓[39m features/company/offboarding-ownership.test.tsx [2m([22m[2m23 tests[22m[2m)[22m[33m 1678[2mms[22m[39m
2026-10-09T04:42:21.7579611Z    [33m[2m✓[22m[39m keeps the current preview and executes its exact plan once [33m 341[2mms[22m[39m
2026-10-09T04:42:22.6129984Z  [32m✓[39m features/mail/components/message-pane-actions.test.tsx [2m([22m[2m14 tests[22m[2m)[22m[33m 1551[2mms[22m[39m
2026-10-09T04:42:22.6131289Z      [33m[2m✓[22m[39m 'seen' re-reads authoritative detail before enabling the next action [33m 360[2mms[22m[39m
2026-10-09T04:42:22.7630272Z  [32m✓[39m features/company/recovery-reinspection.consumer.test.tsx [2m([22m[2m7 tests[22m[2m)[22m[33m 1935[2mms[22m[39m
2026-10-09T04:42:22.7632121Z      [33m[2m✓[22m[39m retires the inbound inspection and choices after a conflict, preserving the reason [33m 590[2mms[22m[39m
2026-10-09T04:42:22.7668707Z      [33m[2m✓[22m[39m requires a successful new inbound inspection and fresh selection before another write [32m 300[2mms[22m[39m
2026-10-09T04:42:24.2402437Z  [32m✓[39m features/mail/components/rich-message-paste.test.tsx [2m([22m[2m25 tests[22m[2m)[22m[33m 1099[2mms[22m[39m
2026-10-09T04:42:28.2647672Z  [32m✓[39m features/mail/workspace-events.test.tsx [2m([22m[2m7 tests[22m[2m)[22m[33m 2307[2mms[22m[39m
2026-10-09T04:42:28.2649847Z      [33m[2m✓[22m[39m manual refresh revalidates the open message, attachments and conversation [33m 751[2mms[22m[39m
2026-10-09T04:42:28.2702195Z      [33m[2m✓[22m[39m SSE invalidation revalidates the open message, attachments and conversation [33m 323[2mms[22m[39m
2026-10-09T04:42:28.2704019Z      [33m[2m✓[22m[39m EOF reconnect revalidates the open message, attachments and conversation [33m 320[2mms[22m[39m
2026-10-09T04:42:28.3047669Z  [32m✓[39m components/auth-submission-ownership.test.tsx [2m([22m[2m16 tests[22m[2m)[22m[33m 3684[2mms[22m[39m
2026-10-09T04:42:28.3099839Z      [33m[2m✓[22m[39m does not queue duplicate login writes from repeated Enter or a simultaneous click [33m 626[2mms[22m[39m
2026-10-09T04:42:28.3101910Z      [33m[2m✓[22m[39m does not queue duplicate register writes from repeated Enter or a simultaneous click [33m 344[2mms[22m[39m
2026-10-09T04:42:28.3103956Z      [33m[2m✓[22m[39m retires a closed and reopened dialog before a late success [33m 328[2mms[22m[39m
2026-10-09T04:42:28.6517485Z  [32m✓[39m features/mail/workspace-editor-opening.test.tsx [2m([22m[2m28 tests[22m[2m)[22m[33m 4532[2mms[22m[39m
2026-10-09T04:42:28.6547228Z      [33m[2m✓[22m[39m Continue editing ordinarily opens its prepared editor [33m 430[2mms[22m[39m
2026-10-09T04:42:30.5889684Z  [32m✓[39m components/company/pe-independent-review.test.ts [2m([22m[2m18 tests[22m[2m)[22m[33m 1151[2mms[22m[39m
2026-10-09T04:42:30.5891941Z    [33m[2m✓[22m[39m fragmented UTF8/CRLF metadata, EOF, reconnect, untouched JSON and closed observer [33m 1081[2mms[22m[39m
2026-10-09T04:42:31.0695444Z  [32m✓[39m features/company/domain-settings-response-recovery.test.tsx [2m([22m[2m7 tests[22m[2m)[22m[33m 1449[2mms[22m[39m
2026-10-09T04:42:31.0722618Z      [33m[2m✓[22m[39m keeps an unparseable HTTP 200 PUT locked until explicit readback [33m 378[2mms[22m[39m
2026-10-09T04:42:31.2665109Z  [32m✓[39m components/company/compose-rich-initial.test.tsx [2m([22m[2m11 tests[22m[2m)[22m[33m 1374[2mms[22m[39m
2026-10-09T04:42:31.2742725Z      [33m[2m✓[22m[39m opens a saved HTML draft in the formatted editor without generating an edit [33m 333[2mms[22m[39m
2026-10-09T04:42:33.3056301Z  [32m✓[39m features/company/recovery-queue-state.consumer.test.tsx [2m([22m[2m8 tests[22m[2m)[22m[33m 1458[2mms[22m[39m
2026-10-09T04:42:33.3058405Z      [33m[2m✓[22m[39m announces the initial load and disables list actions until a response arrives [33m 403[2mms[22m[39m
2026-10-09T04:42:33.8931664Z  [32m✓[39m app/auth/activate/page.test.tsx [2m([22m[2m23 tests[22m[2m)[22m[33m 1022[2mms[22m[39m
2026-10-09T04:42:34.3316500Z  [32m✓[39m features/company/domain-settings-review-races.test.tsx [2m([22m[2m6 tests[22m[2m)[22m[33m 1852[2mms[22m[39m
2026-10-09T04:42:34.3378803Z      [33m[2m✓[22m[39m keeps an acknowledged malformed PUT separate from failed writes and requires review before another mutation [33m 638[2mms[22m[39m
2026-10-09T04:42:34.3387915Z      [33m[2m✓[22m[39m retires an explicit review when the observed domains change A → B → A while its settings read is pending [33m 398[2mms[22m[39m
2026-10-09T04:42:34.9634302Z  [32m✓[39m features/mail/draft-writer.test.ts [2m([22m[2m10 tests[22m[2m)[22m[32m 22[2mms[22m[39m
2026-10-09T04:42:35.5377897Z  [32m✓[39m lib/receipt-types.test.ts [2m([22m[2m38 tests[22m[2m)[22m[32m 23[2mms[22m[39m
2026-10-09T04:42:36.0565015Z  [32m✓[39m lib/api/stream-auth-recovery.test.ts [2m([22m[2m14 tests[22m[2m)[22m[32m 66[2mms[22m[39m
2026-10-09T04:42:37.4027980Z  [32m✓[39m lib/outbound-inspection-types.test.ts [2m([22m[2m85 tests[22m[2m)[22m[32m 36[2mms[22m[39m
2026-10-09T04:42:37.8604885Z  [32m✓[39m features/company/audit-state.consumer.test.tsx [2m([22m[2m8 tests[22m[2m)[22m[33m 854[2mms[22m[39m
2026-10-09T04:42:37.8607643Z      [33m[2m✓[22m[39m announces an initial load without claiming an empty result or an authoritative total [33m 334[2mms[22m[39m
2026-10-09T04:42:39.5524289Z  [32m✓[39m components/company/compose-quoted-recipients.test.tsx [2m([22m[2m22 tests[22m[2m)[22m[33m 807[2mms[22m[39m
2026-10-09T04:42:39.5526896Z      [33m[2m✓[22m[39m preserves complete quoted to addresses through save and submission [33m 413[2mms[22m[39m
2026-10-09T04:42:40.7848209Z  [32m✓[39m lib/legacy-outbound.test.ts [2m([22m[2m22 tests[22m[2m)[22m[32m 96[2mms[22m[39m
2026-10-09T04:42:40.7975544Z  [32m✓[39m components/company/compose-preview-response.test.tsx [2m([22m[2m19 tests[22m[2m)[22m[33m 1648[2mms[22m[39m
2026-10-09T04:42:40.7978715Z      [33m[2m✓[22m[39m rejects HTTP 200 with object subject without crashing or discarding edits [33m 382[2mms[22m[39m
2026-10-09T04:42:42.7686638Z  [32m✓[39m app/(dashboard)/account/password-provider-ownership.test.tsx [2m([22m[2m6 tests[22m[2m)[22m[33m 568[2mms[22m[39m
2026-10-09T04:42:42.8687459Z  [32m✓[39m app/(dashboard)/account/password-continuation-ownership.test.tsx [2m([22m[2m9 tests[22m[2m)[22m[33m 580[2mms[22m[39m
2026-10-09T04:42:43.9083987Z  [32m✓[39m lib/api/company-events.test.ts [2m([22m[2m15 tests[22m[2m)[22m[32m 45[2mms[22m[39m
2026-10-09T04:42:45.4950135Z  [32m✓[39m features/company/mailbox-retention.test.tsx [2m([22m[2m24 tests[22m[2m)[22m[33m 1193[2mms[22m[39m
2026-10-09T04:42:45.7168395Z  [32m✓[39m components/company/compose.test.tsx [2m([22m[2m3 tests[22m[2m)[22m[33m 495[2mms[22m[39m
2026-10-09T04:42:46.7318190Z  [32m✓[39m lib/refresh-scope.test.ts [2m([22m[2m6 tests[22m[2m)[22m[32m 26[2mms[22m[39m
2026-10-09T04:42:48.5388199Z  [32m✓[39m components/company/send-policy-review-watermark.test.tsx [2m([22m[2m2 tests[22m[2m)[22m[33m 490[2mms[22m[39m
2026-10-09T04:42:48.5407956Z    [33m[2m✓[22m[39m retains an observed revision high-water mark across 6 to 3 to late 4, while allowing a fresh same-version policy [33m 384[2mms[22m[39m
2026-10-09T04:42:48.8458292Z  [32m✓[39m app/(dashboard)/admin/plans/page.test.tsx [2m([22m[2m2 tests[22m[2m)[22m[33m 480[2mms[22m[39m
2026-10-09T04:42:48.8459825Z      [33m[2m✓[22m[39m 加载列表并支持创建 plan [33m 383[2mms[22m[39m
2026-10-09T04:42:50.1554763Z  [32m✓[39m lib/session-safety.test.ts [2m([22m[2m10 tests[22m[2m)[22m[32m 128[2mms[22m[39m
2026-10-09T04:42:50.4950564Z  [32m✓[39m components/company/domains.test.tsx [2m([22m[2m9 tests[22m[2m)[22m[33m 689[2mms[22m[39m
2026-10-09T04:42:52.9708373Z  [32m✓[39m app/(dashboard)/account/password-bytes.test.tsx [2m([22m[2m21 tests[22m[2m)[22m[33m 956[2mms[22m[39m
2026-10-09T04:42:56.6408082Z  [32m✓[39m components/company/r5-protocol.test.tsx [2m([22m[2m3 tests[22m[2m)[22m[33m 2198[2mms[22m[39m
2026-10-09T04:42:58.3494680Z  [32m✓[39m components/auth-registration-bytes.test.tsx [2m([22m[2m26 tests[22m[2m)[22m[33m 6684[2mms[22m[39m
2026-10-09T04:42:58.3497611Z      [33m[2m✓[22m[39m submits ASCII lower boundary byte-for-byte through the real request layer [33m 757[2mms[22m[39m
2026-10-09T04:42:58.3499500Z      [33m[2m✓[22m[39m submits ASCII upper boundary byte-for-byte through the real request layer [33m 360[2mms[22m[39m
2026-10-09T04:42:58.3527887Z      [33m[2m✓[22m[39m submits surrounding whitespace byte-for-byte through the real request layer [33m 444[2mms[22m[39m
2026-10-09T04:42:58.3529400Z      [33m[2m✓[22m[39m disables submission for eight ASCII bytes [33m 325[2mms[22m[39m
2026-10-09T04:42:58.3530463Z      [33m[2m✓[22m[39m disables submission for eleven ASCII bytes [33m 335[2mms[22m[39m
2026-10-09T04:42:59.6481744Z  [32m✓[39m app/(dashboard)/admin/monitor/page.test.tsx [2m([22m[2m2 tests[22m[2m)[22m[33m 526[2mms[22m[39m
2026-10-09T04:42:59.6483305Z      [33m[2m✓[22m[39m 支持筛选历史并重新连接 [33m 329[2mms[22m[39m
2026-10-09T04:43:01.2714536Z  [32m✓[39m app/(dashboard)/admin/page.test.tsx [2m([22m[2m1 test[22m[2m)[22m[32m 226[2mms[22m[39m
2026-10-09T04:43:01.3587803Z  [32m✓[39m app/auth/activate/page-session.test.tsx [2m([22m[2m4 tests[22m[2m)[22m[33m 422[2mms[22m[39m
2026-10-09T04:43:02.2816715Z  [32m✓[39m app/(dashboard)/admin/plans/plan-numeric-input.test.tsx [2m([22m[2m96 tests[22m[2m)[22m[33m 26013[2mms[22m[39m
2026-10-09T04:43:02.2818573Z      [33m[2m✓[22m[39m rejects max_domains blank without sending or discarding the form [33m 767[2mms[22m[39m
2026-10-09T04:43:02.2819964Z      [33m[2m✓[22m[39m rejects max_domains fraction without sending or discarding the form [33m 332[2mms[22m[39m
2026-10-09T04:43:02.2821370Z      [33m[2m✓[22m[39m rejects max_domains nonfinite without sending or discarding the form [33m 356[2mms[22m[39m
2026-10-09T04:43:02.2823043Z      [33m[2m✓[22m[39m rejects max_domains upper overflow without sending or discarding the form [33m 344[2mms[22m[39m
2026-10-09T04:43:02.2824688Z      [33m[2m✓[22m[39m rejects max_mailboxes_per_domain blank without sending or discarding the form [33m 323[2mms[22m[39m
2026-10-09T04:43:02.2826580Z      [33m[2m✓[22m[39m rejects max_mailboxes_per_domain nonfinite without sending or discarding the form [33m 348[2mms[22m[39m
2026-10-09T04:43:02.2828313Z      [33m[2m✓[22m[39m rejects max_mailboxes_per_domain upper overflow without sending or discarding the form [33m 307[2mms[22m[39m
2026-10-09T04:43:02.2830065Z      [33m[2m✓[22m[39m rejects max_mailboxes_per_domain lower overflow without sending or discarding the form [33m 313[2mms[22m[39m
2026-10-09T04:43:02.2831808Z      [33m[2m✓[22m[39m rejects max_message_bytes upper overflow without sending or discarding the form [33m 325[2mms[22m[39m
2026-10-09T04:43:02.2833935Z      [33m[2m✓[22m[39m rejects max_message_bytes lower overflow without sending or discarding the form [33m 310[2mms[22m[39m
2026-10-09T04:43:02.2865955Z      [33m[2m✓[22m[39m rejects rpm_limit nonfinite without sending or discarding the form [33m 329[2mms[22m[39m
2026-10-09T04:43:02.2868509Z      [33m[2m✓[22m[39m rejects whitespace and all invalid fields together, then submits a corrected draft [33m 385[2mms[22m[39m
2026-10-09T04:43:02.2870185Z      [33m[2m✓[22m[39m preserves legal integer 3000000 exactly on the wire for every field [33m 317[2mms[22m[39m
2026-10-09T04:43:02.2871929Z      [33m[2m✓[22m[39m preserves legal integer 1e3 exactly on the wire for every field [33m 303[2mms[22m[39m
2026-10-09T04:43:02.2873690Z      [33m[2m✓[22m[39m retains valid inputs after server failure and permits an explicit retry [33m 301[2mms[22m[39m
2026-10-09T04:43:02.2875736Z      [33m[2m✓[22m[39m rejects max_message_bytes upper overflow without sending or discarding the form [33m 447[2mms[22m[39m
2026-10-09T04:43:02.2877802Z      [33m[2m✓[22m[39m rejects max_message_bytes lower overflow without sending or discarding the form [33m 316[2mms[22m[39m
2026-10-09T04:43:02.2879708Z      [33m[2m✓[22m[39m rejects retention_hours blank without sending or discarding the form [33m 413[2mms[22m[39m
2026-10-09T04:43:02.2881609Z      [33m[2m✓[22m[39m rejects whitespace and all invalid fields together, then submits a corrected draft [33m 356[2mms[22m[39m
2026-10-09T04:43:02.8080669Z  [32m✓[39m components/company/templates/versions.test.tsx [2m([22m[2m6 tests[22m[2m)[22m[32m 134[2mms[22m[39m
2026-10-09T04:43:03.1999926Z  [32m✓[39m app/(dashboard)/admin/policy/page.test.tsx [2m([22m[2m2 tests[22m[2m)[22m[33m 460[2mms[22m[39m
2026-10-09T04:43:03.2027285Z      [33m[2m✓[22m[39m 支持编辑并保存 SMTP policy [33m 381[2mms[22m[39m
2026-10-09T04:43:04.0037813Z  [32m✓[39m components/company/send-policy.test.tsx [2m([22m[2m6 tests[22m[2m)[22m[33m 366[2mms[22m[39m
2026-10-09T04:43:04.1868258Z  [32m✓[39m lib/api/base-stream.test.ts [2m([22m[2m14 tests[22m[2m)[22m[32m 111[2mms[22m[39m
2026-10-09T04:43:06.0598078Z  [32m✓[39m components/company/templates/library-retry-ownership.test.tsx [2m([22m[2m4 tests[22m[2m)[22m[33m 532[2mms[22m[39m
2026-10-09T04:43:06.0647462Z    [33m[2m✓[22m[39m suppresses a rejected manual library retry after unmount [33m 306[2mms[22m[39m
2026-10-09T04:43:06.1758784Z  [32m✓[39m components/auth-provider-ownership.test.tsx [2m([22m[2m4 tests[22m[2m)[22m[33m 1400[2mms[22m[39m
2026-10-09T04:43:06.1760530Z      [33m[2m✓[22m[39m reports ordinary registration once after its own identity is installed [33m 759[2mms[22m[39m
2026-10-09T04:43:06.1762902Z      [33m[2m✓[22m[39m does not revive a closed registration dialog when the cookie mutation finishes [33m 309[2mms[22m[39m
2026-10-09T04:43:07.2117821Z  [32m✓[39m lib/wire-response-input.test.ts [2m([22m[2m2 tests[22m[2m)[22m[32m 10[2mms[22m[39m
2026-10-09T04:43:07.7818269Z  [32m✓[39m app/(dashboard)/admin/delivery-overflow.test.tsx [2m([22m[2m6 tests[22m[2m)[22m[33m 860[2mms[22m[39m
2026-10-09T04:43:07.7843266Z      [33m[2m✓[22m[39m en identifies the tenant aggregate and its counting scope [33m 328[2mms[22m[39m
2026-10-09T04:43:08.1316044Z  [32m✓[39m components/auth-dialog.test.tsx [2m([22m[2m1 test[22m[2m)[22m[33m 421[2mms[22m[39m
2026-10-09T04:43:08.1317576Z      [33m[2m✓[22m[39m 支持账号登录并写入 JWT [33m 419[2mms[22m[39m
2026-10-09T04:43:09.0458204Z  [32m✓[39m components/company/r5-receipt-surface-oracle.test.ts [2m([22m[2m19 tests[22m[2m)[22m[32m 17[2mms[22m[39m
2026-10-09T04:43:09.2110986Z  [32m✓[39m app/docs/page.test.tsx [2m([22m[2m2 tests[22m[2m)[22m[33m 593[2mms[22m[39m
2026-10-09T04:43:09.2163374Z      [33m[2m✓[22m[39m 支持切换 quickstart 并复制 curl 示例 [33m 480[2mms[22m[39m
2026-10-09T04:43:09.9214319Z  [32m✓[39m features/company/offboarding-panel.test.tsx [2m([22m[2m4 tests[22m[2m)[22m[33m 305[2mms[22m[39m
2026-10-09T04:43:10.2498394Z  [32m✓[39m components/company/r5-permission-contract-oracle.test.ts [2m([22m[2m8 tests[22m[2m)[22m[32m 12[2mms[22m[39m
2026-10-09T04:43:11.1147792Z  [32m✓[39m app/auth/activate/page-navigation.test.tsx [2m([22m[2m4 tests[22m[2m)[22m[33m 447[2mms[22m[39m
2026-10-09T04:43:11.7119387Z  [32m✓[39m components/company/grants.test.tsx [2m([22m[2m2 tests[22m[2m)[22m[33m 420[2mms[22m[39m
2026-10-09T04:43:12.3546961Z  [32m✓[39m lib/permissions.test.ts [2m([22m[2m27 tests[22m[2m)[22m[32m 12[2mms[22m[39m
2026-10-09T04:43:12.8970560Z  [32m✓[39m lib/api/event-stream.test.ts [2m([22m[2m10 tests[22m[2m)[22m[32m 94[2mms[22m[39m
2026-10-09T04:43:13.8612170Z  [32m✓[39m lib/settings.test.tsx [2m([22m[2m2 tests[22m[2m)[22m[32m 268[2mms[22m[39m
2026-10-09T04:43:14.0183304Z  [32m✓[39m lib/error-code.test.ts [2m([22m[2m7 tests[22m[2m)[22m[32m 8[2mms[22m[39m
2026-10-09T04:43:15.0650959Z  [32m✓[39m features/company/user-delete-confirmation.test.tsx [2m([22m[2m5 tests[22m[2m)[22m[33m 1920[2mms[22m[39m
2026-10-09T04:43:15.0652746Z      [33m[2m✓[22m[39m refuses missing confirmation [33m 769[2mms[22m[39m
2026-10-09T04:43:15.0679930Z      [33m[2m✓[22m[39m refuses throws confirmation [33m 306[2mms[22m[39m
2026-10-09T04:43:15.7141056Z  [32m✓[39m app/page.test.tsx [2m([22m[2m3 tests[22m[2m)[22m[33m 349[2mms[22m[39m
2026-10-09T04:43:15.7928175Z  [32m✓[39m contexts/auth-context.test.tsx [2m([22m[2m2 tests[22m[2m)[22m[32m 292[2mms[22m[39m
2026-10-09T04:43:16.2724798Z  [32m✓[39m components/company/r5-receipt-contract-oracle.test.ts [2m([22m[2m22 tests[22m[2m)[22m[32m 11[2mms[22m[39m
2026-10-09T04:43:17.5446351Z  [32m✓[39m components/company/domain-onboarding.test.tsx [2m([22m[2m1 test[22m[2m)[22m[33m 464[2mms[22m[39m
2026-10-09T04:43:17.5478599Z      [33m[2m✓[22m[39m updates the actual primary-domain selector after verification without reloading the page [33m 462[2mms[22m[39m
2026-10-09T04:43:17.5971102Z  [32m✓[39m lib/utils-confirmation.test.ts [2m([22m[2m16 tests[22m[2m)[22m[32m 15[2mms[22m[39m
2026-10-09T04:43:17.9947979Z  [32m✓[39m components/auth-dialog-review-provider.test.tsx [2m([22m[2m1 test[22m[2m)[22m[33m 588[2mms[22m[39m
2026-10-09T04:43:17.9949943Z    [33m[2m✓[22m[39m keeps ordinary login completion feedback under the real AuthProvider [33m 586[2mms[22m[39m
2026-10-09T04:43:18.7090121Z  [32m✓[39m lib/api/base.test.ts [2m([22m[2m3 tests[22m[2m)[22m[32m 12[2mms[22m[39m
2026-10-09T04:43:19.2307788Z  [32m✓[39m features/mail/components/rich-message.test.tsx [2m([22m[2m2 tests[22m[2m)[22m[32m 272[2mms[22m[39m
2026-10-09T04:43:19.3026079Z  [31m❯[39m r5-external-batch-probe.test.tsx [2m([22m[2m1 test[22m[2m | [22m[31m1 failed[39m[2m)[22m[32m 5[2mms[22m[39m
2026-10-09T04:43:19.3027644Z [31m   [31m×[31m R5 batch independent realm loopback PostgreSQL[39m[32m 4[2mms[22m[39m
2026-10-09T04:43:20.2474952Z  [32m✓[39m features/company/overview.test.tsx [2m([22m[2m1 test[22m[2m)[22m[32m 224[2mms[22m[39m
2026-10-09T04:43:20.4034824Z  [32m✓[39m lib/compose-identity.test.ts [2m([22m[2m4 tests[22m[2m)[22m[32m 6[2mms[22m[39m
2026-10-09T04:43:20.5279225Z  [32m✓[39m r5-external-runtime-probe.test.tsx [2m([22m[2m1 test[22m[2m)[22m[32m 40[2mms[22m[39m
2026-10-09T04:43:20.5326145Z 
2026-10-09T04:43:20.5326945Z [31m⎯⎯⎯⎯⎯⎯⎯[39m[1m[41m Failed Tests 1 [49m[22m[31m⎯⎯⎯⎯⎯⎯⎯[39m
2026-10-09T04:43:20.5327233Z 
2026-10-09T04:43:20.5329622Z [41m[1m FAIL [22m[49m r5-external-batch-probe.test.tsx[2m > [22mR5 batch independent realm loopback PostgreSQL
2026-10-09T04:43:20.5334626Z [31m[1mError[22m: explicit private fixture required[39m
2026-10-09T04:43:20.5335431Z [36m [2m❯[22m r5-external-batch-probe.test.tsx:[2m9:20[22m[39m
2026-10-09T04:43:20.5363595Z     [90m  7|[39m [34mtest[39m([32m"R5 batch independent realm loopback PostgreSQL"[39m[33m,[39m [35masync[39m () [33m=>[39m {
2026-10-09T04:43:20.5365238Z     [90m  8|[39m   [35mconst[39m path [33m=[39m process[33m.[39menv[33m.[39m[33mTABMAIL_R5_PROTOCOL_COMPONENT_FIXTURE[39m[33m;[39m
2026-10-09T04:43:20.5366927Z     [90m  9|[39m   [35mif[39m ([33m![39mpath) [35mthrow[39m [35mnew[39m [33mError[39m([32m"explicit private fixture required"[39m)[33m;[39m
2026-10-09T04:43:20.5367791Z     [90m   |[39m                    [31m^[39m
2026-10-09T04:43:20.5368407Z     [90m 10|[39m   const fixture: { case_id: string; api_url: string; token: string } =…
2026-10-09T04:43:20.5369838Z     [90m 11|[39m   [34mexpect[39m(process[33m.[39menv[33m.[39m[33mVITEST_WORKER_ID[39m)[33m.[39m[34mtoMatch[39m([36m/^\d+$/[39m)[33m;[39m
2026-10-09T04:43:20.5370292Z 
2026-10-09T04:43:20.5370590Z [31m[2m⎯⎯⎯⎯⎯⎯⎯⎯⎯⎯⎯⎯⎯⎯⎯⎯⎯⎯⎯⎯⎯⎯⎯⎯[1/1]⎯[22m[39m
2026-10-09T04:43:20.5370805Z 
2026-10-09T04:43:20.5370842Z 
2026-10-09T04:43:20.5383054Z [2m Test Files [22m [1m[31m1 failed[39m[22m[2m | [22m[1m[32m119 passed[39m[22m[90m (120)[39m
2026-10-09T04:43:20.5392816Z [2m      Tests [22m [1m[31m1 failed[39m[22m[2m | [22m[1m[32m2088 passed[39m[22m[90m (2089)[39m
2026-10-09T04:43:20.5393696Z [2m   Start at [22m 04:40:25
2026-10-09T04:43:20.5395108Z [2m   Duration [22m 174.95s[2m (transform 4.90s, setup 13.72s, import 53.48s, tests 333.24s, environment 103.45s)[22m
2026-10-09T04:43:20.5397178Z 
2026-10-09T04:43:20.5526352Z JSON report written to /home/runner/work/tabmail/tabmail/frontend-vitest.json
2026-10-09T04:43:20.5887580Z ##[error]Process completed with exit code 1.
2026-10-09T04:43:20.6091263Z ##[group]Run npm run lint
2026-10-09T04:43:20.6091581Z [36;1mnpm run lint[0m
2026-10-09T04:43:20.6130135Z shell: /usr/bin/bash -e {0}
2026-10-09T04:43:20.6130430Z ##[endgroup]
2026-10-09T04:43:20.7022666Z 
2026-10-09T04:43:20.7023386Z > web@0.1.0 lint
2026-10-09T04:43:20.7023736Z > eslint
2026-10-09T04:43:20.7023875Z 
2026-10-09T04:43:35.4226078Z 
2026-10-09T04:43:35.4227279Z /home/runner/work/tabmail/tabmail/web/features/company/profile-management.tsx
2026-10-09T04:43:35.4259461Z ##[warning]  279:36  warning  The ref value 'operation.current' will likely have changed by the time this effect cleanup function runs. If this ref points to a node rendered by React, copy 'operation.current' to a variable inside the effect, and use that variable in the cleanup function  react-hooks/exhaustive-deps
2026-10-09T04:43:35.4260991Z 
2026-10-09T04:43:35.4261394Z /home/runner/work/tabmail/tabmail/web/features/mail/components/submission-content.tsx
2026-10-09T04:43:35.4263858Z ##[warning]  54:43  warning  The ref value 'epoch.current' will likely have changed by the time this effect cleanup function runs. If this ref points to a node rendered by React, copy 'epoch.current' to a variable inside the effect, and use that variable in the cleanup function  react-hooks/exhaustive-deps
2026-10-09T04:43:35.4265063Z 
2026-10-09T04:43:35.4265346Z /home/runner/work/tabmail/tabmail/web/profile-refresh-browser/entry.jsx
2026-10-09T04:43:35.4266739Z ##[warning]  34:11  warning  'expected_revision' is assigned a value but never used  @typescript-eslint/no-unused-vars
2026-10-09T04:43:35.4267491Z 
2026-10-09T04:43:35.4267759Z /home/runner/work/tabmail/tabmail/web/review-independent/entry.jsx
2026-10-09T04:43:35.4268673Z ##[warning]  34:11  warning  'expected_revision' is assigned a value but never used  @typescript-eslint/no-unused-vars
2026-10-09T04:43:35.4269374Z 
2026-10-09T04:43:35.4269781Z ✖ 4 problems (0 errors, 4 warnings)
2026-10-09T04:43:35.4269969Z 
2026-10-09T04:43:35.6363565Z ##[group]Run npm run build
2026-10-09T04:43:35.6363889Z [36;1mnpm run build[0m
2026-10-09T04:43:35.6402643Z shell: /usr/bin/bash -e {0}
2026-10-09T04:43:35.6402958Z ##[endgroup]
2026-10-09T04:43:35.7309747Z 
2026-10-09T04:43:35.7310091Z > web@0.1.0 build
2026-10-09T04:43:35.7310497Z > next build
2026-10-09T04:43:35.7310689Z 
2026-10-09T04:43:36.0409610Z ▲ Next.js 16.3.8 (Turbopack)
2026-10-09T04:43:36.0616582Z ✓ Running next.config.ts took 20ms
2026-10-09T04:43:36.0618453Z ⚠ No build cache found. Please configure build caching for faster rebuilds. Read more: https://nextjs.org/docs/messages/no-cache
2026-10-09T04:43:36.0861539Z Attention: Next.js now collects completely anonymous telemetry regarding usage.
2026-10-09T04:43:36.0862294Z This information is used to shape Next.js' roadmap and prioritize features.
2026-10-09T04:43:36.0863059Z You can learn more, including how to opt-out if you'd not like to participate in this anonymous program, by visiting the following URL:
2026-10-09T04:43:36.0863672Z https://nextjs.org/telemetry
2026-10-09T04:43:36.0863858Z 
2026-10-09T04:43:36.1020729Z 
2026-10-09T04:43:36.1483150Z   Creating an optimized production build ...
2026-10-09T04:43:44.6247194Z ✓ Compiled successfully in 8.1s
2026-10-09T04:43:44.6307879Z   Running TypeScript ...
2026-10-09T04:43:54.2102985Z   Finished TypeScript in 9.6s ...
2026-10-09T04:43:54.2143510Z   Collecting page data using 3 workers ...
2026-10-09T04:43:54.7180262Z   Generating static pages using 3 workers (0/29) ...
2026-10-09T04:43:55.0405855Z   Generating static pages using 3 workers (7/29) 
2026-10-09T04:43:55.0975397Z   Generating static pages using 3 workers (14/29) 
2026-10-09T04:43:55.2219783Z   Generating static pages using 3 workers (21/29) 
2026-10-09T04:43:55.2430502Z ✓ Generating static pages using 3 workers (29/29) in 525ms
2026-10-09T04:43:55.2468757Z   Finalizing page optimization ...
2026-10-09T04:43:55.6394800Z 
2026-10-09T04:43:55.6414937Z Route (app)
2026-10-09T04:43:55.6415485Z ┌ ○ /
2026-10-09T04:43:55.6416006Z ├ ○ /_not-found
2026-10-09T04:43:55.6416380Z ├ ○ /account
2026-10-09T04:43:55.6416684Z ├ ○ /admin
2026-10-09T04:43:55.6416936Z ├ ○ /admin/audit
2026-10-09T04:43:55.6417219Z ├ ○ /admin/domains
2026-10-09T04:43:55.6417491Z ├ ○ /admin/ingest
2026-10-09T04:43:55.6417761Z ├ ○ /admin/monitor
2026-10-09T04:43:55.6418041Z ├ ○ /admin/permissions
2026-10-09T04:43:55.6418320Z ├ ○ /admin/plans
2026-10-09T04:43:55.6418694Z ├ ○ /admin/policy
2026-10-09T04:43:55.6418972Z ├ ○ /admin/settings
2026-10-09T04:43:55.6419541Z ├ ○ /admin/tenants
2026-10-09T04:43:55.6419801Z ├ ○ /admin/users
2026-10-09T04:43:55.6420064Z ├ ○ /admin/webhooks
2026-10-09T04:43:55.6420433Z ├ ○ /auth/activate
2026-10-09T04:43:55.6420683Z ├ ○ /company
2026-10-09T04:43:55.6420942Z ├ ○ /company/access
2026-10-09T04:43:55.6421389Z ├ ○ /company/audit
2026-10-09T04:43:55.6421759Z ├ ○ /company/domains
2026-10-09T04:43:55.6422151Z ├ ○ /company/employees
2026-10-09T04:43:55.6422439Z ├ ○ /company/mailboxes
2026-10-09T04:43:55.6422739Z ├ ○ /company/profiles
2026-10-09T04:43:55.6423016Z ├ ○ /company/recovery
2026-10-09T04:43:55.6423295Z ├ ○ /company/templates
2026-10-09T04:43:55.6423544Z ├ ○ /docs
2026-10-09T04:43:55.6423774Z └ ○ /mail
2026-10-09T04:43:55.6423898Z 
2026-10-09T04:43:55.6423906Z 
2026-10-09T04:43:55.6424126Z ○  (Static)  prerendered as static content
2026-10-09T04:43:55.6424329Z 
2026-10-09T04:43:55.7219542Z ##[group]Run actions/upload-artifact@v4
2026-10-09T04:43:55.7219861Z with:
2026-10-09T04:43:55.7220094Z   name: company-frontend-evidence
2026-10-09T04:43:55.7220581Z   path: frontend-source-sha.txt
frontend-source-version-tests.json
frontend-vitest.json

2026-10-09T04:43:55.7221040Z   if-no-files-found: error
2026-10-09T04:43:55.7221295Z   retention-days: 14
2026-10-09T04:43:55.7221535Z   compression-level: 6
2026-10-09T04:43:55.7221766Z   overwrite: false
2026-10-09T04:43:55.7222002Z   include-hidden-files: false
2026-10-09T04:43:55.7222255Z ##[endgroup]
2026-10-09T04:43:55.8869213Z (node:19908) [DEP0040] DeprecationWarning: The `punycode` module is deprecated. Please use a userland alternative instead.
2026-10-09T04:43:55.8870462Z (Use `node --trace-deprecation ...` to show where the warning was created)
2026-10-09T04:43:55.8920160Z Multiple search paths detected. Calculating the least common ancestor of all paths
2026-10-09T04:43:55.8922392Z The least common ancestor is /home/runner/work/tabmail/tabmail. This will be the root directory of the artifact
2026-10-09T04:43:55.8923553Z With the provided path, there will be 3 files uploaded
2026-10-09T04:43:55.8928102Z Artifact name is valid!
2026-10-09T04:43:55.8928619Z Root directory input is valid!
2026-10-09T04:43:56.2424691Z Beginning upload of artifact content to blob storage
2026-10-09T04:43:56.3122503Z (node:19908) [DEP0169] DeprecationWarning: `url.parse()` behavior is not standardized and prone to errors that have security implications. Use the WHATWG URL API instead. CVEs are not issued for `url.parse()` vulnerabilities.
2026-10-09T04:43:56.7850050Z Uploaded bytes 446341
2026-10-09T04:43:56.8439481Z Finished uploading artifact content to blob storage!
2026-10-09T04:43:56.8440320Z SHA256 digest of uploaded artifact zip is c0e631a74501c895c4782af3a49198216265dc25f07fc3ca3ed99175d53dadb5
2026-10-09T04:43:56.8441519Z Finalizing artifact upload
2026-10-09T04:43:57.1397127Z Artifact company-frontend-evidence.zip successfully finalized. Artifact ID 11596291040
2026-10-09T04:43:57.1397991Z Artifact company-frontend-evidence has been successfully uploaded! Final size is 446341 bytes. Artifact ID is 11596291040
2026-10-09T04:43:57.1398830Z Artifact download URL: https://github.com/jyqj/tabmail/actions/runs/37884386030/artifacts/11596291040
2026-10-09T04:43:57.2578119Z Post job cleanup.
2026-10-09T04:43:57.3382362Z [command]/usr/bin/git version
2026-10-09T04:43:57.3413658Z git version 2.55.0
2026-10-09T04:43:57.3446116Z Temporarily overriding HOME='/home/runner/work/_temp/51ee4cf8-139a-4170-a7a4-6bd64aafdce8' before making global git config changes
2026-10-09T04:43:57.3447455Z Adding repository directory to the temporary git global config as a safe directory
2026-10-09T04:43:57.3451488Z [command]/usr/bin/git config --global --add safe.directory /home/runner/work/tabmail/tabmail
2026-10-09T04:43:57.3483472Z [command]/usr/bin/git config --local --name-only --get-regexp core\.sshCommand
2026-10-09T04:43:57.3511348Z [command]/usr/bin/git submodule foreach --recursive sh -c "git config --local --name-only --get-regexp 'core\.sshCommand' && git config --local --unset-all 'core.sshCommand' || :"
2026-10-09T04:43:57.3695917Z [command]/usr/bin/git config --local --name-only --get-regexp http\.https\:\/\/github\.com\/\.extraheader
2026-10-09T04:43:57.3721623Z [command]/usr/bin/git submodule foreach --recursive sh -c "git config --local --name-only --get-regexp 'http\.https\:\/\/github\.com\/\.extraheader' && git config --local --unset-all 'http.https://github.com/.extraheader' || :"
2026-10-09T04:43:57.3902966Z [command]/usr/bin/git config --local --name-only --get-regexp ^includeIf\.gitdir:
2026-10-09T04:43:57.3928305Z [command]/usr/bin/git submodule foreach --recursive git config --local --show-origin --name-only --get-regexp remote.origin.url
2026-10-09T04:43:57.4230873Z Cleaning up orphan processes
2026-10-09T04:43:57.4490375Z ##[warning]Node.js 20 is deprecated. The following actions target Node.js 20 but are being forced to run on Node.js 24: actions/checkout@v4, actions/setup-go@v5, actions/setup-node@v4, actions/upload-artifact@v4. For more information see: https://github.blog/changelog/2025-09-19-deprecation-of-node-20-on-github-actions-runners/
