PeriodType: space bytes
Period: 524288
Time: 2026-10-03 21:05:11.599001568 +0000 UTC
Samples:
alloc_objects/count alloc_space/bytes[dflt] inuse_objects/count inuse_space/bytes
          0          0          0          0: 1 2 3 4 5 6 7 8 9 10 
      10923     524312          0          0: 11 12 13 14 
                bytes:[48]
       6554     524328          0          0: 15 16 
                bytes:[80]
         11     549247          0          0: 17 18 19 20 21 22 23 
                bytes:[49152]
      32768     524296          0          0: 24 25 26 27 28 29 30 31 32 33 34 35 36 37 38 39 40 41 40 42 40 43 44 40 41 40 43 44 40 41 40 45 40 46 40 47 40 48 49 40 50 40 51 40 52 53 40 48 54 55 
                bytes:[16]
       4096     524352          0          0: 56 57 58 59 60 61 62 63 64 65 66 67 68 69 70 36 71 72 73 74 23 
                bytes:[128]
       4096     524352          0          0: 56 57 58 59 60 61 62 63 64 65 66 67 68 75 76 36 71 72 73 74 23 
                bytes:[128]
      16384     524304          0          0: 77 78 79 80 81 82 83 60 61 62 63 64 84 29 30 31 32 85 86 35 36 37 38 39 40 41 40 42 40 43 44 40 41 40 43 44 40 41 40 45 40 46 40 47 40 48 49 40 50 40 51 40 52 53 40 48 54 55 
                bytes:[32]
        128     526338          0          0: 87 88 89 
                bytes:[4096]
       1024     524544          0          0: 90 60 61 62 63 64 84 29 30 31 32 91 92 93 73 74 23 
                bytes:[512]
       1820     524432          0          0: 94 95 66 67 68 96 97 98 99 36 37 38 39 40 41 40 42 40 43 44 40 41 40 43 44 40 41 40 45 40 46 40 47 40 48 49 40 50 40 51 40 52 53 40 48 54 55 
                bytes:[288]
       4096     524352          0          0: 56 57 58 59 60 61 62 63 64 65 66 67 68 100 101 102 36 103 104 105 40 41 40 42 40 43 44 40 41 40 43 44 40 41 40 45 40 46 40 47 40 48 49 40 50 40 51 40 52 53 40 48 54 55 
                bytes:[128]
       3277     524368          0          0: 106 107 108 109 110 111 112 110 113 114 74 23 
                bytes:[160]
       3277     524368          0          0: 115 116 117 118 107 108 119 110 111 112 110 113 114 74 23 
                bytes:[160]
       1489     524464          0          0: 120 121 40 50 40 51 40 52 53 40 48 54 55 
                bytes:[352]
        128     526338          0          0: 122 123 
                bytes:[4096]
       1820     524432          0          0: 124 36 71 72 73 74 23 
                bytes:[288]
      16384     524304          0          0: 125 26 27 126 66 67 68 127 128 93 73 74 23 
                bytes:[32]
       4681     524344          0          0: 129 130 131 132 133 134 135 136 137 138 139 140 141 73 74 23 
                bytes:[112]
       6554     524328          0          0: 129 142 143 144 145 133 134 135 136 137 138 139 140 141 73 74 23 
                bytes:[80]
        745     524640          0          0: 146 147 148 149 150 151 130 131 132 133 134 135 136 137 138 139 140 141 73 74 23 
                bytes:[704]
       5461     524336          0          0: 152 153 154 155 12 13 14 
                bytes:[96]
       1820     524432          0          0: 94 95 66 67 68 156 36 157 158 73 74 23 
                bytes:[288]
      10923     524312          0          0: 159 93 73 74 23 
                bytes:[48]
      32768     524296          0          0: 160 161 93 73 74 23 
                bytes:[16]
       3641     524360          0          0: 129 130 131 132 133 134 135 136 137 138 139 140 141 73 74 23 
                bytes:[144]
         22    1098495          0          0: 17 18 19 20 21 162 23 
                bytes:[49152]
       4096     524352          0          0: 56 57 58 59 60 61 62 63 64 65 66 67 68 163 97 98 102 36 103 104 105 40 41 40 42 40 43 44 40 41 40 43 44 40 41 40 45 40 46 40 47 40 48 49 40 50 40 51 40 52 53 40 48 54 55 
                bytes:[128]
      32768     524296          0          0: 164 165 18 19 166 93 73 74 23 
                bytes:[16]
       2048     524416          0          0: 167 19 168 169 170 36 171 172 73 74 23 
                bytes:[256]
       6554     524328          0          0: 173 153 154 155 12 174 14 
                bytes:[80]
         80     527558          0          0: 175 176 177 178 179 180 74 23 
                bytes:[6528]
       4681     524344          0          0: 181 25 26 27 126 66 67 68 75 76 36 71 72 73 74 23 
                bytes:[112]
      10923     524312          0          0: 182 183 60 61 62 63 64 65 66 67 68 156 36 157 158 73 74 23 
                bytes:[48]
       1820     524432          0          0: 94 95 66 67 68 184 93 73 74 23 
                bytes:[288]
       6554     524328          0          0: 185 186 187 188 189 190 191 141 73 74 23 
                bytes:[80]
       4681     524344          0          0: 181 25 192 193 194 30 195 196 197 198 199 200 73 74 23 
                bytes:[112]
       1489     524464          0          0: 129 130 131 132 133 134 135 136 137 138 139 140 141 73 74 23 
                bytes:[352]
        910     524576          0          0: 201 202 203 139 140 141 73 74 23 
                bytes:[576]
       1638     524448          0          0: 204 205 40 48 49 40 50 40 51 40 52 53 40 48 54 55 
                bytes:[320]
      32768     524296          0          0: 206 36 157 158 73 74 23 
                bytes:[16]
        512     524800          0          0: 129 130 131 132 133 134 135 136 137 138 139 140 141 73 74 23 
                bytes:[1024]
        512     524800          0          0: 207 208 209 193 194 30 210 211 212 213 214 215 216 131 132 133 134 135 136 137 138 139 140 141 73 74 23 
                bytes:[1024]
       6554     524328          0          0: 217 218 219 30 31 32 220 36 71 72 73 74 23 
                bytes:[80]
         19     538038          0          0: 221 222 223 224 225 226 227 228 229 230 139 140 141 73 74 23 
                bytes:[27264]
       5461     524336          0          0: 231 232 74 23 
                bytes:[96]
       4096     524352          0          0: 56 57 58 59 60 61 62 63 64 84 29 30 31 32 91 92 93 73 74 23 
                bytes:[128]
       1820     524432          0          0: 94 95 66 67 68 233 234 93 73 74 23 
                bytes:[288]
      32769    1048608          0          0: 235 215 216 131 132 133 134 135 136 137 138 139 140 141 73 74 23 
                bytes:[32]
        910     524576          0          0: 236 237 238 239 240 222 223 224 225 226 227 228 229 230 139 140 141 73 74 23 
                bytes:[576]
         16     540842          0          0: 241 242 243 244 245 246 
                bytes:[32768]
       2521     524392          0          0: 247 242 248 249 57 58 59 60 61 62 63 64 84 29 30 31 32 250 93 73 251 23 
                bytes:[208]
        455     524864          0          0: 252 12 174 14 
                bytes:[1152]
       1820     524432          0          0: 94 95 253 254 255 256 257 258 23 
                bytes:[288]
       4096     524352          0          0: 129 130 131 132 133 134 135 136 137 138 139 140 259 257 258 23 
                bytes:[128]
      32768     524296          0          0: 260 261 262 263 264 12 174 14 
                bytes:[16]
       1820     524432          0          0: 94 95 66 67 68 265 266 267 36 268 269 270 23 
                bytes:[288]
       1820     524432          0          0: 167 19 271 272 273 36 274 275 23 
                bytes:[288]
       1365     524480          0          0: 276 277 30 31 32 278 35 36 37 279 23 
                bytes:[384]
      10923     524312          0          0: 280 79 80 81 82 83 60 61 62 63 64 65 66 67 68 281 36 37 279 23 
                bytes:[48]
         16     540842          0          0: 282 242 283 284 285 286 287 288 289 290 291 126 253 254 292 293 23 
                bytes:[32768]
       8192     524320          0          0: 294 295 97 98 102 36 103 296 297 23 
                bytes:[64]
        256     525312          0          0: 298 299 300 193 194 30 210 211 212 213 214 215 216 131 132 133 134 135 136 137 138 139 140 259 257 301 23 
                bytes:[2048]
        512     524800          0          0: 129 130 131 132 133 134 135 136 137 138 139 140 259 257 301 23 
                bytes:[1024]
         64     528394          0          0: 282 242 283 302 303 238 239 240 222 223 224 225 226 227 228 229 230 139 140 259 257 301 23 
                bytes:[8192]
        372     524992          0          0: 304 238 239 240 222 305 306 307 
                bytes:[1408]
         16     540842          0          0: 282 242 283 284 285 286 287 288 289 290 291 126 253 254 292 308 23 
                bytes:[32768]
      16384     524304          0          0: 309 57 58 59 60 61 62 63 64 65 66 67 68 310 311 36 103 296 297 23 
                bytes:[32]
       2048     524416          0          0: 312 29 30 31 32 91 313 314 36 274 275 23 
                bytes:[256]
       2048     524416          0          0: 152 153 315 316 317 318 319 320 321 322 36 323 324 257 301 23 
                bytes:[256]
        745     524640          0          0: 146 147 148 149 150 151 130 131 132 133 134 135 136 137 138 139 140 259 257 301 23 
                bytes:[704]
         19     538038          0          0: 221 222 223 224 225 226 227 228 229 230 139 140 259 257 301 23 
                bytes:[27264]
        455     524864          0          0: 129 130 131 132 133 134 135 136 137 138 139 140 259 257 301 23 
                bytes:[1152]
         39    1076076          0          0: 325 222 223 224 225 226 227 228 229 230 139 140 259 257 301 23 
                bytes:[27264]
         28     533557          0          0: 17 18 19 20 21 326 23 
                bytes:[18432]
        683     524672          0          0: 129 130 131 132 133 134 135 136 137 138 139 140 259 257 327 23 
                bytes:[768]
      16384     524304          0          0: 77 78 79 80 81 82 83 60 61 62 63 64 84 29 30 328 329 330 331 257 332 23 
                bytes:[32]
        745     524640          0          0: 146 147 148 149 150 151 130 131 132 133 134 135 136 137 138 139 140 259 257 332 23 
                bytes:[704]
         19     538038          0          0: 325 222 223 224 225 226 227 228 229 230 139 140 259 257 332 23 
                bytes:[27264]
        512     524800          0          0: 207 208 333 218 334 335 66 67 68 336 311 36 103 296 337 23 
                bytes:[1024]
      10923     524312          0          0: 338 339 222 305 306 307 
                bytes:[48]
       2731     524384          0          0: 340 19 341 342 343 103 296 344 23 
                bytes:[192]
       4096     524352          0          0: 345 346 140 259 257 347 23 
                bytes:[128]
      32768     524296          0          0: 348 81 82 83 60 61 62 63 64 65 66 67 68 349 350 36 157 351 257 352 23 
                bytes:[16]
       1024     524544          0          0: 173 153 154 155 12 13 14 
                bytes:[512]
      10923     524312          0          0: 353 277 30 31 32 354 36 199 355 257 352 23 
                bytes:[48]
      10923     524312          0          0: 182 183 60 61 62 63 64 65 253 254 356 357 324 257 352 23 
                bytes:[48]
       4096     524352          0          0: 173 153 154 155 12 13 14 
                bytes:[128]
         16     540842          0          0: 282 242 283 284 285 286 287 288 289 290 291 126 253 254 292 358 23 
                bytes:[32768]
         16     540842          0          0: 282 242 283 284 285 286 287 288 289 290 291 126 253 254 292 359 23 
                bytes:[32768]
      16384     524304          0          0: 77 78 79 80 81 82 83 60 61 62 63 64 65 66 360 361 99 36 37 362 23 
                bytes:[32]
       8192     524320          0          0: 363 277 30 31 32 278 35 36 37 362 23 
                bytes:[64]
      10923     524312          0          0: 364 60 61 62 63 64 65 66 67 68 365 36 157 351 257 352 23 
                bytes:[48]
         64     528394          0          0: 282 242 283 366 367 286 287 288 368 369 370 20 21 359 23 
                bytes:[8192]
       4096     524352          0          0: 56 57 58 59 60 61 62 63 64 65 66 67 68 371 372 36 373 374 375 23 
                bytes:[128]
      32768     524296          0          0: 376 183 60 61 62 63 64 84 29 30 31 32 278 35 36 37 362 23 
                bytes:[16]
      32768     524296          0          0: 376 183 60 61 62 63 64 84 29 30 31 32 250 377 257 352 23 
                bytes:[16]
       1025    1049600          0          0: 378 222 305 379 
                bytes:[1024]
      32768     524296          0          0: 380 60 61 62 63 64 65 66 67 68 381 343 199 355 257 352 23 
                bytes:[16]
        512     524800          0          0: 207 208 209 193 194 30 210 211 212 213 214 215 216 131 132 133 134 135 136 137 138 139 140 259 257 352 23 
                bytes:[1024]
         32     532522          0          0: 17 18 19 20 21 359 23 
                bytes:[16384]
         19     538038          0          0: 221 222 223 224 225 226 227 228 229 230 139 140 259 257 352 23 
                bytes:[27264]
       2048     524416          0          0: 382 383 384 385 386 387 388 351 257 389 23 
                bytes:[256]
       4096     524352          0          0: 152 153 154 155 12 174 14 
                bytes:[128]
        585     524736          0          0: 390 188 189 190 191 259 391 23 
                bytes:[896]
       2048     524416          0          0: 392 12 174 14 
                bytes:[256]
       1489     524464          0          0: 393 188 189 190 394 259 391 23 
                bytes:[352]
      16384     524304          0          0: 395 396 83 60 61 62 63 64 84 29 30 31 32 354 36 199 355 391 23 
                bytes:[32]
        512     524800          0          0: 207 208 209 193 194 30 210 211 212 213 214 215 216 131 132 133 134 135 136 137 138 139 140 259 391 23 
                bytes:[1024]
       2048     524416          0          0: 312 29 30 31 32 91 322 36 323 324 391 23 
                bytes:[256]
       5461     524336          0          0: 276 277 30 328 329 397 398 391 23 
                bytes:[96]
      16384     524304          0          0: 399 219 30 31 32 85 322 36 323 324 391 23 
                bytes:[32]
       1024     524544          0          0: 146 147 148 149 150 151 130 131 132 133 134 135 136 137 138 139 140 400 401 23 
                bytes:[512]
       4096     524352          0          0: 152 153 154 155 12 13 14 
                bytes:[128]
      32768     524296          0          0: 402 403 404 405 59 60 61 62 63 64 84 29 30 328 329 406 407 408 401 23 
                bytes:[16]
        512     524800          0          0: 146 147 148 149 150 151 130 131 132 133 134 135 136 137 138 139 140 400 401 23 
                bytes:[1024]
       6554     524328          0          0: 129 142 143 144 145 133 134 135 136 137 138 139 140 400 401 23 
                bytes:[80]
       6554     524328          0          0: 129 142 143 409 133 410 411 412 413 414 415 7 8 416 417 418 138 139 140 400 401 23 
                bytes:[80]
        585     524736          0          0: 390 188 189 190 191 400 419 23 
                bytes:[896]
         19     538038          0          0: 325 222 223 224 225 226 227 228 229 230 139 140 400 419 23 
                bytes:[27264]
       2731     524384          0          0: 152 153 154 155 12 13 14 
                bytes:[192]
        683     524672          0          0: 420 12 174 14 
                bytes:[768]
        455     524864          0          0: 146 147 148 149 150 151 130 131 132 133 134 135 136 137 138 139 140 400 421 23 
                bytes:[1152]
         32     532522          0          0: 282 242 283 284 285 286 287 288 289 290 291 126 253 254 422 423 424 23 
                bytes:[16384]
       3641     524360          0          0: 11 12 174 14 
                bytes:[144]
      32768     524296          0          0: 425 426 427 134 135 136 137 138 139 140 400 428 23 
                bytes:[16]
       6554     524328          0          0: 217 218 334 335 429 430 431 213 432 433 434 435 418 138 139 140 400 428 23 
                bytes:[80]
       3277    1048896          0          0: 436 222 305 379 
                bytes:[320]
       1170     524512          0          0: 146 147 148 149 150 151 130 131 132 133 134 135 136 137 138 139 140 400 428 23 
                bytes:[448]
        683     524672          0          0: 146 147 148 149 150 151 130 131 132 133 134 135 136 137 138 139 140 400 428 23 
                bytes:[768]
       4681     524344          0          0: 437 438 439 
                bytes:[112]
      16384     524304          0          0: 235 215 440 144 145 133 134 135 136 137 138 139 140 400 428 23 
                bytes:[32]
       4681     524344          0          0: 441 442 443 444 445 239 240 222 305 306 307 
                bytes:[112]
         39    1076076          0          0: 325 222 223 224 225 226 227 228 229 230 139 140 400 428 23 
                bytes:[27264]
      32768     524296          0          0: 446 447 286 287 237 238 239 240 222 305 379 
                bytes:[16]
       2048     524416          0          0: 312 29 30 31 32 448 449 450 451 
                bytes:[256]
       2731     524384          0          0: 340 19 341 342 343 157 351 452 23 
                bytes:[192]
      32768     524296          0          0: 453 58 59 60 61 62 63 64 65 66 67 68 454 377 452 23 
                bytes:[16]
      32768     524296          0          0: 455 58 59 60 61 62 63 64 65 66 67 68 456 36 323 324 457 23 
                bytes:[16]
        512     524800          0          0: 207 208 209 193 194 30 210 211 212 213 214 215 216 131 132 133 134 135 136 137 138 139 140 259 457 23 
                bytes:[1024]
       2521     524392          0          0: 247 242 248 458 130 131 132 133 134 135 136 137 138 139 140 259 457 23 
                bytes:[208]
       3277     524368          0          0: 459 460 461 218 219 30 31 32 462 23 
                bytes:[160]
       1365     524480          0          0: 129 130 131 132 133 134 135 136 137 138 139 140 259 463 23 
                bytes:[384]
       1638     524448          0          0: 173 153 154 155 12 174 14 
                bytes:[320]
      16384     524304          0          0: 464 465 466 467 468 19 469 470 471 472 473 
                bytes:[32]
        341     525056          0          0: 298 299 300 193 194 30 210 211 212 213 214 215 216 131 132 133 134 135 136 137 138 139 140 259 474 23 
                bytes:[1536]
      10923     524312          0          0: 364 60 61 62 63 64 65 66 67 68 456 36 323 324 475 23 
                bytes:[48]
        585     524736          0          0: 476 477 478 203 139 140 259 475 23 
                bytes:[896]
       4681     524344          0          0: 479 238 239 240 222 305 379 
                bytes:[112]
        341     525056          0          0: 298 299 300 193 194 30 210 211 212 213 214 215 216 131 132 133 134 135 136 137 138 139 140 259 480 23 
                bytes:[1536]
        410     524928          0          0: 129 130 131 132 133 134 135 136 137 138 139 140 259 481 23 
                bytes:[1280]
       1489     524464          0          0: 482 483 379 
                bytes:[352]
       4096     524352          0          0: 56 57 58 59 60 61 62 63 64 65 66 67 68 184 377 484 23 
                bytes:[128]
      10923     524312          0          0: 485 405 61 62 63 64 84 29 30 328 329 397 398 484 23 
                bytes:[48]
       2521     524392          0          0: 247 242 248 458 142 143 144 145 133 134 135 136 137 138 139 140 259 484 23 
                bytes:[208]
      16384     524304          0          0: 395 396 83 60 61 62 63 64 65 66 67 68 456 36 323 324 484 23 
                bytes:[32]
       5461     524336          0          0: 146 147 148 149 150 151 130 131 132 133 134 135 136 137 138 139 140 259 484 23 
                bytes:[96]
       3641     524360          0          0: 486 487 107 488 489 490 491 110 113 492 493 23 
                bytes:[144]
        293     525184          0          0: 399 219 30 31 32 494 495 496 23 
                bytes:[1792]
       4681     524344          0          0: 146 147 148 149 150 151 130 131 132 133 134 135 136 137 138 139 140 259 484 23 
                bytes:[112]
       1638     524448          0          0: 497 151 498 499 500 133 410 411 412 413 414 415 7 8 416 417 418 138 139 140 259 484 23 
                bytes:[320]
        195     525633          0          0: 501 502 503 504 505 506 507 40 508 40 509 40 510 41 40 43 44 40 41 40 45 40 511 40 512 40 48 49 40 50 40 51 40 52 53 40 48 513 514 23 
                bytes:[2688]
       1092     524528          0          0: 129 130 131 132 133 134 135 136 137 138 139 140 259 484 23 
                bytes:[480]
       1170     524512          0          0: 515 516 517 139 140 259 484 23 
                bytes:[448]
      32768     524296          0          0: 518 447 286 287 237 238 239 240 222 305 379 
                bytes:[16]
       6554     524328          0          0: 519 520 29 30 31 32 521 450 522 523 23 
                bytes:[80]
       2521     524392          0          0: 247 242 248 458 130 131 132 133 134 135 136 137 138 139 140 259 484 23 
                bytes:[208]
       4096     524352          0          0: 524 426 427 134 135 136 137 138 139 140 259 484 23 
                bytes:[128]
        372     524992          0          0: 304 238 239 240 222 223 224 225 226 227 228 229 230 139 140 259 484 23 
                bytes:[1408]
       4681     524344          0          0: 340 19 20 525 526 40 527 40 47 40 48 49 40 50 40 51 40 52 53 40 48 528 529 23 
                bytes:[112]
        745     524640          0          0: 420 12 174 14 
                bytes:[704]
         19     538038          0          0: 221 222 223 224 225 226 227 228 229 230 139 140 259 530 23 
                bytes:[27264]
      10923     524312          0          0: 280 79 80 81 82 83 60 61 62 63 64 84 29 30 31 32 85 531 36 157 351 530 23 
                bytes:[48]
       1365     524480          0          0: 146 147 148 149 150 151 130 131 132 133 134 135 136 137 138 139 140 259 530 23 
                bytes:[384]
       8192     524320          0          0: 532 533 12 174 14 
                bytes:[64]
      65536     524292          0          0: 534 535 478 203 139 140 259 530 23 
                bytes:[8]
      32768     524296          0          0: 536 289 290 291 28 29 30 31 32 85 322 36 323 324 537 23 
                bytes:[16]
       1024     524544          0          0: 152 153 538 539 318 540 541 318 540 317 318 319 320 321 531 36 157 351 537 23 
                bytes:[512]
        683     524672          0          0: 129 130 131 132 133 134 135 136 137 138 139 140 259 537 23 
                bytes:[768]
      10923     524312          0          0: 542 218 334 335 66 67 68 233 543 323 324 537 23 
                bytes:[48]
        256     525312          0          0: 298 299 300 193 194 30 210 211 212 213 214 215 216 131 132 133 134 135 136 137 138 139 140 259 537 23 
                bytes:[2048]
         19     538038          0          0: 221 222 223 224 225 226 227 228 229 230 139 140 259 537 23 
                bytes:[27264]
       1024     524544          0          0: 90 60 61 62 63 64 84 29 30 31 32 91 92 377 537 23 
                bytes:[512]
       4096     524352          0          0: 56 57 58 59 60 61 62 63 64 84 29 30 31 32 448 449 450 522 544 23 
                bytes:[128]
         39    1076076          0          0: 325 222 223 224 225 226 227 228 229 230 139 140 259 537 23 
                bytes:[27264]
       4096     524352          0          0: 545 546 547 12 174 14 
                bytes:[128]
       2185     524408          0          0: 420 12 174 14 
                bytes:[240]
       1820     524432          0          0: 94 95 253 254 356 357 324 548 23 
                bytes:[288]
      10923     524312          0          0: 364 60 61 62 63 64 65 66 67 68 265 470 471 549 550 551 23 
                bytes:[48]
      10923     524312          0          0: 552 553 554 187 188 189 190 191 259 548 23 
                bytes:[48]
      16384     524304          0          0: 235 215 216 131 132 133 134 135 136 137 138 139 140 259 548 23 
                bytes:[32]
      10923     524312          0          0: 555 556 12 13 14 
                bytes:[48]
       1170     524512          0          0: 557 558 23 
                bytes:[448]
      16384     524304          0          0: 559 560 561 23 
                bytes:[32]
      32768     524296      32768     524296: 562 563 564 565 566 7 8 567 568 569 570 565 566 7 8 567 568 571 572 573 565 566 7 8 567 568 574 575 540 317 318 319 576 577 578 40 42 40 510 41 40 43 44 40 41 40 45 40 46 40 47 40 48 49 40 50 40 51 40 52 53 40 48 579 580 23 
                bytes:[16]
      16384     524304          0          0: 77 78 79 80 81 82 83 60 61 62 63 64 84 29 30 31 32 85 531 36 157 351 581 23 
                bytes:[32]
        455     524864          0          0: 146 147 148 149 150 151 130 131 132 133 134 135 136 137 138 139 140 259 581 23 
                bytes:[1152]
      32768     524296          0          0: 582 188 189 346 140 259 583 23 
                bytes:[16]
      10923     524312          0          0: 182 183 60 61 62 63 64 84 29 30 31 32 250 377 583 23 
                bytes:[48]
      32768     524296          0          0: 584 377 583 23 
                bytes:[16]
      32768     524296          0          0: 24 25 585 238 239 240 222 305 306 307 
                bytes:[16]
        585     524736          0          0: 129 130 131 132 133 134 135 136 137 138 139 140 259 583 23 
                bytes:[896]
       6554     524328          0          0: 129 142 143 144 145 133 134 135 136 137 138 139 140 259 583 23 
                bytes:[80]
       4096     524352          0          0: 56 57 58 59 60 61 62 63 64 65 66 67 68 586 587 588 23 
                bytes:[128]
      21845     524300          0          0: 589 590 335 66 67 68 591 377 583 23 
                bytes:[24]
       7282    1048720          0          0: 11 12 13 14 
                bytes:[144]
      32768     524296          0          0: 592 593 216 131 132 133 134 135 136 137 138 139 140 259 583 23 
                bytes:[16]
       2521     524392          0          0: 247 242 248 458 130 131 132 133 134 135 136 137 138 139 140 259 583 23 
                bytes:[208]
       5461     524336          0          0: 594 595 596 597 40 598 40 509 40 510 41 40 43 44 40 41 40 45 40 511 40 512 40 48 49 40 50 40 51 40 52 53 40 48 599 600 23 
                bytes:[96]
       1489     524464          0          0: 393 188 189 190 394 259 601 23 
                bytes:[352]
        293     525184          0          0: 602 29 30 31 32 448 449 603 604 605 606 607 23 
                bytes:[1792]
      21845     524300          0          0: 608 165 18 19 609 377 601 23 
                bytes:[24]
       2048     524416          0          0: 11 12 13 14 
                bytes:[256]
       3277     524368          0          0: 610 107 611 612 110 111 112 110 113 613 614 23 
                bytes:[160]
        745     524640          0          0: 542 218 334 335 66 67 68 615 616 617 618 619 603 604 605 606 607 23 
                bytes:[704]
      32768     524296          0          0: 24 25 585 238 239 240 222 305 379 
                bytes:[16]
      16384     524304          0          0: 620 621 468 19 168 622 616 617 623 624 596 597 40 598 40 509 40 510 41 40 43 44 40 41 40 45 40 511 40 512 40 48 49 40 50 40 51 40 52 53 40 48 599 600 23 
                bytes:[32]
       5461     524336          0          0: 625 626 627 628 596 597 40 598 40 509 40 510 41 40 43 44 40 41 40 45 40 511 40 512 40 48 49 40 50 40 51 40 52 53 40 48 599 600 23 
                bytes:[96]
       5042    1048784          0          0: 247 242 248 458 130 131 132 133 134 135 136 137 138 139 140 259 601 23 
                bytes:[208]
         19     538038          0          0: 221 222 223 224 225 226 227 228 229 230 139 140 259 601 23 
                bytes:[27264]
       2731     524384          0          0: 629 630 631 632 633 23 
                bytes:[192]
         19     538038          0          0: 325 222 223 224 225 226 227 228 229 230 139 140 259 632 633 23 
                bytes:[27264]
      21845     524300          0          0: 634 81 82 83 60 61 62 63 64 84 29 30 328 329 397 398 632 635 23 
                bytes:[24]
         19     538038          0          0: 221 222 223 224 225 226 227 228 229 230 139 140 259 632 633 23 
                bytes:[27264]
      16384     524304          0          0: 309 57 58 59 60 61 62 63 64 84 29 30 31 32 354 36 199 355 632 636 23 
                bytes:[32]
      16384     524304          0          0: 235 215 216 131 132 133 134 135 136 137 138 139 140 259 632 636 23 
                bytes:[32]
       9363    1048688          0          0: 441 637 
                bytes:[112]
         19     538038          0          0: 325 222 223 224 225 226 227 228 229 230 139 140 259 632 638 23 
                bytes:[27264]
        293     525184          0          0: 399 334 335 66 67 68 639 640 641 23 
                bytes:[1792]
       1820     524432          0          0: 642 321 322 36 323 324 643 23 
                bytes:[288]
        910     524576          0          0: 201 202 203 139 140 259 643 23 
                bytes:[576]
        391    1051266          0          0: 644 306 307 
                bytes:[2688]
       2521     524392          0          0: 399 219 30 328 329 645 23 
                bytes:[208]
       2521     524392          0          0: 247 242 248 249 57 58 59 60 61 62 63 64 84 29 30 328 329 406 646 647 23 
                bytes:[208]
       1638     524448          0          0: 129 130 131 132 133 134 135 136 137 138 139 140 259 647 23 
                bytes:[320]
       2731     524384          0          0: 276 648 335 66 67 68 365 36 157 351 649 23 
                bytes:[192]
        585     524736          0          0: 129 130 131 132 133 134 135 136 137 138 139 140 259 650 23 
                bytes:[896]
       2731     524384          0          0: 11 12 13 14 
                bytes:[192]
        512     524800          0          0: 459 460 461 218 219 30 31 32 651 652 653 
                bytes:[1024]
       2731     524384          0          0: 654 12 174 14 
                bytes:[192]
      32768     524296          0          0: 348 81 82 83 60 61 62 63 64 65 66 67 68 655 267 36 268 656 657 658 23 
                bytes:[16]
      16384     524304          0          0: 464 468 19 20 168 659 256 660 658 23 
                bytes:[32]
       4096     524352          0          0: 524 426 427 134 135 136 137 138 139 140 259 660 661 23 
                bytes:[128]
      10923     524312          0          0: 182 183 60 61 62 63 64 84 29 30 31 32 662 36 663 664 657 665 23 
                bytes:[48]
       2731     524384          0          0: 173 153 154 155 12 174 14 
                bytes:[192]
      32768     524296          0          0: 666 667 36 668 669 23 
                bytes:[16]
       1024     524544          0          0: 152 153 538 539 318 540 541 318 540 317 318 319 320 321 531 36 157 351 660 665 23 
                bytes:[512]
       6554     524328          0          0: 519 520 29 30 210 211 212 213 214 215 440 144 145 133 134 135 136 137 138 139 140 259 660 665 23 
                bytes:[80]
      10923     524312          0          0: 280 79 80 81 82 83 60 61 62 63 64 65 66 67 68 670 603 604 605 671 672 673 40 41 40 42 40 43 44 40 41 40 43 44 40 41 40 45 40 527 40 47 40 48 49 40 50 40 51 40 52 53 40 48 674 675 23 
                bytes:[48]
       8192     524320          0          0: 363 648 335 66 67 68 676 36 677 678 673 40 41 40 42 40 43 44 40 41 40 43 44 40 41 40 45 40 527 40 47 40 48 49 40 50 40 51 40 52 53 40 48 674 675 23 
                bytes:[64]
       2185     524408          0          0: 679 680 23 
                bytes:[240]
      10923     524312          0          0: 182 183 60 61 62 63 64 65 66 67 68 365 36 157 351 681 23 
                bytes:[48]
       4096     524352          0          0: 524 426 427 134 135 136 137 138 139 140 259 681 23 
                bytes:[128]
      16384     524304          0          0: 682 683 188 189 190 394 259 681 23 
                bytes:[32]
       2048     524416          0          0: 312 29 30 31 32 91 531 36 157 351 681 23 
                bytes:[256]
      87383    2097200          0          0: 684 242 685 533 12 174 14 
                bytes:[24]
        195     525633          0          0: 276 648 335 66 360 686 502 687 36 688 504 689 690 40 41 40 42 40 43 44 40 41 40 43 44 40 41 40 45 40 527 40 47 40 48 49 40 50 40 51 40 52 53 40 48 691 
                bytes:[2688]
       3641     524360          0          0: 276 648 335 66 67 68 676 36 677 678 673 40 41 40 42 40 43 44 40 41 40 43 44 40 41 40 45 40 527 40 47 40 48 49 40 50 40 51 40 52 53 40 48 691 
                bytes:[144]
       4681     524344          0          0: 692 192 193 194 30 195 196 197 198 688 504 689 690 40 41 40 42 40 43 44 40 41 40 43 44 40 41 40 45 40 527 40 47 40 48 49 40 50 40 51 40 52 53 40 48 691 
                bytes:[112]
       1820     524432          0          0: 94 95 66 67 68 693 694 695 696 619 603 604 605 671 672 673 40 41 40 42 40 43 44 40 41 40 43 44 40 41 40 45 40 527 40 47 40 48 49 40 50 40 51 40 52 53 40 48 674 697 23 
                bytes:[288]
       1638     524448          0          0: 152 153 154 155 12 13 14 
                bytes:[320]
       1260     524496          0          0: 698 405 61 62 63 64 84 29 30 328 329 699 700 
                bytes:[416]
       2048     524416          0          0: 340 19 168 169 701 36 472 702 703 40 41 40 42 40 43 44 40 41 40 43 44 40 41 40 45 40 527 40 47 40 48 49 40 50 40 51 40 52 53 40 48 528 704 705 23 
                bytes:[256]
        410     524928          0          0: 146 147 148 149 150 151 130 131 132 133 134 135 136 137 138 139 140 259 706 23 
                bytes:[1280]
       4096     524352          0          0: 146 147 148 149 150 707 57 58 59 60 61 62 63 64 65 253 254 708 709 672 673 40 41 40 42 40 43 44 40 41 40 43 44 40 41 40 45 40 527 40 47 40 48 49 40 50 40 51 40 52 53 40 48 691 
                bytes:[128]
       8192     524320          0          0: 363 648 335 66 67 68 591 377 710 23 
                bytes:[64]
       4681     524344          0          0: 129 130 131 132 133 134 135 136 137 138 139 140 259 710 23 
                bytes:[112]
        128     526338          0          0: 711 712 713 23 
                bytes:[4096]
       2521     524392          0          0: 247 242 248 458 130 131 132 133 134 135 136 137 138 139 140 259 710 23 
                bytes:[208]
       1365     524480          0          0: 129 130 131 132 133 134 135 136 137 138 139 140 259 710 23 
                bytes:[384]
      32768     524296          0          0: 714 616 617 618 619 603 604 605 671 672 673 40 41 40 42 40 43 44 40 41 40 43 44 40 41 40 45 40 527 40 47 40 48 49 40 50 40 51 40 52 53 40 48 691 
                bytes:[16]
       3277     524368          0          0: 106 107 108 715 490 716 110 113 492 717 718 23 
                bytes:[160]
       4096     524352          0          0: 11 12 13 14 
                bytes:[128]
      10923    1048672          0          0: 11 12 13 14 
                bytes:[96]
       1365     524480          0          0: 719 224 225 226 227 228 229 230 139 140 259 710 23 
                bytes:[384]
      16384     524304          0          0: 309 57 58 59 60 61 62 63 64 84 29 30 31 32 448 449 603 604 605 671 672 673 40 41 40 42 40 43 44 40 41 40 43 44 40 41 40 45 40 527 40 47 40 48 49 40 50 40 51 40 52 53 40 48 691 
                bytes:[32]
         19     538038          0          0: 325 222 223 224 225 226 227 228 229 230 139 140 259 710 23 
                bytes:[27264]
      10923     524312          0          0: 720 188 189 346 140 259 710 23 
                bytes:[48]
       1024     524544          0          0: 721 722 492 717 718 23 
                bytes:[512]
       1092     524528          0          0: 129 130 131 132 133 134 135 136 137 138 139 140 259 723 23 
                bytes:[480]
        910     524576          0          0: 420 12 174 14 
                bytes:[576]
        585     524736          0          0: 420 12 174 14 
                bytes:[896]
       4096     524352          0          0: 56 57 58 59 60 61 62 63 64 84 29 30 31 32 448 449 603 604 605 724 
                bytes:[128]
        455     524864          0          0: 129 130 131 132 133 134 135 136 137 138 139 140 259 725 23 
                bytes:[1152]
      10923     524312          0          0: 532 533 12 174 14 
                bytes:[48]
      32768     524296          0          0: 726 58 59 60 61 62 63 64 65 66 67 68 727 728 36 729 730 731 
                bytes:[16]
        372     524992          0          0: 146 147 148 149 150 151 130 131 132 133 134 135 136 137 138 139 140 259 732 23 
                bytes:[1408]
         19     538038          0          0: 325 222 223 224 225 226 227 228 229 230 139 140 259 732 23 
                bytes:[27264]
        585     524736          0          0: 733 447 286 287 288 289 290 291 28 29 30 31 32 734 735 23 
                bytes:[896]
        683     524672          0          0: 129 130 131 132 133 134 135 136 137 138 139 140 259 732 23 
                bytes:[768]
       1092     524528          0          0: 146 147 148 149 150 151 130 131 132 133 134 135 136 137 138 139 140 259 736 737 23 
                bytes:[480]
      10923     524312          0          0: 738 303 238 239 240 222 305 379 
                bytes:[48]
         19     538038          0          0: 325 222 223 224 225 226 227 228 229 230 139 140 259 736 739 23 
                bytes:[27264]
       2521     524392          0          0: 740 741 36 199 355 742 23 
                bytes:[208]
       3277     524368          0          0: 743 744 36 71 745 746 747 23 
                bytes:[160]
       2731     524384          0          0: 629 342 343 157 351 742 23 
                bytes:[192]
       1489     524464          0          0: 748 749 750 751 188 189 190 394 259 742 23 
                bytes:[352]
       2521     524392          0          0: 247 242 248 249 57 58 59 60 61 62 63 64 84 29 30 31 32 752 377 753 23 
                bytes:[208]
        745     524640          0          0: 542 218 334 335 66 67 68 75 170 36 171 754 755 23 
                bytes:[704]
       2521     524392          0          0: 247 242 248 458 130 131 132 133 134 135 136 137 138 139 140 259 756 23 
                bytes:[208]
       9363    1048688          0          0: 654 12 174 14 
                bytes:[112]
        585     524736          0          0: 757 758 759 36 37 760 
                bytes:[896]
       8192     524320          0          0: 761 762 763 318 319 320 764 97 98 99 36 37 760 
                bytes:[64]
       2048     524416          0          0: 340 19 168 741 36 199 355 765 23 
                bytes:[256]
       2048     524416          0          0: 382 383 384 685 533 12 174 14 
                bytes:[256]
      16384     524304          0          0: 766 444 445 239 240 222 305 379 
                bytes:[32]
      21845     524300          0          0: 497 151 130 131 132 133 134 135 136 137 138 139 140 259 767 23 
                bytes:[24]
       4681     524344          0          0: 146 147 148 149 150 151 130 131 132 133 134 135 136 137 138 139 140 259 767 23 
                bytes:[112]
       1024     524544          0          0: 152 153 538 539 318 540 541 318 540 317 318 319 320 321 322 36 323 324 767 23 
                bytes:[512]
       8192     524320          0          0: 768 12 174 14 
                bytes:[64]
       1638     524448          0          0: 129 130 131 132 133 134 135 136 137 138 139 140 259 769 23 
                bytes:[320]
       2185     524408          0          0: 129 130 131 132 133 134 135 136 137 138 139 140 259 769 23 
                bytes:[240]
      32768     524296          0          0: 592 593 216 131 132 133 134 135 136 137 138 139 140 259 770 23 
                bytes:[16]
        256     525312          0          0: 298 299 300 193 194 30 210 211 212 213 214 215 216 131 132 133 134 135 136 137 138 139 140 259 770 23 
                bytes:[2048]
       6554     524328          0          0: 129 142 143 144 145 133 134 135 136 137 138 139 140 259 770 23 
                bytes:[80]
       1170     524512          0          0: 557 771 23 
                bytes:[448]
      10923     524312          0          0: 353 648 335 253 254 772 23 
                bytes:[48]
       2979     524376          0          0: 146 147 148 149 150 151 130 131 132 133 134 135 136 137 138 139 140 259 770 23 
                bytes:[176]
       8193    1048704          0          0: 11 12 174 14 
                bytes:[128]
       2341     524400          0          0: 654 12 174 14 
                bytes:[224]
       1638     524448          0          0: 420 12 174 14 
                bytes:[320]
       4096     524352          0          0: 56 57 58 59 60 61 62 63 64 84 29 30 328 329 397 398 773 23 
                bytes:[128]
      16384     524304          0          0: 766 444 774 775 
                bytes:[32]
      10923     524312          0          0: 280 79 80 81 82 83 60 61 62 63 64 65 253 254 356 357 324 776 23 
                bytes:[48]
       1260     524496          0          0: 146 147 148 149 150 151 130 131 132 133 134 135 136 137 138 139 140 259 776 23 
                bytes:[416]
       1820     524432          0          0: 777 187 188 189 346 140 259 776 23 
                bytes:[288]
      32768     524296          0          0: 778 447 286 287 237 238 239 240 222 305 379 
                bytes:[16]
       2521     524392          0          0: 779 780 25 192 193 194 30 328 329 781 782 7 8 783 784 785 786 787 
                bytes:[208]
        341     525056          0          0: 298 299 300 193 194 30 210 211 212 213 214 215 216 131 132 133 134 135 136 137 138 139 140 259 788 23 
                bytes:[1536]
      16384     524304          0          0: 77 78 79 80 81 82 83 60 61 62 63 64 65 66 67 68 156 36 157 351 789 23 
                bytes:[32]
       2731     524384          0          0: 654 12 13 14 
                bytes:[192]
       6554     524328          0          0: 129 130 131 132 133 134 135 136 137 138 139 140 259 789 23 
                bytes:[80]
       4681     524344          0          0: 790 222 305 379 
                bytes:[112]
      32768     524296          0          0: 791 131 132 133 134 135 136 137 138 139 140 259 789 23 
                bytes:[16]
        455     524864          0          0: 129 130 131 132 133 134 135 136 137 138 139 140 259 789 23 
                bytes:[1152]
       8192     524320          0          0: 792 793 794 136 137 138 139 140 259 789 23 
                bytes:[64]
       2731     524384          0          0: 420 12 174 14 
                bytes:[192]
      32768     524296          0          0: 778 447 286 287 237 238 239 240 222 223 224 225 226 227 228 229 230 139 140 259 795 23 
                bytes:[16]
        455     524864          0          0: 796 303 238 239 240 222 223 224 225 226 227 228 229 230 139 140 259 795 23 
                bytes:[1152]
       2048     524416          0          0: 129 130 131 132 133 134 135 136 137 138 139 140 259 795 23 
                bytes:[256]
        683     524672          0          0: 129 130 131 132 133 134 135 136 137 138 139 140 259 795 23 
                bytes:[768]
       4096     524352          0          0: 797 351 798 23 
                bytes:[128]
       5461     524336          0          0: 129 130 131 132 133 134 135 136 137 138 139 140 259 798 23 
                bytes:[96]
        410     524928          0          0: 173 153 154 155 12 174 14 
                bytes:[1280]
       1820     524432          0          0: 94 95 66 67 68 75 76 36 71 745 746 799 23 
                bytes:[288]
      32768     524296          0          0: 348 81 82 83 60 61 62 63 64 84 29 30 31 32 85 800 36 199 355 798 23 
                bytes:[16]
       2521     524392          0          0: 247 242 248 458 130 131 132 133 134 135 136 137 138 139 140 259 798 23 
                bytes:[208]
      32770    2097280          0          0: 420 12 174 14 
                bytes:[64]
       3277     524368          0          0: 173 153 154 155 12 13 14 
                bytes:[160]
         19     538038          0          0: 221 222 223 224 225 226 227 228 229 230 139 140 259 801 23 
                bytes:[27264]
         33    1081685          0          0: 802 803 804 805 806 807 808 809 810 23 
                bytes:[32768]
       1260     524496          0          0: 698 405 61 62 63 64 84 29 30 328 329 397 398 801 23 
                bytes:[416]
        455     524864          0          0: 146 147 148 149 150 151 130 131 132 133 134 135 136 137 138 139 140 259 801 23 
                bytes:[1152]
       4681     524344          0          0: 811 812 813 444 774 775 
                bytes:[112]
      32768     524296          0          0: 348 81 82 83 60 61 62 63 64 65 66 67 68 814 815 36 816 817 818 23 
                bytes:[16]
       6554     524328          0          0: 519 520 29 30 210 211 212 213 214 215 440 144 145 133 134 135 136 137 138 139 140 259 801 23 
                bytes:[80]
      16384     524304          0          0: 654 12 174 14 
                bytes:[32]
       1820     524432          0          0: 642 321 819 36 820 809 821 23 
                bytes:[288]
       1260     524496          0          0: 129 130 131 132 133 134 135 136 137 138 139 140 259 822 23 
                bytes:[416]
        128     526338          0          0: 823 803 804 824 825 826 808 809 821 23 
                bytes:[4096]
         16     540842          0          0: 802 803 804 805 806 807 808 809 821 23 
                bytes:[32768]
        128     526338          0          0: 823 803 804 824 825 826 808 809 827 23 
                bytes:[4096]
       1092     524528          0          0: 146 147 148 149 150 151 130 131 132 133 134 135 136 137 138 139 140 259 822 23 
                bytes:[480]
         16     540842          0          0: 802 803 804 805 806 807 808 828 829 
                bytes:[32768]
         39    1076076          0          0: 325 222 223 224 225 226 227 228 229 230 139 140 259 822 23 
                bytes:[27264]
         16     540842          0          0: 802 803 804 805 806 807 808 830 831 
                bytes:[32768]
       1489     524464          0          0: 393 188 189 190 191 259 832 23 
                bytes:[352]
        683     524672          0          0: 129 130 131 132 133 134 135 136 137 138 139 140 259 832 23 
                bytes:[768]
      32768     524296          0          0: 833 834 194 30 210 211 212 213 214 215 216 131 132 133 134 135 136 137 138 139 140 259 832 23 
                bytes:[16]
      21845     524300          0          0: 497 151 130 131 132 133 134 135 136 137 138 139 140 259 832 23 
                bytes:[24]
         19     538038          0          0: 325 222 223 224 225 226 227 228 229 230 139 140 259 832 23 
                bytes:[27264]
         16     540842          0          0: 802 803 804 824 825 826 808 809 835 23 
                bytes:[32768]
       2979     524376          0          0: 129 130 131 132 133 134 135 136 137 138 139 140 259 832 23 
                bytes:[176]
       1365     524480          0          0: 420 12 174 14 
                bytes:[384]
        512     524800          0          0: 173 153 154 155 12 174 14 
                bytes:[1024]
       1024     524544          0          0: 836 837 838 839 840 477 478 203 139 140 259 841 23 
                bytes:[512]
        512     524800          0          0: 207 208 209 193 194 30 210 211 212 213 214 215 216 131 132 133 134 135 136 137 138 139 140 259 841 23 
                bytes:[1024]
         19     538038          0          0: 221 222 223 224 225 226 227 228 229 230 139 140 259 841 23 
                bytes:[27264]
        138    3766267          0          0: 325 222 305 306 307 
                bytes:[27264]
       1260     524496          0          0: 842 843 259 841 23 
                bytes:[416]
        745     524640          0          0: 844 845 846 847 848 849 850 851 808 828 852 
                bytes:[704]
      32768     524296          0          0: 592 593 216 131 132 133 134 135 136 137 138 139 140 259 841 23 
                bytes:[16]
        341     525056          0          0: 146 147 148 149 150 151 130 131 132 133 134 135 136 137 138 139 140 259 841 23 
                bytes:[1536]
      32768     524296          0          0: 853 60 854 60 61 62 63 64 65 253 254 356 357 324 841 23 
                bytes:[16]
         16     540842          0          0: 802 803 804 824 825 826 808 830 855 23 
                bytes:[32768]
       4681     524344          0          0: 856 238 239 240 222 305 379 
                bytes:[112]
      32768     524296          0          0: 592 593 216 131 132 133 134 135 136 137 138 139 140 259 857 23 
                bytes:[16]
       1366    1574592          0          0: 420 12 174 14 
                bytes:[1152]
       1092     524528          0          0: 858 859 188 189 190 394 259 857 23 
                bytes:[480]
         16     540842          0          0: 802 803 804 824 825 826 808 828 860 
                bytes:[32768]
      32768     524296          0          0: 861 800 36 199 355 857 23 
                bytes:[16]
        585     524736          0          0: 399 334 335 66 67 68 862 377 857 23 
                bytes:[896]
       1260     524496          0          0: 129 130 131 132 133 134 135 136 137 138 139 140 259 857 23 
                bytes:[416]
        683     524672          0          0: 146 147 148 149 150 151 130 131 132 133 134 135 136 137 138 139 140 259 857 23 
                bytes:[768]
       3641     524360          0          0: 863 864 447 286 865 834 194 30 210 211 212 213 214 215 216 131 132 133 134 135 136 137 138 139 140 259 857 23 
                bytes:[144]
       4681     524344          0          0: 181 25 26 27 126 253 254 866 867 23 
                bytes:[112]
      32768     524296          0          0: 453 58 59 60 61 62 63 64 84 29 30 31 32 91 92 377 857 23 
                bytes:[16]
      21845     524300          0          0: 654 12 13 14 
                bytes:[24]
         19     538038          0          0: 325 222 223 224 225 226 227 228 229 230 139 140 259 857 23 
                bytes:[27264]
      32768     524296          0          0: 791 131 132 133 134 135 136 137 138 139 140 259 868 23 
                bytes:[16]
      49153    1572912          0          0: 532 533 12 174 14 
                bytes:[32]
      10923     524312          0          0: 869 870 165 18 19 871 377 872 23 
                bytes:[48]
      21845     524300          0          0: 873 198 323 324 872 23 
                bytes:[24]
       1820     524432          0          0: 94 95 66 67 68 381 343 157 351 874 23 
                bytes:[288]
       6554    1048736          0          0: 420 12 174 14 
                bytes:[160]
       1170     524512          0          0: 515 516 517 139 140 259 874 23 
                bytes:[448]
       1820     524432          0          0: 94 95 66 67 68 875 36 876 877 878 23 
                bytes:[288]
         64     528394          0          0: 282 242 283 302 303 238 239 240 222 879 880 881 23 
                bytes:[8192]
         19     538038          0          0: 221 222 223 224 225 226 227 228 229 230 139 140 882 883 23 
                bytes:[27264]
       9363    1048688          0          0: 441 884 885 886 887 775 
                bytes:[112]
       8192     524320          0          0: 792 793 794 136 137 138 139 140 882 888 23 
                bytes:[64]
       4681     524344          0          0: 889 222 305 306 307 
                bytes:[112]
       4681     524344          0          0: 181 25 26 27 126 253 254 890 891 23 
                bytes:[112]
      16384     524304          0          0: 77 78 79 80 81 82 83 60 61 62 63 64 84 29 30 31 32 892 36 876 877 893 894 23 
                bytes:[32]
      21845     524300          0          0: 608 165 18 19 341 342 343 895 896 893 894 23 
                bytes:[24]
      32768     524296          0          0: 402 403 404 405 59 60 61 62 63 64 84 29 30 31 32 897 36 895 896 893 894 23 
                bytes:[16]
       1820     524432          0          0: 94 95 66 67 68 898 899 36 895 896 893 894 23 
                bytes:[288]
        683     524672          0          0: 129 130 131 132 133 134 135 136 137 138 139 140 882 894 23 
                bytes:[768]
       3277     524368          0          0: 129 130 131 132 133 134 135 136 137 138 139 140 882 894 23 
                bytes:[160]
      32768     524296          0          0: 453 58 59 60 61 62 63 64 65 253 254 900 901 23 
                bytes:[16]
       4096     524352          0          0: 56 57 58 59 60 61 62 63 64 84 29 30 328 329 330 902 894 23 
                bytes:[128]
       4681     524344          0          0: 181 25 26 27 126 66 67 68 903 904 36 895 896 893 894 23 
                bytes:[112]
       8192     524320          0          0: 905 906 907 908 909 910 911 912 913 914 915 238 239 240 222 879 880 916 
                bytes:[64]
      32768     524296          0          0: 917 59 60 61 62 63 64 65 66 67 68 918 36 895 896 893 894 23 
                bytes:[16]
       1820     524432          0          0: 94 95 66 67 68 381 343 895 896 893 894 23 
                bytes:[288]
       2521     524392          0          0: 247 242 248 249 57 58 59 60 61 62 63 64 65 66 67 68 918 36 895 896 893 894 23 
                bytes:[208]
       4096     524352          0          0: 56 57 58 59 60 61 62 63 64 65 66 67 68 919 920 36 472 921 922 23 
                bytes:[128]
       4096     524352          0          0: 56 57 58 59 60 61 62 63 64 65 66 67 68 381 343 472 921 922 23 
                bytes:[128]
      10923     524312          0          0: 182 183 60 61 62 63 64 84 29 30 31 32 892 36 876 877 893 923 23 
                bytes:[48]
       2185     524408          0          0: 924 904 36 895 896 893 923 23 
                bytes:[240]
        910     524576          0          0: 129 130 131 132 133 134 135 136 137 138 139 140 882 923 23 
                bytes:[576]
        745     524640          0          0: 925 477 478 203 139 140 882 923 23 
                bytes:[704]
      10923     524312          0          0: 926 927 837 838 839 840 477 478 203 139 140 882 923 23 
                bytes:[48]
       8192     524320          0          0: 928 929 930 149 150 707 57 58 59 60 61 62 63 64 84 29 30 931 880 932 23 
                bytes:[64]
       1820     524432          0          0: 94 95 66 67 68 918 36 895 896 933 23 
                bytes:[288]
       2521     524392          0          0: 247 242 248 249 57 58 59 60 61 62 63 64 65 66 67 68 898 899 36 895 896 933 23 
                bytes:[208]
       1820     524432          0          0: 94 95 66 67 68 934 36 472 921 935 23 
                bytes:[288]
       2521     524392          0          0: 247 242 248 458 936 937 23 
                bytes:[208]
      10923     524312          0          0: 364 60 61 62 63 64 84 29 30 328 329 938 939 937 23 
                bytes:[48]
       2521     524392          0          0: 247 242 248 249 57 58 59 60 61 62 63 64 65 66 67 68 898 940 36 876 877 893 937 23 
                bytes:[208]
       1820     524432          0          0: 941 937 23 
                bytes:[288]
      10923     524312          0          0: 280 79 80 81 82 83 60 61 62 63 64 84 29 30 328 329 406 942 937 23 
                bytes:[48]
       1820     524432          0          0: 94 95 66 67 68 75 904 36 895 896 893 937 23 
                bytes:[288]
      16384     524304          0          0: 235 215 216 131 132 133 134 135 136 137 138 139 140 882 937 23 
                bytes:[32]
       1820     524432          0          0: 129 130 131 132 133 134 135 136 137 138 139 140 882 937 23 
                bytes:[288]
       5042    1048784          0          0: 779 780 25 885 886 887 775 
                bytes:[208]
       4681     524344          0          0: 181 25 26 27 28 29 30 931 880 943 23 
                bytes:[112]
         19     538038          0          0: 221 222 879 880 943 23 
                bytes:[27264]
       4096     524352          0          0: 56 57 58 59 60 61 62 63 64 65 66 67 68 898 899 36 895 896 893 944 23 
                bytes:[128]
      16384     524304          0          0: 395 396 83 60 61 62 63 64 84 29 30 328 329 406 942 944 23 
                bytes:[32]
       4096     524352          0          0: 146 147 148 149 150 707 57 58 59 60 61 62 63 64 84 29 30 328 329 406 942 944 23 
                bytes:[128]
        512     524800          0          0: 146 147 148 149 150 151 130 131 132 133 134 135 136 137 138 139 140 882 944 23 
                bytes:[1024]
       4681     524344          0          0: 129 130 131 132 133 134 135 136 137 138 139 140 882 944 23 
                bytes:[112]
       1170     524512          0          0: 129 130 131 132 133 134 135 136 137 138 139 140 882 945 23 
                bytes:[448]
        455     524864          0          0: 129 130 131 132 133 134 135 136 137 138 139 140 882 945 23 
                bytes:[1152]
      32768     524296          0          0: 946 880 947 23 
                bytes:[16]
      16384     524304          0          0: 395 396 83 60 61 62 63 64 65 66 67 68 934 36 472 921 948 23 
                bytes:[32]
      10923     524312          0          0: 949 196 197 198 876 877 893 950 23 
                bytes:[48]
       4681     524344          0          0: 146 147 148 149 150 151 130 131 132 133 134 135 136 137 138 139 140 882 950 23 
                bytes:[112]
      32768     524296          0          0: 951 218 334 335 66 67 68 591 377 952 23 
                bytes:[16]
        512     524800          0          0: 207 208 209 193 194 30 210 211 212 213 214 215 216 131 132 133 134 135 136 137 138 139 140 259 952 23 
                bytes:[1024]
       1489     524464          0          0: 748 749 750 751 188 189 346 140 259 952 23 
                bytes:[352]
      10923     524312          0          0: 353 648 335 253 254 900 953 23 
                bytes:[48]
         19     538038          0          0: 221 222 879 880 954 23 
                bytes:[27264]
      32768     524296          0          0: 446 447 286 287 237 238 239 240 222 879 880 954 23 
                bytes:[16]
       1092     524528          0          0: 757 955 36 472 921 956 23 
                bytes:[480]
      10923     524312          0          0: 957 958 959 960 961 962 963 23 
                bytes:[48]
       2048     524416          0          0: 340 19 168 169 904 36 895 896 963 23 
                bytes:[256]
      32768     524296          0          0: 453 58 59 60 61 62 63 64 65 66 67 68 918 36 895 896 963 23 
                bytes:[16]
       1820     524432          0          0: 94 95 66 67 68 693 471 895 896 963 23 
                bytes:[288]
      21845     524300          0          0: 497 707 57 58 59 60 61 62 63 64 65 66 67 68 903 904 36 895 896 963 23 
                bytes:[24]
       4096     524352          0          0: 146 147 148 149 150 707 57 58 59 60 61 62 63 64 65 66 67 68 918 36 895 896 963 23 
                bytes:[128]
       2731     524384          0          0: 340 19 341 342 343 876 877 963 23 
                bytes:[192]
       1820     524432          0          0: 94 95 66 67 68 381 343 895 896 963 23 
                bytes:[288]
       2521     524392          0          0: 247 242 248 249 57 58 59 60 61 62 63 64 65 66 67 68 381 343 895 896 963 23 
                bytes:[208]
       2521     524392          0          0: 247 242 248 249 57 58 59 60 61 62 63 64 65 66 67 68 75 904 36 895 896 963 23 
                bytes:[208]
      16384     524304          0          0: 395 396 83 60 61 62 63 64 65 66 67 68 918 36 895 896 963 23 
                bytes:[32]
       4096     524352          0          0: 146 147 148 149 150 707 57 58 59 60 61 62 63 64 65 66 67 68 381 343 895 896 963 23 
                bytes:[128]
       2048     524416          0          0: 167 19 168 169 904 36 895 896 963 23 
                bytes:[256]
       4096     524352          0          0: 56 57 58 59 60 61 62 63 64 84 29 30 31 32 897 36 895 896 963 23 
                bytes:[128]
      32768     524296          0          0: 455 58 59 60 61 62 63 64 84 29 30 31 32 85 531 36 157 351 964 23 
                bytes:[16]
       4096     524352          0          0: 56 57 58 59 60 61 62 63 64 84 29 30 31 32 752 377 964 23 
                bytes:[128]
      32768     524296          0          0: 376 183 60 61 62 63 64 84 29 30 31 32 250 377 965 23 
                bytes:[16]
       2521     524392          0          0: 247 242 248 458 130 131 132 133 134 135 136 137 138 139 140 259 965 23 
                bytes:[208]
       2521     524392          0          0: 966 535 478 203 139 140 259 965 23 
                bytes:[208]
       1820     524432          0          0: 94 95 253 254 900 967 23 
                bytes:[288]
       4681     524344          0          0: 692 26 27 126 253 254 900 968 23 
                bytes:[112]
      10923     524312          0          0: 969 970 971 961 962 972 23 
                bytes:[48]
      16384     524304          0          0: 309 57 58 59 60 61 62 63 64 65 66 67 68 75 973 36 876 877 972 23 
                bytes:[32]
       4681     524344          0          0: 692 26 27 126 66 67 68 898 899 36 895 896 972 23 
                bytes:[112]
      10923     524312          0          0: 869 870 165 18 19 341 342 343 895 896 972 23 
                bytes:[48]
      32768     524296          0          0: 402 403 404 405 59 60 61 62 63 64 65 66 67 68 974 36 876 877 972 23 
                bytes:[16]
       2521     524392          0          0: 247 242 248 249 57 58 59 60 61 62 63 64 65 66 67 68 75 973 36 876 877 972 23 
                bytes:[208]
      10923     524312          0          0: 364 60 61 62 63 64 65 66 67 68 75 904 36 895 896 972 23 
                bytes:[48]
      16384     524304          0          0: 464 468 19 975 36 876 877 972 23 
                bytes:[32]
       4096     524352          0          0: 56 57 58 59 60 61 62 63 64 65 66 67 68 974 36 876 877 972 23 
                bytes:[128]
      16384     524304          0          0: 77 78 79 80 81 82 83 60 61 62 63 64 84 29 30 31 32 897 36 895 896 972 23 
                bytes:[32]
       2521     524392          0          0: 740 169 904 36 895 896 972 23 
                bytes:[208]
      32768     524296          0          0: 976 36 895 896 972 23 
                bytes:[16]
      10923     524312          0          0: 869 870 165 977 18 19 168 169 904 36 895 896 972 23 
                bytes:[48]
       1024     524544          0          0: 146 147 148 149 150 151 130 131 132 133 134 135 136 137 138 139 140 259 978 23 
                bytes:[512]
         64     528394          0          0: 282 242 283 302 303 238 239 240 222 223 224 225 226 227 228 229 230 139 140 259 978 23 
                bytes:[8192]
      10923     524312          0          0: 979 980 981 982 983 984 985 751 188 189 346 140 259 978 23 
                bytes:[48]
       8192     524320          0          0: 928 929 930 149 150 707 57 58 59 60 61 62 63 64 65 66 67 68 919 920 36 472 921 986 23 
                bytes:[64]
       2048     524416          0          0: 340 19 168 169 701 36 472 921 986 23 
                bytes:[256]
      10923     524312          0          0: 957 987 988 989 961 962 990 23 
                bytes:[48]
      10923     524312          0          0: 969 987 988 989 961 962 990 23 
                bytes:[48]
       4681     524344          0          0: 181 25 26 27 126 66 67 68 898 940 36 876 877 990 23 
                bytes:[112]
       4096     524352          0          0: 56 57 58 59 60 61 62 63 64 65 66 67 68 693 471 895 896 990 23 
                bytes:[128]
       4681     524344          0          0: 181 25 26 27 28 29 30 31 32 892 36 876 877 990 23 
                bytes:[112]
       3277     524368          0          0: 167 19 469 470 471 895 896 990 23 
                bytes:[160]
      10923     524312          0          0: 182 183 60 61 62 63 64 84 29 30 31 32 892 36 876 877 990 23 
                bytes:[48]
      16384     524304          0          0: 620 621 468 19 168 169 904 36 895 896 990 23 
                bytes:[32]
       1820     524432          0          0: 94 95 66 67 68 898 940 36 876 877 990 23 
                bytes:[288]
       4096     524352          0          0: 56 57 58 59 60 61 62 63 64 65 66 67 68 875 36 876 877 990 23 
                bytes:[128]
       4096     524352          0          0: 56 57 58 59 60 61 62 63 64 84 29 30 31 32 892 36 876 877 990 23 
                bytes:[128]
      16384     524304          0          0: 395 396 83 60 61 62 63 64 65 253 254 900 991 23 
                bytes:[32]
         19     538038          0          0: 221 222 879 880 992 23 
                bytes:[27264]
      16384     524304          0          0: 77 78 79 80 81 82 83 60 61 62 63 64 84 29 30 31 32 993 450 994 995 23 
                bytes:[32]
      21845     524300          0          0: 996 449 450 994 995 23 
                bytes:[24]
      10923     524312          0          0: 957 970 971 961 962 997 23 
                bytes:[48]
       1820     524432          0          0: 94 95 66 67 68 75 973 36 876 877 997 23 
                bytes:[288]
       2731     524384          0          0: 629 342 343 895 896 997 23 
                bytes:[192]
      16384     524304          0          0: 309 57 58 59 60 61 62 63 64 65 66 67 68 898 899 36 895 896 997 23 
                bytes:[32]
       1820     524432          0          0: 94 95 66 67 68 903 973 36 876 877 997 23 
                bytes:[288]
       4096     524352          0          0: 56 57 58 59 60 61 62 63 64 65 66 67 68 693 471 876 877 997 23 
                bytes:[128]
      16384     524304          0          0: 77 78 79 80 81 82 83 60 61 62 63 64 65 66 67 68 875 36 876 877 997 23 
                bytes:[32]
      10923     524312          0          0: 182 183 60 61 62 63 64 65 66 67 68 974 36 876 877 997 23 
                bytes:[48]
       4681     524344          0          0: 692 26 27 126 66 67 68 265 470 471 895 896 997 23 
                bytes:[112]
       1820     524432          0          0: 94 95 66 67 68 381 343 876 877 997 23 
                bytes:[288]
      32768     524296          0          0: 348 81 82 83 60 61 62 63 64 65 66 67 68 875 36 876 877 997 23 
                bytes:[16]
      16384     524304          0          0: 125 192 193 194 30 195 196 197 198 876 877 997 23 
                bytes:[32]
      16384     524304          0          0: 395 396 83 60 61 62 63 64 65 66 67 68 918 36 895 896 997 23 
                bytes:[32]
       4681     524344          0          0: 692 26 27 126 66 67 68 75 973 36 876 877 997 23 
                bytes:[112]
      32768     524296          0          0: 17 18 19 168 169 973 36 876 877 997 23 
                bytes:[16]
      32768     524296          0          0: 998 999 78 79 80 81 82 83 60 61 62 63 64 65 66 67 68 903 973 36 876 877 997 23 
                bytes:[16]
      16384     524304          0          0: 309 57 58 59 60 61 62 63 64 65 66 67 68 693 471 876 877 997 23 
                bytes:[32]
      10923     524312          0          0: 364 60 61 62 63 64 84 29 30 31 32 897 36 895 896 997 23 
                bytes:[48]
       1820     524432          0          0: 94 95 253 254 900 991 23 
                bytes:[288]
      32768     524296          0          0: 455 58 59 60 61 62 63 64 84 29 30 31 32 993 450 994 995 23 
                bytes:[16]
       4096     524352          0          0: 56 57 58 59 1000 1001 60 61 62 63 64 84 29 30 31 32 448 449 450 994 995 23 
                bytes:[128]
      32768     524296          0          0: 453 58 59 60 61 62 63 64 65 66 67 68 974 36 876 877 997 23 
                bytes:[16]
      32768     524296          0          0: 376 183 60 61 62 63 64 65 66 67 68 903 904 36 895 896 997 23 
                bytes:[16]
       4096     524352          0          0: 146 147 148 149 150 707 57 58 59 60 61 62 63 64 65 66 67 68 75 904 36 895 896 997 23 
                bytes:[128]
       3277     524368          0          0: 1002 470 471 895 896 997 23 
                bytes:[160]
      32768     524296          0          0: 1003 343 895 896 997 23 
                bytes:[16]
       8192     524320          0          0: 928 929 930 149 150 707 57 58 59 60 61 62 63 64 84 29 30 31 32 897 36 895 896 997 23 
                bytes:[64]
       3641    1048864          0          0: 94 95 66 67 68 265 470 471 895 896 997 23 
                bytes:[288]
      32768     524296          0          0: 1004 403 404 405 59 60 61 62 63 64 65 66 67 68 875 36 876 877 997 23 
                bytes:[16]
       4096     524352          0          0: 420 12 174 14 
                bytes:[128]
       1820     524432          0          0: 94 95 1005 880 992 23 
                bytes:[288]
       4096     524352          0          0: 56 57 58 59 60 61 62 63 64 65 66 67 68 919 920 36 472 921 995 23 
                bytes:[128]
      10923     524312          0          0: 364 60 61 62 63 64 65 66 67 68 75 973 36 876 877 997 23 
                bytes:[48]
      10923     524312          0          0: 869 870 165 977 18 19 168 169 973 36 876 877 997 23 
                bytes:[48]
      16384     524304          0          0: 620 621 468 19 168 169 904 36 895 896 997 23 
                bytes:[32]
       4681     524344          0          0: 692 192 193 194 30 1006 1007 1008 876 877 997 23 
                bytes:[112]
      10923     524312          0          0: 869 870 165 18 19 341 342 343 876 877 997 23 
                bytes:[48]
       4096     524352          0          0: 56 57 58 59 60 61 62 63 64 65 66 67 68 591 377 1009 23 
                bytes:[128]
       2521     524392          0          0: 399 219 30 328 329 397 398 1009 23 
                bytes:[208]
        910     524576          0          0: 146 147 148 149 150 151 130 131 132 133 134 135 136 137 138 139 140 259 1009 23 
                bytes:[576]
       6554     524328          0          0: 11 12 13 14 
                bytes:[80]
       4096     524352          0          0: 1010 1011 23 
                bytes:[128]
       4096     524352          0          0: 56 57 58 59 60 61 62 63 64 65 253 254 1012 
                bytes:[128]
       3277     524368          0          0: 925 477 478 203 139 1013 23 
                bytes:[160]
      10923     524312          0          0: 182 183 60 61 62 63 64 84 29 30 31 32 897 36 895 896 893 1014 23 
                bytes:[48]
         19     538038          0          0: 325 222 223 224 225 226 227 228 229 230 139 140 259 1015 23 
                bytes:[27264]
      32768     524296          0          0: 453 58 59 60 61 62 63 64 65 66 67 68 456 36 323 324 1016 23 
                bytes:[16]
       6554     524328          0          0: 519 520 29 30 210 211 212 213 214 215 440 144 145 133 134 135 136 137 138 139 140 259 1017 23 
                bytes:[80]
         19     538038          0          0: 221 222 223 224 225 226 227 228 229 230 139 140 259 1017 23 
                bytes:[27264]
       2521     524392          0          0: 1018 553 1019 187 188 189 346 140 259 1020 23 
                bytes:[208]
        228     525440          0          0: 392 12 174 14 
                bytes:[2304]
       2521     524392          0          0: 966 535 478 203 139 140 259 1021 23 
                bytes:[208]
         64     528394          0          0: 282 242 283 302 303 238 239 240 222 223 224 225 226 227 228 229 230 139 140 259 1021 23 
                bytes:[8192]
       1024     524544          0          0: 1022 1023 492 1024 1025 23 
                bytes:[512]
       1821    1049152          0          0: 236 237 238 239 240 222 305 379 
                bytes:[576]
       2048     524416          0          0: 276 648 335 253 254 1026 1027 1028 1029 40 1030 40 509 40 510 41 40 43 44 40 41 40 45 40 527 40 47 40 48 49 40 50 40 51 40 52 53 40 48 1031 
                bytes:[256]
       2521     524392          0          0: 1032 1033 492 1024 1025 23 
                bytes:[208]
       1260     524496          0          0: 175 1034 1035 178 179 1036 1024 1037 23 
                bytes:[416]
       2521     524392          0          0: 1038 1039 1040 1041 1042 1043 1044 
                bytes:[208]
        256     525312          0          0: 542 218 334 335 66 360 686 502 503 504 505 1045 1046 40 598 40 509 40 510 41 40 43 44 40 41 40 45 40 511 40 512 40 48 49 40 50 40 51 40 52 53 40 48 1031 
                bytes:[2048]
      16384     524304          0          0: 395 396 83 60 61 62 63 64 84 29 30 31 32 354 36 199 355 1047 1048 23 
                bytes:[32]
         16     540842          0          0: 802 803 804 805 806 807 1049 36 1050 1051 23 
                bytes:[32768]
         16     540842          0          0: 802 803 804 805 806 807 808 1052 23 
                bytes:[32768]
        745     524640          0          0: 276 277 30 31 32 448 449 450 522 1053 1048 23 
                bytes:[704]
       3073    1573632          0          0: 152 153 154 155 12 174 14 
                bytes:[512]
      65537    1048592          0          0: 654 12 13 14 
                bytes:[16]
         16     540842          0          0: 802 803 804 824 825 826 1054 1055 1056 23 
                bytes:[32768]
      32768     524296          0          0: 998 999 78 79 80 81 82 83 60 61 62 63 64 65 66 67 68 1057 36 1050 1051 23 
                bytes:[16]
        745     524640          0          0: 129 130 131 132 133 134 135 136 137 138 139 140 259 1047 1048 23 
                bytes:[704]
       1639    1049216          0          0: 146 147 148 149 150 151 130 131 132 133 134 135 136 137 138 139 140 259 1047 1048 23 
                bytes:[640]
      12289    1573056          0          0: 654 12 13 14 
                bytes:[128]
      32768     524296          0          0: 1058 621 1059 1060 1061 502 687 36 688 504 505 1045 1046 40 1030 40 509 40 510 41 40 43 44 40 41 40 45 40 527 40 47 40 48 49 40 50 40 51 40 52 53 40 48 1031 
                bytes:[16]
       6554     524328          0          0: 217 218 334 335 66 67 68 184 377 1047 1062 23 
                bytes:[80]
      32768     524296          0          0: 1063 1064 23 
                bytes:[16]
      21845     524300          0          0: 1065 60 61 62 63 64 65 253 254 1066 1067 23 
                bytes:[24]
       4681     524344          0          0: 181 25 26 27 126 253 254 1066 1067 23 
                bytes:[112]
       3641     524360          0          0: 486 1068 107 611 1069 110 111 112 110 113 492 1024 1070 23 
                bytes:[144]
        512     524800          0          0: 207 208 209 193 194 30 210 211 212 213 214 215 216 131 132 133 134 135 136 137 138 139 140 259 1047 1062 23 
                bytes:[1024]
      32768     524296          0          0: 340 19 20 1071 1072 23 
                bytes:[16]
      32768     524296          0          0: 1073 1074 1075 107 611 1076 110 111 112 110 113 492 1024 1077 23 
                bytes:[16]
       1024     524544          0          0: 1078 1079 1023 492 1024 1077 23 
                bytes:[512]
       4096     524352          0          0: 56 57 58 59 60 61 62 63 64 65 66 67 68 456 36 323 324 1047 1080 23 
                bytes:[128]
       2048     524416          0          0: 382 383 1081 1082 1083 12 13 14 
                bytes:[256]
        341     525056          0          0: 420 12 174 14 
                bytes:[1536]
       3277     524368          0          0: 129 130 131 132 133 134 135 136 137 138 139 140 259 1047 1080 23 
                bytes:[160]
       2731     524384          0          0: 167 19 341 1084 1085 1086 623 628 596 597 40 1030 40 509 40 510 41 40 43 44 40 41 40 45 40 527 40 47 40 48 49 40 50 40 51 40 52 53 40 48 1031 
                bytes:[192]
      16384     524304          0          0: 464 468 19 341 342 343 157 351 1047 1080 23 
                bytes:[32]
       1821    1049152          0          0: 146 147 148 149 150 151 130 131 132 133 134 135 136 137 138 139 140 259 1047 1080 23 
                bytes:[576]
      32768     524296          0          0: 348 81 82 83 60 61 62 63 64 65 66 67 68 693 694 1086 623 628 596 597 40 1030 40 509 40 510 41 40 43 44 40 41 40 45 40 527 40 47 40 48 49 40 50 40 51 40 52 53 40 48 1031 
                bytes:[16]
      10923     524312          0          0: 869 870 165 18 19 168 741 36 199 355 1047 1087 23 
                bytes:[48]
        512     524800          0          0: 152 153 154 155 12 174 14 
                bytes:[1024]
      14044    1573032          0          0: 889 222 305 379 
                bytes:[112]
       1024     524544          0          0: 1088 1089 1090 492 1024 1091 23 
                bytes:[512]
       3277     524368          0          0: 152 153 154 155 12 174 14 
                bytes:[160]
       9831    1573104          0          0: 11 12 13 14 
                bytes:[160]
      21845     524300          0          0: 1092 1093 1094 1095 40 598 40 509 40 510 41 40 43 44 40 41 40 45 40 511 40 512 40 48 49 40 50 40 51 40 52 53 40 48 1031 
                bytes:[24]
       9363    1048688          0          0: 420 12 174 14 
                bytes:[112]
        745     524640          0          0: 1096 1097 502 503 504 505 1045 1046 40 598 40 509 40 510 41 40 43 44 40 41 40 45 40 511 40 512 40 48 49 40 50 40 51 40 52 53 40 48 1031 
                bytes:[704]
      32768     524296          0          0: 998 999 78 79 80 81 82 83 60 61 62 63 64 84 29 30 31 32 91 92 377 1047 1087 23 
                bytes:[16]
      10923     524312          0          0: 1098 1042 1043 1044 
                bytes:[48]
      16384     524304          0          0: 235 215 216 131 132 133 134 135 136 137 138 139 140 259 1047 1087 23 
                bytes:[32]
         66    2163370          0          0: 1099 1100 1101 1102 
                bytes:[32768]
       8192     524320          0          0: 1103 1104 1105 1106 1107 1108 1109 1087 23 
                bytes:[64]
        585     524736          0          0: 152 153 154 155 12 174 14 
                bytes:[896]
        745     524640          0          0: 1096 1110 596 597 40 1030 40 509 40 510 41 40 43 44 40 41 40 45 40 527 40 47 40 48 49 40 50 40 51 40 52 53 40 48 1031 
                bytes:[704]
       4096     524352          0          0: 129 130 131 132 133 134 135 136 137 138 139 140 259 1047 1087 23 
                bytes:[128]
         19     538038          0          0: 221 222 223 224 225 226 227 228 229 230 139 140 259 1047 1087 23 
                bytes:[27264]
        128     526338          0          0: 711 1111 1091 23 
                bytes:[4096]
       1092     524528          0          0: 146 147 148 149 150 151 130 131 132 133 134 135 136 137 138 139 140 259 1047 1087 23 
                bytes:[480]
      32768     524296          0          0: 592 593 216 131 132 133 134 135 136 137 138 139 140 259 1047 1087 23 
                bytes:[16]
       6554     524328          0          0: 146 147 148 149 150 151 130 131 132 133 134 135 136 137 138 139 140 259 1112 23 
                bytes:[80]
      16384     524304          0          0: 309 57 58 59 60 61 62 63 64 65 66 67 68 184 377 1113 23 
                bytes:[32]
        410     524928          0          0: 152 153 154 155 12 174 14 
                bytes:[1280]
         19     538038          0          0: 325 222 223 224 225 226 227 228 229 230 139 140 259 1113 23 
                bytes:[27264]
       1820     524432          0          0: 94 95 66 67 68 454 377 1114 23 
                bytes:[288]
         19     538038          0          0: 325 222 223 224 225 226 227 228 229 230 139 140 259 1114 23 
                bytes:[27264]
        256     525312          0          0: 298 299 300 193 194 30 210 211 212 213 214 215 216 131 132 133 134 135 136 137 138 139 140 259 1115 23 
                bytes:[2048]
      87383    2097200          0          0: 654 12 174 14 
                bytes:[24]
        745     524640          0          0: 542 218 334 335 253 254 255 256 1115 23 
                bytes:[704]
        683     524672          0          0: 129 130 131 132 133 134 135 136 137 138 139 140 259 1115 23 
                bytes:[768]
       4096     524352          0          0: 1116 318 540 317 318 319 320 321 531 36 157 1117 1118 23 
                bytes:[128]
         19     538038          0          0: 221 222 223 224 225 226 227 228 229 230 139 140 259 1119 23 
                bytes:[27264]
        585     524736          0          0: 390 188 189 346 140 259 1119 23 
                bytes:[896]
         64     528394          0          0: 282 242 283 302 303 238 239 240 222 223 224 225 226 227 228 229 230 139 140 259 1120 23 
                bytes:[8192]
      18726    2097376          0          0: 11 12 13 14 
                bytes:[112]
       1820     524432          0          0: 1121 238 239 240 222 305 379 
                bytes:[288]
       8192     524320          0          0: 363 648 335 66 67 68 898 1122 36 1123 1124 23 
                bytes:[64]
      10923     524312          0          0: 364 60 61 62 63 64 65 66 67 68 591 377 1125 23 
                bytes:[48]
        911    1049728          0          0: 173 153 154 155 12 174 14 
                bytes:[1152]
       2048     524416          0          0: 129 130 131 132 133 134 135 136 137 138 139 140 259 1126 23 
                bytes:[256]
       4681     524344          0          0: 340 19 1127 1128 1129 36 1130 1131 23 
                bytes:[112]
       3277     524368          0          0: 167 19 469 470 471 1130 1132 23 
                bytes:[160]
       1820     524432          0          0: 94 95 429 430 431 213 432 433 1133 1134 1135 1136 136 137 138 139 140 259 1137 23 
                bytes:[288]
       4096     524352          0          0: 1138 908 909 910 911 912 913 914 915 238 239 240 222 305 379 
                bytes:[128]
       8192     524320          0          0: 928 929 930 149 150 707 57 58 59 60 61 62 63 64 65 253 254 1139 1140 23 
                bytes:[64]
       8192     524320          0          0: 1141 136 137 138 139 140 259 1142 23 
                bytes:[64]
         16     540842          0          0: 802 803 804 824 825 826 1049 36 1050 1143 1144 23 
                bytes:[32768]
         16     540842          0          0: 802 803 804 824 825 826 808 1145 1146 23 
                bytes:[32768]
        512     524800          0          0: 207 208 209 193 194 30 210 211 212 213 214 215 216 131 132 133 134 135 136 137 138 139 140 259 1147 23 
                bytes:[1024]
         19     538038          0          0: 325 222 223 224 225 226 227 228 229 230 139 140 259 1147 23 
                bytes:[27264]
      10923     524312          0          0: 364 60 61 62 63 64 65 66 67 68 75 1148 36 1149 1150 23 
                bytes:[48]
         64     528394          0          0: 282 242 283 302 303 238 239 240 222 879 880 1151 23 
                bytes:[8192]
        977    2628165          0          0: 644 379 
                bytes:[2688]
        585     524736          0          0: 276 648 335 66 67 68 265 470 471 895 1152 23 
                bytes:[896]
       4096     524352          0          0: 146 147 148 149 150 707 57 58 59 60 61 62 63 64 65 66 67 68 156 36 157 351 1153 23 
                bytes:[128]
         19     538038          0          0: 325 222 223 224 225 226 227 228 229 230 139 140 259 1153 23 
                bytes:[27264]
       1118    1574976          0          0: 304 238 239 240 222 305 379 
                bytes:[1408]
      21845     524300          0          0: 446 447 286 287 237 238 239 240 222 305 379 
                bytes:[24]
        745     524640          0          0: 542 218 334 335 253 254 1026 1027 1028 1154 1155 
                bytes:[704]
         16     540842          0          0: 802 803 804 824 825 826 1054 1055 1155 
                bytes:[32768]
         16     540842          0          0: 802 803 804 805 806 807 1054 1055 1155 
                bytes:[32768]
        128     526338          0          0: 823 803 804 805 806 807 1054 1055 1155 
                bytes:[4096]
      32768     524296          0          0: 951 218 334 335 66 67 68 1156 1157 728 36 729 730 1155 
                bytes:[16]
       6554     524328          0          0: 519 520 29 30 31 32 91 1158 36 1159 1160 23 
                bytes:[80]
         16     540842          0          0: 802 803 804 824 825 826 1054 1055 1161 23 
                bytes:[32768]
       1820     524432          0          0: 1162 1163 1164 1165 851 1049 36 1050 1166 23 
                bytes:[288]
         16     540842          0          0: 802 803 804 805 806 807 808 1167 23 
                bytes:[32768]
      10923     524312          0          0: 1168 339 222 305 379 
                bytes:[48]
       1092     524528          0          0: 858 859 188 189 190 191 259 1169 23 
                bytes:[480]
      21845     524300          0          0: 260 261 262 1170 264 12 174 14 
                bytes:[24]
       8192     524320          0          0: 1171 238 239 240 222 305 306 307 
                bytes:[64]
         19     538038          0          0: 325 222 223 224 225 226 227 228 229 230 139 140 259 1172 23 
                bytes:[27264]
        512     524800          0          0: 378 222 305 306 307 
                bytes:[1024]
      32768     524296          0          0: 455 58 59 60 61 62 63 64 65 66 67 68 1173 36 1174 1175 23 
                bytes:[16]
      10923     524312          0          0: 182 183 60 61 62 63 64 65 66 67 68 381 343 1176 1177 23 
                bytes:[48]
      32768     524296          0          0: 1178 377 1179 23 
                bytes:[16]
       4096     524352          0          0: 146 147 148 149 150 151 130 131 132 133 134 135 136 137 138 139 140 259 1179 23 
                bytes:[128]
       4096     524352          0          0: 129 130 131 132 133 134 135 136 137 138 139 140 259 1179 23 
                bytes:[128]
      43692    2097248          0          0: 654 12 174 14 
                bytes:[48]
      18436    4719744          0          0: 382 383 1081 1082 533 12 174 14 
                bytes:[256]
         19     538038          0          0: 325 222 223 224 225 226 227 228 229 230 139 140 259 1180 23 
                bytes:[27264]
      16384     524304          0          0: 17 18 19 341 342 343 171 1181 23 
                bytes:[32]
       3073    1573632          0          0: 173 153 154 155 12 174 14 
                bytes:[512]
      16384     524304          0          0: 309 57 58 59 60 61 62 63 64 84 29 30 31 32 85 744 36 71 745 1182 23 
                bytes:[32]
     109229    2621500          0          0: 532 533 12 174 14 
                bytes:[24]
        387    3170367          0          0: 282 242 283 302 303 238 239 240 222 305 306 307 
                bytes:[8192]
       1820     524432          0          0: 129 130 131 132 133 134 135 136 137 138 139 140 259 1183 23 
                bytes:[288]
         19     538038          0          0: 325 222 223 224 225 226 227 228 229 230 139 140 259 1183 23 
                bytes:[27264]
        769    1575937          0          0: 152 153 154 155 12 174 14 
                bytes:[2048]
         16     540842          0          0: 802 803 804 805 806 807 808 1184 23 
                bytes:[32768]
      10923     524312          0          0: 1185 1186 851 1049 36 1050 1187 23 
                bytes:[48]
       1024     524544          0          0: 152 153 154 155 12 13 14 
                bytes:[512]
      32768     524296          0          0: 536 368 369 370 20 341 1188 1189 1190 40 48 49 40 50 40 51 40 52 53 40 48 528 1191 23 
                bytes:[16]
      16385    1048640          0          0: 1192 1193 1194 
                bytes:[64]
       1821    1049152          0          0: 252 12 174 14 
                bytes:[576]
      10923     524312          0          0: 1195 136 137 138 139 140 259 1196 23 
                bytes:[48]
       2731     524384          0          0: 152 153 154 155 12 174 14 
                bytes:[192]
      32768     524296          0          0: 833 834 194 30 195 1197 1198 1199 213 1200 426 427 134 135 136 137 138 139 140 259 1201 23 
                bytes:[16]
       4096     524352          0          0: 146 147 148 149 150 707 57 58 59 60 61 62 63 64 65 66 67 68 1202 36 323 324 1203 23 
                bytes:[128]
       6145    1573248          0          0: 152 153 154 155 12 174 14 
                bytes:[256]
     120154    5767432          0          0: 11 12 174 14 
                bytes:[48]
       1173    3153798          0          0: 1204 379 
                bytes:[2688]
      49156    4719024          0          0: 11 12 174 14 
                bytes:[96]
     106502    6816160          0          0: 654 12 13 14 
                bytes:[64]
      32768     524296          0          0: 532 1083 12 13 14 
                bytes:[16]
      32770    2097280          0          0: 11 12 13 14 
                bytes:[64]
      16385    1048640          0          0: 761 154 155 12 13 14 
                bytes:[64]
      65537    1048592          0          0: 1205 1206 1207 238 239 240 222 305 379 
                bytes:[16]
        683     524672          0          0: 129 130 131 132 133 134 135 136 137 138 139 140 1208 23 
                bytes:[768]
      27309    2621680          0          0: 654 12 174 14 
                bytes:[96]
       4096     524352          0          0: 56 57 58 59 60 61 62 63 64 84 29 30 328 329 406 1209 23 
                bytes:[128]
        341     525056          0          0: 298 299 300 193 194 30 210 211 212 213 214 215 216 131 132 133 134 135 136 137 138 139 140 1210 23 
                bytes:[1536]
        683     524672          0          0: 129 130 131 132 133 134 135 136 137 138 139 140 1210 23 
                bytes:[768]
      32769    1048608          0          0: 654 12 13 14 
                bytes:[32]
       1489     524464          0          0: 393 188 189 346 140 1210 23 
                bytes:[352]
      16384     524304          0          0: 1211 1212 1213 1214 1215 1216 1217 1218 1219 
                bytes:[32]
       2979     524376          0          0: 146 147 148 149 150 151 130 131 132 133 134 135 136 137 138 139 140 259 1220 23 
                bytes:[176]
        819     524608          0          0: 146 147 148 149 150 151 130 131 132 133 134 135 136 137 138 139 140 259 1220 23 
                bytes:[640]
       2048     524416          0          0: 152 153 154 155 12 13 14 
                bytes:[256]
      28089    3146064          0          0: 11 12 174 14 
                bytes:[112]
       1026    2101250          0          0: 173 153 154 155 12 174 14 
                bytes:[2048]
       2521     524392          0          0: 247 242 248 249 57 58 59 60 61 62 63 64 65 66 67 68 349 161 377 1221 23 
                bytes:[208]
       8192     524320          0          0: 129 1222 1223 136 137 138 139 140 259 1221 23 
                bytes:[64]
     131082   10486560          0          0: 654 12 174 14 
                bytes:[80]
         64     528394          0          0: 282 242 283 302 303 238 239 240 222 223 224 225 226 227 228 229 230 139 140 259 1221 23 
                bytes:[8192]
       8192     524320          0          0: 1224 1068 107 1225 492 1226 23 
                bytes:[64]
       6554     524328          0          0: 217 218 334 335 66 67 68 381 343 323 324 1227 23 
                bytes:[80]
      65537    1048592          0          0: 260 261 262 263 264 12 13 14 
                bytes:[16]
         64     528394          0          0: 1228 1229 1230 1231 1232 1233 1234 1235 1236 1237 1238 
                bytes:[8192]
         80     527558          0          0: 1239 1240 7 8 1241 1242 1243 1244 1245 1246 1247 1248 1249 
                bytes:[6528]
        128     526338          0          0: 1250 447 286 287 1251 218 334 335 253 254 1252 1253 1254 23 
                bytes:[4096]
       1820     524432          0          0: 1255 40 45 40 511 40 1256 40 48 49 40 50 40 51 40 52 53 40 48 528 1257 23 
                bytes:[288]
       6554     524328          0          0: 129 142 143 144 145 133 134 135 136 137 138 139 140 259 1258 23 
                bytes:[80]
       1638     524448          0          0: 925 477 478 203 139 140 259 1258 23 
                bytes:[320]
        782    2102532          0          0: 1204 306 307 
                bytes:[2688]
         66    2163370          0          0: 1259 1100 1101 1102 
                bytes:[32768]
       2048     524416          0          0: 382 383 384 1260 1261 1262 322 36 323 324 1263 23 
                bytes:[256]
        910     524576          0          0: 129 130 131 132 133 134 135 136 137 138 139 140 259 1263 23 
                bytes:[576]
       2521    1048992          0          0: 420 12 174 14 
                bytes:[416]
      85203    6816264          0          0: 654 12 13 14 
                bytes:[80]
         19     538038          0          0: 221 222 223 224 225 226 227 228 229 230 139 140 259 1264 23 
                bytes:[27264]
       1260     524496          0          0: 842 843 259 1265 23 
                bytes:[416]
      10923     524312          0          0: 552 553 1019 187 188 189 190 394 259 1265 23 
                bytes:[48]
      32768     524296          0          0: 1266 707 57 58 59 60 61 62 63 64 65 66 360 686 502 687 36 688 504 1267 1268 40 41 40 42 40 43 44 40 41 40 43 44 40 41 40 45 40 527 40 47 40 48 49 40 50 40 51 40 52 53 40 48 674 1269 23 
                bytes:[16]
      21845     524300          0          0: 1270 1271 1272 1273 1274 1275 1276 1277 1278 1279 1280 1281 40 527 40 47 40 48 49 40 50 40 51 40 52 53 40 48 528 1282 23 
                bytes:[24]
       3277     524368          0          0: 1283 107 108 1284 110 111 112 110 113 492 717 1285 23 
                bytes:[160]
       6554     524328          0          0: 217 218 334 335 66 67 68 456 36 323 324 1286 23 
                bytes:[80]
       6554     524328          0          0: 1287 1288 213 214 215 440 144 145 133 134 135 136 137 138 139 140 259 1286 23 
                bytes:[80]
       2521     524392          0          0: 247 242 248 458 130 131 132 133 134 135 136 137 138 139 140 259 1286 23 
                bytes:[208]
      98310    6291840          0          0: 654 12 174 14 
                bytes:[64]
       2048     524416          0          0: 1289 1290 616 617 1028 1291 1247 1248 1249 
                bytes:[256]
        819     524608          0          0: 146 147 148 149 150 151 130 131 132 133 134 135 136 137 138 139 140 259 1292 23 
                bytes:[640]
      32771    3670408          0          0: 654 12 13 14 
                bytes:[112]
      65541    5243280          0          0: 11 12 174 14 
                bytes:[80]
      16384     524304          0          0: 395 396 83 60 61 62 63 64 65 66 67 68 903 76 36 71 745 1293 23 
                bytes:[32]
       8192     524320          0          0: 928 929 930 149 150 707 57 58 59 60 61 62 63 64 65 66 67 68 1294 36 1295 1296 23 
                bytes:[64]
        512     524800          0          0: 207 208 209 193 194 30 210 211 212 213 214 215 216 131 132 133 134 135 136 137 138 139 140 259 1297 23 
                bytes:[1024]
      16385    1573008          0          0: 654 12 13 14 
                bytes:[96]
       3641     524360          0          0: 1298 1299 1300 40 48 49 40 50 40 51 40 52 53 40 48 528 1301 23 
                bytes:[144]
      10923     524312          0          0: 1302 1303 1216 1217 1218 1219 
                bytes:[48]
      16384     524304          0          0: 309 57 58 59 60 61 62 63 64 84 29 30 31 32 91 92 377 1304 23 
                bytes:[32]
       1290   10567893          0          0: 282 242 283 302 303 238 239 240 222 305 379 
                bytes:[8192]
      32768     524296          0          0: 917 59 60 61 62 63 64 84 29 30 31 32 91 322 36 323 324 1305 23 
                bytes:[16]
      32768     524296          0          0: 1306 447 286 287 237 238 239 240 222 305 379 
                bytes:[16]
      65537    1572900          0          0: 260 261 262 1170 264 12 13 14 
                bytes:[24]
       1024     524544          0          0: 146 147 148 149 150 151 130 131 132 133 134 135 136 137 138 139 140 259 1307 23 
                bytes:[512]
       4681     524344          0          0: 129 130 131 132 133 134 135 136 137 138 139 140 259 1308 23 
                bytes:[112]
        455     524864          0          0: 796 303 238 239 240 222 223 224 225 226 227 228 229 230 139 140 259 1308 23 
                bytes:[1152]
       4096     524352          0          0: 56 57 58 59 60 61 62 63 64 65 66 67 68 1309 1310 36 1311 1312 23 
                bytes:[128]
      13108    1048656          0          0: 420 12 174 14 
                bytes:[80]
       1820     524432          0          0: 94 95 66 67 68 903 701 36 472 1313 23 
                bytes:[288]
        683     524672          0          0: 298 299 300 193 194 30 210 211 212 213 214 215 216 131 132 133 134 135 136 137 138 139 140 259 1314 23 
                bytes:[768]
       1639    1049216          0          0: 420 12 174 14 
                bytes:[640]
      21845     524300          0          0: 1315 1316 1317 1318 18 19 20 1319 1320 1321 23 
                bytes:[24]
       4096     524352          0          0: 524 426 427 134 135 136 137 138 139 140 259 1314 23 
                bytes:[128]
        341     525056          0          0: 298 299 300 193 194 30 210 211 212 213 214 215 216 131 132 133 134 135 136 137 138 139 140 259 1314 23 
                bytes:[1536]
         19     538038          0          0: 221 222 223 224 225 226 227 228 229 230 139 140 259 1314 23 
                bytes:[27264]
       2979     524376          0          0: 276 648 335 66 67 68 349 350 36 157 351 1322 23 
                bytes:[176]
       1638     524448          0          0: 152 153 154 155 12 174 14 
                bytes:[320]
        512     524800          0          0: 378 222 223 224 225 226 227 228 229 230 139 140 259 1322 23 
                bytes:[1024]
       2341     524400          0          0: 1323 1324 394 259 1322 23 
                bytes:[224]
      21845     524300          0          0: 497 707 57 58 59 60 61 62 63 64 65 66 67 68 381 343 472 1325 23 
                bytes:[24]
        910     524576          0          0: 146 147 148 149 150 151 130 131 132 133 134 135 136 137 138 139 140 259 1326 23 
                bytes:[576]
       1366    1574592          0          0: 1327 379 
                bytes:[1152]
       2521     524392          0          0: 779 780 25 885 886 1328 1329 213 1330 1331 1332 139 140 259 1333 23 
                bytes:[208]
       5461     524336          0          0: 146 147 148 149 150 151 130 131 132 133 134 135 136 137 138 139 140 259 1333 23 
                bytes:[96]
      87385    4194496          0          0: 654 12 13 14 
                bytes:[48]
      10923     524312          0          0: 1195 136 137 138 139 140 259 1334 23 
                bytes:[48]
       3641     524360          0          0: 252 12 174 14 
                bytes:[144]
         19     538038          0          0: 325 222 223 224 225 226 227 228 229 230 139 1335 1336 23 
                bytes:[27264]
      32768     524296          0          0: 592 593 216 131 132 133 134 135 136 137 1337 23 
                bytes:[16]
       1092     524528          0          0: 129 130 131 132 133 134 135 136 137 1337 23 
                bytes:[480]
      87385    4194496          0          0: 555 1338 12 174 14 
                bytes:[48]
       1170     524512          0          0: 1339 1340 1341 1340 1342 23 
                bytes:[448]
       6554     524328          0          0: 1343 1344 1345 1346 23 
                bytes:[80]
         19     538038          0          0: 221 1344 1345 1346 23 
                bytes:[27264]
         19     538038          0          0: 221 222 223 224 225 226 227 228 229 1347 23 
                bytes:[27264]
         19     538038          0          0: 221 222 223 224 225 226 227 228 229 230 1348 23 
                bytes:[27264]
        455     524864          0          0: 152 153 154 155 12 174 14 
                bytes:[1152]
       1184   32282288          0          0: 325 222 305 379 
                bytes:[27264]
       9363    1048688          0          0: 441 1349 
                bytes:[112]
        374   10222724          0          0: 221 222 305 306 307 
                bytes:[27264]
       1489     524464          0          0: 420 12 174 14 
                bytes:[352]
       2278    2624321          0          0: 796 303 238 239 240 222 305 379 
                bytes:[1152]
       1322   36048555          0          0: 221 222 305 379 
                bytes:[27264]
      32768     524296          0          0: 1350 1223 136 137 138 139 1335 1351 1352 23 
                bytes:[16]
        341     525056          0          0: 298 299 300 193 194 30 210 211 212 213 214 215 216 131 132 133 134 135 136 137 138 139 1335 1351 1353 23 
                bytes:[1536]
      12289    1573056          0          0: 654 12 174 14 
                bytes:[128]
       2521     524392          0          0: 966 535 478 203 139 1335 1351 1353 23 
                bytes:[208]
         19     538038          0          0: 221 1344 1345 1354 1355 23 
                bytes:[27264]
       4096     524352          0          0: 392 12 174 14 
                bytes:[128]
     360459   11534688          0          0: 1356 533 12 174 14 
                bytes:[32]
     122887    7864800          0          0: 11 12 174 14 
                bytes:[64]
    1409045   22544728          0          0: 532 533 12 174 14 
                bytes:[16]
         39    1076076          0          0: 325 222 223 224 225 226 227 228 229 230 139 1335 1351 1355 23 
                bytes:[27264]
       9363    1048688          0          0: 181 25 585 238 239 240 222 305 379 
                bytes:[112]
       1820     524432          0          0: 236 237 238 239 240 222 305 379 
                bytes:[288]
         19     538038          0          0: 325 222 223 224 225 226 227 228 229 230 1357 23 
                bytes:[27264]
       1886 7913111897          0          0: 1358 242 685 1083 12 13 14 
                bytes:[4194304]
      76074 319079664198          3   12587134: 1358 242 685 533 12 174 14 
                bytes:[4194304]
       1168 4900591037          1    4195711: 1358 242 1359 12 174 14 
                bytes:[4194304]
       1958 8215203125          1    4195711: 1358 242 1359 12 13 14 
                bytes:[4194304]
       6554     524328          0          0: 1360 1361 1362 1363 226 227 228 229 230 1357 23 
                bytes:[80]
         16     540842          0          0: 1364 23 
                bytes:[32768]
         64     528394         64     528394: 1365 1366 1367 1368 1369 1370 1371 1372 1373 1374 
                bytes:[8192]
       4681     524344          0          0: 1375 1376 1377 1370 1378 1373 1374 
                bytes:[112]
         19     538038         19     538038: 1379 1373 1374 
                bytes:[27264]
       4681     524344          0          0: 1380 1381 1382 1370 1383 1373 1374 
                bytes:[112]
         16     540842          0          0: 802 803 804 1384 1373 1374 
                bytes:[32768]
       4681     524344          0          0: 1385 1386 1377 1370 1387 1373 1374 
                bytes:[112]
         33    1081685          0          0: 802 803 804 824 1388 1389 1373 1374 
                bytes:[32768]
       1170     524512       1170     524512: 1390 1391 1392 1393 
                bytes:[448]
Locations
     1: 0x746da5 M=1 runtime/pprof.writeHeapInternal /workspace/tabmail-cloud/tools/go/src/runtime/pprof/pprof.go:616:0 s=594
     2: 0x746c86 M=1 runtime/pprof.writeAlloc /workspace/tabmail-cloud/tools/go/src/runtime/pprof/pprof.go:591:0 s=590
     3: 0x7440b3 M=1 runtime/pprof.(*Profile).WriteTo /workspace/tabmail-cloud/tools/go/src/runtime/pprof/pprof.go:371:0 s=366
     4: 0x7683d8 M=1 testing/internal/testdeps.TestDeps.WriteProfileTo /workspace/tabmail-cloud/tools/go/src/testing/internal/testdeps/deps.go:59:0 s=58
     5: 0x635bbd M=1 testing.(*M).writeProfiles /workspace/tabmail-cloud/tools/go/src/testing/testing.go:2600:0 s=2576
     6: 0x63562e M=1 testing.(*M).after.func1 /workspace/tabmail-cloud/tools/go/src/testing/testing.go:2565:0 s=2564
     7: 0x4d6011 M=1 sync.(*Once).doSlow /workspace/tabmail-cloud/tools/go/src/sync/once.go:78:0 s=73
     8: 0x4d5f04 M=1 sync.(*Once).Do /workspace/tabmail-cloud/tools/go/src/sync/once.go:69:0 s=52
     9: 0x635584 M=1 testing.(*M).after /workspace/tabmail-cloud/tools/go/src/testing/testing.go:2564:0 s=2563
    10: 0x636799 M=1 testing.(*M).startAlarm.func1 /workspace/tabmail-cloud/tools/go/src/testing/testing.go:2669:0 s=2668
    11: 0xedb494 M=1 github.com/pressly/goose/v3/internal/sqlparser.ParseSQLMigration /workspace/goose-buffer-experiment/baseline/internal/sqlparser/parser.go:219:0 s=103
    12: 0xed9ec4 M=1 github.com/pressly/goose/v3/internal/sqlparser.parse /workspace/goose-buffer-experiment/baseline/internal/sqlparser/parse.go:54:0 s=46
    13: 0xed99c7 M=1 github.com/pressly/goose/v3/internal/sqlparser.ParseAllFromFS.func2 /workspace/goose-buffer-experiment/baseline/internal/sqlparser/parse.go:33:0 s=32
    14: 0xed4666 M=1 golang.org/x/sync/errgroup.(*Group).Go.func1 /workspace/tabmail-cloud/gomod/golang.org/x/sync@v0.22.0/errgroup/errgroup.go:93:0 s=78
    15: 0x7d43e4 M=1 net.(*TCPListener).Accept /workspace/tabmail-cloud/tools/go/src/net/tcpsock.go:382:0 s=376
    16: 0x11716b1 M=1 tabmail/internal/testutil.(*R5SMTPServer).accept /workspace/tabmail/internal/testutil/r5_smtp_script.go:102:0 s=99
    17: 0xab02e9 M=1 github.com/jackc/pgx/v5/pgtype.scanPlanString.Scan /workspace/tabmail-cloud/gomod/github.com/jackc/pgx/v5@v5.10.0/pgtype/pgtype.go:416:0 s=410
    18: 0xc66b9e M=1 github.com/jackc/pgx/v5.(*baseRows).Scan /workspace/tabmail-cloud/gomod/github.com/jackc/pgx/v5@v5.10.0/rows.go:281:0 s=235
    19: 0xc653fc M=1 github.com/jackc/pgx/v5.(*connRow).Scan /workspace/tabmail-cloud/gomod/github.com/jackc/pgx/v5@v5.10.0/rows.go:116:0 s=95
    20: 0xeb5f42 M=1 github.com/jackc/pgx/v5/pgxpool.(*poolRow).Scan /workspace/tabmail-cloud/gomod/github.com/jackc/pgx/v5@v5.10.0/pgxpool/rows.go:110:0 s=99
    21: 0x1891603 M=1 tabmail/internal/store/postgres_test.r5OffboardingState /workspace/tabmail/internal/store/postgres/r5_offboarding_lifecycle_test.go:61:0 s=44
    22: 0x18a1504 M=1 tabmail/internal/store/postgres_test.TestR5OffboardingLifecycleHTTPRechecksAfterTenantWait.func1 /workspace/tabmail/internal/store/postgres/r5_offboarding_lifecycle_test.go:649:0 s=560
    23: 0x62e93c M=1 testing.tRunner /workspace/tabmail-cloud/tools/go/src/testing/testing.go:1934:0 s=1774
    24: 0x5b3513 M=1 context.AfterFunc /workspace/tabmail-cloud/tools/go/src/context/context.go:330:0 s=325
    25: 0xa0ef7c M=1 github.com/jackc/pgx/v5/pgconn/ctxwatch.(*ContextWatcher).Watch /workspace/tabmail-cloud/gomod/github.com/jackc/pgx/v5@v5.10.0/pgconn/ctxwatch/context_watcher.go:42:0 s=32
    26: 0xc1edb3 M=1 github.com/jackc/pgx/v5/pgconn.(*PgConn).execExtendedPrefix /workspace/tabmail-cloud/gomod/github.com/jackc/pgx/v5@v5.10.0/pgconn/pgconn.go:1352:0 s=1323
    27: 0xc1e593 M=1 github.com/jackc/pgx/v5/pgconn.(*PgConn).ExecStatement /workspace/tabmail-cloud/gomod/github.com/jackc/pgx/v5@v5.10.0/pgconn/pgconn.go:1311:0 s=1310
    28: 0xc51c1d M=1 github.com/jackc/pgx/v5.(*Conn).execPrepared /workspace/tabmail-cloud/gomod/github.com/jackc/pgx/v5@v5.10.0/conn.go:613:0 s=607
    29: 0xc5083c M=1 github.com/jackc/pgx/v5.(*Conn).exec /workspace/tabmail-cloud/gomod/github.com/jackc/pgx/v5@v5.10.0/conn.go:550:0 s=490
    30: 0xc4fdb1 M=1 github.com/jackc/pgx/v5.(*Conn).Exec /workspace/tabmail-cloud/gomod/github.com/jackc/pgx/v5@v5.10.0/conn.go:481:0 s=472
    31: 0xc69b94 M=1 github.com/jackc/pgx/v5.(*dbTx).Exec /workspace/tabmail-cloud/gomod/github.com/jackc/pgx/v5@v5.10.0/tx.go:231:0 s=226
    32: 0xeb6fae M=1 github.com/jackc/pgx/v5/pgxpool.(*Tx).Exec /workspace/tabmail-cloud/gomod/github.com/jackc/pgx/v5@v5.10.0/pgxpool/tx.go:70:0 s=69
    33: 0xfc0047 M=1 tabmail/internal/store/postgres.transferOwnedMailboxes /workspace/tabmail/internal/store/postgres/mailbox_revision.go:76:0 s=47
    34: 0xfacef8 M=1 tabmail/internal/store/postgres.(*PgStore).applyOffboarding /workspace/tabmail/internal/store/postgres/employee_disposition.go:341:0 s=310
    35: 0xfabbd2 M=1 tabmail/internal/store/postgres.(*PgStore).ExecuteOffboarding.func1 /workspace/tabmail/internal/store/postgres/employee_disposition.go:290:0 s=244
    36: 0xf76c4a M=1 tabmail/internal/store/postgres.(*PgStore).companyTxScope /workspace/tabmail/internal/store/postgres/company_members.go:96:0 s=60
    37: 0xfaabb9 M=1 tabmail/internal/store/postgres.(*PgStore).companyTx /workspace/tabmail/internal/store/postgres/company_members.go:35:0 s=34
             tabmail/internal/store/postgres.(*PgStore).ExecuteOffboarding /workspace/tabmail/internal/store/postgres/employee_disposition.go:244:0 s=242
    38: 0x16bce88 M=1 tabmail/internal/app/employees.(*Service).Execute /workspace/tabmail/internal/app/employees/service.go:37:0 s=33
    39: 0x17072c4 M=1 tabmail/internal/api/handlers.(*EmployeeLifecycleHandler).Execute /workspace/tabmail/internal/api/handlers/company_lifecycle.go:55:0 s=44
    40: 0xe4baa7 M=1 net/http.HandlerFunc.ServeHTTP /workspace/tabmail-cloud/tools/go/src/net/http/server.go:2322:0 s=2321
    41: 0x1656d0c M=1 github.com/go-chi/chi/v5.(*Mux).routeHTTP /workspace/tabmail-cloud/gomod/github.com/go-chi/chi/v5@v5.2.5/mux.go:479:0 s=441
    42: 0x16993cb M=1 tabmail/internal/api/middleware.RequireAuth.func1 /workspace/tabmail/internal/api/middleware/auth.go:455:0 s=452
    43: 0x16528f6 M=1 github.com/go-chi/chi/v5.(*Mux).ServeHTTP /workspace/tabmail-cloud/gomod/github.com/go-chi/chi/v5@v5.2.5/mux.go:73:0 s=63
    44: 0x165525e M=1 github.com/go-chi/chi/v5.(*Mux).Mount.func1 /workspace/tabmail-cloud/gomod/github.com/go-chi/chi/v5@v5.2.5/mux.go:321:0 s=309
    45: 0x1754321 M=1 tabmail/internal/api/middleware.(*RateLimiter).Middleware-fm.(*RateLimiter).Middleware.func1 /workspace/tabmail/internal/api/middleware/ratelimit.go:92:0 s=39
    46: 0x1750244 M=1 tabmail/internal/api.NewRouter.PermissionLoader.func9.1 /workspace/tabmail/internal/api/middleware/auth.go:209:0 s=186
    47: 0x1752062 M=1 tabmail/internal/api.NewRouter.Auth.func8.1 /workspace/tabmail/internal/api/middleware/auth.go:300:0 s=244
    48: 0x1697504 M=1 tabmail/internal/api/lifecycle.(*Handler).ServeHTTP /workspace/tabmail/internal/api/lifecycle/owner.go:164:0 s=155
    49: 0x169567c M=1 github.com/go-chi/cors.(*Cors).Handler-fm.(*Cors).Handler.func1 /workspace/tabmail-cloud/gomod/github.com/go-chi/cors@v1.2.2/cors.go:231:0 s=212
    50: 0x168b5ac M=1 github.com/go-chi/chi/v5/middleware.Recoverer.func1 /workspace/tabmail-cloud/gomod/github.com/go-chi/chi/v5@v5.2.5/middleware/recoverer.go:45:0 s=23
    51: 0x168db04 M=1 github.com/go-chi/chi/v5/middleware.RequestID.func1 /workspace/tabmail-cloud/gomod/github.com/go-chi/chi/v5@v5.2.5/middleware/request_id.go:76:0 s=68
    52: 0x165287e M=1 github.com/go-chi/chi/v5.(*Mux).ServeHTTP /workspace/tabmail-cloud/gomod/github.com/go-chi/chi/v5@v5.2.5/mux.go:90:0 s=63
    53: 0x17471da M=1 tabmail/internal/api.NewRouter.func7 /workspace/tabmail/internal/api/router.go:395:0 s=375
    54: 0xe82c21 M=1 net/http.serverHandler.ServeHTTP /workspace/tabmail-cloud/tools/go/src/net/http/server.go:3340:0 s=3331
    55: 0xe48c04 M=1 net/http.(*conn).serve /workspace/tabmail-cloud/tools/go/src/net/http/server.go:2109:0 s=1933
    56: 0x5bc507 M=1 fmt.Errorf /workspace/tabmail-cloud/tools/go/src/fmt/errors.go:26:0 s=22
    57: 0xac03af M=1 github.com/jackc/pgx/v5/pgtype.newEncodeError /workspace/tabmail-cloud/gomod/github.com/jackc/pgx/v5@v5.10.0/pgtype/pgtype.go:1963:0 s=1945
    58: 0xac0749 M=1 github.com/jackc/pgx/v5/pgtype.(*Map).Encode /workspace/tabmail-cloud/gomod/github.com/jackc/pgx/v5@v5.10.0/pgtype/pgtype.go:1985:0 s=1969
    59: 0xab84aa M=1 github.com/jackc/pgx/v5/pgtype.(*encodePlanDriverValuer).Encode /workspace/tabmail-cloud/gomod/github.com/jackc/pgx/v5@v5.10.0/pgtype/pgtype.go:1311:0 s=1298
    60: 0xac064b M=1 github.com/jackc/pgx/v5/pgtype.(*Map).Encode /workspace/tabmail-cloud/gomod/github.com/jackc/pgx/v5@v5.10.0/pgtype/pgtype.go:1988:0 s=1969
    61: 0xc6365b M=1 github.com/jackc/pgx/v5.(*ExtendedQueryBuilder).encodeExtendedParamValue /workspace/tabmail-cloud/gomod/github.com/jackc/pgx/v5@v5.10.0/extended_query_builder.go:125:0 s=118
    62: 0xc63267 M=1 github.com/jackc/pgx/v5.(*ExtendedQueryBuilder).appendParam /workspace/tabmail-cloud/gomod/github.com/jackc/pgx/v5@v5.10.0/extended_query_builder.go:79:0 s=56
    63: 0xc631b0 M=1 github.com/jackc/pgx/v5.(*ExtendedQueryBuilder).appendParam /workspace/tabmail-cloud/gomod/github.com/jackc/pgx/v5@v5.10.0/extended_query_builder.go:59:0 s=56
    64: 0xc62a84 M=1 github.com/jackc/pgx/v5.(*ExtendedQueryBuilder).Build /workspace/tabmail-cloud/gomod/github.com/jackc/pgx/v5@v5.10.0/extended_query_builder.go:40:0 s=21
    65: 0xc53ac4 M=1 github.com/jackc/pgx/v5.(*Conn).Query /workspace/tabmail-cloud/gomod/github.com/jackc/pgx/v5@v5.10.0/conn.go:828:0 s=751
    66: 0xc69f72 M=1 github.com/jackc/pgx/v5.(*dbTx).Query /workspace/tabmail-cloud/gomod/github.com/jackc/pgx/v5@v5.10.0/tx.go:251:0 s=244
    67: 0xc6a0a4 M=1 github.com/jackc/pgx/v5.(*dbTx).QueryRow /workspace/tabmail-cloud/gomod/github.com/jackc/pgx/v5@v5.10.0/tx.go:256:0 s=255
    68: 0xeb7221 M=1 github.com/jackc/pgx/v5/pgxpool.(*Tx).QueryRow /workspace/tabmail-cloud/gomod/github.com/jackc/pgx/v5@v5.10.0/pgxpool/tx.go:78:0 s=77
    69: 0xf84570 M=1 tabmail/internal/store/postgres.activeCompanyUser /workspace/tabmail/internal/store/postgres/company_members.go:553:0 s=551
    70: 0xf89908 M=1 tabmail/internal/store/postgres.(*PgStore).SetWorkGrant.func1 /workspace/tabmail/internal/store/postgres/company_members.go:716:0 s=705
    71: 0xf88e24 M=1 tabmail/internal/store/postgres.(*PgStore).companyTx /workspace/tabmail/internal/store/postgres/company_members.go:35:0 s=34
             tabmail/internal/store/postgres.(*PgStore).SetWorkGrant /workspace/tabmail/internal/store/postgres/company_members.go:705:0 s=701
    72: 0x1759fda M=1 tabmail/internal/testpg.NewR5Fixture /workspace/tabmail/internal/testpg/r5_fixture.go:86:0 s=36
    73: 0x175a0f1 M=1 tabmail/internal/testpg.NewR5HTTPFixture /workspace/tabmail/internal/testpg/r5_http_fixture.go:53:0 s=51
    74: 0x189f904 M=1 tabmail/internal/store/postgres_test.TestR5OffboardingLifecycleHTTPRechecksAfterTenantWait.func1 /workspace/tabmail/internal/store/postgres/r5_offboarding_lifecycle_test.go:561:0 s=560
    75: 0xf806d2 M=1 tabmail/internal/store/postgres.(*PgStore).mailboxAccessWithSourceTx /workspace/tabmail/internal/store/postgres/company_members.go:402:0 s=401
    76: 0xf88fec M=1 tabmail/internal/store/postgres.(*PgStore).mailboxAccessTx /workspace/tabmail/internal/store/postgres/company_members.go:394:0 s=393
             tabmail/internal/store/postgres.(*PgStore).SetWorkGrant.func1 /workspace/tabmail/internal/store/postgres/company_members.go:706:0 s=705
    77: 0xae9d04 M=1 github.com/jackc/pgx/v5/pgtype.parseUUID /workspace/tabmail-cloud/gomod/github.com/jackc/pgx/v5@v5.10.0/pgtype/uuid.go:38:0 s=35
    78: 0xaeb6b6 M=1 github.com/jackc/pgx/v5/pgtype.scanPlanTextAnyToUUIDScanner.Scan /workspace/tabmail-cloud/gomod/github.com/jackc/pgx/v5@v5.10.0/pgtype/uuid.go:258:0 s=251
    79: 0xab73a6 M=1 github.com/jackc/pgx/v5/pgtype.codecScan /workspace/tabmail-cloud/gomod/github.com/jackc/pgx/v5@v5.10.0/pgtype/pgtype.go:1174:0 s=1169
    80: 0xaeba70 M=1 github.com/jackc/pgx/v5/pgtype.UUIDCodec.DecodeValue /workspace/tabmail-cloud/gomod/github.com/jackc/pgx/v5@v5.10.0/pgtype/uuid.go:286:0 s=280
    81: 0xab4e2f M=1 github.com/jackc/pgx/v5/pgtype.(*pointerEmptyInterfaceScanPlan).Scan /workspace/tabmail-cloud/gomod/github.com/jackc/pgx/v5@v5.10.0/pgtype/pgtype.go:897:0 s=896
    82: 0xab7273 M=1 github.com/jackc/pgx/v5/pgtype.(*Map).Scan /workspace/tabmail-cloud/gomod/github.com/jackc/pgx/v5@v5.10.0/pgtype/pgtype.go:1164:0 s=1158
    83: 0xab85d0 M=1 github.com/jackc/pgx/v5/pgtype.(*encodePlanDriverValuer).Encode /workspace/tabmail-cloud/gomod/github.com/jackc/pgx/v5@v5.10.0/pgtype/pgtype.go:1322:0 s=1298
    84: 0xc51ac4 M=1 github.com/jackc/pgx/v5.(*Conn).execPrepared /workspace/tabmail-cloud/gomod/github.com/jackc/pgx/v5@v5.10.0/conn.go:608:0 s=607
    85: 0xf78175 M=1 tabmail/internal/store/postgres.companyAudit /workspace/tabmail/internal/store/postgres/company_members.go:113:0 s=108
    86: 0xfad277 M=1 tabmail/internal/store/postgres.(*PgStore).applyOffboarding /workspace/tabmail/internal/store/postgres/employee_disposition.go:344:0 s=310
    87: 0xe73f2b M=1 bufio.NewReaderSize /workspace/tabmail-cloud/tools/go/src/bufio/bufio.go:57:0 s=50
             net/http.(*Transport).dialConn /workspace/tabmail-cloud/tools/go/src/net/http/transport.go:1944:0 s=1739
    88: 0xe6fe8f M=1 net/http.(*Transport).dialConnFor /workspace/tabmail-cloud/tools/go/src/net/http/transport.go:1618:0 s=1610
    89: 0xe6fc3c M=1 net/http.(*Transport).startDialConnForLocked.func1 /workspace/tabmail-cloud/tools/go/src/net/http/transport.go:1600:0 s=1599
    90: 0xb8c2ae M=1 github.com/jackc/pgx/v5/pgtype.encodePlanJSONCodecEitherFormatByteSlice.Encode /workspace/tabmail-cloud/gomod/github.com/jackc/pgx/v5@v5.10.0/pgtype/json.go:111:0 s=105
    91: 0xf787aa M=1 tabmail/internal/store/postgres.companyAudit /workspace/tabmail/internal/store/postgres/company_members.go:121:0 s=108
    92: 0xf7f0f7 M=1 tabmail/internal/store/postgres.(*PgStore).ActivateEmployee /workspace/tabmail/internal/store/postgres/company_members.go:364:0 s=279
    93: 0x1759793 M=1 tabmail/internal/testpg.NewR5Fixture /workspace/tabmail/internal/testpg/r5_fixture.go:66:0 s=36
    94: 0xc5279b M=1 github.com/jackc/pgx/v5.(*Conn).getRows /workspace/tabmail-cloud/gomod/github.com/jackc/pgx/v5@v5.10.0/conn.go:630:0 s=629
    95: 0xc53717 M=1 github.com/jackc/pgx/v5.(*Conn).Query /workspace/tabmail-cloud/gomod/github.com/jackc/pgx/v5@v5.10.0/conn.go:807:0 s=751
    96: 0xfa7b4a M=1 tabmail/internal/store/postgres.offboardingAuthorityEpochTx /workspace/tabmail/internal/store/postgres/employee_disposition.go:135:0 s=124
    97: 0xfa7598 M=1 tabmail/internal/store/postgres.offboardingEpochsTx /workspace/tabmail/internal/store/postgres/employee_disposition.go:109:0 s=108
    98: 0xfa6dcb M=1 tabmail/internal/store/postgres.(*PgStore).offboardingQualifiedTarget /workspace/tabmail/internal/store/postgres/employee_disposition.go:71:0 s=66
    99: 0xfab824 M=1 tabmail/internal/store/postgres.(*PgStore).offboardingPlanTarget /workspace/tabmail/internal/store/postgres/employee_disposition.go:63:0 s=62
             tabmail/internal/store/postgres.(*PgStore).ExecuteOffboarding.func1 /workspace/tabmail/internal/store/postgres/employee_disposition.go:280:0 s=244
   100: 0xfa6602 M=1 tabmail/internal/store/postgres.offboardingSubjectsTx /workspace/tabmail/internal/store/postgres/employee_disposition.go:44:0 s=23
   101: 0xfa6d39 M=1 tabmail/internal/store/postgres.(*PgStore).offboardingQualifiedTarget /workspace/tabmail/internal/store/postgres/employee_disposition.go:67:0 s=66
   102: 0xfa9be4 M=1 tabmail/internal/store/postgres.(*PgStore).offboardingPlanTarget /workspace/tabmail/internal/store/postgres/employee_disposition.go:63:0 s=62
             tabmail/internal/store/postgres.(*PgStore).PreviewOffboarding.func1 /workspace/tabmail/internal/store/postgres/employee_disposition.go:215:0 s=214
   103: 0xfa9764 M=1 tabmail/internal/store/postgres.(*PgStore).companyTx /workspace/tabmail/internal/store/postgres/company_members.go:35:0 s=34
             tabmail/internal/store/postgres.(*PgStore).PreviewOffboarding /workspace/tabmail/internal/store/postgres/employee_disposition.go:214:0 s=203
   104: 0x16bc8e4 M=1 tabmail/internal/app/employees.(*Service).Preview /workspace/tabmail/internal/app/employees/service.go:31:0 s=17
   105: 0x1706ee7 M=1 tabmail/internal/api/handlers.(*EmployeeLifecycleHandler).Preview /workspace/tabmail/internal/api/handlers/company_lifecycle.go:41:0 s=28
   106: 0x16577ba M=1 github.com/go-chi/chi/v5.(*node).InsertRoute /workspace/tabmail-cloud/gomod/github.com/go-chi/chi/v5@v5.2.5/tree.go:172:0 s=138
   107: 0x16561cb M=1 github.com/go-chi/chi/v5.(*Mux).handle /workspace/tabmail-cloud/gomod/github.com/go-chi/chi/v5@v5.2.5/mux.go:436:0 s=416
   108: 0x1653190 M=1 github.com/go-chi/chi/v5.(*Mux).Get /workspace/tabmail-cloud/gomod/github.com/go-chi/chi/v5@v5.2.5/mux.go:156:0 s=155
   109: 0x1714f67 M=1 tabmail/internal/api/handlers.RegisterCompanyRoutes.func1 /workspace/tabmail/internal/api/handlers/company_routes.go:56:0 s=27
   110: 0x165456b M=1 github.com/go-chi/chi/v5.(*Mux).Route /workspace/tabmail-cloud/gomod/github.com/go-chi/chi/v5@v5.2.5/mux.go:277:0 s=272
   111: 0x1713a5e M=1 tabmail/internal/api/handlers.RegisterCompanyRoutes /workspace/tabmail/internal/api/handlers/company_routes.go:27:0 s=25
   112: 0x174b387 M=1 tabmail/internal/api.NewRouter.func2 /workspace/tabmail/internal/api/router.go:182:0 s=172
   113: 0x17461d5 M=1 tabmail/internal/api.NewRouter /workspace/tabmail/internal/api/router.go:172:0 s=126
   114: 0x175b744 M=1 tabmail/internal/testpg.NewR5HTTPFixture /workspace/tabmail/internal/testpg/r5_http_fixture.go:81:0 s=51
   115: 0x16584c4 M=1 github.com/go-chi/chi/v5.(*node).addChild /workspace/tabmail-cloud/gomod/github.com/go-chi/chi/v5@v5.2.5/tree.go:303:0 s=234
   116: 0x16587a4 M=1 github.com/go-chi/chi/v5.(*node).addChild /workspace/tabmail-cloud/gomod/github.com/go-chi/chi/v5@v5.2.5/tree.go:289:0 s=234
   117: 0x16585ab M=1 github.com/go-chi/chi/v5.(*node).addChild /workspace/tabmail-cloud/gomod/github.com/go-chi/chi/v5@v5.2.5/tree.go:308:0 s=234
   118: 0x16578b1 M=1 github.com/go-chi/chi/v5.(*node).InsertRoute /workspace/tabmail-cloud/gomod/github.com/go-chi/chi/v5@v5.2.5/tree.go:173:0 s=138
   119: 0x1713ed9 M=1 tabmail/internal/api/handlers.RegisterCompanyRoutes.func1 /workspace/tabmail/internal/api/handlers/company_routes.go:32:0 s=27
   120: 0x1693b5b M=1 net/textproto.MIMEHeader.Add /workspace/tabmail-cloud/tools/go/src/net/textproto/header.go:15:0 s=13
             net/http.Header.Add /workspace/tabmail-cloud/tools/go/src/net/http/header.go:31:0 s=30
             github.com/go-chi/cors.(*Cors).handleActualRequest /workspace/tabmail-cloud/gomod/github.com/go-chi/cors@v1.2.2/cors.go:297:0 s=291
   121: 0x169565a M=1 github.com/go-chi/cors.(*Cors).Handler-fm.(*Cors).Handler.func1 /workspace/tabmail-cloud/gomod/github.com/go-chi/cors@v1.2.2/cors.go:230:0 s=212
   122: 0xe8268b M=1 bufio.NewWriterSize /workspace/tabmail-cloud/tools/go/src/bufio/bufio.go:602:0 s=592
             net/http.newBufioWriterSize /workspace/tabmail-cloud/tools/go/src/net/http/server.go:909:0 s=900
   123: 0xe4847b M=1 net/http.(*conn).serve /workspace/tabmail-cloud/tools/go/src/net/http/server.go:2018:0 s=1933
   124: 0xf89fe4 M=1 tabmail/internal/store/postgres.(*PgStore).SetWorkGrant.func1 /workspace/tabmail/internal/store/postgres/company_members.go:730:0 s=705
   125: 0xa0eed1 M=1 github.com/jackc/pgx/v5/pgconn/ctxwatch.(*ContextWatcher).Watch /workspace/tabmail-cloud/gomod/github.com/jackc/pgx/v5@v5.10.0/pgconn/ctxwatch/context_watcher.go:42:0 s=32
   126: 0xc54bc4 M=1 github.com/jackc/pgx/v5.(*Conn).Query /workspace/tabmail-cloud/gomod/github.com/jackc/pgx/v5@v5.10.0/conn.go:848:0 s=751
   127: 0xf80272 M=1 tabmail/internal/store/postgres.(*PgStore).ActivateEmployee.func1 /workspace/tabmail/internal/store/postgres/company_members.go:311:0 s=309
   128: 0xf7d9c8 M=1 tabmail/internal/store/postgres.(*PgStore).ActivateEmployee /workspace/tabmail/internal/store/postgres/company_members.go:319:0 s=279
   129: 0x5c173b M=1 fmt.Sprintf /workspace/tabmail-cloud/tools/go/src/fmt/print.go:240:0 s=237
   130: 0xf07b44 M=1 github.com/pressly/goose/v3.(*Provider).runSQL /workspace/goose-buffer-experiment/baseline/provider_run.go:522:0 s=510
   131: 0xf06fd4 M=1 github.com/pressly/goose/v3.(*Provider).runMigration /workspace/goose-buffer-experiment/baseline/provider_run.go:471:0 s=466
   132: 0xf04b65 M=1 github.com/pressly/goose/v3.(*Provider).runIndividually.func1 /workspace/goose-buffer-experiment/baseline/provider_run.go:215:0 s=214
   133: 0xf04ebb M=1 github.com/pressly/goose/v3.beginTx /workspace/goose-buffer-experiment/baseline/provider_run.go:271:0 s=261
   134: 0xf04a44 M=1 github.com/pressly/goose/v3.(*Provider).runIndividually /workspace/goose-buffer-experiment/baseline/provider_run.go:214:0 s=203
   135: 0xf0404c M=1 github.com/pressly/goose/v3.(*Provider).runMigrations /workspace/goose-buffer-experiment/baseline/provider_run.go:158:0 s=96
   136: 0xefdc6b M=1 github.com/pressly/goose/v3.(*Provider).up /workspace/goose-buffer-experiment/baseline/provider.go:409:0 s=347
   137: 0xefc811 M=1 github.com/pressly/goose/v3.(*Provider).Up /workspace/goose-buffer-experiment/baseline/provider.go:252:0 s=244
   138: 0xfd56f7 M=1 tabmail/internal/store/postgres.Migrate /workspace/tabmail/internal/store/postgres/migrate.go:79:0 s=28
   139: 0x101e575 M=1 tabmail/internal/store/postgres.New /workspace/tabmail/internal/store/postgres/postgres.go:38:0 s=21
   140: 0x175720e M=1 tabmail/internal/testpg.NewPostgres /workspace/tabmail/internal/testpg/fixture.go:55:0 s=21
   141: 0x17581c4 M=1 tabmail/internal/testpg.NewR5Fixture /workspace/tabmail/internal/testpg/r5_fixture.go:41:0 s=36
   142: 0xeca43d M=1 github.com/pressly/goose/v3/internal/dialects.(*postgres).InsertVersion /workspace/goose-buffer-experiment/baseline/internal/dialects/postgres.go:31:0 s=29
   143: 0xece9ac M=1 github.com/pressly/goose/v3/database.(*store).Insert /workspace/goose-buffer-experiment/baseline/database/dialects.go:100:0 s=99
   144: 0xf04cc3 M=1 github.com/pressly/goose/v3.(*Provider).maybeInsertOrDelete /workspace/goose-buffer-experiment/baseline/provider_run.go:254:0 s=243
   145: 0xf04bcb M=1 github.com/pressly/goose/v3.(*Provider).runIndividually.func1 /workspace/goose-buffer-experiment/baseline/provider_run.go:218:0 s=214
   146: 0x5bd75c M=1 fmt.(*buffer).writeString /workspace/tabmail-cloud/tools/go/src/fmt/print.go:108:0 s=107
             fmt.(*fmt).padString /workspace/tabmail-cloud/tools/go/src/fmt/format.go:113:0 s=111
   147: 0x5bef74 M=1 fmt.(*fmt).fmtS /workspace/tabmail-cloud/tools/go/src/fmt/format.go:362:0 s=360
   148: 0x5c3955 M=1 fmt.(*pp).fmtString /workspace/tabmail-cloud/tools/go/src/fmt/print.go:497:0 s=488
   149: 0x5c6297 M=1 fmt.(*pp).printArg /workspace/tabmail-cloud/tools/go/src/fmt/print.go:741:0 s=681
   150: 0x5cb0bc M=1 fmt.(*pp).doPrintf /workspace/tabmail-cloud/tools/go/src/fmt/print.go:1074:0 s=1019
   151: 0x5c171c M=1 fmt.Sprintf /workspace/tabmail-cloud/tools/go/src/fmt/print.go:239:0 s=237
   152: 0x5ef604 M=1 bytes.growSlice /workspace/tabmail-cloud/tools/go/src/bytes/buffer.go:255:0 s=235
   153: 0x5eec30 M=1 bytes.(*Buffer).grow /workspace/tabmail-cloud/tools/go/src/bytes/buffer.go:157:0 s=132
   154: 0x5ef1a4 M=1 bytes.(*Buffer).WriteString /workspace/tabmail-cloud/tools/go/src/bytes/buffer.go:197:0 s=193
   155: 0xedb4a7 M=1 github.com/pressly/goose/v3/internal/sqlparser.ParseSQLMigration /workspace/goose-buffer-experiment/baseline/internal/sqlparser/parser.go:219:0 s=103
   156: 0xf7b0e2 M=1 tabmail/internal/store/postgres.(*PgStore).InviteEmployee.func1 /workspace/tabmail/internal/store/postgres/company_members.go:217:0 s=210
   157: 0xf7aca4 M=1 tabmail/internal/store/postgres.(*PgStore).companyTx /workspace/tabmail/internal/store/postgres/company_members.go:35:0 s=34
             tabmail/internal/store/postgres.(*PgStore).InviteEmployee /workspace/tabmail/internal/store/postgres/company_members.go:210:0 s=201
   158: 0x17596b6 M=1 tabmail/internal/testpg.NewR5Fixture /workspace/tabmail/internal/testpg/r5_fixture.go:64:0 s=36
   159: 0xf7f13e M=1 tabmail/internal/store/postgres.(*PgStore).ActivateEmployee /workspace/tabmail/internal/store/postgres/company_members.go:372:0 s=279
   160: 0xf7a1e9 M=1 tabmail/internal/store/postgres.companyDomain /workspace/tabmail/internal/store/postgres/company_members.go:195:0 s=192
   161: 0xf7dc2b M=1 tabmail/internal/store/postgres.(*PgStore).ActivateEmployee /workspace/tabmail/internal/store/postgres/company_members.go:329:0 s=279
   162: 0x18a10a4 M=1 tabmail/internal/store/postgres_test.TestR5OffboardingLifecycleHTTPRechecksAfterTenantWait.func1 /workspace/tabmail/internal/store/postgres/r5_offboarding_lifecycle_test.go:624:0 s=560
   163: 0xfa78c2 M=1 tabmail/internal/store/postgres.offboardingAuthorityEpochTx /workspace/tabmail/internal/store/postgres/employee_disposition.go:130:0 s=124
   164: 0xaeb910 M=1 github.com/jackc/pgx/v5/pgtype.UUIDCodec.DecodeDatabaseSQLValue /workspace/tabmail-cloud/gomod/github.com/jackc/pgx/v5@v5.10.0/pgtype/uuid.go:277:0 s=266
   165: 0xaaff84 M=1 github.com/jackc/pgx/v5/pgtype.(*scanPlanCodecSQLScanner).Scan /workspace/tabmail-cloud/gomod/github.com/jackc/pgx/v5@v5.10.0/pgtype/pgtype.go:380:0 s=379
   166: 0xf7f355 M=1 tabmail/internal/store/postgres.(*PgStore).ActivateEmployee /workspace/tabmail/internal/store/postgres/company_members.go:372:0 s=279
   167: 0xc6668c M=1 github.com/jackc/pgx/v5.(*baseRows).Scan /workspace/tabmail-cloud/gomod/github.com/jackc/pgx/v5@v5.10.0/rows.go:264:0 s=235
   168: 0xfc1e0a M=1 tabmail/internal/store/postgres.(*PgStore).scanMailbox /workspace/tabmail/internal/store/postgres/mailboxes.go:84:0 s=82
   169: 0xf806e5 M=1 tabmail/internal/store/postgres.(*PgStore).mailboxAccessWithSourceTx /workspace/tabmail/internal/store/postgres/company_members.go:402:0 s=401
   170: 0xf8b4ec M=1 tabmail/internal/store/postgres.(*PgStore).mailboxAccessTx /workspace/tabmail/internal/store/postgres/company_members.go:394:0 s=393
             tabmail/internal/store/postgres.(*PgStore).GetWorkMailbox.func1 /workspace/tabmail/internal/store/postgres/company_members.go:773:0 s=771
   171: 0xf8b31b M=1 tabmail/internal/store/postgres.(*PgStore).companyReadTx /workspace/tabmail/internal/store/postgres/company_members.go:47:0 s=46
             tabmail/internal/store/postgres.(*PgStore).GetWorkMailbox /workspace/tabmail/internal/store/postgres/company_members.go:771:0 s=769
   172: 0x1759cfc M=1 tabmail/internal/testpg.NewR5Fixture /workspace/tabmail/internal/testpg/r5_fixture.go:83:0 s=36
   173: 0x5ef5c7 M=1 bytes.growSlice /workspace/tabmail-cloud/tools/go/src/bytes/buffer.go:255:0 s=235
   174: 0xed9b0d M=1 github.com/pressly/goose/v3/internal/sqlparser.ParseAllFromFS.func1 /workspace/goose-buffer-experiment/baseline/internal/sqlparser/parse.go:24:0 s=23
   175: 0x1176e19 M=1 github.com/alicebob/miniredis/v2/server.(*Server).Register /workspace/tabmail-cloud/gomod/github.com/alicebob/miniredis/v2@v2.35.0/server/server.go:153:0 s=146
   176: 0x128b534 M=1 github.com/alicebob/miniredis/v2.commandsSet /workspace/tabmail-cloud/gomod/github.com/alicebob/miniredis/v2@v2.35.0/cmd_set.go:25:0 s=14
   177: 0x1318485 M=1 github.com/alicebob/miniredis/v2.(*Miniredis).start /workspace/tabmail-cloud/gomod/github.com/alicebob/miniredis/v2@v2.35.0/miniredis.go:220:0 s=207
   178: 0x1317fc4 M=1 github.com/alicebob/miniredis/v2.(*Miniredis).Start /workspace/tabmail-cloud/gomod/github.com/alicebob/miniredis/v2@v2.35.0/miniredis.go:176:0 s=171
   179: 0x1317d94 M=1 github.com/alicebob/miniredis/v2.RunT /workspace/tabmail-cloud/gomod/github.com/alicebob/miniredis/v2@v2.35.0/miniredis.go:145:0 s=143
   180: 0x175afe9 M=1 tabmail/internal/testpg.NewR5HTTPFixture /workspace/tabmail/internal/testpg/r5_http_fixture.go:78:0 s=51
   181: 0x5b3456 M=1 context.AfterFunc /workspace/tabmail-cloud/tools/go/src/context/context.go:326:0 s=325
   182: 0x836b2a M=1 github.com/google/uuid.UUID.String /workspace/tabmail-cloud/gomod/github.com/google/uuid@v1.6.0/uuid.go:247:0 s=244
             github.com/google/uuid.UUID.Value /workspace/tabmail-cloud/gomod/github.com/google/uuid@v1.6.0/sql.go:58:0 s=57
   183: 0xab8404 M=1 github.com/jackc/pgx/v5/pgtype.(*encodePlanDriverValuer).Encode /workspace/tabmail-cloud/gomod/github.com/jackc/pgx/v5@v5.10.0/pgtype/pgtype.go:1303:0 s=1298
   184: 0xf7f2c3 M=1 tabmail/internal/store/postgres.(*PgStore).ActivateEmployee /workspace/tabmail/internal/store/postgres/company_members.go:372:0 s=279
   185: 0xa0fdb4 M=1 os/user.Current /workspace/tabmail-cloud/tools/go/src/os/user/lookup.go:26:0 s=21
   186: 0xc06b38 M=1 github.com/jackc/pgx/v5/pgconn.defaultSettings /workspace/tabmail-cloud/gomod/github.com/jackc/pgx/v5@v5.10.0/pgconn/defaults.go:21:0 s=12
   187: 0xbfd02e M=1 github.com/jackc/pgx/v5/pgconn.ParseConfigWithOptions /workspace/tabmail-cloud/gomod/github.com/jackc/pgx/v5@v5.10.0/pgconn/config.go:324:0 s=323
   188: 0xc4be7e M=1 github.com/jackc/pgx/v5.ParseConfigWithOptions /workspace/tabmail-cloud/gomod/github.com/jackc/pgx/v5@v5.10.0/conn.go:166:0 s=165
   189: 0xeb02b8 M=1 github.com/jackc/pgx/v5.ParseConfig /workspace/tabmail-cloud/gomod/github.com/jackc/pgx/v5@v5.10.0/conn.go:239:0 s=238
             github.com/jackc/pgx/v5/pgxpool.ParseConfig /workspace/tabmail-cloud/gomod/github.com/jackc/pgx/v5@v5.10.0/pgxpool/pool.go:360:0 s=359
   190: 0xeaea5e M=1 github.com/jackc/pgx/v5/pgxpool.New /workspace/tabmail-cloud/gomod/github.com/jackc/pgx/v5@v5.10.0/pgxpool/pool.go:211:0 s=210
   191: 0x175737b M=1 tabmail/internal/testpg.NewPostgres /workspace/tabmail/internal/testpg/fixture.go:60:0 s=21
   192: 0xc1dcb1 M=1 github.com/jackc/pgx/v5/pgconn.(*PgConn).Exec /workspace/tabmail-cloud/gomod/github.com/jackc/pgx/v5@v5.10.0/pgconn/pgconn.go:1219:0 s=1197
   193: 0xc51168 M=1 github.com/jackc/pgx/v5.(*Conn).execSimpleProtocol /workspace/tabmail-cloud/gomod/github.com/jackc/pgx/v5@v5.10.0/conn.go:588:0 s=580
   194: 0xc50b15 M=1 github.com/jackc/pgx/v5.(*Conn).exec /workspace/tabmail-cloud/gomod/github.com/jackc/pgx/v5@v5.10.0/conn.go:574:0 s=490
   195: 0xc69225 M=1 github.com/jackc/pgx/v5.(*Conn).BeginTx /workspace/tabmail-cloud/gomod/github.com/jackc/pgx/v5@v5.10.0/tx.go:101:0 s=100
   196: 0xeae4e7 M=1 github.com/jackc/pgx/v5/pgxpool.(*Conn).BeginTx /workspace/tabmail-cloud/gomod/github.com/jackc/pgx/v5@v5.10.0/pgxpool/conn.go:112:0 s=111
   197: 0xeb4f47 M=1 github.com/jackc/pgx/v5/pgxpool.(*Pool).BeginTx /workspace/tabmail-cloud/gomod/github.com/jackc/pgx/v5@v5.10.0/pgxpool/pool.go:812:0 s=806
   198: 0xf7656b M=1 github.com/jackc/pgx/v5/pgxpool.(*Pool).Begin /workspace/tabmail-cloud/gomod/github.com/jackc/pgx/v5@v5.10.0/pgxpool/pool.go:799:0 s=798
             tabmail/internal/store/postgres.(*PgStore).companyTxScope /workspace/tabmail/internal/store/postgres/company_members.go:61:0 s=60
   199: 0xf84c65 M=1 tabmail/internal/store/postgres.(*PgStore).companyTx /workspace/tabmail/internal/store/postgres/company_members.go:35:0 s=34
             tabmail/internal/store/postgres.(*PgStore).CreateWorkMailbox /workspace/tabmail/internal/store/postgres/company_members.go:573:0 s=561
   200: 0x1758f95 M=1 tabmail/internal/testpg.NewR5Fixture /workspace/tabmail/internal/testpg/r5_fixture.go:80:0 s=36
   201: 0xecdca5 M=1 github.com/pressly/goose/v3/database.NewStore /workspace/goose-buffer-experiment/baseline/database/dialects.go:40:0 s=36
   202: 0xefbe64 M=1 github.com/pressly/goose/v3.NewProvider /workspace/goose-buffer-experiment/baseline/provider.go:95:0 s=58
   203: 0xfd55fe M=1 tabmail/internal/store/postgres.Migrate /workspace/tabmail/internal/store/postgres/migrate.go:74:0 s=28
   204: 0xe2c844 M=1 net/http.(*Request).WithContext /workspace/tabmail-cloud/tools/go/src/net/http/request.go:372:0 s=368
   205: 0x1752039 M=1 tabmail/internal/api.NewRouter.Auth.func8.1 /workspace/tabmail/internal/api/middleware/auth.go:300:0 s=244
   206: 0xf7b869 M=1 tabmail/internal/store/postgres.(*PgStore).InviteEmployee.func1 /workspace/tabmail/internal/store/postgres/company_members.go:236:0 s=210
   207: 0x858004 M=1 github.com/jackc/pgx/v5/pgproto3.(*Frontend).Flush /workspace/tabmail-cloud/gomod/github.com/jackc/pgx/v5@v5.10.0/pgproto3/frontend.go:115:0 s=100
   208: 0xc2b0c7 M=1 github.com/jackc/pgx/v5/pgconn.(*PgConn).flushWithPotentialWriteReadDeadlock /workspace/tabmail-cloud/gomod/github.com/jackc/pgx/v5@v5.10.0/pgconn/pgconn.go:2136:0 s=2133
   209: 0xc1dd1c M=1 github.com/jackc/pgx/v5/pgconn.(*PgConn).Exec /workspace/tabmail-cloud/gomod/github.com/jackc/pgx/v5@v5.10.0/pgconn/pgconn.go:1223:0 s=1197
   210: 0xec2d84 M=1 github.com/jackc/pgx/v5/stdlib.(*Conn).ExecContext /workspace/tabmail-cloud/gomod/github.com/jackc/pgx/v5@v5.10.0/stdlib/sql.go:496:0 s=488
   211: 0xa17f4a M=1 database/sql.ctxDriverExec /workspace/tabmail-cloud/tools/go/src/database/sql/ctxutil.go:31:0 s=29
   212: 0xa24045 M=1 database/sql.(*DB).execDC.func2 /workspace/tabmail-cloud/tools/go/src/database/sql/sql.go:1713:0 s=1708
   213: 0xa32ce2 M=1 database/sql.withLock /workspace/tabmail-cloud/tools/go/src/database/sql/sql.go:3572:0 s=3569
   214: 0xa23584 M=1 database/sql.(*DB).execDC /workspace/tabmail-cloud/tools/go/src/database/sql/sql.go:1708:0 s=1696
   215: 0xa2a468 M=1 database/sql.(*Tx).ExecContext /workspace/tabmail-cloud/tools/go/src/database/sql/sql.go:2516:0 s=2511
   216: 0xf07f0d M=1 github.com/pressly/goose/v3.(*Provider).runSQL /workspace/goose-buffer-experiment/baseline/provider_run.go:530:0 s=510
   217: 0xc19154 M=1 github.com/jackc/pgx/v5/pgconn.(*PgConn).Prepare /workspace/tabmail-cloud/gomod/github.com/jackc/pgx/v5@v5.10.0/pgconn/pgconn.go:975:0 s=950
   218: 0xc4e573 M=1 github.com/jackc/pgx/v5.(*Conn).Prepare /workspace/tabmail-cloud/gomod/github.com/jackc/pgx/v5@v5.10.0/conn.go:358:0 s=319
   219: 0xc507b5 M=1 github.com/jackc/pgx/v5.(*Conn).exec /workspace/tabmail-cloud/gomod/github.com/jackc/pgx/v5@v5.10.0/conn.go:543:0 s=490
   220: 0xf89f92 M=1 tabmail/internal/store/postgres.(*PgStore).SetWorkGrant.func1 /workspace/tabmail/internal/store/postgres/company_members.go:725:0 s=705
   221: 0xc4d418 M=1 github.com/jackc/pgx/v5/internal/stmtcache.NewLRUCache /workspace/tabmail-cloud/gomod/github.com/jackc/pgx/v5@v5.10.0/internal/stmtcache/lru_cache.go:37:0 s=29
             github.com/jackc/pgx/v5.connect /workspace/tabmail-cloud/gomod/github.com/jackc/pgx/v5@v5.10.0/conn.go:289:0 s=243
   222: 0xc4bd87 M=1 github.com/jackc/pgx/v5.ConnectConfig /workspace/tabmail-cloud/gomod/github.com/jackc/pgx/v5@v5.10.0/conn.go:160:0 s=155
   223: 0xec1405 M=1 github.com/jackc/pgx/v5/stdlib.connector.Connect /workspace/tabmail-cloud/gomod/github.com/jackc/pgx/v5@v5.10.0/stdlib/sql.go:271:0 s=255
   224: 0xa205b0 M=1 database/sql.(*DB).conn /workspace/tabmail-cloud/tools/go/src/database/sql/sql.go:1431:0 s=1316
   225: 0xa24753 M=1 database/sql.(*DB).query /workspace/tabmail-cloud/tools/go/src/database/sql/sql.go:1759:0 s=1758
   226: 0xa244af M=1 database/sql.(*DB).QueryContext.func1 /workspace/tabmail-cloud/tools/go/src/database/sql/sql.go:1742:0 s=1741
   227: 0xa21b4a M=1 database/sql.(*DB).retry /workspace/tabmail-cloud/tools/go/src/database/sql/sql.go:1576:0 s=1574
   228: 0xa24324 M=1 database/sql.(*DB).QueryContext /workspace/tabmail-cloud/tools/go/src/database/sql/sql.go:1741:0 s=1737
   229: 0xa25a54 M=1 database/sql.(*DB).QueryRowContext /workspace/tabmail-cloud/tools/go/src/database/sql/sql.go:1842:0 s=1841
   230: 0xfd4b44 M=1 tabmail/internal/store/postgres.Migrate /workspace/tabmail/internal/store/postgres/migrate.go:32:0 s=28
   231: 0x116c9f0 M=1 tabmail/internal/authn.IssueAccessToken /workspace/tabmail/internal/authn/jwt.go:52:0 s=41
   232: 0x175bcc4 M=1 tabmail/internal/testpg.NewR5HTTPFixture /workspace/tabmail/internal/testpg/r5_http_fixture.go:91:0 s=51
   233: 0xfc48a9 M=1 tabmail/internal/store/postgres.lockMemberTenant /workspace/tabmail/internal/store/postgres/member_guard.go:30:0 s=28
   234: 0xf7d34e M=1 tabmail/internal/store/postgres.(*PgStore).ActivateEmployee /workspace/tabmail/internal/store/postgres/company_members.go:293:0 s=279
   235: 0xa23a72 M=1 database/sql.(*DB).execDC /workspace/tabmail-cloud/tools/go/src/database/sql/sql.go:1719:0 s=1696
   236: 0xc17884 M=1 github.com/jackc/pgx/v5/pgconn.(*PgConn).receiveMessage /workspace/tabmail-cloud/gomod/github.com/jackc/pgx/v5@v5.10.0/pgconn/pgconn.go:679:0 s=664
   237: 0xc101ae M=1 github.com/jackc/pgx/v5/pgconn.connectOne /workspace/tabmail-cloud/gomod/github.com/jackc/pgx/v5@v5.10.0/pgconn/pgconn.go:431:0 s=313
   238: 0xc0c6ad M=1 github.com/jackc/pgx/v5/pgconn.connectPreferred /workspace/tabmail-cloud/gomod/github.com/jackc/pgx/v5@v5.10.0/pgconn/pgconn.go:265:0 s=247
   239: 0xc0a864 M=1 github.com/jackc/pgx/v5/pgconn.ConnectConfig /workspace/tabmail-cloud/gomod/github.com/jackc/pgx/v5@v5.10.0/pgconn/pgconn.go:160:0 s=142
   240: 0xc4cf8c M=1 github.com/jackc/pgx/v5.connect /workspace/tabmail-cloud/gomod/github.com/jackc/pgx/v5@v5.10.0/conn.go:278:0 s=243
   241: 0xdbce64 M=1 net/http.init.func15 /workspace/tabmail-cloud/tools/go/src/net/http/server.go:834:0 s=834
   242: 0x4d6690 M=1 sync.(*Pool).Get /workspace/tabmail-cloud/tools/go/src/sync/pool.go:155:0 s=131
   243: 0xe5ee2d M=1 net/http.getCopyBuf /workspace/tabmail-cloud/tools/go/src/net/http/server.go:837:0 s=836
             net/http.(*transferWriter).doBodyCopy /workspace/tabmail-cloud/tools/go/src/net/http/transfer.go:414:0 s=413
   244: 0xe5e452 M=1 net/http.(*transferWriter).writeBody /workspace/tabmail-cloud/tools/go/src/net/http/transfer.go:377:0 s=338
   245: 0xe2fdb1 M=1 net/http.(*Request).write /workspace/tabmail-cloud/tools/go/src/net/http/request.go:762:0 s=582
   246: 0xe7ae1d M=1 net/http.(*persistConn).writeLoop /workspace/tabmail-cloud/tools/go/src/net/http/transport.go:2603:0 s=2597
   247: 0x5bc3a4 M=1 fmt.init.func1 /workspace/tabmail-cloud/tools/go/src/fmt/print.go:147:0 s=147
   248: 0x5c0d47 M=1 fmt.newPrinter /workspace/tabmail-cloud/tools/go/src/fmt/print.go:152:0 s=151
   249: 0x5bc493 M=1 fmt.Errorf /workspace/tabmail-cloud/tools/go/src/fmt/errors.go:23:0 s=22
   250: 0xf7e7c5 M=1 tabmail/internal/store/postgres.(*PgStore).ActivateEmployee /workspace/tabmail/internal/store/postgres/company_members.go:354:0 s=279
   251: 0x189debe M=1 tabmail/internal/store/postgres_test.TestR5OffboardingLifecycleShippingHTTP /workspace/tabmail/internal/store/postgres/r5_offboarding_lifecycle_test.go:527:0 s=526
   252: 0xedb733 M=1 bytes.(*Buffer).String /workspace/tabmail-cloud/tools/go/src/bytes/buffer.go:77:0 s=72
             github.com/pressly/goose/v3/internal/sqlparser.ParseSQLMigration /workspace/goose-buffer-experiment/baseline/internal/sqlparser/parser.go:259:0 s=103
   253: 0xeade66 M=1 github.com/jackc/pgx/v5.(*Conn).QueryRow /workspace/tabmail-cloud/gomod/github.com/jackc/pgx/v5@v5.10.0/conn.go:932:0 s=931
             github.com/jackc/pgx/v5/pgxpool.(*Conn).QueryRow /workspace/tabmail-cloud/gomod/github.com/jackc/pgx/v5@v5.10.0/pgxpool/conn.go:94:0 s=93
   254: 0xeb488f M=1 github.com/jackc/pgx/v5/pgxpool.(*Pool).QueryRow /workspace/tabmail-cloud/gomod/github.com/jackc/pgx/v5@v5.10.0/pgxpool/pool.go:780:0 s=774
   255: 0xfc139b M=1 tabmail/internal/store/postgres.(*PgStore).GetMailboxByAddress /workspace/tabmail/internal/store/postgres/mailboxes.go:48:0 s=47
   256: 0x17a42c4 M=1 tabmail/internal/store/postgres_test.seedCompany /workspace/tabmail/internal/store/postgres/company_workflows_test.go:62:0 s=33
   257: 0x18912b2 M=1 tabmail/internal/store/postgres_test.r5OffboardingSeed /workspace/tabmail/internal/store/postgres/r5_offboarding_lifecycle_test.go:33:0 s=28
   258: 0x189ccbe M=1 tabmail/internal/store/postgres_test.TestR5OffboardingLifecyclePlanWaitUsesDatabaseDeadline /workspace/tabmail/internal/store/postgres/r5_offboarding_lifecycle_test.go:464:0 s=463
   259: 0x17a3371 M=1 tabmail/internal/store/postgres_test.seedCompany /workspace/tabmail/internal/store/postgres/company_workflows_test.go:36:0 s=33
   260: 0x5d8b11 M=1 strings.(*Builder).grow /workspace/tabmail-cloud/tools/go/src/strings/builder.go:67:0 s=66
   261: 0x5d8cf3 M=1 strings.(*Builder).Grow /workspace/tabmail-cloud/tools/go/src/strings/builder.go:81:0 s=75
   262: 0x5e4a8e M=1 strings.Replace /workspace/tabmail-cloud/tools/go/src/strings/strings.go:1159:0 s=1145
   263: 0xedd9f1 M=1 github.com/pressly/goose/v3/internal/sqlparser.extractAnnotation /workspace/goose-buffer-experiment/baseline/internal/sqlparser/parser.go:329:0 s=319
   264: 0xedab9b M=1 github.com/pressly/goose/v3/internal/sqlparser.ParseSQLMigration /workspace/goose-buffer-experiment/baseline/internal/sqlparser/parser.go:130:0 s=103
   265: 0x101b9d4 M=1 tabmail/internal/store/postgres.effectivePermissionPolicy /workspace/tabmail/internal/store/postgres/permissions.go:178:0 s=173
   266: 0x100790b M=1 tabmail/internal/store/postgres.effectivePermission /workspace/tabmail/internal/store/postgres/permissions.go:164:0 s=163
             tabmail/internal/store/postgres.permissionEditorSnapshotTx /workspace/tabmail/internal/store/postgres/permission_editor_snapshot.go:116:0 s=32
   267: 0x1004e66 M=1 tabmail/internal/store/postgres.(*PgStore).GetPermissionEditorSnapshot.func1 /workspace/tabmail/internal/store/postgres/permission_editor_snapshot.go:22:0 s=20
   268: 0x1004ce4 M=1 tabmail/internal/store/postgres.(*PgStore).companyReadTx /workspace/tabmail/internal/store/postgres/company_members.go:47:0 s=46
             tabmail/internal/store/postgres.(*PgStore).GetPermissionEditorSnapshot /workspace/tabmail/internal/store/postgres/permission_editor_snapshot.go:20:0 s=18
   269: 0x1897672 M=1 tabmail/internal/store/postgres_test.r5OffboardingAssignProfile /workspace/tabmail/internal/store/postgres/r5_offboarding_lifecycle_test.go:244:0 s=242
   270: 0x189b3d4 M=1 tabmail/internal/store/postgres_test.TestR5OffboardingLifecycleProfileVersionFence.func1 /workspace/tabmail/internal/store/postgres/r5_offboarding_lifecycle_test.go:381:0 s=336
   271: 0x101a32a M=1 tabmail/internal/store/postgres.scanPermProfile /workspace/tabmail/internal/store/postgres/permissions.go:100:0 s=97
   272: 0x1007e84 M=1 tabmail/internal/store/postgres.permissionProfileMutationTx /workspace/tabmail/internal/store/postgres/permission_profile_cas.go:35:0 s=33
   273: 0x100ca24 M=1 tabmail/internal/store/postgres.(*PgStore).DeletePermissionProfileCAS.func1 /workspace/tabmail/internal/store/postgres/permission_profile_cas.go:175:0 s=174
   274: 0x100c844 M=1 tabmail/internal/store/postgres.(*PgStore).companyTx /workspace/tabmail/internal/store/postgres/company_members.go:35:0 s=34
             tabmail/internal/store/postgres.(*PgStore).DeletePermissionProfileCAS /workspace/tabmail/internal/store/postgres/permission_profile_cas.go:174:0 s=160
   275: 0x189b0ea M=1 tabmail/internal/store/postgres_test.TestR5OffboardingLifecycleProfileVersionFence.func1 /workspace/tabmail/internal/store/postgres/r5_offboarding_lifecycle_test.go:371:0 s=336
   276: 0xc45cf3 M=1 github.com/jackc/pgx/v5/internal/stmtcache.StatementName /workspace/tabmail-cloud/gomod/github.com/jackc/pgx/v5@v5.10.0/internal/stmtcache/stmtcache.go:14:0 s=13
   277: 0xc50785 M=1 github.com/jackc/pgx/v5.(*Conn).exec /workspace/tabmail-cloud/gomod/github.com/jackc/pgx/v5@v5.10.0/conn.go:543:0 s=490
   278: 0xface46 M=1 tabmail/internal/store/postgres.(*PgStore).applyOffboarding /workspace/tabmail/internal/store/postgres/employee_disposition.go:337:0 s=310
   279: 0x189a8a7 M=1 tabmail/internal/store/postgres_test.TestR5OffboardingLifecycleProfileVersionFence.func1 /workspace/tabmail/internal/store/postgres/r5_offboarding_lifecycle_test.go:347:0 s=336
   280: 0xaeb6b1 M=1 github.com/jackc/pgx/v5/pgtype.scanPlanTextAnyToUUIDScanner.Scan /workspace/tabmail-cloud/gomod/github.com/jackc/pgx/v5@v5.10.0/pgtype/uuid.go:258:0 s=251
   281: 0xfaafba M=1 tabmail/internal/store/postgres.(*PgStore).ExecuteOffboarding.func1 /workspace/tabmail/internal/store/postgres/employee_disposition.go:247:0 s=244
   282: 0x83fb29 M=1 github.com/jackc/pgx/v5/internal/iobufpool.init.0.func1 /workspace/tabmail-cloud/gomod/github.com/jackc/pgx/v5@v5.10.0/internal/iobufpool/iobufpool.go:21:0 s=20
   283: 0x83fc2f M=1 github.com/jackc/pgx/v5/internal/iobufpool.Get /workspace/tabmail-cloud/gomod/github.com/jackc/pgx/v5@v5.10.0/internal/iobufpool/iobufpool.go:36:0 s=29
   284: 0x848d04 M=1 github.com/jackc/pgx/v5/pgproto3.(*chunkReader).Next /workspace/tabmail-cloud/gomod/github.com/jackc/pgx/v5@v5.10.0/pgproto3/chunkreader.go:65:0 s=45
   285: 0x85a847 M=1 github.com/jackc/pgx/v5/pgproto3.(*Frontend).Receive /workspace/tabmail-cloud/gomod/github.com/jackc/pgx/v5@v5.10.0/pgproto3/frontend.go:332:0 s=311
   286: 0xc15f57 M=1 github.com/jackc/pgx/v5/pgconn.(*PgConn).peekMessage /workspace/tabmail-cloud/gomod/github.com/jackc/pgx/v5@v5.10.0/pgconn/pgconn.go:645:0 s=625
   287: 0xc161a5 M=1 github.com/jackc/pgx/v5/pgconn.(*PgConn).receiveMessage /workspace/tabmail-cloud/gomod/github.com/jackc/pgx/v5@v5.10.0/pgconn/pgconn.go:669:0 s=664
   288: 0xc27454 M=1 github.com/jackc/pgx/v5/pgconn.(*ResultReader).receiveMessage /workspace/tabmail-cloud/gomod/github.com/jackc/pgx/v5@v5.10.0/pgconn/pgconn.go:1872:0 s=1870
   289: 0xc26d24 M=1 github.com/jackc/pgx/v5/pgconn.(*ResultReader).readUntilRowDescription /workspace/tabmail-cloud/gomod/github.com/jackc/pgx/v5@v5.10.0/pgconn/pgconn.go:1839:0 s=1837
   290: 0xc1f544 M=1 github.com/jackc/pgx/v5/pgconn.(*PgConn).execExtendedSuffix /workspace/tabmail-cloud/gomod/github.com/jackc/pgx/v5@v5.10.0/pgconn/pgconn.go:1375:0 s=1358
   291: 0xc1e784 M=1 github.com/jackc/pgx/v5/pgconn.(*PgConn).ExecStatement /workspace/tabmail-cloud/gomod/github.com/jackc/pgx/v5@v5.10.0/pgconn/pgconn.go:1318:0 s=1310
   292: 0x1891593 M=1 tabmail/internal/store/postgres_test.r5OffboardingState /workspace/tabmail/internal/store/postgres/r5_offboarding_lifecycle_test.go:47:0 s=44
   293: 0x189b40d M=1 tabmail/internal/store/postgres_test.TestR5OffboardingLifecycleProfileVersionFence.func1 /workspace/tabmail/internal/store/postgres/r5_offboarding_lifecycle_test.go:382:0 s=336
   294: 0xd800fc M=1 encoding/hex.EncodeToString /workspace/tabmail-cloud/tools/go/src/encoding/hex/hex.go:129:0 s=126
             tabmail/internal/company.Hash /workspace/tabmail/internal/company/types.go:194:0 s=194
   295: 0xfa802a M=1 tabmail/internal/store/postgres.offboardingAuthorityEpochTx /workspace/tabmail/internal/store/postgres/employee_disposition.go:152:0 s=124
   296: 0x1891824 M=1 tabmail/internal/store/postgres_test.r5OffboardingPreview /workspace/tabmail/internal/store/postgres/r5_offboarding_lifecycle_test.go:67:0 s=65
   297: 0x189a62a M=1 tabmail/internal/store/postgres_test.TestR5OffboardingLifecycleProfileVersionFence.func1 /workspace/tabmail/internal/store/postgres/r5_offboarding_lifecycle_test.go:345:0 s=336
   298: 0x863fc7 M=1 github.com/jackc/pgx/v5/pgproto3.(*Query).Encode /workspace/tabmail-cloud/gomod/github.com/jackc/pgx/v5@v5.10.0/pgproto3/query.go:35:0 s=33
   299: 0x859ff2 M=1 github.com/jackc/pgx/v5/pgproto3.(*Frontend).SendQuery /workspace/tabmail-cloud/gomod/github.com/jackc/pgx/v5@v5.10.0/pgproto3/frontend.go:270:0 s=264
   300: 0xc1dd0f M=1 github.com/jackc/pgx/v5/pgconn.(*PgConn).Exec /workspace/tabmail-cloud/gomod/github.com/jackc/pgx/v5@v5.10.0/pgconn/pgconn.go:1222:0 s=1197
   301: 0x189a424 M=1 tabmail/internal/store/postgres_test.TestR5OffboardingLifecycleProfileVersionFence.func1 /workspace/tabmail/internal/store/postgres/r5_offboarding_lifecycle_test.go:337:0 s=336
   302: 0x85791a M=1 github.com/jackc/pgx/v5/pgproto3.newChunkReader /workspace/tabmail-cloud/gomod/github.com/jackc/pgx/v5@v5.10.0/pgproto3/chunkreader.go:39:0 s=25
             github.com/jackc/pgx/v5/pgproto3.NewFrontend /workspace/tabmail-cloud/gomod/github.com/jackc/pgx/v5@v5.10.0/pgproto3/frontend.go:70:0 s=69
   303: 0xc0f681 M=1 github.com/jackc/pgx/v5/pgconn.connectOne /workspace/tabmail-cloud/gomod/github.com/jackc/pgx/v5@v5.10.0/pgconn/pgconn.go:394:0 s=313
   304: 0xc0d412 M=1 github.com/jackc/pgx/v5/pgconn.connectOne /workspace/tabmail-cloud/gomod/github.com/jackc/pgx/v5@v5.10.0/pgconn/pgconn.go:316:0 s=313
   305: 0xeafd24 M=1 github.com/jackc/pgx/v5/pgxpool.NewWithConfig.func3 /workspace/tabmail-cloud/gomod/github.com/jackc/pgx/v5@v5.10.0/pgxpool/pool.go:287:0 s=272
   306: 0xeb930b M=1 github.com/jackc/puddle/v2.(*Pool[go.shape.*uint8]).CreateResource /workspace/tabmail-cloud/gomod/github.com/jackc/puddle/v2@v2.2.2/pool.go:628:0 s=607
   307: 0xeb27d3 M=1 github.com/jackc/pgx/v5/pgxpool.(*Pool).createIdleResources.func1 /workspace/tabmail-cloud/gomod/github.com/jackc/pgx/v5@v5.10.0/pgxpool/pool.go:576:0 s=575
   308: 0x189ab67 M=1 tabmail/internal/store/postgres_test.TestR5OffboardingLifecycleProfileVersionFence.func1 /workspace/tabmail/internal/store/postgres/r5_offboarding_lifecycle_test.go:358:0 s=336
   309: 0x5bc55e M=1 fmt.Errorf /workspace/tabmail-cloud/tools/go/src/fmt/errors.go:32:0 s=22
   310: 0xfa8a22 M=1 tabmail/internal/store/postgres.offboardingSnapshot /workspace/tabmail/internal/store/postgres/employee_disposition.go:189:0 s=166
   311: 0xfa9caf M=1 tabmail/internal/store/postgres.(*PgStore).PreviewOffboarding.func1 /workspace/tabmail/internal/store/postgres/employee_disposition.go:218:0 s=214
   312: 0xc51dcf M=1 github.com/jackc/pgx/v5.(*ExtendedQueryBuilder).reset /workspace/tabmail-cloud/gomod/github.com/jackc/pgx/v5@v5.10.0/extended_query_builder.go:107:0 s=96
             github.com/jackc/pgx/v5.(*Conn).execPrepared /workspace/tabmail-cloud/gomod/github.com/jackc/pgx/v5@v5.10.0/conn.go:614:0 s=607
   313: 0x100e8fb M=1 tabmail/internal/store/postgres.permissionProfileAudit /workspace/tabmail/internal/store/postgres/permission_profile_cas.go:222:0 s=220
   314: 0x100e2c5 M=1 tabmail/internal/store/postgres.(*PgStore).DeletePermissionProfileCAS.func1 /workspace/tabmail/internal/store/postgres/permission_profile_cas.go:209:0 s=174
   315: 0x6a3be9 M=1 bytes.(*Buffer).Grow /workspace/tabmail-cloud/tools/go/src/bytes/buffer.go:174:0 s=170
             encoding/json.marshalerEncoder /workspace/tabmail-cloud/tools/go/src/encoding/json/encode.go:485:0 s=473
   316: 0x6a9e14 M=1 encoding/json.condAddrEncoder.encode /workspace/tabmail-cloud/tools/go/src/encoding/json/encode.go:947:0 s=943
   317: 0x6a71e7 M=1 encoding/json.structEncoder.encode /workspace/tabmail-cloud/tools/go/src/encoding/json/encode.go:758:0 s=728
   318: 0x6a2e03 M=1 encoding/json.(*encodeState).reflectValue /workspace/tabmail-cloud/tools/go/src/encoding/json/encode.go:367:0 s=366
   319: 0x6a2a7b M=1 encoding/json.(*encodeState).marshal /workspace/tabmail-cloud/tools/go/src/encoding/json/encode.go:343:0 s=333
   320: 0x6a1ede M=1 encoding/json.Marshal /workspace/tabmail-cloud/tools/go/src/encoding/json/encode.go:209:0 s=205
   321: 0xf78604 M=1 tabmail/internal/store/postgres.companyAudit /workspace/tabmail/internal/store/postgres/company_members.go:117:0 s=108
   322: 0xf79f37 M=1 tabmail/internal/store/postgres.(*PgStore).ConfigureCompany.func1 /workspace/tabmail/internal/store/postgres/company_members.go:185:0 s=159
   323: 0xf790e4 M=1 tabmail/internal/store/postgres.(*PgStore).companyTx /workspace/tabmail/internal/store/postgres/company_members.go:35:0 s=34
             tabmail/internal/store/postgres.(*PgStore).ConfigureCompany /workspace/tabmail/internal/store/postgres/company_members.go:159:0 s=146
   324: 0x17a3d0d M=1 tabmail/internal/store/postgres_test.seedCompany /workspace/tabmail/internal/store/postgres/company_workflows_test.go:45:0 s=33
   325: 0xc4d82a M=1 github.com/jackc/pgx/v5/internal/stmtcache.NewLRUCache /workspace/tabmail-cloud/gomod/github.com/jackc/pgx/v5@v5.10.0/internal/stmtcache/lru_cache.go:37:0 s=29
             github.com/jackc/pgx/v5.connect /workspace/tabmail-cloud/gomod/github.com/jackc/pgx/v5@v5.10.0/conn.go:293:0 s=243
   326: 0x1899c95 M=1 tabmail/internal/store/postgres_test.TestR5OffboardingLifecycleSharedAndNullableProfileReceipt.func1 /workspace/tabmail/internal/store/postgres/r5_offboarding_lifecycle_test.go:323:0 s=310
   327: 0x1899876 M=1 tabmail/internal/store/postgres_test.TestR5OffboardingLifecycleSharedAndNullableProfileReceipt.func1 /workspace/tabmail/internal/store/postgres/r5_offboarding_lifecycle_test.go:311:0 s=310
   328: 0xeadaf1 M=1 github.com/jackc/pgx/v5/pgxpool.(*Conn).Exec /workspace/tabmail-cloud/gomod/github.com/jackc/pgx/v5@v5.10.0/pgxpool/conn.go:86:0 s=85
   329: 0xeb4089 M=1 github.com/jackc/pgx/v5/pgxpool.(*Pool).Exec /workspace/tabmail-cloud/gomod/github.com/jackc/pgx/v5@v5.10.0/pgxpool/pool.go:734:0 s=727
   330: 0x1049324 M=1 tabmail/internal/store/postgres.(*PgStore).CreateZone /workspace/tabmail/internal/store/postgres/zones.go:30:0 s=22
   331: 0x17a3b71 M=1 tabmail/internal/store/postgres_test.seedCompany /workspace/tabmail/internal/store/postgres/company_workflows_test.go:44:0 s=33
   332: 0x1897f84 M=1 tabmail/internal/store/postgres_test.TestR5OffboardingLifecycleAssignedProfileContentABA.func1 /workspace/tabmail/internal/store/postgres/r5_offboarding_lifecycle_test.go:270:0 s=269
   333: 0xc1913d M=1 github.com/jackc/pgx/v5/pgconn.(*PgConn).Prepare /workspace/tabmail-cloud/gomod/github.com/jackc/pgx/v5@v5.10.0/pgconn/pgconn.go:969:0 s=950
   334: 0xc5526e M=1 github.com/jackc/pgx/v5.(*Conn).getStatementDescription /workspace/tabmail-cloud/gomod/github.com/jackc/pgx/v5@v5.10.0/conn.go:904:0 s=892
   335: 0xc537dc M=1 github.com/jackc/pgx/v5.(*Conn).Query /workspace/tabmail-cloud/gomod/github.com/jackc/pgx/v5@v5.10.0/conn.go:814:0 s=751
   336: 0xfa886a M=1 tabmail/internal/store/postgres.offboardingSnapshot /workspace/tabmail/internal/store/postgres/employee_disposition.go:176:0 s=166
   337: 0x189818a M=1 tabmail/internal/store/postgres_test.TestR5OffboardingLifecycleAssignedProfileContentABA.func1 /workspace/tabmail/internal/store/postgres/r5_offboarding_lifecycle_test.go:278:0 s=269
   338: 0xaae9c7 M=1 github.com/jackc/pgx/v5/pgtype.NewMap /workspace/tabmail-cloud/gomod/github.com/jackc/pgx/v5@v5.10.0/pgtype/pgtype.go:237:0 s=231
   339: 0xc4ca52 M=1 github.com/jackc/pgx/v5.connect /workspace/tabmail-cloud/gomod/github.com/jackc/pgx/v5@v5.10.0/conn.go:259:0 s=243
   340: 0xc66624 M=1 github.com/jackc/pgx/v5.(*baseRows).Scan /workspace/tabmail-cloud/gomod/github.com/jackc/pgx/v5@v5.10.0/rows.go:263:0 s=235
   341: 0x1041041 M=1 tabmail/internal/store/postgres.scanUser /workspace/tabmail/internal/store/postgres/users.go:49:0 s=46
   342: 0xfc4b9a M=1 tabmail/internal/store/postgres.currentMemberActor /workspace/tabmail/internal/store/postgres/member_guard.go:41:0 s=37
   343: 0xf769c4 M=1 tabmail/internal/store/postgres.(*PgStore).companyTxScope /workspace/tabmail/internal/store/postgres/company_members.go:83:0 s=60
   344: 0x189694a M=1 tabmail/internal/store/postgres_test.TestR5OffboardingLifecycleFreshReentryAndSuccessorEpoch /workspace/tabmail/internal/store/postgres/r5_offboarding_lifecycle_test.go:210:0 s=207
   345: 0xeb02dc M=1 github.com/jackc/pgx/v5/pgxpool.ParseConfig /workspace/tabmail-cloud/gomod/github.com/jackc/pgx/v5@v5.10.0/pgxpool/pool.go:365:0 s=359
   346: 0x101e233 M=1 tabmail/internal/store/postgres.New /workspace/tabmail/internal/store/postgres/postgres.go:22:0 s=21
   347: 0x18968be M=1 tabmail/internal/store/postgres_test.TestR5OffboardingLifecycleFreshReentryAndSuccessorEpoch /workspace/tabmail/internal/store/postgres/r5_offboarding_lifecycle_test.go:208:0 s=207
   348: 0xaebaa9 M=1 github.com/jackc/pgx/v5/pgtype.UUIDCodec.DecodeValue /workspace/tabmail-cloud/gomod/github.com/jackc/pgx/v5@v5.10.0/pgtype/uuid.go:290:0 s=280
   349: 0xf7a28f M=1 tabmail/internal/store/postgres.companyDomain /workspace/tabmail/internal/store/postgres/company_members.go:195:0 s=192
   350: 0xf7ae35 M=1 tabmail/internal/store/postgres.(*PgStore).InviteEmployee.func1 /workspace/tabmail/internal/store/postgres/company_members.go:211:0 s=210
   351: 0x17a3ff4 M=1 tabmail/internal/store/postgres_test.seedCompany /workspace/tabmail/internal/store/postgres/company_workflows_test.go:50:0 s=33
   352: 0x189535a M=1 tabmail/internal/store/postgres_test.TestR5OffboardingLifecycleOldCompletionEpochDenied.func1 /workspace/tabmail/internal/store/postgres/r5_offboarding_lifecycle_test.go:147:0 s=146
   353: 0xc45e53 M=1 encoding/hex.EncodeToString /workspace/tabmail-cloud/tools/go/src/encoding/hex/hex.go:129:0 s=126
             github.com/jackc/pgx/v5/internal/stmtcache.StatementName /workspace/tabmail-cloud/gomod/github.com/jackc/pgx/v5@v5.10.0/internal/stmtcache/stmtcache.go:15:0 s=13
   354: 0xf85519 M=1 tabmail/internal/store/postgres.(*PgStore).CreateWorkMailbox.func1 /workspace/tabmail/internal/store/postgres/company_members.go:588:0 s=573
   355: 0x17a443c M=1 tabmail/internal/store/postgres_test.seedCompany /workspace/tabmail/internal/store/postgres/company_workflows_test.go:64:0 s=33
   356: 0xf78a4d M=1 tabmail/internal/store/postgres.(*PgStore).GetCompanySettings /workspace/tabmail/internal/store/postgres/company_members.go:126:0 s=124
   357: 0xf79144 M=1 tabmail/internal/store/postgres.(*PgStore).ConfigureCompany /workspace/tabmail/internal/store/postgres/company_members.go:190:0 s=146
   358: 0x189679a M=1 tabmail/internal/store/postgres_test.TestR5OffboardingLifecycleOldCompletionEpochDenied.func1 /workspace/tabmail/internal/store/postgres/r5_offboarding_lifecycle_test.go:200:0 s=146
   359: 0x1896664 M=1 tabmail/internal/store/postgres_test.TestR5OffboardingLifecycleOldCompletionEpochDenied.func1 /workspace/tabmail/internal/store/postgres/r5_offboarding_lifecycle_test.go:197:0 s=146
   360: 0xeb70ee M=1 github.com/jackc/pgx/v5/pgxpool.(*Tx).Query /workspace/tabmail-cloud/gomod/github.com/jackc/pgx/v5@v5.10.0/pgxpool/tx.go:74:0 s=73
   361: 0xfa7302 M=1 tabmail/internal/store/postgres.(*PgStore).offboardingQualifiedTarget /workspace/tabmail/internal/store/postgres/employee_disposition.go:89:0 s=66
   362: 0x1895507 M=1 tabmail/internal/store/postgres_test.TestR5OffboardingLifecycleOldCompletionEpochDenied.func1 /workspace/tabmail/internal/store/postgres/r5_offboarding_lifecycle_test.go:150:0 s=146
   363: 0xc45e6c M=1 github.com/jackc/pgx/v5/internal/stmtcache.StatementName /workspace/tabmail-cloud/gomod/github.com/jackc/pgx/v5@v5.10.0/internal/stmtcache/stmtcache.go:15:0 s=13
   364: 0xab8556 M=1 github.com/jackc/pgx/v5/pgtype.(*encodePlanDriverValuer).Encode /workspace/tabmail-cloud/gomod/github.com/jackc/pgx/v5@v5.10.0/pgtype/pgtype.go:1322:0 s=1298
   365: 0xf7bad6 M=1 tabmail/internal/store/postgres.(*PgStore).InviteEmployee.func1 /workspace/tabmail/internal/store/postgres/company_members.go:236:0 s=210
   366: 0x848a47 M=1 github.com/jackc/pgx/v5/pgproto3.(*chunkReader).Next /workspace/tabmail-cloud/gomod/github.com/jackc/pgx/v5@v5.10.0/pgproto3/chunkreader.go:50:0 s=45
   367: 0x85a5c4 M=1 github.com/jackc/pgx/v5/pgproto3.(*Frontend).Receive /workspace/tabmail-cloud/gomod/github.com/jackc/pgx/v5@v5.10.0/pgproto3/frontend.go:313:0 s=311
   368: 0xc2618b M=1 github.com/jackc/pgx/v5/pgconn.(*ResultReader).Close /workspace/tabmail-cloud/gomod/github.com/jackc/pgx/v5@v5.10.0/pgconn/pgconn.go:1807:0 s=1800
   369: 0xc655e5 M=1 github.com/jackc/pgx/v5.(*baseRows).Close /workspace/tabmail-cloud/gomod/github.com/jackc/pgx/v5@v5.10.0/rows.go:160:0 s=151
   370: 0xc65409 M=1 github.com/jackc/pgx/v5.(*connRow).Scan /workspace/tabmail-cloud/gomod/github.com/jackc/pgx/v5@v5.10.0/rows.go:117:0 s=95
   371: 0x1005ff9 M=1 tabmail/internal/store/postgres.permissionEditorSnapshotTx /workspace/tabmail/internal/store/postgres/permission_editor_snapshot.go:68:0 s=32
   372: 0x1001c29 M=1 tabmail/internal/store/postgres.(*PgStore).PatchPermissionEditor.func1 /workspace/tabmail/internal/store/postgres/permission_editor_patch.go:26:0 s=25
   373: 0x1001a6d M=1 tabmail/internal/store/postgres.(*PgStore).companyTx /workspace/tabmail/internal/store/postgres/company_members.go:35:0 s=34
             tabmail/internal/store/postgres.(*PgStore).PatchPermissionEditor /workspace/tabmail/internal/store/postgres/permission_editor_patch.go:25:0 s=17
   374: 0x1892745 M=1 tabmail/internal/store/postgres_test.r5OffboardingPermissionABA /workspace/tabmail/internal/store/postgres/r5_offboarding_lifecycle_test.go:93:0 s=89
   375: 0x189651c M=1 tabmail/internal/store/postgres_test.TestR5OffboardingLifecycleOldCompletionEpochDenied.func1 /workspace/tabmail/internal/store/postgres/r5_offboarding_lifecycle_test.go:180:0 s=146
   376: 0x836b2f M=1 github.com/google/uuid.UUID.Value /workspace/tabmail-cloud/gomod/github.com/google/uuid@v1.6.0/sql.go:58:0 s=57
   377: 0x17a403c M=1 tabmail/internal/store/postgres_test.seedCompany /workspace/tabmail/internal/store/postgres/company_workflows_test.go:52:0 s=33
   378: 0xc4d18d M=1 github.com/jackc/pgx/v5.connect /workspace/tabmail-cloud/gomod/github.com/jackc/pgx/v5@v5.10.0/conn.go:286:0 s=243
   379: 0xebbb66 M=1 github.com/jackc/puddle/v2.(*Pool[go.shape.*uint8]).initResourceValue.func1 /workspace/tabmail-cloud/gomod/github.com/jackc/puddle/v2@v2.2.2/pool.go:423:0 s=421
   380: 0xab8509 M=1 github.com/jackc/pgx/v5/pgtype.(*encodePlanDriverValuer).Encode /workspace/tabmail-cloud/gomod/github.com/jackc/pgx/v5@v5.10.0/pgtype/pgtype.go:1321:0 s=1298
   381: 0xfc4b95 M=1 tabmail/internal/store/postgres.currentMemberActor /workspace/tabmail/internal/store/postgres/member_guard.go:41:0 s=37
   382: 0x4d6b2a M=1 sync.(*Pool).pinSlow /workspace/tabmail-cloud/tools/go/src/sync/pool.go:241:0 s=223
   383: 0x4d695c M=1 sync.(*Pool).pin /workspace/tabmail-cloud/tools/go/src/sync/pool.go:220:0 s=202
   384: 0x4d65d3 M=1 sync.(*Pool).Get /workspace/tabmail-cloud/tools/go/src/sync/pool.go:135:0 s=131
   385: 0x70cc25 M=1 regexp.newOnePassMachine /workspace/tabmail-cloud/tools/go/src/regexp/exec.go:384:0 s=383
             regexp.(*Regexp).doOnePass /workspace/tabmail-cloud/tools/go/src/regexp/exec.go:403:0 s=397
   386: 0x70de04 M=1 regexp.(*Regexp).doExecute /workspace/tabmail-cloud/tools/go/src/regexp/exec.go:532:0 s=521
   387: 0xd7fece M=1 regexp.(*Regexp).doMatch /workspace/tabmail-cloud/tools/go/src/regexp/exec.go:514:0 s=513
             regexp.(*Regexp).MatchString /workspace/tabmail-cloud/tools/go/src/regexp/regexp.go:527:0 s=526
             tabmail/internal/company.ValidLocalPart /workspace/tabmail/internal/company/types.go:192:0 s=191
   388: 0xf7a70d M=1 tabmail/internal/store/postgres.(*PgStore).InviteEmployee /workspace/tabmail/internal/store/postgres/company_members.go:206:0 s=201
   389: 0x18929de M=1 tabmail/internal/store/postgres_test.TestR5OffboardingLifecycleFrozenTargetAndQualifiedReplay /workspace/tabmail/internal/store/postgres/r5_offboarding_lifecycle_test.go:100:0 s=99
   390: 0xbfe1cf M=1 github.com/jackc/pgx/v5/pgconn.ParseConfigWithOptions /workspace/tabmail-cloud/gomod/github.com/jackc/pgx/v5@v5.10.0/pgconn/config.go:399:0 s=323
   391: 0x188cc5e M=1 tabmail/internal/store/postgres_test.r5RunMessageMaintenance.func1 /workspace/tabmail/internal/store/postgres/r5_message_maintenance_order_test.go:66:0 s=65
   392: 0xedba67 M=1 github.com/pressly/goose/v3/internal/sqlparser.ParseSQLMigration /workspace/goose-buffer-experiment/baseline/internal/sqlparser/parser.go:248:0 s=103
   393: 0xbfdb38 M=1 github.com/jackc/pgx/v5/pgconn.ParseConfigWithOptions /workspace/tabmail-cloud/gomod/github.com/jackc/pgx/v5@v5.10.0/pgconn/config.go:366:0 s=323
   394: 0x1756be4 M=1 tabmail/internal/testpg.NewPostgres /workspace/tabmail/internal/testpg/fixture.go:32:0 s=21
   395: 0xab6ed4 M=1 github.com/jackc/pgx/v5/pgtype.(*Map).planScan /workspace/tabmail-cloud/gomod/github.com/jackc/pgx/v5@v5.10.0/pgtype/pgtype.go:1152:0 s=1069
   396: 0xab724e M=1 github.com/jackc/pgx/v5/pgtype.(*Map).PlanScan /workspace/tabmail-cloud/gomod/github.com/jackc/pgx/v5@v5.10.0/pgtype/pgtype.go:1066:0 s=1065
             github.com/jackc/pgx/v5/pgtype.(*Map).Scan /workspace/tabmail-cloud/gomod/github.com/jackc/pgx/v5@v5.10.0/pgtype/pgtype.go:1163:0 s=1158
   397: 0x103da13 M=1 tabmail/internal/store/postgres.(*PgStore).CreateTenant /workspace/tabmail/internal/store/postgres/tenants.go:24:0 s=19
   398: 0x17a360b M=1 tabmail/internal/store/postgres_test.seedCompany /workspace/tabmail/internal/store/postgres/company_workflows_test.go:39:0 s=33
   399: 0xc4e5e4 M=1 github.com/jackc/pgx/v5.(*Conn).Prepare /workspace/tabmail-cloud/gomod/github.com/jackc/pgx/v5@v5.10.0/conn.go:368:0 s=319
   400: 0x18812f8 M=1 tabmail/internal/store/postgres_test.r5HistoricalMemberSeed /workspace/tabmail/internal/store/postgres/r5_member_historical_delete_test.go:39:0 s=33
   401: 0x188a8b6 M=1 tabmail/internal/store/postgres_test.TestR5MemberHistoricalDeleteAuthorityAndMailboxGuards.func1 /workspace/tabmail/internal/store/postgres/r5_member_historical_delete_test.go:326:0 s=325
   402: 0xaba5b7 M=1 github.com/jackc/pgx/v5/pgtype.TryWrapBuiltinTypeEncodePlan /workspace/tabmail-cloud/gomod/github.com/jackc/pgx/v5@v5.10.0/pgtype/pgtype.go:1507:0 s=1476
   403: 0xab7d6b M=1 github.com/jackc/pgx/v5/pgtype.(*Map).planEncode /workspace/tabmail-cloud/gomod/github.com/jackc/pgx/v5@v5.10.0/pgtype/pgtype.go:1256:0 s=1226
   404: 0xab7979 M=1 github.com/jackc/pgx/v5/pgtype.(*Map).planEncodeDepth /workspace/tabmail-cloud/gomod/github.com/jackc/pgx/v5@v5.10.0/pgtype/pgtype.go:1218:0 s=1203
   405: 0xac0611 M=1 github.com/jackc/pgx/v5/pgtype.(*Map).PlanEncode /workspace/tabmail-cloud/gomod/github.com/jackc/pgx/v5@v5.10.0/pgtype/pgtype.go:1200:0 s=1199
             github.com/jackc/pgx/v5/pgtype.(*Map).Encode /workspace/tabmail-cloud/gomod/github.com/jackc/pgx/v5@v5.10.0/pgtype/pgtype.go:1983:0 s=1969
   406: 0x1040baf M=1 tabmail/internal/store/postgres.(*PgStore).CreateUser /workspace/tabmail/internal/store/postgres/users.go:34:0 s=27
   407: 0x18830d5 M=1 tabmail/internal/store/postgres_test.r5HistoricalMemberUser /workspace/tabmail/internal/store/postgres/r5_member_historical_delete_test.go:63:0 s=60
   408: 0x18816e4 M=1 tabmail/internal/store/postgres_test.r5HistoricalMemberSeed /workspace/tabmail/internal/store/postgres/r5_member_historical_delete_test.go:44:0 s=33
   409: 0xf068b5 M=1 github.com/pressly/goose/v3.(*Provider).tryEnsureVersionTable.func1.1 /workspace/goose-buffer-experiment/baseline/provider_run.go:401:0 s=397
   410: 0xf06604 M=1 github.com/pressly/goose/v3.(*Provider).tryEnsureVersionTable.func1 /workspace/goose-buffer-experiment/baseline/provider_run.go:397:0 s=361
   411: 0xef579e M=1 github.com/sethvargo/go-retry.Do.func1 /workspace/tabmail-cloud/gomod/github.com/sethvargo/go-retry@v0.4.0/retry.go:92:0 s=91
   412: 0xef586a M=1 github.com/sethvargo/go-retry.DoValue[go.shape.*uint8] /workspace/tabmail-cloud/gomod/github.com/sethvargo/go-retry@v0.4.0/retry.go:61:0 s=52
   413: 0xef56ef M=1 github.com/sethvargo/go-retry.Do /workspace/tabmail-cloud/gomod/github.com/sethvargo/go-retry@v0.4.0/retry.go:91:0 s=90
   414: 0xf05f90 M=1 github.com/pressly/goose/v3.(*Provider).tryEnsureVersionTable /workspace/goose-buffer-experiment/baseline/provider_run.go:361:0 s=358
   415: 0xf059e4 M=1 github.com/pressly/goose/v3.(*Provider).initialize.(*Provider).ensureVersionTable.func4 /workspace/goose-buffer-experiment/baseline/provider_run.go:353:0 s=352
   416: 0xf057b8 M=1 github.com/pressly/goose/v3.(*Provider).ensureVersionTable /workspace/goose-buffer-experiment/baseline/provider_run.go:352:0 s=338
             github.com/pressly/goose/v3.(*Provider).initialize /workspace/goose-buffer-experiment/baseline/provider_run.go:331:0 s=277
   417: 0xefef11 M=1 github.com/pressly/goose/v3.(*Provider).hasPending /workspace/goose-buffer-experiment/baseline/provider.go:546:0 s=545
   418: 0xefc7e5 M=1 github.com/pressly/goose/v3.(*Provider).HasPending /workspace/goose-buffer-experiment/baseline/provider.go:171:0 s=170
             github.com/pressly/goose/v3.(*Provider).Up /workspace/goose-buffer-experiment/baseline/provider.go:245:0 s=244
   419: 0x188a191 M=1 tabmail/internal/store/postgres_test.TestR5MemberHistoricalDeleteFKFinalFenceRollback.func1 /workspace/tabmail/internal/store/postgres/r5_member_historical_delete_test.go:301:0 s=300
   420: 0xedba15 M=1 bytes.(*Buffer).String /workspace/tabmail-cloud/tools/go/src/bytes/buffer.go:77:0 s=72
             github.com/pressly/goose/v3/internal/sqlparser.ParseSQLMigration /workspace/goose-buffer-experiment/baseline/internal/sqlparser/parser.go:248:0 s=103
   421: 0x1886669 M=1 tabmail/internal/store/postgres_test.TestR5MemberHistoricalDeleteTransferredSentProvenance.func1 /workspace/tabmail/internal/store/postgres/r5_member_historical_delete_test.go:214:0 s=213
   422: 0x188363d M=1 tabmail/internal/store/postgres_test.r5HistoricalMemberState /workspace/tabmail/internal/store/postgres/r5_member_historical_delete_test.go:84:0 s=81
   423: 0x1883a39 M=1 tabmail/internal/store/postgres_test.r5HistoricalMemberReject /workspace/tabmail/internal/store/postgres/r5_member_historical_delete_test.go:112:0 s=104
   424: 0x1888357 M=1 tabmail/internal/store/postgres_test.TestR5MemberHistoricalDeleteTransferredSentProvenance.func1 /workspace/tabmail/internal/store/postgres/r5_member_historical_delete_test.go:225:0 s=213
   425: 0xa26579 M=1 database/sql.(*DB).beginDC /workspace/tabmail-cloud/tools/go/src/database/sql/sql.go:1925:0 s=1899
   426: 0xa27bbd M=1 database/sql.(*Conn).BeginTx /workspace/tabmail-cloud/tools/go/src/database/sql/sql.go:2115:0 s=2110
   427: 0xf04e2b M=1 github.com/pressly/goose/v3.beginTx /workspace/goose-buffer-experiment/baseline/provider_run.go:262:0 s=261
   428: 0x1884dc4 M=1 tabmail/internal/store/postgres_test.TestR5MemberHistoricalDeleteRetainedReferences.func1 /workspace/tabmail/internal/store/postgres/r5_member_historical_delete_test.go:161:0 s=160
   429: 0xec32b1 M=1 github.com/jackc/pgx/v5/stdlib.(*Conn).QueryContext /workspace/tabmail-cloud/gomod/github.com/jackc/pgx/v5@v5.10.0/stdlib/sql.go:515:0 s=506
   430: 0xa1838a M=1 database/sql.ctxDriverQuery /workspace/tabmail-cloud/tools/go/src/database/sql/ctxutil.go:48:0 s=46
   431: 0xa258c5 M=1 database/sql.(*DB).queryDC.func1 /workspace/tabmail-cloud/tools/go/src/database/sql/sql.go:1786:0 s=1781
   432: 0xa24c24 M=1 database/sql.(*DB).queryDC /workspace/tabmail-cloud/tools/go/src/database/sql/sql.go:1781:0 s=1771
   433: 0xa273d0 M=1 database/sql.(*Conn).QueryContext /workspace/tabmail-cloud/tools/go/src/database/sql/sql.go:2037:0 s=2032
   434: 0xecf8e1 M=1 github.com/pressly/goose/v3/database.(*store).ListMigrations /workspace/goose-buffer-experiment/baseline/database/dialects.go:151:0 s=146
   435: 0xeff121 M=1 github.com/pressly/goose/v3.(*Provider).hasPending /workspace/goose-buffer-experiment/baseline/provider.go:575:0 s=545
   436: 0xc4ca66 M=1 github.com/jackc/pgx/v5.connect /workspace/tabmail-cloud/gomod/github.com/jackc/pgx/v5@v5.10.0/conn.go:257:0 s=243
   437: 0x5035c4 M=1 time.NewTicker /workspace/tabmail-cloud/tools/go/src/time/tick.go:43:0 s=36
   438: 0xeb1b98 M=1 github.com/jackc/pgx/v5/pgxpool.(*Pool).backgroundHealthCheck /workspace/tabmail-cloud/gomod/github.com/jackc/pgx/v5@v5.10.0/pgxpool/pool.go:490:0 s=489
   439: 0xeaf8ae M=1 github.com/jackc/pgx/v5/pgxpool.NewWithConfig.func5 /workspace/tabmail-cloud/gomod/github.com/jackc/pgx/v5@v5.10.0/pgxpool/pool.go:336:0 s=333
   440: 0xecea98 M=1 github.com/pressly/goose/v3/database.(*store).Insert /workspace/goose-buffer-experiment/baseline/database/dialects.go:101:0 s=99
   441: 0x5b3d46 M=1 context.(*cancelCtx).Done /workspace/tabmail-cloud/tools/go/src/context/context.go:457:0 s=448
   442: 0x5b4005 M=1 context.(*cancelCtx).propagateCancel /workspace/tabmail-cloud/tools/go/src/context/context.go:478:0 s=475
   443: 0x5b5076 M=1 context.WithDeadlineCause /workspace/tabmail-cloud/tools/go/src/context/context.go:643:0 s=632
   444: 0x5b5cd3 M=1 context.WithDeadline /workspace/tabmail-cloud/tools/go/src/context/context.go:626:0 s=625
             context.WithTimeout /workspace/tabmail-cloud/tools/go/src/context/context.go:704:0 s=703
   445: 0xc0c64f M=1 github.com/jackc/pgx/v5/pgconn.connectPreferred /workspace/tabmail-cloud/gomod/github.com/jackc/pgx/v5@v5.10.0/pgconn/pgconn.go:258:0 s=247
   446: 0x86064d M=1 github.com/jackc/pgx/v5/pgproto3.(*ParameterStatus).Decode /workspace/tabmail-cloud/gomod/github.com/jackc/pgx/v5@v5.10.0/pgproto3/parameter_status.go:25:0 s=18
   447: 0x85aacd M=1 github.com/jackc/pgx/v5/pgproto3.(*Frontend).Receive /workspace/tabmail-cloud/gomod/github.com/jackc/pgx/v5@v5.10.0/pgproto3/frontend.go:397:0 s=311
   448: 0xfdc899 M=1 tabmail/internal/store/postgres.insertOutboundJob /workspace/tabmail/internal/store/postgres/outbound.go:258:0 s=257
   449: 0xfd8b84 M=1 tabmail/internal/store/postgres.(*PgStore).enqueueOutboundJobValidated /workspace/tabmail/internal/store/postgres/outbound.go:191:0 s=69
   450: 0xfd5c96 M=1 tabmail/internal/store/postgres.(*PgStore).enqueueOutboundJobTx /workspace/tabmail/internal/store/postgres/outbound.go:51:0 s=50
             tabmail/internal/store/postgres.(*PgStore).CreateOutboundJobWithQuota /workspace/tabmail/internal/store/postgres/outbound.go:34:0 s=33
   451: 0x1881158 M=1 tabmail/internal/store/postgres.(*PgStore).CreateOutboundJob /workspace/tabmail/internal/store/postgres/outbound.go:30:0 s=29
             tabmail/internal/store/postgres_test.TestR5LockMapEnqueueParentAndUserBeforeAttachments.func1 /workspace/tabmail/internal/store/postgres/r5_lock_order_test.go:190:0 s=190
   452: 0x187fe9e M=1 tabmail/internal/store/postgres_test.TestR5LockMapEnqueueParentAndUserBeforeAttachments /workspace/tabmail/internal/store/postgres/r5_lock_order_test.go:177:0 s=176
   453: 0xac02d0 M=1 github.com/jackc/pgx/v5/pgtype.newEncodeError /workspace/tabmail-cloud/gomod/github.com/jackc/pgx/v5@v5.10.0/pgtype/pgtype.go:1963:0 s=1945
   454: 0xf7e34a M=1 tabmail/internal/store/postgres.(*PgStore).ActivateEmployee /workspace/tabmail/internal/store/postgres/company_members.go:339:0 s=279
   455: 0xac0293 M=1 github.com/jackc/pgx/v5/pgtype.newEncodeError /workspace/tabmail-cloud/gomod/github.com/jackc/pgx/v5@v5.10.0/pgtype/pgtype.go:1963:0 s=1945
   456: 0xf79478 M=1 tabmail/internal/store/postgres.(*PgStore).ConfigureCompany.func1 /workspace/tabmail/internal/store/postgres/company_members.go:161:0 s=159
   457: 0x187f09e M=1 tabmail/internal/store/postgres_test.TestR5LockMapRefreshFamilyThenUserThenToken /workspace/tabmail/internal/store/postgres/r5_lock_order_test.go:138:0 s=137
   458: 0x5c16f9 M=1 fmt.Sprintf /workspace/tabmail-cloud/tools/go/src/fmt/print.go:238:0 s=237
   459: 0x861e77 M=1 github.com/jackc/pgx/v5/pgproto3.(*Parse).Encode /workspace/tabmail-cloud/gomod/github.com/jackc/pgx/v5@v5.10.0/pgproto3/parse.go:62:0 s=57
   460: 0x858d72 M=1 github.com/jackc/pgx/v5/pgproto3.(*Frontend).SendParse /workspace/tabmail-cloud/gomod/github.com/jackc/pgx/v5@v5.10.0/pgproto3/frontend.go:170:0 s=164
   461: 0xc19094 M=1 github.com/jackc/pgx/v5/pgconn.(*PgConn).Prepare /workspace/tabmail-cloud/gomod/github.com/jackc/pgx/v5@v5.10.0/pgconn/pgconn.go:966:0 s=950
   462: 0x187e202 M=1 tabmail/internal/store/postgres_test.TestR5LockMapDraftUserFenceOrdersSuspension /workspace/tabmail/internal/store/postgres/r5_lock_order_test.go:109:0 s=101
   463: 0x187df9e M=1 tabmail/internal/store/postgres_test.TestR5LockMapDraftUserFenceOrdersSuspension /workspace/tabmail/internal/store/postgres/r5_lock_order_test.go:102:0 s=101
   464: 0xab6c06 M=1 github.com/jackc/pgx/v5/pgtype.(*Map).planScan /workspace/tabmail-cloud/gomod/github.com/jackc/pgx/v5@v5.10.0/pgtype/pgtype.go:1126:0 s=1069
   465: 0xa60424 M=1 github.com/jackc/pgx/v5/pgtype.(*Map).PlanScan /workspace/tabmail-cloud/gomod/github.com/jackc/pgx/v5@v5.10.0/pgtype/pgtype.go:1066:0 s=1065
             github.com/jackc/pgx/v5/pgtype.(*ArrayCodec).PlanScan /workspace/tabmail-cloud/gomod/github.com/jackc/pgx/v5@v5.10.0/pgtype/array_codec.go:250:0 s=236
   466: 0xab6b5d M=1 github.com/jackc/pgx/v5/pgtype.(*Map).planScan /workspace/tabmail-cloud/gomod/github.com/jackc/pgx/v5@v5.10.0/pgtype/pgtype.go:1113:0 s=1069
   467: 0xab6dfa M=1 github.com/jackc/pgx/v5/pgtype.(*Map).planScan /workspace/tabmail-cloud/gomod/github.com/jackc/pgx/v5@v5.10.0/pgtype/pgtype.go:1132:0 s=1069
   468: 0xc66e2d M=1 github.com/jackc/pgx/v5/pgtype.(*Map).PlanScan /workspace/tabmail-cloud/gomod/github.com/jackc/pgx/v5@v5.10.0/pgtype/pgtype.go:1066:0 s=1065
             github.com/jackc/pgx/v5.(*baseRows).Scan /workspace/tabmail-cloud/gomod/github.com/jackc/pgx/v5@v5.10.0/rows.go:266:0 s=235
   469: 0x101bcad M=1 tabmail/internal/store/postgres.effectivePermissionPolicy /workspace/tabmail/internal/store/postgres/permissions.go:194:0 s=173
   470: 0x1016fac M=1 tabmail/internal/store/postgres.effectivePermission /workspace/tabmail/internal/store/postgres/permissions.go:164:0 s=163
             tabmail/internal/store/postgres.effectivePermissionSnapshot /workspace/tabmail/internal/store/postgres/permission_snapshot.go:36:0 s=24
   471: 0xf76bfe M=1 tabmail/internal/store/postgres.(*PgStore).companyTxScope /workspace/tabmail/internal/store/postgres/company_members.go:91:0 s=60
   472: 0xf6ebc4 M=1 tabmail/internal/store/postgres.(*PgStore).companyReadTx /workspace/tabmail/internal/store/postgres/company_members.go:47:0 s=46
             tabmail/internal/store/postgres.(*PgStore).SaveMailDraft /workspace/tabmail/internal/store/postgres/company_mail.go:499:0 s=491
   473: 0x187de70 M=1 tabmail/internal/store/postgres_test.TestR5LockMapDraftAuthorizationWaitsForMailboxFence.func1 /workspace/tabmail/internal/store/postgres/r5_lock_order_test.go:92:0 s=91
   474: 0x187d77e M=1 tabmail/internal/store/postgres_test.TestR5LockMapDraftAuthorizationWaitsForMailboxFence /workspace/tabmail/internal/store/postgres/r5_lock_order_test.go:82:0 s=81
   475: 0x187d17e M=1 tabmail/internal/store/postgres_test.TestR5LockMapExistingDraftCASAvoidsTenantLock /workspace/tabmail/internal/store/postgres/r5_lock_order_test.go:63:0 s=62
   476: 0xf0054f M=1 github.com/pressly/goose/v3.collectFilesystemSources /workspace/goose-buffer-experiment/baseline/provider_collect.go:97:0 s=27
   477: 0xefbf84 M=1 github.com/pressly/goose/v3.newProvider /workspace/goose-buffer-experiment/baseline/provider.go:122:0 s=108
   478: 0xefbda4 M=1 github.com/pressly/goose/v3.NewProvider /workspace/goose-buffer-experiment/baseline/provider.go:105:0 s=58
   479: 0xc0f578 M=1 github.com/jackc/pgx/v5/pgconn.connectOne /workspace/tabmail-cloud/gomod/github.com/jackc/pgx/v5@v5.10.0/pgconn/pgconn.go:393:0 s=313
   480: 0x187975e M=1 tabmail/internal/store/postgres_test.TestR5LegacyContentKeyExpiryAfterMailboxWait /workspace/tabmail/internal/store/postgres/r5_legacy_content_test.go:433:0 s=432
   481: 0x1878a1e M=1 tabmail/internal/store/postgres_test.TestR5LegacyContentRejectsBusyKeyWithoutDeadlock /workspace/tabmail/internal/store/postgres/r5_legacy_content_test.go:409:0 s=408
   482: 0xbfc59d M=1 github.com/jackc/pgx/v5/pgconn.(*Config).Copy /workspace/tabmail-cloud/gomod/github.com/jackc/pgx/v5@v5.10.0/pgconn/config.go:157:0 s=156
   483: 0xeafbdc M=1 github.com/jackc/pgx/v5.(*ConnConfig).Copy /workspace/tabmail-cloud/gomod/github.com/jackc/pgx/v5@v5.10.0/conn.go:58:0 s=55
             github.com/jackc/pgx/v5/pgxpool.NewWithConfig.func3 /workspace/tabmail-cloud/gomod/github.com/jackc/pgx/v5@v5.10.0/pgxpool/pool.go:274:0 s=272
   484: 0x18755b6 M=1 tabmail/internal/store/postgres_test.TestR5LegacyContentKeyHTTPPreservesSafeReceipt.func1 /workspace/tabmail/internal/store/postgres/r5_legacy_content_test.go:291:0 s=290
   485: 0xab77c9 M=1 github.com/jackc/pgx/v5/pgtype.(*Map).planEncodeDepth /workspace/tabmail-cloud/gomod/github.com/jackc/pgx/v5@v5.10.0/pgtype/pgtype.go:1211:0 s=1203
   486: 0x16590d8 M=1 github.com/go-chi/chi/v5.endpoints.Value /workspace/tabmail-cloud/gomod/github.com/go-chi/chi/v5@v5.2.5/tree.go:133:0 s=129
             github.com/go-chi/chi/v5.(*node).setEndpoint /workspace/tabmail-cloud/gomod/github.com/go-chi/chi/v5@v5.2.5/tree.go:366:0 s=343
   487: 0x1657627 M=1 github.com/go-chi/chi/v5.(*node).InsertRoute /workspace/tabmail-cloud/gomod/github.com/go-chi/chi/v5@v5.2.5/tree.go:146:0 s=138
   488: 0x1653370 M=1 github.com/go-chi/chi/v5.(*Mux).Patch /workspace/tabmail-cloud/gomod/github.com/go-chi/chi/v5@v5.2.5/mux.go:174:0 s=173
   489: 0x174d1d8 M=1 tabmail/internal/api.NewRouter.func2.4 /workspace/tabmail/internal/api/router.go:259:0 s=237
   490: 0x16542ee M=1 github.com/go-chi/chi/v5.(*Mux).Group /workspace/tabmail-cloud/gomod/github.com/go-chi/chi/v5@v5.2.5/mux.go:265:0 s=262
   491: 0x17496c3 M=1 tabmail/internal/api.NewRouter.func2 /workspace/tabmail/internal/api/router.go:237:0 s=172
   492: 0x1785a17 M=1 tabmail/internal/store/postgres_test.companyRouter /workspace/tabmail/internal/store/postgres/company_http_test.go:40:0 s=35
   493: 0x1876004 M=1 tabmail/internal/store/postgres_test.TestR5LegacyContentKeyHTTPPreservesSafeReceipt.func1 /workspace/tabmail/internal/store/postgres/r5_legacy_content_test.go:315:0 s=290
   494: 0xf55935 M=1 tabmail/internal/store/postgres.(*PgStore).CreateAPIKey /workspace/tabmail/internal/store/postgres/apikeys.go:47:0 s=20
   495: 0x186db7c M=1 tabmail/internal/store/postgres_test.r5LegacyKey /workspace/tabmail/internal/store/postgres/r5_legacy_content_test.go:42:0 s=38
   496: 0x18755ed M=1 tabmail/internal/store/postgres_test.TestR5LegacyContentKeyHTTPPreservesSafeReceipt.func1 /workspace/tabmail/internal/store/postgres/r5_legacy_content_test.go:293:0 s=290
   497: 0x5cac91 M=1 fmt.(*buffer).writeString /workspace/tabmail-cloud/tools/go/src/fmt/print.go:108:0 s=107
             fmt.(*pp).doPrintf /workspace/tabmail-cloud/tools/go/src/fmt/print.go:1032:0 s=1019
   498: 0xeca35d M=1 github.com/pressly/goose/v3/internal/dialects.(*postgres).CreateTable /workspace/goose-buffer-experiment/baseline/internal/dialects/postgres.go:26:0 s=19
   499: 0xece75b M=1 github.com/pressly/goose/v3/database.(*store).CreateVersionTable /workspace/goose-buffer-experiment/baseline/database/dialects.go:92:0 s=91
   500: 0xf0683c M=1 github.com/pressly/goose/v3.(*Provider).tryEnsureVersionTable.func1.1 /workspace/goose-buffer-experiment/baseline/provider_run.go:398:0 s=397
   501: 0xff2d08 M=1 tabmail/internal/store/postgres.readOutboundReceipts /workspace/tabmail/internal/store/postgres/outbound_receipts.go:94:0 s=54
   502: 0xff0f31 M=1 tabmail/internal/store/postgres.(*PgStore).GetOutboundReceipt.func1 /workspace/tabmail/internal/store/postgres/outbound_receipts.go:25:0 s=23
   503: 0xfefe2d M=1 tabmail/internal/store/postgres.(*PgStore).outboundPrincipalTx /workspace/tabmail/internal/store/postgres/outbound_principal.go:69:0 s=19
   504: 0xff0d09 M=1 tabmail/internal/store/postgres.(*PgStore).GetOutboundReceipt /workspace/tabmail/internal/store/postgres/outbound_receipts.go:23:0 s=18
   505: 0x16d0e24 M=1 tabmail/internal/app/submissions.(*Service).outboundReceipt /workspace/tabmail/internal/app/submissions/receipts.go:58:0 s=51
   506: 0x16d2331 M=1 tabmail/internal/app/submissions.(*Service).OutboundReceiptView /workspace/tabmail/internal/app/submissions/receipts.go:72:0 s=71
   507: 0x17227dc M=1 tabmail/internal/api/handlers.(*OutboundHandler).GetJob /workspace/tabmail/internal/api/handlers/outbound.go:52:0 s=44
   508: 0x174f210 M=1 tabmail/internal/api.NewRouter.func2.2.RequireScopes.3.1 /workspace/tabmail/internal/api/middleware/auth.go:498:0 s=483
   509: 0x1699761 M=1 tabmail/internal/api/middleware.RequireTenantKeyOrAdmin.func1 /workspace/tabmail/internal/api/middleware/auth.go:474:0 s=466
   510: 0x16514c1 M=1 github.com/go-chi/chi/v5.(*ChainHandler).ServeHTTP /workspace/tabmail-cloud/gomod/github.com/go-chi/chi/v5@v5.2.5/chain.go:31:0 s=30
   511: 0x1750035 M=1 tabmail/internal/api.NewRouter.PermissionLoader.func9.1 /workspace/tabmail/internal/api/middleware/auth.go:192:0 s=186
   512: 0x17513ce M=1 tabmail/internal/api.NewRouter.Auth.func8.1 /workspace/tabmail/internal/api/middleware/auth.go:371:0 s=244
   513: 0x187508a M=1 tabmail/internal/store/postgres_test.r5LegacyKeyHTTP /workspace/tabmail/internal/store/postgres/r5_legacy_content_test.go:277:0 s=272
   514: 0x187716d M=1 tabmail/internal/store/postgres_test.TestR5LegacyContentKeyHTTPPreservesSafeReceipt.func1.1 /workspace/tabmail/internal/store/postgres/r5_legacy_content_test.go:320:0 s=319
             tabmail/internal/store/postgres_test.TestR5LegacyContentKeyHTTPPreservesSafeReceipt.func1 /workspace/tabmail/internal/store/postgres/r5_legacy_content_test.go:344:0 s=290
   515: 0xec0ea5 M=1 github.com/jackc/pgx/v5/stdlib.GetConnector /workspace/tabmail-cloud/gomod/github.com/jackc/pgx/v5@v5.10.0/stdlib/sql.go:196:0 s=195
   516: 0xec10ef M=1 github.com/jackc/pgx/v5/stdlib.OpenDB /workspace/tabmail-cloud/gomod/github.com/jackc/pgx/v5@v5.10.0/stdlib/sql.go:229:0 s=228
   517: 0xfd4a5e M=1 tabmail/internal/store/postgres.Migrate /workspace/tabmail/internal/store/postgres/migrate.go:29:0 s=28
   518: 0x8606a5 M=1 bytes.(*Buffer).ReadBytes /workspace/tabmail-cloud/tools/go/src/bytes/buffer.go:440:0 s=436
             github.com/jackc/pgx/v5/pgproto3.(*ParameterStatus).Decode /workspace/tabmail-cloud/gomod/github.com/jackc/pgx/v5@v5.10.0/pgproto3/parameter_status.go:27:0 s=18
   519: 0xc258da M=1 github.com/jackc/pgx/v5/pgconn.(*ResultReader).Read /workspace/tabmail-cloud/gomod/github.com/jackc/pgx/v5@v5.10.0/pgconn/pgconn.go:1734:0 s=1733
   520: 0xc51c24 M=1 github.com/jackc/pgx/v5.(*Conn).execPrepared /workspace/tabmail-cloud/gomod/github.com/jackc/pgx/v5@v5.10.0/conn.go:613:0 s=607
   521: 0xfd8e62 M=1 tabmail/internal/store/postgres.(*PgStore).enqueueOutboundJobValidated /workspace/tabmail/internal/store/postgres/outbound.go:196:0 s=69
   522: 0x186d6b2 M=1 tabmail/internal/store/postgres.(*PgStore).CreateOutboundJob /workspace/tabmail/internal/store/postgres/outbound.go:30:0 s=29
             tabmail/internal/store/postgres_test.r5LegacyJob /workspace/tabmail/internal/store/postgres/r5_legacy_content_test.go:34:0 s=27
   523: 0x1875a1a M=1 tabmail/internal/store/postgres_test.TestR5LegacyContentKeyHTTPPreservesSafeReceipt.func1 /workspace/tabmail/internal/store/postgres/r5_legacy_content_test.go:303:0 s=290
   524: 0xa26351 M=1 database/sql.(*DB).beginDC /workspace/tabmail-cloud/tools/go/src/database/sql/sql.go:1916:0 s=1899
   525: 0x103fbb2 M=1 tabmail/internal/store/postgres.(*PgStore).EffectiveConfig /workspace/tabmail/internal/store/postgres/tenants.go:122:0 s=107
   526: 0x1753f4d M=1 tabmail/internal/api/middleware.(*RateLimiter).Middleware-fm.(*RateLimiter).Middleware.func1 /workspace/tabmail/internal/api/middleware/ratelimit.go:55:0 s=39
   527: 0x175035b M=1 tabmail/internal/api.NewRouter.PermissionLoader.func9.1 /workspace/tabmail/internal/api/middleware/auth.go:225:0 s=186
   528: 0x178624d M=1 tabmail/internal/store/postgres_test.r3HTTP /workspace/tabmail/internal/store/postgres/company_http_test.go:61:0 s=48
   529: 0x1872164 M=1 tabmail/internal/store/postgres_test.TestR5LegacyOutboundHTTPDoesNotResurrectExpiredContent /workspace/tabmail/internal/store/postgres/r5_legacy_content_test.go:207:0 s=195
   530: 0x18708e9 M=1 tabmail/internal/store/postgres_test.TestR5LegacyContentReloadsPermissionAfterIdentityWait.func1 /workspace/tabmail/internal/store/postgres/r5_legacy_content_test.go:159:0 s=158
   531: 0xf7bd84 M=1 tabmail/internal/store/postgres.(*PgStore).InviteEmployee.func1 /workspace/tabmail/internal/store/postgres/company_members.go:239:0 s=210
   532: 0xede1d0 M=1 bufio.(*Scanner).Text /workspace/tabmail-cloud/tools/go/src/bufio/scan.go:115:0 s=114
             github.com/pressly/goose/v3/internal/sqlparser.endsWithSemicolon /workspace/goose-buffer-experiment/baseline/internal/sqlparser/parser.go:386:0 s=375
   533: 0xedb999 M=1 github.com/pressly/goose/v3/internal/sqlparser.ParseSQLMigration /workspace/goose-buffer-experiment/baseline/internal/sqlparser/parser.go:247:0 s=103
   534: 0xf00d14 M=1 github.com/pressly/goose/v3.merge /workspace/goose-buffer-experiment/baseline/provider_collect.go:122:0 s=116
   535: 0xefc404 M=1 github.com/pressly/goose/v3.newProvider /workspace/goose-buffer-experiment/baseline/provider.go:143:0 s=108
   536: 0xc28264 M=1 github.com/jackc/pgx/v5/pgconn.(*PgConn).makeCommandTag /workspace/tabmail-cloud/gomod/github.com/jackc/pgx/v5@v5.10.0/pgconn/pgconn.go:2102:0 s=2101
             github.com/jackc/pgx/v5/pgconn.(*ResultReader).receiveMessage /workspace/tabmail-cloud/gomod/github.com/jackc/pgx/v5@v5.10.0/pgconn/pgconn.go:1894:0 s=1870
   537: 0x186f896 M=1 tabmail/internal/store/postgres_test.TestR5LegacyContentRechecksKeyAndOwner.func1 /workspace/tabmail/internal/store/postgres/r5_legacy_content_test.go:112:0 s=111
   538: 0x5ef024 M=1 bytes.(*Buffer).Write /workspace/tabmail-cloud/tools/go/src/bytes/buffer.go:185:0 s=181
   539: 0x6a6987 M=1 encoding/json.stringEncoder /workspace/tabmail-cloud/tools/go/src/encoding/json/encode.go:632:0 s=610
   540: 0x6a6c04 M=1 encoding/json.interfaceEncoder /workspace/tabmail-cloud/tools/go/src/encoding/json/encode.go:711:0 s=706
   541: 0x6a7b91 M=1 encoding/json.mapEncoder.encode /workspace/tabmail-cloud/tools/go/src/encoding/json/encode.go:815:0 s=776
   542: 0xc19578 M=1 github.com/jackc/pgx/v5/pgconn.(*PgConn).Prepare /workspace/tabmail-cloud/gomod/github.com/jackc/pgx/v5@v5.10.0/pgconn/pgconn.go:995:0 s=950
   543: 0xf7668a M=1 tabmail/internal/store/postgres.(*PgStore).companyTxScope /workspace/tabmail/internal/store/postgres/company_members.go:69:0 s=60
   544: 0x186f8b5 M=1 tabmail/internal/store/postgres_test.TestR5LegacyContentRechecksKeyAndOwner.func1 /workspace/tabmail/internal/store/postgres/r5_legacy_content_test.go:114:0 s=111
   545: 0x4d7304 M=1 sync.(*poolChain).pushHead /workspace/tabmail-cloud/tools/go/src/sync/poolqueue.go:226:0 s=220
   546: 0x4d6544 M=1 sync.(*Pool).Put /workspace/tabmail-cloud/tools/go/src/sync/pool.go:115:0 s=99
   547: 0xedd46a M=1 github.com/pressly/goose/v3/internal/sqlparser.ParseSQLMigration /workspace/goose-buffer-experiment/baseline/internal/sqlparser/parser.go:287:0 s=103
   548: 0x186dfd6 M=1 tabmail/internal/store/postgres_test.TestR5LegacyContentLifecycleMatchesArchive.func1 /workspace/tabmail/internal/store/postgres/r5_legacy_content_test.go:49:0 s=48
   549: 0xfea546 M=1 tabmail/internal/store/postgres.(*PgStore).companyReadTx /workspace/tabmail/internal/store/postgres/company_members.go:47:0 s=46
             tabmail/internal/store/postgres.(*PgStore).CanReadOutboundContent /workspace/tabmail/internal/store/postgres/outbound_content.go:45:0 s=21
   550: 0x16d6aef M=1 tabmail/internal/app/submissions.(*Service).ContentAllowed /workspace/tabmail/internal/app/submissions/service.go:410:0 s=409
             tabmail/internal/app/submissions.(*Service).RedactOutboundAttempts /workspace/tabmail/internal/app/submissions/redaction.go:138:0 s=137
   551: 0x186edab M=1 tabmail/internal/store/postgres_test.TestR5LegacyContentLifecycleMatchesArchive.func1 /workspace/tabmail/internal/store/postgres/r5_legacy_content_test.go:94:0 s=48
   552: 0x54f607 M=1 os.statNolog /workspace/tabmail-cloud/tools/go/src/os/stat_unix.go:35:0 s=29
   553: 0x54eca4 M=1 os.Stat /workspace/tabmail-cloud/tools/go/src/os/stat.go:13:0 s=11
   554: 0xc071bc M=1 github.com/jackc/pgx/v5/pgconn.defaultSettings /workspace/tabmail-cloud/gomod/github.com/jackc/pgx/v5@v5.10.0/pgconn/defaults.go:36:0 s=12
   555: 0xeda35c M=1 github.com/pressly/goose/v3/internal/sqlparser.(*stateMachine).print /workspace/goose-buffer-experiment/baseline/internal/sqlparser/parser.go:78:0 s=77
   556: 0xedbd8c M=1 github.com/pressly/goose/v3/internal/sqlparser.ParseSQLMigration /workspace/goose-buffer-experiment/baseline/internal/sqlparser/parser.go:266:0 s=103
   557: 0x62fdc4 M=1 testing.(*T).Run /workspace/tabmail-cloud/tools/go/src/testing/testing.go:1970:0 s=1948
   558: 0x186de72 M=1 tabmail/internal/store/postgres_test.TestR5LegacyContentLifecycleMatchesArchive /workspace/tabmail/internal/store/postgres/r5_legacy_content_test.go:48:0 s=46
   559: 0x10663bd M=1 strings.NewReader /workspace/tabmail-cloud/tools/go/src/strings/reader.go:160:0 s=160
             net/http/httptest.NewRequestWithContext /workspace/tabmail-cloud/tools/go/src/net/http/httptest/httptest.go:50:0 s=46
   560: 0x1869bfd M=1 net/http/httptest.NewRequest /workspace/tabmail-cloud/tools/go/src/net/http/httptest/httptest.go:20:0 s=19
             tabmail/internal/store/postgres_test.TestR5APIKeyUsageMetadataStoreAndWire.func1 /workspace/tabmail/internal/store/postgres/r5_key_touch_admission_test.go:829:0 s=786
   561: 0x1868e3d M=1 tabmail/internal/store/postgres_test.TestR5APIKeyUsageMetadataStoreAndWire /workspace/tabmail/internal/store/postgres/r5_key_touch_admission_test.go:875:0 s=768
   562: 0x6b8271 M=1 encoding/json.typeFields /workspace/tabmail-cloud/tools/go/src/encoding/json/encode.go:1331:0 s=1117
   563: 0x6aa864 M=1 encoding/json.cachedTypeFields /workspace/tabmail-cloud/tools/go/src/encoding/json/encode.go:1360:0 s=1356
   564: 0x6a382a M=1 encoding/json.newStructEncoder /workspace/tabmail-cloud/tools/go/src/encoding/json/encode.go:768:0 s=767
             encoding/json.newTypeEncoder /workspace/tabmail-cloud/tools/go/src/encoding/json/encode.go:455:0 s=421
   565: 0x6a32dd M=1 encoding/json.typeEncoder.func1 /workspace/tabmail-cloud/tools/go/src/encoding/json/encode.go:400:0 s=399
   566: 0x6c5471 M=1 sync.OnceValue[go.shape.func].func1.1 /workspace/tabmail-cloud/tools/go/src/sync/oncefunc.go:66:0 s=58(sync.OnceValue[go.shape.func(*encoding/json.encodeState, reflect.Value, encoding/json.encOpts)].func1.1)
   567: 0x6c53be M=1 sync.OnceValue[go.shape.func].func1 /workspace/tabmail-cloud/tools/go/src/sync/oncefunc.go:58:0 s=57(sync.OnceValue[go.shape.func(*encoding/json.encodeState, reflect.Value, encoding/json.encOpts)].func1)
   568: 0x6a310e M=1 encoding/json.typeEncoder /workspace/tabmail-cloud/tools/go/src/encoding/json/encode.go:409:0 s=388
   569: 0x6a9cba M=1 encoding/json.newPtrEncoder /workspace/tabmail-cloud/tools/go/src/encoding/json/encode.go:935:0 s=934
   570: 0x6a37b7 M=1 encoding/json.newTypeEncoder /workspace/tabmail-cloud/tools/go/src/encoding/json/encode.go:463:0 s=421
   571: 0x6a943a M=1 encoding/json.newArrayEncoder /workspace/tabmail-cloud/tools/go/src/encoding/json/encode.go:907:0 s=906
   572: 0x6a916c M=1 encoding/json.newSliceEncoder /workspace/tabmail-cloud/tools/go/src/encoding/json/encode.go:886:0 s=878
   573: 0x6a37e7 M=1 encoding/json.newTypeEncoder /workspace/tabmail-cloud/tools/go/src/encoding/json/encode.go:459:0 s=421
   574: 0x6a2ee9 M=1 encoding/json.valueEncoder /workspace/tabmail-cloud/tools/go/src/encoding/json/encode.go:385:0 s=381
   575: 0x6a2dd8 M=1 encoding/json.(*encodeState).reflectValue /workspace/tabmail-cloud/tools/go/src/encoding/json/encode.go:367:0 s=366
   576: 0x6b3bc4 M=1 encoding/json.(*Encoder).Encode /workspace/tabmail-cloud/tools/go/src/encoding/json/stream.go:212:0 s=204
   577: 0x172bde4 M=1 tabmail/internal/api/handlers.writeJSON /workspace/tabmail/internal/api/handlers/respond.go:40:0 s=33
   578: 0x16f0324 M=1 tabmail/internal/api/handlers.ok /workspace/tabmail/internal/api/handlers/respond.go:44:0 s=43
             tabmail/internal/api/handlers.(*AdminHandler).UserListAPIKeys /workspace/tabmail/internal/api/handlers/admin.go:396:0 s=369
   579: 0x1869f6f M=1 tabmail/internal/store/postgres_test.TestR5APIKeyUsageMetadataStoreAndWire.func1 /workspace/tabmail/internal/store/postgres/r5_key_touch_admission_test.go:832:0 s=786
   580: 0x1868d5a M=1 tabmail/internal/store/postgres_test.TestR5APIKeyUsageMetadataStoreAndWire /workspace/tabmail/internal/store/postgres/r5_key_touch_admission_test.go:858:0 s=768
   581: 0x186840b M=1 tabmail/internal/store/postgres_test.TestR5APIKeyUsageMetadataStoreAndWire /workspace/tabmail/internal/store/postgres/r5_key_touch_admission_test.go:770:0 s=768
   582: 0xbfe0e4 M=1 github.com/jackc/pgx/v5/pgconn.ParseConfigWithOptions /workspace/tabmail-cloud/gomod/github.com/jackc/pgx/v5@v5.10.0/pgconn/config.go:397:0 s=323
   583: 0x18670f6 M=1 tabmail/internal/store/postgres_test.TestR5APIKeyUsageLifecycleCascade.func1 /workspace/tabmail/internal/store/postgres/r5_key_touch_admission_test.go:721:0 s=720
   584: 0xf7efbe M=1 tabmail/internal/store/postgres.(*PgStore).ActivateEmployee /workspace/tabmail/internal/store/postgres/company_members.go:364:0 s=279
   585: 0xc0ea5c M=1 github.com/jackc/pgx/v5/pgconn.connectOne /workspace/tabmail-cloud/gomod/github.com/jackc/pgx/v5@v5.10.0/pgconn/pgconn.go:380:0 s=313
   586: 0xfcbf42 M=1 tabmail/internal/store/postgres.guardMemberHistoricalIdentity /workspace/tabmail/internal/store/postgres/member_guard.go:234:0 s=232
   587: 0xfcace4 M=1 tabmail/internal/store/postgres.(*PgStore).DeleteUserGuarded /workspace/tabmail/internal/store/postgres/member_guard.go:194:0 s=158
   588: 0x18680e9 M=1 tabmail/internal/store/postgres_test.TestR5APIKeyUsageLifecycleCascade.func1 /workspace/tabmail/internal/store/postgres/r5_key_touch_admission_test.go:748:0 s=720
   589: 0xc44d6f M=1 github.com/jackc/pgx/v5/internal/stmtcache.(*LRUCache).allocNode /workspace/tabmail-cloud/gomod/github.com/jackc/pgx/v5@v5.10.0/internal/stmtcache/lru_cache.go:179:0 s=171
             github.com/jackc/pgx/v5/internal/stmtcache.(*LRUCache).Put /workspace/tabmail-cloud/gomod/github.com/jackc/pgx/v5@v5.10.0/internal/stmtcache/lru_cache.go:74:0 s=56
   590: 0xc552a4 M=1 github.com/jackc/pgx/v5.(*Conn).getStatementDescription /workspace/tabmail-cloud/gomod/github.com/jackc/pgx/v5@v5.10.0/conn.go:908:0 s=892
   591: 0xf7db22 M=1 tabmail/internal/store/postgres.(*PgStore).ActivateEmployee /workspace/tabmail/internal/store/postgres/company_members.go:323:0 s=279
   592: 0xa281f0 M=1 database/sql.(*Tx).grabConn /workspace/tabmail-cloud/tools/go/src/database/sql/sql.go:2262:0 s=2245
   593: 0xa2a3c4 M=1 database/sql.(*Tx).ExecContext /workspace/tabmail-cloud/tools/go/src/database/sql/sql.go:2512:0 s=2511
   594: 0xf77e84 M=1 tabmail/internal/store/postgres.companyAudit /workspace/tabmail/internal/store/postgres/company_members.go:113:0 s=108
   595: 0xff811e M=1 tabmail/internal/store/postgres.(*PgStore).RequeueOutboundJobAuthorized /workspace/tabmail/internal/store/postgres/outbound_retry.go:105:0 s=22
   596: 0x16db957 M=1 tabmail/internal/app/submissions.(*Service).RetryOutboundJob /workspace/tabmail/internal/app/submissions/service.go:424:0 s=423
   597: 0x1723d6f M=1 tabmail/internal/api/handlers.(*OutboundHandler).RetryJob /workspace/tabmail/internal/api/handlers/outbound.go:124:0 s=81
   598: 0x174eb10 M=1 tabmail/internal/api.NewRouter.func2.2.RequireScopes.5.1 /workspace/tabmail/internal/api/middleware/auth.go:498:0 s=483
   599: 0x185da1a M=1 tabmail/internal/store/postgres_test.r5TouchHTTP /workspace/tabmail/internal/store/postgres/r5_key_touch_admission_test.go:366:0 s=361
   600: 0x1862984 M=1 tabmail/internal/store/postgres_test.TestR5KeyUsageAuthorityAdmissionIsolation.func1 /workspace/tabmail/internal/store/postgres/r5_key_touch_admission_test.go:638:0 s=469
   601: 0x1860336 M=1 tabmail/internal/store/postgres_test.TestR5KeyUsageAuthorityAdmissionIsolation.func1 /workspace/tabmail/internal/store/postgres/r5_key_touch_admission_test.go:470:0 s=469
   602: 0xc51d2e M=1 github.com/jackc/pgx/v5.(*ExtendedQueryBuilder).reset /workspace/tabmail-cloud/gomod/github.com/jackc/pgx/v5@v5.10.0/extended_query_builder.go:103:0 s=96
             github.com/jackc/pgx/v5.(*Conn).execPrepared /workspace/tabmail-cloud/gomod/github.com/jackc/pgx/v5@v5.10.0/conn.go:614:0 s=607
   603: 0xfd5f96 M=1 tabmail/internal/store/postgres.(*PgStore).CreateOutboundJobAuthorized /workspace/tabmail/internal/store/postgres/outbound.go:66:0 s=56
   604: 0xf46e81 M=1 tabmail/internal/outbound.(*Service).createOutboundJob /workspace/tabmail/internal/outbound/service.go:295:0 s=294
   605: 0xf46584 M=1 tabmail/internal/outbound.(*Service).SubmitWithReplay /workspace/tabmail/internal/outbound/service.go:280:0 s=123
   606: 0x19185ad M=1 tabmail/internal/outbound.(*Service).Submit /workspace/tabmail/internal/outbound/service.go:97:0 s=96
             tabmail/internal/store/postgres_test.r5StageQueued /workspace/tabmail/internal/store/postgres/r5_permission_stage_matrix_test.go:86:0 s=78
   607: 0x1860a7d M=1 tabmail/internal/store/postgres_test.TestR5KeyUsageAuthorityAdmissionIsolation.func1 /workspace/tabmail/internal/store/postgres/r5_key_touch_admission_test.go:482:0 s=469
   608: 0xaeb84a M=1 github.com/jackc/pgx/v5/pgtype.UUIDCodec.DecodeDatabaseSQLValue /workspace/tabmail-cloud/gomod/github.com/jackc/pgx/v5@v5.10.0/pgtype/uuid.go:271:0 s=266
   609: 0xf7d8a5 M=1 tabmail/internal/store/postgres.(*PgStore).ActivateEmployee /workspace/tabmail/internal/store/postgres/company_members.go:300:0 s=279
   610: 0x1657955 M=1 github.com/go-chi/chi/v5.(*node).InsertRoute /workspace/tabmail-cloud/gomod/github.com/go-chi/chi/v5@v5.2.5/tree.go:200:0 s=138
   611: 0x1653410 M=1 github.com/go-chi/chi/v5.(*Mux).Post /workspace/tabmail-cloud/gomod/github.com/go-chi/chi/v5@v5.2.5/mux.go:180:0 s=179
   612: 0x171684d M=1 tabmail/internal/api/handlers.RegisterCompanyRoutes.func1 /workspace/tabmail/internal/api/handlers/company_routes.go:93:0 s=27
   613: 0x185d537 M=1 tabmail/internal/store/postgres_test.r5TouchRouter /workspace/tabmail/internal/store/postgres/r5_key_touch_admission_test.go:353:0 s=352
   614: 0x18624f1 M=1 tabmail/internal/store/postgres_test.TestR5KeyUsageAuthorityAdmissionIsolation.func1 /workspace/tabmail/internal/store/postgres/r5_key_touch_admission_test.go:626:0 s=469
   615: 0xffb24a M=1 tabmail/internal/store/postgres.retryTenantView.GetMailboxByAddress /workspace/tabmail/internal/store/postgres/outbound_retry_reader.go:100:0 s=96
   616: 0xf2a672 M=1 tabmail/internal/outbound.ResolveSendAuthorization /workspace/tabmail/internal/outbound/authorization.go:52:0 s=51
   617: 0xf2dabb M=1 tabmail/internal/outbound.ValidateJobAuthorization /workspace/tabmail/internal/outbound/authorization.go:202:0 s=130
   618: 0xf47052 M=1 tabmail/internal/outbound.(*Service).createOutboundJob.func1 /workspace/tabmail/internal/outbound/service.go:301:0 s=295
   619: 0xfd76a2 M=1 tabmail/internal/store/postgres.(*PgStore).enqueueOutboundJobValidated /workspace/tabmail/internal/store/postgres/outbound.go:131:0 s=69
   620: 0xab111c M=1 github.com/jackc/pgx/v5/pgtype.TryPointerPointerScanPlan /workspace/tabmail-cloud/gomod/github.com/jackc/pgx/v5@v5.10.0/pgtype/pgtype.go:516:0 s=512
   621: 0xab6dc1 M=1 github.com/jackc/pgx/v5/pgtype.(*Map).planScan /workspace/tabmail-cloud/gomod/github.com/jackc/pgx/v5@v5.10.0/pgtype/pgtype.go:1131:0 s=1069
   622: 0xffb28b M=1 tabmail/internal/store/postgres.retryTenantView.GetMailboxByAddress /workspace/tabmail/internal/store/postgres/outbound_retry_reader.go:100:0 s=96
   623: 0x16dbba4 M=1 tabmail/internal/app/submissions.(*Service).RetryOutboundJob.func1 /workspace/tabmail/internal/app/submissions/service.go:428:0 s=424
   624: 0xff719c M=1 tabmail/internal/store/postgres.(*PgStore).RequeueOutboundJobAuthorized /workspace/tabmail/internal/store/postgres/outbound_retry.go:74:0 s=22
   625: 0xff9624 M=1 tabmail/internal/store/postgres.(*outboundRetryReader).GetAPIKey /workspace/tabmail/internal/store/postgres/outbound_retry_reader.go:50:0 s=47
   626: 0xf3c341 M=1 tabmail/internal/outbound.ValidateRetryRequester /workspace/tabmail/internal/outbound/retry_authorization.go:35:0 s=13
   627: 0x16dbb04 M=1 tabmail/internal/app/submissions.(*Service).RetryOutboundJob.func1 /workspace/tabmail/internal/app/submissions/service.go:425:0 s=424
   628: 0xff6bc2 M=1 tabmail/internal/store/postgres.(*PgStore).RequeueOutboundJobAuthorized /workspace/tabmail/internal/store/postgres/outbound_retry.go:56:0 s=22
   629: 0x1040cef M=1 tabmail/internal/store/postgres.scanUser /workspace/tabmail/internal/store/postgres/users.go:49:0 s=46
   630: 0x1041419 M=1 tabmail/internal/store/postgres.(*PgStore).GetUserByEmail /workspace/tabmail/internal/store/postgres/users.go:69:0 s=68
   631: 0x17a407a M=1 tabmail/internal/store/postgres_test.seedCompany /workspace/tabmail/internal/store/postgres/company_workflows_test.go:53:0 s=33
   632: 0x1850831 M=1 tabmail/internal/store/postgres_test.r5InviteProfileSeed /workspace/tabmail/internal/store/postgres/r5_invitation_profile_order_test.go:31:0 s=29
   633: 0x18535ba M=1 tabmail/internal/store/postgres_test.TestR5InvitationProfileCompleteCommandsLockOrder.func1 /workspace/tabmail/internal/store/postgres/r5_invitation_profile_order_test.go:106:0 s=103
   634: 0xaeba04 M=1 github.com/jackc/pgx/v5/pgtype.UUIDCodec.DecodeValue /workspace/tabmail-cloud/gomod/github.com/jackc/pgx/v5@v5.10.0/pgtype/uuid.go:285:0 s=280
   635: 0x18537a9 M=1 tabmail/internal/store/postgres_test.TestR5InvitationProfileCompleteCommandsLockOrder.func1 /workspace/tabmail/internal/store/postgres/r5_invitation_profile_order_test.go:109:0 s=103
   636: 0x185257e M=1 tabmail/internal/store/postgres_test.TestR5InvitationProfileForeignTenantDeleteDenied /workspace/tabmail/internal/store/postgres/r5_invitation_profile_order_test.go:70:0 s=69
   637: 0xa280c1 M=1 database/sql.(*Tx).awaitDone /workspace/tabmail-cloud/tools/go/src/database/sql/sql.go:2212:0 s=2209
   638: 0x185233e M=1 tabmail/internal/store/postgres_test.TestR5InvitationProfileNormalAssignedDelete /workspace/tabmail/internal/store/postgres/r5_invitation_profile_order_test.go:63:0 s=62
   639: 0xfae612 M=1 tabmail/internal/store/postgres.(*PgStore).CreateIngress /workspace/tabmail/internal/store/postgres/ingress.go:38:0 s=20
   640: 0x184b5b3 M=1 tabmail/internal/store/postgres_test.r5ClaimIngress /workspace/tabmail/internal/store/postgres/r5_ingress_transaction_test.go:31:0 s=27
   641: 0x184f1d0 M=1 tabmail/internal/store/postgres_test.TestR5IngressAuditFailureRollsBackCheckpointAndQuota /workspace/tabmail/internal/store/postgres/r5_ingress_transaction_test.go:150:0 s=148
   642: 0x6a1f73 M=1 encoding/json.Marshal /workspace/tabmail-cloud/tools/go/src/encoding/json/encode.go:213:0 s=205
   643: 0x184f1bb M=1 tabmail/internal/store/postgres_test.TestR5IngressAuditFailureRollsBackCheckpointAndQuota /workspace/tabmail/internal/store/postgres/r5_ingress_transaction_test.go:149:0 s=148
   644: 0xeaff13 M=1 github.com/jackc/pgx/v5/pgxpool.NewWithConfig.func3 /workspace/tabmail-cloud/gomod/github.com/jackc/pgx/v5@v5.10.0/pgxpool/pool.go:306:0 s=272
   645: 0x184a7f1 M=1 tabmail/internal/store/postgres_test.TestR5IndexRejectsChangedSourceAndStaleToken /workspace/tabmail/internal/store/postgres/r5_index_boundary_test.go:209:0 s=205
   646: 0x17a386c M=1 tabmail/internal/store/postgres_test.seedCompany /workspace/tabmail/internal/store/postgres/company_workflows_test.go:41:0 s=33
   647: 0x184a59e M=1 tabmail/internal/store/postgres_test.TestR5IndexRejectsChangedSourceAndStaleToken /workspace/tabmail/internal/store/postgres/r5_index_boundary_test.go:206:0 s=205
   648: 0xc55244 M=1 github.com/jackc/pgx/v5.(*Conn).getStatementDescription /workspace/tabmail-cloud/gomod/github.com/jackc/pgx/v5@v5.10.0/conn.go:904:0 s=892
   649: 0x1849bbe M=1 tabmail/internal/store/postgres_test.TestR5IndexCancelledCompletionReleasesLocks /workspace/tabmail/internal/store/postgres/r5_index_boundary_test.go:188:0 s=187
   650: 0x184935e M=1 tabmail/internal/store/postgres_test.TestR5IndexDocumentFailureRollsBackCompletion /workspace/tabmail/internal/store/postgres/r5_index_boundary_test.go:170:0 s=169
   651: 0xfb8256 M=1 tabmail/internal/store/postgres.saveParsed /workspace/tabmail/internal/store/postgres/mail_content.go:55:0 s=47
   652: 0xfbae17 M=1 tabmail/internal/store/postgres.(*PgStore).CompleteMailIndexJob /workspace/tabmail/internal/store/postgres/mail_content.go:188:0 s=162
   653: 0x18492db M=1 tabmail/internal/store/postgres_test.TestR5IndexSourceLockPrecedesJob.func1 /workspace/tabmail/internal/store/postgres/r5_index_boundary_test.go:150:0 s=150
   654: 0xeda9fb M=1 bufio.(*Scanner).Text /workspace/tabmail-cloud/tools/go/src/bufio/scan.go:115:0 s=114
             github.com/pressly/goose/v3/internal/sqlparser.ParseSQLMigration /workspace/goose-buffer-experiment/baseline/internal/sqlparser/parser.go:117:0 s=103
   655: 0x100584a M=1 tabmail/internal/store/postgres.permissionEditorSnapshotTx /workspace/tabmail/internal/store/postgres/permission_editor_snapshot.go:51:0 s=32
   656: 0x1839eba M=1 tabmail/internal/store/postgres_test.r5GlobalFanoutAssign /workspace/tabmail/internal/store/postgres/r5_global_profile_fanout_test.go:68:0 s=64
   657: 0x1839c8c M=1 tabmail/internal/store/postgres_test.r5GlobalFanoutSeed /workspace/tabmail/internal/store/postgres/r5_global_profile_fanout_test.go:59:0 s=31
   658: 0x18421e5 M=1 tabmail/internal/store/postgres_test.TestR5GlobalProfileFanoutNoAssignmentPhantom /workspace/tabmail/internal/store/postgres/r5_global_profile_fanout_test.go:364:0 s=363
   659: 0xfc13ab M=1 tabmail/internal/store/postgres.(*PgStore).GetMailboxByAddress /workspace/tabmail/internal/store/postgres/mailboxes.go:48:0 s=47
   660: 0x1838f71 M=1 tabmail/internal/store/postgres_test.r5GlobalFanoutSeed /workspace/tabmail/internal/store/postgres/r5_global_profile_fanout_test.go:36:0 s=31
   661: 0x184189d M=1 tabmail/internal/store/postgres_test.TestR5GlobalProfileFanoutCurrentMembership.func2 /workspace/tabmail/internal/store/postgres/r5_global_profile_fanout_test.go:334:0 s=333
   662: 0xffffab M=1 tabmail/internal/store/postgres.(*PgStore).AssignPermissionEditor.func1 /workspace/tabmail/internal/store/postgres/permission_assignment.go:61:0 s=35
   663: 0xffdf8d M=1 tabmail/internal/store/postgres.(*PgStore).companyTx /workspace/tabmail/internal/store/postgres/company_members.go:35:0 s=34
             tabmail/internal/store/postgres.(*PgStore).AssignPermissionEditor /workspace/tabmail/internal/store/postgres/permission_assignment.go:35:0 s=16
   664: 0x183a0ad M=1 tabmail/internal/store/postgres_test.r5GlobalFanoutAssign /workspace/tabmail/internal/store/postgres/r5_global_profile_fanout_test.go:75:0 s=64
   665: 0x184043d M=1 tabmail/internal/store/postgres_test.TestR5GlobalProfileFanoutTenantLocalAndNoop.func1 /workspace/tabmail/internal/store/postgres/r5_global_profile_fanout_test.go:248:0 s=247
   666: 0x100813d M=1 tabmail/internal/store/postgres.permissionProfileMembersTx /workspace/tabmail/internal/store/postgres/permission_profile_cas.go:52:0 s=51
   667: 0x100aac7 M=1 tabmail/internal/store/postgres.(*PgStore).UpdatePermissionProfileCAS.func1 /workspace/tabmail/internal/store/postgres/permission_profile_cas.go:118:0 s=107
   668: 0x1009b24 M=1 tabmail/internal/store/postgres.(*PgStore).companyTx /workspace/tabmail/internal/store/postgres/company_members.go:35:0 s=34
             tabmail/internal/store/postgres.(*PgStore).UpdatePermissionProfileCAS /workspace/tabmail/internal/store/postgres/permission_profile_cas.go:107:0 s=94
   669: 0x1840a04 M=1 tabmail/internal/store/postgres_test.TestR5GlobalProfileFanoutTenantLocalAndNoop.func1 /workspace/tabmail/internal/store/postgres/r5_global_profile_fanout_test.go:261:0 s=247
   670: 0xfd78a2 M=1 tabmail/internal/store/postgres.(*PgStore).enqueueOutboundJobValidated /workspace/tabmail/internal/store/postgres/outbound.go:140:0 s=69
   671: 0x16dac87 M=1 tabmail/internal/app/submissions.(*Service).SubmitAuthorized /workspace/tabmail/internal/app/submissions/service.go:334:0 s=213
   672: 0x16d8978 M=1 tabmail/internal/app/submissions.(*Service).SubmitDraft /workspace/tabmail/internal/app/submissions/service.go:186:0 s=147
   673: 0x170d054 M=1 tabmail/internal/api/handlers.(*CompanyMailHandler).SubmitDraft /workspace/tabmail/internal/api/handlers/company_mail.go:318:0 s=295
   674: 0x177d770 M=1 tabmail/internal/store/postgres_test.draftSubmitHTTP /workspace/tabmail/internal/store/postgres/company_draft_submit_test.go:35:0 s=24
   675: 0x1838790 M=1 tabmail/internal/store/postgres_test.TestR5EnqueueQuotaUTCMidnightCountingBoundary.func1 /workspace/tabmail/internal/store/postgres/r5_enqueue_quota_snapshot_test.go:245:0 s=237
   676: 0xf6e1f2 M=1 tabmail/internal/store/postgres.(*PgStore).GetMailDraft.func1 /workspace/tabmail/internal/store/postgres/company_mail.go:467:0 s=465
   677: 0xf6df04 M=1 tabmail/internal/store/postgres.(*PgStore).companyReadTx /workspace/tabmail/internal/store/postgres/company_members.go:47:0 s=46
             tabmail/internal/store/postgres.(*PgStore).GetMailDraft /workspace/tabmail/internal/store/postgres/company_mail.go:465:0 s=463
   678: 0x16d7814 M=1 tabmail/internal/app/submissions.(*Service).SubmitDraft /workspace/tabmail/internal/app/submissions/service.go:151:0 s=147
   679: 0x1833b34 M=1 tabmail/internal/store/postgres_test.r5QuotaDraft /workspace/tabmail/internal/store/postgres/r5_enqueue_quota_snapshot_test.go:24:0 s=22
   680: 0x183868e M=1 tabmail/internal/store/postgres_test.TestR5EnqueueQuotaUTCMidnightCountingBoundary.func1 /workspace/tabmail/internal/store/postgres/r5_enqueue_quota_snapshot_test.go:244:0 s=237
   681: 0x1838576 M=1 tabmail/internal/store/postgres_test.TestR5EnqueueQuotaUTCMidnightCountingBoundary.func1 /workspace/tabmail/internal/store/postgres/r5_enqueue_quota_snapshot_test.go:238:0 s=237
   682: 0xc011de M=1 github.com/jackc/pgx/v5/pgconn.parseEnvSettings /workspace/tabmail-cloud/gomod/github.com/jackc/pgx/v5@v5.10.0/pgconn/config.go:582:0 s=579
   683: 0xbfd03b M=1 github.com/jackc/pgx/v5/pgconn.ParseConfigWithOptions /workspace/tabmail-cloud/gomod/github.com/jackc/pgx/v5@v5.10.0/pgconn/config.go:325:0 s=323
   684: 0xed9407 M=1 github.com/pressly/goose/v3/internal/sqlparser.init.func1 /workspace/goose-buffer-experiment/baseline/internal/sqlparser/parser.go:88:0 s=87
   685: 0xeddeaa M=1 github.com/pressly/goose/v3/internal/sqlparser.endsWithSemicolon /workspace/goose-buffer-experiment/baseline/internal/sqlparser/parser.go:376:0 s=375
   686: 0xff2d4f M=1 tabmail/internal/store/postgres.readOutboundReceipts /workspace/tabmail/internal/store/postgres/outbound_receipts.go:96:0 s=54
   687: 0xff0989 M=1 tabmail/internal/store/postgres.(*PgStore).outboundPrincipalTx.func1 /workspace/tabmail/internal/store/postgres/outbound_principal.go:24:0 s=24
   688: 0xfedfe4 M=1 tabmail/internal/store/postgres.(*PgStore).companyReadTx /workspace/tabmail/internal/store/postgres/company_members.go:47:0 s=46
             tabmail/internal/store/postgres.(*PgStore).outboundPrincipalTx /workspace/tabmail/internal/store/postgres/outbound_principal.go:24:0 s=19
   689: 0x16d3227 M=1 tabmail/internal/app/submissions.(*Service).CommittedReceiptView /workspace/tabmail/internal/app/submissions/receipts.go:116:0 s=112
   690: 0x170d44f M=1 tabmail/internal/api/handlers.(*CompanyMailHandler).SubmitDraft /workspace/tabmail/internal/api/handlers/company_mail.go:335:0 s=295
   691: 0x183486c M=1 tabmail/internal/store/postgres_test.r5QuotaSubmitRequest.func1 /workspace/tabmail/internal/store/postgres/r5_enqueue_quota_snapshot_test.go:38:0 s=38
   692: 0xa0ee76 M=1 github.com/jackc/pgx/v5/pgconn/ctxwatch.(*ContextWatcher).Watch /workspace/tabmail-cloud/gomod/github.com/jackc/pgx/v5@v5.10.0/pgconn/ctxwatch/context_watcher.go:41:0 s=32
   693: 0x1016aa9 M=1 tabmail/internal/store/postgres.effectivePermissionSnapshot /workspace/tabmail/internal/store/postgres/permission_snapshot.go:26:0 s=24
   694: 0xff9346 M=1 tabmail/internal/store/postgres.(*outboundRetryReader).EffectivePermission /workspace/tabmail/internal/store/postgres/outbound_retry_reader.go:45:0 s=37
   695: 0xf39aa8 M=1 tabmail/internal/outbound.CurrentEnqueueQuota /workspace/tabmail/internal/outbound/enqueue_quota.go:34:0 s=15
   696: 0xf4710a M=1 tabmail/internal/outbound.(*Service).createOutboundJob.func1 /workspace/tabmail/internal/outbound/service.go:304:0 s=295
   697: 0x1836b90 M=1 tabmail/internal/store/postgres_test.TestR5EnqueueQuotaChangeOrdersThroughInsert.func1 /workspace/tabmail/internal/store/postgres/r5_enqueue_quota_snapshot_test.go:143:0 s=133
   698: 0xab79c5 M=1 github.com/jackc/pgx/v5/pgtype.(*Map).planEncodeDepth /workspace/tabmail-cloud/gomod/github.com/jackc/pgx/v5@v5.10.0/pgtype/pgtype.go:1220:0 s=1203
   699: 0x1019aa9 M=1 tabmail/internal/store/postgres.(*PgStore).UpdatePermissionProfile /workspace/tabmail/internal/store/postgres/permissions.go:72:0 s=70
   700: 0x18372f2 M=1 tabmail/internal/store/postgres_test.TestR5EnqueueQuotaChangeOrdersThroughInsert.func1.1 /workspace/tabmail/internal/store/postgres/r5_enqueue_quota_snapshot_test.go:149:0 s=149
   701: 0xf6ee8c M=1 tabmail/internal/store/postgres.(*PgStore).mailboxAccessTx /workspace/tabmail/internal/store/postgres/company_members.go:394:0 s=393
             tabmail/internal/store/postgres.(*PgStore).SaveMailDraft.func1 /workspace/tabmail/internal/store/postgres/company_mail.go:507:0 s=499
   702: 0x16bbb6a M=1 tabmail/internal/app/drafts.(*Service).Save /workspace/tabmail/internal/app/drafts/service.go:33:0 s=26
   703: 0x1705991 M=1 tabmail/internal/api/handlers.(*CompanyDraftHandler).Save /workspace/tabmail/internal/api/handlers/company_drafts.go:49:0 s=37
   704: 0x1833cbc M=1 tabmail/internal/store/postgres_test.r5QuotaDraft /workspace/tabmail/internal/store/postgres/r5_enqueue_quota_snapshot_test.go:24:0 s=22
   705: 0x1836bda M=1 tabmail/internal/store/postgres_test.TestR5EnqueueQuotaChangeOrdersThroughInsert.func1 /workspace/tabmail/internal/store/postgres/r5_enqueue_quota_snapshot_test.go:144:0 s=133
   706: 0x183692a M=1 tabmail/internal/store/postgres_test.TestR5EnqueueQuotaChangeOrdersThroughInsert.func1 /workspace/tabmail/internal/store/postgres/r5_enqueue_quota_snapshot_test.go:134:0 s=133
   707: 0x5bc4e4 M=1 fmt.Errorf /workspace/tabmail-cloud/tools/go/src/fmt/errors.go:25:0 s=22
   708: 0xfe414a M=1 tabmail/internal/store/postgres.(*PgStore).IsSuppressed /workspace/tabmail/internal/store/postgres/outbound.go:612:0 s=610
   709: 0x16da73a M=1 tabmail/internal/app/submissions.(*Service).SubmitAuthorized /workspace/tabmail/internal/app/submissions/service.go:323:0 s=213
   710: 0x18354f6 M=1 tabmail/internal/store/postgres_test.TestR5EnqueueQuotaUsesCurrentPermissionAfterParentWait.func1 /workspace/tabmail/internal/store/postgres/r5_enqueue_quota_snapshot_test.go:70:0 s=69
   711: 0x1066464 M=1 bufio.NewReaderSize /workspace/tabmail-cloud/tools/go/src/bufio/bufio.go:57:0 s=50
             bufio.NewReader /workspace/tabmail-cloud/tools/go/src/bufio/bufio.go:63:0 s=62
             net/http/httptest.NewRequestWithContext /workspace/tabmail-cloud/tools/go/src/net/http/httptest/httptest.go:50:0 s=46
   712: 0x1834078 M=1 net/http/httptest.NewRequest /workspace/tabmail-cloud/tools/go/src/net/http/httptest/httptest.go:20:0 s=19
             tabmail/internal/store/postgres_test.r5QuotaSubmitRequest /workspace/tabmail/internal/store/postgres/r5_enqueue_quota_snapshot_test.go:32:0 s=28
   713: 0x1835dc4 M=1 tabmail/internal/store/postgres_test.TestR5EnqueueQuotaUsesCurrentPermissionAfterParentWait.func1 /workspace/tabmail/internal/store/postgres/r5_enqueue_quota_snapshot_test.go:97:0 s=69
   714: 0xffb115 M=1 tabmail/internal/store/postgres.retryTenantView.GetMailboxByAddress /workspace/tabmail/internal/store/postgres/outbound_retry_reader.go:100:0 s=96
   715: 0x174c4f8 M=1 tabmail/internal/api.NewRouter.func2.5 /workspace/tabmail/internal/api/router.go:292:0 s=264
   716: 0x174982d M=1 tabmail/internal/api.NewRouter.func2 /workspace/tabmail/internal/api/router.go:264:0 s=172
   717: 0x177db66 M=1 tabmail/internal/store/postgres_test.seedDraftSubmit /workspace/tabmail/internal/store/postgres/company_draft_submit_test.go:44:0 s=39
   718: 0x183598c M=1 tabmail/internal/store/postgres_test.TestR5EnqueueQuotaUsesCurrentPermissionAfterParentWait.func1 /workspace/tabmail/internal/store/postgres/r5_enqueue_quota_snapshot_test.go:87:0 s=69
   719: 0xec11a4 M=1 github.com/jackc/pgx/v5/stdlib.connector.Connect /workspace/tabmail-cloud/gomod/github.com/jackc/pgx/v5@v5.10.0/stdlib/sql.go:257:0 s=255
   720: 0xbfdb24 M=1 github.com/jackc/pgx/v5/pgconn.ParseConfigWithOptions /workspace/tabmail-cloud/gomod/github.com/jackc/pgx/v5@v5.10.0/pgconn/config.go:371:0 s=323
   721: 0x171f045 M=1 github.com/rs/zerolog.Logger.With /workspace/tabmail-cloud/gomod/github.com/rs/zerolog@v1.34.0/log.go:281:0 s=279
             tabmail/internal/api/handlers.NewDomainHandler /workspace/tabmail/internal/api/handlers/domains.go:61:0 s=51
   722: 0x17456a4 M=1 tabmail/internal/api.NewRouter /workspace/tabmail/internal/api/router.go:151:0 s=126
   723: 0x1832bde M=1 tabmail/internal/store/postgres_test.TestR5ConcurrencyIndependentSubmissionsShareParentLock /workspace/tabmail/internal/store/postgres/r5_enqueue_parallel_test.go:13:0 s=12
   724: 0x1832b4f M=1 tabmail/internal/outbound.(*Service).Submit /workspace/tabmail/internal/outbound/service.go:97:0 s=96
             tabmail/internal/store/postgres_test.TestR5EnqueueAuthorizedIndependentSubmissionsShareParent.func1 /workspace/tabmail/internal/store/postgres/r5_enqueue_authority_test.go:363:0 s=363
   725: 0x183189e M=1 tabmail/internal/store/postgres_test.TestR5EnqueueAuthorizedIndependentSubmissionsShareParent /workspace/tabmail/internal/store/postgres/r5_enqueue_authority_test.go:354:0 s=353
   726: 0xac030c M=1 github.com/jackc/pgx/v5/pgtype.newEncodeError /workspace/tabmail-cloud/gomod/github.com/jackc/pgx/v5@v5.10.0/pgtype/pgtype.go:1963:0 s=1945
   727: 0xfa16e2 M=1 tabmail/internal/store/postgres.(*PgStore).loadTemplateForSendTx /workspace/tabmail/internal/store/postgres/company_templates.go:412:0 s=377
   728: 0xfa0dc4 M=1 tabmail/internal/store/postgres.(*PgStore).TemplateForSend.func1 /workspace/tabmail/internal/store/postgres/company_templates.go:371:0 s=370
   729: 0xfa0a64 M=1 tabmail/internal/store/postgres.(*PgStore).companyReadTx /workspace/tabmail/internal/store/postgres/company_members.go:47:0 s=46
             tabmail/internal/store/postgres.(*PgStore).TemplateForSend /workspace/tabmail/internal/store/postgres/company_templates.go:370:0 s=363
   730: 0xf4417b M=1 tabmail/internal/outbound.(*Service).SubmitWithReplay /workspace/tabmail/internal/outbound/service.go:171:0 s=123
   731: 0x182e78f M=1 tabmail/internal/outbound.(*Service).Submit /workspace/tabmail/internal/outbound/service.go:97:0 s=96
             tabmail/internal/store/postgres_test.TestR5EnqueueProtectsAuthorityThroughInsert.func1.1 /workspace/tabmail/internal/store/postgres/r5_enqueue_authority_test.go:179:0 s=179
   732: 0x182bcd6 M=1 tabmail/internal/store/postgres_test.TestR5EnqueueProtectsAuthorityThroughInsert.func1 /workspace/tabmail/internal/store/postgres/r5_enqueue_authority_test.go:148:0 s=147
   733: 0x84ff84 M=1 github.com/jackc/pgx/v5/pgproto3.(*DataRow).Decode /workspace/tabmail-cloud/gomod/github.com/jackc/pgx/v5@v5.10.0/pgproto3/data_row.go:35:0 s=22
   734: 0x18135a7 M=1 tabmail/internal/store/postgres_test.r5PauseCommand /workspace/tabmail/internal/store/postgres/r5_concurrency_baseline_test.go:59:0 s=46
   735: 0x182cb84 M=1 tabmail/internal/store/postgres_test.TestR5EnqueueProtectsAuthorityThroughInsert.func1 /workspace/tabmail/internal/store/postgres/r5_enqueue_authority_test.go:176:0 s=147
   736: 0x1825ad1 M=1 tabmail/internal/store/postgres_test.r5ConvertRetentionFixture /workspace/tabmail/internal/store/postgres/r5_convert_shared_retention_order_test.go:166:0 s=164
   737: 0x18250a8 M=1 tabmail/internal/store/postgres_test.TestR5ConvertSharedRetentionNormalAndAuditRollback.func1 /workspace/tabmail/internal/store/postgres/r5_convert_shared_retention_order_test.go:130:0 s=129
   738: 0x85792b M=1 github.com/jackc/pgx/v5/pgproto3.newChunkReader /workspace/tabmail-cloud/gomod/github.com/jackc/pgx/v5@v5.10.0/pgproto3/chunkreader.go:36:0 s=25
             github.com/jackc/pgx/v5/pgproto3.NewFrontend /workspace/tabmail-cloud/gomod/github.com/jackc/pgx/v5@v5.10.0/pgproto3/frontend.go:70:0 s=69
   739: 0x1822804 M=1 tabmail/internal/store/postgres_test.TestR5ConvertSharedRetentionCompleteCommands.func1 /workspace/tabmail/internal/store/postgres/r5_convert_shared_retention_order_test.go:21:0 s=20
   740: 0xfc1931 M=1 tabmail/internal/store/postgres.(*PgStore).scanMailbox /workspace/tabmail/internal/store/postgres/mailboxes.go:83:0 s=82
   741: 0xf856e8 M=1 tabmail/internal/store/postgres.(*PgStore).CreateWorkMailbox.func1 /workspace/tabmail/internal/store/postgres/company_members.go:594:0 s=573
   742: 0x1820e13 M=1 tabmail/internal/store/postgres_test.TestR5ContentReadsFenceMailboxSnapshot.func1 /workspace/tabmail/internal/store/postgres/r5_content_wait_test.go:278:0 s=277
   743: 0xf785f0 M=1 tabmail/internal/store/postgres.companyAudit /workspace/tabmail/internal/store/postgres/company_members.go:117:0 s=108
   744: 0xf8a3e4 M=1 tabmail/internal/store/postgres.(*PgStore).SetWorkGrant.func1 /workspace/tabmail/internal/store/postgres/company_members.go:730:0 s=705
   745: 0x17975b2 M=1 tabmail/internal/store/postgres_test.grantCurrent /workspace/tabmail/internal/store/postgres/company_revision_fixture_test.go:16:0 s=11
   746: 0x194398e M=1 tabmail/internal/store/postgres_test.r5ReadFixture /workspace/tabmail/internal/store/postgres/r5_read_boundary_test.go:33:0 s=30
   747: 0x1820e2b M=1 tabmail/internal/store/postgres_test.TestR5ContentReadsFenceMailboxSnapshot.func1 /workspace/tabmail/internal/store/postgres/r5_content_wait_test.go:279:0 s=277
   748: 0x8bf21b M=1 net/url.parseQuery /workspace/tabmail-cloud/tools/go/src/net/url/url.go:1045:0 s=1016
   749: 0x8c129c M=1 net/url.ParseQuery /workspace/tabmail-cloud/tools/go/src/net/url/url.go:992:0 s=990
             net/url.(*URL).Query /workspace/tabmail-cloud/tools/go/src/net/url/url.go:1204:0 s=1203
   750: 0xc02544 M=1 github.com/jackc/pgx/v5/pgconn.parseURLSettings /workspace/tabmail-cloud/gomod/github.com/jackc/pgx/v5@v5.10.0/pgconn/config.go:673:0 s=619
   751: 0xbfd17c M=1 github.com/jackc/pgx/v5/pgconn.ParseConfigWithOptions /workspace/tabmail-cloud/gomod/github.com/jackc/pgx/v5@v5.10.0/pgconn/config.go:332:0 s=323
   752: 0xf7ec93 M=1 tabmail/internal/store/postgres.(*PgStore).ActivateEmployee /workspace/tabmail/internal/store/postgres/company_members.go:357:0 s=279
   753: 0x181e6da M=1 tabmail/internal/store/postgres_test.TestR5SentMutationCancellationAndAuditFailureRollBack.func1 /workspace/tabmail/internal/store/postgres/r5_content_wait_test.go:174:0 s=173
   754: 0x17974bc M=1 tabmail/internal/store/postgres_test.grantCurrent /workspace/tabmail/internal/store/postgres/company_revision_fixture_test.go:13:0 s=11
   755: 0x181cc30 M=1 tabmail/internal/store/postgres_test.TestR5SentMutationOrdersGrantRevocation /workspace/tabmail/internal/store/postgres/r5_content_wait_test.go:137:0 s=132
   756: 0x181c9de M=1 tabmail/internal/store/postgres_test.TestR5SentMutationOrdersGrantRevocation /workspace/tabmail/internal/store/postgres/r5_content_wait_test.go:133:0 s=132
   757: 0xd7ffb0 M=1 tabmail/internal/company.Hash /workspace/tabmail/internal/company/types.go:194:0 s=194
   758: 0xfa8d84 M=1 tabmail/internal/store/postgres.offboardingSnapshot /workspace/tabmail/internal/store/postgres/employee_disposition.go:201:0 s=166
   759: 0xfab8d4 M=1 tabmail/internal/store/postgres.(*PgStore).ExecuteOffboarding.func1 /workspace/tabmail/internal/store/postgres/employee_disposition.go:283:0 s=244
   760: 0x1817ea9 M=1 tabmail/internal/store/postgres_test.TestR5ConcurrencyR03EnqueueOffboardNoTenantFKCycle.func2 /workspace/tabmail/internal/store/postgres/r5_concurrency_baseline_test.go:148:0 s=148
   761: 0x5eeda7 M=1 bytes.(*Buffer).grow /workspace/tabmail-cloud/tools/go/src/bytes/buffer.go:143:0 s=132
   762: 0x5efaf6 M=1 bytes.(*Buffer).WriteByte /workspace/tabmail-cloud/tools/go/src/bytes/buffer.go:295:0 s=291
   763: 0x6a70d0 M=1 encoding/json.structEncoder.encode /workspace/tabmail-cloud/tools/go/src/encoding/json/encode.go:750:0 s=728
   764: 0xfa7fe4 M=1 tabmail/internal/store/postgres.offboardingAuthorityEpochTx /workspace/tabmail/internal/store/postgres/employee_disposition.go:148:0 s=124
   765: 0x181719e M=1 tabmail/internal/store/postgres_test.TestR5ConcurrencyR03EnqueueOffboardNoTenantFKCycle /workspace/tabmail/internal/store/postgres/r5_concurrency_baseline_test.go:137:0 s=136
   766: 0x5b526a M=1 context.WithDeadlineCause /workspace/tabmail-cloud/tools/go/src/context/context.go:652:0 s=632
   767: 0x18111b6 M=1 tabmail/internal/store/postgres_test.TestR5CompanyAdminEventsReleaseFence.func1 /workspace/tabmail/internal/store/postgres/r5_company_admin_events_test.go:86:0 s=85
   768: 0xedb785 M=1 github.com/pressly/goose/v3/internal/sqlparser.ParseSQLMigration /workspace/goose-buffer-experiment/baseline/internal/sqlparser/parser.go:259:0 s=103
   769: 0x180f731 M=1 tabmail/internal/store/postgres_test.TestR5CompanyAdminEventsOriginalOutboxCurrentScope /workspace/tabmail/internal/store/postgres/r5_company_admin_events_test.go:21:0 s=17
   770: 0x180ad56 M=1 tabmail/internal/store/postgres_test.TestR5CacheBusySourceRejectsBeforePhysicalDeleteCounterRelease.func1 /workspace/tabmail/internal/store/postgres/r5_cache_parent_snapshot_test.go:336:0 s=335
   771: 0x180ac13 M=1 tabmail/internal/store/postgres_test.TestR5CacheBusySourceRejectsBeforePhysicalDeleteCounterRelease /workspace/tabmail/internal/store/postgres/r5_cache_parent_snapshot_test.go:335:0 s=333
   772: 0x180cfc4 M=1 tabmail/internal/store/postgres_test.TestR5CacheBusySourceRejectsBeforePhysicalDeleteCounterRelease.func1 /workspace/tabmail/internal/store/postgres/r5_cache_parent_snapshot_test.go:437:0 s=335
   773: 0x18077f6 M=1 tabmail/internal/store/postgres_test.TestR5CacheWriteVersusPhysicalDeleteLockOrder.func1 /workspace/tabmail/internal/store/postgres/r5_cache_parent_snapshot_test.go:194:0 s=193
   774: 0xeaf934 M=1 github.com/jackc/pgx/v5/pgxpool.NewWithConfig.func4 /workspace/tabmail-cloud/gomod/github.com/jackc/pgx/v5@v5.10.0/pgxpool/pool.go:314:0 s=313
   775: 0xeb7667 M=1 github.com/jackc/puddle/v2.(*Pool[go.shape.*uint8]).destructResourceValue /workspace/tabmail-cloud/gomod/github.com/jackc/puddle/v2@v2.2.2/pool.go:708:0 s=707
   776: 0x1807b49 M=1 tabmail/internal/store/postgres_test.TestR5CacheWriteVersusPhysicalDeleteLockOrder.func1 /workspace/tabmail/internal/store/postgres/r5_cache_parent_snapshot_test.go:207:0 s=193
   777: 0xc06a88 M=1 github.com/jackc/pgx/v5/pgconn.defaultSettings /workspace/tabmail-cloud/gomod/github.com/jackc/pgx/v5@v5.10.0/pgconn/defaults.go:15:0 s=12
   778: 0x860717 M=1 github.com/jackc/pgx/v5/pgproto3.(*ParameterStatus).Decode /workspace/tabmail-cloud/gomod/github.com/jackc/pgx/v5@v5.10.0/pgproto3/parameter_status.go:31:0 s=18
   779: 0x5b4144 M=1 context.(*cancelCtx).propagateCancel /workspace/tabmail-cloud/tools/go/src/context/context.go:501:0 s=475
   780: 0x5b3507 M=1 context.AfterFunc /workspace/tabmail-cloud/tools/go/src/context/context.go:329:0 s=325
   781: 0x1757653 M=1 tabmail/internal/testpg.NewPostgres.func2 /workspace/tabmail/internal/testpg/fixture.go:50:0 s=49
   782: 0x175794f M=1 tabmail/internal/testpg.NewPostgres.func1.(*postgresFixtureResources).close.1 /workspace/tabmail/internal/testpg/fixture.go:99:0 s=84
   783: 0x1757714 M=1 tabmail/internal/testpg.(*postgresFixtureResources).close /workspace/tabmail/internal/testpg/fixture.go:84:0 s=83
             tabmail/internal/testpg.NewPostgres.func1 /workspace/tabmail/internal/testpg/fixture.go:38:0 s=37
   784: 0x62b9a8 M=1 testing.(*common).Cleanup.func1 /workspace/tabmail-cloud/tools/go/src/testing/testing.go:1308:0 s=1294
   785: 0x62d5c5 M=1 testing.(*common).runCleanup /workspace/tabmail-cloud/tools/go/src/testing/testing.go:1572:0 s=1535
   786: 0x62ea0c M=1 testing.tRunner.func2 /workspace/tabmail-cloud/tools/go/src/testing/testing.go:1928:0 s=1926
   787: 0x62e975 M=1 testing.tRunner /workspace/tabmail-cloud/tools/go/src/testing/testing.go:1940:0 s=1774
   788: 0x1806bfe M=1 tabmail/internal/store/postgres_test.TestR5CacheConstraintFailureRollsBackDerivedWrite /workspace/tabmail/internal/store/postgres/r5_cache_parent_snapshot_test.go:161:0 s=160
   789: 0x1804eb5 M=1 tabmail/internal/store/postgres_test.TestR5CacheWriteAndIngressDoNotAcquireAncestorFK.func1 /workspace/tabmail/internal/store/postgres/r5_cache_parent_snapshot_test.go:96:0 s=95
   790: 0xc4d10c M=1 github.com/jackc/pgx/v5.connect /workspace/tabmail-cloud/gomod/github.com/jackc/pgx/v5@v5.10.0/conn.go:285:0 s=243
   791: 0xf07aee M=1 github.com/pressly/goose/v3.(*Provider).runSQL /workspace/goose-buffer-experiment/baseline/provider_run.go:522:0 s=510
   792: 0xed9655 M=1 github.com/pressly/goose/v3/internal/sqlparser.ParseAllFromFS /workspace/goose-buffer-experiment/baseline/internal/sqlparser/parse.go:22:0 s=16
   793: 0xf027d9 M=1 github.com/pressly/goose/v3.(*Provider).prepareMigration /workspace/goose-buffer-experiment/baseline/provider_run.go:60:0 s=26
   794: 0xf033ca M=1 github.com/pressly/goose/v3.(*Provider).runMigrations /workspace/goose-buffer-experiment/baseline/provider_run.go:128:0 s=96
   795: 0x1803d09 M=1 tabmail/internal/store/postgres_test.TestR5CachePlainAndAuditedRecoveryParentClassification.func1 /workspace/tabmail/internal/store/postgres/r5_cache_parent_snapshot_test.go:37:0 s=36
   796: 0x857a04 M=1 github.com/jackc/pgx/v5/pgproto3.NewFrontend /workspace/tabmail-cloud/gomod/github.com/jackc/pgx/v5@v5.10.0/pgproto3/frontend.go:71:0 s=69
   797: 0xf7a9a8 M=1 tabmail/internal/store/postgres.(*PgStore).InviteEmployee /workspace/tabmail/internal/store/postgres/company_members.go:209:0 s=201
   798: 0x18029d6 M=1 tabmail/internal/store/postgres_test.TestR5MessageMutationReloadsGrantAfterMailboxWait.func1 /workspace/tabmail/internal/store/postgres/r5_audited_writes_test.go:268:0 s=267
   799: 0x18029ee M=1 tabmail/internal/store/postgres_test.TestR5MessageMutationReloadsGrantAfterMailboxWait.func1 /workspace/tabmail/internal/store/postgres/r5_audited_writes_test.go:269:0 s=267
   800: 0xf8560f M=1 tabmail/internal/store/postgres.(*PgStore).CreateWorkMailbox.func1 /workspace/tabmail/internal/store/postgres/company_members.go:591:0 s=573
   801: 0x18024d6 M=1 tabmail/internal/store/postgres_test.TestR5AuditedWritesAuditFailureRollsBack.func1 /workspace/tabmail/internal/store/postgres/r5_audited_writes_test.go:245:0 s=244
   802: 0x7081b6 M=1 regexp.(*bitState).reset /workspace/tabmail-cloud/tools/go/src/regexp/backtrack.go:91:0 s=80
   803: 0x70a50d M=1 regexp.(*Regexp).backtrack /workspace/tabmail-cloud/tools/go/src/regexp/backtrack.go:317:0 s=305
   804: 0x70dd4b M=1 regexp.(*Regexp).doExecute /workspace/tabmail-cloud/tools/go/src/regexp/exec.go:535:0 s=521
   805: 0x719d94 M=1 regexp.(*Regexp).allMatches /workspace/tabmail-cloud/tools/go/src/regexp/regexp.go:778:0 s=769
   806: 0x71e3cf M=1 regexp.(*Regexp).FindAllStringSubmatch /workspace/tabmail-cloud/tools/go/src/regexp/regexp.go:1196:0 s=1191
   807: 0xd7ce28 M=1 tabmail/internal/company.ValidateTemplate /workspace/tabmail/internal/company/templates.go:65:0 s=28
   808: 0xf98c95 M=1 tabmail/internal/store/postgres.(*PgStore).SaveMailTemplate /workspace/tabmail/internal/store/postgres/company_templates.go:79:0 s=74
   809: 0x17fd62e M=1 tabmail/internal/store/postgres_test.r5AuditedFixture /workspace/tabmail/internal/store/postgres/r5_audited_writes_test.go:58:0 s=30
   810: 0x18024fe M=1 tabmail/internal/store/postgres_test.TestR5AuditedWritesAuditFailureRollsBack.func1 /workspace/tabmail/internal/store/postgres/r5_audited_writes_test.go:246:0 s=244
   811: 0x4c1c9e M=1 time.newTimer /workspace/tabmail-cloud/tools/go/src/runtime/time.go:390:0 s=389
   812: 0x5031ab M=1 time.AfterFunc /workspace/tabmail-cloud/tools/go/src/time/sleep.go:211:0 s=210
   813: 0x5b5327 M=1 context.WithDeadlineCause /workspace/tabmail-cloud/tools/go/src/context/context.go:652:0 s=632
   814: 0xf6547a M=1 tabmail/internal/store/postgres.messageMutation /workspace/tabmail/internal/store/postgres/company_mail.go:104:0 s=80
   815: 0xf68124 M=1 tabmail/internal/store/postgres.(*PgStore).MutateWorkMessage.func1 /workspace/tabmail/internal/store/postgres/company_mail.go:236:0 s=212
   816: 0xf6797e M=1 tabmail/internal/store/postgres.(*PgStore).companyReferencedTx /workspace/tabmail/internal/store/postgres/company_members.go:57:0 s=56
             tabmail/internal/store/postgres.(*PgStore).MutateWorkMessage /workspace/tabmail/internal/store/postgres/company_mail.go:212:0 s=209
   817: 0x17fe8d5 M=1 tabmail/internal/store/postgres_test.r5AuditedFixture.func1 /workspace/tabmail/internal/store/postgres/r5_audited_writes_test.go:49:0 s=48
   818: 0x1802797 M=1 tabmail/internal/store/postgres_test.TestR5AuditedWritesAuditFailureRollsBack.func1 /workspace/tabmail/internal/store/postgres/r5_audited_writes_test.go:260:0 s=244
   819: 0xf9a19a M=1 tabmail/internal/store/postgres.(*PgStore).SaveMailTemplate.func1 /workspace/tabmail/internal/store/postgres/company_templates.go:103:0 s=85
   820: 0xf98e64 M=1 tabmail/internal/store/postgres.(*PgStore).companyReferencedTx /workspace/tabmail/internal/store/postgres/company_members.go:57:0 s=56
             tabmail/internal/store/postgres.(*PgStore).SaveMailTemplate /workspace/tabmail/internal/store/postgres/company_templates.go:85:0 s=74
   821: 0x1801bd7 M=1 tabmail/internal/store/postgres_test.TestR5AuditedIndependentWritesShareParent.func1 /workspace/tabmail/internal/store/postgres/r5_audited_writes_test.go:220:0 s=217
   822: 0x1801af6 M=1 tabmail/internal/store/postgres_test.TestR5AuditedIndependentWritesShareParent.func1 /workspace/tabmail/internal/store/postgres/r5_audited_writes_test.go:218:0 s=217
   823: 0x7080c4 M=1 regexp.(*bitState).reset /workspace/tabmail-cloud/tools/go/src/regexp/backtrack.go:84:0 s=80
   824: 0x7185c4 M=1 regexp.(*Regexp).replaceAll /workspace/tabmail-cloud/tools/go/src/regexp/regexp.go:619:0 s=603
   825: 0x717bf0 M=1 regexp.(*Regexp).ReplaceAllString /workspace/tabmail-cloud/tools/go/src/regexp/regexp.go:577:0 s=572
   826: 0xd7ce59 M=1 tabmail/internal/company.ValidateTemplate /workspace/tabmail/internal/company/templates.go:70:0 s=28
   827: 0x1801b37 M=1 tabmail/internal/store/postgres_test.TestR5AuditedIndependentWritesShareParent.func1 /workspace/tabmail/internal/store/postgres/r5_audited_writes_test.go:219:0 s=217
   828: 0x17fe38f M=1 tabmail/internal/store/postgres_test.r5AuditedFixture.func3 /workspace/tabmail/internal/store/postgres/r5_audited_writes_test.go:64:0 s=64
   829: 0x180230f M=1 tabmail/internal/store/postgres_test.TestR5AuditedIndependentWritesShareParent.func1.1 /workspace/tabmail/internal/store/postgres/r5_audited_writes_test.go:225:0 s=225
   830: 0x17fe6d7 M=1 tabmail/internal/store/postgres_test.r5AuditedFixture.func2 /workspace/tabmail/internal/store/postgres/r5_audited_writes_test.go:54:0 s=53
   831: 0x180184f M=1 tabmail/internal/store/postgres_test.TestR5AuditedWritesReloadActorAfterParentWait.func1.1 /workspace/tabmail/internal/store/postgres/r5_audited_writes_test.go:198:0 s=198
   832: 0x1800ff6 M=1 tabmail/internal/store/postgres_test.TestR5AuditedWritesReloadActorAfterParentWait.func1 /workspace/tabmail/internal/store/postgres/r5_audited_writes_test.go:187:0 s=186
   833: 0xc24fa9 M=1 github.com/jackc/pgx/v5/pgconn.(*PgConn).makeCommandTag /workspace/tabmail-cloud/gomod/github.com/jackc/pgx/v5@v5.10.0/pgconn/pgconn.go:2102:0 s=2101
             github.com/jackc/pgx/v5/pgconn.(*MultiResultReader).NextResult /workspace/tabmail-cloud/gomod/github.com/jackc/pgx/v5@v5.10.0/pgconn/pgconn.go:1672:0 s=1618
   834: 0xc511d0 M=1 github.com/jackc/pgx/v5.(*Conn).execSimpleProtocol /workspace/tabmail-cloud/gomod/github.com/jackc/pgx/v5@v5.10.0/conn.go:589:0 s=580
   835: 0x1801037 M=1 tabmail/internal/store/postgres_test.TestR5AuditedWritesReloadActorAfterParentWait.func1 /workspace/tabmail/internal/store/postgres/r5_audited_writes_test.go:188:0 s=186
   836: 0x525544 M=1 io/fs.glob /workspace/tabmail-cloud/tools/go/src/io/fs/glob.go:113:0 s=99
   837: 0x525084 M=1 io/fs.globWithLimit /workspace/tabmail-cloud/tools/go/src/io/fs/glob.go:63:0 s=37
   838: 0x52863d M=1 io/fs.Glob /workspace/tabmail-cloud/tools/go/src/io/fs/glob.go:34:0 s=33
             io/fs.(*subFS).Glob /workspace/tabmail-cloud/tools/go/src/io/fs/sub.go:149:0 s=139
   839: 0x524db1 M=1 io/fs.globWithLimit /workspace/tabmail-cloud/tools/go/src/io/fs/glob.go:45:0 s=37
   840: 0xeffeee M=1 io/fs.Glob /workspace/tabmail-cloud/tools/go/src/io/fs/glob.go:34:0 s=33
             github.com/pressly/goose/v3.collectFilesystemSources /workspace/goose-buffer-experiment/baseline/provider_collect.go:42:0 s=27
   841: 0x18004b6 M=1 tabmail/internal/store/postgres_test.TestR5AuditedWritesParentPrecedesActor.func1 /workspace/tabmail/internal/store/postgres/r5_audited_writes_test.go:160:0 s=159
   842: 0x62b3f1 M=1 testing.(*common).Cleanup /workspace/tabmail-cloud/tools/go/src/testing/testing.go:1289:0 s=1287
   843: 0x1756e5c M=1 tabmail/internal/testpg.NewPostgres /workspace/tabmail/internal/testpg/fixture.go:37:0 s=21
   844: 0xcfa356 M=1 text/template.addValueFuncs /workspace/tabmail-cloud/tools/go/src/text/template/funcs.go:99:0 s=87
   845: 0xd0755d M=1 text/template.(*Template).Funcs /workspace/tabmail-cloud/tools/go/src/text/template/template.go:179:0 s=175
   846: 0xd194d8 M=1 html/template.(*escaper).commit /workspace/tabmail-cloud/tools/go/src/html/template/escape.go:911:0 s=909
   847: 0xd0ec3b M=1 html/template.escapeTemplate /workspace/tabmail-cloud/tools/go/src/html/template/escape.go:41:0 s=24
   848: 0xd1e544 M=1 html/template.(*Template).escape /workspace/tabmail-cloud/tools/go/src/html/template/template.go:104:0 s=96
   849: 0xd1e79e M=1 html/template.(*Template).Execute /workspace/tabmail-cloud/tools/go/src/html/template/template.go:121:0 s=120
   850: 0xd7f385 M=1 tabmail/internal/company.renderValidated /workspace/tabmail/internal/company/templates.go:170:0 s=147
   851: 0xd7d195 M=1 tabmail/internal/company.ValidateTemplate /workspace/tabmail/internal/company/templates.go:80:0 s=28
   852: 0x1800d8f M=1 tabmail/internal/store/postgres_test.TestR5AuditedWritesParentPrecedesActor.func1.1 /workspace/tabmail/internal/store/postgres/r5_audited_writes_test.go:170:0 s=170
   853: 0xabdde4 M=1 github.com/jackc/pgx/v5/pgtype.(*wrapByte16EncodePlan).Encode /workspace/tabmail-cloud/gomod/github.com/jackc/pgx/v5@v5.10.0/pgtype/pgtype.go:1750:0 s=1749
   854: 0xab87a9 M=1 github.com/jackc/pgx/v5/pgtype.(*encodePlanDriverValuer).Encode /workspace/tabmail-cloud/gomod/github.com/jackc/pgx/v5@v5.10.0/pgtype/pgtype.go:1333:0 s=1298
   855: 0x17fff2c M=1 tabmail/internal/store/postgres_test.TestR5AuditedWritesOrderMemberFreeze.func1 /workspace/tabmail/internal/store/postgres/r5_audited_writes_test.go:149:0 s=118
   856: 0xc0d478 M=1 github.com/jackc/pgx/v5/pgconn.connectOne /workspace/tabmail-cloud/gomod/github.com/jackc/pgx/v5@v5.10.0/pgconn/pgconn.go:318:0 s=313
   857: 0x17ff316 M=1 tabmail/internal/store/postgres_test.TestR5AuditedWritesOrderMemberFreeze.func1 /workspace/tabmail/internal/store/postgres/r5_audited_writes_test.go:119:0 s=118
   858: 0xc041a8 M=1 github.com/jackc/pgx/v5/pgconn.configTLS /workspace/tabmail-cloud/gomod/github.com/jackc/pgx/v5@v5.10.0/pgconn/config.go:794:0 s=776
   859: 0xbfec52 M=1 github.com/jackc/pgx/v5/pgconn.ParseConfigWithOptions /workspace/tabmail-cloud/gomod/github.com/jackc/pgx/v5@v5.10.0/pgconn/config.go:465:0 s=323
   860: 0x18002ef M=1 tabmail/internal/store/postgres_test.TestR5AuditedWritesOrderMemberFreeze.func1.1 /workspace/tabmail/internal/store/postgres/r5_audited_writes_test.go:128:0 s=128
   861: 0xf7869d M=1 tabmail/internal/store/postgres.companyAudit /workspace/tabmail/internal/store/postgres/company_members.go:121:0 s=108
   862: 0xf7d215 M=1 tabmail/internal/store/postgres.(*PgStore).ActivateEmployee /workspace/tabmail/internal/store/postgres/company_members.go:286:0 s=279
   863: 0x852997 M=1 github.com/jackc/pgx/v5/pgproto3.(*ErrorResponse).Decode /workspace/tabmail-cloud/gomod/github.com/jackc/pgx/v5@v5.10.0/pgproto3/error_response.go:55:0 s=37
   864: 0x85e2a4 M=1 github.com/jackc/pgx/v5/pgproto3.(*NoticeResponse).Decode /workspace/tabmail-cloud/gomod/github.com/jackc/pgx/v5@v5.10.0/pgproto3/notice_response.go:11:0 s=10
   865: 0xc245f4 M=1 github.com/jackc/pgx/v5/pgconn.(*MultiResultReader).NextResult /workspace/tabmail-cloud/gomod/github.com/jackc/pgx/v5@v5.10.0/pgconn/pgconn.go:1620:0 s=1618
   866: 0x187c688 M=1 tabmail/internal/store/postgres_test.r5WaitBlockedBy /workspace/tabmail/internal/store/postgres/r5_lock_order_test.go:25:0 s=19
   867: 0x17ffb04 M=1 tabmail/internal/store/postgres_test.TestR5AuditedWritesOrderMemberFreeze.func1 /workspace/tabmail/internal/store/postgres/r5_audited_writes_test.go:136:0 s=118
   868: 0x17fb6be M=1 tabmail/internal/store/postgres_test.TestR5SentMutationReloadsActorAfterParentWait /workspace/tabmail/internal/store/postgres/r5_audited_parent_test.go:74:0 s=73
   869: 0xaea247 M=1 github.com/jackc/pgx/v5/pgtype.encodeUUID /workspace/tabmail-cloud/gomod/github.com/jackc/pgx/v5@v5.10.0/pgtype/uuid.go:69:0 s=56
   870: 0xaeb90b M=1 github.com/jackc/pgx/v5/pgtype.UUIDCodec.DecodeDatabaseSQLValue /workspace/tabmail-cloud/gomod/github.com/jackc/pgx/v5@v5.10.0/pgtype/uuid.go:277:0 s=266
   871: 0xf7e3d5 M=1 tabmail/internal/store/postgres.(*PgStore).ActivateEmployee /workspace/tabmail/internal/store/postgres/company_members.go:339:0 s=279
   872: 0x17fa7fe M=1 tabmail/internal/store/postgres_test.TestR5SentIndependentMutationsShareParent /workspace/tabmail/internal/store/postgres/r5_audited_parent_test.go:41:0 s=40
   873: 0xeb4f66 M=1 github.com/jackc/pgx/v5/pgxpool.(*Pool).BeginTx /workspace/tabmail-cloud/gomod/github.com/jackc/pgx/v5@v5.10.0/pgxpool/pool.go:818:0 s=806
   874: 0x17f9c5e M=1 tabmail/internal/store/postgres_test.TestR5SentMutationParentLockPrecedesActor /workspace/tabmail/internal/store/postgres/r5_audited_parent_test.go:15:0 s=14
   875: 0xf7384c M=1 tabmail/internal/store/postgres.(*PgStore).FinishMailAttachment.func1 /workspace/tabmail/internal/store/postgres/company_mail.go:664:0 s=660
   876: 0xf7357b M=1 tabmail/internal/store/postgres.(*PgStore).companyReadTx /workspace/tabmail/internal/store/postgres/company_members.go:47:0 s=46
             tabmail/internal/store/postgres.(*PgStore).FinishMailAttachment /workspace/tabmail/internal/store/postgres/company_mail.go:660:0 s=652
   877: 0x17ed18c M=1 tabmail/internal/store/postgres_test.r5GCProgressAttachments /workspace/tabmail/internal/store/postgres/r5_attachment_gc_progress_test.go:23:0 s=17
   878: 0x17f9909 M=1 tabmail/internal/store/postgres_test.TestR5AttachmentGCTenantEmptySetDeletedCursorAndNewTenant /workspace/tabmail/internal/store/postgres/r5_attachment_gc_tenant_fairness_test.go:395:0 s=366
   879: 0xf5f5ab M=1 tabmail/internal/store/postgres.(*PgStore).sweepCompanyAttachmentTenants /workspace/tabmail/internal/store/postgres/company_attachment_gc_scheduler.go:37:0 s=19
   880: 0xf96fb6 M=1 tabmail/internal/store/postgres.(*PgStore).SweepCompanyMetadata /workspace/tabmail/internal/store/postgres/company_ops.go:346:0 s=335
   881: 0x17f8b8b M=1 tabmail/internal/store/postgres_test.TestR5AttachmentGCTenantEmptySetDeletedCursorAndNewTenant /workspace/tabmail/internal/store/postgres/r5_attachment_gc_tenant_fairness_test.go:379:0 s=366
   882: 0x17f14e8 M=1 tabmail/internal/store/postgres_test.r5GCTenantFixture /workspace/tabmail/internal/store/postgres/r5_attachment_gc_tenant_fairness_test.go:30:0 s=28
   883: 0x17f8784 M=1 tabmail/internal/store/postgres_test.TestR5AttachmentGCTenantEmptySetDeletedCursorAndNewTenant /workspace/tabmail/internal/store/postgres/r5_attachment_gc_tenant_fairness_test.go:367:0 s=366
   884: 0xa0ee5b M=1 github.com/jackc/pgx/v5/pgconn/ctxwatch.(*ContextWatcher).Watch /workspace/tabmail-cloud/gomod/github.com/jackc/pgx/v5@v5.10.0/pgconn/ctxwatch/context_watcher.go:40:0 s=32
   885: 0xc17dcc M=1 github.com/jackc/pgx/v5/pgconn.(*PgConn).Close /workspace/tabmail-cloud/gomod/github.com/jackc/pgx/v5@v5.10.0/pgconn/pgconn.go:755:0 s=738
   886: 0xc4dd89 M=1 github.com/jackc/pgx/v5.(*Conn).Close /workspace/tabmail-cloud/gomod/github.com/jackc/pgx/v5@v5.10.0/conn.go:306:0 s=301
   887: 0xeaf9ba M=1 github.com/jackc/pgx/v5/pgxpool.NewWithConfig.func4 /workspace/tabmail-cloud/gomod/github.com/jackc/pgx/v5@v5.10.0/pgxpool/pool.go:319:0 s=313
   888: 0x17f82d6 M=1 tabmail/internal/store/postgres_test.TestR5AttachmentGCTenantCursorFailureIsClosed.func1 /workspace/tabmail/internal/store/postgres/r5_attachment_gc_tenant_fairness_test.go:342:0 s=341
   889: 0xc4d094 M=1 github.com/jackc/pgx/v5.connect /workspace/tabmail-cloud/gomod/github.com/jackc/pgx/v5@v5.10.0/conn.go:284:0 s=243
   890: 0x17f3111 M=1 tabmail/internal/store/postgres_test.r5GCTenantNoSession /workspace/tabmail/internal/store/postgres/r5_attachment_gc_tenant_fairness_test.go:76:0 s=70
   891: 0x17f7b39 M=1 tabmail/internal/store/postgres_test.TestR5AttachmentGCTenantInterruptedSessionResumes.func1 /workspace/tabmail/internal/store/postgres/r5_attachment_gc_tenant_fairness_test.go:321:0 s=283
   892: 0xf74032 M=1 tabmail/internal/store/postgres.(*PgStore).FinishMailAttachment.func1 /workspace/tabmail/internal/store/postgres/company_mail.go:692:0 s=660
   893: 0x17f2784 M=1 tabmail/internal/store/postgres_test.r5GCTenantFixture /workspace/tabmail/internal/store/postgres/r5_attachment_gc_tenant_fairness_test.go:50:0 s=28
   894: 0x17f701b M=1 tabmail/internal/store/postgres_test.TestR5AttachmentGCTenantInterruptedSessionResumes.func1 /workspace/tabmail/internal/store/postgres/r5_attachment_gc_tenant_fairness_test.go:284:0 s=283
   895: 0xf723dd M=1 tabmail/internal/store/postgres.(*PgStore).companyReadTx /workspace/tabmail/internal/store/postgres/company_members.go:47:0 s=46
             tabmail/internal/store/postgres.(*PgStore).ReserveMailAttachment /workspace/tabmail/internal/store/postgres/company_mail.go:618:0 s=609
   896: 0x17ed06f M=1 tabmail/internal/store/postgres_test.r5GCProgressAttachments /workspace/tabmail/internal/store/postgres/r5_attachment_gc_progress_test.go:21:0 s=17
   897: 0xf72fcb M=1 tabmail/internal/store/postgres.(*PgStore).ReserveMailAttachment.func1 /workspace/tabmail/internal/store/postgres/company_mail.go:647:0 s=618
   898: 0xfbf350 M=1 tabmail/internal/store/postgres.lockMailboxAuthorization /workspace/tabmail/internal/store/postgres/mailbox_revision.go:17:0 s=15
   899: 0xf72589 M=1 tabmail/internal/store/postgres.(*PgStore).ReserveMailAttachment.func1 /workspace/tabmail/internal/store/postgres/company_mail.go:623:0 s=618
   900: 0x195fd2b M=1 tabmail/internal/store/postgres_test.r5ReferenceCounts /workspace/tabmail/internal/store/postgres/r5_reference_gc_test.go:24:0 s=21
   901: 0x17f7cd9 M=1 tabmail/internal/store/postgres_test.TestR5AttachmentGCTenantInterruptedSessionResumes.func1 /workspace/tabmail/internal/store/postgres/r5_attachment_gc_tenant_fairness_test.go:329:0 s=283
   902: 0x17f22bb M=1 tabmail/internal/store/postgres_test.r5GCTenantFixture /workspace/tabmail/internal/store/postgres/r5_attachment_gc_tenant_fairness_test.go:46:0 s=28
   903: 0xf808ab M=1 tabmail/internal/store/postgres.(*PgStore).mailboxAccessWithSourceTx /workspace/tabmail/internal/store/postgres/company_members.go:410:0 s=401
   904: 0xf7266c M=1 tabmail/internal/store/postgres.(*PgStore).mailboxAccessTx /workspace/tabmail/internal/store/postgres/company_members.go:394:0 s=393
             tabmail/internal/store/postgres.(*PgStore).ReserveMailAttachment.func1 /workspace/tabmail/internal/store/postgres/company_mail.go:626:0 s=618
   905: 0x7b0d5a M=1 net.(*netFD).connect /workspace/tabmail-cloud/tools/go/src/net/fd_unix.go:106:0 s=44
   906: 0x7cecf8 M=1 net.(*netFD).dial /workspace/tabmail-cloud/tools/go/src/net/sock_posix.go:124:0 s=92
   907: 0x7ce750 M=1 net.socket /workspace/tabmail-cloud/tools/go/src/net/sock_posix.go:70:0 s=18
   908: 0x7bfde6 M=1 net.internetSocket /workspace/tabmail-cloud/tools/go/src/net/ipsock_posix.go:167:0 s=159
   909: 0x7d58a8 M=1 net.(*sysDialer).doDialTCPProto /workspace/tabmail-cloud/tools/go/src/net/tcpsock_posix.go:85:0 s=78
   910: 0x7d5629 M=1 net.(*sysDialer).doDialTCP /workspace/tabmail-cloud/tools/go/src/net/tcpsock_posix.go:75:0 s=74
             net.(*sysDialer).dialTCP /workspace/tabmail-cloud/tools/go/src/net/tcpsock_posix.go:71:0 s=64
   911: 0x7a3624 M=1 net.(*sysDialer).dialSingle /workspace/tabmail-cloud/tools/go/src/net/dial.go:721:0 s=703
   912: 0x7a27c8 M=1 net.(*sysDialer).dialSerial /workspace/tabmail-cloud/tools/go/src/net/dial.go:686:0 s=659
   913: 0x7a1ba5 M=1 net.(*sysDialer).dialParallel /workspace/tabmail-cloud/tools/go/src/net/dial.go:587:0 s=585
   914: 0x7a117b M=1 net.(*Dialer).DialContext /workspace/tabmail-cloud/tools/go/src/net/dial.go:578:0 s=525
   915: 0xc0dc43 M=1 github.com/jackc/pgx/v5/pgconn.connectOne /workspace/tabmail-cloud/gomod/github.com/jackc/pgx/v5@v5.10.0/pgconn/pgconn.go:338:0 s=313
   916: 0x17f7fa7 M=1 tabmail/internal/store/postgres_test.TestR5AttachmentGCTenantInterruptedSessionResumes.func1.2 /workspace/tabmail/internal/store/postgres/r5_attachment_gc_tenant_fairness_test.go:302:0 s=302
   917: 0xac06e4 M=1 errors.New /workspace/tabmail-cloud/tools/go/src/errors/errors.go:65:0 s=64
             github.com/jackc/pgx/v5/pgtype.(*Map).Encode /workspace/tabmail-cloud/gomod/github.com/jackc/pgx/v5@v5.10.0/pgtype/pgtype.go:1985:0 s=1969
   918: 0xf729e2 M=1 tabmail/internal/store/postgres.(*PgStore).ReserveMailAttachment.func1 /workspace/tabmail/internal/store/postgres/company_mail.go:640:0 s=618
   919: 0xf71a3a M=1 tabmail/internal/store/postgres.validateAttachmentIDs /workspace/tabmail/internal/store/postgres/company_mail.go:595:0 s=583
   920: 0xf6ef7e M=1 tabmail/internal/store/postgres.(*PgStore).SaveMailDraft.func1 /workspace/tabmail/internal/store/postgres/company_mail.go:514:0 s=499
   921: 0x17ed8f0 M=1 tabmail/internal/store/postgres_test.r5GCProgressProtect /workspace/tabmail/internal/store/postgres/r5_attachment_gc_progress_test.go:42:0 s=30
   922: 0x17f5c47 M=1 tabmail/internal/store/postgres_test.TestR5AttachmentGCTenantActualProcessRestart /workspace/tabmail/internal/store/postgres/r5_attachment_gc_tenant_fairness_test.go:226:0 s=221
   923: 0x17f5b24 M=1 tabmail/internal/store/postgres_test.TestR5AttachmentGCTenantActualProcessRestart /workspace/tabmail/internal/store/postgres/r5_attachment_gc_tenant_fairness_test.go:222:0 s=221
   924: 0xf8070b M=1 tabmail/internal/store/postgres.(*PgStore).mailboxAccessWithSourceTx /workspace/tabmail/internal/store/postgres/company_members.go:409:0 s=401
   925: 0xf00444 M=1 github.com/pressly/goose/v3.collectFilesystemSources /workspace/goose-buffer-experiment/baseline/provider_collect.go:81:0 s=27
   926: 0x51e956 M=1 path.Join /workspace/tabmail-cloud/tools/go/src/path/path.go:163:0 s=155
   927: 0x525504 M=1 io/fs.glob /workspace/tabmail-cloud/tools/go/src/io/fs/glob.go:113:0 s=99
   928: 0x5bd249 M=1 fmt.(*buffer).write /workspace/tabmail-cloud/tools/go/src/fmt/print.go:104:0 s=103
             fmt.(*fmt).pad /workspace/tabmail-cloud/tools/go/src/fmt/format.go:95:0 s=93
   929: 0x5bfb0b M=1 fmt.(*fmt).fmtQ /workspace/tabmail-cloud/tools/go/src/fmt/format.go:460:0 s=450
   930: 0x5c3924 M=1 fmt.(*pp).fmtString /workspace/tabmail-cloud/tools/go/src/fmt/print.go:492:0 s=488
   931: 0xf6022c M=1 tabmail/internal/store/postgres.(*PgStore).sweepCompanyAttachmentTenants /workspace/tabmail/internal/store/postgres/company_attachment_gc_scheduler.go:95:0 s=19
   932: 0x17f5204 M=1 tabmail/internal/store/postgres_test.TestR5AttachmentGCTenantContinuousWritesAndWrap /workspace/tabmail/internal/store/postgres/r5_attachment_gc_tenant_fairness_test.go:185:0 s=172
   933: 0x17f5156 M=1 tabmail/internal/store/postgres_test.TestR5AttachmentGCTenantContinuousWritesAndWrap /workspace/tabmail/internal/store/postgres/r5_attachment_gc_tenant_fairness_test.go:183:0 s=172
   934: 0xf7070a M=1 tabmail/internal/store/postgres.(*PgStore).SaveMailDraft.func1 /workspace/tabmail/internal/store/postgres/company_mail.go:537:0 s=499
   935: 0x17f505a M=1 tabmail/internal/store/postgres_test.TestR5AttachmentGCTenantContinuousWritesAndWrap /workspace/tabmail/internal/store/postgres/r5_attachment_gc_tenant_fairness_test.go:177:0 s=172
   936: 0x17f1872 M=1 tabmail/internal/store/postgres_test.r5GCTenantFixture /workspace/tabmail/internal/store/postgres/r5_attachment_gc_tenant_fairness_test.go:37:0 s=28
   937: 0x17f4f44 M=1 tabmail/internal/store/postgres_test.TestR5AttachmentGCTenantContinuousWritesAndWrap /workspace/tabmail/internal/store/postgres/r5_attachment_gc_tenant_fairness_test.go:173:0 s=172
   938: 0xfc10aa M=1 tabmail/internal/store/postgres.(*PgStore).CreateMailbox /workspace/tabmail/internal/store/postgres/mailboxes.go:33:0 s=22
   939: 0x17f26f8 M=1 tabmail/internal/store/postgres_test.r5GCTenantFixture /workspace/tabmail/internal/store/postgres/r5_attachment_gc_tenant_fairness_test.go:48:0 s=28
   940: 0xf739a4 M=1 tabmail/internal/store/postgres.(*PgStore).FinishMailAttachment.func1 /workspace/tabmail/internal/store/postgres/company_mail.go:671:0 s=660
   941: 0x17f1699 M=1 tabmail/internal/store/postgres_test.r5GCTenantFixture /workspace/tabmail/internal/store/postgres/r5_attachment_gc_tenant_fairness_test.go:36:0 s=28
   942: 0x17f1eed M=1 tabmail/internal/store/postgres_test.r5GCTenantFixture /workspace/tabmail/internal/store/postgres/r5_attachment_gc_tenant_fairness_test.go:43:0 s=28
   943: 0x17f4144 M=1 tabmail/internal/store/postgres_test.TestR5AttachmentGCTenantFailuresDoNotStarveOthers /workspace/tabmail/internal/store/postgres/r5_attachment_gc_tenant_fairness_test.go:133:0 s=124
   944: 0x17f3f24 M=1 tabmail/internal/store/postgres_test.TestR5AttachmentGCTenantFailuresDoNotStarveOthers /workspace/tabmail/internal/store/postgres/r5_attachment_gc_tenant_fairness_test.go:125:0 s=124
   945: 0x17f39e4 M=1 tabmail/internal/store/postgres_test.TestR5AttachmentGCTenantDefaultWrapperPositiveControl /workspace/tabmail/internal/store/postgres/r5_attachment_gc_tenant_fairness_test.go:108:0 s=107
   946: 0xf601a4 M=1 tabmail/internal/store/postgres.(*PgStore).sweepCompanyAttachmentTenants /workspace/tabmail/internal/store/postgres/company_attachment_gc_scheduler.go:95:0 s=19
   947: 0x17f37ce M=1 tabmail/internal/store/postgres_test.TestR5AttachmentGCTenantProtectedPrefixBoundedRounds /workspace/tabmail/internal/store/postgres/r5_attachment_gc_tenant_fairness_test.go:99:0 s=88
   948: 0x17f3535 M=1 tabmail/internal/store/postgres_test.TestR5AttachmentGCTenantProtectedPrefixBoundedRounds /workspace/tabmail/internal/store/postgres/r5_attachment_gc_tenant_fairness_test.go:93:0 s=88
   949: 0xc6923a M=1 github.com/jackc/pgx/v5.(*Conn).BeginTx /workspace/tabmail-cloud/gomod/github.com/jackc/pgx/v5@v5.10.0/tx.go:109:0 s=100
   950: 0x17f3424 M=1 tabmail/internal/store/postgres_test.TestR5AttachmentGCTenantProtectedPrefixBoundedRounds /workspace/tabmail/internal/store/postgres/r5_attachment_gc_tenant_fairness_test.go:89:0 s=88
   951: 0xc1a36a M=1 github.com/jackc/pgx/v5/pgconn.convertRowDescription /workspace/tabmail-cloud/gomod/github.com/jackc/pgx/v5@v5.10.0/pgconn/pgconn.go:924:0 s=922
             github.com/jackc/pgx/v5/pgconn.(*PgConn).Prepare /workspace/tabmail-cloud/gomod/github.com/jackc/pgx/v5@v5.10.0/pgconn/pgconn.go:996:0 s=950
   952: 0x17f0e3e M=1 tabmail/internal/store/postgres_test.TestR5AttachmentGCProgressHeldOriginalSurvivesMetadataCollection /workspace/tabmail/internal/store/postgres/r5_attachment_gc_progress_test.go:229:0 s=228
   953: 0x17f0cda M=1 tabmail/internal/store/postgres_test.TestR5AttachmentGCProgressReferenceLookupFailureIsClosed /workspace/tabmail/internal/store/postgres/r5_attachment_gc_progress_test.go:221:0 s=208
   954: 0x17f0944 M=1 tabmail/internal/store/postgres_test.TestR5AttachmentGCProgressOrphanFailureRollsBackBatch /workspace/tabmail/internal/store/postgres/r5_attachment_gc_progress_test.go:199:0 s=181
   955: 0xf6fb24 M=1 tabmail/internal/store/postgres.(*PgStore).SaveMailDraft.func1 /workspace/tabmail/internal/store/postgres/company_mail.go:524:0 s=499
   956: 0x17f0744 M=1 tabmail/internal/store/postgres_test.TestR5AttachmentGCProgressOrphanFailureRollsBackBatch /workspace/tabmail/internal/store/postgres/r5_attachment_gc_progress_test.go:186:0 s=181
   957: 0x17ed47b M=1 github.com/google/uuid.UUID.String /workspace/tabmail-cloud/gomod/github.com/google/uuid@v1.6.0/uuid.go:247:0 s=244
             tabmail/internal/store/postgres_test.r5GCProgressAttachments.func1 /workspace/tabmail/internal/store/postgres/r5_attachment_gc_progress_test.go:26:0 s=26
   958: 0x641332 M=1 sort.order2_func /workspace/tabmail-cloud/tools/go/src/sort/zsortfunc.go:299:0 s=298
             sort.median_func /workspace/tabmail-cloud/tools/go/src/sort/zsortfunc.go:308:0 s=307
   959: 0x64124e M=1 sort.choosePivot_func /workspace/tabmail-cloud/tools/go/src/sort/zsortfunc.go:284:0 s=261
   960: 0x6405c4 M=1 sort.pdqsort_func /workspace/tabmail-cloud/tools/go/src/sort/zsortfunc.go:89:0 s=61
   961: 0x63fdea M=1 sort.Slice /workspace/tabmail-cloud/tools/go/src/sort/slice.go:29:0 s=24
   962: 0x17ed304 M=1 tabmail/internal/store/postgres_test.r5GCProgressAttachments /workspace/tabmail/internal/store/postgres/r5_attachment_gc_progress_test.go:26:0 s=17
   963: 0x17f06eb M=1 tabmail/internal/store/postgres_test.TestR5AttachmentGCProgressOrphanFailureRollsBackBatch /workspace/tabmail/internal/store/postgres/r5_attachment_gc_progress_test.go:185:0 s=181
   964: 0x17f067b M=1 tabmail/internal/store/postgres_test.TestR5AttachmentGCProgressOrphanFailureRollsBackBatch /workspace/tabmail/internal/store/postgres/r5_attachment_gc_progress_test.go:182:0 s=181
   965: 0x17ef3de M=1 tabmail/internal/store/postgres_test.TestR5AttachmentGCProgressConcurrentDraftFence /workspace/tabmail/internal/store/postgres/r5_attachment_gc_progress_test.go:135:0 s=134
   966: 0xf00b10 M=1 github.com/pressly/goose/v3.newSQLMigration /workspace/goose-buffer-experiment/baseline/provider_collect.go:104:0 s=103
             github.com/pressly/goose/v3.merge /workspace/goose-buffer-experiment/baseline/provider_collect.go:121:0 s=116
   967: 0x17ef2b6 M=1 tabmail/internal/store/postgres_test.TestR5AttachmentGCProgressBusyRowsAndBatchLimit /workspace/tabmail/internal/store/postgres/r5_attachment_gc_progress_test.go:130:0 s=108
   968: 0x17ef1a7 M=1 tabmail/internal/store/postgres_test.TestR5AttachmentGCProgressBusyRowsAndBatchLimit /workspace/tabmail/internal/store/postgres/r5_attachment_gc_progress_test.go:122:0 s=108
   969: 0x17ed531 M=1 github.com/google/uuid.UUID.String /workspace/tabmail-cloud/gomod/github.com/google/uuid@v1.6.0/uuid.go:247:0 s=244
             tabmail/internal/store/postgres_test.r5GCProgressAttachments.func1 /workspace/tabmail/internal/store/postgres/r5_attachment_gc_progress_test.go:26:0 s=26
   970: 0x640a28 M=1 sort.partition_func /workspace/tabmail-cloud/tools/go/src/sort/zsortfunc.go:157:0 s=135
   971: 0x64071d M=1 sort.pdqsort_func /workspace/tabmail-cloud/tools/go/src/sort/zsortfunc.go:114:0 s=61
   972: 0x17eee93 M=1 tabmail/internal/store/postgres_test.TestR5AttachmentGCProgressBusyRowsAndBatchLimit /workspace/tabmail/internal/store/postgres/r5_attachment_gc_progress_test.go:112:0 s=108
   973: 0xf73a8c M=1 tabmail/internal/store/postgres.(*PgStore).mailboxAccessTx /workspace/tabmail/internal/store/postgres/company_members.go:394:0 s=393
             tabmail/internal/store/postgres.(*PgStore).FinishMailAttachment.func1 /workspace/tabmail/internal/store/postgres/company_mail.go:674:0 s=660
   974: 0xf73ce2 M=1 tabmail/internal/store/postgres.(*PgStore).FinishMailAttachment.func1 /workspace/tabmail/internal/store/postgres/company_mail.go:682:0 s=660
   975: 0xf738d5 M=1 tabmail/internal/store/postgres.(*PgStore).FinishMailAttachment.func1 /workspace/tabmail/internal/store/postgres/company_mail.go:664:0 s=660
   976: 0xf72e24 M=1 tabmail/internal/store/postgres.(*PgStore).ReserveMailAttachment.func1 /workspace/tabmail/internal/store/postgres/company_mail.go:647:0 s=618
   977: 0xab0f49 M=1 github.com/jackc/pgx/v5/pgtype.(*pointerPointerScanPlan).Scan /workspace/tabmail-cloud/gomod/github.com/jackc/pgx/v5@v5.10.0/pgtype/pgtype.go:507:0 s=499
   978: 0x17eee1e M=1 tabmail/internal/store/postgres_test.TestR5AttachmentGCProgressBusyRowsAndBatchLimit /workspace/tabmail/internal/store/postgres/r5_attachment_gc_progress_test.go:109:0 s=108
   979: 0x77814b M=1 net/netip.parseIPv4Fields /workspace/tabmail-cloud/tools/go/src/net/netip/netip.go:185:0 s=155
   980: 0x7782ef M=1 net/netip.parseIPv4 /workspace/tabmail-cloud/tools/go/src/net/netip/netip.go:198:0 s=196
   981: 0x7776fe M=1 net/netip.ParseAddr /workspace/tabmail-cloud/tools/go/src/net/netip/netip.go:119:0 s=115
   982: 0x7b93fa M=1 net.parseIP /workspace/tabmail-cloud/tools/go/src/net/ip.go:535:0 s=534
   983: 0xc032a9 M=1 net.ParseIP /workspace/tabmail-cloud/tools/go/src/net/ip.go:528:0 s=527
             github.com/jackc/pgx/v5/pgconn.isIPOnly /workspace/tabmail-cloud/gomod/github.com/jackc/pgx/v5@v5.10.0/pgconn/config.go:681:0 s=680
   984: 0xc02c27 M=1 github.com/jackc/pgx/v5/pgconn.parseURLSettings-range1 /workspace/tabmail-cloud/gomod/github.com/jackc/pgx/v5@v5.10.0/pgconn/config.go:646:0 s=642
   985: 0xc022f2 M=1 github.com/jackc/pgx/v5/pgconn.parseURLSettings.SplitSeq.splitSeq.func1 /workspace/tabmail-cloud/tools/go/src/strings/iter.go:59:0 s=37
             github.com/jackc/pgx/v5/pgconn.parseURLSettings /workspace/tabmail-cloud/gomod/github.com/jackc/pgx/v5@v5.10.0/pgconn/config.go:642:0 s=619
   986: 0x17eecb0 M=1 tabmail/internal/store/postgres_test.TestR5AttachmentGCProgressAllProtectedTerminates /workspace/tabmail/internal/store/postgres/r5_attachment_gc_progress_test.go:100:0 s=95
   987: 0x640181 M=1 sort.insertionSort_func /workspace/tabmail-cloud/tools/go/src/sort/zsortfunc.go:12:0 s=10
   988: 0x64081e M=1 sort.pdqsort_func /workspace/tabmail-cloud/tools/go/src/sort/zsortfunc.go:73:0 s=61
   989: 0x640771 M=1 sort.pdqsort_func /workspace/tabmail-cloud/tools/go/src/sort/zsortfunc.go:121:0 s=61
   990: 0x17eec6b M=1 tabmail/internal/store/postgres_test.TestR5AttachmentGCProgressAllProtectedTerminates /workspace/tabmail/internal/store/postgres/r5_attachment_gc_progress_test.go:99:0 s=95
   991: 0x17eea24 M=1 tabmail/internal/store/postgres_test.TestR5AttachmentGCProgressPastProtectedPrefix.func1 /workspace/tabmail/internal/store/postgres/r5_attachment_gc_progress_test.go:84:0 s=75
   992: 0x17ee9a4 M=1 tabmail/internal/store/postgres_test.TestR5AttachmentGCProgressPastProtectedPrefix.func1 /workspace/tabmail/internal/store/postgres/r5_attachment_gc_progress_test.go:82:0 s=75
   993: 0xfd90ea M=1 tabmail/internal/store/postgres.(*PgStore).enqueueOutboundJobValidated /workspace/tabmail/internal/store/postgres/outbound.go:202:0 s=69
   994: 0x17ee084 M=1 tabmail/internal/store/postgres.(*PgStore).CreateOutboundJob /workspace/tabmail/internal/store/postgres/outbound.go:30:0 s=29
             tabmail/internal/store/postgres_test.r5GCProgressProtect /workspace/tabmail/internal/store/postgres/r5_attachment_gc_progress_test.go:50:0 s=30
   995: 0x17ee951 M=1 tabmail/internal/store/postgres_test.TestR5AttachmentGCProgressPastProtectedPrefix.func1 /workspace/tabmail/internal/store/postgres/r5_attachment_gc_progress_test.go:80:0 s=75
   996: 0xfdb277 M=1 tabmail/internal/store/postgres.uuidSliceParam /workspace/tabmail/internal/store/postgres/permissions.go:213:0 s=209
             tabmail/internal/store/postgres.insertOutboundJob /workspace/tabmail/internal/store/postgres/outbound.go:270:0 s=257
   997: 0x17ee8fc M=1 tabmail/internal/store/postgres_test.TestR5AttachmentGCProgressPastProtectedPrefix.func1 /workspace/tabmail/internal/store/postgres/r5_attachment_gc_progress_test.go:79:0 s=75
   998: 0x8330c4 M=1 encoding/hex.DecodeString /workspace/tabmail-cloud/tools/go/src/encoding/hex/hex.go:139:0 s=138
   999: 0xae9d09 M=1 github.com/jackc/pgx/v5/pgtype.parseUUID /workspace/tabmail-cloud/gomod/github.com/jackc/pgx/v5@v5.10.0/pgtype/uuid.go:46:0 s=35
  1000: 0xa5ff2a M=1 github.com/jackc/pgx/v5/pgtype.(*encodePlanArrayCodecBinary).Encode /workspace/tabmail-cloud/gomod/github.com/jackc/pgx/v5@v5.10.0/pgtype/array_codec.go:214:0 s=177
  1001: 0xabf601 M=1 github.com/jackc/pgx/v5/pgtype.(*wrapSliceEncodeReflectPlan).Encode /workspace/tabmail-cloud/gomod/github.com/jackc/pgx/v5@v5.10.0/pgtype/pgtype.go:1877:0 s=1872
  1002: 0x101b9ed M=1 tabmail/internal/store/postgres.effectivePermissionPolicy /workspace/tabmail/internal/store/postgres/permissions.go:194:0 s=173
  1003: 0xfc4b04 M=1 tabmail/internal/store/postgres.currentMemberActor /workspace/tabmail/internal/store/postgres/member_guard.go:41:0 s=37
  1004: 0xaba56c M=1 github.com/jackc/pgx/v5/pgtype.TryWrapBuiltinTypeEncodePlan /workspace/tabmail-cloud/gomod/github.com/jackc/pgx/v5@v5.10.0/pgtype/pgtype.go:1507:0 s=1476
  1005: 0xf5f996 M=1 github.com/jackc/pgx/v5.(*Conn).QueryRow /workspace/tabmail-cloud/gomod/github.com/jackc/pgx/v5@v5.10.0/conn.go:932:0 s=931
             tabmail/internal/store/postgres.(*PgStore).sweepCompanyAttachmentTenants /workspace/tabmail/internal/store/postgres/company_attachment_gc_scheduler.go:59:0 s=19
  1006: 0xc69778 M=1 github.com/jackc/pgx/v5.(*dbTx).Commit /workspace/tabmail-cloud/gomod/github.com/jackc/pgx/v5@v5.10.0/tx.go:190:0 s=180
  1007: 0xeb6935 M=1 github.com/jackc/pgx/v5/pgxpool.(*Tx).Commit /workspace/tabmail-cloud/gomod/github.com/jackc/pgx/v5@v5.10.0/pgxpool/tx.go:26:0 s=25
  1008: 0xf7782b M=1 tabmail/internal/store/postgres.(*PgStore).companyTxScope /workspace/tabmail/internal/store/postgres/company_members.go:106:0 s=60
  1009: 0x17ee891 M=1 tabmail/internal/store/postgres_test.TestR5AttachmentGCProgressPastProtectedPrefix.func1 /workspace/tabmail/internal/store/postgres/r5_attachment_gc_progress_test.go:76:0 s=75
  1010: 0x62fd9d M=1 testing.(*T).Run /workspace/tabmail-cloud/tools/go/src/testing/testing.go:1973:0 s=1948
  1011: 0x17ee753 M=1 tabmail/internal/store/postgres_test.TestR5AttachmentGCProgressPastProtectedPrefix /workspace/tabmail/internal/store/postgres/r5_attachment_gc_progress_test.go:75:0 s=73
  1012: 0x17ea00b M=1 tabmail/internal/store/postgres_test.r5GCCursorAckProxy.func4.1 /workspace/tabmail/internal/store/postgres/r5_attachment_gc_cursor_ack_test.go:154:0 s=70
  1013: 0x17eb1f0 M=1 tabmail/internal/store/postgres_test.TestR5AttachmentGCTenantCommittedCursorLostAcknowledgement /workspace/tabmail/internal/store/postgres/r5_attachment_gc_cursor_ack_test.go:208:0 s=202
  1014: 0x17eb044 M=1 tabmail/internal/store/postgres_test.TestR5AttachmentGCTenantCommittedCursorLostAcknowledgement /workspace/tabmail/internal/store/postgres/r5_attachment_gc_cursor_ack_test.go:203:0 s=202
  1015: 0x17e637e M=1 tabmail/internal/store/postgres_test.TestR5AttachmentFinishCancellationRollsBack /workspace/tabmail/internal/store/postgres/r5_attachment_finish_test.go:284:0 s=283
  1016: 0x17e595e M=1 tabmail/internal/store/postgres_test.TestR5AttachmentFinishCanonicalChecksumAndReplay /workspace/tabmail/internal/store/postgres/r5_attachment_finish_test.go:266:0 s=265
  1017: 0x17e231e M=1 tabmail/internal/store/postgres_test.TestR5AttachmentFinishOnlyOneChecksumWins /workspace/tabmail/internal/store/postgres/r5_attachment_finish_test.go:140:0 s=139
  1018: 0x54f531 M=1 os.statNolog /workspace/tabmail-cloud/tools/go/src/os/stat_unix.go:30:0 s=29
  1019: 0xc06fe4 M=1 github.com/jackc/pgx/v5/pgconn.defaultSettings /workspace/tabmail-cloud/gomod/github.com/jackc/pgx/v5@v5.10.0/pgconn/defaults.go:28:0 s=12
  1020: 0x17dff7e M=1 tabmail/internal/store/postgres_test.TestR5AttachmentFinishRejectsExpiryAfterWait /workspace/tabmail/internal/store/postgres/r5_attachment_finish_test.go:70:0 s=69
  1021: 0x17df67e M=1 tabmail/internal/store/postgres_test.TestR5AttachmentFinishRejectsConcurrentRemoval /workspace/tabmail/internal/store/postgres/r5_attachment_finish_test.go:46:0 s=45
  1022: 0x16e8ba5 M=1 github.com/rs/zerolog.Logger.With /workspace/tabmail-cloud/gomod/github.com/rs/zerolog@v1.34.0/log.go:281:0 s=279
             tabmail/internal/api/handlers.NewAdminHandler /workspace/tabmail/internal/api/handlers/admin.go:45:0 s=43
  1023: 0x1745876 M=1 tabmail/internal/api.NewRouter /workspace/tabmail/internal/api/router.go:152:0 s=126
  1024: 0x17d3004 M=1 tabmail/internal/store/postgres_test.r5RetryRequest /workspace/tabmail/internal/store/postgres/r5_atomic_retry_test.go:45:0 s=42
  1025: 0x17dcf89 M=1 tabmail/internal/store/postgres_test.TestR5AtomicRetryConcurrentCommands.func1 /workspace/tabmail/internal/store/postgres/r5_atomic_retry_test.go:378:0 s=362
  1026: 0x104a14a M=1 tabmail/internal/store/postgres.(*PgStore).GetZone /workspace/tabmail/internal/store/postgres/zones.go:83:0 s=82
  1027: 0xf2d09d M=1 tabmail/internal/outbound.ValidateJobAuthorization /workspace/tabmail/internal/outbound/authorization.go:191:0 s=130
  1028: 0xf2b278 M=1 tabmail/internal/outbound.(*Service).ValidateJobAuthorization /workspace/tabmail/internal/outbound/authorization.go:125:0 s=121
  1029: 0x172384c M=1 tabmail/internal/api/handlers.(*OutboundHandler).RetryJob /workspace/tabmail/internal/api/handlers/outbound.go:114:0 s=81
  1030: 0x174ea17 M=1 tabmail/internal/api.NewRouter.func2.2.RequireScopes.5.1 /workspace/tabmail/internal/api/middleware/auth.go:486:0 s=483
  1031: 0x17d3864 M=1 tabmail/internal/store/postgres_test.r5RetryRequest.func1 /workspace/tabmail/internal/store/postgres/r5_atomic_retry_test.go:54:0 s=54
  1032: 0x16f2184 M=1 tabmail/internal/api/handlers.NewAuthHandler /workspace/tabmail/internal/api/handlers/auth.go:63:0 s=55
  1033: 0x1745cc4 M=1 tabmail/internal/api.NewRouter /workspace/tabmail/internal/api/router.go:158:0 s=126
  1034: 0x123c804 M=1 github.com/alicebob/miniredis/v2.commandsGeneric /workspace/tabmail-cloud/gomod/github.com/alicebob/miniredis/v2@v2.35.0/cmd_generic.go:34:0 s=32
  1035: 0x1318432 M=1 github.com/alicebob/miniredis/v2.(*Miniredis).start /workspace/tabmail-cloud/gomod/github.com/alicebob/miniredis/v2@v2.35.0/miniredis.go:214:0 s=207
  1036: 0x17853ac M=1 tabmail/internal/store/postgres_test.companyRouter /workspace/tabmail/internal/store/postgres/company_http_test.go:37:0 s=35
  1037: 0x17dcf39 M=1 tabmail/internal/store/postgres_test.TestR5AtomicRetryConcurrentCommands.func1 /workspace/tabmail/internal/store/postgres/r5_atomic_retry_test.go:377:0 s=362
  1038: 0x12ff0f2 M=1 github.com/alicebob/miniredis/v2.(*RedisDB).incr /workspace/tabmail-cloud/gomod/github.com/alicebob/miniredis/v2@v2.35.0/db.go:34:0 s=32
             github.com/alicebob/miniredis/v2.(*RedisDB).ssetAdd /workspace/tabmail-cloud/gomod/github.com/alicebob/miniredis/v2@v2.35.0/db.go:442:0 s=433
  1039: 0x12a5054 M=1 github.com/alicebob/miniredis/v2.(*Miniredis).cmdZadd.func1 /workspace/tabmail-cloud/gomod/github.com/alicebob/miniredis/v2@v2.35.0/cmd_sorted_set.go:182:0 s=142
  1040: 0x1323f25 M=1 github.com/alicebob/miniredis/v2.withTx /workspace/tabmail-cloud/gomod/github.com/alicebob/miniredis/v2@v2.35.0/redis.go:116:0 s=96
  1041: 0x12a4298 M=1 github.com/alicebob/miniredis/v2.(*Miniredis).cmdZadd /workspace/tabmail-cloud/gomod/github.com/alicebob/miniredis/v2@v2.35.0/cmd_sorted_set.go:142:0 s=48
  1042: 0x1177be2 M=1 github.com/alicebob/miniredis/v2/server.(*Server).Dispatch /workspace/tabmail-cloud/gomod/github.com/alicebob/miniredis/v2@v2.35.0/server/server.go:218:0 s=195
  1043: 0x117761b M=1 github.com/alicebob/miniredis/v2/server.(*Server).servePeer /workspace/tabmail-cloud/gomod/github.com/alicebob/miniredis/v2@v2.35.0/server/server.go:186:0 s=157
  1044: 0x1176878 M=1 github.com/alicebob/miniredis/v2/server.(*Server).ServeConn.func1 /workspace/tabmail-cloud/gomod/github.com/alicebob/miniredis/v2@v2.35.0/server/server.go:113:0 s=109
  1045: 0x16db711 M=1 tabmail/internal/app/submissions.(*Service).AccessibleOutboundJobForRetry /workspace/tabmail/internal/app/submissions/service.go:394:0 s=393
  1046: 0x172319c M=1 tabmail/internal/api/handlers.(*OutboundHandler).RetryJob /workspace/tabmail/internal/api/handlers/outbound.go:93:0 s=81
  1047: 0x17d28d4 M=1 tabmail/internal/store/postgres_test.r5RetryFixture /workspace/tabmail/internal/store/postgres/r5_atomic_retry_test.go:21:0 s=19
  1048: 0x17d8cd8 M=1 tabmail/internal/store/postgres_test.TestR5AtomicRetryTemplatesAndLegacyIdentity.func1 /workspace/tabmail/internal/store/postgres/r5_atomic_retry_test.go:240:0 s=239
  1049: 0xf9a905 M=1 tabmail/internal/store/postgres.(*PgStore).PublishMailTemplate.func1 /workspace/tabmail/internal/store/postgres/company_templates.go:120:0 s=109
  1050: 0xf9a44d M=1 tabmail/internal/store/postgres.(*PgStore).companyTx /workspace/tabmail/internal/store/postgres/company_members.go:35:0 s=34
             tabmail/internal/store/postgres.(*PgStore).PublishMailTemplate /workspace/tabmail/internal/store/postgres/company_templates.go:109:0 s=107
  1051: 0x17d9184 M=1 tabmail/internal/store/postgres_test.TestR5AtomicRetryTemplatesAndLegacyIdentity.func1 /workspace/tabmail/internal/store/postgres/r5_atomic_retry_test.go:246:0 s=239
  1052: 0x17d9076 M=1 tabmail/internal/store/postgres_test.TestR5AtomicRetryTemplatesAndLegacyIdentity.func1 /workspace/tabmail/internal/store/postgres/r5_atomic_retry_test.go:244:0 s=239
  1053: 0x17d2b78 M=1 tabmail/internal/store/postgres_test.r5RetryFixture /workspace/tabmail/internal/store/postgres/r5_atomic_retry_test.go:35:0 s=19
  1054: 0xd7d8ee M=1 tabmail/internal/company.Render /workspace/tabmail/internal/company/templates.go:85:0 s=84
  1055: 0xf442af M=1 tabmail/internal/outbound.(*Service).SubmitWithReplay /workspace/tabmail/internal/outbound/service.go:175:0 s=123
  1056: 0x17daa91 M=1 tabmail/internal/outbound.(*Service).Submit /workspace/tabmail/internal/outbound/service.go:97:0 s=96
             tabmail/internal/store/postgres_test.TestR5AtomicRetryTemplatesAndLegacyIdentity.func1 /workspace/tabmail/internal/store/postgres/r5_atomic_retry_test.go:250:0 s=239
  1057: 0xf9a682 M=1 tabmail/internal/store/postgres.(*PgStore).PublishMailTemplate.func1 /workspace/tabmail/internal/store/postgres/company_templates.go:110:0 s=109
  1058: 0xab59d8 M=1 github.com/jackc/pgx/v5/pgtype.TryWrapPtrSliceScanPlan /workspace/tabmail-cloud/gomod/github.com/jackc/pgx/v5@v5.10.0/pgtype/pgtype.go:983:0 s=955
  1059: 0xa61c0b M=1 github.com/jackc/pgx/v5/pgtype.(*Map).PlanScan /workspace/tabmail-cloud/gomod/github.com/jackc/pgx/v5@v5.10.0/pgtype/pgtype.go:1066:0 s=1065
             github.com/jackc/pgx/v5/pgtype.(*ArrayCodec).DecodeValue /workspace/tabmail-cloud/gomod/github.com/jackc/pgx/v5@v5.10.0/pgtype/array_codec.go:405:0 s=399
  1060: 0xc676c5 M=1 github.com/jackc/pgx/v5.(*baseRows).Values /workspace/tabmail-cloud/gomod/github.com/jackc/pgx/v5@v5.10.0/rows.go:309:0 s=292
  1061: 0xff2fe5 M=1 tabmail/internal/store/postgres.readOutboundReceipts /workspace/tabmail/internal/store/postgres/outbound_receipts.go:104:0 s=54
  1062: 0x17d73b0 M=1 tabmail/internal/store/postgres_test.TestR5AtomicRetryAuditWaitExpiryAndCancellation.func1 /workspace/tabmail/internal/store/postgres/r5_atomic_retry_test.go:186:0 s=185
  1063: 0x630427 M=1 testing.(*T).Run /workspace/tabmail-cloud/tools/go/src/testing/testing.go:1990:0 s=1948
  1064: 0x17d7225 M=1 tabmail/internal/store/postgres_test.TestR5AtomicRetryAuditWaitExpiryAndCancellation /workspace/tabmail/internal/store/postgres/r5_atomic_retry_test.go:185:0 s=183
  1065: 0xabcc8d M=1 github.com/jackc/pgx/v5/pgtype.(*wrapTimeEncodePlan).Encode /workspace/tabmail-cloud/gomod/github.com/jackc/pgx/v5@v5.10.0/pgtype/pgtype.go:1670:0 s=1669
  1066: 0x181a8b2 M=1 tabmail/internal/store/postgres_test.r5AwaitSentDeadline /workspace/tabmail/internal/store/postgres/r5_content_wait_test.go:43:0 s=32
  1067: 0x17d7a24 M=1 tabmail/internal/store/postgres_test.TestR5AtomicRetryAuditWaitExpiryAndCancellation.func1 /workspace/tabmail/internal/store/postgres/r5_atomic_retry_test.go:206:0 s=185
  1068: 0x16578e6 M=1 github.com/go-chi/chi/v5.(*node).InsertRoute /workspace/tabmail-cloud/gomod/github.com/go-chi/chi/v5@v5.2.5/tree.go:174:0 s=138
  1069: 0x17160d9 M=1 tabmail/internal/api/handlers.RegisterCompanyRoutes.func1 /workspace/tabmail/internal/api/handlers/company_routes.go:80:0 s=27
  1070: 0x17d786e M=1 tabmail/internal/store/postgres_test.TestR5AtomicRetryAuditWaitExpiryAndCancellation.func1 /workspace/tabmail/internal/store/postgres/r5_atomic_retry_test.go:200:0 s=185
  1071: 0x181a934 M=1 tabmail/internal/store/postgres_test.r5AwaitSentDeadline /workspace/tabmail/internal/store/postgres/r5_content_wait_test.go:43:0 s=32
  1072: 0x17d6d16 M=1 tabmail/internal/store/postgres_test.TestR5AtomicRetryKeyExpiryDuringJobWait /workspace/tabmail/internal/store/postgres/r5_atomic_retry_test.go:173:0 s=160
  1073: 0x165cbb5 M=1 github.com/go-chi/chi/v5.patParamKeys /workspace/tabmail-cloud/gomod/github.com/go-chi/chi/v5@v5.2.5/tree.go:767:0 s=754
  1074: 0x1658bd1 M=1 github.com/go-chi/chi/v5.(*node).setEndpoint /workspace/tabmail-cloud/gomod/github.com/go-chi/chi/v5@v5.2.5/tree.go:349:0 s=343
  1075: 0x1658135 M=1 github.com/go-chi/chi/v5.(*node).InsertRoute /workspace/tabmail-cloud/gomod/github.com/go-chi/chi/v5@v5.2.5/tree.go:214:0 s=138
  1076: 0x171443d M=1 tabmail/internal/api/handlers.RegisterCompanyRoutes.func1 /workspace/tabmail/internal/api/handlers/company_routes.go:39:0 s=27
  1077: 0x17d6c2b M=1 tabmail/internal/store/postgres_test.TestR5AtomicRetryKeyExpiryDuringJobWait /workspace/tabmail/internal/store/postgres/r5_atomic_retry_test.go:171:0 s=160
  1078: 0x16a5065 M=1 github.com/rs/zerolog.Logger.With /workspace/tabmail-cloud/gomod/github.com/rs/zerolog@v1.34.0/log.go:281:0 s=279
             tabmail/internal/app/admin.NewService /workspace/tabmail/internal/app/admin/service.go:149:0 s=148
  1079: 0x16e8b44 M=1 tabmail/internal/api/handlers.NewAdminHandler /workspace/tabmail/internal/api/handlers/admin.go:44:0 s=43
  1080: 0x17d5c38 M=1 tabmail/internal/store/postgres_test.TestR5AtomicRetryRechecksLockedJobAndRecipientState.func1 /workspace/tabmail/internal/store/postgres/r5_atomic_retry_test.go:127:0 s=126
  1081: 0x4d64f3 M=1 sync.(*Pool).Put /workspace/tabmail-cloud/tools/go/src/sync/pool.go:111:0 s=99
  1082: 0xede219 M=1 github.com/pressly/goose/v3/internal/sqlparser.endsWithSemicolon /workspace/goose-buffer-experiment/baseline/internal/sqlparser/parser.go:394:0 s=375
  1083: 0xedbe79 M=1 github.com/pressly/goose/v3/internal/sqlparser.ParseSQLMigration /workspace/goose-buffer-experiment/baseline/internal/sqlparser/parser.go:253:0 s=103
  1084: 0xff919c M=1 tabmail/internal/store/postgres.(*outboundRetryReader).GetUser /workspace/tabmail/internal/store/postgres/outbound_retry_reader.go:35:0 s=34
  1085: 0xff9259 M=1 tabmail/internal/store/postgres.(*outboundRetryReader).EffectivePermission /workspace/tabmail/internal/store/postgres/outbound_retry_reader.go:38:0 s=37
  1086: 0xf2cca7 M=1 tabmail/internal/outbound.ValidateJobAuthorization /workspace/tabmail/internal/outbound/authorization.go:181:0 s=130
  1087: 0x17d3c58 M=1 tabmail/internal/store/postgres_test.TestR5AtomicRetryOrdersAuthorizationChanges.func1 /workspace/tabmail/internal/store/postgres/r5_atomic_retry_test.go:62:0 s=60
  1088: 0x16d7065 M=1 github.com/rs/zerolog.Logger.With /workspace/tabmail-cloud/gomod/github.com/rs/zerolog@v1.34.0/log.go:281:0 s=279
             tabmail/internal/app/submissions.NewService /workspace/tabmail/internal/app/submissions/service.go:125:0 s=116
  1089: 0x1722093 M=1 tabmail/internal/api/handlers.NewOutboundHandler /workspace/tabmail/internal/api/handlers/outbound.go:38:0 s=34
  1090: 0x1745ef8 M=1 tabmail/internal/api.NewRouter /workspace/tabmail/internal/api/router.go:164:0 s=126
  1091: 0x17d420e M=1 tabmail/internal/store/postgres_test.TestR5AtomicRetryOrdersAuthorizationChanges.func1 /workspace/tabmail/internal/store/postgres/r5_atomic_retry_test.go:75:0 s=60
  1092: 0xfc1450 M=1 tabmail/internal/store/postgres.(*PgStore).ForTenant /workspace/tabmail/internal/store/postgres/mailboxes.go:54:0 s=53
  1093: 0xf3e751 M=1 tabmail/internal/outbound.ValidateRetryRequester /workspace/tabmail/internal/outbound/retry_authorization.go:98:0 s=13
  1094: 0x1726b75 M=1 tabmail/internal/app/submissions.(*Service).RetryAuthority /workspace/tabmail/internal/app/submissions/service.go:418:0 s=417
             tabmail/internal/api/handlers.(*OutboundHandler).authorizeOutboundRetry /workspace/tabmail/internal/api/handlers/outbound_view.go:21:0 s=20
  1095: 0x1723514 M=1 tabmail/internal/api/handlers.(*OutboundHandler).RetryJob /workspace/tabmail/internal/api/handlers/outbound.go:106:0 s=81
  1096: 0xfdd3a4 M=1 tabmail/internal/store/postgres.scanOutboundJob /workspace/tabmail/internal/store/postgres/outbound.go:310:0 s=309
  1097: 0xff35a8 M=1 tabmail/internal/store/postgres.readOutboundReceipts /workspace/tabmail/internal/store/postgres/outbound_receipts.go:118:0 s=54
  1098: 0x123efb9 M=1 github.com/alicebob/miniredis/v2.commandsGeneric.makeCmdExpire.func1 /workspace/tabmail-cloud/gomod/github.com/alicebob/miniredis/v2@v2.35.0/cmd_generic.go:126:0 s=106
  1099: 0x135bfb2 M=1 bufio.NewReaderSize /workspace/tabmail-cloud/tools/go/src/bufio/bufio.go:57:0 s=50
             github.com/redis/go-redis/v9/internal/proto.NewReaderSize /workspace/tabmail-cloud/gomod/github.com/redis/go-redis/v9@v9.18.0/internal/proto/reader.go:71:0 s=69
             github.com/redis/go-redis/v9/internal/pool.NewConnWithBufferSize /workspace/tabmail-cloud/gomod/github.com/redis/go-redis/v9@v9.18.0/internal/pool/conn.go:142:0 s=132
  1100: 0x136580d M=1 github.com/redis/go-redis/v9/internal/pool.(*ConnPool).dialConn /workspace/tabmail-cloud/gomod/github.com/redis/go-redis/v9@v9.18.0/internal/pool/pool.go:604:0 s=554
  1101: 0x1364b8f M=1 github.com/redis/go-redis/v9/internal/pool.(*ConnPool).newConn /workspace/tabmail-cloud/gomod/github.com/redis/go-redis/v9@v9.18.0/internal/pool/pool.go:510:0 s=493
  1102: 0x1367b0f M=1 github.com/redis/go-redis/v9/internal/pool.(*ConnPool).queuedNewConn.func2 /workspace/tabmail-cloud/gomod/github.com/redis/go-redis/v9@v9.18.0/internal/pool/pool.go:874:0 s=857
  1103: 0x1aad4c5 M=1 crypto/internal/fips140/hmac.New[go.shape.interface { BlockSize int; Reset; Size int; Sum []uint8; Write  }] /workspace/tabmail-cloud/tools/go/src/crypto/internal/fips140/hmac/hmac.go:186:0 s=168(crypto/internal/fips140/hmac.New[go.shape.interface { BlockSize() int; Reset(); Size() int; Sum([]uint8) []uint8; Write([]uint8) (int, error) }])
  1104: 0x8740e9 M=1 crypto/hmac.New /workspace/tabmail-cloud/tools/go/src/crypto/hmac/hmac.go:56:0 s=39
  1105: 0x116dc52 M=1 tabmail/internal/authn.signHMAC /workspace/tabmail/internal/authn/jwt.go:124:0 s=123
  1106: 0x116d48b M=1 tabmail/internal/authn.encodeSignedToken /workspace/tabmail/internal/authn/jwt.go:85:0 s=79
  1107: 0x116ca0f M=1 tabmail/internal/authn.IssueAccessToken /workspace/tabmail/internal/authn/jwt.go:52:0 s=41
  1108: 0x1785b86 M=1 tabmail/internal/store/postgres_test.r3Token /workspace/tabmail/internal/store/postgres/company_http_test.go:44:0 s=42
  1109: 0x17d2904 M=1 tabmail/internal/store/postgres_test.r5RetryFixture /workspace/tabmail/internal/store/postgres/r5_atomic_retry_test.go:23:0 s=19
  1110: 0xff6d11 M=1 tabmail/internal/store/postgres.(*PgStore).RequeueOutboundJobAuthorized /workspace/tabmail/internal/store/postgres/outbound_retry.go:59:0 s=22
  1111: 0x17d30f5 M=1 net/http/httptest.NewRequest /workspace/tabmail-cloud/tools/go/src/net/http/httptest/httptest.go:20:0 s=19
             tabmail/internal/store/postgres_test.r5RetryRequest /workspace/tabmail/internal/store/postgres/r5_atomic_retry_test.go:46:0 s=42
  1112: 0x17d145e M=1 tabmail/internal/store/postgres_test.TestR5ActivationBusyFinalDomainFenceRollsBackWithoutWait /workspace/tabmail/internal/store/postgres/r5_activation_boundary_test.go:232:0 s=231
  1113: 0x17d09b3 M=1 tabmail/internal/store/postgres_test.TestR5ActivationDomainWithdrawalDuringAuditWaitRollsBack.func1 /workspace/tabmail/internal/store/postgres/r5_activation_boundary_test.go:190:0 s=189
  1114: 0x17cf3be M=1 tabmail/internal/store/postgres_test.TestR5ActivationReadsCurrentProfileAfterTenantWait /workspace/tabmail/internal/store/postgres/r5_activation_boundary_test.go:150:0 s=149
  1115: 0x17ce8d6 M=1 tabmail/internal/store/postgres_test.TestR5ActivationCurrentSponsorAndDomainBoundary.func1 /workspace/tabmail/internal/store/postgres/r5_activation_boundary_test.go:113:0 s=112
  1116: 0x6a7818 M=1 encoding/json.mapEncoder.encode /workspace/tabmail-cloud/tools/go/src/encoding/json/encode.go:795:0 s=776
  1117: 0x17cc194 M=1 tabmail/internal/store/postgres_test.r5ActivationInvite /workspace/tabmail/internal/store/postgres/r5_activation_boundary_test.go:20:0 s=17
  1118: 0x17cd618 M=1 tabmail/internal/store/postgres_test.TestR5ActivationDuplicateTokenCommandsCommitOnce /workspace/tabmail/internal/store/postgres/r5_activation_boundary_test.go:83:0 s=81
  1119: 0x17cd5fe M=1 tabmail/internal/store/postgres_test.TestR5ActivationDuplicateTokenCommandsCommitOnce /workspace/tabmail/internal/store/postgres/r5_activation_boundary_test.go:82:0 s=81
  1120: 0x17c9c1e M=1 tabmail/internal/store/postgres_test.TestR5AccessExplanationCancellationReleasesSnapshot /workspace/tabmail/internal/store/postgres/r5_access_explanation_snapshot_test.go:265:0 s=264
  1121: 0xc0f97a M=1 github.com/jackc/pgx/v5/pgconn.connectOne /workspace/tabmail-cloud/gomod/github.com/jackc/pgx/v5@v5.10.0/pgconn/pgconn.go:404:0 s=313
  1122: 0xf5d085 M=1 tabmail/internal/store/postgres.(*PgStore).ExplainMailboxAccess.func1 /workspace/tabmail/internal/store/postgres/company_access_explanation.go:34:0 s=16
  1123: 0xf5c764 M=1 tabmail/internal/store/postgres.(*PgStore).companyTx /workspace/tabmail/internal/store/postgres/company_members.go:35:0 s=34
             tabmail/internal/store/postgres.(*PgStore).ExplainMailboxAccess /workspace/tabmail/internal/store/postgres/company_access_explanation.go:16:0 s=14
  1124: 0x17c5f89 M=1 tabmail/internal/store/postgres_test.TestR5AccessExplanationRejectsBusyTargetProfile.func1 /workspace/tabmail/internal/store/postgres/r5_access_explanation_snapshot_test.go:106:0 s=90
  1125: 0x17c5649 M=1 tabmail/internal/store/postgres_test.TestR5AccessExplanationRejectsBusyTargetProfile.func1 /workspace/tabmail/internal/store/postgres/r5_access_explanation_snapshot_test.go:91:0 s=90
  1126: 0x17c175e M=1 tabmail/internal/store/postgres_test.TestPersonalMailboxSeenBehaviorUnchanged /workspace/tabmail/internal/store/postgres/message_user_state_test.go:107:0 s=106
  1127: 0xf8175e M=1 tabmail/internal/store/postgres.(*PgStore).mailboxAccessWithSourceTx /workspace/tabmail/internal/store/postgres/company_members.go:421:0 s=401
  1128: 0xfa216c M=1 tabmail/internal/store/postgres.(*PgStore).mailboxAccessTx /workspace/tabmail/internal/store/postgres/company_members.go:394:0 s=393
             tabmail/internal/store/postgres.(*PgStore).authorizeReceivedMailboxTx /workspace/tabmail/internal/store/postgres/content_eligibility.go:55:0 s=48
  1129: 0xf649ec M=1 tabmail/internal/store/postgres.(*PgStore).ListWorkMessages.func1 /workspace/tabmail/internal/store/postgres/company_mail.go:60:0 s=59
  1130: 0xf6455d M=1 tabmail/internal/store/postgres.(*PgStore).companyReadTx /workspace/tabmail/internal/store/postgres/company_members.go:47:0 s=46
             tabmail/internal/store/postgres.(*PgStore).ListWorkMessages /workspace/tabmail/internal/store/postgres/company_mail.go:59:0 s=37
  1131: 0x17c09bd M=1 tabmail/internal/store/postgres_test.TestSharedMailboxPersonalStateSeparation /workspace/tabmail/internal/store/postgres/message_user_state_test.go:70:0 s=15
  1132: 0x17bfc3d M=1 tabmail/internal/store/postgres_test.TestSharedMailboxPersonalStateSeparation /workspace/tabmail/internal/store/postgres/message_user_state_test.go:37:0 s=15
  1133: 0xa27514 M=1 database/sql.(*Conn).QueryRowContext /workspace/tabmail-cloud/tools/go/src/database/sql/sql.go:2047:0 s=2046
  1134: 0xecf545 M=1 github.com/pressly/goose/v3/database.(*store).GetLatestVersion /workspace/goose-buffer-experiment/baseline/database/dialects.go:137:0 s=134
  1135: 0xeff95b M=1 github.com/pressly/goose/v3.(*Provider).getDBMaxVersion /workspace/goose-buffer-experiment/baseline/provider.go:661:0 s=648
  1136: 0xf043b4 M=1 github.com/pressly/goose/v3.(*Provider).runMigrations /workspace/goose-buffer-experiment/baseline/provider_run.go:190:0 s=96
  1137: 0x17bebfe M=1 tabmail/internal/store/postgres_test.TestSharedMailboxPersonalStateSeparation /workspace/tabmail/internal/store/postgres/message_user_state_test.go:16:0 s=15
  1138: 0x7ce473 M=1 net.newFD /workspace/tabmail-cloud/tools/go/src/net/fd_unix.go:27:0 s=26
             net.socket /workspace/tabmail-cloud/tools/go/src/net/sock_posix.go:27:0 s=18
  1139: 0xfde916 M=1 tabmail/internal/store/postgres.(*PgStore).ListOutboundJobsScoped /workspace/tabmail/internal/store/postgres/outbound.go:365:0 s=357
  1140: 0x17bdd6c M=1 tabmail/internal/store/postgres_test.TestAR02ReadableMailboxQueryParity.func1 /workspace/tabmail/internal/store/postgres/mailbox_predicate_test.go:57:0 s=36
  1141: 0xf03d56 M=1 github.com/pressly/goose/v3.(*Provider).runMigrations /workspace/goose-buffer-experiment/baseline/provider_run.go:148:0 s=96
  1142: 0x17bbefe M=1 tabmail/internal/store/postgres_test.TestAR02ReadableMailboxQueryParity /workspace/tabmail/internal/store/postgres/mailbox_predicate_test.go:16:0 s=15
  1143: 0x17bbe64 M=1 tabmail/internal/store/postgres_test.TestR3DraftTemplateVersionEligibilityContract.func1 /workspace/tabmail/internal/store/postgres/company_workflows_test.go:727:0 s=723
  1144: 0x17ba56f M=1 tabmail/internal/store/postgres_test.TestR3DraftTemplateVersionEligibilityContract /workspace/tabmail/internal/store/postgres/company_workflows_test.go:822:0 s=720
  1145: 0x17bbd6f M=1 tabmail/internal/store/postgres_test.TestR3DraftTemplateVersionEligibilityContract.func1 /workspace/tabmail/internal/store/postgres/company_workflows_test.go:725:0 s=723
  1146: 0x17b81a1 M=1 tabmail/internal/store/postgres_test.TestR3DraftTemplateVersionEligibilityContract /workspace/tabmail/internal/store/postgres/company_workflows_test.go:775:0 s=720
  1147: 0x17b7ebe M=1 tabmail/internal/store/postgres_test.TestR3DraftTemplateVersionEligibilityContract /workspace/tabmail/internal/store/postgres/company_workflows_test.go:721:0 s=720
  1148: 0x103328c M=1 tabmail/internal/store/postgres.(*PgStore).mailboxAccessTx /workspace/tabmail/internal/store/postgres/company_members.go:394:0 s=393
             tabmail/internal/store/postgres.(*PgStore).MutateArchivedMail.func1 /workspace/tabmail/internal/store/postgres/sent_archive.go:97:0 s=93
  1149: 0x1032e06 M=1 tabmail/internal/store/postgres.(*PgStore).companyReferencedTx /workspace/tabmail/internal/store/postgres/company_members.go:57:0 s=56
             tabmail/internal/store/postgres.(*PgStore).MutateArchivedMail /workspace/tabmail/internal/store/postgres/sent_archive.go:93:0 s=76
  1150: 0x17b7b59 M=1 tabmail/internal/store/postgres_test.TestP4AttachmentCleanupRespectsSentJobReferences /workspace/tabmail/internal/store/postgres/company_workflows_test.go:703:0 s=678
  1151: 0x17b6464 M=1 tabmail/internal/store/postgres_test.TestR3AttachmentCleanupRespectsLiveDraftReferences /workspace/tabmail/internal/store/postgres/company_workflows_test.go:657:0 s=647
  1152: 0x17b604d M=1 tabmail/internal/store/postgres_test.TestR3AttachmentCleanupRespectsLiveDraftReferences /workspace/tabmail/internal/store/postgres/company_workflows_test.go:650:0 s=647
  1153: 0x17b5e7e M=1 tabmail/internal/store/postgres_test.TestR3AttachmentCleanupRespectsLiveDraftReferences /workspace/tabmail/internal/store/postgres/company_workflows_test.go:648:0 s=647
  1154: 0xf4652d M=1 tabmail/internal/outbound.(*Service).SubmitWithReplay /workspace/tabmail/internal/outbound/service.go:277:0 s=123
  1155: 0x17b566f M=1 tabmail/internal/outbound.(*Service).Submit /workspace/tabmail/internal/outbound/service.go:97:0 s=96
             tabmail/internal/store/postgres_test.TestR3SubmissionIdempotencyTemplateOnlyAndCodec.func1 /workspace/tabmail/internal/store/postgres/company_workflows_test.go:569:0 s=567
  1156: 0xf81523 M=1 tabmail/internal/store/postgres.(*PgStore).mailboxAccessWithSourceTx /workspace/tabmail/internal/store/postgres/company_members.go:421:0 s=401
  1157: 0xfa0f6c M=1 tabmail/internal/store/postgres.(*PgStore).mailboxAccessTx /workspace/tabmail/internal/store/postgres/company_members.go:394:0 s=393
             tabmail/internal/store/postgres.(*PgStore).loadTemplateForSendTx /workspace/tabmail/internal/store/postgres/company_templates.go:378:0 s=377
  1158: 0xf9c9a4 M=1 tabmail/internal/store/postgres.(*PgStore).RevokeMailTemplateVersion.func1 /workspace/tabmail/internal/store/postgres/company_templates.go:185:0 s=159
  1159: 0xf9bd6d M=1 tabmail/internal/store/postgres.(*PgStore).companyReferencedTx /workspace/tabmail/internal/store/postgres/company_members.go:57:0 s=56
             tabmail/internal/store/postgres.(*PgStore).RevokeMailTemplateVersion /workspace/tabmail/internal/store/postgres/company_templates.go:159:0 s=158
  1160: 0x17b0eea M=1 tabmail/internal/store/postgres_test.TestR3TemplateVersionRevocationStopsUndeliveredSends /workspace/tabmail/internal/store/postgres/company_workflows_test.go:486:0 s=436
  1161: 0x17b076d M=1 tabmail/internal/outbound.(*Service).Submit /workspace/tabmail/internal/outbound/service.go:97:0 s=96
             tabmail/internal/store/postgres_test.TestR3TemplateVersionRevocationStopsUndeliveredSends /workspace/tabmail/internal/store/postgres/company_workflows_test.go:458:0 s=436
  1162: 0xcdad36 M=1 text/template/parse.New /workspace/tabmail-cloud/tools/go/src/text/template/parse/parse.go:144:0 s=143
             text/template/parse.Parse /workspace/tabmail-cloud/tools/go/src/text/template/parse/parse.go:76:0 s=74
  1163: 0xd0854d M=1 text/template.(*Template).Parse /workspace/tabmail-cloud/tools/go/src/text/template/template.go:208:0 s=205
  1164: 0xd1e8fc M=1 html/template.(*Template).Parse /workspace/tabmail-cloud/tools/go/src/html/template/template.go:191:0 s=186
  1165: 0xd7f1fe M=1 tabmail/internal/company.renderValidated /workspace/tabmail/internal/company/templates.go:165:0 s=147
  1166: 0x17affe6 M=1 tabmail/internal/store/postgres_test.TestR3TemplateVersionRevocationStopsUndeliveredSends /workspace/tabmail/internal/store/postgres/company_workflows_test.go:450:0 s=436
  1167: 0x17afb95 M=1 tabmail/internal/store/postgres_test.TestR3TemplateVersionRevocationStopsUndeliveredSends /workspace/tabmail/internal/store/postgres/company_workflows_test.go:439:0 s=436
  1168: 0xaae9bd M=1 github.com/jackc/pgx/v5/pgtype.NewMap /workspace/tabmail-cloud/gomod/github.com/jackc/pgx/v5@v5.10.0/pgtype/pgtype.go:236:0 s=231
  1169: 0x17ae93e M=1 tabmail/internal/store/postgres_test.TestR3TemplateImmutableVersionsAndCurrentGrants /workspace/tabmail/internal/store/postgres/company_workflows_test.go:403:0 s=402
  1170: 0xedd9d5 M=1 strings.ReplaceAll /workspace/tabmail-cloud/tools/go/src/strings/strings.go:1188:0 s=1187
             github.com/pressly/goose/v3/internal/sqlparser.extractAnnotation /workspace/goose-buffer-experiment/baseline/internal/sqlparser/parser.go:326:0 s=319
  1171: 0xc0f304 M=1 github.com/jackc/pgx/v5/pgconn/internal/bgreader.New /workspace/tabmail-cloud/gomod/github.com/jackc/pgx/v5@v5.10.0/pgconn/internal/bgreader/bgreader.go:135:0 s=132
             github.com/jackc/pgx/v5/pgconn.connectOne /workspace/tabmail-cloud/gomod/github.com/jackc/pgx/v5@v5.10.0/pgconn/pgconn.go:385:0 s=313
  1172: 0x17adcfe M=1 tabmail/internal/store/postgres_test.TestR3DraftRevisionAndAttachmentAuthorization /workspace/tabmail/internal/store/postgres/company_workflows_test.go:376:0 s=375
  1173: 0xf8ce4c M=1 tabmail/internal/store/postgres.(*PgStore).GetWorkMessage.func1 /workspace/tabmail/internal/store/postgres/company_message_read.go:29:0 s=20
  1174: 0xf8c95b M=1 tabmail/internal/store/postgres.(*PgStore).companyReadTx /workspace/tabmail/internal/store/postgres/company_members.go:47:0 s=46
             tabmail/internal/store/postgres.(*PgStore).GetWorkMessage /workspace/tabmail/internal/store/postgres/company_message_read.go:20:0 s=18
  1175: 0x17acae7 M=1 tabmail/internal/store/postgres_test.TestR3SoftDeleteRestoreRetentionAndEvents /workspace/tabmail/internal/store/postgres/company_workflows_test.go:333:0 s=310
  1176: 0xf86544 M=1 tabmail/internal/store/postgres.(*PgStore).companyTx /workspace/tabmail/internal/store/postgres/company_members.go:35:0 s=34
             tabmail/internal/store/postgres.(*PgStore).TransferWorkMailbox /workspace/tabmail/internal/store/postgres/company_members.go:623:0 s=618
  1177: 0x17aac58 M=1 tabmail/internal/store/postgres_test.TestMailboxAdministrationFollowsMemberHierarchy /workspace/tabmail/internal/store/postgres/company_workflows_test.go:293:0 s=280
  1178: 0xf7d166 M=1 tabmail/internal/store/postgres.(*PgStore).ActivateEmployee /workspace/tabmail/internal/store/postgres/company_members.go:286:0 s=279
  1179: 0x17aa3fe M=1 tabmail/internal/store/postgres_test.TestMailboxAdministrationFollowsMemberHierarchy /workspace/tabmail/internal/store/postgres/company_workflows_test.go:281:0 s=280
  1180: 0x17a949e M=1 tabmail/internal/store/postgres_test.TestR3OffboardingAndOptimisticHandover /workspace/tabmail/internal/store/postgres/company_workflows_test.go:245:0 s=244
  1181: 0x17a933a M=1 tabmail/internal/store/postgres_test.TestAdminVisibilityIsNotContentAccess /workspace/tabmail/internal/store/postgres/company_workflows_test.go:238:0 s=197
  1182: 0x17a74ce M=1 tabmail/internal/store/postgres_test.TestR3SharedMailboxRightsAndGrantAuditRollback /workspace/tabmail/internal/store/postgres/company_workflows_test.go:165:0 s=149
  1183: 0x17a453e M=1 tabmail/internal/store/postgres_test.TestR3EmployeeActivationSingleUseAndPrivateProvisioning /workspace/tabmail/internal/store/postgres/company_workflows_test.go:69:0 s=68
  1184: 0x179f4ce M=1 tabmail/internal/store/postgres_test.TestPinnedTemplateDraftRemainsUsableAfterNewPublication /workspace/tabmail/internal/store/postgres/company_safety_contracts_test.go:257:0 s=242
  1185: 0xd7f9e4 M=1 text/template.(*Template).init /workspace/tabmail-cloud/tools/go/src/text/template/template.go:76:0 s=71
             text/template.New /workspace/tabmail-cloud/tools/go/src/text/template/template.go:43:0 s=39
             tabmail/internal/company.renderValidated.func1 /workspace/tabmail/internal/company/templates.go:149:0 s=148
  1186: 0xd7f063 M=1 tabmail/internal/company.renderValidated /workspace/tabmail/internal/company/templates.go:161:0 s=147
  1187: 0x179eedd M=1 tabmail/internal/store/postgres_test.TestPinnedTemplateDraftRemainsUsableAfterNewPublication /workspace/tabmail/internal/store/postgres/company_safety_contracts_test.go:247:0 s=242
  1188: 0x104128f M=1 tabmail/internal/store/postgres.(*PgStore).GetUser /workspace/tabmail/internal/store/postgres/users.go:65:0 s=64
  1189: 0x169a96f M=1 tabmail/internal/api/middleware.(*CachedAuthStore).GetUser /workspace/tabmail/internal/api/middleware/auth_cache.go:36:0 s=35
  1190: 0x175174e M=1 tabmail/internal/api.NewRouter.Auth.func8.1 /workspace/tabmail/internal/api/middleware/auth.go:252:0 s=244
  1191: 0x179d264 M=1 tabmail/internal/store/postgres_test.TestMailboxAdministrationHTTPRequiresObservedVersion /workspace/tabmail/internal/store/postgres/company_safety_contracts_test.go:204:0 s=191
  1192: 0x117554e M=1 github.com/alicebob/miniredis/v2/server.readString /workspace/tabmail-cloud/gomod/github.com/alicebob/miniredis/v2@v2.35.0/server/proto.go:84:0 s=45
  1193: 0x117517a M=1 github.com/alicebob/miniredis/v2/server.readArray /workspace/tabmail-cloud/gomod/github.com/alicebob/miniredis/v2@v2.35.0/server/proto.go:35:0 s=15
  1194: 0x117780d M=1 github.com/alicebob/miniredis/v2/server.(*Server).servePeer.func2 /workspace/tabmail-cloud/gomod/github.com/alicebob/miniredis/v2@v2.35.0/server/server.go:175:0 s=171
  1195: 0xf03dac M=1 github.com/pressly/goose/v3.(*Provider).runMigrations /workspace/goose-buffer-experiment/baseline/provider_run.go:149:0 s=96
  1196: 0x179ab1e M=1 tabmail/internal/store/postgres_test.TestMailboxGrantStaleSnapshotCannotRestoreRevokedPermission /workspace/tabmail/internal/store/postgres/company_safety_contracts_test.go:126:0 s=125
  1197: 0xec28e7 M=1 github.com/jackc/pgx/v5/stdlib.(*Conn).BeginTx /workspace/tabmail-cloud/gomod/github.com/jackc/pgx/v5@v5.10.0/stdlib/sql.go:480:0 s=456
  1198: 0xa190cc M=1 database/sql.ctxDriverBegin /workspace/tabmail-cloud/tools/go/src/database/sql/ctxutil.go:104:0 s=97
  1199: 0xa26845 M=1 database/sql.(*DB).beginDC.func1 /workspace/tabmail-cloud/tools/go/src/database/sql/sql.go:1906:0 s=1902
  1200: 0xa2630d M=1 database/sql.(*DB).beginDC /workspace/tabmail-cloud/tools/go/src/database/sql/sql.go:1902:0 s=1899
  1201: 0x179887e M=1 tabmail/internal/store/postgres_test.TestDomainDeleteTenantScopeAndAtomicAudit /workspace/tabmail/internal/store/postgres/company_safety_contracts_test.go:56:0 s=55
  1202: 0xf79615 M=1 tabmail/internal/store/postgres.(*PgStore).ConfigureCompany.func1 /workspace/tabmail/internal/store/postgres/company_members.go:168:0 s=159
  1203: 0x179787e M=1 tabmail/internal/store/postgres_test.TestDomainDeletePreservesFormerPrimaryAssets /workspace/tabmail/internal/store/postgres/company_safety_contracts_test.go:22:0 s=21
  1204: 0xeaff2f M=1 github.com/jackc/pgx/v5/pgxpool.NewWithConfig.func3 /workspace/tabmail-cloud/gomod/github.com/jackc/pgx/v5@v5.10.0/pgxpool/pool.go:307:0 s=272
  1205: 0x86899a M=1 github.com/jackc/pgx/v5/pgproto3.(*StartupMessage).Encode /workspace/tabmail-cloud/gomod/github.com/jackc/pgx/v5@v5.10.0/pgproto3/startup_message.go:78:0 s=72
  1206: 0x857bfe M=1 github.com/jackc/pgx/v5/pgproto3.(*Frontend).Send /workspace/tabmail-cloud/gomod/github.com/jackc/pgx/v5@v5.10.0/pgproto3/frontend.go:87:0 s=81
  1207: 0xc0fad2 M=1 github.com/jackc/pgx/v5/pgconn.connectOne /workspace/tabmail-cloud/gomod/github.com/jackc/pgx/v5@v5.10.0/pgconn/pgconn.go:409:0 s=313
  1208: 0x1792e9e M=1 tabmail/internal/store/postgres_test.TestP0PostgresOutboundDomainFencingAndUncertainty /workspace/tabmail/internal/store/postgres/company_integration_test.go:82:0 s=81
  1209: 0x17915c4 M=1 tabmail/internal/store/postgres_test.TestP0PostgresOwnerGrantAndPermanentRetention /workspace/tabmail/internal/store/postgres/company_integration_test.go:28:0 s=20
  1210: 0x179121e M=1 tabmail/internal/store/postgres_test.TestP0PostgresOwnerGrantAndPermanentRetention /workspace/tabmail/internal/store/postgres/company_integration_test.go:21:0 s=20
  1211: 0x4eda70 M=1 syscall.anyToSockaddr /workspace/tabmail-cloud/tools/go/src/syscall/syscall_linux.go:669:0 s=621
  1212: 0x4ee14f M=1 syscall.Accept4 /workspace/tabmail-cloud/tools/go/src/syscall/syscall_linux.go:701:0 s=691
  1213: 0x53c0e6 M=1 internal/poll.accept /workspace/tabmail-cloud/tools/go/src/internal/poll/sock_cloexec.go:17:0 s=16
  1214: 0x539015 M=1 internal/poll.(*FD).Accept /workspace/tabmail-cloud/tools/go/src/internal/poll/fd_unix.go:604:0 s=594
  1215: 0x7b1f64 M=1 net.(*netFD).accept /workspace/tabmail-cloud/tools/go/src/net/fd_unix.go:161:0 s=160
  1216: 0x7d600d M=1 net.(*TCPListener).accept /workspace/tabmail-cloud/tools/go/src/net/tcpsock_posix.go:159:0 s=158
  1217: 0x7d43c4 M=1 net.(*TCPListener).Accept /workspace/tabmail-cloud/tools/go/src/net/tcpsock.go:380:0 s=376
  1218: 0x11764e8 M=1 github.com/alicebob/miniredis/v2/server.(*Server).serve /workspace/tabmail-cloud/gomod/github.com/alicebob/miniredis/v2@v2.35.0/server/server.go:93:0 s=91
  1219: 0x1176272 M=1 github.com/alicebob/miniredis/v2/server.newServer.func1 /workspace/tabmail-cloud/gomod/github.com/alicebob/miniredis/v2@v2.35.0/server/server.go:73:0 s=71
  1220: 0x1790ddb M=1 tabmail/internal/store/postgres_test.TestArchitectureIndexRecoveryHTTPRequiresAdministratorAndReason /workspace/tabmail/internal/store/postgres/company_index_recovery_test.go:108:0 s=107
  1221: 0x178de5e M=1 tabmail/internal/store/postgres_test.TestArchitectureIndexCrashBudgetAndFailureFence /workspace/tabmail/internal/store/postgres/company_index_recovery_test.go:12:0 s=11
  1222: 0xf08365 M=1 github.com/pressly/goose/v3.(*MigrationResult).String /workspace/goose-buffer-experiment/baseline/provider_types.go:63:0 s=50
  1223: 0xf035db M=1 github.com/pressly/goose/v3.(*Provider).runMigrations /workspace/goose-buffer-experiment/baseline/provider_run.go:179:0 s=96
  1224: 0x165907e M=1 github.com/go-chi/chi/v5.endpoints.Value /workspace/tabmail-cloud/gomod/github.com/go-chi/chi/v5@v5.2.5/tree.go:132:0 s=129
             github.com/go-chi/chi/v5.(*node).setEndpoint /workspace/tabmail-cloud/gomod/github.com/go-chi/chi/v5@v5.2.5/tree.go:366:0 s=343
  1225: 0x174625e M=1 github.com/go-chi/chi/v5.(*Mux).Get /workspace/tabmail-cloud/gomod/github.com/go-chi/chi/v5@v5.2.5/mux.go:156:0 s=155
             tabmail/internal/api.NewRouter /workspace/tabmail/internal/api/router.go:316:0 s=126
  1226: 0x178db05 M=1 tabmail/internal/store/postgres_test.TestR3PasswordChangeInvalidatesExistingAccess /workspace/tabmail/internal/store/postgres/company_http_test.go:232:0 s=225
  1227: 0x178d83b M=1 tabmail/internal/store/postgres_test.TestR3PasswordChangeInvalidatesExistingAccess /workspace/tabmail/internal/store/postgres/company_http_test.go:226:0 s=225
  1228: 0x11490f1 M=1 github.com/gogs/chardet.mayStripInput /workspace/tabmail-cloud/gomod/github.com/gogs/chardet@v0.0.0-20211120154057-b7413eaefb8f/recognizer.go:31:0 s=29
  1229: 0x1148e24 M=1 github.com/gogs/chardet.newRecognizerInput /workspace/tabmail-cloud/gomod/github.com/gogs/chardet@v0.0.0-20211120154057-b7413eaefb8f/recognizer.go:18:0 s=17
  1230: 0x1147524 M=1 github.com/gogs/chardet.(*Detector).DetectBest /workspace/tabmail-cloud/gomod/github.com/gogs/chardet@v0.0.0-20211120154057-b7413eaefb8f/detector.go:88:0 s=87
  1231: 0x11615e6 M=1 github.com/jhillyerd/enmime/v2.(*Part).convertFromDetectedCharset /workspace/tabmail/third_party/enmime-v2.3.0/part.go:211:0 s=188
  1232: 0x1162a64 M=1 github.com/jhillyerd/enmime/v2.(*Part).decodeContent /workspace/tabmail/third_party/enmime-v2.3.0/part.go:310:0 s=278
  1233: 0x116433a M=1 github.com/jhillyerd/enmime/v2.Parser.readParts /workspace/tabmail/third_party/enmime-v2.3.0/part.go:430:0 s=404
  1234: 0x115f190 M=1 github.com/jhillyerd/enmime/v2.ReadEnvelopeBounded /workspace/tabmail/third_party/enmime-v2.3.0/parse_budget.go:36:0 s=31
  1235: 0x16be8ea M=1 tabmail/internal/mailcontent.parseBoundedContext /workspace/tabmail/internal/mailcontent/mime_budget.go:56:0 s=46
  1236: 0x16bf735 M=1 tabmail/internal/mailcontent.(*Parser).load.func1 /workspace/tabmail/internal/mailcontent/parser.go:114:0 s=91
  1237: 0x16bdc69 M=1 golang.org/x/sync/singleflight.(*Group).doCall.func2 /workspace/tabmail-cloud/gomod/golang.org/x/sync@v0.22.0/singleflight/singleflight.go:198:0 s=182
  1238: 0x16bdb31 M=1 golang.org/x/sync/singleflight.(*Group).doCall /workspace/tabmail-cloud/gomod/golang.org/x/sync@v0.22.0/singleflight/singleflight.go:200:0 s=144
  1239: 0x5da8c5 M=1 strings.(*Replacer).build /workspace/tabmail-cloud/tools/go/src/strings/replace.go:75:0 s=44
  1240: 0x5e5c3b M=1 strings.(*Replacer).buildOnce /workspace/tabmail-cloud/tools/go/src/strings/replace.go:40:0 s=39
  1241: 0x5daf06 M=1 strings.(*Replacer).Replace /workspace/tabmail-cloud/tools/go/src/strings/replace.go:96:0 s=95
  1242: 0xf329a4 M=1 tabmail/internal/outbound.sanitizeHeaderValue /workspace/tabmail/internal/outbound/builder.go:269:0 s=268
  1243: 0xf32d1b M=1 tabmail/internal/outbound.writeHeader /workspace/tabmail/internal/outbound/builder.go:299:0 s=296
  1244: 0xf3011e M=1 tabmail/internal/outbound.Build /workspace/tabmail/internal/outbound/builder.go:104:0 s=94
  1245: 0xf33864 M=1 tabmail/internal/outbound.(*Service).buildQueuedMIME /workspace/tabmail/internal/outbound/company.go:104:0 s=61
  1246: 0xf48478 M=1 tabmail/internal/outbound.(*Service).processOne /workspace/tabmail/internal/outbound/service.go:396:0 s=381
  1247: 0xea4508 M=1 tabmail/internal/workqueue.(*Worker[go.shape.*uint8]).processOne /workspace/tabmail/internal/workqueue/worker.go:418:0 s=417
  1248: 0xea5304 M=1 tabmail/internal/workqueue.(*Worker[go.shape.*uint8]).processManagedBatch /workspace/tabmail/internal/workqueue/worker.go:409:0 s=396
  1249: 0xea6158 M=1 tabmail/internal/workqueue.(*Worker[go.shape.*uint8]).run /workspace/tabmail/internal/workqueue/worker.go:303:0 s=289
  1250: 0x8653e7 M=1 github.com/jackc/pgx/v5/pgproto3.(*RowDescription).Decode /workspace/tabmail-cloud/gomod/github.com/jackc/pgx/v5@v5.10.0/pgproto3/row_description.go:96:0 s=58
  1251: 0xc193d8 M=1 github.com/jackc/pgx/v5/pgconn.(*PgConn).Prepare /workspace/tabmail-cloud/gomod/github.com/jackc/pgx/v5@v5.10.0/pgconn/pgconn.go:982:0 s=950
  1252: 0xfde52a M=1 tabmail/internal/store/postgres.(*PgStore).GetOutboundJob /workspace/tabmail/internal/store/postgres/outbound.go:343:0 s=342
  1253: 0x177a5a8 M=1 tabmail/internal/store/postgres_test.waitJob /workspace/tabmail/internal/store/postgres/company_delivery_test.go:105:0 s=101
  1254: 0x17897b5 M=1 tabmail/internal/store/postgres_test.TestR3CompanyHTTPJourney /workspace/tabmail/internal/store/postgres/company_http_test.go:150:0 s=75
  1255: 0x1656bf5 M=1 net/http.(*Request).SetPathValue /workspace/tabmail-cloud/tools/go/src/net/http/request.go:1485:0 s=1478
             github.com/go-chi/chi/v5.(*Mux).routeHTTP /workspace/tabmail-cloud/gomod/github.com/go-chi/chi/v5@v5.2.5/mux.go:473:0 s=441
  1256: 0x1751661 M=1 tabmail/internal/api.NewRouter.Auth.func8.1 /workspace/tabmail/internal/api/middleware/auth.go:388:0 s=244
  1257: 0x1787237 M=1 tabmail/internal/store/postgres_test.TestR3CompanyHTTPJourney /workspace/tabmail/internal/store/postgres/company_http_test.go:94:0 s=75
  1258: 0x178347e M=1 tabmail/internal/store/postgres_test.TestCreateOutboundJobConsumeDraftSingleConsumption /workspace/tabmail/internal/store/postgres/company_draft_submit_test.go:239:0 s=238
  1259: 0x135bd17 M=1 bufio.NewWriterSize /workspace/tabmail-cloud/tools/go/src/bufio/bufio.go:602:0 s=592
             github.com/redis/go-redis/v9/internal/pool.NewConnWithBufferSize /workspace/tabmail-cloud/gomod/github.com/redis/go-redis/v9@v9.18.0/internal/pool/conn.go:148:0 s=132
  1260: 0x6a27c7 M=1 encoding/json.newEncodeState /workspace/tabmail-cloud/tools/go/src/encoding/json/encode.go:316:0 s=315
  1261: 0x6a1e19 M=1 encoding/json.Marshal /workspace/tabmail-cloud/tools/go/src/encoding/json/encode.go:206:0 s=205
  1262: 0xf77e1e M=1 tabmail/internal/store/postgres.companyAudit /workspace/tabmail/internal/store/postgres/company_members.go:109:0 s=108
  1263: 0x178273e M=1 tabmail/internal/store/postgres_test.TestDraftSubmitRevokedSendRightKeepsDraft /workspace/tabmail/internal/store/postgres/company_draft_submit_test.go:210:0 s=209
  1264: 0x1781bfe M=1 tabmail/internal/store/postgres_test.TestDraftSubmitRevisionMismatchKeepsDraft /workspace/tabmail/internal/store/postgres/company_draft_submit_test.go:175:0 s=174
  1265: 0x178085e M=1 tabmail/internal/store/postgres_test.TestDraftSubmitConcurrentWindowsProduceOneJob /workspace/tabmail/internal/store/postgres/company_draft_submit_test.go:117:0 s=116
  1266: 0x5caebd M=1 fmt.(*pp).doPrintf /workspace/tabmail-cloud/tools/go/src/fmt/print.go:1064:0 s=1019
  1267: 0x16cee41 M=1 tabmail/internal/app/submissions.(*Service).ReplayReceiptView /workspace/tabmail/internal/app/submissions/receipts.go:38:0 s=19
  1268: 0x170d1cf M=1 tabmail/internal/api/handlers.(*CompanyMailHandler).SubmitDraft /workspace/tabmail/internal/api/handlers/company_mail.go:327:0 s=295
  1269: 0x1780296 M=1 tabmail/internal/store/postgres_test.TestDraftSubmitConsumesDraftAtomically /workspace/tabmail/internal/store/postgres/company_draft_submit_test.go:100:0 s=47
  1270: 0x140fec8 M=1 github.com/redis/go-redis/v9.(*hooksMixin).clone /workspace/tabmail-cloud/gomod/github.com/redis/go-redis/v9@v9.18.0/redis.go:169:0 s=162
  1271: 0x141ae30 M=1 github.com/redis/go-redis/v9.newConn /workspace/tabmail-cloud/gomod/github.com/redis/go-redis/v9@v9.18.0/redis.go:1497:0 s=1488
  1272: 0x1410f87 M=1 github.com/redis/go-redis/v9.(*baseClient).initConn /workspace/tabmail-cloud/gomod/github.com/redis/go-redis/v9@v9.18.0/redis.go:465:0 s=387
  1273: 0x1410604 M=1 github.com/redis/go-redis/v9.(*baseClient)._getConn /workspace/tabmail-cloud/gomod/github.com/redis/go-redis/v9@v9.18.0/redis.go:299:0 s=289
  1274: 0x14103dc M=1 github.com/redis/go-redis/v9.(*baseClient).getConn /workspace/tabmail-cloud/gomod/github.com/redis/go-redis/v9@v9.18.0/redis.go:278:0 s=270
  1275: 0x14145c9 M=1 github.com/redis/go-redis/v9.(*baseClient).withConn /workspace/tabmail-cloud/gomod/github.com/redis/go-redis/v9@v9.18.0/redis.go:667:0 s=664
  1276: 0x1416cd9 M=1 github.com/redis/go-redis/v9.(*baseClient).generalProcessPipeline /workspace/tabmail-cloud/gomod/github.com/redis/go-redis/v9@v9.18.0/redis.go:1021:0 s=993
  1277: 0x14166d3 M=1 github.com/redis/go-redis/v9.(*baseClient).processPipeline /workspace/tabmail-cloud/gomod/github.com/redis/go-redis/v9@v9.18.0/redis.go:978:0 s=977
  1278: 0x1650645 M=1 github.com/redis/go-redis/v9.(*hooksMixin).processPipelineHook /workspace/tabmail-cloud/gomod/github.com/redis/go-redis/v9@v9.18.0/redis.go:209:0 s=208
  1279: 0x13fb803 M=1 github.com/redis/go-redis/v9.(*Pipeline).Exec /workspace/tabmail-cloud/gomod/github.com/redis/go-redis/v9@v9.18.0/pipeline.go:112:0 s=104
  1280: 0x169bb84 M=1 tabmail/internal/api/middleware.(*RateLimiter).checkSlidingWindow /workspace/tabmail/internal/api/middleware/ratelimit.go:109:0 s=96
  1281: 0x1754144 M=1 tabmail/internal/api/middleware.(*RateLimiter).Middleware-fm.(*RateLimiter).Middleware.func1 /workspace/tabmail/internal/api/middleware/ratelimit.go:74:0 s=39
  1282: 0x177e20e M=1 tabmail/internal/store/postgres_test.TestDraftSubmitConsumesDraftAtomically /workspace/tabmail/internal/store/postgres/company_draft_submit_test.go:61:0 s=47
  1283: 0x1657fa4 M=1 github.com/go-chi/chi/v5.(*node).InsertRoute /workspace/tabmail-cloud/gomod/github.com/go-chi/chi/v5@v5.2.5/tree.go:219:0 s=138
  1284: 0x1715aa1 M=1 tabmail/internal/api/handlers.RegisterCompanyRoutes.func1 /workspace/tabmail/internal/api/handlers/company_routes.go:71:0 s=27
  1285: 0x177dc76 M=1 tabmail/internal/store/postgres_test.TestDraftSubmitConsumesDraftAtomically /workspace/tabmail/internal/store/postgres/company_draft_submit_test.go:50:0 s=47
  1286: 0x177c97b M=1 tabmail/internal/store/postgres_test.TestR3BootstrapIsAtomicAcrossRoles /workspace/tabmail/internal/store/postgres/company_delivery_test.go:189:0 s=188
  1287: 0xa12a88 M=1 database/sql.driverArgsConnLocked /workspace/tabmail-cloud/tools/go/src/database/sql/convert.go:110:0 s=109
  1288: 0xa23ef0 M=1 database/sql.(*DB).execDC.func2 /workspace/tabmail-cloud/tools/go/src/database/sql/sql.go:1709:0 s=1708
  1289: 0xfc1986 M=1 tabmail/internal/store/postgres.(*PgStore).scanMailbox /workspace/tabmail/internal/store/postgres/mailboxes.go:84:0 s=82
  1290: 0xfc188d M=1 tabmail/internal/store/postgres.(*pgTenantView).GetMailboxByAddress /workspace/tabmail/internal/store/postgres/mailboxes.go:69:0 s=68
  1291: 0xf481dd M=1 tabmail/internal/outbound.(*Service).processOne /workspace/tabmail/internal/outbound/service.go:389:0 s=381
  1292: 0x177aafe M=1 tabmail/internal/store/postgres_test.TestR3RealSMTPRecipientIsolationAndUncertainRecovery /workspace/tabmail/internal/store/postgres/company_delivery_test.go:116:0 s=115
  1293: 0x17792f5 M=1 tabmail/internal/store/postgres_test.TestCompanyMessageDetailMatchesPersonalListStateAndImmutableScope /workspace/tabmail/internal/store/postgres/company_content_boundary_test.go:104:0 s=70
  1294: 0x103b115 M=1 tabmail/internal/store/postgres.(*PgStore).GetSubmission.func1 /workspace/tabmail/internal/store/postgres/submissions.go:142:0 s=140
  1295: 0x103ae44 M=1 tabmail/internal/store/postgres.(*PgStore).companyReadTx /workspace/tabmail/internal/store/postgres/company_members.go:47:0 s=46
             tabmail/internal/store/postgres.(*PgStore).GetSubmission /workspace/tabmail/internal/store/postgres/submissions.go:140:0 s=138
  1296: 0x1775b9a M=1 tabmail/internal/store/postgres_test.TestSubmissionAuthorLosesContentButKeepsReceiptAfterReadRevocation /workspace/tabmail/internal/store/postgres/company_content_boundary_test.go:30:0 s=14
  1297: 0x1774b5e M=1 tabmail/internal/store/postgres_test.TestSubmissionAuthorLosesContentButKeepsReceiptAfterReadRevocation /workspace/tabmail/internal/store/postgres/company_content_boundary_test.go:15:0 s=14
  1298: 0x697f06 M=1 encoding/json.Unmarshal /workspace/tabmail-cloud/tools/go/src/encoding/json/decode.go:106:0 s=102
  1299: 0x116cb93 M=1 tabmail/internal/authn.VerifyAccessToken /workspace/tabmail/internal/authn/jwt.go:64:0 s=58
  1300: 0x1750739 M=1 tabmail/internal/api.NewRouter.Auth.func8.1 /workspace/tabmail/internal/api/middleware/auth.go:250:0 s=244
  1301: 0x17744dd M=1 tabmail/internal/store/postgres_test.TestArchitectureNewHTTPViewsRespectContentAndAdminBoundaries /workspace/tabmail/internal/store/postgres/company_console_boundary_test.go:144:0 s=115
  1302: 0x7d4e7b M=1 net.sockaddrToTCP /workspace/tabmail-cloud/tools/go/src/net/tcpsock_posix.go:19:0 s=16
  1303: 0x7b24f2 M=1 net.(*netFD).accept /workspace/tabmail-cloud/tools/go/src/net/fd_unix.go:178:0 s=160
  1304: 0x177381e M=1 tabmail/internal/store/postgres_test.TestArchitectureNewHTTPViewsRespectContentAndAdminBoundaries /workspace/tabmail/internal/store/postgres/company_console_boundary_test.go:116:0 s=115
  1305: 0x1772c5e M=1 tabmail/internal/store/postgres_test.TestArchitectureExpiredArchiveCannotBeReopenedViaWorkspace /workspace/tabmail/internal/store/postgres/company_console_boundary_test.go:87:0 s=86
  1306: 0x8605d7 M=1 bytes.(*Buffer).ReadBytes /workspace/tabmail-cloud/tools/go/src/bytes/buffer.go:440:0 s=436
             github.com/jackc/pgx/v5/pgproto3.(*ParameterStatus).Decode /workspace/tabmail-cloud/gomod/github.com/jackc/pgx/v5@v5.10.0/pgproto3/parameter_status.go:21:0 s=18
  1307: 0x1770cbe M=1 tabmail/internal/store/postgres_test.TestArchitectureConsoleUsesTenantAndCanonicalAuthority /workspace/tabmail/internal/store/postgres/company_console_boundary_test.go:16:0 s=15
  1308: 0x176b05e M=1 tabmail/internal/store/postgres_test.TestArchitectureOffboardingExpiryAndAuditRollback /workspace/tabmail/internal/store/postgres/company_architecture_test.go:261:0 s=260
  1309: 0xfa2a16 M=1 tabmail/internal/store/postgres.readReceivedPageTx /workspace/tabmail/internal/store/postgres/content_eligibility.go:98:0 s=82
  1310: 0xfbd135 M=1 tabmail/internal/store/postgres.(*PgStore).ListMessageConversation.func1 /workspace/tabmail/internal/store/postgres/mail_conversation.go:32:0 s=19
  1311: 0xfbc824 M=1 tabmail/internal/store/postgres.(*PgStore).companyReadTx /workspace/tabmail/internal/store/postgres/company_members.go:47:0 s=46
             tabmail/internal/store/postgres.(*PgStore).ListMessageConversation /workspace/tabmail/internal/store/postgres/mail_conversation.go:19:0 s=15
  1312: 0x176a7ac M=1 tabmail/internal/store/postgres_test.TestArchitectureIndexLeaseSearchAndConversation /workspace/tabmail/internal/store/postgres/company_architecture_test.go:236:0 s=209
  1313: 0x176828e M=1 tabmail/internal/store/postgres_test.TestArchitectureOffboardingDispositionAndQueueEvidence.func1 /workspace/tabmail/internal/store/postgres/company_architecture_test.go:165:0 s=162
  1314: 0x1768116 M=1 tabmail/internal/store/postgres_test.TestArchitectureOffboardingDispositionAndQueueEvidence.func1 /workspace/tabmail/internal/store/postgres/company_architecture_test.go:163:0 s=162
  1315: 0xad7769 M=1 github.com/jackc/pgx/v5/pgtype.scanPlanTextAnyToString.Scan /workspace/tabmail-cloud/gomod/github.com/jackc/pgx/v5@v5.10.0/pgtype/text.go:190:0 s=184
  1316: 0xa60d61 M=1 github.com/jackc/pgx/v5/pgtype.(*ArrayCodec).decodeBinary /workspace/tabmail-cloud/gomod/github.com/jackc/pgx/v5@v5.10.0/pgtype/array_codec.go:307:0 s=263
  1317: 0xa617e5 M=1 github.com/jackc/pgx/v5/pgtype.(*scanPlanArrayCodec).Scan /workspace/tabmail-cloud/gomod/github.com/jackc/pgx/v5@v5.10.0/pgtype/array_codec.go:374:0 s=360
  1318: 0xb7521b M=1 github.com/jackc/pgx/v5/pgtype.(*wrapPtrSliceScanPlan[go.shape.string]).Scan /workspace/tabmail-cloud/gomod/github.com/jackc/pgx/v5@v5.10.0/pgtype/pgtype.go:995:0 s=994
  1319: 0xfde131 M=1 tabmail/internal/store/postgres.scanOutboundJob /workspace/tabmail/internal/store/postgres/outbound.go:315:0 s=309
  1320: 0xfde52f M=1 tabmail/internal/store/postgres.(*PgStore).GetOutboundJob /workspace/tabmail/internal/store/postgres/outbound.go:343:0 s=342
  1321: 0x1768a9d M=1 tabmail/internal/store/postgres_test.TestArchitectureOffboardingDispositionAndQueueEvidence.func1 /workspace/tabmail/internal/store/postgres/company_architecture_test.go:180:0 s=162
  1322: 0x1765fde M=1 tabmail/internal/store/postgres_test.TestArchitectureOffboardingPreviewFencesChangesAndReplay /workspace/tabmail/internal/store/postgres/company_architecture_test.go:116:0 s=115
  1323: 0xeaec65 M=1 github.com/jackc/pgx/v5/pgxpool.NewWithConfig /workspace/tabmail-cloud/gomod/github.com/jackc/pgx/v5@v5.10.0/pgxpool/pool.go:234:0 s=220
  1324: 0xeaea97 M=1 github.com/jackc/pgx/v5/pgxpool.New /workspace/tabmail-cloud/gomod/github.com/jackc/pgx/v5@v5.10.0/pgxpool/pool.go:216:0 s=210
  1325: 0x17644ce M=1 tabmail/internal/store/postgres_test.TestArchitectureDraftCreationReplayAndTombstone /workspace/tabmail/internal/store/postgres/company_architecture_test.go:78:0 s=74
  1326: 0x17642fe M=1 tabmail/internal/store/postgres_test.TestArchitectureDraftCreationReplayAndTombstone /workspace/tabmail/internal/store/postgres/company_architecture_test.go:75:0 s=74
  1327: 0xeafef7 M=1 github.com/jackc/pgx/v5/pgxpool.NewWithConfig.func3 /workspace/tabmail-cloud/gomod/github.com/jackc/pgx/v5@v5.10.0/pgxpool/pool.go:305:0 s=272
  1328: 0xec25d2 M=1 github.com/jackc/pgx/v5/stdlib.(*Conn).Close /workspace/tabmail-cloud/gomod/github.com/jackc/pgx/v5@v5.10.0/stdlib/sql.go:449:0 s=446
  1329: 0xa1af07 M=1 database/sql.(*driverConn).finalClose.func2 /workspace/tabmail-cloud/tools/go/src/database/sql/sql.go:695:0 s=693
  1330: 0xa1ac4d M=1 database/sql.(*driverConn).finalClose /workspace/tabmail-cloud/tools/go/src/database/sql/sql.go:693:0 s=677
  1331: 0xa1cb9a M=1 database/sql.(*DB).Close /workspace/tabmail-cloud/tools/go/src/database/sql/sql.go:945:0 s=926
  1332: 0xfd57f0 M=1 tabmail/internal/store/postgres.Migrate /workspace/tabmail/internal/store/postgres/migrate.go:83:0 s=28
  1333: 0x1762a3e M=1 tabmail/internal/store/postgres_test.TestArchitectureSentAssetsOutliveQueueAndRemainPrivate /workspace/tabmail/internal/store/postgres/company_architecture_test.go:22:0 s=21
  1334: 0x175febe M=1 tabmail/internal/store/postgres_test.TestAR09OffboardingLocksOwnedMailboxesInIdOrder /workspace/tabmail/internal/store/postgres/ar09_revision_claim_test.go:73:0 s=72
  1335: 0x1053cd5 M=1 tabmail/internal/store/postgres.(*r5UsageDB).open /workspace/tabmail/internal/store/postgres/r5_api_key_usage_test.go:132:0 s=127
  1336: 0x105a453 M=1 tabmail/internal/store/postgres.TestR5APIKeyUsageMigration19.func1 /workspace/tabmail/internal/store/postgres/r5_api_key_usage_test.go:445:0 s=405
  1337: 0x105bc04 M=1 tabmail/internal/store/postgres.TestR5APIKeyUsageMigration19.func1 /workspace/tabmail/internal/store/postgres/r5_api_key_usage_test.go:429:0 s=405
  1338: 0xedbb8c M=1 github.com/pressly/goose/v3/internal/sqlparser.ParseSQLMigration /workspace/goose-buffer-experiment/baseline/internal/sqlparser/parser.go:250:0 s=103
  1339: 0xea9524 M=1 embed.FS.ReadFile /workspace/tabmail-cloud/tools/go/src/embed/embed.go:331:0 s=322
  1340: 0x5260f9 M=1 io/fs.ReadFile /workspace/tabmail-cloud/tools/go/src/io/fs/readfile.go:34:0 s=32
  1341: 0x527a27 M=1 io/fs.(*subFS).ReadFile /workspace/tabmail-cloud/tools/go/src/io/fs/sub.go:111:0 s=106
  1342: 0x105b84d M=1 tabmail/internal/store/postgres.TestR5APIKeyUsageMigration19.func1 /workspace/tabmail/internal/store/postgres/r5_api_key_usage_test.go:420:0 s=405
  1343: 0xc4d84b M=1 github.com/jackc/pgx/v5/internal/stmtcache.NewLRUCache /workspace/tabmail-cloud/gomod/github.com/jackc/pgx/v5@v5.10.0/internal/stmtcache/lru_cache.go:35:0 s=29
             github.com/jackc/pgx/v5.connect /workspace/tabmail-cloud/gomod/github.com/jackc/pgx/v5@v5.10.0/conn.go:293:0 s=243
  1344: 0xc4bbe8 M=1 github.com/jackc/pgx/v5.Connect /workspace/tabmail-cloud/gomod/github.com/jackc/pgx/v5@v5.10.0/conn.go:140:0 s=135
  1345: 0x10531e4 M=1 tabmail/internal/store/postgres.r5UsageEmptyDB /workspace/tabmail/internal/store/postgres/r5_api_key_usage_test.go:94:0 s=86
  1346: 0x105a2f6 M=1 tabmail/internal/store/postgres.TestR5APIKeyUsageMigration19.func1 /workspace/tabmail/internal/store/postgres/r5_api_key_usage_test.go:406:0 s=405
  1347: 0x105b24e M=1 tabmail/internal/store/postgres.TestR5APIKeyUsageMigration19.func1 /workspace/tabmail/internal/store/postgres/r5_api_key_usage_test.go:478:0 s=405
  1348: 0x105ae75 M=1 tabmail/internal/store/postgres.TestR5APIKeyUsageMigration19.func1 /workspace/tabmail/internal/store/postgres/r5_api_key_usage_test.go:469:0 s=405
  1349: 0xa1ed4b M=1 database/sql.(*DB).connectionOpener /workspace/tabmail-cloud/tools/go/src/database/sql/sql.go:1262:0 s=1259
  1350: 0xf08233 M=1 github.com/pressly/goose/v3.(*MigrationResult).String /workspace/goose-buffer-experiment/baseline/provider_types.go:64:0 s=50
  1351: 0x1054048 M=1 tabmail/internal/store/postgres.r5UsageSeed /workspace/tabmail/internal/store/postgres/r5_api_key_usage_test.go:142:0 s=139
  1352: 0x1057d9e M=1 tabmail/internal/store/postgres.TestR5APIKeyUsageTwoPoolsLateObservation /workspace/tabmail/internal/store/postgres/r5_api_key_usage_test.go:328:0 s=327
  1353: 0x1056ffe M=1 tabmail/internal/store/postgres.TestR5APIKeyUsageObservationPairOrder /workspace/tabmail/internal/store/postgres/r5_api_key_usage_test.go:293:0 s=292
  1354: 0x105402a M=1 tabmail/internal/store/postgres.r5UsageSeed /workspace/tabmail/internal/store/postgres/r5_api_key_usage_test.go:141:0 s=139
  1355: 0x1055976 M=1 tabmail/internal/store/postgres.TestR5APIKeyUsageCreateAtomicAndMissing.func1 /workspace/tabmail/internal/store/postgres/r5_api_key_usage_test.go:239:0 s=238
  1356: 0xeddf87 M=1 strings.NewReader /workspace/tabmail-cloud/tools/go/src/strings/reader.go:160:0 s=160
             github.com/pressly/goose/v3/internal/sqlparser.endsWithSemicolon /workspace/goose-buffer-experiment/baseline/internal/sqlparser/parser.go:381:0 s=375
  1357: 0x104fbee M=1 tabmail/internal/store/postgres.TestMigrateAppliesCleanly /workspace/tabmail/internal/store/postgres/migrate_integration_test.go:29:0 s=16
  1358: 0xed9424 M=1 github.com/pressly/goose/v3/internal/sqlparser.init.func1 /workspace/goose-buffer-experiment/baseline/internal/sqlparser/parser.go:88:0 s=87
  1359: 0xeda684 M=1 github.com/pressly/goose/v3/internal/sqlparser.ParseSQLMigration /workspace/goose-buffer-experiment/baseline/internal/sqlparser/parser.go:104:0 s=103
  1360: 0x5b2f24 M=1 context.withCancel /workspace/tabmail-cloud/tools/go/src/context/context.go:277:0 s=273
             context.WithCancel /workspace/tabmail-cloud/tools/go/src/context/context.go:241:0 s=240
  1361: 0xa2e184 M=1 database/sql.(*Rows).initContextClose /workspace/tabmail-cloud/tools/go/src/database/sql/sql.go:2994:0 s=2987
  1362: 0xa2536c M=1 database/sql.(*DB).queryDC /workspace/tabmail-cloud/tools/go/src/database/sql/sql.go:1800:0 s=1771
  1363: 0xa24825 M=1 database/sql.(*DB).query /workspace/tabmail-cloud/tools/go/src/database/sql/sql.go:1764:0 s=1758
  1364: 0x104d504 M=1 tabmail/internal/store/postgres.TestP0BaselineDoesNotDropHistoricalGrants /workspace/tabmail/internal/store/postgres/company_p0_test.go:13:0 s=8
  1365: 0x70efca M=1 regexp.mergeRuneSets.func2 /workspace/tabmail-cloud/tools/go/src/regexp/onepass.go:182:0 s=178
             regexp.mergeRuneSets /workspace/tabmail-cloud/tools/go/src/regexp/onepass.go:194:0 s=158
  1366: 0x711a98 M=1 regexp.makeOnePass.func1 /workspace/tabmail-cloud/tools/go/src/regexp/onepass.go:336:0 s=308
  1367: 0x710ef9 M=1 regexp.makeOnePass /workspace/tabmail-cloud/tools/go/src/regexp/onepass.go:442:0 s=293
  1368: 0x714c7a M=1 regexp.compileOnePass /workspace/tabmail-cloud/tools/go/src/regexp/onepass.go:502:0 s=459
  1369: 0x715231 M=1 regexp.compile /workspace/tabmail-cloud/tools/go/src/regexp/regexp.go:187:0 s=167
  1370: 0x716728 M=1 regexp.Compile /workspace/tabmail-cloud/tools/go/src/regexp/regexp.go:131:0 s=130
             regexp.MustCompile /workspace/tabmail-cloud/tools/go/src/regexp/regexp.go:311:0 s=310
  1371: 0xd65455 M=1 github.com/microcosm-cc/bluemonday.UGCPolicy /workspace/tabmail-cloud/gomod/github.com/microcosm-cc/bluemonday@v1.0.27/policies.go:159:0 s=54
  1372: 0xd7258a M=1 tabmail/internal/sanitize.init /workspace/tabmail/internal/sanitize/html.go:20:0 s=1
  1373: 0x493c54 M=1 runtime.doInit1 /workspace/tabmail-cloud/tools/go/src/runtime/proc.go:7670:0 s=7641
  1374: 0x4845af M=1 runtime.doInit /workspace/tabmail-cloud/tools/go/src/runtime/proc.go:7637:0 s=7635
             runtime.main /workspace/tabmail-cloud/tools/go/src/runtime/proc.go:256:0 s=148
  1375: 0x6f28a5 M=1 regexp/syntax.(*parser).newRegexp /workspace/tabmail-cloud/tools/go/src/regexp/syntax/parse.go:147:0 s=141
             regexp/syntax.(*parser).literal /workspace/tabmail-cloud/tools/go/src/regexp/syntax/parse.go:369:0 s=368
  1376: 0x6f9133 M=1 regexp/syntax.parse /workspace/tabmail-cloud/tools/go/src/regexp/syntax/parse.go:931:0 s=891
  1377: 0x7151a4 M=1 regexp/syntax.Parse /workspace/tabmail-cloud/tools/go/src/regexp/syntax/parse.go:888:0 s=887
             regexp.compile /workspace/tabmail-cloud/tools/go/src/regexp/regexp.go:168:0 s=167
  1378: 0xd61419 M=1 github.com/microcosm-cc/bluemonday.init /workspace/tabmail-cloud/gomod/github.com/microcosm-cc/bluemonday@v1.0.27/helpers.go:119:0 s=1
  1379: 0x1085811 M=1 github.com/jhillyerd/enmime/v2/internal/coding.init /workspace/tabmail/third_party/enmime-v2.3.0/internal/coding/charsets.go:27:0 s=1
  1380: 0x7062f7 M=1 regexp/syntax.(*Regexp).Simplify /workspace/tabmail-cloud/tools/go/src/regexp/syntax/simplify.go:87:0 s=14
  1381: 0x707264 M=1 regexp/syntax.(*Regexp).Simplify /workspace/tabmail-cloud/tools/go/src/regexp/syntax/simplify.go:23:0 s=14
  1382: 0x7151eb M=1 regexp.compile /workspace/tabmail-cloud/tools/go/src/regexp/regexp.go:175:0 s=167
  1383: 0xd2b50c M=1 github.com/microcosm-cc/bluemonday/css.init /workspace/tabmail-cloud/gomod/github.com/microcosm-cc/bluemonday@v1.0.27/css/handlers.go:312:0 s=1
  1384: 0xd27e44 M=1 regexp.(*Regexp).doMatch /workspace/tabmail-cloud/tools/go/src/regexp/exec.go:514:0 s=513
             regexp.(*Regexp).MatchString /workspace/tabmail-cloud/tools/go/src/regexp/regexp.go:527:0 s=526
             github.com/gorilla/css/scanner.init.0 /workspace/tabmail-cloud/gomod/github.com/gorilla/css@v1.0.1/scanner/scanner.go:182:0 s=176
  1385: 0x6f3185 M=1 regexp/syntax.(*parser).newRegexp /workspace/tabmail-cloud/tools/go/src/regexp/syntax/parse.go:147:0 s=141
             regexp/syntax.(*parser).repeat /workspace/tabmail-cloud/tools/go/src/regexp/syntax/parse.go:427:0 s=404
  1386: 0x6f9064 M=1 regexp/syntax.parse /workspace/tabmail-cloud/tools/go/src/regexp/syntax/parse.go:988:0 s=891
  1387: 0xd27d3e M=1 github.com/gorilla/css/scanner.init.0 /workspace/tabmail-cloud/gomod/github.com/gorilla/css@v1.0.1/scanner/scanner.go:185:0 s=176
  1388: 0x718117 M=1 regexp.(*Regexp).ReplaceAllStringFunc /workspace/tabmail-cloud/tools/go/src/regexp/regexp.go:597:0 s=596
  1389: 0xd27df6 M=1 github.com/gorilla/css/scanner.init.0 /workspace/tabmail-cloud/gomod/github.com/gorilla/css@v1.0.1/scanner/scanner.go:183:0 s=176
  1390: 0x48e5e4 M=1 runtime.malg /workspace/tabmail-cloud/tools/go/src/runtime/proc.go:5137:0 s=5136
  1391: 0x48e858 M=1 runtime.newproc1 /workspace/tabmail-cloud/tools/go/src/runtime/proc.go:5185:0 s=5176
  1392: 0x48e784 M=1 runtime.newproc.func1 /workspace/tabmail-cloud/tools/go/src/runtime/proc.go:5162:0 s=5161
  1393: 0x4c3b69 M=1 runtime.systemstack /workspace/tabmail-cloud/tools/go/src/runtime/asm_amd64.s:513:0 s=482
Mappings
1: 0x400000/0x1b3f000/0x0 /workspace/goose-buffer-experiment/baseline-pg.test e655f3a0fb760815f08d692149f48786abe2f144 [FN]
2: 0x7f3201d9c000/0x7f3201eff000/0x28000 /usr/lib/x86_64-linux-gnu/libc.so.6 c495b62edadd6c356265942ec1282d98058a7b41 
3: 0x7f3201f93000/0x7f3201f95000/0x0 [vdso]  
4: 0x7f3201f96000/0x7f3201fbe000/0x1000 /usr/lib/x86_64-linux-gnu/ld-linux-x86-64.so.2 c591a5df63f461bfdafb01908ca16845b375fa37 
