PeriodType: space bytes
Period: 524288
Time: 2026-10-03 21:09:07.664976164 +0000 UTC
Samples:
alloc_objects/count alloc_space/bytes[dflt] inuse_objects/count inuse_space/bytes
      32768     524296          0          0: 1 2 3 4 5 6 7 8 9 10 11 12 13 14 15 
                bytes:[16]
        683     524672          0          0: 16 17 18 19 20 21 22 23 24 25 26 27 28 29 30 31 32 33 34 35 15 
                bytes:[768]
      10923     524312          0          0: 36 37 38 39 40 41 42 43 44 31 32 33 34 35 15 
                bytes:[48]
         19     538038          0          0: 45 46 47 48 49 50 51 52 53 54 31 32 33 34 35 15 
                bytes:[27264]
       1260     524496          0          0: 55 56 15 
                bytes:[416]
       4096     524352          0          0: 57 58 2 3 4 5 6 7 8 9 59 60 61 62 63 64 65 34 35 15 
                bytes:[128]
       8192     524320          0          0: 66 67 68 69 70 71 
                bytes:[64]
         19     538038          0          0: 72 46 47 48 49 50 51 52 53 54 31 32 33 34 35 15 
                bytes:[27264]
       8192     524320          0          0: 73 74 75 76 77 78 79 34 35 15 
                bytes:[64]
       2048     524416          0          0: 80 81 82 83 84 85 86 87 88 89 63 90 91 34 35 15 
                bytes:[256]
       4681     524344          0          0: 92 93 94 95 96 97 
                bytes:[112]
       1820     524432          0          0: 98 99 59 60 61 100 101 102 103 
                bytes:[288]
       3641     524360          0          0: 104 105 63 106 107 108 14 15 
                bytes:[144]
      16384     524304          0          0: 109 58 2 3 4 5 6 7 8 9 59 60 61 110 63 90 91 34 35 15 
                bytes:[32]
       2048     524416          0          0: 111 112 63 113 114 34 115 15 
                bytes:[256]
       1820     524432          0          0: 98 99 10 11 116 117 15 
                bytes:[288]
       4096     524352          0          0: 57 58 2 3 4 5 6 7 8 9 59 60 61 100 101 118 119 120 15 
                bytes:[128]
         86    1060911          0          0: 121 122 123 124 125 117 15 
                bytes:[12288]
       2731     524384          0          0: 126 127 128 129 130 131 15 
                bytes:[192]
      10923     524312          0          0: 132 4 5 6 7 8 9 59 60 61 133 105 63 106 134 131 15 
                bytes:[48]
         18     538754          0          0: 121 122 123 124 125 135 15 
                bytes:[28672]
      21845     524300          0          0: 136 137 58 2 3 4 5 6 7 8 9 59 60 61 138 139 63 140 141 142 15 
                bytes:[24]
       1820     524432          0          0: 98 99 59 60 61 138 105 63 106 107 143 15 
                bytes:[288]
         21     536671          0          0: 121 122 123 124 125 144 15 
                bytes:[24576]
       1170     524512          0          0: 145 146 15 
                bytes:[448]
        745     524640          0          0: 147 148 149 150 59 60 61 151 105 63 106 107 143 15 
                bytes:[704]
         19     538038          0          0: 121 122 123 124 125 135 15 
                bytes:[27264]
       2521     524392          0          0: 152 153 154 155 58 2 3 4 5 6 7 8 9 59 60 61 133 105 63 106 107 143 15 
                bytes:[208]
       3277     524368          0          0: 156 157 105 63 106 107 108 142 15 
                bytes:[160]
       1820     524432          0          0: 158 105 63 106 134 131 15 
                bytes:[288]
      16384     524304          0          0: 109 58 2 3 4 5 6 7 8 9 59 60 61 159 63 160 161 15 
                bytes:[32]
       2731     524384          0          0: 126 127 128 160 162 131 15 
                bytes:[192]
       2048     524416          0          0: 163 164 165 166 167 168 169 65 34 170 15 
                bytes:[256]
       2521     524392          0          0: 171 172 43 44 31 32 33 34 170 15 
                bytes:[208]
      32768     524296          0          0: 173 174 175 176 177 178 179 180 4 5 6 7 8 9 59 60 61 181 128 160 161 15 
                bytes:[16]
         24     535243          0          0: 121 122 123 124 125 135 15 
                bytes:[21760]
      32768     524296          0          0: 182 178 179 180 4 5 6 7 8 9 10 11 12 13 142 15 
                bytes:[16]
       1820     524432          0          0: 98 99 59 60 61 183 157 105 63 106 107 143 15 
                bytes:[288]
         27     533881          0          0: 121 122 123 124 125 135 15 
                bytes:[19072]
       1820     524432          0          0: 158 139 63 140 141 142 15 
                bytes:[288]
         28     533557          0          0: 121 122 123 124 125 144 15 
                bytes:[18432]
         66    2163370          0          0: 184 153 185 186 187 188 189 190 191 148 149 150 10 11 116 135 15 
                bytes:[32768]
        745     524640          0          0: 192 193 15 
                bytes:[704]
       1024     524544          0          0: 16 17 18 19 20 21 22 23 24 25 26 27 28 29 30 31 32 33 194 15 
                bytes:[512]
      16384     524304          0          0: 195 196 180 4 5 6 7 8 9 59 60 61 100 101 64 65 197 15 
                bytes:[32]
        128     526338          0          0: 198 199 200 15 
                bytes:[4096]
      65536     524292          0          0: 201 202 203 204 205 206 207 208 206 209 210 211 15 
                bytes:[8]
       1820     524432          0          0: 98 99 59 60 61 62 63 64 65 212 15 
                bytes:[288]
      32768     524296          0          0: 213 214 122 123 124 215 216 217 15 
                bytes:[16]
        585     524736          0          0: 218 219 188 189 220 221 222 223 10 11 224 225 226 227 228 229 227 230 227 231 227 232 233 227 228 234 235 15 
                bytes:[896]
       2521     524392          0          0: 236 69 237 71 
                bytes:[208]
       1820     524432          0          0: 98 99 238 239 240 241 242 243 50 51 52 53 54 31 32 33 244 15 
                bytes:[288]
       2731     524384          0          0: 245 123 246 127 128 247 248 227 249 227 250 227 251 252 227 249 227 251 252 227 249 227 253 227 254 227 255 227 228 229 227 230 227 231 227 232 233 227 228 256 257 15 
                bytes:[192]
        128     526338          0          0: 198 199 257 15 
                bytes:[4096]
       3641     524360          0          0: 258 259 
                bytes:[144]
      32768     524296          0          0: 260 63 90 91 261 15 
                bytes:[16]
       2521     524392          0          0: 152 153 154 262 22 23 24 25 26 27 28 29 30 31 32 33 261 15 
                bytes:[208]
      32768     524296          0          0: 263 264 265 266 267 268 269 270 271 63 272 273 274 275 227 276 227 277 227 278 249 227 251 252 227 249 227 253 227 254 227 255 227 228 229 227 230 227 231 227 232 233 227 228 279 
                bytes:[16]
      32768     524296          0          0: 280 3 4 5 6 7 8 281 282 75 76 77 283 284 285 286 15 
                bytes:[16]
       4681     524344          0          0: 92 93 287 288 150 10 11 289 290 15 
                bytes:[112]
        455     524864          0          0: 291 292 293 294 295 46 47 48 49 50 51 52 53 54 31 32 33 296 15 
                bytes:[1152]
       1820     524432          0          0: 98 99 10 11 297 298 299 300 
                bytes:[288]
      10923     524312          0          0: 301 302 303 123 304 112 63 113 114 296 15 
                bytes:[48]
        341     525056          0          0: 305 69 70 71 
                bytes:[1536]
       3277     524368          0          0: 306 243 50 51 52 53 54 31 32 33 307 15 
                bytes:[160]
      10923     524312          0          0: 308 309 223 238 239 240 241 242 310 311 312 313 314 315 316 317 318 319 320 321 322 323 324 30 31 32 33 307 15 
                bytes:[48]
        745    1049984          0          0: 325 293 294 295 46 326 327 
                bytes:[1408]
      10923     524312          0          0: 328 329 69 237 71 
                bytes:[48]
        819     524608          0          0: 330 331 284 285 332 15 
                bytes:[640]
        585     524736          0          0: 16 17 18 19 20 21 22 23 24 25 26 27 28 29 30 31 32 33 307 15 
                bytes:[896]
       4681     524344          0          0: 333 69 237 71 
                bytes:[112]
       2521     524392          0          0: 152 153 154 262 22 23 24 25 26 27 28 29 30 31 32 33 307 15 
                bytes:[208]
       1260     524496          0          0: 334 42 43 44 31 32 33 307 15 
                bytes:[416]
         19     538038          0          0: 72 46 47 48 49 50 51 52 53 54 31 32 33 307 15 
                bytes:[27264]
       4096     524352          0          0: 57 58 2 3 4 5 6 7 8 9 59 60 61 335 79 307 15 
                bytes:[128]
       1170     524512          0          0: 16 17 18 19 20 21 22 23 24 25 26 27 28 29 30 31 32 33 307 15 
                bytes:[448]
         78    2152152          0          0: 45 46 47 48 49 50 51 52 53 54 31 32 33 307 15 
                bytes:[27264]
        455     524864          0          0: 336 219 188 189 190 191 148 149 150 59 337 338 339 271 63 272 340 341 15 
                bytes:[1152]
        585     524736          0          0: 342 7 8 281 282 75 76 77 343 331 284 344 345 15 
                bytes:[896]
       3277     524368          0          0: 346 81 67 68 69 70 71 
                bytes:[160]
       3277     524368          0          0: 347 203 348 349 350 351 206 209 352 353 15 
                bytes:[160]
      10923     524312          0          0: 354 355 356 357 358 359 360 32 33 361 362 15 
                bytes:[48]
      32768     524296          0          0: 213 214 122 123 363 63 364 365 366 227 249 227 250 227 251 252 227 249 227 251 252 227 249 227 253 227 254 227 255 227 228 229 227 230 227 231 227 232 233 227 228 367 368 15 
                bytes:[16]
      16384     524304          0          0: 369 303 123 124 246 370 371 361 362 15 
                bytes:[32]
      32768     524296          0          0: 372 2 3 4 5 6 7 8 281 282 75 76 77 373 374 63 64 65 361 362 15 
                bytes:[16]
       1170     524512          0          0: 16 17 18 19 20 21 22 23 24 25 26 27 28 29 30 31 32 33 361 362 15 
                bytes:[448]
         19     538038          0          0: 45 46 47 48 49 50 51 52 53 54 31 32 33 361 362 15 
                bytes:[27264]
        683     524672          0          0: 375 22 23 24 25 26 27 28 29 30 31 32 33 361 376 15 
                bytes:[768]
       2341     524400          0          0: 236 69 70 71 
                bytes:[224]
       8192     524320          0          0: 377 378 379 28 29 30 31 32 33 361 376 15 
                bytes:[64]
       2048     524416          0          0: 380 29 30 31 32 33 361 376 15 
                bytes:[256]
      32768     524296          0          0: 381 382 383 384 33 361 376 15 
                bytes:[16]
        512     524800          0          0: 385 386 387 388 389 75 390 391 392 241 393 394 395 23 24 25 26 27 28 29 30 31 32 33 361 396 15 
                bytes:[1024]
        410     524928          0          0: 375 22 23 24 25 26 27 28 29 30 31 32 33 361 396 15 
                bytes:[1280]
      32768     524296          0          0: 397 2 3 4 5 6 7 8 9 59 60 61 398 63 364 365 366 227 249 227 250 227 251 252 227 249 227 251 252 227 249 227 253 227 254 227 255 227 228 229 227 230 227 231 227 232 233 227 228 367 399 15 
                bytes:[16]
       2048     524416          0          0: 400 123 124 304 401 402 366 227 249 227 250 227 251 252 227 249 227 251 252 227 249 227 253 227 254 227 255 227 228 229 227 230 227 231 227 232 233 227 228 367 403 15 
                bytes:[256]
       3641     524360          0          0: 404 405 203 406 352 407 15 
                bytes:[144]
       2521     524392          0          0: 152 153 154 262 408 409 410 411 25 26 27 28 29 30 31 32 33 361 396 15 
                bytes:[208]
       4096     524352          0          0: 80 81 67 68 69 70 71 
                bytes:[128]
        195     525633          0          0: 412 413 414 221 222 223 59 337 338 339 271 63 272 340 415 416 417 227 249 227 250 227 251 252 227 249 227 251 252 227 249 227 253 227 254 227 255 227 228 229 227 230 227 231 227 232 233 227 228 367 403 15 
                bytes:[2688]
       4096     524352          0          0: 57 58 2 3 4 5 6 7 8 9 59 60 61 398 63 364 418 227 249 227 250 227 251 252 227 249 227 251 252 227 249 227 253 227 254 227 255 227 228 229 227 230 227 231 227 232 233 227 228 256 419 420 15 
                bytes:[128]
      21845     524300          0          0: 421 422 423 424 425 350 351 206 209 352 407 15 
                bytes:[24]
      10923     524312          0          0: 72 46 326 327 
                bytes:[48]
       2731     524384          0          0: 126 127 426 427 428 429 15 
                bytes:[192]
       4681     524344          0          0: 92 93 287 288 430 282 75 76 77 373 431 432 428 429 15 
                bytes:[112]
      32768     524296          0          0: 433 93 434 388 389 75 435 436 437 90 438 428 429 15 
                bytes:[16]
        410     524928          0          0: 375 22 23 24 25 26 27 28 29 30 31 32 439 428 429 15 
                bytes:[1280]
        341     525056          0          0: 440 441 442 388 389 75 390 391 392 241 393 394 395 23 24 25 26 27 28 29 30 31 32 439 428 429 15 
                bytes:[1536]
       4681     524344          0          0: 443 287 288 150 10 11 444 445 428 446 15 
                bytes:[112]
       7282    1048720          0          0: 236 69 70 71 
                bytes:[144]
       1820     524432          0          0: 98 99 10 11 444 445 428 447 15 
                bytes:[288]
        341     525056          0          0: 448 69 70 71 
                bytes:[1536]
      21845     524300          0          0: 449 46 326 327 
                bytes:[24]
      32768     524296          0          0: 450 4 451 4 5 6 7 8 9 59 60 61 62 63 64 452 428 453 15 
                bytes:[16]
       2185     524408          0          0: 448 69 70 71 
                bytes:[240]
         19     538038          0          0: 72 46 47 48 49 50 51 52 53 54 31 32 439 428 453 15 
                bytes:[27264]
       4681     524344          0          0: 454 455 456 457 458 293 294 295 46 326 327 
                bytes:[112]
      16384     524304          0          0: 195 196 180 4 5 6 7 8 9 59 60 61 459 63 64 452 428 453 15 
                bytes:[32]
        819     524608          0          0: 460 461 221 462 75 463 464 465 466 428 453 15 
                bytes:[640]
       4681     524344          0          0: 443 287 288 150 59 60 61 467 468 63 64 452 428 469 15 
                bytes:[112]
       4681     524344          0          0: 443 470 221 462 75 76 77 471 427 428 469 15 
                bytes:[112]
      10923     524312          0          0: 301 302 303 123 124 304 472 445 428 469 15 
                bytes:[48]
      21845     524300          0          0: 121 122 123 246 127 128 473 474 428 469 15 
                bytes:[24]
      16384     524304          0          0: 475 175 176 177 178 179 180 4 5 6 7 8 9 59 60 61 476 432 428 469 15 
                bytes:[32]
       2048     524416          0          0: 346 81 82 83 84 85 86 87 88 374 63 64 452 428 469 15 
                bytes:[256]
         16     540842          0          0: 477 153 478 479 480 481 
                bytes:[32768]
       3641     524360          0          0: 404 405 203 348 482 206 207 208 206 209 483 484 15 
                bytes:[144]
       2521     524392          0          0: 152 153 154 155 58 2 3 4 5 6 7 8 9 59 60 61 485 486 63 473 474 487 484 15 
                bytes:[208]
       3277     524368          0          0: 488 489 490 203 204 491 206 207 208 206 209 483 484 15 
                bytes:[160]
         11     549247          0          0: 121 122 123 124 492 493 15 
                bytes:[49152]
      10923     524312          0          0: 308 309 223 10 11 494 495 496 497 227 228 229 227 230 227 231 227 232 233 227 228 498 499 
                bytes:[48]
       2048     524416          0          0: 500 501 484 15 
                bytes:[256]
      16384     524304          0          0: 109 58 2 3 4 5 6 7 8 9 59 60 61 335 432 487 484 15 
                bytes:[32]
      16384     524304          0          0: 475 175 176 177 178 179 180 4 5 6 7 8 9 59 60 61 502 63 90 438 487 484 15 
                bytes:[32]
      32768     524296          0          0: 433 93 287 288 430 282 75 76 77 373 431 432 487 484 15 
                bytes:[16]
       2521     524392          0          0: 152 153 154 262 22 23 24 25 26 27 28 29 30 31 32 439 487 484 15 
                bytes:[208]
       1820     524432          0          0: 98 99 59 60 61 503 504 505 506 63 507 508 509 227 249 227 250 227 251 252 227 249 227 251 252 227 249 227 253 227 510 227 255 227 228 229 227 230 227 231 227 232 233 227 228 498 499 
                bytes:[288]
       2048     524416          0          0: 511 282 75 76 77 512 374 63 64 452 487 484 15 
                bytes:[256]
         19     538038          0          0: 72 46 47 48 49 50 51 52 53 54 31 32 439 487 484 15 
                bytes:[27264]
       2048     524416          0          0: 346 81 82 83 84 85 86 87 88 374 63 64 452 487 484 15 
                bytes:[256]
      32768     524296          0          0: 173 174 175 176 177 178 179 180 4 5 6 7 8 9 59 60 61 100 513 432 487 484 15 
                bytes:[16]
       4681     524344          0          0: 92 93 287 288 430 282 75 463 464 514 515 487 484 15 
                bytes:[112]
       4681     524344          0          0: 443 470 221 462 75 76 77 516 517 427 487 484 15 
                bytes:[112]
       1024     524544          0          0: 518 519 483 484 15 
                bytes:[512]
       4681     524344          0          0: 443 287 288 150 59 60 61 520 63 113 521 487 484 15 
                bytes:[112]
       4681     524344          0          0: 92 93 287 288 150 59 60 61 522 432 487 484 15 
                bytes:[112]
       4681     524344          0          0: 443 287 288 150 59 60 61 523 486 63 473 474 487 484 15 
                bytes:[112]
       4096     524352          0          0: 524 525 526 527 528 529 530 531 484 15 
                bytes:[128]
       2048     524416          0          0: 400 123 304 532 486 63 473 474 487 484 15 
                bytes:[256]
       4096     524352          0          0: 57 58 2 3 4 5 6 7 8 9 59 60 61 485 533 63 534 535 487 484 15 
                bytes:[128]
       4681     524344          0          0: 443 287 288 150 59 60 61 467 536 63 113 521 487 484 15 
                bytes:[112]
       4681     524344          0          0: 375 22 23 24 25 26 27 28 29 30 31 32 439 487 484 15 
                bytes:[112]
        512     524800          0          0: 385 386 387 388 389 75 390 391 392 241 393 394 395 23 24 25 26 27 28 29 30 31 32 439 487 484 15 
                bytes:[1024]
       8192     524320          0          0: 537 309 223 59 60 61 538 63 507 508 509 227 249 227 250 227 251 252 227 249 227 251 252 227 249 227 253 227 510 227 255 227 228 229 227 230 227 231 227 232 233 227 228 498 499 
                bytes:[64]
       3641     524360          0          0: 404 405 203 348 539 350 351 206 209 483 484 15 
                bytes:[144]
       1820     524432          0          0: 98 99 59 60 61 522 432 487 484 15 
                bytes:[288]
       4681     524344          0          0: 443 287 288 430 282 75 76 77 512 431 432 487 484 15 
                bytes:[112]
       3277     524368          0          0: 347 203 204 540 206 207 208 206 209 483 484 15 
                bytes:[160]
      10923     524312          0          0: 541 542 543 544 90 438 487 484 15 
                bytes:[48]
        455     524864          0          0: 375 22 23 24 25 26 27 28 29 30 31 32 439 487 484 15 
                bytes:[1152]
       4681     524344          0          0: 443 287 288 150 59 60 61 181 128 534 535 487 484 15 
                bytes:[112]
       6554     524328          0          0: 545 546 547 548 26 27 28 29 30 31 32 439 487 484 15 
                bytes:[80]
       6554     524328          0          0: 549 221 462 75 76 77 550 63 534 535 487 484 15 
                bytes:[80]
        410     524928          0          0: 80 81 67 68 69 70 71 
                bytes:[1280]
          8     557738          0          0: 184 153 185 186 187 188 189 190 191 148 149 150 10 11 551 493 15 
                bytes:[65536]
         17    1115476          0          0: 184 153 185 186 187 188 189 190 191 148 149 150 10 11 551 552 15 
                bytes:[65536]
       1820     524432          0          0: 98 99 10 11 553 554 487 484 15 
                bytes:[288]
       2521     524392          0          0: 152 153 154 155 58 2 3 4 5 6 7 8 9 59 60 61 459 63 64 452 487 484 15 
                bytes:[208]
        683     524672          0          0: 16 17 18 19 20 21 22 23 24 25 26 27 28 29 30 31 32 439 487 484 15 
                bytes:[768]
       2979    1048928          0          0: 555 556 326 327 
                bytes:[352]
       5461     524336          0          0: 557 558 559 206 209 483 560 15 
                bytes:[96]
      10923     524312          0          0: 132 4 5 6 7 8 9 59 60 61 459 63 64 452 487 560 15 
                bytes:[48]
       3277     524368          0          0: 561 374 63 64 452 487 560 15 
                bytes:[160]
      10923     524312          0          0: 308 309 223 59 60 61 562 563 63 507 564 15 
                bytes:[48]
      21845     524300          0          0: 565 178 179 180 4 5 6 7 8 9 59 60 61 566 504 567 568 63 507 569 570 15 
                bytes:[24]
         37     531488          0          0: 121 122 123 124 492 571 15 
                bytes:[14336]
      65536     524292          0          0: 572 504 567 573 63 574 575 15 
                bytes:[8]
        341     525056          0          0: 440 441 442 388 389 75 390 391 392 241 393 394 395 23 24 25 26 27 28 29 30 31 32 33 576 577 15 
                bytes:[1536]
       3277     524368          0          0: 578 139 63 140 579 580 15 
                bytes:[160]
         19     538038          0          0: 45 46 47 48 49 50 51 52 53 54 31 32 33 576 577 15 
                bytes:[27264]
        410     524928          0          0: 73 309 223 10 11 551 581 15 
                bytes:[1280]
       2521     524392          0          0: 152 153 154 262 22 23 24 25 26 27 28 29 30 31 32 33 576 577 15 
                bytes:[208]
       2731     524384          0          0: 333 69 70 71 
                bytes:[192]
      32768     524296          0          0: 582 583 4 5 6 7 8 9 59 60 61 584 585 586 63 574 587 15 
                bytes:[16]
      32768     524296          0          0: 588 589 590 293 294 295 46 326 327 
                bytes:[16]
       4096     524352          0          0: 57 58 2 3 4 5 6 7 8 281 282 75 76 77 373 591 63 507 569 592 15 
                bytes:[128]
      10923     524312          0          0: 593 594 88 431 79 576 577 15 
                bytes:[48]
       7282    1048720          0          0: 375 22 23 24 25 26 27 28 29 30 31 32 33 576 577 15 
                bytes:[144]
        745     524640          0          0: 16 17 18 19 20 21 22 23 24 25 26 27 28 29 30 31 32 33 576 577 15 
                bytes:[704]
      32768     524296          0          0: 595 23 24 25 26 27 28 29 30 31 32 33 576 577 15 
                bytes:[16]
       4096     524352          0          0: 346 81 596 597 84 85 86 87 88 598 63 140 579 580 15 
                bytes:[128]
        745     524640          0          0: 147 148 149 150 59 60 61 151 105 63 106 599 600 15 
                bytes:[704]
       2521     524392          0          0: 152 153 154 155 58 2 3 4 5 6 7 8 9 59 60 61 522 79 576 577 15 
                bytes:[208]
       4096     524352          0          0: 375 22 23 24 25 26 27 28 29 30 31 32 33 576 577 15 
                bytes:[128]
         32     532522          0          0: 184 153 185 186 187 188 189 190 191 148 149 150 10 11 551 581 15 
                bytes:[16384]
      10923     524312          0          0: 601 46 326 327 
                bytes:[48]
      16384     524304          0          0: 602 394 395 23 24 25 26 27 28 29 30 31 32 33 576 577 15 
                bytes:[32]
        410     524928          0          0: 375 22 23 24 25 26 27 28 29 30 31 32 33 576 577 15 
                bytes:[1280]
       2341     524400          0          0: 448 69 70 71 
                bytes:[224]
      10923     524312          0          0: 603 504 567 573 63 574 604 15 
                bytes:[48]
       2521     524392          0          0: 605 606 93 94 95 96 97 
                bytes:[208]
       5958    1048752          0          0: 236 69 70 71 
                bytes:[176]
        819     524608          0          0: 80 81 67 68 69 70 71 
                bytes:[640]
         26     534594          0          0: 121 122 123 124 492 607 15 
                bytes:[20480]
       5461     524336          0          0: 608 89 63 90 91 576 609 15 
                bytes:[96]
        910     524576          0          0: 16 17 18 19 20 21 22 23 24 25 26 27 28 29 30 31 32 33 576 609 15 
                bytes:[576]
         16     540842          0          0: 184 153 185 186 187 188 189 190 191 148 149 150 10 11 551 610 15 
                bytes:[32768]
      10923     524312          0          0: 611 612 214 122 123 246 127 128 129 613 15 
                bytes:[48]
      10923     524312          0          0: 593 594 614 504 505 586 63 574 615 15 
                bytes:[48]
        910     524576          0          0: 346 81 67 68 69 70 71 
                bytes:[576]
         28     533557          0          0: 121 122 123 124 492 607 15 
                bytes:[18432]
         16     540842          0          0: 184 153 185 186 187 188 189 190 191 148 149 150 10 11 551 616 15 
                bytes:[32768]
      10923     524312          0          0: 617 618 619 303 123 620 157 621 63 102 622 623 15 
                bytes:[48]
      10923     524312          0          0: 624 583 4 5 6 7 8 9 59 60 61 584 625 63 574 626 15 
                bytes:[48]
         16     540842          0          0: 184 153 185 186 187 188 189 190 191 148 149 150 10 11 551 627 15 
                bytes:[32768]
      21845     524300          0          0: 628 63 574 629 15 
                bytes:[24]
       1820     524432          0          0: 630 88 374 63 64 65 576 631 15 
                bytes:[288]
       1024     524544          0          0: 375 22 23 24 25 26 27 28 29 30 31 32 33 576 631 15 
                bytes:[512]
        910     524576          0          0: 375 22 23 24 25 26 27 28 29 30 31 32 33 576 632 15 
                bytes:[576]
         28     533557          0          0: 121 122 123 124 492 633 15 
                bytes:[18432]
        745     524640          0          0: 305 69 70 71 
                bytes:[704]
       1820     524432          0          0: 630 88 591 63 507 569 634 15 
                bytes:[288]
        585     524736          0          0: 336 219 188 189 190 191 148 149 150 59 60 61 100 101 90 91 576 632 15 
                bytes:[896]
        910     524576          0          0: 80 81 67 68 69 70 71 
                bytes:[576]
       8192     524320          0          0: 635 378 379 28 29 30 31 32 33 576 632 15 
                bytes:[64]
      10923     524312          0          0: 636 176 177 178 179 180 4 5 6 7 8 281 282 75 76 77 637 79 576 632 15 
                bytes:[48]
       1092     524528          0          0: 16 17 18 19 20 21 22 23 24 25 26 27 28 29 30 31 32 33 576 632 15 
                bytes:[480]
        683     524672          0          0: 375 22 23 24 25 26 27 28 29 30 31 32 33 576 632 15 
                bytes:[768]
       1365     524480          0          0: 638 221 222 223 59 60 61 639 568 63 507 569 634 15 
                bytes:[384]
       1820     524432          0          0: 98 99 59 60 61 566 640 505 506 63 507 569 634 15 
                bytes:[288]
       2731     524384          0          0: 126 370 371 576 632 15 
                bytes:[192]
      32768     524296          0          0: 641 642 643 644 3 4 5 6 7 8 9 59 60 61 502 63 90 91 576 632 15 
                bytes:[16]
      16384     524304          0          0: 602 394 395 23 24 25 26 27 28 29 30 31 32 33 576 632 15 
                bytes:[32]
         19     538038          0          0: 72 46 47 48 49 50 51 52 53 54 31 32 33 576 632 15 
                bytes:[27264]
        512     524800          0          0: 375 22 23 24 25 26 27 28 29 30 31 32 33 576 632 15 
                bytes:[1024]
      10923     524312          0          0: 375 645 646 28 29 30 31 32 33 576 632 15 
                bytes:[48]
      32768     524296          0          0: 647 648 395 23 24 25 26 27 28 29 30 31 32 33 576 632 15 
                bytes:[16]
       1821    1049152          0          0: 649 650 293 294 295 46 326 327 
                bytes:[576]
      10923     524312          0          0: 132 4 5 6 7 8 9 59 60 61 566 504 567 573 63 574 651 15 
                bytes:[48]
      21845     524300          0          0: 652 4 5 6 7 8 281 282 75 463 464 465 653 576 654 15 
                bytes:[24]
       3277     524368          0          0: 333 69 237 71 
                bytes:[160]
      16384     524304          0          0: 655 434 388 389 75 656 657 658 15 
                bytes:[32]
       9363    1048688          0          0: 659 293 294 295 46 326 327 
                bytes:[112]
       5461     524336          0          0: 375 22 23 24 25 26 27 28 29 30 31 32 33 660 15 
                bytes:[96]
      32768     524296          0          0: 661 219 188 189 650 293 294 295 46 326 662 663 
                bytes:[16]
      16384     524304          0          0: 109 58 2 3 4 5 6 7 8 281 282 75 463 464 664 665 15 
                bytes:[32]
      32768     524296          0          0: 666 137 58 2 3 4 5 6 7 8 9 59 60 61 476 79 660 15 
                bytes:[16]
       1366    1049344          0          0: 375 22 23 24 25 26 27 28 29 30 31 32 33 660 15 
                bytes:[768]
      10923     524312          0          0: 36 37 38 39 40 41 42 43 44 31 32 667 668 15 
                bytes:[48]
        341     525056          0          0: 375 22 23 24 25 26 27 28 29 30 31 32 667 668 15 
                bytes:[1536]
        745     524640          0          0: 16 17 18 19 20 21 22 23 24 25 26 27 28 29 30 31 32 667 668 15 
                bytes:[704]
         19     538038          0          0: 45 46 47 48 49 50 51 52 53 54 31 32 667 668 15 
                bytes:[27264]
       1092     524528          0          0: 669 670 358 359 671 384 667 668 15 
                bytes:[480]
       2049    1049088          0          0: 346 81 67 68 69 70 71 
                bytes:[512]
       2341     524400          0          0: 672 43 44 31 32 667 668 15 
                bytes:[224]
      10923     524312          0          0: 673 674 675 676 294 295 46 326 327 
                bytes:[48]
      12289    1573056          0          0: 236 69 70 71 
                bytes:[128]
       1170     524512          0          0: 375 22 23 24 25 26 27 28 29 30 31 32 667 677 15 
                bytes:[448]
        745     524640          0          0: 16 17 18 19 20 21 22 23 24 25 26 27 28 29 30 31 32 667 677 15 
                bytes:[704]
       3277     524368          0          0: 412 413 414 221 462 75 463 464 514 678 677 15 
                bytes:[160]
      49153    1572912          0          0: 679 69 70 71 
                bytes:[32]
      32768     524296          0          0: 680 681 219 188 682 683 389 75 390 391 392 241 393 394 395 23 24 25 26 27 28 29 30 31 32 667 684 15 
                bytes:[16]
        455     524864          0          0: 16 17 18 19 20 21 22 23 24 25 26 27 28 29 30 31 32 667 684 15 
                bytes:[1152]
      32768     524296          0          0: 433 93 434 388 389 75 463 464 685 686 320 321 687 688 689 690 691 
                bytes:[16]
       3641     524360          0          0: 346 81 67 68 69 70 71 
                bytes:[144]
      10923     524312          0          0: 624 583 4 5 6 7 8 281 282 75 76 77 373 89 63 90 692 693 15 
                bytes:[48]
        585     524736          0          0: 16 17 18 19 20 21 22 23 24 25 26 27 28 29 30 31 32 667 693 15 
                bytes:[896]
       2521     524392          0          0: 694 695 696 697 698 358 359 671 384 667 693 15 
                bytes:[208]
       6554     524328          0          0: 73 74 75 390 391 392 241 393 394 699 700 25 701 315 316 317 318 319 320 321 322 323 324 30 31 32 667 693 15 
                bytes:[80]
      16384     524304          0          0: 195 196 180 4 5 6 7 8 281 282 75 463 464 514 678 702 15 
                bytes:[32]
       6554     524328          0          0: 703 704 95 705 706 241 707 708 709 31 32 667 702 15 
                bytes:[80]
       2521     524392          0          0: 152 153 154 262 408 409 410 411 25 26 27 28 29 30 31 32 667 702 15 
                bytes:[208]
      21845     524300          0          0: 236 69 237 71 
                bytes:[24]
       1820     524432          0          0: 710 293 294 295 46 326 662 663 
                bytes:[288]
        256     525312          0          0: 440 441 442 388 389 75 390 391 392 241 393 394 395 23 24 25 26 27 28 29 30 31 32 667 702 15 
                bytes:[2048]
      10923     524312          0          0: 711 712 358 359 671 384 667 702 15 
                bytes:[48]
      32768     524296          0          0: 713 681 219 188 682 683 389 75 390 391 392 241 393 394 395 23 24 25 26 27 28 29 30 31 32 667 702 15 
                bytes:[16]
       4096     524352          0          0: 346 81 67 68 69 70 71 
                bytes:[128]
       2521     524392          0          0: 171 172 43 44 31 32 667 702 15 
                bytes:[208]
        293     525184          0          0: 16 17 18 19 20 21 22 23 24 25 26 27 28 29 30 31 32 667 702 15 
                bytes:[1792]
       2521     524392          0          0: 152 153 154 262 22 23 24 25 26 27 28 29 30 31 32 667 702 15 
                bytes:[208]
       3277     524368          0          0: 346 81 67 68 69 237 71 
                bytes:[160]
      10923     524312          0          0: 636 176 177 178 179 180 4 5 6 7 8 9 59 60 61 714 585 506 63 507 715 15 
                bytes:[48]
      32768     524296          0          0: 716 219 188 189 650 293 294 295 46 326 327 
                bytes:[16]
         19     538038          0          0: 45 46 47 48 49 50 51 52 53 54 31 32 667 702 15 
                bytes:[27264]
      32768     524296          0          0: 372 2 3 4 5 6 7 8 9 59 60 61 717 718 63 719 720 15 
                bytes:[16]
      16384     524304          0          0: 195 196 180 4 5 6 7 8 281 282 75 76 77 721 63 722 723 15 
                bytes:[32]
        745     524640          0          0: 638 221 222 223 10 11 444 724 725 15 
                bytes:[704]
         19     538038          0          0: 72 46 47 48 49 50 51 52 53 54 31 32 33 725 15 
                bytes:[27264]
       4681     524344          0          0: 443 434 388 389 75 656 657 726 15 
                bytes:[112]
        683     524672          0          0: 375 22 23 24 25 26 27 28 29 30 31 32 33 727 15 
                bytes:[768]
       2521     524392          0          0: 171 172 43 44 31 32 33 727 15 
                bytes:[208]
       9363    1048688          0          0: 728 69 237 71 
                bytes:[112]
      65536     524292          0          0: 729 350 730 206 209 210 731 15 
                bytes:[8]
      21845     524300          0          0: 732 214 122 123 124 304 472 724 733 15 
                bytes:[24]
       1366    1574592          0          0: 679 69 70 71 
                bytes:[1152]
       1170     524512          0          0: 16 17 18 19 20 21 22 23 24 25 26 27 28 29 30 31 32 33 734 15 
                bytes:[448]
        745     524640          0          0: 16 17 18 19 20 21 22 23 24 25 26 27 28 29 30 31 32 33 734 15 
                bytes:[704]
       2341     524400          0          0: 672 43 44 31 32 33 734 15 
                bytes:[224]
        455     524864          0          0: 375 22 23 24 25 26 27 28 29 30 31 32 33 735 15 
                bytes:[1152]
        455     524864          0          0: 291 292 293 294 295 46 47 48 49 50 51 52 53 54 31 32 33 735 15 
                bytes:[1152]
         64     528394          0          0: 184 153 185 736 292 293 294 295 46 47 48 49 50 51 52 53 54 31 32 33 735 15 
                bytes:[8192]
       2048     524416          0          0: 163 164 165 166 167 168 169 65 737 15 
                bytes:[256]
      10923     524312          0          0: 738 309 223 59 60 61 181 128 90 91 737 15 
                bytes:[48]
       8192     524320          0          0: 739 204 740 350 351 206 209 210 741 15 
                bytes:[64]
       4096     524352          0          0: 57 58 2 3 4 5 6 7 8 281 282 75 76 77 637 79 737 15 
                bytes:[128]
      32768     524296          0          0: 182 178 179 180 4 5 6 7 8 281 282 75 76 77 373 374 63 64 65 737 15 
                bytes:[16]
        585     524736          0          0: 218 219 188 189 220 221 222 223 59 60 61 181 128 90 91 737 15 
                bytes:[896]
      32768     524296          0          0: 742 191 148 149 430 282 75 390 391 392 241 393 394 699 410 411 25 26 27 28 29 30 31 32 33 737 15 
                bytes:[16]
        341     525056          0          0: 440 441 442 388 389 75 390 391 392 241 393 394 395 23 24 25 26 27 28 29 30 31 32 33 737 15 
                bytes:[1536]
       1170     524512          0          0: 145 743 15 
                bytes:[448]
      32768     524296          0          0: 1 2 3 4 5 6 7 8 9 59 337 338 339 744 340 745 746 747 227 748 227 277 227 278 249 227 251 252 227 249 227 253 227 749 227 750 227 228 229 227 230 227 231 227 232 233 227 228 751 752 15 
                bytes:[16]
      10923     524312          0          0: 753 754 203 204 755 206 209 210 741 15 
                bytes:[48]
       4681     524344          0          0: 756 206 209 210 741 15 
                bytes:[112]
       4096     524352          0          0: 757 547 548 26 27 28 29 30 31 32 33 737 15 
                bytes:[128]
         19     538038          0          0: 72 46 47 48 49 50 51 52 53 54 31 32 33 737 15 
                bytes:[27264]
       2731     524384          0          0: 758 458 293 294 295 46 326 662 663 
                bytes:[192]
        910     524576          0          0: 759 358 359 671 384 33 737 15 
                bytes:[576]
        128     526338          0          0: 198 760 761 15 
                bytes:[4096]
        256     525312          0          0: 147 148 149 150 59 337 338 339 744 340 745 746 747 227 748 227 277 227 278 249 227 251 252 227 249 227 253 227 749 227 750 227 228 229 227 230 227 231 227 232 233 227 228 751 762 15 
                bytes:[2048]
       3641     524360          0          0: 763 764 122 123 765 340 745 746 747 227 748 227 277 227 278 249 227 251 252 227 249 227 253 227 749 227 750 227 228 229 227 230 227 231 227 232 233 227 228 751 766 15 
                bytes:[144]
       2521     524392          0          0: 152 153 154 262 22 23 24 25 26 27 28 29 30 31 32 33 737 15 
                bytes:[208]
      16384     524304          0          0: 602 394 395 23 24 25 26 27 28 29 30 31 32 33 737 15 
                bytes:[32]
       4096     524352          0          0: 767 768 769 69 237 71 
                bytes:[128]
       4096     524352          0          0: 57 58 2 3 4 5 6 7 8 9 59 60 61 459 63 64 65 737 15 
                bytes:[128]
       2979     524376          0          0: 770 127 128 64 65 771 15 
                bytes:[176]
       2521     524392          0          0: 152 153 154 262 408 409 410 411 25 26 27 28 29 30 31 32 33 772 15 
                bytes:[208]
       1092     524528          0          0: 448 69 70 71 
                bytes:[480]
         19     538038          0          0: 72 46 47 48 49 50 51 52 53 54 31 32 33 772 15 
                bytes:[27264]
      32768     524296          0          0: 773 774 775 776 31 32 33 777 15 
                bytes:[16]
       6554     524328          0          0: 778 779 282 75 390 391 392 241 393 394 699 410 411 25 26 27 28 29 30 31 32 33 777 15 
                bytes:[80]
      10923     524312          0          0: 624 583 4 5 6 7 8 281 282 75 463 464 780 781 777 15 
                bytes:[48]
         39    1076076          0          0: 72 46 47 48 49 50 51 52 53 54 31 32 33 777 15 
                bytes:[27264]
       1820     524432          0          0: 375 22 23 24 25 26 27 28 29 30 31 32 33 777 15 
                bytes:[288]
        341     525056          0          0: 440 441 442 388 389 75 390 391 392 241 393 394 395 23 24 25 26 27 28 29 30 31 32 33 777 15 
                bytes:[1536]
       3277     524368          0          0: 400 123 620 782 783 784 785 786 15 
                bytes:[160]
      10923     524312          0          0: 132 4 5 6 7 8 9 59 60 61 787 63 90 91 777 15 
                bytes:[48]
       4096     524352          0          0: 16 17 18 19 20 137 58 2 3 4 5 6 7 8 281 282 75 76 77 283 284 285 788 15 
                bytes:[128]
        585     524736          0          0: 336 219 188 189 190 191 148 149 150 59 60 61 100 101 90 91 777 15 
                bytes:[896]
      32768     524296          0          0: 647 648 395 23 24 25 26 27 28 29 30 31 32 33 777 15 
                bytes:[16]
      10923     524312          0          0: 789 790 791 792 793 698 358 359 360 32 33 777 15 
                bytes:[48]
        455     524864          0          0: 16 17 18 19 20 21 22 23 24 25 26 27 28 29 30 31 32 33 794 15 
                bytes:[1152]
      32768     524296          0          0: 795 219 188 189 650 293 294 295 46 326 662 663 
                bytes:[16]
        128     526338          0          0: 218 219 188 189 220 221 222 223 59 337 338 339 271 63 272 340 745 796 797 15 
                bytes:[4096]
       1820     524432          0          0: 305 69 70 71 
                bytes:[288]
       1024     524544          0          0: 80 81 67 68 69 70 71 
                bytes:[512]
       1820     524432          0          0: 98 99 59 60 61 467 468 63 64 65 794 15 
                bytes:[288]
       3277     524368          0          0: 412 413 414 221 462 75 463 464 514 798 794 15 
                bytes:[160]
      32768     524296          0          0: 799 221 222 223 59 60 61 183 782 800 247 801 15 
                bytes:[16]
      10923     524312          0          0: 611 612 214 122 123 802 79 794 15 
                bytes:[48]
      32768     524296          0          0: 803 409 410 411 25 26 27 28 29 30 31 32 33 794 15 
                bytes:[16]
        585     524736          0          0: 336 219 188 189 190 191 148 149 150 59 60 61 100 101 90 91 794 15 
                bytes:[896]
         19     538038          0          0: 72 46 47 48 49 50 51 52 53 54 31 32 33 794 15 
                bytes:[27264]
      16384     524304          0          0: 804 805 806 227 228 229 227 230 227 231 227 232 233 227 228 807 808 15 
                bytes:[32]
       3641     524360          0          0: 763 809 810 811 15 
                bytes:[144]
      21845     524300          0          0: 812 813 423 348 814 350 730 206 209 815 816 15 
                bytes:[24]
       4681     524344          0          0: 92 93 817 293 294 295 46 326 327 
                bytes:[112]
        585     524736          0          0: 16 17 18 19 20 21 22 23 24 25 26 27 28 29 30 31 32 33 818 15 
                bytes:[896]
      10923     524312          0          0: 611 612 214 122 123 819 63 574 820 15 
                bytes:[48]
       1820     524432          0          0: 630 88 374 63 64 65 818 15 
                bytes:[288]
        910     524576          0          0: 759 358 359 671 821 33 818 15 
                bytes:[576]
       5042    1048784          0          0: 152 153 154 262 22 23 24 25 26 27 28 29 30 31 32 33 818 15 
                bytes:[208]
      10923     524312          0          0: 132 4 5 6 7 8 281 282 75 463 464 822 823 824 15 
                bytes:[48]
       1092     524528          0          0: 638 221 222 223 59 60 61 825 826 15 
                bytes:[480]
       1092     524528          0          0: 669 670 358 359 671 821 33 818 15 
                bytes:[480]
      32768     524296          0          0: 595 23 24 25 26 27 28 29 30 31 32 33 818 15 
                bytes:[16]
       1365     524480          0          0: 375 22 23 24 25 26 27 28 29 30 31 32 33 818 15 
                bytes:[384]
       8192     524320          0          0: 827 33 818 15 
                bytes:[64]
       2979     524376          0          0: 828 382 829 830 15 
                bytes:[176]
        585     524736          0          0: 375 22 23 24 25 26 27 28 29 30 31 32 33 831 15 
                bytes:[896]
       1092     524528          0          0: 638 221 222 223 59 60 61 832 833 834 835 836 837 838 839 840 15 
                bytes:[480]
        683     524672          0          0: 16 17 18 19 20 21 22 23 24 25 26 27 28 29 30 31 32 33 831 15 
                bytes:[768]
       4681     524344          0          0: 16 17 18 19 20 21 22 23 24 25 26 27 28 29 30 31 32 33 831 15 
                bytes:[112]
      32768     524296          0          0: 841 842 843 295 46 326 327 
                bytes:[16]
        256     525312          0          0: 147 148 149 150 59 337 338 339 744 340 844 745 845 846 227 847 227 277 227 278 249 227 251 252 227 249 227 253 227 749 227 750 227 228 229 227 230 227 231 227 232 233 227 228 848 849 15 
                bytes:[2048]
      10923     524312          0          0: 850 851 46 326 327 
                bytes:[48]
         19     538038          0          0: 45 46 47 48 49 50 51 52 53 54 31 830 15 
                bytes:[27264]
        293     525184          0          0: 218 219 188 189 220 221 222 223 10 11 852 853 839 840 15 
                bytes:[1792]
      32768     524296          0          0: 854 683 389 75 390 391 392 241 393 394 395 23 24 25 26 27 28 29 30 31 32 33 831 15 
                bytes:[16]
       6554     524328          0          0: 346 81 67 68 69 70 71 
                bytes:[80]
       1820     524432          0          0: 98 99 10 11 855 856 15 
                bytes:[288]
       1820     524432          0          0: 857 644 5 6 7 8 281 282 75 76 77 858 859 856 15 
                bytes:[288]
       4096     524352          0          0: 57 58 2 3 4 5 6 7 8 281 282 75 463 464 514 798 860 861 15 
                bytes:[128]
      10923     524312          0          0: 738 309 223 238 239 240 241 242 310 862 863 324 30 31 32 33 860 861 15 
                bytes:[48]
       4096     524352          0          0: 57 58 2 3 4 5 6 7 8 9 59 60 61 864 63 865 866 867 856 15 
                bytes:[128]
       5461     524336          0          0: 608 431 79 860 856 15 
                bytes:[96]
        256     525312          0          0: 440 441 442 388 389 75 390 391 392 241 393 394 395 23 24 25 26 27 28 29 30 31 32 33 860 861 15 
                bytes:[2048]
       1024     524544          0          0: 448 69 70 71 
                bytes:[512]
       4096     524352          0          0: 868 85 869 84 85 86 87 88 431 79 870 15 
                bytes:[128]
       4096     524352          0          0: 57 58 2 3 4 5 6 7 8 281 282 75 463 464 465 653 870 15 
                bytes:[128]
       6554     524328          0          0: 549 221 462 75 76 77 871 872 15 
                bytes:[80]
        910     524576          0          0: 375 22 23 24 25 26 27 28 29 30 31 32 33 873 15 
                bytes:[576]
      19662    1572984          0          0: 333 69 237 71 
                bytes:[80]
     131074    2097184          0          0: 236 69 237 71 
                bytes:[16]
       2521     524392          0          0: 171 172 43 44 31 32 33 874 15 
                bytes:[208]
      32768     524296          0          0: 595 23 24 25 26 27 28 29 30 31 32 33 875 15 
                bytes:[16]
       2048     524416          0          0: 163 164 876 877 878 69 70 71 
                bytes:[256]
       1820     524432          0          0: 98 99 59 60 61 879 880 
                bytes:[288]
      16384     524304          0          0: 369 303 123 246 127 128 140 881 882 883 15 
                bytes:[32]
      10923     524312          0          0: 132 4 5 6 7 8 9 59 60 61 459 63 64 65 884 883 15 
                bytes:[48]
       1820     524432          0          0: 98 99 59 60 61 181 128 90 91 884 883 15 
                bytes:[288]
         16     540842          0          0: 184 153 185 186 187 188 189 190 191 148 149 150 10 11 116 885 15 
                bytes:[32768]
       2979     524376          0          0: 375 22 23 24 25 26 27 28 29 30 31 32 33 884 886 15 
                bytes:[176]
       1489     524464          0          0: 375 22 23 24 25 26 27 28 29 30 31 32 33 884 886 15 
                bytes:[352]
        512     524800          0          0: 375 22 23 24 25 26 27 28 29 30 31 32 33 884 886 15 
                bytes:[1024]
         19     538038          0          0: 45 46 47 48 49 50 51 52 53 54 31 32 33 884 886 15 
                bytes:[27264]
         16     540842          0          0: 184 153 185 186 187 188 189 190 191 148 149 150 10 11 116 887 15 
                bytes:[32768]
       3277     524368          0          0: 400 123 620 157 139 63 140 881 882 886 15 
                bytes:[160]
       3641     524360          0          0: 888 889 890 891 358 359 671 384 33 884 886 15 
                bytes:[144]
      14044    1573032          0          0: 236 69 237 71 
                bytes:[112]
       1170     524512          0          0: 305 69 70 71 
                bytes:[448]
         26     534594          0          0: 121 122 123 124 125 892 15 
                bytes:[20480]
       4096     524352          0          0: 57 58 2 3 4 5 6 7 8 9 59 60 61 893 139 63 140 881 882 894 15 
                bytes:[128]
       5461     524336          0          0: 608 598 63 140 881 882 894 15 
                bytes:[96]
       2731     524384          0          0: 375 22 23 24 25 26 27 28 29 30 31 32 33 884 894 15 
                bytes:[192]
      32768     524296          0          0: 1 2 3 4 5 6 7 8 281 282 75 76 77 373 598 63 140 881 882 894 15 
                bytes:[16]
       4096     524352          0          0: 16 17 18 19 20 137 58 2 3 4 5 6 7 8 9 59 60 61 476 79 884 894 15 
                bytes:[128]
      10923     524312          0          0: 636 176 177 178 179 180 4 5 6 7 8 281 282 75 463 464 780 781 884 894 15 
                bytes:[48]
      10923     524312          0          0: 72 46 326 662 663 
                bytes:[48]
       3277     524368          0          0: 347 203 348 895 350 351 206 209 210 896 897 15 
                bytes:[160]
       5461     524336          0          0: 608 431 79 898 15 
                bytes:[96]
       1024     524544          0          0: 80 81 596 597 85 869 899 85 869 84 85 86 87 88 374 63 64 65 898 15 
                bytes:[512]
        910     524576          0          0: 16 17 18 19 20 21 22 23 24 25 26 27 28 29 30 31 32 33 898 15 
                bytes:[576]
       8192     524320          0          0: 66 67 68 69 237 71 
                bytes:[64]
       8192     524320          0          0: 739 900 901 350 351 206 209 210 896 902 15 
                bytes:[64]
       5461     524336          0          0: 557 558 903 206 209 210 896 902 15 
                bytes:[96]
       3277     524368          0          0: 904 203 204 905 206 207 208 206 209 210 896 902 15 
                bytes:[160]
       1170     524512          0          0: 73 309 223 59 60 61 335 79 906 15 
                bytes:[448]
       8192     524320          0          0: 377 378 379 28 29 30 31 32 33 906 15 
                bytes:[64]
        910     524576          0          0: 907 908 909 15 
                bytes:[576]
       2521     524392          0          0: 73 309 223 10 11 910 911 91 912 15 
                bytes:[208]
        128     526338          0          0: 198 913 914 15 
                bytes:[4096]
        256     525312          0          0: 638 221 222 223 59 337 338 339 271 63 272 340 416 417 227 249 227 250 227 251 252 227 249 227 251 252 227 249 227 253 227 254 227 255 227 228 229 227 230 227 231 227 232 233 227 228 367 915 15 
                bytes:[2048]
      16384     524304          0          0: 602 394 699 410 411 25 26 27 28 29 30 31 32 33 912 15 
                bytes:[32]
      32768     524296          0          0: 595 23 24 25 26 27 28 29 30 31 32 33 912 15 
                bytes:[16]
       1365     524480          0          0: 375 22 23 24 25 26 27 28 29 30 31 32 33 912 15 
                bytes:[384]
       3641     524360          0          0: 404 405 203 348 916 206 207 208 206 209 210 896 917 15 
                bytes:[144]
       2185     524408          0          0: 16 17 18 19 20 21 22 23 24 25 26 27 28 29 30 31 32 33 918 15 
                bytes:[240]
       8192     524320          0          0: 919 920 203 921 922 207 208 206 209 210 896 917 15 
                bytes:[64]
        372     524992          0          0: 923 42 43 44 31 32 33 918 15 
                bytes:[1408]
      10923     524312          0          0: 924 925 84 926 85 869 84 85 86 927 928 929 227 249 227 250 227 251 252 227 249 227 251 252 227 249 227 253 227 254 227 255 227 228 229 227 230 227 231 227 232 233 227 228 367 930 15 
                bytes:[48]
       8192     524320          0          0: 201 490 203 348 539 350 351 206 209 210 896 917 15 
                bytes:[64]
      10923     524312          0          0: 132 4 5 6 7 8 9 59 60 61 523 931 63 364 365 366 227 249 227 250 227 251 252 227 249 227 251 252 227 249 227 253 227 254 227 255 227 228 229 227 230 227 231 227 232 233 227 228 367 930 15 
                bytes:[48]
       1024     524544          0          0: 932 4 5 6 7 8 281 282 75 76 77 512 431 79 918 15 
                bytes:[512]
       5461     524336          0          0: 375 22 23 24 25 26 27 28 29 30 31 32 33 918 15 
                bytes:[96]
      16384     524304          0          0: 602 394 395 23 24 25 26 27 28 29 30 31 32 33 918 15 
                bytes:[32]
       2979    1048928          0          0: 555 933 327 
                bytes:[352]
       1260     524496          0          0: 934 935 936 643 937 643 644 5 6 7 8 9 10 11 938 15 
                bytes:[416]
       2731     524384          0          0: 400 123 246 127 128 113 114 939 15 
                bytes:[192]
       4681     524344          0          0: 448 69 70 71 
                bytes:[112]
       1638     524448          0          0: 923 42 43 44 31 32 33 939 15 
                bytes:[320]
       1092     524528          0          0: 638 221 222 223 59 60 61 181 128 90 91 940 15 
                bytes:[480]
       3641     524360          0          0: 857 644 5 6 7 8 281 282 75 463 464 514 798 941 15 
                bytes:[144]
       4096     524352          0          0: 757 547 548 26 27 28 29 30 31 32 33 941 15 
                bytes:[128]
       1260     524496          0          0: 934 644 5 6 7 8 281 282 75 463 464 942 
                bytes:[416]
       1092     524528          0          0: 375 22 23 24 25 26 27 28 29 30 31 32 33 941 15 
                bytes:[480]
       2521     524392          0          0: 943 112 63 113 114 941 15 
                bytes:[208]
       3277     524368          0          0: 306 310 311 944 945 946 28 29 30 31 32 33 941 15 
                bytes:[160]
       3641     524360          0          0: 375 22 23 24 25 26 27 28 29 30 31 32 33 947 948 15 
                bytes:[144]
       4096     524352          0          0: 679 69 70 71 
                bytes:[128]
        683     524672          0          0: 949 950 951 221 222 223 10 11 952 953 15 
                bytes:[768]
      10923     524312          0          0: 308 74 75 76 77 954 955 956 957 15 
                bytes:[48]
      65536     524292          0          0: 958 618 619 303 123 246 127 128 64 65 947 957 15 
                bytes:[8]
       1024     524544          0          0: 375 22 23 24 25 26 27 28 29 30 31 32 33 947 957 15 
                bytes:[512]
      65537    1048592          0          0: 236 69 70 71 
                bytes:[16]
      32768     524296          0          0: 789 790 959 960 961 69 237 71 
                bytes:[16]
       1365     524480          0          0: 342 7 8 281 282 75 463 464 465 653 947 957 15 
                bytes:[384]
       1260     524496          0          0: 80 81 67 68 69 70 71 
                bytes:[416]
      21845     524300          0          0: 962 963 223 59 60 61 485 486 63 473 964 965 966 15 
                bytes:[24]
       4096     524352          0          0: 57 58 2 3 4 5 6 7 8 281 282 75 76 77 283 284 967 968 15 
                bytes:[128]
        911    1049728          0          0: 969 662 663 
                bytes:[1152]
       4681     524344          0          0: 92 93 434 388 389 75 970 542 543 544 971 972 15 
                bytes:[112]
       2521     524392          0          0: 973 974 69 237 71 
                bytes:[208]
       1820     524432          0          0: 98 99 238 239 240 241 242 310 311 312 313 314 315 316 317 318 319 320 321 322 323 324 30 31 32 33 975 15 
                bytes:[288]
      10923     524312          0          0: 308 309 223 59 60 61 976 977 79 978 15 
                bytes:[48]
        512     524800          0          0: 385 386 387 388 389 75 390 391 392 241 393 394 395 23 24 25 26 27 28 29 30 31 32 33 978 15 
                bytes:[1024]
       1024     524544          0          0: 375 22 23 24 25 26 27 28 29 30 31 32 33 979 15 
                bytes:[512]
       5461     524336          0          0: 342 7 8 281 282 75 463 464 514 798 980 15 
                bytes:[96]
      10923     524312          0          0: 636 176 177 178 179 180 4 5 6 7 8 9 59 60 61 981 573 63 574 982 
                bytes:[48]
      10923     524312          0          0: 132 4 5 6 7 8 281 282 75 76 77 637 79 983 15 
                bytes:[48]
       4681     524344          0          0: 984 985 15 
                bytes:[112]
       6554     524328          0          0: 778 779 282 75 390 391 392 241 393 394 699 410 411 25 26 27 28 29 30 31 32 33 986 15 
                bytes:[80]
       6554     524328          0          0: 778 779 282 75 76 77 637 79 987 15 
                bytes:[80]
        585     524736          0          0: 16 17 18 19 20 21 22 23 24 25 26 27 28 29 30 31 32 33 988 15 
                bytes:[896]
      10923     524312          0          0: 375 645 646 28 29 30 31 32 33 988 15 
                bytes:[48]
      32768     524296          0          0: 582 583 4 5 6 7 8 9 59 60 61 335 79 989 15 
                bytes:[16]
      32768     524296          0          0: 647 648 395 23 24 25 26 27 28 29 30 31 32 33 989 15 
                bytes:[16]
       6554     524328          0          0: 375 22 23 24 25 26 27 28 29 30 31 32 33 989 15 
                bytes:[80]
       1170     524512          0          0: 16 17 18 19 20 21 22 23 24 25 26 27 28 29 30 31 32 33 988 15 
                bytes:[448]
      16384     524304          0          0: 602 394 395 23 24 25 26 27 28 29 30 31 32 33 988 15 
                bytes:[32]
         19     538038          0          0: 72 46 47 48 49 50 51 52 53 54 31 32 33 988 15 
                bytes:[27264]
       2521     524392          0          0: 152 153 154 262 22 23 24 25 26 27 28 29 30 31 32 33 990 15 
                bytes:[208]
         19     538038          0          0: 72 46 47 48 49 50 51 52 53 54 31 32 33 990 15 
                bytes:[27264]
        372     524992          0          0: 325 293 294 295 46 47 48 49 50 51 52 53 54 31 32 33 990 15 
                bytes:[1408]
        455     524864          0          0: 991 712 358 359 360 32 33 990 15 
                bytes:[1152]
       3277     524368          0          0: 561 992 63 113 114 990 15 
                bytes:[160]
      16384     524304          0          0: 475 175 176 177 178 179 180 4 5 6 7 8 281 282 75 76 77 373 431 79 990 15 
                bytes:[32]
       1820     524432          0          0: 993 374 63 64 65 990 15 
                bytes:[288]
       1820     524432          0          0: 638 221 222 223 59 60 61 994 79 990 15 
                bytes:[288]
       1170     524512          0          0: 16 17 18 19 20 21 22 23 24 25 26 27 28 29 30 31 32 33 990 15 
                bytes:[448]
       2521     524392          0          0: 171 172 43 44 31 32 33 995 15 
                bytes:[208]
        322    2641973          0          0: 184 153 185 736 292 293 294 295 46 326 662 663 
                bytes:[8192]
       4681     524344          0          0: 996 997 998 999 1000 1001 1002 1003 456 457 458 293 294 295 46 326 327 
                bytes:[112]
         19     538038          0          0: 72 46 47 48 49 50 51 52 53 54 31 32 33 1004 15 
                bytes:[27264]
        455     524864          0          0: 291 292 293 294 295 46 326 662 663 
                bytes:[1152]
       1489     524464          0          0: 346 81 67 68 69 70 71 
                bytes:[352]
         19     538038          0          0: 45 46 47 48 49 50 51 52 53 54 31 32 33 1005 15 
                bytes:[27264]
       2521     524392          0          0: 171 172 43 44 31 32 33 1005 15 
                bytes:[208]
       1260     524496          0          0: 934 937 643 644 5 6 7 8 281 282 75 463 464 514 798 1005 15 
                bytes:[416]
       4681     524344          0          0: 1006 675 1007 97 
                bytes:[112]
       2521     524392          0          0: 152 153 154 1008 1009 1010 1011 1012 1013 1014 1015 1016 63 1017 1018 1019 15 
                bytes:[208]
       5461     524336          0          0: 1020 1021 1022 1023 1024 1025 1026 1027 1014 1015 1016 63 1017 1018 1019 15 
                bytes:[96]
        128     526338          0          0: 1028 1029 1030 1031 1032 1033 1016 63 1017 1018 1019 15 
                bytes:[4096]
         16     540842          0          0: 1034 1029 1030 1035 1036 1037 1038 1039 1040 15 
                bytes:[32768]
      21845     524300          0          0: 732 214 122 123 1041 513 79 1042 15 
                bytes:[24]
        455     524864          0          0: 375 22 23 24 25 26 27 28 29 30 31 32 33 1042 15 
                bytes:[1152]
         19     538038          0          0: 72 46 47 48 49 50 51 52 53 54 31 32 33 1042 15 
                bytes:[27264]
       4681     524344          0          0: 1043 293 294 295 46 326 327 
                bytes:[112]
         16     540842          0          0: 1034 1029 1030 1031 1032 1033 1038 1044 1045 15 
                bytes:[32768]
       4681     524344          0          0: 443 470 221 462 75 76 77 1046 15 
                bytes:[112]
       2050    2099200          0          0: 1047 46 326 327 
                bytes:[1024]
      32768     524296          0          0: 641 642 643 644 3 4 5 6 7 8 9 59 60 61 1048 63 1049 1039 1050 15 
                bytes:[16]
         16     540842          0          0: 1034 1029 1030 1035 1036 1037 1038 1039 1050 15 
                bytes:[32768]
        293     525184          0          0: 16 17 18 19 20 21 22 23 24 25 26 27 28 29 30 31 32 33 1051 15 
                bytes:[1792]
        910     524576          0          0: 649 650 293 294 295 46 47 48 49 50 51 52 53 54 31 32 33 1051 15 
                bytes:[576]
       1820     524432          0          0: 710 293 294 295 46 47 48 49 50 51 52 53 54 31 32 33 1051 15 
                bytes:[288]
        128     526338          0          0: 1052 1053 1054 1055 1056 1015 1038 1039 1050 15 
                bytes:[4096]
       1092     524528          0          0: 669 670 358 359 671 821 33 1051 15 
                bytes:[480]
        745     524640          0          0: 16 17 18 19 20 21 22 23 24 25 26 27 28 29 30 31 32 33 1051 15 
                bytes:[704]
        585     524736          0          0: 305 69 70 71 
                bytes:[896]
        512     524800          0          0: 375 22 23 24 25 26 27 28 29 30 31 32 33 1051 15 
                bytes:[1024]
      16384     524304          0          0: 195 196 180 4 5 6 7 8 281 282 75 76 77 512 89 63 90 91 1057 15 
                bytes:[32]
        256     525312          0          0: 440 441 442 388 389 75 390 391 392 241 393 394 395 23 24 25 26 27 28 29 30 31 32 33 1057 15 
                bytes:[2048]
        456    1050881          0          0: 679 69 70 71 
                bytes:[2304]
       2521     524392          0          0: 694 695 1058 698 358 359 671 384 33 1057 15 
                bytes:[208]
         16     540842          0          0: 1034 1029 1030 1035 1036 1037 1016 63 1017 1018 1059 15 
                bytes:[32768]
         33    1081685          0          0: 1034 1029 1030 1035 1036 1037 1038 1039 1059 15 
                bytes:[32768]
       3641     524360          0          0: 375 22 23 24 25 26 27 28 29 30 31 32 33 1057 15 
                bytes:[144]
      32768     524296          0          0: 1060 4 5 6 7 8 281 282 75 76 77 373 431 79 1057 15 
                bytes:[16]
       1118    1574976          0          0: 325 293 294 295 46 326 662 663 
                bytes:[1408]
        455     524864          0          0: 1061 1027 1014 1015 1038 1062 1063 15 
                bytes:[1152]
       3075    3148801          0          0: 80 81 67 68 69 70 71 
                bytes:[1024]
      32768     524296          0          0: 799 221 222 223 238 239 240 241 242 310 1064 315 316 317 1065 1066 1067 29 30 31 32 33 1068 15 
                bytes:[16]
      32768     524296          0          0: 661 219 188 189 650 293 294 295 46 326 327 
                bytes:[16]
        585     524736          0          0: 336 219 188 189 190 191 148 149 150 10 11 1069 1070 15 
                bytes:[896]
         19     538038          0          0: 45 46 47 48 49 50 51 52 53 54 31 32 33 1068 15 
                bytes:[27264]
      10923     524312          0          0: 1071 1072 1073 1074 1075 1076 1015 1038 1039 1077 15 
                bytes:[48]
      16386    2097408          0          0: 333 69 70 71 
                bytes:[128]
      32768     524296          0          0: 1078 1079 
                bytes:[16]
        455     524864          0          0: 16 17 18 19 20 21 22 23 24 25 26 27 28 29 30 31 32 33 1068 15 
                bytes:[1152]
       3277     524368          0          0: 448 69 70 71 
                bytes:[160]
        819     524608          0          0: 375 22 23 24 25 26 27 28 29 30 31 32 33 1080 15 
                bytes:[640]
       1638     524448          0          0: 949 950 951 221 222 223 59 60 61 1081 971 1082 15 
                bytes:[320]
        341     525056          0          0: 440 441 442 388 389 75 390 391 392 241 393 394 395 23 24 25 26 27 28 29 30 31 32 33 1083 15 
                bytes:[1536]
      43692    2097248          0          0: 333 69 237 71 
                bytes:[48]
       4681     524344          0          0: 1084 1085 1086 293 294 295 46 326 327 
                bytes:[112]
         19     538038          0          0: 72 46 1087 1088 1089 15 
                bytes:[27264]
      16384     524304          0          0: 602 394 395 23 24 25 26 27 28 29 30 31 32 1090 1091 15 
                bytes:[32]
        341     525056          0          0: 440 441 442 388 389 75 390 391 392 241 393 394 395 23 24 25 26 27 28 29 30 31 32 1090 1092 15 
                bytes:[1536]
        512     524800          0          0: 385 386 387 388 389 75 390 391 392 241 393 394 395 23 24 25 26 27 28 29 30 31 32 1090 1092 15 
                bytes:[1024]
        820    1049856          0          0: 346 81 67 68 69 70 71 
                bytes:[1280]
       1170     524512          0          0: 1093 1094 776 31 32 1090 1092 15 
                bytes:[448]
         19     538038          0          0: 72 46 1087 1088 1095 15 
                bytes:[27264]
      10923     524312          0          0: 132 4 5 6 7 8 9 59 60 61 717 718 63 719 1096 1097 1098 15 
                bytes:[48]
      21845     524300          0          0: 732 214 122 123 1099 63 719 1096 1097 1098 15 
                bytes:[24]
      16384     524304          0          0: 475 175 176 177 178 179 180 4 5 6 7 8 281 282 75 76 77 1100 63 719 1096 1097 1098 15 
                bytes:[32]
       1820     524432          0          0: 98 99 59 60 61 523 1101 63 722 1102 1097 1098 15 
                bytes:[288]
      32768     524296          0          0: 372 2 3 4 5 6 7 8 281 282 75 76 77 721 63 722 1102 1097 1098 15 
                bytes:[16]
       2521     524392          0          0: 152 153 154 262 22 23 24 25 26 27 28 29 30 31 32 1090 1098 15 
                bytes:[208]
       4681     524344          0          0: 92 93 287 288 150 59 60 61 717 1103 63 722 1102 1097 1098 15 
                bytes:[112]
       2048     524416          0          0: 245 123 304 532 1104 63 719 1096 1097 1098 15 
                bytes:[256]
       2979     524376          0          0: 770 127 128 719 1096 1097 1098 15 
                bytes:[176]
       4681     524344          0          0: 92 93 434 388 389 75 435 436 437 722 1102 1097 1098 15 
                bytes:[112]
       2731     524384          0          0: 16 17 18 19 20 21 22 23 24 25 26 27 28 29 30 31 32 1090 1098 15 
                bytes:[192]
       4096     524352          0          0: 57 58 2 3 4 5 6 7 8 9 10 11 1105 1106 15 
                bytes:[128]
      32768     524296          0          0: 1 2 3 4 5 6 7 8 9 59 60 61 1107 63 719 1096 1097 1108 15 
                bytes:[16]
       1820     524432          0          0: 98 99 59 60 61 1109 1101 63 722 1102 1097 1110 15 
                bytes:[288]
       2048     524416          0          0: 400 123 304 532 1104 63 719 1096 1097 1110 15 
                bytes:[256]
      32768     524296          0          0: 742 1111 1112 1113 620 782 800 719 1096 1114 15 
                bytes:[16]
       2185     524408          0          0: 1115 1116 1117 15 
                bytes:[240]
       1820     524432          0          0: 98 99 59 60 61 1118 1119 63 1120 1116 1117 15 
                bytes:[288]
       3277     524368          0          0: 245 123 620 782 800 719 1096 1097 1121 15 
                bytes:[160]
      21845     524300          0          0: 565 178 179 180 4 5 6 7 8 9 59 60 61 1122 63 719 1096 1097 1121 15 
                bytes:[24]
        256     525312          0          0: 1123 1124 1125 15 
                bytes:[2048]
         19     538038          0          0: 72 46 1087 1088 1126 15 
                bytes:[27264]
         19     538038          0          0: 45 46 1087 1088 1126 15 
                bytes:[27264]
      16384     524304          0          0: 655 287 288 150 59 60 61 1127 800 722 1102 1097 1128 15 
                bytes:[32]
       2048     524416          0          0: 111 532 1101 63 722 1102 1097 1128 15 
                bytes:[256]
      98305    1572888          0          0: 789 790 959 960 961 69 70 71 
                bytes:[16]
      87383    2097200          0          0: 973 878 69 70 71 
                bytes:[24]
       8192     524320          0          0: 1129 293 294 295 46 326 662 663 
                bytes:[64]
      32768     524296          0          0: 1130 642 643 644 3 4 5 6 7 8 9 10 11 1105 1131 15 
                bytes:[16]
       4681     524344          0          0: 92 93 434 388 389 75 970 1132 1133 1134 1088 1135 15 
                bytes:[112]
      32768     524296          0          0: 173 174 175 176 177 178 179 180 4 5 6 7 8 281 282 75 76 77 1136 63 1120 1116 1137 15 
                bytes:[16]
       4096     524352          0          0: 57 58 2 3 4 5 6 7 8 9 59 60 61 1109 1138 63 1120 1116 1137 15 
                bytes:[128]
       4096     524352          0          0: 57 58 2 3 4 5 6 7 8 281 282 75 76 77 721 63 722 1102 1097 1139 15 
                bytes:[128]
      32768     524296          0          0: 182 178 179 180 4 5 6 7 8 9 59 60 61 1122 63 719 1096 1097 1139 15 
                bytes:[16]
         19     538038          0          0: 45 46 47 48 49 50 51 52 53 54 31 32 33 1140 15 
                bytes:[27264]
      32768     524296          0          0: 804 1141 358 359 360 32 33 1140 15 
                bytes:[16]
      32768     524296          0          0: 1142 431 79 1143 15 
                bytes:[16]
       4096     524352          0          0: 57 58 2 3 4 5 6 7 8 281 282 75 76 77 721 63 722 1102 1144 15 
                bytes:[128]
       4681     524344          0          0: 92 93 287 288 150 59 60 61 1145 63 722 1102 1144 15 
                bytes:[112]
       2731     524384          0          0: 400 123 246 127 128 722 1102 1144 15 
                bytes:[192]
       4681     524344          0          0: 443 287 288 150 59 60 61 1109 1104 63 719 1096 1144 15 
                bytes:[112]
      32768     524296          0          0: 1146 302 303 123 246 127 128 722 1102 1144 15 
                bytes:[16]
       1820     524432          0          0: 98 99 59 60 61 523 1104 63 719 1096 1144 15 
                bytes:[288]
      10923     524312          0          0: 636 176 177 178 179 180 4 5 6 7 8 9 59 60 61 717 718 63 719 1096 1144 15 
                bytes:[48]
       4096     524352          0          0: 57 58 2 3 4 5 6 7 8 9 59 60 61 717 718 63 719 1096 1144 15 
                bytes:[128]
       7282    1048720          0          0: 448 69 70 71 
                bytes:[144]
      10923     524312          0          0: 45 46 326 327 
                bytes:[48]
         19     538038          0          0: 72 46 1087 1088 1147 15 
                bytes:[27264]
       4681     524344          0          0: 92 93 287 288 150 10 11 1148 15 
                bytes:[112]
       1820     524432          0          0: 993 374 63 64 65 1149 15 
                bytes:[288]
       1366    1574592          0          0: 448 69 70 71 
                bytes:[1152]
         19     538038          0          0: 45 46 1087 1088 1150 15 
                bytes:[27264]
       5461     524336          0          0: 1151 782 800 722 1102 1152 15 
                bytes:[96]
       1820     524432          0          0: 98 99 59 60 61 1109 1101 63 722 1102 1152 15 
                bytes:[288]
       1820     524432          0          0: 98 99 59 60 61 717 718 63 719 1096 1152 15 
                bytes:[288]
       1820     524432          0          0: 98 99 59 60 61 183 782 800 719 1096 1152 15 
                bytes:[288]
      10923     524312          0          0: 624 583 4 5 6 7 8 9 59 60 61 1109 1104 63 719 1096 1152 15 
                bytes:[48]
      16384     524304          0          0: 475 175 176 177 178 179 180 4 5 6 7 8 9 59 60 61 717 1103 63 722 1102 1152 15 
                bytes:[32]
      10923     524312          0          0: 132 4 5 6 7 8 281 282 75 76 77 721 63 722 1102 1152 15 
                bytes:[48]
       2979     524376          0          0: 770 127 128 719 1096 1152 15 
                bytes:[176]
       4096     524352          0          0: 57 58 2 3 4 5 6 7 8 9 59 60 61 183 782 800 719 1096 1152 15 
                bytes:[128]
        585     524736          0          0: 375 22 23 24 25 26 27 28 29 30 31 32 33 1153 15 
                bytes:[896]
      24577    1572960          0          0: 333 69 237 71 
                bytes:[64]
         19     538038          0          0: 72 46 1087 1088 1154 15 
                bytes:[27264]
      10923     524312          0          0: 624 583 4 5 6 7 8 9 59 60 61 1118 1119 63 1120 1116 1155 15 
                bytes:[48]
       2521     524392          0          0: 152 153 154 155 58 2 3 4 5 6 7 8 281 282 75 76 77 1100 63 719 1096 1156 15 
                bytes:[208]
       3277     524368          0          0: 400 123 620 782 800 722 1102 1156 15 
                bytes:[160]
       3641     524360          0          0: 1157 1102 1156 15 
                bytes:[144]
       4681     524344          0          0: 443 287 288 150 59 60 61 1109 1104 63 719 1096 1156 15 
                bytes:[112]
       2521     524392          0          0: 152 153 154 155 58 2 3 4 5 6 7 8 9 59 60 61 717 1103 63 722 1102 1156 15 
                bytes:[208]
      16384     524304          0          0: 195 196 180 4 5 6 7 8 9 59 60 61 523 1104 63 719 1096 1156 15 
                bytes:[32]
       1024     524544          0          0: 80 81 596 597 85 869 899 85 869 84 85 86 87 88 431 79 1158 15 
                bytes:[512]
       8192     524320          0          0: 537 309 223 59 60 61 522 79 1158 15 
                bytes:[64]
        512     524800          0          0: 385 386 387 388 389 75 390 391 392 241 393 394 395 23 24 25 26 27 28 29 30 31 32 33 1158 15 
                bytes:[1024]
         19     538038          0          0: 72 46 47 48 49 50 51 52 53 54 31 32 33 1158 15 
                bytes:[27264]
       3641     524360          0          0: 1159 358 359 671 384 33 1158 15 
                bytes:[144]
        228     525440          0          0: 1160 1161 1105 1162 15 
                bytes:[2304]
      10923     524312          0          0: 541 542 543 544 722 1102 1163 15 
                bytes:[48]
      16384     524304          0          0: 655 287 288 150 59 60 61 1127 800 719 1096 1163 15 
                bytes:[32]
       2185     524408          0          0: 1164 1101 63 722 1102 1163 15 
                bytes:[240]
      10923     524312          0          0: 624 583 4 5 6 7 8 9 59 60 61 1107 63 719 1096 1163 15 
                bytes:[48]
      21845     524300          0          0: 565 178 179 180 4 5 6 7 8 9 59 60 61 1122 63 719 1096 1163 15 
                bytes:[24]
      10923     524312          0          0: 636 176 177 178 179 180 4 5 6 7 8 9 59 60 61 1109 1104 63 719 1096 1163 15 
                bytes:[48]
      10923     524312          0          0: 636 176 177 178 179 180 4 5 6 7 8 281 282 75 76 77 1100 63 719 1096 1163 15 
                bytes:[48]
       3641     524360          0          0: 1157 1102 1163 15 
                bytes:[144]
      10923     524312          0          0: 617 618 619 303 123 620 782 800 719 1096 1163 15 
                bytes:[48]
       4096     524352          0          0: 16 17 18 19 20 137 58 2 3 4 5 6 7 8 9 59 60 61 717 1103 63 722 1102 1163 15 
                bytes:[128]
      16384     524304          0          0: 109 58 2 3 4 5 6 7 8 9 59 60 61 1122 63 719 1096 1163 15 
                bytes:[32]
       2521     524392          0          0: 943 112 63 113 114 1165 15 
                bytes:[208]
       2731     524384          0          0: 400 123 246 127 128 113 114 1165 15 
                bytes:[192]
       1820     524432          0          0: 98 99 59 60 61 181 128 113 114 1165 15 
                bytes:[288]
       6554     524328          0          0: 80 81 67 68 69 237 71 
                bytes:[80]
       1024     524544          0          0: 1166 69 70 71 
                bytes:[512]
       1638     524448          0          0: 346 81 67 68 69 70 71 
                bytes:[320]
         64     528394          0          0: 184 153 185 736 292 293 294 295 46 1087 1088 1167 15 
                bytes:[8192]
       4096     524352          0          0: 57 58 2 3 4 5 6 7 8 281 282 75 76 77 1168 284 1169 1170 15 
                bytes:[128]
       4096     524352          0          0: 16 17 18 19 20 137 58 2 3 4 5 6 7 8 9 59 60 61 1107 63 719 1096 1163 15 
                bytes:[128]
      32768     524296          0          0: 641 642 643 644 3 4 5 6 7 8 9 59 60 61 1122 63 719 1096 1163 15 
                bytes:[16]
      16384     524304          0          0: 109 58 2 3 4 5 6 7 8 9 59 60 61 1127 800 722 1102 1163 15 
                bytes:[32]
      16384     524304          0          0: 369 303 123 304 532 1101 63 722 1102 1163 15 
                bytes:[32]
       2979     524376          0          0: 770 127 128 719 1096 1163 15 
                bytes:[176]
      16384     524304          0          0: 475 175 176 177 178 179 180 4 5 6 7 8 9 59 60 61 1109 1101 63 722 1102 1163 15 
                bytes:[32]
       4681     524344          0          0: 92 93 434 388 389 75 970 542 543 544 722 1102 1163 15 
                bytes:[112]
      32768     524296          0          0: 433 93 287 288 150 59 60 61 181 128 719 1096 1163 15 
                bytes:[16]
       4681     524344          0          0: 92 93 94 95 705 706 241 707 708 709 31 32 33 1165 15 
                bytes:[112]
        372     524992          0          0: 16 17 18 19 20 21 22 23 24 25 26 27 28 29 30 31 32 33 1165 15 
                bytes:[1408]
       6554     524328          0          0: 1171 1172 241 393 394 699 700 25 701 315 316 317 318 319 320 321 322 323 324 30 31 32 33 1165 15 
                bytes:[80]
      10923     524312          0          0: 636 176 177 178 179 180 4 5 6 7 8 9 10 11 1105 1162 15 
                bytes:[48]
        910     524576          0          0: 649 650 293 294 295 46 1087 1088 1167 15 
                bytes:[576]
       1820     524432          0          0: 98 99 59 60 61 1118 1119 63 1120 1116 1170 15 
                bytes:[288]
       1820     524432          0          0: 98 99 59 60 61 523 1104 63 719 1096 1163 15 
                bytes:[288]
       4681     524344          0          0: 92 93 287 288 150 59 60 61 183 782 800 719 1096 1163 15 
                bytes:[112]
      16384     524304          0          0: 475 175 176 177 178 179 180 4 5 6 7 8 9 59 60 61 1145 63 722 1102 1163 15 
                bytes:[32]
       4681     524344          0          0: 92 93 434 388 389 75 435 436 437 722 1102 1163 15 
                bytes:[112]
       4096     524352          0          0: 57 58 2 3 4 5 6 7 8 9 59 60 61 1107 63 719 1096 1163 15 
                bytes:[128]
      21846    1048624          0          0: 132 4 5 6 7 8 9 59 60 61 1127 800 719 1096 1163 15 
                bytes:[48]
      32768     524296          0          0: 1173 63 722 1102 1163 15 
                bytes:[16]
      32768     524296          0          0: 173 174 175 176 177 178 179 180 4 5 6 7 8 9 59 60 61 181 128 719 1096 1163 15 
                bytes:[16]
      16384     524304          0          0: 1174 302 303 123 304 532 1101 63 722 1102 1163 15 
                bytes:[32]
         19     538038          0          0: 72 46 1087 1088 1175 15 
                bytes:[27264]
        455     524864          0          0: 291 292 293 294 295 46 47 48 49 50 51 52 53 54 31 1176 15 
                bytes:[1152]
       3277     524368          0          0: 245 123 620 782 800 722 1102 1097 1177 15 
                bytes:[160]
      16384     524304          0          0: 475 175 176 177 178 179 180 4 5 6 7 8 9 59 60 61 1107 63 719 1096 1097 1177 15 
                bytes:[32]
      16384     524304          0          0: 475 175 176 177 178 179 180 4 5 6 7 8 9 59 60 61 717 718 63 719 1096 1097 1177 15 
                bytes:[32]
      32768     524296          0          0: 372 2 3 4 5 6 7 8 281 282 75 463 464 465 1178 1177 15 
                bytes:[16]
       1820     524432          0          0: 98 99 59 60 61 1145 63 722 1102 1097 1177 15 
                bytes:[288]
      16384     524304          0          0: 195 196 180 4 5 6 7 8 9 59 60 61 1109 1104 63 719 1096 1097 1177 15 
                bytes:[32]
      32768     524296          0          0: 1179 9 59 60 61 181 128 722 1102 1097 1177 15 
                bytes:[16]
       1024     524544          0          0: 16 17 18 19 20 21 22 23 24 25 26 27 28 29 30 31 32 1090 1177 15 
                bytes:[512]
         19     538038          0          0: 45 46 47 48 49 50 51 52 53 54 31 32 1090 1177 15 
                bytes:[27264]
       1489     524464          0          0: 375 22 23 24 25 26 27 28 29 30 31 32 33 1180 15 
                bytes:[352]
       2979     524376          0          0: 236 69 237 71 
                bytes:[176]
      10923     524312          0          0: 1181 46 326 662 663 
                bytes:[48]
       1638     524448          0          0: 16 17 18 19 20 21 22 23 24 25 26 27 28 29 30 31 32 33 1182 15 
                bytes:[320]
      32768     524296          0          0: 1183 1184 1185 1186 29 30 31 32 33 1182 15 
                bytes:[16]
      16384     524304          0          0: 602 394 395 23 24 25 26 27 28 29 30 31 32 33 1187 15 
                bytes:[32]
      21845     524300          0          0: 565 178 179 180 4 5 6 7 8 9 59 60 61 467 1188 79 1189 15 
                bytes:[24]
      81922    2621520          0          0: 973 878 69 70 71 
                bytes:[32]
       1820     524432          0          0: 98 99 10 11 553 371 1190 1191 15 
                bytes:[288]
       1489     524464          0          0: 1192 1193 1194 891 358 359 671 384 33 1190 1191 15 
                bytes:[352]
      21845     524300          0          0: 1195 268 269 339 271 63 272 340 745 845 846 227 1196 227 277 227 278 249 227 251 252 227 249 227 253 227 254 227 255 227 228 229 227 230 227 231 227 232 233 227 228 1197 
                bytes:[24]
       1820     524432          0          0: 98 99 59 60 61 832 1198 1199 1200 1201 1202 1203 227 1196 227 277 227 278 249 227 251 252 227 249 227 253 227 254 227 255 227 228 229 227 230 227 231 227 232 233 227 228 1197 
                bytes:[288]
      32768     524296          0          0: 1146 302 303 123 246 127 128 272 340 745 845 846 227 1196 227 277 227 278 249 227 251 252 227 249 227 253 227 254 227 255 227 228 229 227 230 227 231 227 232 233 227 228 1197 
                bytes:[16]
       6554     524328          0          0: 400 123 124 1204 495 496 497 227 228 229 227 230 227 231 227 232 233 227 228 1197 
                bytes:[80]
       1638     524448          0          0: 412 413 414 221 222 223 10 11 1205 15 
                bytes:[320]
        585     524736          0          0: 16 17 18 19 20 21 22 23 24 25 26 27 28 29 30 31 32 33 1190 1191 15 
                bytes:[896]
      32768     524296          0          0: 1206 1207 1208 70 71 
                bytes:[16]
        128     526338          0          0: 218 219 188 189 220 221 222 223 59 337 338 339 271 63 272 340 745 845 846 227 1196 227 277 227 278 249 227 251 252 227 249 227 253 227 254 227 255 227 228 229 227 230 227 231 227 232 233 227 228 1197 
                bytes:[4096]
      10923     524312          0          0: 73 309 223 59 60 61 100 101 90 91 1190 1209 15 
                bytes:[48]
       8192     524320          0          0: 1210 28 29 30 31 32 33 1190 1209 15 
                bytes:[64]
       7282    1048720          0          0: 236 69 237 71 
                bytes:[144]
       1489     524464          0          0: 80 81 67 68 69 70 71 
                bytes:[352]
         19     538038          0          0: 72 46 47 48 49 50 51 52 53 54 31 32 33 1190 1209 15 
                bytes:[27264]
        128     526338          0          0: 1211 1212 
                bytes:[4096]
        585     524736          0          0: 375 22 23 24 25 26 27 28 29 30 31 32 33 1190 1213 15 
                bytes:[896]
      32768     524296          0          0: 1214 646 28 29 30 31 32 33 1190 1213 15 
                bytes:[16]
        910     524576          0          0: 375 22 23 24 25 26 27 28 29 30 31 32 33 1190 1213 15 
                bytes:[576]
       3278    2098432          0          0: 448 69 70 71 
                bytes:[640]
        372     524992          0          0: 1215 1216 1217 1073 1074 1075 1076 1015 1218 1219 1220 15 
                bytes:[1408]
         16     540842          0          0: 1034 1029 1030 1035 1036 1037 1016 63 1017 1221 15 
                bytes:[32768]
         33    1081685          0          0: 1034 1029 1030 1035 1036 1037 1038 1222 15 
                bytes:[32768]
      10923     524312          0          0: 1223 210 1224 1225 15 
                bytes:[48]
         80     527558          0          0: 1226 1227 1228 1229 1230 1231 1224 1225 15 
                bytes:[6528]
      32768     524296          0          0: 1232 284 285 1233 1213 15 
                bytes:[16]
       2050    2099200          0          0: 1047 46 326 662 663 
                bytes:[1024]
       5461     524336          0          0: 557 1234 206 207 208 206 209 210 1224 1235 15 
                bytes:[96]
       2521     524392          0          0: 73 309 223 59 60 61 181 128 90 91 1190 1236 15 
                bytes:[208]
      10923     524312          0          0: 308 309 223 238 239 240 241 242 310 1237 315 316 317 1238 1239 1240 1241 29 30 31 32 33 1190 1236 15 
                bytes:[48]
      16384     524304          0          0: 109 58 2 3 4 5 6 7 8 9 59 60 61 100 513 79 1190 1236 15 
                bytes:[32]
       1260     524496          0          0: 375 22 23 24 25 26 27 28 29 30 31 32 33 1190 1242 15 
                bytes:[416]
      12289    1573056          0          0: 236 69 237 71 
                bytes:[128]
         19     538038          0          0: 45 46 47 48 49 50 51 52 53 54 31 32 33 1190 1242 15 
                bytes:[27264]
       1260     524496          0          0: 375 22 23 24 25 26 27 28 29 30 31 32 33 1190 1243 15 
                bytes:[416]
       8194    2097664          0          0: 346 81 67 68 69 70 71 
                bytes:[256]
       1638     524448          0          0: 1244 1245 15 
                bytes:[320]
       3277     524368          0          0: 904 203 204 1246 206 209 210 1224 1245 15 
                bytes:[160]
       1489     524464          0          0: 1247 358 359 671 821 33 1190 1248 15 
                bytes:[352]
       4096     524352          0          0: 16 17 18 19 20 137 58 2 3 4 5 6 7 8 9 10 11 1249 1250 227 254 227 255 227 228 229 227 230 227 231 227 232 233 227 228 1197 
                bytes:[128]
      32768     524296          0          0: 1251 1252 4 5 6 7 8 281 282 75 76 77 343 331 284 285 1233 1248 15 
                bytes:[16]
       2185     524408          0          0: 1253 781 1190 1248 15 
                bytes:[240]
      10923     524312          0          0: 1254 69 237 71 
                bytes:[48]
       4096     524352          0          0: 57 58 2 3 4 5 6 7 8 9 59 60 61 1255 1256 1200 1201 1202 1203 227 1196 227 277 227 278 249 227 251 252 227 249 227 253 227 254 227 255 227 228 229 227 230 227 231 227 232 233 227 228 1197 
                bytes:[128]
      16384     524304          0          0: 1257 1258 227 251 252 227 249 227 253 227 254 227 255 227 228 229 227 230 227 231 227 232 233 227 228 1197 
                bytes:[32]
       1260     524496          0          0: 1259 462 75 76 77 373 89 63 90 91 1190 1248 15 
                bytes:[416]
      16384     524304          0          0: 602 394 395 23 24 25 26 27 28 29 30 31 32 33 1190 1248 15 
                bytes:[32]
       2048     524416          0          0: 380 29 30 31 32 33 1190 1248 15 
                bytes:[256]
       5461     524336          0          0: 375 22 23 24 25 26 27 28 29 30 31 32 33 1190 1248 15 
                bytes:[96]
        910     524576          0          0: 375 22 23 24 25 26 27 28 29 30 31 32 33 1190 1248 15 
                bytes:[576]
      10923     524312          0          0: 624 583 4 5 6 7 8 9 59 60 61 476 79 1190 1248 15 
                bytes:[48]
        455     524864          0          0: 375 22 23 24 25 26 27 28 29 30 31 32 33 1190 1248 15 
                bytes:[1152]
         39    1076076          0          0: 72 46 47 48 49 50 51 52 53 54 31 32 33 1190 1248 15 
                bytes:[27264]
      32768     524296          0          0: 1130 642 643 644 3 4 5 6 7 8 9 59 60 61 1260 1261 1262 1201 1202 1203 227 1196 227 277 227 278 249 227 251 252 227 249 227 253 227 254 227 255 227 228 229 227 230 227 231 227 232 233 227 228 1197 
                bytes:[16]
         85     527365          0          0: 1263 1264 1265 1266 1267 1268 1269 1224 1245 15 
                bytes:[6144]
       1820     524432          0          0: 98 99 59 60 61 62 63 64 65 1190 1248 15 
                bytes:[288]
       1170     524512          0          0: 346 81 67 68 69 70 71 
                bytes:[448]
      16384     524304          0          0: 1270 1271 1272 227 1196 227 277 227 278 249 227 251 252 227 249 227 253 227 254 227 255 227 228 229 227 230 227 231 227 232 233 227 228 1197 
                bytes:[32]
      21845     524300          0          0: 1273 268 269 339 271 63 272 340 416 1274 227 1196 227 277 227 278 249 227 251 252 227 249 227 253 227 254 227 255 227 228 229 227 230 227 231 227 232 233 227 228 1197 
                bytes:[24]
       1820     524432          0          0: 98 99 59 60 61 335 79 1190 1248 15 
                bytes:[288]
       2048     524416          0          0: 245 123 304 1275 1256 1200 1201 1202 1203 227 1196 227 277 227 278 249 227 251 252 227 249 227 253 227 254 227 255 227 228 229 227 230 227 231 227 232 233 227 228 1197 
                bytes:[256]
       1024     524544          0          0: 375 22 23 24 25 26 27 28 29 30 31 32 33 1190 1248 15 
                bytes:[512]
       8192     524320          0          0: 1210 28 29 30 31 32 33 1276 15 
                bytes:[64]
      16386    2097408          0          0: 448 69 70 71 
                bytes:[128]
       1025    1049600          0          0: 448 69 70 71 
                bytes:[1024]
      10923     524312          0          0: 1277 293 294 295 46 326 327 
                bytes:[48]
      16384     524304          0          0: 1278 219 188 189 650 293 294 295 46 326 327 
                bytes:[32]
       2048     524416          0          0: 245 123 124 304 472 724 1279 15 
                bytes:[256]
      32768     524296          0          0: 789 790 959 1280 961 69 70 71 
                bytes:[16]
       1564    4205065          0          0: 1281 327 
                bytes:[2688]
       4096     524352          0          0: 757 547 548 26 27 28 29 30 31 32 33 1282 15 
                bytes:[128]
      54615    2621560          0          0: 236 69 237 71 
                bytes:[48]
         19     538038          0          0: 45 46 47 48 49 50 51 52 53 54 31 32 33 1283 15 
                bytes:[27264]
       3277     524368          0          0: 306 310 862 1186 29 30 31 32 33 1283 15 
                bytes:[160]
       1170     524512          0          0: 16 17 18 19 20 21 22 23 24 25 26 27 28 29 30 31 32 33 1284 15 
                bytes:[448]
      10923    1048672          0          0: 448 69 70 71 
                bytes:[96]
       2521    1048992          0          0: 448 69 70 71 
                bytes:[416]
         19     538038          0          0: 72 46 47 48 49 50 51 52 53 54 31 32 33 1285 15 
                bytes:[27264]
       1024     524544          0          0: 16 17 18 19 20 21 22 23 24 25 26 27 28 29 30 31 32 33 1286 15 
                bytes:[512]
       4097    1048832          0          0: 236 69 70 71 
                bytes:[256]
        473   12912915          0          0: 72 46 326 662 663 
                bytes:[27264]
         16     540842          0          0: 1034 1029 1030 1035 1036 1037 1016 63 1017 1287 1288 15 
                bytes:[32768]
        128     526338          0          0: 1052 1289 1290 1291 1292 1056 1015 1038 1293 1288 15 
                bytes:[4096]
       2048     524416          0          0: 245 123 304 532 1138 63 1120 1294 1295 15 
                bytes:[256]
      10923     524312          0          0: 1071 1072 1073 1074 1075 1076 1015 1016 63 1017 1287 1296 15 
                bytes:[48]
       4096     524352          0          0: 16 17 18 19 20 21 22 23 24 25 26 27 28 29 30 31 32 33 1297 15 
                bytes:[128]
       4096     524352          0          0: 80 81 67 68 69 237 71 
                bytes:[128]
     109229    2621500          0          0: 1298 153 1299 878 69 70 71 
                bytes:[24]
      10923     524312          0          0: 1277 293 294 295 46 1087 1088 1300 15 
                bytes:[48]
         19     538038          0          0: 72 46 1087 1088 1301 15 
                bytes:[27264]
       8192     524320          0          0: 1302 1303 1304 19 20 137 58 2 3 4 5 6 7 8 281 282 75 76 77 373 374 63 64 65 1305 15 
                bytes:[64]
        293     525184          0          0: 375 22 23 24 25 26 27 28 29 30 31 32 33 1305 15 
                bytes:[1792]
       1092     524528          0          0: 375 22 23 24 25 26 27 28 29 30 31 32 33 1306 15 
                bytes:[480]
       1024     524544          0          0: 16 17 18 19 20 21 22 23 24 25 26 27 28 29 30 31 32 33 1306 15 
                bytes:[512]
      10923     524312          0          0: 132 4 5 6 7 8 9 59 60 61 181 128 1307 1308 1309 1310 1311 
                bytes:[48]
        128     526338          0          0: 1312 1054 1055 1056 1313 1219 1311 
                bytes:[4096]
        128     526338          0          0: 1052 1053 1054 1055 1056 1313 1219 1311 
                bytes:[4096]
         16     540842          0          0: 1034 1029 1030 1031 1032 1033 1218 1219 1311 
                bytes:[32768]
      32768     524296          0          0: 1314 219 188 189 220 221 222 223 59 60 61 523 1315 1316 63 1307 1317 1311 
                bytes:[16]
        745     524640          0          0: 1318 1319 853 1320 15 
                bytes:[704]
         16     540842          0          0: 1034 1029 1030 1031 1032 1033 1016 63 1017 1321 15 
                bytes:[32768]
         16     540842          0          0: 1034 1029 1030 1035 1036 1037 1016 63 1017 1321 15 
                bytes:[32768]
         16     540842          0          0: 1034 1029 1030 1035 1036 1037 1038 1322 15 
                bytes:[32768]
        910     524576          0          0: 375 22 23 24 25 26 27 28 29 30 31 32 33 1323 15 
                bytes:[576]
      90117    5767520          0          0: 236 69 237 71 
                bytes:[64]
         19     538038          0          0: 45 46 47 48 49 50 51 52 53 54 31 32 33 1323 15 
                bytes:[27264]
         16     540842          0          0: 1034 1029 1030 1035 1036 1037 1016 63 1017 1324 15 
                bytes:[32768]
      16384     524304          0          0: 195 196 180 4 5 6 7 8 9 59 60 61 459 63 64 65 1325 15 
                bytes:[32]
      16384     524304          0          0: 369 303 123 1041 101 90 91 1325 15 
                bytes:[32]
      76462    3670184          0          0: 236 69 70 71 
                bytes:[48]
       2308    4727813          0          0: 346 81 67 68 69 70 71 
                bytes:[2048]
         19     538038          0          0: 72 46 47 48 49 50 51 52 53 54 31 32 33 1325 15 
                bytes:[27264]
      38232    3670352          0          0: 333 69 70 71 
                bytes:[96]
         19     538038          0          0: 45 46 47 48 49 50 51 52 53 54 31 32 33 1326 15 
                bytes:[27264]
      10923     524312          0          0: 1327 1328 1329 695 1058 698 358 359 671 384 33 1326 15 
                bytes:[48]
       1820     524432          0          0: 16 17 18 19 20 21 22 23 24 25 26 27 28 29 30 31 32 33 1330 15 
                bytes:[288]
       2521     524392          0          0: 152 153 154 262 22 23 24 25 26 27 28 29 30 31 32 33 1331 15 
                bytes:[208]
      21845     524300          0          0: 136 137 58 2 3 4 5 6 7 8 281 282 75 76 77 373 89 63 90 91 1332 15 
                bytes:[24]
       6554    1048736          0          0: 236 69 70 71 
                bytes:[160]
       2521     524392          0          0: 73 309 223 10 11 910 911 91 1333 15 
                bytes:[208]
      16384     524304          0          0: 1334 1335 843 295 46 326 327 
                bytes:[32]
       8192     524320          0          0: 1302 1303 1304 19 20 137 58 2 3 4 5 6 7 8 281 282 75 76 77 512 1336 63 534 1337 1338 15 
                bytes:[64]
      32768     524296          0          0: 397 2 3 4 5 6 7 8 281 282 75 76 77 373 374 63 64 65 1339 15 
                bytes:[16]
        455     524864          0          0: 346 81 67 68 69 70 71 
                bytes:[1152]
         19     538038          0          0: 45 46 47 48 49 50 51 52 53 54 31 32 33 1339 15 
                bytes:[27264]
      32768     524296          0          0: 173 174 175 176 177 178 179 180 4 5 6 7 8 9 59 60 61 520 63 113 114 1340 15 
                bytes:[16]
       1820     524432          0          0: 1341 79 1340 15 
                bytes:[288]
       3641     524360          0          0: 375 22 23 24 25 26 27 28 29 30 31 32 33 1340 15 
                bytes:[144]
       1820     524432          0          0: 98 99 10 11 553 371 1342 15 
                bytes:[288]
       6554     524328          0          0: 778 779 282 75 76 77 1343 79 1342 15 
                bytes:[80]
       8192     524320          0          0: 375 645 646 28 29 30 31 32 33 1342 15 
                bytes:[64]
         19     538038          0          0: 45 46 47 48 49 50 51 52 53 54 31 32 33 1342 15 
                bytes:[27264]
        391    1051266          0          0: 1344 327 
                bytes:[2688]
         16     540842          0          0: 1034 1029 1030 1035 1036 1037 1016 63 1017 1345 15 
                bytes:[32768]
         16     540842          0          0: 1034 1029 1030 1031 1032 1033 1016 63 1017 1345 15 
                bytes:[32768]
         19     538038          0          0: 72 46 47 48 49 50 51 52 53 54 31 32 33 1346 15 
                bytes:[27264]
       1756    1574208          0          0: 448 69 70 71 
                bytes:[896]
       2521     524392          0          0: 1347 775 776 31 32 33 1348 15 
                bytes:[208]
       1820     524432          0          0: 638 221 222 223 59 60 61 485 533 63 534 1349 
                bytes:[288]
       4096     524352          0          0: 57 58 2 3 4 5 6 7 8 9 59 60 61 787 63 90 91 1350 15 
                bytes:[128]
       8193    1048704          0          0: 346 81 67 68 69 237 71 
                bytes:[128]
       1822    2099456          0          0: 969 327 
                bytes:[1152]
      32768     524296          0          0: 803 409 410 411 25 26 27 28 29 30 31 32 33 1351 15 
                bytes:[16]
       4681     524344          0          0: 92 93 434 388 389 75 463 464 685 686 320 321 687 688 689 690 691 
                bytes:[112]
       6554     524328          0          0: 448 69 70 71 
                bytes:[80]
         19     538038          0          0: 72 46 47 48 49 50 51 52 53 54 31 32 33 1352 15 
                bytes:[27264]
       2185     524408          0          0: 236 69 70 71 
                bytes:[240]
      65537    1572900          0          0: 789 790 959 1280 961 69 237 71 
                bytes:[24]
       1822    2099456          0          0: 291 292 293 294 295 46 326 327 
                bytes:[1152]
       3277     524368          0          0: 80 81 67 68 69 70 71 
                bytes:[160]
        341     525056          0          0: 440 441 442 388 389 75 390 391 392 241 393 394 395 23 24 25 26 27 28 29 30 1353 15 
                bytes:[1536]
        341     525056          0          0: 16 17 18 19 20 21 22 23 24 25 26 27 28 29 1354 15 
                bytes:[1536]
      65539    3145872          0          0: 333 69 70 71 
                bytes:[48]
      18726    2097376          0          0: 333 69 70 71 
                bytes:[112]
         66    2163370          0          0: 1355 1356 1357 259 
                bytes:[32768]
       3277     524368          0          0: 400 123 124 620 1358 1359 1360 227 255 227 228 229 227 230 227 231 227 232 233 227 228 256 1361 15 
                bytes:[160]
         64     528394          0          0: 184 153 185 736 292 293 294 295 46 47 48 49 50 51 52 53 54 31 32 33 1362 15 
                bytes:[8192]
      32768     524296          0          0: 854 683 389 75 390 391 392 241 393 394 395 23 24 25 26 27 28 29 30 31 32 33 1363 15 
                bytes:[16]
       3641     524360          0          0: 404 405 203 204 540 206 207 208 206 209 210 1364 15 
                bytes:[144]
       4096     524352          0          0: 1365 206 209 210 1364 15 
                bytes:[128]
       1489     524464          0          0: 1366 1367 1368 210 1364 15 
                bytes:[352]
        293     525184          0          0: 1369 148 149 150 1370 1371 1372 1373 1374 1375 
                bytes:[1792]
       2521     524392          0          0: 943 532 931 63 364 365 366 227 249 227 250 227 251 252 227 249 227 251 252 227 249 227 253 227 254 227 255 227 228 229 227 230 227 231 227 232 233 227 228 256 1376 15 
                bytes:[208]
       8192     524320          0          0: 1377 527 528 1378 1379 1380 227 228 229 227 230 227 231 227 232 233 227 228 256 1381 15 
                bytes:[64]
      10923     524312          0          0: 636 176 177 178 179 180 4 5 6 7 8 9 59 60 61 1382 1383 1384 63 1120 1385 1386 227 249 227 250 227 251 252 227 249 227 251 252 227 249 227 253 227 254 227 255 227 228 229 227 230 227 231 227 232 233 227 228 256 1387 15 
                bytes:[48]
       2521     524392          0          0: 152 153 154 155 58 2 3 4 5 6 7 8 281 282 75 76 77 1136 63 1120 1385 1386 227 249 227 250 227 251 252 227 249 227 251 252 227 249 227 253 227 254 227 255 227 228 229 227 230 227 231 227 232 233 227 228 256 1387 15 
                bytes:[208]
         16     540842          0          0: 1034 1029 1030 1031 1032 1033 1016 63 1017 1388 227 249 227 250 227 251 252 227 249 227 251 252 227 249 227 253 227 510 227 255 227 228 229 227 230 227 231 227 232 233 227 228 256 1389 15 
                bytes:[32768]
       2521     524392          0          0: 152 153 154 155 58 2 3 4 5 6 7 8 281 282 75 76 77 637 1390 227 249 227 251 252 227 249 227 253 227 749 227 1391 227 228 229 227 230 227 231 227 232 233 227 228 256 1392 15 
                bytes:[208]
      10923     524312          0          0: 611 612 214 122 123 802 1390 227 249 227 251 252 227 249 227 253 227 749 227 1391 227 228 229 227 230 227 231 227 232 233 227 228 256 1392 15 
                bytes:[48]
       2521     524392          0          0: 152 153 154 1393 1394 1395 1396 1397 1398 1399 1400 1401 1212 
                bytes:[208]
        585     524736          0          0: 375 22 23 24 25 26 27 28 29 30 31 32 33 1402 15 
                bytes:[896]
         19     538038          0          0: 45 46 47 48 49 50 51 52 53 54 31 32 33 1402 15 
                bytes:[27264]
       3641     524360          0          0: 404 405 203 348 1403 350 730 206 209 210 896 1404 15 
                bytes:[144]
      32768     524296          0          0: 1130 642 643 644 3 4 5 6 7 8 9 59 60 61 467 536 63 113 114 1405 15 
                bytes:[16]
     120154    5767432          0          0: 328 1406 69 70 71 
                bytes:[48]
       1490    1049280          0          0: 448 69 70 71 
                bytes:[704]
       8192     524320          0          0: 73 309 223 10 11 1407 15 
                bytes:[64]
       8192     524320          0          0: 739 204 1408 350 559 206 209 210 896 1409 15 
                bytes:[64]
        128     526338          0          0: 198 913 1410 15 
                bytes:[4096]
      32768     524296          0          0: 1130 642 643 644 3 4 5 6 7 8 9 59 60 61 1411 63 1120 1385 1386 227 249 227 250 227 251 252 227 249 227 251 252 227 249 227 253 227 254 227 255 227 228 229 227 230 227 231 227 232 233 227 228 256 1412 15 
                bytes:[16]
       4096     524352          0          0: 375 22 23 24 25 26 27 28 29 30 31 32 33 1413 15 
                bytes:[128]
       2731     524384          0          0: 758 458 293 294 295 46 326 327 
                bytes:[192]
        585     524736          0          0: 336 219 188 189 190 191 148 149 150 59 60 61 100 101 90 91 1414 15 
                bytes:[896]
        513   13988991          0          0: 45 46 326 662 663 
                bytes:[27264]
        128     526338          0          0: 1415 1416 1417 1418 1419 1420 1421 1422 1375 
                bytes:[4096]
       4681     524344          0          0: 443 287 288 150 10 11 1423 1261 1309 1424 1420 1421 1422 1375 
                bytes:[112]
       2341     524400          0          0: 630 1425 1426 63 1427 1428 15 
                bytes:[224]
        910     524576          0          0: 375 22 23 24 25 26 27 28 29 30 31 32 33 1429 15 
                bytes:[576]
        512     524800          0          0: 375 22 23 24 25 26 27 28 29 30 31 32 33 1430 15 
                bytes:[1024]
       1024     524544          0          0: 1431 38 39 40 41 42 43 44 31 32 33 1430 15 
                bytes:[512]
      65536     524292          0          0: 1432 971 1433 227 249 227 250 227 251 252 227 249 227 251 252 227 249 227 253 227 254 227 255 227 228 229 227 230 227 231 227 232 233 227 228 256 1434 15 
                bytes:[8]
      21845     524300          0          0: 1435 1436 1398 1399 1400 1401 1212 
                bytes:[24]
      10923     524312          0          0: 611 612 214 122 123 304 532 931 63 364 418 227 249 227 250 227 251 252 227 249 227 251 252 227 249 227 253 227 254 227 255 227 228 229 227 230 227 231 227 232 233 227 228 256 1437 15 
                bytes:[48]
         99    3245055          0          0: 1438 1356 1357 259 
                bytes:[32768]
       3641     524360          0          0: 1439 1440 1269 1441 15 
                bytes:[144]
       1170     524512          0          0: 448 69 70 71 
                bytes:[448]
       1171    1049472          0          0: 346 81 67 68 69 70 71 
                bytes:[896]
       4681     524344          0          0: 1442 486 63 473 1443 15 
                bytes:[112]
      10923     524312          0          0: 1444 1445 431 79 1446 15 
                bytes:[48]
      32768     524296          0          0: 182 178 179 180 4 5 6 7 8 9 59 60 61 522 79 1446 15 
                bytes:[16]
       8193    1048704          0          0: 767 768 769 69 70 71 
                bytes:[128]
      14044    1573032          0          0: 454 1447 
                bytes:[112]
      21845     524300          0          0: 565 178 179 180 4 5 6 7 8 281 282 75 463 464 780 781 1448 15 
                bytes:[24]
       3277    1048896          0          0: 1449 46 326 327 
                bytes:[320]
        512     524800          0          0: 1047 46 47 48 49 50 51 52 53 54 31 1450 15 
                bytes:[1024]
       6554     524328          0          0: 375 408 409 410 411 25 26 27 28 29 30 31 32 33 1451 15 
                bytes:[80]
        410     524928          0          0: 448 69 70 71 
                bytes:[1280]
      10923     524312          0          0: 636 176 177 178 179 180 4 5 6 7 8 281 282 75 76 77 954 1452 15 
                bytes:[48]
       1170     524512          0          0: 375 22 23 24 25 26 27 28 29 30 31 32 33 1453 15 
                bytes:[448]
      18206    2621800          0          0: 333 69 70 71 
                bytes:[144]
         19     538038          0          0: 72 46 47 48 49 50 51 52 53 54 31 32 33 1454 15 
                bytes:[27264]
      32768     524296          0          0: 173 174 175 176 177 178 179 180 4 5 6 7 8 9 59 60 61 1455 63 507 1456 15 
                bytes:[16]
      16386    2097408          0          0: 333 69 237 71 
                bytes:[128]
       1025    1049600          0          0: 346 81 67 68 69 70 71 
                bytes:[1024]
       1489     524464          0          0: 375 22 23 24 25 26 27 28 29 30 31 32 33 1457 15 
                bytes:[352]
     124527    9962232          0          0: 236 69 70 71 
                bytes:[80]
     106502    6816160          0          0: 236 69 70 71 
                bytes:[64]
       1026    2101250          0          0: 80 81 67 68 69 70 71 
                bytes:[2048]
       1361   37124631          0          0: 45 46 326 327 
                bytes:[27264]
       2731     524384          0          0: 126 127 128 1458 1459 15 
                bytes:[192]
         80     527558          0          0: 1460 1461 320 321 1462 1463 1464 1459 15 
                bytes:[6528]
       1260     524496          0          0: 1465 63 1458 1466 15 
                bytes:[416]
      76465    7340704          0          0: 236 69 70 71 
                bytes:[96]
       1639    1049216          0          0: 346 81 67 68 69 70 71 
                bytes:[640]
        967    7925919          0          0: 184 153 185 736 292 293 294 295 46 326 327 
                bytes:[8192]
      16384     524304          0          0: 369 303 123 1467 79 1468 15 
                bytes:[32]
       1366    1574592          0          0: 80 81 67 68 69 70 71 
                bytes:[1152]
     104865    8389248          0          0: 333 69 70 71 
                bytes:[80]
      57347    3670240          0          0: 333 69 70 71 
                bytes:[64]
       1820     524432          0          0: 98 99 59 60 61 467 468 63 64 65 1469 15 
                bytes:[288]
       2185     524408          0          0: 1470 1471 1472 
                bytes:[240]
         19     538038          0          0: 45 46 47 48 49 50 51 52 53 54 31 1473 1474 15 
                bytes:[27264]
         19     538038          0          0: 45 46 47 48 49 50 51 52 53 54 1475 15 
                bytes:[27264]
         19     538038          0          0: 45 46 47 48 49 50 51 52 53 54 31 1473 1476 15 
                bytes:[27264]
       2732    1573728          0          0: 448 69 70 71 
                bytes:[576]
       2521     524392          0          0: 1259 222 223 10 11 1477 1474 15 
                bytes:[208]
      43691    1048600          0          0: 789 790 959 1280 961 69 70 71 
                bytes:[24]
      54618    5243360          0          0: 236 69 237 71 
                bytes:[96]
      32768     524296          0          0: 773 1478 1479 243 50 51 52 53 1480 31 1473 1481 15 
                bytes:[16]
       4681     524344          0          0: 92 93 434 388 389 75 390 391 392 241 393 394 395 23 24 25 26 27 28 29 30 31 1473 1482 1483 15 
                bytes:[112]
        293     525184          0          0: 375 22 23 24 25 26 27 28 29 30 31 1473 1482 1483 15 
                bytes:[1792]
      21845     524300          0          0: 1484 46 47 48 49 50 51 52 53 54 31 1473 1482 1483 15 
                bytes:[24]
       1559   42505013          0          0: 72 46 326 327 
                bytes:[27264]
     157298   12583872          0          0: 236 69 237 71 
                bytes:[80]
       9363    1048688          0          0: 443 94 95 96 97 
                bytes:[112]
       1092     524528          0          0: 375 22 23 24 25 26 27 28 29 30 31 1473 1482 1485 15 
                bytes:[480]
        391    1051266          0          0: 1344 662 663 
                bytes:[2688]
     458766   14680512          0          0: 1486 878 69 70 71 
                bytes:[32]
       5461     524336          0          0: 80 81 67 68 69 70 71 
                bytes:[96]
      32771    3670408          0          0: 236 69 70 71 
                bytes:[112]
         19     538038          0          0: 72 46 47 48 49 50 51 52 53 54 31 1473 1482 1487 15 
                bytes:[27264]
       3277     524368          0          0: 713 681 219 188 682 683 389 75 390 391 392 241 393 394 395 23 24 25 26 27 28 29 30 31 1473 1482 1488 15 
                bytes:[160]
      21845     524300          0          0: 1489 1490 378 379 28 29 30 31 1473 1482 1488 15 
                bytes:[24]
      10923     524312          0          0: 1171 1491 241 242 310 1237 315 316 317 1238 1239 1240 1241 29 30 31 1473 1482 1488 15 
                bytes:[48]
       2068  135530452          0          0: 1492 153 1299 974 69 237 71 
                bytes:[65536]
       1029   67486357          0          0: 1492 153 1493 69 70 71 
                bytes:[65536]
         19     538038          0          0: 72 46 47 48 49 50 51 52 53 54 31 1473 1482 1488 15 
                bytes:[27264]
    2293795   36700720          0          0: 973 878 69 70 71 
                bytes:[16]
       1638     524448          0          0: 80 81 67 68 69 70 71 
                bytes:[320]
       1429   93700066          0          0: 1492 153 1493 69 237 71 
                bytes:[65536]
        585     524736          0          0: 334 42 43 44 31 1473 1482 1488 15 
                bytes:[896]
      32771    3146016          0          0: 333 69 237 71 
                bytes:[96]
       4099    3148032          0          0: 448 69 70 71 
                bytes:[768]
      90261 5915374413          0          0: 1492 153 1299 878 69 70 71 
                bytes:[65536]
        108     526723          0          0: 1494 1495 1496 1497 1498 1499 1500 
                bytes:[4864]
       2521     524392       2521     524392: 1501 1499 1500 
                bytes:[208]
         49    1622527          0          0: 1034 1029 1030 1031 1502 1503 1499 1500 
                bytes:[32768]
         33    1081685          0          0: 1034 1029 1030 1504 1499 1500 
                bytes:[32768]
       1170     524512       1170     524512: 1505 1506 1507 1508 
                bytes:[448]
Locations
     1: 0xac030c M=1 github.com/jackc/pgx/v5/pgtype.newEncodeError /workspace/tabmail-cloud/gomod/github.com/jackc/pgx/v5@v5.10.0/pgtype/pgtype.go:1963:0 s=1945
     2: 0xac0749 M=1 github.com/jackc/pgx/v5/pgtype.(*Map).Encode /workspace/tabmail-cloud/gomod/github.com/jackc/pgx/v5@v5.10.0/pgtype/pgtype.go:1985:0 s=1969
     3: 0xab84aa M=1 github.com/jackc/pgx/v5/pgtype.(*encodePlanDriverValuer).Encode /workspace/tabmail-cloud/gomod/github.com/jackc/pgx/v5@v5.10.0/pgtype/pgtype.go:1311:0 s=1298
     4: 0xac064b M=1 github.com/jackc/pgx/v5/pgtype.(*Map).Encode /workspace/tabmail-cloud/gomod/github.com/jackc/pgx/v5@v5.10.0/pgtype/pgtype.go:1988:0 s=1969
     5: 0xc6365b M=1 github.com/jackc/pgx/v5.(*ExtendedQueryBuilder).encodeExtendedParamValue /workspace/tabmail-cloud/gomod/github.com/jackc/pgx/v5@v5.10.0/extended_query_builder.go:125:0 s=118
     6: 0xc63267 M=1 github.com/jackc/pgx/v5.(*ExtendedQueryBuilder).appendParam /workspace/tabmail-cloud/gomod/github.com/jackc/pgx/v5@v5.10.0/extended_query_builder.go:79:0 s=56
     7: 0xc631b0 M=1 github.com/jackc/pgx/v5.(*ExtendedQueryBuilder).appendParam /workspace/tabmail-cloud/gomod/github.com/jackc/pgx/v5@v5.10.0/extended_query_builder.go:59:0 s=56
     8: 0xc62a84 M=1 github.com/jackc/pgx/v5.(*ExtendedQueryBuilder).Build /workspace/tabmail-cloud/gomod/github.com/jackc/pgx/v5@v5.10.0/extended_query_builder.go:40:0 s=21
     9: 0xc53ac4 M=1 github.com/jackc/pgx/v5.(*Conn).Query /workspace/tabmail-cloud/gomod/github.com/jackc/pgx/v5@v5.10.0/conn.go:828:0 s=751
    10: 0xeade66 M=1 github.com/jackc/pgx/v5.(*Conn).QueryRow /workspace/tabmail-cloud/gomod/github.com/jackc/pgx/v5@v5.10.0/conn.go:932:0 s=931
             github.com/jackc/pgx/v5/pgxpool.(*Conn).QueryRow /workspace/tabmail-cloud/gomod/github.com/jackc/pgx/v5@v5.10.0/pgxpool/conn.go:94:0 s=93
    11: 0xeb488f M=1 github.com/jackc/pgx/v5/pgxpool.(*Pool).QueryRow /workspace/tabmail-cloud/gomod/github.com/jackc/pgx/v5@v5.10.0/pgxpool/pool.go:780:0 s=774
    12: 0x101896a M=1 tabmail/internal/store/postgres.(*PgStore).GetPermissionProfile /workspace/tabmail/internal/store/postgres/permissions.go:38:0 s=37
    13: 0x18c8489 M=1 tabmail/internal/store/postgres_test.r5PermissionAuthorityProfile /workspace/tabmail/internal/store/postgres/r5_permission_authority_matrix_test.go:69:0 s=65
    14: 0x18d22a4 M=1 tabmail/internal/store/postgres_test.TestR5PermissionAuthorityMatrixLockWaitRecheck.func1 /workspace/tabmail/internal/store/postgres/r5_permission_authority_matrix_test.go:297:0 s=294
    15: 0x62e93c M=1 testing.tRunner /workspace/tabmail-cloud/tools/go/src/testing/testing.go:1934:0 s=1774
    16: 0x5bd75c M=1 fmt.(*buffer).writeString /workspace/tabmail-cloud/tools/go/src/fmt/print.go:108:0 s=107
             fmt.(*fmt).padString /workspace/tabmail-cloud/tools/go/src/fmt/format.go:113:0 s=111
    17: 0x5bef74 M=1 fmt.(*fmt).fmtS /workspace/tabmail-cloud/tools/go/src/fmt/format.go:362:0 s=360
    18: 0x5c3955 M=1 fmt.(*pp).fmtString /workspace/tabmail-cloud/tools/go/src/fmt/print.go:497:0 s=488
    19: 0x5c6297 M=1 fmt.(*pp).printArg /workspace/tabmail-cloud/tools/go/src/fmt/print.go:741:0 s=681
    20: 0x5cb0bc M=1 fmt.(*pp).doPrintf /workspace/tabmail-cloud/tools/go/src/fmt/print.go:1074:0 s=1019
    21: 0x5c171c M=1 fmt.Sprintf /workspace/tabmail-cloud/tools/go/src/fmt/print.go:239:0 s=237
    22: 0xf07b44 M=1 github.com/pressly/goose/v3.(*Provider).runSQL /workspace/goose-buffer-experiment/candidate/provider_run.go:522:0 s=510
    23: 0xf06fd4 M=1 github.com/pressly/goose/v3.(*Provider).runMigration /workspace/goose-buffer-experiment/candidate/provider_run.go:471:0 s=466
    24: 0xf04b65 M=1 github.com/pressly/goose/v3.(*Provider).runIndividually.func1 /workspace/goose-buffer-experiment/candidate/provider_run.go:215:0 s=214
    25: 0xf04ebb M=1 github.com/pressly/goose/v3.beginTx /workspace/goose-buffer-experiment/candidate/provider_run.go:271:0 s=261
    26: 0xf04a44 M=1 github.com/pressly/goose/v3.(*Provider).runIndividually /workspace/goose-buffer-experiment/candidate/provider_run.go:214:0 s=203
    27: 0xf0404c M=1 github.com/pressly/goose/v3.(*Provider).runMigrations /workspace/goose-buffer-experiment/candidate/provider_run.go:158:0 s=96
    28: 0xefdc6b M=1 github.com/pressly/goose/v3.(*Provider).up /workspace/goose-buffer-experiment/candidate/provider.go:409:0 s=347
    29: 0xefc811 M=1 github.com/pressly/goose/v3.(*Provider).Up /workspace/goose-buffer-experiment/candidate/provider.go:252:0 s=244
    30: 0xfd56f7 M=1 tabmail/internal/store/postgres.Migrate /workspace/tabmail/internal/store/postgres/migrate.go:79:0 s=28
    31: 0x101e575 M=1 tabmail/internal/store/postgres.New /workspace/tabmail/internal/store/postgres/postgres.go:38:0 s=21
    32: 0x175720e M=1 tabmail/internal/testpg.NewPostgres /workspace/tabmail/internal/testpg/fixture.go:55:0 s=21
    33: 0x17a3371 M=1 tabmail/internal/store/postgres_test.seedCompany /workspace/tabmail/internal/store/postgres/company_workflows_test.go:36:0 s=33
    34: 0x18c77d2 M=1 tabmail/internal/store/postgres_test.r5PermissionAuthoritySeed /workspace/tabmail/internal/store/postgres/r5_permission_authority_matrix_test.go:26:0 s=21
    35: 0x18d1b04 M=1 tabmail/internal/store/postgres_test.TestR5PermissionAuthorityMatrixLockWaitRecheck.func1 /workspace/tabmail/internal/store/postgres/r5_permission_authority_matrix_test.go:295:0 s=294
    36: 0x51e956 M=1 path.Join /workspace/tabmail-cloud/tools/go/src/path/path.go:163:0 s=155
    37: 0x525504 M=1 io/fs.glob /workspace/tabmail-cloud/tools/go/src/io/fs/glob.go:113:0 s=99
    38: 0x525084 M=1 io/fs.globWithLimit /workspace/tabmail-cloud/tools/go/src/io/fs/glob.go:63:0 s=37
    39: 0x52863d M=1 io/fs.Glob /workspace/tabmail-cloud/tools/go/src/io/fs/glob.go:34:0 s=33
             io/fs.(*subFS).Glob /workspace/tabmail-cloud/tools/go/src/io/fs/sub.go:149:0 s=139
    40: 0x524db1 M=1 io/fs.globWithLimit /workspace/tabmail-cloud/tools/go/src/io/fs/glob.go:45:0 s=37
    41: 0xeffeee M=1 io/fs.Glob /workspace/tabmail-cloud/tools/go/src/io/fs/glob.go:34:0 s=33
             github.com/pressly/goose/v3.collectFilesystemSources /workspace/goose-buffer-experiment/candidate/provider_collect.go:42:0 s=27
    42: 0xefbf84 M=1 github.com/pressly/goose/v3.newProvider /workspace/goose-buffer-experiment/candidate/provider.go:122:0 s=108
    43: 0xefbda4 M=1 github.com/pressly/goose/v3.NewProvider /workspace/goose-buffer-experiment/candidate/provider.go:105:0 s=58
    44: 0xfd55fe M=1 tabmail/internal/store/postgres.Migrate /workspace/tabmail/internal/store/postgres/migrate.go:74:0 s=28
    45: 0xc4d418 M=1 github.com/jackc/pgx/v5/internal/stmtcache.NewLRUCache /workspace/tabmail-cloud/gomod/github.com/jackc/pgx/v5@v5.10.0/internal/stmtcache/lru_cache.go:37:0 s=29
             github.com/jackc/pgx/v5.connect /workspace/tabmail-cloud/gomod/github.com/jackc/pgx/v5@v5.10.0/conn.go:289:0 s=243
    46: 0xc4bd87 M=1 github.com/jackc/pgx/v5.ConnectConfig /workspace/tabmail-cloud/gomod/github.com/jackc/pgx/v5@v5.10.0/conn.go:160:0 s=155
    47: 0xec1405 M=1 github.com/jackc/pgx/v5/stdlib.connector.Connect /workspace/tabmail-cloud/gomod/github.com/jackc/pgx/v5@v5.10.0/stdlib/sql.go:271:0 s=255
    48: 0xa205b0 M=1 database/sql.(*DB).conn /workspace/tabmail-cloud/tools/go/src/database/sql/sql.go:1431:0 s=1316
    49: 0xa24753 M=1 database/sql.(*DB).query /workspace/tabmail-cloud/tools/go/src/database/sql/sql.go:1759:0 s=1758
    50: 0xa244af M=1 database/sql.(*DB).QueryContext.func1 /workspace/tabmail-cloud/tools/go/src/database/sql/sql.go:1742:0 s=1741
    51: 0xa21b4a M=1 database/sql.(*DB).retry /workspace/tabmail-cloud/tools/go/src/database/sql/sql.go:1576:0 s=1574
    52: 0xa24324 M=1 database/sql.(*DB).QueryContext /workspace/tabmail-cloud/tools/go/src/database/sql/sql.go:1741:0 s=1737
    53: 0xa25a54 M=1 database/sql.(*DB).QueryRowContext /workspace/tabmail-cloud/tools/go/src/database/sql/sql.go:1842:0 s=1841
    54: 0xfd4b44 M=1 tabmail/internal/store/postgres.Migrate /workspace/tabmail/internal/store/postgres/migrate.go:32:0 s=28
    55: 0x62fcf1 M=1 testing.(*T).Run /workspace/tabmail-cloud/tools/go/src/testing/testing.go:1964:0 s=1948
    56: 0x18d1924 M=1 tabmail/internal/store/postgres_test.TestR5PermissionAuthorityMatrixLockWaitRecheck /workspace/tabmail/internal/store/postgres/r5_permission_authority_matrix_test.go:294:0 s=291
    57: 0x5bc507 M=1 fmt.Errorf /workspace/tabmail-cloud/tools/go/src/fmt/errors.go:26:0 s=22
    58: 0xac03af M=1 github.com/jackc/pgx/v5/pgtype.newEncodeError /workspace/tabmail-cloud/gomod/github.com/jackc/pgx/v5@v5.10.0/pgtype/pgtype.go:1963:0 s=1945
    59: 0xc69f72 M=1 github.com/jackc/pgx/v5.(*dbTx).Query /workspace/tabmail-cloud/gomod/github.com/jackc/pgx/v5@v5.10.0/tx.go:251:0 s=244
    60: 0xc6a0a4 M=1 github.com/jackc/pgx/v5.(*dbTx).QueryRow /workspace/tabmail-cloud/gomod/github.com/jackc/pgx/v5@v5.10.0/tx.go:256:0 s=255
    61: 0xeb7221 M=1 github.com/jackc/pgx/v5/pgxpool.(*Tx).QueryRow /workspace/tabmail-cloud/gomod/github.com/jackc/pgx/v5@v5.10.0/pgxpool/tx.go:78:0 s=77
    62: 0xf7b0e2 M=1 tabmail/internal/store/postgres.(*PgStore).InviteEmployee.func1 /workspace/tabmail/internal/store/postgres/company_members.go:217:0 s=210
    63: 0xf76c4a M=1 tabmail/internal/store/postgres.(*PgStore).companyTxScope /workspace/tabmail/internal/store/postgres/company_members.go:96:0 s=60
    64: 0xf7aca4 M=1 tabmail/internal/store/postgres.(*PgStore).companyTx /workspace/tabmail/internal/store/postgres/company_members.go:35:0 s=34
             tabmail/internal/store/postgres.(*PgStore).InviteEmployee /workspace/tabmail/internal/store/postgres/company_members.go:210:0 s=201
    65: 0x17a3ff4 M=1 tabmail/internal/store/postgres_test.seedCompany /workspace/tabmail/internal/store/postgres/company_workflows_test.go:50:0 s=33
    66: 0x5eeda7 M=1 bytes.(*Buffer).grow /workspace/tabmail-cloud/tools/go/src/bytes/buffer.go:143:0 s=132
    67: 0x5ef1a4 M=1 bytes.(*Buffer).WriteString /workspace/tabmail-cloud/tools/go/src/bytes/buffer.go:197:0 s=193
    68: 0xedb4a7 M=1 github.com/pressly/goose/v3/internal/sqlparser.ParseSQLMigration /workspace/goose-buffer-experiment/candidate/internal/sqlparser/parser.go:219:0 s=103
    69: 0xed9ec4 M=1 github.com/pressly/goose/v3/internal/sqlparser.parse /workspace/goose-buffer-experiment/candidate/internal/sqlparser/parse.go:54:0 s=46
    70: 0xed9b0d M=1 github.com/pressly/goose/v3/internal/sqlparser.ParseAllFromFS.func1 /workspace/goose-buffer-experiment/candidate/internal/sqlparser/parse.go:24:0 s=23
    71: 0xed4666 M=1 golang.org/x/sync/errgroup.(*Group).Go.func1 /workspace/tabmail-cloud/gomod/golang.org/x/sync@v0.22.0/errgroup/errgroup.go:93:0 s=78
    72: 0xc4d82a M=1 github.com/jackc/pgx/v5/internal/stmtcache.NewLRUCache /workspace/tabmail-cloud/gomod/github.com/jackc/pgx/v5@v5.10.0/internal/stmtcache/lru_cache.go:37:0 s=29
             github.com/jackc/pgx/v5.connect /workspace/tabmail-cloud/gomod/github.com/jackc/pgx/v5@v5.10.0/conn.go:293:0 s=243
    73: 0xc45cf3 M=1 github.com/jackc/pgx/v5/internal/stmtcache.StatementName /workspace/tabmail-cloud/gomod/github.com/jackc/pgx/v5@v5.10.0/internal/stmtcache/stmtcache.go:14:0 s=13
    74: 0xc50785 M=1 github.com/jackc/pgx/v5.(*Conn).exec /workspace/tabmail-cloud/gomod/github.com/jackc/pgx/v5@v5.10.0/conn.go:543:0 s=490
    75: 0xc4fdb1 M=1 github.com/jackc/pgx/v5.(*Conn).Exec /workspace/tabmail-cloud/gomod/github.com/jackc/pgx/v5@v5.10.0/conn.go:481:0 s=472
    76: 0xc69b94 M=1 github.com/jackc/pgx/v5.(*dbTx).Exec /workspace/tabmail-cloud/gomod/github.com/jackc/pgx/v5@v5.10.0/tx.go:231:0 s=226
    77: 0xeb6fae M=1 github.com/jackc/pgx/v5/pgxpool.(*Tx).Exec /workspace/tabmail-cloud/gomod/github.com/jackc/pgx/v5@v5.10.0/pgxpool/tx.go:70:0 s=69
    78: 0xf7ee78 M=1 tabmail/internal/store/postgres.(*PgStore).ActivateEmployee /workspace/tabmail/internal/store/postgres/company_members.go:360:0 s=279
    79: 0x17a403c M=1 tabmail/internal/store/postgres_test.seedCompany /workspace/tabmail/internal/store/postgres/company_workflows_test.go:52:0 s=33
    80: 0x5ef604 M=1 bytes.growSlice /workspace/tabmail-cloud/tools/go/src/bytes/buffer.go:255:0 s=235
    81: 0x5eec30 M=1 bytes.(*Buffer).grow /workspace/tabmail-cloud/tools/go/src/bytes/buffer.go:157:0 s=132
    82: 0x6a3be9 M=1 bytes.(*Buffer).Grow /workspace/tabmail-cloud/tools/go/src/bytes/buffer.go:174:0 s=170
             encoding/json.marshalerEncoder /workspace/tabmail-cloud/tools/go/src/encoding/json/encode.go:485:0 s=473
    83: 0x6a9e14 M=1 encoding/json.condAddrEncoder.encode /workspace/tabmail-cloud/tools/go/src/encoding/json/encode.go:947:0 s=943
    84: 0x6a71e7 M=1 encoding/json.structEncoder.encode /workspace/tabmail-cloud/tools/go/src/encoding/json/encode.go:758:0 s=728
    85: 0x6a2e03 M=1 encoding/json.(*encodeState).reflectValue /workspace/tabmail-cloud/tools/go/src/encoding/json/encode.go:367:0 s=366
    86: 0x6a2a7b M=1 encoding/json.(*encodeState).marshal /workspace/tabmail-cloud/tools/go/src/encoding/json/encode.go:343:0 s=333
    87: 0x6a1ede M=1 encoding/json.Marshal /workspace/tabmail-cloud/tools/go/src/encoding/json/encode.go:209:0 s=205
    88: 0xf78604 M=1 tabmail/internal/store/postgres.companyAudit /workspace/tabmail/internal/store/postgres/company_members.go:117:0 s=108
    89: 0xf79f37 M=1 tabmail/internal/store/postgres.(*PgStore).ConfigureCompany.func1 /workspace/tabmail/internal/store/postgres/company_members.go:185:0 s=159
    90: 0xf790e4 M=1 tabmail/internal/store/postgres.(*PgStore).companyTx /workspace/tabmail/internal/store/postgres/company_members.go:35:0 s=34
             tabmail/internal/store/postgres.(*PgStore).ConfigureCompany /workspace/tabmail/internal/store/postgres/company_members.go:159:0 s=146
    91: 0x17a3d0d M=1 tabmail/internal/store/postgres_test.seedCompany /workspace/tabmail/internal/store/postgres/company_workflows_test.go:45:0 s=33
    92: 0x5b3456 M=1 context.AfterFunc /workspace/tabmail-cloud/tools/go/src/context/context.go:326:0 s=325
    93: 0xa0ef7c M=1 github.com/jackc/pgx/v5/pgconn/ctxwatch.(*ContextWatcher).Watch /workspace/tabmail-cloud/gomod/github.com/jackc/pgx/v5@v5.10.0/pgconn/ctxwatch/context_watcher.go:42:0 s=32
    94: 0xc17dcc M=1 github.com/jackc/pgx/v5/pgconn.(*PgConn).Close /workspace/tabmail-cloud/gomod/github.com/jackc/pgx/v5@v5.10.0/pgconn/pgconn.go:755:0 s=738
    95: 0xc4dd89 M=1 github.com/jackc/pgx/v5.(*Conn).Close /workspace/tabmail-cloud/gomod/github.com/jackc/pgx/v5@v5.10.0/conn.go:306:0 s=301
    96: 0xeaf9ba M=1 github.com/jackc/pgx/v5/pgxpool.NewWithConfig.func4 /workspace/tabmail-cloud/gomod/github.com/jackc/pgx/v5@v5.10.0/pgxpool/pool.go:319:0 s=313
    97: 0xeb7667 M=1 github.com/jackc/puddle/v2.(*Pool[go.shape.*uint8]).destructResourceValue /workspace/tabmail-cloud/gomod/github.com/jackc/puddle/v2@v2.2.2/pool.go:708:0 s=707
    98: 0xc5279b M=1 github.com/jackc/pgx/v5.(*Conn).getRows /workspace/tabmail-cloud/gomod/github.com/jackc/pgx/v5@v5.10.0/conn.go:630:0 s=629
    99: 0xc53717 M=1 github.com/jackc/pgx/v5.(*Conn).Query /workspace/tabmail-cloud/gomod/github.com/jackc/pgx/v5@v5.10.0/conn.go:807:0 s=751
   100: 0xfc48a9 M=1 tabmail/internal/store/postgres.lockMemberTenant /workspace/tabmail/internal/store/postgres/member_guard.go:30:0 s=28
   101: 0xf7668a M=1 tabmail/internal/store/postgres.(*PgStore).companyTxScope /workspace/tabmail/internal/store/postgres/company_members.go:69:0 s=60
   102: 0x1001a6d M=1 tabmail/internal/store/postgres.(*PgStore).companyTx /workspace/tabmail/internal/store/postgres/company_members.go:35:0 s=34
             tabmail/internal/store/postgres.(*PgStore).PatchPermissionEditor /workspace/tabmail/internal/store/postgres/permission_editor_patch.go:25:0 s=17
   103: 0x18d3dcf M=1 tabmail/internal/store/postgres_test.TestR5PermissionAuthorityMatrixLockWaitRecheck.func1.1 /workspace/tabmail/internal/store/postgres/r5_permission_authority_matrix_test.go:316:0 s=313
   104: 0x10054f7 M=1 tabmail/internal/store/postgres.permissionEditorSnapshotTx /workspace/tabmail/internal/store/postgres/permission_editor_snapshot.go:47:0 s=32
   105: 0x1004e66 M=1 tabmail/internal/store/postgres.(*PgStore).GetPermissionEditorSnapshot.func1 /workspace/tabmail/internal/store/postgres/permission_editor_snapshot.go:22:0 s=20
   106: 0x1004ce4 M=1 tabmail/internal/store/postgres.(*PgStore).companyReadTx /workspace/tabmail/internal/store/postgres/company_members.go:47:0 s=46
             tabmail/internal/store/postgres.(*PgStore).GetPermissionEditorSnapshot /workspace/tabmail/internal/store/postgres/permission_editor_snapshot.go:20:0 s=18
   107: 0x18c7d12 M=1 tabmail/internal/store/postgres_test.r5PermissionAuthoritySnapshot /workspace/tabmail/internal/store/postgres/r5_permission_authority_matrix_test.go:55:0 s=52
   108: 0x18c8564 M=1 tabmail/internal/store/postgres_test.r5PermissionAuthorityProfile /workspace/tabmail/internal/store/postgres/r5_permission_authority_matrix_test.go:71:0 s=65
   109: 0x5bc55e M=1 fmt.Errorf /workspace/tabmail-cloud/tools/go/src/fmt/errors.go:32:0 s=22
   110: 0xf79615 M=1 tabmail/internal/store/postgres.(*PgStore).ConfigureCompany.func1 /workspace/tabmail/internal/store/postgres/company_members.go:168:0 s=159
   111: 0xfc1986 M=1 tabmail/internal/store/postgres.(*PgStore).scanMailbox /workspace/tabmail/internal/store/postgres/mailboxes.go:84:0 s=82
   112: 0xf856e8 M=1 tabmail/internal/store/postgres.(*PgStore).CreateWorkMailbox.func1 /workspace/tabmail/internal/store/postgres/company_members.go:594:0 s=573
   113: 0xf84c65 M=1 tabmail/internal/store/postgres.(*PgStore).companyTx /workspace/tabmail/internal/store/postgres/company_members.go:35:0 s=34
             tabmail/internal/store/postgres.(*PgStore).CreateWorkMailbox /workspace/tabmail/internal/store/postgres/company_members.go:573:0 s=561
   114: 0x17a443c M=1 tabmail/internal/store/postgres_test.seedCompany /workspace/tabmail/internal/store/postgres/company_workflows_test.go:64:0 s=33
   115: 0x18cea9e M=1 tabmail/internal/store/postgres_test.TestR5PermissionAuthorityMatrixEmptyCASAndNullableIntent /workspace/tabmail/internal/store/postgres/r5_permission_authority_matrix_test.go:242:0 s=241
   116: 0x18c78bd M=1 tabmail/internal/store/postgres_test.r5PermissionAuthorityState /workspace/tabmail/internal/store/postgres/r5_permission_authority_matrix_test.go:36:0 s=29
   117: 0x18ce9bd M=1 tabmail/internal/store/postgres_test.TestR5PermissionAuthorityMatrixNonInteractive.func1.1 /workspace/tabmail/internal/store/postgres/r5_permission_authority_matrix_test.go:232:0 s=229
   118: 0x100c844 M=1 tabmail/internal/store/postgres.(*PgStore).companyTx /workspace/tabmail/internal/store/postgres/company_members.go:35:0 s=34
             tabmail/internal/store/postgres.(*PgStore).DeletePermissionProfileCAS /workspace/tabmail/internal/store/postgres/permission_profile_cas.go:174:0 s=160
   119: 0x18c8cfe M=1 tabmail/internal/store/postgres_test.r5PermissionAuthorityCommand /workspace/tabmail/internal/store/postgres/r5_permission_authority_matrix_test.go:117:0 s=80
   120: 0x18ce989 M=1 tabmail/internal/store/postgres_test.TestR5PermissionAuthorityMatrixNonInteractive.func1.1 /workspace/tabmail/internal/store/postgres/r5_permission_authority_matrix_test.go:231:0 s=229
   121: 0xab02e9 M=1 github.com/jackc/pgx/v5/pgtype.scanPlanString.Scan /workspace/tabmail-cloud/gomod/github.com/jackc/pgx/v5@v5.10.0/pgtype/pgtype.go:416:0 s=410
   122: 0xc66b9e M=1 github.com/jackc/pgx/v5.(*baseRows).Scan /workspace/tabmail-cloud/gomod/github.com/jackc/pgx/v5@v5.10.0/rows.go:281:0 s=235
   123: 0xc653fc M=1 github.com/jackc/pgx/v5.(*connRow).Scan /workspace/tabmail-cloud/gomod/github.com/jackc/pgx/v5@v5.10.0/rows.go:116:0 s=95
   124: 0xeb5f42 M=1 github.com/jackc/pgx/v5/pgxpool.(*poolRow).Scan /workspace/tabmail-cloud/gomod/github.com/jackc/pgx/v5@v5.10.0/pgxpool/rows.go:110:0 s=99
   125: 0x18c792d M=1 tabmail/internal/store/postgres_test.r5PermissionAuthorityState /workspace/tabmail/internal/store/postgres/r5_permission_authority_matrix_test.go:36:0 s=29
   126: 0x1040cef M=1 tabmail/internal/store/postgres.scanUser /workspace/tabmail/internal/store/postgres/users.go:49:0 s=46
   127: 0xfc4b9a M=1 tabmail/internal/store/postgres.currentMemberActor /workspace/tabmail/internal/store/postgres/member_guard.go:41:0 s=37
   128: 0xf769c4 M=1 tabmail/internal/store/postgres.(*PgStore).companyTxScope /workspace/tabmail/internal/store/postgres/company_members.go:83:0 s=60
   129: 0x1009b24 M=1 tabmail/internal/store/postgres.(*PgStore).companyTx /workspace/tabmail/internal/store/postgres/company_members.go:35:0 s=34
             tabmail/internal/store/postgres.(*PgStore).UpdatePermissionProfileCAS /workspace/tabmail/internal/store/postgres/permission_profile_cas.go:107:0 s=94
   130: 0x18c9244 M=1 tabmail/internal/store/postgres_test.r5PermissionAuthorityCommand /workspace/tabmail/internal/store/postgres/r5_permission_authority_matrix_test.go:105:0 s=80
   131: 0x18cd024 M=1 tabmail/internal/store/postgres_test.TestR5PermissionAuthorityMatrixHierarchy.func1.1.1 /workspace/tabmail/internal/store/postgres/r5_permission_authority_matrix_test.go:187:0 s=171
   132: 0xab8556 M=1 github.com/jackc/pgx/v5/pgtype.(*encodePlanDriverValuer).Encode /workspace/tabmail-cloud/gomod/github.com/jackc/pgx/v5@v5.10.0/pgtype/pgtype.go:1322:0 s=1298
   133: 0x1005107 M=1 tabmail/internal/store/postgres.permissionEditorSnapshotTx /workspace/tabmail/internal/store/postgres/permission_editor_snapshot.go:37:0 s=32
   134: 0x18c8932 M=1 tabmail/internal/store/postgres_test.r5PermissionAuthorityCommand /workspace/tabmail/internal/store/postgres/r5_permission_authority_matrix_test.go:85:0 s=80
   135: 0x18cce6d M=1 tabmail/internal/store/postgres_test.TestR5PermissionAuthorityMatrixHierarchy.func1.1.1 /workspace/tabmail/internal/store/postgres/r5_permission_authority_matrix_test.go:186:0 s=171
   136: 0x5cac91 M=1 fmt.(*buffer).writeString /workspace/tabmail-cloud/tools/go/src/fmt/print.go:108:0 s=107
             fmt.(*pp).doPrintf /workspace/tabmail-cloud/tools/go/src/fmt/print.go:1032:0 s=1019
   137: 0x5bc4e4 M=1 fmt.Errorf /workspace/tabmail-cloud/tools/go/src/fmt/errors.go:25:0 s=22
   138: 0x100584a M=1 tabmail/internal/store/postgres.permissionEditorSnapshotTx /workspace/tabmail/internal/store/postgres/permission_editor_snapshot.go:51:0 s=32
   139: 0x100048d M=1 tabmail/internal/store/postgres.(*PgStore).AssignPermissionEditor.func1 /workspace/tabmail/internal/store/postgres/permission_assignment.go:72:0 s=35
   140: 0xffdf8d M=1 tabmail/internal/store/postgres.(*PgStore).companyTx /workspace/tabmail/internal/store/postgres/company_members.go:35:0 s=34
             tabmail/internal/store/postgres.(*PgStore).AssignPermissionEditor /workspace/tabmail/internal/store/postgres/permission_assignment.go:35:0 s=16
   141: 0x18c8785 M=1 tabmail/internal/store/postgres_test.r5PermissionAuthorityProfile /workspace/tabmail/internal/store/postgres/r5_permission_authority_matrix_test.go:73:0 s=65
   142: 0x18cb2e4 M=1 tabmail/internal/store/postgres_test.TestR5PermissionAuthorityMatrixHierarchy.func1.1 /workspace/tabmail/internal/store/postgres/r5_permission_authority_matrix_test.go:160:0 s=157
   143: 0x18ccae4 M=1 tabmail/internal/store/postgres_test.TestR5PermissionAuthorityMatrixHierarchy.func1.1.1 /workspace/tabmail/internal/store/postgres/r5_permission_authority_matrix_test.go:172:0 s=171
   144: 0x18cd165 M=1 tabmail/internal/store/postgres_test.TestR5PermissionAuthorityMatrixHierarchy.func1.1.1 /workspace/tabmail/internal/store/postgres/r5_permission_authority_matrix_test.go:193:0 s=171
   145: 0x62fdc4 M=1 testing.(*T).Run /workspace/tabmail-cloud/tools/go/src/testing/testing.go:1970:0 s=1948
   146: 0x18cbdfa M=1 tabmail/internal/store/postgres_test.TestR5PermissionAuthorityMatrixHierarchy.func1.1 /workspace/tabmail/internal/store/postgres/r5_permission_authority_matrix_test.go:171:0 s=157
   147: 0xc26ee4 M=1 github.com/jackc/pgx/v5/pgconn.(*PgConn).getFieldDescriptionSlice /workspace/tabmail-cloud/gomod/github.com/jackc/pgx/v5@v5.10.0/pgconn/pgconn.go:918:0 s=914
             github.com/jackc/pgx/v5/pgconn.(*ResultReader).readUntilRowDescription /workspace/tabmail-cloud/gomod/github.com/jackc/pgx/v5@v5.10.0/pgconn/pgconn.go:1847:0 s=1837
   148: 0xc1f544 M=1 github.com/jackc/pgx/v5/pgconn.(*PgConn).execExtendedSuffix /workspace/tabmail-cloud/gomod/github.com/jackc/pgx/v5@v5.10.0/pgconn/pgconn.go:1375:0 s=1358
   149: 0xc1e784 M=1 github.com/jackc/pgx/v5/pgconn.(*PgConn).ExecStatement /workspace/tabmail-cloud/gomod/github.com/jackc/pgx/v5@v5.10.0/pgconn/pgconn.go:1318:0 s=1310
   150: 0xc54bc4 M=1 github.com/jackc/pgx/v5.(*Conn).Query /workspace/tabmail-cloud/gomod/github.com/jackc/pgx/v5@v5.10.0/conn.go:848:0 s=751
   151: 0x1005af6 M=1 tabmail/internal/store/postgres.permissionEditorSnapshotTx /workspace/tabmail/internal/store/postgres/permission_editor_snapshot.go:56:0 s=32
   152: 0x5bc3a4 M=1 fmt.init.func1 /workspace/tabmail-cloud/tools/go/src/fmt/print.go:147:0 s=147
   153: 0x4d6690 M=1 sync.(*Pool).Get /workspace/tabmail-cloud/tools/go/src/sync/pool.go:155:0 s=131
   154: 0x5c0d47 M=1 fmt.newPrinter /workspace/tabmail-cloud/tools/go/src/fmt/print.go:152:0 s=151
   155: 0x5bc493 M=1 fmt.Errorf /workspace/tabmail-cloud/tools/go/src/fmt/errors.go:23:0 s=22
   156: 0x101b9ed M=1 tabmail/internal/store/postgres.effectivePermissionPolicy /workspace/tabmail/internal/store/postgres/permissions.go:194:0 s=173
   157: 0x100790b M=1 tabmail/internal/store/postgres.effectivePermission /workspace/tabmail/internal/store/postgres/permissions.go:164:0 s=163
             tabmail/internal/store/postgres.permissionEditorSnapshotTx /workspace/tabmail/internal/store/postgres/permission_editor_snapshot.go:116:0 s=32
   158: 0x1006b44 M=1 tabmail/internal/store/postgres.permissionEditorSnapshotTx /workspace/tabmail/internal/store/postgres/permission_editor_snapshot.go:107:0 s=32
   159: 0x100f950 M=1 tabmail/internal/store/postgres.(*PgStore).GetPermissionProfileDeletionPreview.func1 /workspace/tabmail/internal/store/postgres/permission_profile_cas.go:258:0 s=257
   160: 0x100f6c4 M=1 tabmail/internal/store/postgres.(*PgStore).companyReadTx /workspace/tabmail/internal/store/postgres/company_members.go:47:0 s=46
             tabmail/internal/store/postgres.(*PgStore).GetPermissionProfileDeletionPreview /workspace/tabmail/internal/store/postgres/permission_profile_cas.go:257:0 s=255
   161: 0x18cce04 M=1 tabmail/internal/store/postgres_test.TestR5PermissionAuthorityMatrixHierarchy.func1.1.1 /workspace/tabmail/internal/store/postgres/r5_permission_authority_matrix_test.go:182:0 s=171
   162: 0x18c8e24 M=1 tabmail/internal/store/postgres_test.r5PermissionAuthorityCommand /workspace/tabmail/internal/store/postgres/r5_permission_authority_matrix_test.go:111:0 s=80
   163: 0x4d6b2a M=1 sync.(*Pool).pinSlow /workspace/tabmail-cloud/tools/go/src/sync/pool.go:241:0 s=223
   164: 0x4d695c M=1 sync.(*Pool).pin /workspace/tabmail-cloud/tools/go/src/sync/pool.go:220:0 s=202
   165: 0x4d65d3 M=1 sync.(*Pool).Get /workspace/tabmail-cloud/tools/go/src/sync/pool.go:135:0 s=131
   166: 0x70cc25 M=1 regexp.newOnePassMachine /workspace/tabmail-cloud/tools/go/src/regexp/exec.go:384:0 s=383
             regexp.(*Regexp).doOnePass /workspace/tabmail-cloud/tools/go/src/regexp/exec.go:403:0 s=397
   167: 0x70de04 M=1 regexp.(*Regexp).doExecute /workspace/tabmail-cloud/tools/go/src/regexp/exec.go:532:0 s=521
   168: 0xd7fece M=1 regexp.(*Regexp).doMatch /workspace/tabmail-cloud/tools/go/src/regexp/exec.go:514:0 s=513
             regexp.(*Regexp).MatchString /workspace/tabmail-cloud/tools/go/src/regexp/regexp.go:527:0 s=526
             tabmail/internal/company.ValidLocalPart /workspace/tabmail/internal/company/types.go:192:0 s=191
   169: 0xf7a70d M=1 tabmail/internal/store/postgres.(*PgStore).InviteEmployee /workspace/tabmail/internal/store/postgres/company_members.go:206:0 s=201
   170: 0x18c95d6 M=1 tabmail/internal/store/postgres_test.TestR5PermissionAuthorityMatrixHierarchy.func1 /workspace/tabmail/internal/store/postgres/r5_permission_authority_matrix_test.go:127:0 s=126
   171: 0xf00b10 M=1 github.com/pressly/goose/v3.newSQLMigration /workspace/goose-buffer-experiment/candidate/provider_collect.go:104:0 s=103
             github.com/pressly/goose/v3.merge /workspace/goose-buffer-experiment/candidate/provider_collect.go:121:0 s=116
   172: 0xefc404 M=1 github.com/pressly/goose/v3.newProvider /workspace/goose-buffer-experiment/candidate/provider.go:143:0 s=108
   173: 0x8330c4 M=1 encoding/hex.DecodeString /workspace/tabmail-cloud/tools/go/src/encoding/hex/hex.go:139:0 s=138
   174: 0xae9d09 M=1 github.com/jackc/pgx/v5/pgtype.parseUUID /workspace/tabmail-cloud/gomod/github.com/jackc/pgx/v5@v5.10.0/pgtype/uuid.go:46:0 s=35
   175: 0xaeb6b6 M=1 github.com/jackc/pgx/v5/pgtype.scanPlanTextAnyToUUIDScanner.Scan /workspace/tabmail-cloud/gomod/github.com/jackc/pgx/v5@v5.10.0/pgtype/uuid.go:258:0 s=251
   176: 0xab73a6 M=1 github.com/jackc/pgx/v5/pgtype.codecScan /workspace/tabmail-cloud/gomod/github.com/jackc/pgx/v5@v5.10.0/pgtype/pgtype.go:1174:0 s=1169
   177: 0xaeba70 M=1 github.com/jackc/pgx/v5/pgtype.UUIDCodec.DecodeValue /workspace/tabmail-cloud/gomod/github.com/jackc/pgx/v5@v5.10.0/pgtype/uuid.go:286:0 s=280
   178: 0xab4e2f M=1 github.com/jackc/pgx/v5/pgtype.(*pointerEmptyInterfaceScanPlan).Scan /workspace/tabmail-cloud/gomod/github.com/jackc/pgx/v5@v5.10.0/pgtype/pgtype.go:897:0 s=896
   179: 0xab7273 M=1 github.com/jackc/pgx/v5/pgtype.(*Map).Scan /workspace/tabmail-cloud/gomod/github.com/jackc/pgx/v5@v5.10.0/pgtype/pgtype.go:1164:0 s=1158
   180: 0xab85d0 M=1 github.com/jackc/pgx/v5/pgtype.(*encodePlanDriverValuer).Encode /workspace/tabmail-cloud/gomod/github.com/jackc/pgx/v5@v5.10.0/pgtype/pgtype.go:1322:0 s=1298
   181: 0xfc4b95 M=1 tabmail/internal/store/postgres.currentMemberActor /workspace/tabmail/internal/store/postgres/member_guard.go:41:0 s=37
   182: 0xaebaa9 M=1 github.com/jackc/pgx/v5/pgtype.UUIDCodec.DecodeValue /workspace/tabmail-cloud/gomod/github.com/jackc/pgx/v5@v5.10.0/pgtype/uuid.go:290:0 s=280
   183: 0x101b9d4 M=1 tabmail/internal/store/postgres.effectivePermissionPolicy /workspace/tabmail/internal/store/postgres/permissions.go:178:0 s=173
   184: 0x83fb29 M=1 github.com/jackc/pgx/v5/internal/iobufpool.init.0.func1 /workspace/tabmail-cloud/gomod/github.com/jackc/pgx/v5@v5.10.0/internal/iobufpool/iobufpool.go:21:0 s=20
   185: 0x83fc2f M=1 github.com/jackc/pgx/v5/internal/iobufpool.Get /workspace/tabmail-cloud/gomod/github.com/jackc/pgx/v5@v5.10.0/internal/iobufpool/iobufpool.go:36:0 s=29
   186: 0x848d04 M=1 github.com/jackc/pgx/v5/pgproto3.(*chunkReader).Next /workspace/tabmail-cloud/gomod/github.com/jackc/pgx/v5@v5.10.0/pgproto3/chunkreader.go:65:0 s=45
   187: 0x85a847 M=1 github.com/jackc/pgx/v5/pgproto3.(*Frontend).Receive /workspace/tabmail-cloud/gomod/github.com/jackc/pgx/v5@v5.10.0/pgproto3/frontend.go:332:0 s=311
   188: 0xc15f57 M=1 github.com/jackc/pgx/v5/pgconn.(*PgConn).peekMessage /workspace/tabmail-cloud/gomod/github.com/jackc/pgx/v5@v5.10.0/pgconn/pgconn.go:645:0 s=625
   189: 0xc161a5 M=1 github.com/jackc/pgx/v5/pgconn.(*PgConn).receiveMessage /workspace/tabmail-cloud/gomod/github.com/jackc/pgx/v5@v5.10.0/pgconn/pgconn.go:669:0 s=664
   190: 0xc27454 M=1 github.com/jackc/pgx/v5/pgconn.(*ResultReader).receiveMessage /workspace/tabmail-cloud/gomod/github.com/jackc/pgx/v5@v5.10.0/pgconn/pgconn.go:1872:0 s=1870
   191: 0xc26d24 M=1 github.com/jackc/pgx/v5/pgconn.(*ResultReader).readUntilRowDescription /workspace/tabmail-cloud/gomod/github.com/jackc/pgx/v5@v5.10.0/pgconn/pgconn.go:1839:0 s=1837
   192: 0x186cd88 M=1 tabmail/internal/store/postgres_test.r5LegacyJob /workspace/tabmail/internal/store/postgres/r5_legacy_content_test.go:29:0 s=27
   193: 0x18c198d M=1 tabmail/internal/store/postgres_test.TestR5OutboundReceiptStablePaginationAndEmptyPage /workspace/tabmail/internal/store/postgres/r5_outbound_receipt_test.go:518:0 s=513
   194: 0x18c18be M=1 tabmail/internal/store/postgres_test.TestR5OutboundReceiptStablePaginationAndEmptyPage /workspace/tabmail/internal/store/postgres/r5_outbound_receipt_test.go:514:0 s=513
   195: 0xab6ed4 M=1 github.com/jackc/pgx/v5/pgtype.(*Map).planScan /workspace/tabmail-cloud/gomod/github.com/jackc/pgx/v5@v5.10.0/pgtype/pgtype.go:1152:0 s=1069
   196: 0xab724e M=1 github.com/jackc/pgx/v5/pgtype.(*Map).PlanScan /workspace/tabmail-cloud/gomod/github.com/jackc/pgx/v5@v5.10.0/pgtype/pgtype.go:1066:0 s=1065
             github.com/jackc/pgx/v5/pgtype.(*Map).Scan /workspace/tabmail-cloud/gomod/github.com/jackc/pgx/v5@v5.10.0/pgtype/pgtype.go:1163:0 s=1158
   197: 0x18c0816 M=1 tabmail/internal/store/postgres_test.TestR5APIKeyLastUsedIPRoundTrips.func1 /workspace/tabmail/internal/store/postgres/r5_outbound_receipt_test.go:463:0 s=462
   198: 0x1066464 M=1 bufio.NewReaderSize /workspace/tabmail-cloud/tools/go/src/bufio/bufio.go:57:0 s=50
             bufio.NewReader /workspace/tabmail-cloud/tools/go/src/bufio/bufio.go:63:0 s=62
             net/http/httptest.NewRequestWithContext /workspace/tabmail-cloud/tools/go/src/net/http/httptest/httptest.go:50:0 s=46
   199: 0x1785d64 M=1 net/http/httptest.NewRequest /workspace/tabmail-cloud/tools/go/src/net/http/httptest/httptest.go:20:0 s=19
             tabmail/internal/store/postgres_test.r3HTTP /workspace/tabmail/internal/store/postgres/company_http_test.go:52:0 s=48
   200: 0x18c02c8 M=1 tabmail/internal/store/postgres_test.TestR5OutboundReceiptStorageErrorAndTenantIsolation /workspace/tabmail/internal/store/postgres/r5_outbound_receipt_test.go:453:0 s=431
   201: 0x1658851 M=1 github.com/go-chi/chi/v5.(*node).addChild /workspace/tabmail-cloud/gomod/github.com/go-chi/chi/v5@v5.2.5/tree.go:313:0 s=234
   202: 0x1657f87 M=1 github.com/go-chi/chi/v5.(*node).InsertRoute /workspace/tabmail-cloud/gomod/github.com/go-chi/chi/v5@v5.2.5/tree.go:209:0 s=138
   203: 0x16561cb M=1 github.com/go-chi/chi/v5.(*Mux).handle /workspace/tabmail-cloud/gomod/github.com/go-chi/chi/v5@v5.2.5/mux.go:436:0 s=416
   204: 0x1653410 M=1 github.com/go-chi/chi/v5.(*Mux).Post /workspace/tabmail-cloud/gomod/github.com/go-chi/chi/v5@v5.2.5/mux.go:180:0 s=179
   205: 0x171684d M=1 tabmail/internal/api/handlers.RegisterCompanyRoutes.func1 /workspace/tabmail/internal/api/handlers/company_routes.go:93:0 s=27
   206: 0x165456b M=1 github.com/go-chi/chi/v5.(*Mux).Route /workspace/tabmail-cloud/gomod/github.com/go-chi/chi/v5@v5.2.5/mux.go:277:0 s=272
   207: 0x1713a5e M=1 tabmail/internal/api/handlers.RegisterCompanyRoutes /workspace/tabmail/internal/api/handlers/company_routes.go:27:0 s=25
   208: 0x174b387 M=1 tabmail/internal/api.NewRouter.func2 /workspace/tabmail/internal/api/router.go:182:0 s=172
   209: 0x17461d5 M=1 tabmail/internal/api.NewRouter /workspace/tabmail/internal/api/router.go:172:0 s=126
   210: 0x1785a17 M=1 tabmail/internal/store/postgres_test.companyRouter /workspace/tabmail/internal/store/postgres/company_http_test.go:40:0 s=35
   211: 0x18bfde4 M=1 tabmail/internal/store/postgres_test.TestR5OutboundReceiptStorageErrorAndTenantIsolation /workspace/tabmail/internal/store/postgres/r5_outbound_receipt_test.go:442:0 s=431
   212: 0x18bf51e M=1 tabmail/internal/store/postgres_test.TestR5OutboundReceiptStorageErrorAndTenantIsolation /workspace/tabmail/internal/store/postgres/r5_outbound_receipt_test.go:432:0 s=431
   213: 0xaeb910 M=1 github.com/jackc/pgx/v5/pgtype.UUIDCodec.DecodeDatabaseSQLValue /workspace/tabmail-cloud/gomod/github.com/jackc/pgx/v5@v5.10.0/pgtype/uuid.go:277:0 s=266
   214: 0xaaff84 M=1 github.com/jackc/pgx/v5/pgtype.(*scanPlanCodecSQLScanner).Scan /workspace/tabmail-cloud/gomod/github.com/jackc/pgx/v5@v5.10.0/pgtype/pgtype.go:380:0 s=379
   215: 0xfde131 M=1 tabmail/internal/store/postgres.scanOutboundJob /workspace/tabmail/internal/store/postgres/outbound.go:315:0 s=309
   216: 0xfde52f M=1 tabmail/internal/store/postgres.(*PgStore).GetOutboundJob /workspace/tabmail/internal/store/postgres/outbound.go:343:0 s=342
   217: 0x18be492 M=1 tabmail/internal/store/postgres_test.TestR5OutboundReceiptOwnerlessKeyAndRetryScope.func1 /workspace/tabmail/internal/store/postgres/r5_outbound_receipt_test.go:420:0 s=352
   218: 0x8653e7 M=1 github.com/jackc/pgx/v5/pgproto3.(*RowDescription).Decode /workspace/tabmail-cloud/gomod/github.com/jackc/pgx/v5@v5.10.0/pgproto3/row_description.go:96:0 s=58
   219: 0x85aacd M=1 github.com/jackc/pgx/v5/pgproto3.(*Frontend).Receive /workspace/tabmail-cloud/gomod/github.com/jackc/pgx/v5@v5.10.0/pgproto3/frontend.go:397:0 s=311
   220: 0xc193d8 M=1 github.com/jackc/pgx/v5/pgconn.(*PgConn).Prepare /workspace/tabmail-cloud/gomod/github.com/jackc/pgx/v5@v5.10.0/pgconn/pgconn.go:982:0 s=950
   221: 0xc4e573 M=1 github.com/jackc/pgx/v5.(*Conn).Prepare /workspace/tabmail-cloud/gomod/github.com/jackc/pgx/v5@v5.10.0/conn.go:358:0 s=319
   222: 0xc5526e M=1 github.com/jackc/pgx/v5.(*Conn).getStatementDescription /workspace/tabmail-cloud/gomod/github.com/jackc/pgx/v5@v5.10.0/conn.go:904:0 s=892
   223: 0xc537dc M=1 github.com/jackc/pgx/v5.(*Conn).Query /workspace/tabmail-cloud/gomod/github.com/jackc/pgx/v5@v5.10.0/conn.go:814:0 s=751
   224: 0xf57764 M=1 tabmail/internal/store/postgres.(*PgStore).ResolveAPIKey /workspace/tabmail/internal/store/postgres/apikeys.go:144:0 s=136
   225: 0x169ad15 M=1 tabmail/internal/api/middleware.(*CachedAuthStore).ResolveAPIKey /workspace/tabmail/internal/api/middleware/auth_cache.go:55:0 s=54
   226: 0x17507fe M=1 tabmail/internal/api.NewRouter.Auth.func8.1 /workspace/tabmail/internal/api/middleware/auth.go:313:0 s=244
   227: 0xe4baa7 M=1 net/http.HandlerFunc.ServeHTTP /workspace/tabmail-cloud/tools/go/src/net/http/server.go:2322:0 s=2321
   228: 0x1697504 M=1 tabmail/internal/api/lifecycle.(*Handler).ServeHTTP /workspace/tabmail/internal/api/lifecycle/owner.go:164:0 s=155
   229: 0x169567c M=1 github.com/go-chi/cors.(*Cors).Handler-fm.(*Cors).Handler.func1 /workspace/tabmail-cloud/gomod/github.com/go-chi/cors@v1.2.2/cors.go:231:0 s=212
   230: 0x168b5ac M=1 github.com/go-chi/chi/v5/middleware.Recoverer.func1 /workspace/tabmail-cloud/gomod/github.com/go-chi/chi/v5@v5.2.5/middleware/recoverer.go:45:0 s=23
   231: 0x168db04 M=1 github.com/go-chi/chi/v5/middleware.RequestID.func1 /workspace/tabmail-cloud/gomod/github.com/go-chi/chi/v5@v5.2.5/middleware/request_id.go:76:0 s=68
   232: 0x165287e M=1 github.com/go-chi/chi/v5.(*Mux).ServeHTTP /workspace/tabmail-cloud/gomod/github.com/go-chi/chi/v5@v5.2.5/mux.go:90:0 s=63
   233: 0x17471da M=1 tabmail/internal/api.NewRouter.func7 /workspace/tabmail/internal/api/router.go:395:0 s=375
   234: 0x18bf21e M=1 tabmail/internal/store/postgres_test.TestR5OutboundReceiptOwnerlessKeyAndRetryScope.func1.1 /workspace/tabmail/internal/store/postgres/r5_outbound_receipt_test.go:373:0 s=369
   235: 0x18be1f1 M=1 tabmail/internal/store/postgres_test.TestR5OutboundReceiptOwnerlessKeyAndRetryScope.func1 /workspace/tabmail/internal/store/postgres/r5_outbound_receipt_test.go:408:0 s=352
   236: 0xeda9fb M=1 bufio.(*Scanner).Text /workspace/tabmail-cloud/tools/go/src/bufio/scan.go:115:0 s=114
             github.com/pressly/goose/v3/internal/sqlparser.ParseSQLMigration /workspace/goose-buffer-experiment/candidate/internal/sqlparser/parser.go:117:0 s=103
   237: 0xed99c7 M=1 github.com/pressly/goose/v3/internal/sqlparser.ParseAllFromFS.func2 /workspace/goose-buffer-experiment/candidate/internal/sqlparser/parse.go:33:0 s=32
   238: 0xec32b1 M=1 github.com/jackc/pgx/v5/stdlib.(*Conn).QueryContext /workspace/tabmail-cloud/gomod/github.com/jackc/pgx/v5@v5.10.0/stdlib/sql.go:515:0 s=506
   239: 0xa1838a M=1 database/sql.ctxDriverQuery /workspace/tabmail-cloud/tools/go/src/database/sql/ctxutil.go:48:0 s=46
   240: 0xa258c5 M=1 database/sql.(*DB).queryDC.func1 /workspace/tabmail-cloud/tools/go/src/database/sql/sql.go:1786:0 s=1781
   241: 0xa32ce2 M=1 database/sql.withLock /workspace/tabmail-cloud/tools/go/src/database/sql/sql.go:3572:0 s=3569
   242: 0xa24c24 M=1 database/sql.(*DB).queryDC /workspace/tabmail-cloud/tools/go/src/database/sql/sql.go:1781:0 s=1771
   243: 0xa24825 M=1 database/sql.(*DB).query /workspace/tabmail-cloud/tools/go/src/database/sql/sql.go:1764:0 s=1758
   244: 0x18bd0d6 M=1 tabmail/internal/store/postgres_test.TestR5OutboundReceiptOwnerlessKeyAndRetryScope.func1 /workspace/tabmail/internal/store/postgres/r5_outbound_receipt_test.go:353:0 s=352
   245: 0xc6668c M=1 github.com/jackc/pgx/v5.(*baseRows).Scan /workspace/tabmail-cloud/gomod/github.com/jackc/pgx/v5@v5.10.0/rows.go:264:0 s=235
   246: 0x1041041 M=1 tabmail/internal/store/postgres.scanUser /workspace/tabmail/internal/store/postgres/users.go:49:0 s=46
   247: 0x103b5fd M=1 tabmail/internal/store/postgres.(*PgStore).companyReadTx /workspace/tabmail/internal/store/postgres/company_members.go:47:0 s=46
             tabmail/internal/store/postgres.(*PgStore).GetSubmissionContent /workspace/tabmail/internal/store/postgres/submissions.go:167:0 s=165
   248: 0x170b35c M=1 tabmail/internal/app/companymail.(*Service).SubmissionContent /workspace/tabmail/internal/app/companymail/service.go:335:0 s=334
             tabmail/internal/api/handlers.(*CompanyMailHandler).SubmissionContent /workspace/tabmail/internal/api/handlers/company_mail.go:210:0 s=205
   249: 0x1656d0c M=1 github.com/go-chi/chi/v5.(*Mux).routeHTTP /workspace/tabmail-cloud/gomod/github.com/go-chi/chi/v5@v5.2.5/mux.go:479:0 s=441
   250: 0x16993cb M=1 tabmail/internal/api/middleware.RequireAuth.func1 /workspace/tabmail/internal/api/middleware/auth.go:455:0 s=452
   251: 0x16528f6 M=1 github.com/go-chi/chi/v5.(*Mux).ServeHTTP /workspace/tabmail-cloud/gomod/github.com/go-chi/chi/v5@v5.2.5/mux.go:73:0 s=63
   252: 0x165525e M=1 github.com/go-chi/chi/v5.(*Mux).Mount.func1 /workspace/tabmail-cloud/gomod/github.com/go-chi/chi/v5@v5.2.5/mux.go:321:0 s=309
   253: 0x1754321 M=1 tabmail/internal/api/middleware.(*RateLimiter).Middleware-fm.(*RateLimiter).Middleware.func1 /workspace/tabmail/internal/api/middleware/ratelimit.go:92:0 s=39
   254: 0x175035b M=1 tabmail/internal/api.NewRouter.PermissionLoader.func9.1 /workspace/tabmail/internal/api/middleware/auth.go:225:0 s=186
   255: 0x1752062 M=1 tabmail/internal/api.NewRouter.Auth.func8.1 /workspace/tabmail/internal/api/middleware/auth.go:300:0 s=244
   256: 0x178624d M=1 tabmail/internal/store/postgres_test.r3HTTP /workspace/tabmail/internal/store/postgres/company_http_test.go:61:0 s=48
   257: 0x18bce5c M=1 tabmail/internal/store/postgres_test.TestR5OutboundReceiptListMatchesDetailScope /workspace/tabmail/internal/store/postgres/r5_outbound_receipt_test.go:347:0 s=319
   258: 0x1364d84 M=1 github.com/redis/go-redis/v9/internal/pool.(*ConnPool).newConn /workspace/tabmail-cloud/gomod/github.com/redis/go-redis/v9@v9.18.0/internal/pool/pool.go:534:0 s=493
   259: 0x1367b0f M=1 github.com/redis/go-redis/v9/internal/pool.(*ConnPool).queuedNewConn.func2 /workspace/tabmail-cloud/gomod/github.com/redis/go-redis/v9@v9.18.0/internal/pool/pool.go:874:0 s=857
   260: 0xf79584 M=1 tabmail/internal/store/postgres.(*PgStore).ConfigureCompany.func1 /workspace/tabmail/internal/store/postgres/company_members.go:168:0 s=159
   261: 0x18bba9e M=1 tabmail/internal/store/postgres_test.TestR5OutboundReceiptListMatchesDetailScope /workspace/tabmail/internal/store/postgres/r5_outbound_receipt_test.go:320:0 s=319
   262: 0x5c16f9 M=1 fmt.Sprintf /workspace/tabmail-cloud/tools/go/src/fmt/print.go:238:0 s=237
   263: 0x6ada7d M=1 encoding/json.(*scanner).pushParseState /workspace/tabmail-cloud/tools/go/src/encoding/json/scanner.go:181:0 s=180
   264: 0x6ae2e4 M=1 encoding/json.stateBeginValue /workspace/tabmail-cloud/tools/go/src/encoding/json/scanner.go:224:0 s=217
   265: 0x6ad4ac M=1 encoding/json.checkValid /workspace/tabmail-cloud/tools/go/src/encoding/json/scanner.go:37:0 s=33
   266: 0x697f6d M=1 encoding/json.Unmarshal /workspace/tabmail-cloud/tools/go/src/encoding/json/decode.go:107:0 s=102
   267: 0xa9b174 M=1 github.com/jackc/pgx/v5/pgtype.(*JSONBCodec).DecodeValue /workspace/tabmail-cloud/gomod/github.com/jackc/pgx/v5@v5.10.0/pgtype/jsonb.go:127:0 s=105
   268: 0xc676c5 M=1 github.com/jackc/pgx/v5.(*baseRows).Values /workspace/tabmail-cloud/gomod/github.com/jackc/pgx/v5@v5.10.0/rows.go:309:0 s=292
   269: 0xff2fe5 M=1 tabmail/internal/store/postgres.readOutboundReceipts /workspace/tabmail/internal/store/postgres/outbound_receipts.go:104:0 s=54
   270: 0xff14d8 M=1 tabmail/internal/store/postgres.(*PgStore).ListOutboundReceipts.func1 /workspace/tabmail/internal/store/postgres/outbound_receipts.go:42:0 s=40
   271: 0xff0989 M=1 tabmail/internal/store/postgres.(*PgStore).outboundPrincipalTx.func1 /workspace/tabmail/internal/store/postgres/outbound_principal.go:24:0 s=24
   272: 0xfedfe4 M=1 tabmail/internal/store/postgres.(*PgStore).companyReadTx /workspace/tabmail/internal/store/postgres/company_members.go:47:0 s=46
             tabmail/internal/store/postgres.(*PgStore).outboundPrincipalTx /workspace/tabmail/internal/store/postgres/outbound_principal.go:24:0 s=19
   273: 0xff1227 M=1 tabmail/internal/store/postgres.(*PgStore).ListOutboundReceipts /workspace/tabmail/internal/store/postgres/outbound_receipts.go:40:0 s=37
   274: 0x16d28c1 M=1 tabmail/internal/app/submissions.(*Service).ListOutboundReceiptViews /workspace/tabmail/internal/app/submissions/receipts.go:88:0 s=81
   275: 0x1722b04 M=1 tabmail/internal/api/handlers.(*OutboundHandler).ListJobs /workspace/tabmail/internal/api/handlers/outbound.go:72:0 s=62
   276: 0x174f497 M=1 tabmail/internal/api.NewRouter.func2.2.RequireScopes.2.1 /workspace/tabmail/internal/api/middleware/auth.go:486:0 s=483
   277: 0x1699761 M=1 tabmail/internal/api/middleware.RequireTenantKeyOrAdmin.func1 /workspace/tabmail/internal/api/middleware/auth.go:474:0 s=466
   278: 0x16514c1 M=1 github.com/go-chi/chi/v5.(*ChainHandler).ServeHTTP /workspace/tabmail-cloud/gomod/github.com/go-chi/chi/v5@v5.2.5/chain.go:31:0 s=30
   279: 0x18b64ac M=1 tabmail/internal/store/postgres_test.r5ReceiptRequest.func1 /workspace/tabmail/internal/store/postgres/r5_outbound_receipt_test.go:104:0 s=104
   280: 0xac06e4 M=1 errors.New /workspace/tabmail-cloud/tools/go/src/errors/errors.go:65:0 s=64
             github.com/jackc/pgx/v5/pgtype.(*Map).Encode /workspace/tabmail-cloud/gomod/github.com/jackc/pgx/v5@v5.10.0/pgtype/pgtype.go:1985:0 s=1969
   281: 0xc51ac4 M=1 github.com/jackc/pgx/v5.(*Conn).execPrepared /workspace/tabmail-cloud/gomod/github.com/jackc/pgx/v5@v5.10.0/conn.go:608:0 s=607
   282: 0xc5083c M=1 github.com/jackc/pgx/v5.(*Conn).exec /workspace/tabmail-cloud/gomod/github.com/jackc/pgx/v5@v5.10.0/conn.go:550:0 s=490
   283: 0xfd8e62 M=1 tabmail/internal/store/postgres.(*PgStore).enqueueOutboundJobValidated /workspace/tabmail/internal/store/postgres/outbound.go:196:0 s=69
   284: 0xfd5c96 M=1 tabmail/internal/store/postgres.(*PgStore).enqueueOutboundJobTx /workspace/tabmail/internal/store/postgres/outbound.go:51:0 s=50
             tabmail/internal/store/postgres.(*PgStore).CreateOutboundJobWithQuota /workspace/tabmail/internal/store/postgres/outbound.go:34:0 s=33
   285: 0x186d6b2 M=1 tabmail/internal/store/postgres.(*PgStore).CreateOutboundJob /workspace/tabmail/internal/store/postgres/outbound.go:30:0 s=29
             tabmail/internal/store/postgres_test.r5LegacyJob /workspace/tabmail/internal/store/postgres/r5_legacy_content_test.go:34:0 s=27
   286: 0x18bae05 M=1 tabmail/internal/store/postgres_test.TestR5OutboundReceiptListOrdersMemberFreeze /workspace/tabmail/internal/store/postgres/r5_outbound_receipt_test.go:281:0 s=277
   287: 0xc1edb3 M=1 github.com/jackc/pgx/v5/pgconn.(*PgConn).execExtendedPrefix /workspace/tabmail-cloud/gomod/github.com/jackc/pgx/v5@v5.10.0/pgconn/pgconn.go:1352:0 s=1323
   288: 0xc1e593 M=1 github.com/jackc/pgx/v5/pgconn.(*PgConn).ExecStatement /workspace/tabmail-cloud/gomod/github.com/jackc/pgx/v5@v5.10.0/pgconn/pgconn.go:1311:0 s=1310
   289: 0x181a8b2 M=1 tabmail/internal/store/postgres_test.r5AwaitSentDeadline /workspace/tabmail/internal/store/postgres/r5_content_wait_test.go:43:0 s=32
   290: 0x18baa95 M=1 tabmail/internal/store/postgres_test.TestR5OutboundReceiptKeyExpiryAfterQueryWait.func1 /workspace/tabmail/internal/store/postgres/r5_outbound_receipt_test.go:265:0 s=225
   291: 0x857a04 M=1 github.com/jackc/pgx/v5/pgproto3.NewFrontend /workspace/tabmail-cloud/gomod/github.com/jackc/pgx/v5@v5.10.0/pgproto3/frontend.go:71:0 s=69
   292: 0xc0f681 M=1 github.com/jackc/pgx/v5/pgconn.connectOne /workspace/tabmail-cloud/gomod/github.com/jackc/pgx/v5@v5.10.0/pgconn/pgconn.go:394:0 s=313
   293: 0xc0c6ad M=1 github.com/jackc/pgx/v5/pgconn.connectPreferred /workspace/tabmail-cloud/gomod/github.com/jackc/pgx/v5@v5.10.0/pgconn/pgconn.go:265:0 s=247
   294: 0xc0a864 M=1 github.com/jackc/pgx/v5/pgconn.ConnectConfig /workspace/tabmail-cloud/gomod/github.com/jackc/pgx/v5@v5.10.0/pgconn/pgconn.go:160:0 s=142
   295: 0xc4cf8c M=1 github.com/jackc/pgx/v5.connect /workspace/tabmail-cloud/gomod/github.com/jackc/pgx/v5@v5.10.0/conn.go:278:0 s=243
   296: 0x18b9896 M=1 tabmail/internal/store/postgres_test.TestR5OutboundReceiptKeyExpiryAfterQueryWait.func1 /workspace/tabmail/internal/store/postgres/r5_outbound_receipt_test.go:226:0 s=225
   297: 0xf57df9 M=1 tabmail/internal/store/postgres.(*PgStore).TouchAPIKey /workspace/tabmail/internal/store/postgres/apikeys.go:176:0 s=170
   298: 0x169ae98 M=1 tabmail/internal/api/middleware.(*CachedAuthStore).TouchAPIKey /workspace/tabmail/internal/api/middleware/auth_cache.go:59:0 s=58
   299: 0x1698171 M=1 tabmail/internal/api/middleware.touchAPIKeyAsync.func1 /workspace/tabmail/internal/api/middleware/apikey_touch.go:57:0 s=54
   300: 0x169675b M=1 tabmail/internal/api/lifecycle.(*Owner).Go.func1 /workspace/tabmail/internal/api/lifecycle/owner.go:105:0 s=98
   301: 0xab1984 M=1 github.com/jackc/pgx/v5/pgtype.TryFindUnderlyingTypeScanPlan /workspace/tabmail-cloud/gomod/github.com/jackc/pgx/v5@v5.10.0/pgtype/pgtype.go:591:0 s=560
   302: 0xab6dc1 M=1 github.com/jackc/pgx/v5/pgtype.(*Map).planScan /workspace/tabmail-cloud/gomod/github.com/jackc/pgx/v5@v5.10.0/pgtype/pgtype.go:1131:0 s=1069
   303: 0xc66e2d M=1 github.com/jackc/pgx/v5/pgtype.(*Map).PlanScan /workspace/tabmail-cloud/gomod/github.com/jackc/pgx/v5@v5.10.0/pgtype/pgtype.go:1066:0 s=1065
             github.com/jackc/pgx/v5.(*baseRows).Scan /workspace/tabmail-cloud/gomod/github.com/jackc/pgx/v5@v5.10.0/rows.go:266:0 s=235
   304: 0xfc1e0a M=1 tabmail/internal/store/postgres.(*PgStore).scanMailbox /workspace/tabmail/internal/store/postgres/mailboxes.go:84:0 s=82
   305: 0xedb733 M=1 bytes.(*Buffer).String /workspace/tabmail-cloud/tools/go/src/bytes/buffer.go:77:0 s=72
             github.com/pressly/goose/v3/internal/sqlparser.ParseSQLMigration /workspace/goose-buffer-experiment/candidate/internal/sqlparser/parser.go:259:0 s=103
   306: 0xa251e4 M=1 database/sql.(*DB).queryDC /workspace/tabmail-cloud/tools/go/src/database/sql/sql.go:1795:0 s=1771
   307: 0x18b4696 M=1 tabmail/internal/store/postgres_test.TestR5OutboundReceiptRejectsStalePrincipal.func1 /workspace/tabmail/internal/store/postgres/r5_outbound_receipt_test.go:27:0 s=26
   308: 0xc45d44 M=1 encoding/hex.EncodeToString /workspace/tabmail-cloud/tools/go/src/encoding/hex/hex.go:127:0 s=126
             github.com/jackc/pgx/v5/internal/stmtcache.StatementName /workspace/tabmail-cloud/gomod/github.com/jackc/pgx/v5@v5.10.0/internal/stmtcache/stmtcache.go:15:0 s=13
   309: 0xc55244 M=1 github.com/jackc/pgx/v5.(*Conn).getStatementDescription /workspace/tabmail-cloud/gomod/github.com/jackc/pgx/v5@v5.10.0/conn.go:904:0 s=892
   310: 0xa273d0 M=1 database/sql.(*Conn).QueryContext /workspace/tabmail-cloud/tools/go/src/database/sql/sql.go:2037:0 s=2032
   311: 0xa27514 M=1 database/sql.(*Conn).QueryRowContext /workspace/tabmail-cloud/tools/go/src/database/sql/sql.go:2047:0 s=2046
   312: 0xed011d M=1 github.com/pressly/goose/v3/database.(*store).TableExists /workspace/goose-buffer-experiment/candidate/database/dialects.go:188:0 s=180
   313: 0xef468a M=1 github.com/pressly/goose/v3/internal/controller.(*StoreController).TableExists /workspace/goose-buffer-experiment/candidate/internal/controller/store.go:34:0 s=30
   314: 0xf0609c M=1 github.com/pressly/goose/v3.(*Provider).tryEnsureVersionTable.func1 /workspace/goose-buffer-experiment/candidate/provider_run.go:362:0 s=361
   315: 0xef579e M=1 github.com/sethvargo/go-retry.Do.func1 /workspace/tabmail-cloud/gomod/github.com/sethvargo/go-retry@v0.4.0/retry.go:92:0 s=91
   316: 0xef586a M=1 github.com/sethvargo/go-retry.DoValue[go.shape.*uint8] /workspace/tabmail-cloud/gomod/github.com/sethvargo/go-retry@v0.4.0/retry.go:61:0 s=52
   317: 0xef56ef M=1 github.com/sethvargo/go-retry.Do /workspace/tabmail-cloud/gomod/github.com/sethvargo/go-retry@v0.4.0/retry.go:91:0 s=90
   318: 0xf05f90 M=1 github.com/pressly/goose/v3.(*Provider).tryEnsureVersionTable /workspace/goose-buffer-experiment/candidate/provider_run.go:361:0 s=358
   319: 0xf059e4 M=1 github.com/pressly/goose/v3.(*Provider).initialize.(*Provider).ensureVersionTable.func4 /workspace/goose-buffer-experiment/candidate/provider_run.go:353:0 s=352
   320: 0x4d6011 M=1 sync.(*Once).doSlow /workspace/tabmail-cloud/tools/go/src/sync/once.go:78:0 s=73
   321: 0x4d5f04 M=1 sync.(*Once).Do /workspace/tabmail-cloud/tools/go/src/sync/once.go:69:0 s=52
   322: 0xf057b8 M=1 github.com/pressly/goose/v3.(*Provider).ensureVersionTable /workspace/goose-buffer-experiment/candidate/provider_run.go:352:0 s=338
             github.com/pressly/goose/v3.(*Provider).initialize /workspace/goose-buffer-experiment/candidate/provider_run.go:331:0 s=277
   323: 0xefef11 M=1 github.com/pressly/goose/v3.(*Provider).hasPending /workspace/goose-buffer-experiment/candidate/provider.go:546:0 s=545
   324: 0xefc7e5 M=1 github.com/pressly/goose/v3.(*Provider).HasPending /workspace/goose-buffer-experiment/candidate/provider.go:171:0 s=170
             github.com/pressly/goose/v3.(*Provider).Up /workspace/goose-buffer-experiment/candidate/provider.go:245:0 s=244
   325: 0xc0d412 M=1 github.com/jackc/pgx/v5/pgconn.connectOne /workspace/tabmail-cloud/gomod/github.com/jackc/pgx/v5@v5.10.0/pgconn/pgconn.go:316:0 s=313
   326: 0xeafd24 M=1 github.com/jackc/pgx/v5/pgxpool.NewWithConfig.func3 /workspace/tabmail-cloud/gomod/github.com/jackc/pgx/v5@v5.10.0/pgxpool/pool.go:287:0 s=272
   327: 0xebbb66 M=1 github.com/jackc/puddle/v2.(*Pool[go.shape.*uint8]).initResourceValue.func1 /workspace/tabmail-cloud/gomod/github.com/jackc/puddle/v2@v2.2.2/pool.go:423:0 s=421
   328: 0xeda35c M=1 github.com/pressly/goose/v3/internal/sqlparser.(*stateMachine).print /workspace/goose-buffer-experiment/candidate/internal/sqlparser/parser.go:78:0 s=77
   329: 0xedc06c M=1 github.com/pressly/goose/v3/internal/sqlparser.ParseSQLMigration /workspace/goose-buffer-experiment/candidate/internal/sqlparser/parser.go:256:0 s=103
   330: 0xfdb297 M=1 tabmail/internal/store/postgres.insertOutboundJob /workspace/tabmail/internal/store/postgres/outbound.go:258:0 s=257
   331: 0xfd8b84 M=1 tabmail/internal/store/postgres.(*PgStore).enqueueOutboundJobValidated /workspace/tabmail/internal/store/postgres/outbound.go:191:0 s=69
   332: 0x18b46b5 M=1 tabmail/internal/store/postgres_test.TestR5OutboundReceiptRejectsStalePrincipal.func1 /workspace/tabmail/internal/store/postgres/r5_outbound_receipt_test.go:29:0 s=26
   333: 0xedb494 M=1 github.com/pressly/goose/v3/internal/sqlparser.ParseSQLMigration /workspace/goose-buffer-experiment/candidate/internal/sqlparser/parser.go:219:0 s=103
   334: 0xf0054f M=1 github.com/pressly/goose/v3.collectFilesystemSources /workspace/goose-buffer-experiment/candidate/provider_collect.go:97:0 s=27
   335: 0xf7e34a M=1 tabmail/internal/store/postgres.(*PgStore).ActivateEmployee /workspace/tabmail/internal/store/postgres/company_members.go:339:0 s=279
   336: 0x84ff84 M=1 github.com/jackc/pgx/v5/pgproto3.(*DataRow).Decode /workspace/tabmail-cloud/gomod/github.com/jackc/pgx/v5@v5.10.0/pgproto3/data_row.go:35:0 s=22
   337: 0xeb70ee M=1 github.com/jackc/pgx/v5/pgxpool.(*Tx).Query /workspace/tabmail-cloud/gomod/github.com/jackc/pgx/v5@v5.10.0/pgxpool/tx.go:74:0 s=73
   338: 0xff2d4f M=1 tabmail/internal/store/postgres.readOutboundReceipts /workspace/tabmail/internal/store/postgres/outbound_receipts.go:96:0 s=54
   339: 0xff0f31 M=1 tabmail/internal/store/postgres.(*PgStore).GetOutboundReceipt.func1 /workspace/tabmail/internal/store/postgres/outbound_receipts.go:25:0 s=23
   340: 0xff0d09 M=1 tabmail/internal/store/postgres.(*PgStore).GetOutboundReceipt /workspace/tabmail/internal/store/postgres/outbound_receipts.go:23:0 s=18
   341: 0x18b31c6 M=1 tabmail/internal/store/postgres_test.TestR5OutboundReceiptPrivacyPGSnapshotAndUnknownLedger.func1 /workspace/tabmail/internal/store/postgres/r5_outbound_receipt_privacy_test.go:347:0 s=333
   342: 0xc633aa M=1 github.com/jackc/pgx/v5.(*ExtendedQueryBuilder).appendParam /workspace/tabmail-cloud/gomod/github.com/jackc/pgx/v5@v5.10.0/extended_query_builder.go:85:0 s=56
   343: 0xfdc899 M=1 tabmail/internal/store/postgres.insertOutboundJob /workspace/tabmail/internal/store/postgres/outbound.go:258:0 s=257
   344: 0x198cee4 M=1 tabmail/internal/store/postgres.(*PgStore).CreateOutboundJob /workspace/tabmail/internal/store/postgres/outbound.go:30:0 s=29
             tabmail/internal/store/postgres_test.r5SubmissionPrivacyFixture /workspace/tabmail/internal/store/postgres/r5_submission_receipt_privacy_test.go:34:0 s=23
   345: 0x18b2cfd M=1 tabmail/internal/store/postgres_test.TestR5OutboundReceiptPrivacyPGSnapshotAndUnknownLedger.func1 /workspace/tabmail/internal/store/postgres/r5_outbound_receipt_privacy_test.go:334:0 s=333
   346: 0x5ef5c7 M=1 bytes.growSlice /workspace/tabmail-cloud/tools/go/src/bytes/buffer.go:255:0 s=235
   347: 0x16577ba M=1 github.com/go-chi/chi/v5.(*node).InsertRoute /workspace/tabmail-cloud/gomod/github.com/go-chi/chi/v5@v5.2.5/tree.go:172:0 s=138
   348: 0x1653190 M=1 github.com/go-chi/chi/v5.(*Mux).Get /workspace/tabmail-cloud/gomod/github.com/go-chi/chi/v5@v5.2.5/mux.go:156:0 s=155
   349: 0x174c1e1 M=1 tabmail/internal/api.NewRouter.func2.5 /workspace/tabmail/internal/api/router.go:283:0 s=264
   350: 0x16542ee M=1 github.com/go-chi/chi/v5.(*Mux).Group /workspace/tabmail-cloud/gomod/github.com/go-chi/chi/v5@v5.2.5/mux.go:265:0 s=262
   351: 0x174982d M=1 tabmail/internal/api.NewRouter.func2 /workspace/tabmail/internal/api/router.go:264:0 s=172
   352: 0x18a8d77 M=1 tabmail/internal/store/postgres_test.r5OrdinaryOutboundRouter /workspace/tabmail/internal/store/postgres/r5_outbound_receipt_privacy_test.go:62:0 s=53
   353: 0x18b1213 M=1 tabmail/internal/store/postgres_test.TestR5OutboundReceiptPrivacyHTTPCommitVersusDisplayFailure.func1 /workspace/tabmail/internal/store/postgres/r5_outbound_receipt_privacy_test.go:290:0 s=281
   354: 0x549174 M=1 os.openFileNolog /workspace/tabmail-cloud/tools/go/src/os/file_unix.go:264:0 s=245
   355: 0x5468b5 M=1 os.OpenFile /workspace/tabmail-cloud/tools/go/src/os/file.go:412:0 s=410
   356: 0xa0d384 M=1 os.Open /workspace/tabmail-cloud/tools/go/src/os/file.go:390:0 s=389
             github.com/jackc/pgpassfile.ReadPassfile /workspace/tabmail-cloud/gomod/github.com/jackc/pgpassfile@v1.0.0/pgpass.go:28:0 s=27
   357: 0xbff1f1 M=1 github.com/jackc/pgx/v5/pgconn.ParseConfigWithOptions /workspace/tabmail-cloud/gomod/github.com/jackc/pgx/v5@v5.10.0/pgconn/config.go:486:0 s=323
   358: 0xc4be7e M=1 github.com/jackc/pgx/v5.ParseConfigWithOptions /workspace/tabmail-cloud/gomod/github.com/jackc/pgx/v5@v5.10.0/conn.go:166:0 s=165
   359: 0xeb02b8 M=1 github.com/jackc/pgx/v5.ParseConfig /workspace/tabmail-cloud/gomod/github.com/jackc/pgx/v5@v5.10.0/conn.go:239:0 s=238
             github.com/jackc/pgx/v5/pgxpool.ParseConfig /workspace/tabmail-cloud/gomod/github.com/jackc/pgx/v5@v5.10.0/pgxpool/pool.go:360:0 s=359
   360: 0x101e233 M=1 tabmail/internal/store/postgres.New /workspace/tabmail/internal/store/postgres/postgres.go:22:0 s=21
   361: 0x198c604 M=1 tabmail/internal/store/postgres_test.r5SubmissionPrivacyFixture /workspace/tabmail/internal/store/postgres/r5_submission_receipt_privacy_test.go:28:0 s=23
   362: 0x18b111d M=1 tabmail/internal/store/postgres_test.TestR5OutboundReceiptPrivacyHTTPCommitVersusDisplayFailure.func1 /workspace/tabmail/internal/store/postgres/r5_outbound_receipt_privacy_test.go:282:0 s=281
   363: 0xf6e3b5 M=1 tabmail/internal/store/postgres.(*PgStore).GetMailDraft.func1 /workspace/tabmail/internal/store/postgres/company_mail.go:467:0 s=465
   364: 0xf6df04 M=1 tabmail/internal/store/postgres.(*PgStore).companyReadTx /workspace/tabmail/internal/store/postgres/company_members.go:47:0 s=46
             tabmail/internal/store/postgres.(*PgStore).GetMailDraft /workspace/tabmail/internal/store/postgres/company_mail.go:465:0 s=463
   365: 0x16d7814 M=1 tabmail/internal/app/submissions.(*Service).SubmitDraft /workspace/tabmail/internal/app/submissions/service.go:151:0 s=147
   366: 0x170d054 M=1 tabmail/internal/api/handlers.(*CompanyMailHandler).SubmitDraft /workspace/tabmail/internal/api/handlers/company_mail.go:318:0 s=295
   367: 0x177d770 M=1 tabmail/internal/store/postgres_test.draftSubmitHTTP /workspace/tabmail/internal/store/postgres/company_draft_submit_test.go:35:0 s=24
   368: 0x18b15d5 M=1 tabmail/internal/store/postgres_test.TestR5OutboundReceiptPrivacyHTTPCommitVersusDisplayFailure.func1 /workspace/tabmail/internal/store/postgres/r5_outbound_receipt_privacy_test.go:294:0 s=281
   369: 0xab6c06 M=1 github.com/jackc/pgx/v5/pgtype.(*Map).planScan /workspace/tabmail-cloud/gomod/github.com/jackc/pgx/v5@v5.10.0/pgtype/pgtype.go:1126:0 s=1069
   370: 0x1041419 M=1 tabmail/internal/store/postgres.(*PgStore).GetUserByEmail /workspace/tabmail/internal/store/postgres/users.go:69:0 s=68
   371: 0x17a407a M=1 tabmail/internal/store/postgres_test.seedCompany /workspace/tabmail/internal/store/postgres/company_workflows_test.go:53:0 s=33
   372: 0xac02d0 M=1 github.com/jackc/pgx/v5/pgtype.newEncodeError /workspace/tabmail-cloud/gomod/github.com/jackc/pgx/v5@v5.10.0/pgtype/pgtype.go:1963:0 s=1945
   373: 0xf78175 M=1 tabmail/internal/store/postgres.companyAudit /workspace/tabmail/internal/store/postgres/company_members.go:113:0 s=108
   374: 0xf7bd84 M=1 tabmail/internal/store/postgres.(*PgStore).InviteEmployee.func1 /workspace/tabmail/internal/store/postgres/company_members.go:239:0 s=210
   375: 0x5c173b M=1 fmt.Sprintf /workspace/tabmail-cloud/tools/go/src/fmt/print.go:240:0 s=237
   376: 0x18aff3d M=1 tabmail/internal/store/postgres_test.TestR5OutboundReceiptPrivacyHTTPRetry.func1 /workspace/tabmail/internal/store/postgres/r5_outbound_receipt_privacy_test.go:251:0 s=250
   377: 0xed96a4 M=1 github.com/pressly/goose/v3/internal/sqlparser.ParseAllFromFS /workspace/goose-buffer-experiment/candidate/internal/sqlparser/parse.go:23:0 s=16
   378: 0xf027d9 M=1 github.com/pressly/goose/v3.(*Provider).prepareMigration /workspace/goose-buffer-experiment/candidate/provider_run.go:60:0 s=26
   379: 0xf033ca M=1 github.com/pressly/goose/v3.(*Provider).runMigrations /workspace/goose-buffer-experiment/candidate/provider_run.go:128:0 s=96
   380: 0xefdb9e M=1 github.com/pressly/goose/v3.(*Provider).up /workspace/goose-buffer-experiment/candidate/provider.go:406:0 s=347
   381: 0xebe4ab M=1 github.com/jackc/puddle/v2/internal/genstack.NewGenStack[*github.com/jackc/puddle/v2.Resource[go.shape.*uint8]] /workspace/tabmail-cloud/gomod/github.com/jackc/puddle/v2@v2.2.2/internal/genstack/gen_stack.go:26:0 s=24
             github.com/jackc/puddle/v2.NewPool[go.shape.*uint8] /workspace/tabmail-cloud/gomod/github.com/jackc/puddle/v2@v2.2.2/pool.go:168:0 s=159
   382: 0xeaf604 M=1 github.com/jackc/pgx/v5/pgxpool.NewWithConfig /workspace/tabmail-cloud/gomod/github.com/jackc/pgx/v5@v5.10.0/pgxpool/pool.go:270:0 s=220
   383: 0xeaea97 M=1 github.com/jackc/pgx/v5/pgxpool.New /workspace/tabmail-cloud/gomod/github.com/jackc/pgx/v5@v5.10.0/pgxpool/pool.go:216:0 s=210
   384: 0x1756be4 M=1 tabmail/internal/testpg.NewPostgres /workspace/tabmail/internal/testpg/fixture.go:32:0 s=21
   385: 0x858004 M=1 github.com/jackc/pgx/v5/pgproto3.(*Frontend).Flush /workspace/tabmail-cloud/gomod/github.com/jackc/pgx/v5@v5.10.0/pgproto3/frontend.go:115:0 s=100
   386: 0xc2b0c7 M=1 github.com/jackc/pgx/v5/pgconn.(*PgConn).flushWithPotentialWriteReadDeadlock /workspace/tabmail-cloud/gomod/github.com/jackc/pgx/v5@v5.10.0/pgconn/pgconn.go:2136:0 s=2133
   387: 0xc1dd1c M=1 github.com/jackc/pgx/v5/pgconn.(*PgConn).Exec /workspace/tabmail-cloud/gomod/github.com/jackc/pgx/v5@v5.10.0/pgconn/pgconn.go:1223:0 s=1197
   388: 0xc51168 M=1 github.com/jackc/pgx/v5.(*Conn).execSimpleProtocol /workspace/tabmail-cloud/gomod/github.com/jackc/pgx/v5@v5.10.0/conn.go:588:0 s=580
   389: 0xc50b15 M=1 github.com/jackc/pgx/v5.(*Conn).exec /workspace/tabmail-cloud/gomod/github.com/jackc/pgx/v5@v5.10.0/conn.go:574:0 s=490
   390: 0xec2d84 M=1 github.com/jackc/pgx/v5/stdlib.(*Conn).ExecContext /workspace/tabmail-cloud/gomod/github.com/jackc/pgx/v5@v5.10.0/stdlib/sql.go:496:0 s=488
   391: 0xa17f4a M=1 database/sql.ctxDriverExec /workspace/tabmail-cloud/tools/go/src/database/sql/ctxutil.go:31:0 s=29
   392: 0xa24045 M=1 database/sql.(*DB).execDC.func2 /workspace/tabmail-cloud/tools/go/src/database/sql/sql.go:1713:0 s=1708
   393: 0xa23584 M=1 database/sql.(*DB).execDC /workspace/tabmail-cloud/tools/go/src/database/sql/sql.go:1708:0 s=1696
   394: 0xa2a468 M=1 database/sql.(*Tx).ExecContext /workspace/tabmail-cloud/tools/go/src/database/sql/sql.go:2516:0 s=2511
   395: 0xf07f0d M=1 github.com/pressly/goose/v3.(*Provider).runSQL /workspace/goose-buffer-experiment/candidate/provider_run.go:530:0 s=510
   396: 0x18acb5d M=1 tabmail/internal/store/postgres_test.TestR5OutboundReceiptPrivacyHTTPFreshAndReplay.func1 /workspace/tabmail/internal/store/postgres/r5_outbound_receipt_privacy_test.go:174:0 s=173
   397: 0xac0293 M=1 github.com/jackc/pgx/v5/pgtype.newEncodeError /workspace/tabmail-cloud/gomod/github.com/jackc/pgx/v5@v5.10.0/pgtype/pgtype.go:1963:0 s=1945
   398: 0xf6e1f2 M=1 tabmail/internal/store/postgres.(*PgStore).GetMailDraft.func1 /workspace/tabmail/internal/store/postgres/company_mail.go:467:0 s=465
   399: 0x18af470 M=1 tabmail/internal/store/postgres_test.TestR5OutboundReceiptPrivacyHTTPFreshAndReplay.func1 /workspace/tabmail/internal/store/postgres/r5_outbound_receipt_privacy_test.go:229:0 s=173
   400: 0xc66624 M=1 github.com/jackc/pgx/v5.(*baseRows).Scan /workspace/tabmail-cloud/gomod/github.com/jackc/pgx/v5@v5.10.0/rows.go:263:0 s=235
   401: 0xfc123d M=1 tabmail/internal/store/postgres.(*PgStore).GetMailbox /workspace/tabmail/internal/store/postgres/mailboxes.go:44:0 s=43
   402: 0x16d8155 M=1 tabmail/internal/app/submissions.(*Service).SubmitDraft /workspace/tabmail/internal/app/submissions/service.go:178:0 s=147
   403: 0x18ad5aa M=1 tabmail/internal/store/postgres_test.TestR5OutboundReceiptPrivacyHTTPFreshAndReplay.func1 /workspace/tabmail/internal/store/postgres/r5_outbound_receipt_privacy_test.go:191:0 s=173
   404: 0x16590d8 M=1 github.com/go-chi/chi/v5.endpoints.Value /workspace/tabmail-cloud/gomod/github.com/go-chi/chi/v5@v5.2.5/tree.go:133:0 s=129
             github.com/go-chi/chi/v5.(*node).setEndpoint /workspace/tabmail-cloud/gomod/github.com/go-chi/chi/v5@v5.2.5/tree.go:366:0 s=343
   405: 0x16578e6 M=1 github.com/go-chi/chi/v5.(*node).InsertRoute /workspace/tabmail-cloud/gomod/github.com/go-chi/chi/v5@v5.2.5/tree.go:174:0 s=138
   406: 0x174665e M=1 github.com/go-chi/chi/v5.(*Mux).Get /workspace/tabmail-cloud/gomod/github.com/go-chi/chi/v5@v5.2.5/mux.go:156:0 s=155
             tabmail/internal/api.NewRouter /workspace/tabmail/internal/api/router.go:329:0 s=126
   407: 0x18ad18b M=1 tabmail/internal/store/postgres_test.TestR5OutboundReceiptPrivacyHTTPFreshAndReplay.func1 /workspace/tabmail/internal/store/postgres/r5_outbound_receipt_privacy_test.go:188:0 s=173
   408: 0xeca43d M=1 github.com/pressly/goose/v3/internal/dialects.(*postgres).InsertVersion /workspace/goose-buffer-experiment/candidate/internal/dialects/postgres.go:31:0 s=29
   409: 0xece9ac M=1 github.com/pressly/goose/v3/database.(*store).Insert /workspace/goose-buffer-experiment/candidate/database/dialects.go:100:0 s=99
   410: 0xf04cc3 M=1 github.com/pressly/goose/v3.(*Provider).maybeInsertOrDelete /workspace/goose-buffer-experiment/candidate/provider_run.go:254:0 s=243
   411: 0xf04bcb M=1 github.com/pressly/goose/v3.(*Provider).runIndividually.func1 /workspace/goose-buffer-experiment/candidate/provider_run.go:218:0 s=214
   412: 0x861e77 M=1 github.com/jackc/pgx/v5/pgproto3.(*Parse).Encode /workspace/tabmail-cloud/gomod/github.com/jackc/pgx/v5@v5.10.0/pgproto3/parse.go:62:0 s=57
   413: 0x858d72 M=1 github.com/jackc/pgx/v5/pgproto3.(*Frontend).SendParse /workspace/tabmail-cloud/gomod/github.com/jackc/pgx/v5@v5.10.0/pgproto3/frontend.go:170:0 s=164
   414: 0xc19094 M=1 github.com/jackc/pgx/v5/pgconn.(*PgConn).Prepare /workspace/tabmail-cloud/gomod/github.com/jackc/pgx/v5@v5.10.0/pgconn/pgconn.go:966:0 s=950
   415: 0x18a8244 M=1 tabmail/internal/store/postgres_test.(*r5ReceiptDisplayFaultStore).GetOutboundReceipt /workspace/tabmail/internal/store/postgres/r5_outbound_receipt_privacy_test.go:45:0 s=40
   416: 0x16d3227 M=1 tabmail/internal/app/submissions.(*Service).CommittedReceiptView /workspace/tabmail/internal/app/submissions/receipts.go:116:0 s=112
   417: 0x170d44f M=1 tabmail/internal/api/handlers.(*CompanyMailHandler).SubmitDraft /workspace/tabmail/internal/api/handlers/company_mail.go:335:0 s=295
   418: 0x17053b4 M=1 tabmail/internal/app/drafts.(*Service).Get /workspace/tabmail/internal/app/drafts/service.go:24:0 s=23
             tabmail/internal/api/handlers.(*CompanyDraftHandler).Get /workspace/tabmail/internal/api/handlers/company_drafts.go:34:0 s=29
   419: 0x18a91e5 M=1 tabmail/internal/store/postgres_test.r5ReceiptHTTPDraft /workspace/tabmail/internal/store/postgres/r5_outbound_receipt_privacy_test.go:73:0 s=68
   420: 0x18ad4a4 M=1 tabmail/internal/store/postgres_test.TestR5OutboundReceiptPrivacyHTTPFreshAndReplay.func1 /workspace/tabmail/internal/store/postgres/r5_outbound_receipt_privacy_test.go:190:0 s=173
   421: 0x1698e11 M=1 tabmail/internal/api/middleware.RequireSuperAdmin /workspace/tabmail/internal/api/middleware/auth.go:435:0 s=434
   422: 0x1651569 M=1 github.com/go-chi/chi/v5.chain /workspace/tabmail-cloud/gomod/github.com/go-chi/chi/v5@v5.2.5/chain.go:43:0 s=36
   423: 0x165608c M=1 github.com/go-chi/chi/v5.Middlewares.Handler /workspace/tabmail-cloud/gomod/github.com/go-chi/chi/v5@v5.2.5/chain.go:13:0 s=12
             github.com/go-chi/chi/v5.(*Mux).handle /workspace/tabmail-cloud/gomod/github.com/go-chi/chi/v5@v5.2.5/mux.go:430:0 s=416
   424: 0x1653370 M=1 github.com/go-chi/chi/v5.(*Mux).Patch /workspace/tabmail-cloud/gomod/github.com/go-chi/chi/v5@v5.2.5/mux.go:174:0 s=173
   425: 0x174c57b M=1 tabmail/internal/api.NewRouter.func2.5 /workspace/tabmail/internal/api/router.go:293:0 s=264
   426: 0xfc6ea4 M=1 tabmail/internal/store/postgres.(*PgStore).UpdateUserGuarded /workspace/tabmail/internal/store/postgres/member_guard.go:86:0 s=77
   427: 0x17592af M=1 tabmail/internal/testpg.NewR5Fixture /workspace/tabmail/internal/testpg/r5_fixture.go:89:0 s=36
   428: 0x18a1bd1 M=1 tabmail/internal/store/postgres_test.r5OutboundInspectionFixture /workspace/tabmail/internal/store/postgres/r5_outbound_inspection_test.go:30:0 s=28
   429: 0x18a77a4 M=1 tabmail/internal/store/postgres_test.TestR5OutboundInspectionPGSafeCompleteProjection /workspace/tabmail/internal/store/postgres/r5_outbound_inspection_test.go:241:0 s=240
   430: 0xc51c1d M=1 github.com/jackc/pgx/v5.(*Conn).execPrepared /workspace/tabmail-cloud/gomod/github.com/jackc/pgx/v5@v5.10.0/conn.go:613:0 s=607
   431: 0xf7f0f7 M=1 tabmail/internal/store/postgres.(*PgStore).ActivateEmployee /workspace/tabmail/internal/store/postgres/company_members.go:364:0 s=279
   432: 0x1759793 M=1 tabmail/internal/testpg.NewR5Fixture /workspace/tabmail/internal/testpg/r5_fixture.go:66:0 s=36
   433: 0x5b3513 M=1 context.AfterFunc /workspace/tabmail-cloud/tools/go/src/context/context.go:330:0 s=325
   434: 0xc1dcb1 M=1 github.com/jackc/pgx/v5/pgconn.(*PgConn).Exec /workspace/tabmail-cloud/gomod/github.com/jackc/pgx/v5@v5.10.0/pgconn/pgconn.go:1219:0 s=1197
   435: 0xc69778 M=1 github.com/jackc/pgx/v5.(*dbTx).Commit /workspace/tabmail-cloud/gomod/github.com/jackc/pgx/v5@v5.10.0/tx.go:190:0 s=180
   436: 0xeb6935 M=1 github.com/jackc/pgx/v5/pgxpool.(*Tx).Commit /workspace/tabmail-cloud/gomod/github.com/jackc/pgx/v5@v5.10.0/pgxpool/tx.go:26:0 s=25
   437: 0xf7782b M=1 tabmail/internal/store/postgres.(*PgStore).companyTxScope /workspace/tabmail/internal/store/postgres/company_members.go:106:0 s=60
   438: 0x1758d4f M=1 tabmail/internal/testpg.NewR5Fixture /workspace/tabmail/internal/testpg/r5_fixture.go:60:0 s=36
   439: 0x17581c4 M=1 tabmail/internal/testpg.NewR5Fixture /workspace/tabmail/internal/testpg/r5_fixture.go:41:0 s=36
   440: 0x863fc7 M=1 github.com/jackc/pgx/v5/pgproto3.(*Query).Encode /workspace/tabmail-cloud/gomod/github.com/jackc/pgx/v5@v5.10.0/pgproto3/query.go:35:0 s=33
   441: 0x859ff2 M=1 github.com/jackc/pgx/v5/pgproto3.(*Frontend).SendQuery /workspace/tabmail-cloud/gomod/github.com/jackc/pgx/v5@v5.10.0/pgproto3/frontend.go:270:0 s=264
   442: 0xc1dd0f M=1 github.com/jackc/pgx/v5/pgconn.(*PgConn).Exec /workspace/tabmail-cloud/gomod/github.com/jackc/pgx/v5@v5.10.0/pgconn/pgconn.go:1222:0 s=1197
   443: 0xa0ee76 M=1 github.com/jackc/pgx/v5/pgconn/ctxwatch.(*ContextWatcher).Watch /workspace/tabmail-cloud/gomod/github.com/jackc/pgx/v5@v5.10.0/pgconn/ctxwatch/context_watcher.go:41:0 s=32
   444: 0xfc139b M=1 tabmail/internal/store/postgres.(*PgStore).GetMailboxByAddress /workspace/tabmail/internal/store/postgres/mailboxes.go:48:0 s=47
   445: 0x1759a59 M=1 tabmail/internal/testpg.NewR5Fixture /workspace/tabmail/internal/testpg/r5_fixture.go:73:0 s=36
   446: 0x18a7224 M=1 tabmail/internal/store/postgres_test.TestR5OutboundInspectionPGFaultZeroPayloadAndEffects.func1 /workspace/tabmail/internal/store/postgres/r5_outbound_inspection_test.go:220:0 s=219
   447: 0x18a5024 M=1 tabmail/internal/store/postgres_test.TestR5OutboundInspectionPGLedgerAndJobSnapshotFence /workspace/tabmail/internal/store/postgres/r5_outbound_inspection_test.go:162:0 s=161
   448: 0xedba15 M=1 bytes.(*Buffer).String /workspace/tabmail-cloud/tools/go/src/bytes/buffer.go:77:0 s=72
             github.com/pressly/goose/v3/internal/sqlparser.ParseSQLMigration /workspace/goose-buffer-experiment/candidate/internal/sqlparser/parser.go:248:0 s=103
   449: 0xc4d317 M=1 github.com/jackc/pgx/v5/internal/stmtcache.NewLRUCache /workspace/tabmail-cloud/gomod/github.com/jackc/pgx/v5@v5.10.0/internal/stmtcache/lru_cache.go:31:0 s=29
             github.com/jackc/pgx/v5.connect /workspace/tabmail-cloud/gomod/github.com/jackc/pgx/v5@v5.10.0/conn.go:289:0 s=243
   450: 0xabdde4 M=1 github.com/jackc/pgx/v5/pgtype.(*wrapByte16EncodePlan).Encode /workspace/tabmail-cloud/gomod/github.com/jackc/pgx/v5@v5.10.0/pgtype/pgtype.go:1750:0 s=1749
   451: 0xab87a9 M=1 github.com/jackc/pgx/v5/pgtype.(*encodePlanDriverValuer).Encode /workspace/tabmail-cloud/gomod/github.com/jackc/pgx/v5@v5.10.0/pgtype/pgtype.go:1333:0 s=1298
   452: 0x17596b6 M=1 tabmail/internal/testpg.NewR5Fixture /workspace/tabmail/internal/testpg/r5_fixture.go:64:0 s=36
   453: 0x18a4a64 M=1 tabmail/internal/store/postgres_test.TestR5OutboundInspectionPGBusyJobAndLedger.func1 /workspace/tabmail/internal/store/postgres/r5_outbound_inspection_test.go:141:0 s=140
   454: 0x5b3d46 M=1 context.(*cancelCtx).Done /workspace/tabmail-cloud/tools/go/src/context/context.go:457:0 s=448
   455: 0x7a2666 M=1 net.(*sysDialer).dialSerial /workspace/tabmail-cloud/tools/go/src/net/dial.go:664:0 s=659
   456: 0x7a1ba5 M=1 net.(*sysDialer).dialParallel /workspace/tabmail-cloud/tools/go/src/net/dial.go:587:0 s=585
   457: 0x7a117b M=1 net.(*Dialer).DialContext /workspace/tabmail-cloud/tools/go/src/net/dial.go:578:0 s=525
   458: 0xc0dc43 M=1 github.com/jackc/pgx/v5/pgconn.connectOne /workspace/tabmail-cloud/gomod/github.com/jackc/pgx/v5@v5.10.0/pgconn/pgconn.go:338:0 s=313
   459: 0xf7bad6 M=1 tabmail/internal/store/postgres.(*PgStore).InviteEmployee.func1 /workspace/tabmail/internal/store/postgres/company_members.go:236:0 s=210
   460: 0x859d84 M=1 github.com/jackc/pgx/v5/pgproto3.(*Sync).Encode /workspace/tabmail-cloud/gomod/github.com/jackc/pgx/v5@v5.10.0/pgproto3/sync.go:24:0 s=23
             github.com/jackc/pgx/v5/pgproto3.(*Frontend).SendSync /workspace/tabmail-cloud/gomod/github.com/jackc/pgx/v5@v5.10.0/pgproto3/frontend.go:250:0 s=244
   461: 0xc19130 M=1 github.com/jackc/pgx/v5/pgconn.(*PgConn).Prepare /workspace/tabmail-cloud/gomod/github.com/jackc/pgx/v5@v5.10.0/pgconn/pgconn.go:968:0 s=950
   462: 0xc507b5 M=1 github.com/jackc/pgx/v5.(*Conn).exec /workspace/tabmail-cloud/gomod/github.com/jackc/pgx/v5@v5.10.0/conn.go:543:0 s=490
   463: 0xeadaf1 M=1 github.com/jackc/pgx/v5/pgxpool.(*Conn).Exec /workspace/tabmail-cloud/gomod/github.com/jackc/pgx/v5@v5.10.0/pgxpool/conn.go:86:0 s=85
   464: 0xeb4089 M=1 github.com/jackc/pgx/v5/pgxpool.(*Pool).Exec /workspace/tabmail-cloud/gomod/github.com/jackc/pgx/v5@v5.10.0/pgxpool/pool.go:734:0 s=727
   465: 0x1040baf M=1 tabmail/internal/store/postgres.(*PgStore).CreateUser /workspace/tabmail/internal/store/postgres/users.go:34:0 s=27
   466: 0x1758885 M=1 tabmail/internal/testpg.NewR5Fixture /workspace/tabmail/internal/testpg/r5_fixture.go:56:0 s=36
   467: 0xf7a28f M=1 tabmail/internal/store/postgres.companyDomain /workspace/tabmail/internal/store/postgres/company_members.go:195:0 s=192
   468: 0xf7ae35 M=1 tabmail/internal/store/postgres.(*PgStore).InviteEmployee.func1 /workspace/tabmail/internal/store/postgres/company_members.go:211:0 s=210
   469: 0x18a39c4 M=1 tabmail/internal/store/postgres_test.TestR5OutboundInspectionPGCurrentAuthorityAfterWait.func1 /workspace/tabmail/internal/store/postgres/r5_outbound_inspection_test.go:97:0 s=96
   470: 0xc18f14 M=1 github.com/jackc/pgx/v5/pgconn.(*PgConn).Prepare /workspace/tabmail-cloud/gomod/github.com/jackc/pgx/v5@v5.10.0/pgconn/pgconn.go:962:0 s=950
   471: 0xfc8b62 M=1 tabmail/internal/store/postgres.(*PgStore).UpdateUserGuarded /workspace/tabmail/internal/store/postgres/member_guard.go:134:0 s=77
   472: 0xfc13ab M=1 tabmail/internal/store/postgres.(*PgStore).GetMailboxByAddress /workspace/tabmail/internal/store/postgres/mailboxes.go:48:0 s=47
   473: 0xf8b31b M=1 tabmail/internal/store/postgres.(*PgStore).companyReadTx /workspace/tabmail/internal/store/postgres/company_members.go:47:0 s=46
             tabmail/internal/store/postgres.(*PgStore).GetWorkMailbox /workspace/tabmail/internal/store/postgres/company_members.go:771:0 s=769
   474: 0x1759cfc M=1 tabmail/internal/testpg.NewR5Fixture /workspace/tabmail/internal/testpg/r5_fixture.go:83:0 s=36
   475: 0xae9d04 M=1 github.com/jackc/pgx/v5/pgtype.parseUUID /workspace/tabmail-cloud/gomod/github.com/jackc/pgx/v5@v5.10.0/pgtype/uuid.go:38:0 s=35
   476: 0xf7f2c3 M=1 tabmail/internal/store/postgres.(*PgStore).ActivateEmployee /workspace/tabmail/internal/store/postgres/company_members.go:372:0 s=279
   477: 0xdbce64 M=1 net/http.init.func15 /workspace/tabmail-cloud/tools/go/src/net/http/server.go:834:0 s=834
   478: 0xe5ee2d M=1 net/http.getCopyBuf /workspace/tabmail-cloud/tools/go/src/net/http/server.go:837:0 s=836
             net/http.(*transferWriter).doBodyCopy /workspace/tabmail-cloud/tools/go/src/net/http/transfer.go:414:0 s=413
   479: 0xe5e452 M=1 net/http.(*transferWriter).writeBody /workspace/tabmail-cloud/tools/go/src/net/http/transfer.go:377:0 s=338
   480: 0xe2fdb1 M=1 net/http.(*Request).write /workspace/tabmail-cloud/tools/go/src/net/http/request.go:762:0 s=582
   481: 0xe7ae1d M=1 net/http.(*persistConn).writeLoop /workspace/tabmail-cloud/tools/go/src/net/http/transport.go:2603:0 s=2597
   482: 0x1715339 M=1 tabmail/internal/api/handlers.RegisterCompanyRoutes.func1 /workspace/tabmail/internal/api/handlers/company_routes.go:61:0 s=27
   483: 0x175b744 M=1 tabmail/internal/testpg.NewR5HTTPFixture /workspace/tabmail/internal/testpg/r5_http_fixture.go:81:0 s=51
   484: 0x189f904 M=1 tabmail/internal/store/postgres_test.TestR5OffboardingLifecycleHTTPRechecksAfterTenantWait.func1 /workspace/tabmail/internal/store/postgres/r5_offboarding_lifecycle_test.go:561:0 s=560
   485: 0xf81523 M=1 tabmail/internal/store/postgres.(*PgStore).mailboxAccessWithSourceTx /workspace/tabmail/internal/store/postgres/company_members.go:421:0 s=401
   486: 0xf8b4ec M=1 tabmail/internal/store/postgres.(*PgStore).mailboxAccessTx /workspace/tabmail/internal/store/postgres/company_members.go:394:0 s=393
             tabmail/internal/store/postgres.(*PgStore).GetWorkMailbox.func1 /workspace/tabmail/internal/store/postgres/company_members.go:773:0 s=771
   487: 0x175a0f1 M=1 tabmail/internal/testpg.NewR5HTTPFixture /workspace/tabmail/internal/testpg/r5_http_fixture.go:53:0 s=51
   488: 0x1658651 M=1 github.com/go-chi/chi/v5.(*node).addChild /workspace/tabmail-cloud/gomod/github.com/go-chi/chi/v5@v5.2.5/tree.go:284:0 s=234
   489: 0x16585ab M=1 github.com/go-chi/chi/v5.(*node).addChild /workspace/tabmail-cloud/gomod/github.com/go-chi/chi/v5@v5.2.5/tree.go:308:0 s=234
   490: 0x16578b1 M=1 github.com/go-chi/chi/v5.(*node).InsertRoute /workspace/tabmail-cloud/gomod/github.com/go-chi/chi/v5@v5.2.5/tree.go:173:0 s=138
   491: 0x171437c M=1 tabmail/internal/api/handlers.RegisterCompanyRoutes.func1 /workspace/tabmail/internal/api/handlers/company_routes.go:38:0 s=27
   492: 0x1891603 M=1 tabmail/internal/store/postgres_test.r5OffboardingState /workspace/tabmail/internal/store/postgres/r5_offboarding_lifecycle_test.go:61:0 s=44
   493: 0x18a1504 M=1 tabmail/internal/store/postgres_test.TestR5OffboardingLifecycleHTTPRechecksAfterTenantWait.func1 /workspace/tabmail/internal/store/postgres/r5_offboarding_lifecycle_test.go:649:0 s=560
   494: 0x103dbe7 M=1 tabmail/internal/store/postgres.(*PgStore).GetTenant /workspace/tabmail/internal/store/postgres/tenants.go:32:0 s=30
   495: 0x16a2d0e M=1 tabmail/internal/configcache.(*ConfigCache[go.shape.[16]uint8,go.shape.*uint8]).Get /workspace/tabmail/internal/configcache/configcache.go:71:0 s=60
   496: 0x169aa44 M=1 tabmail/internal/api/middleware.(*CachedAuthStore).GetTenant /workspace/tabmail/internal/api/middleware/auth_cache.go:40:0 s=39
   497: 0x175185e M=1 tabmail/internal/api.NewRouter.Auth.func8.1 /workspace/tabmail/internal/api/middleware/auth.go:261:0 s=244
   498: 0xe82c21 M=1 net/http.serverHandler.ServeHTTP /workspace/tabmail-cloud/tools/go/src/net/http/server.go:3340:0 s=3331
   499: 0xe48c04 M=1 net/http.(*conn).serve /workspace/tabmail-cloud/tools/go/src/net/http/server.go:2109:0 s=1933
   500: 0x1069a87 M=1 net/http/httptest.NewUnstartedServer /workspace/tabmail-cloud/tools/go/src/net/http/httptest/server.go:120:0 s=117
             net/http/httptest.NewServer /workspace/tabmail-cloud/tools/go/src/net/http/httptest/server.go:106:0 s=105
   501: 0x175b753 M=1 tabmail/internal/testpg.NewR5HTTPFixture /workspace/tabmail/internal/testpg/r5_http_fixture.go:82:0 s=51
   502: 0xf79478 M=1 tabmail/internal/store/postgres.(*PgStore).ConfigureCompany.func1 /workspace/tabmail/internal/store/postgres/company_members.go:161:0 s=159
   503: 0xfa7b4a M=1 tabmail/internal/store/postgres.offboardingAuthorityEpochTx /workspace/tabmail/internal/store/postgres/employee_disposition.go:135:0 s=124
   504: 0xfa7598 M=1 tabmail/internal/store/postgres.offboardingEpochsTx /workspace/tabmail/internal/store/postgres/employee_disposition.go:109:0 s=108
   505: 0xfa6dcb M=1 tabmail/internal/store/postgres.(*PgStore).offboardingQualifiedTarget /workspace/tabmail/internal/store/postgres/employee_disposition.go:71:0 s=66
   506: 0xfa9be4 M=1 tabmail/internal/store/postgres.(*PgStore).offboardingPlanTarget /workspace/tabmail/internal/store/postgres/employee_disposition.go:63:0 s=62
             tabmail/internal/store/postgres.(*PgStore).PreviewOffboarding.func1 /workspace/tabmail/internal/store/postgres/employee_disposition.go:215:0 s=214
   507: 0xfa9764 M=1 tabmail/internal/store/postgres.(*PgStore).companyTx /workspace/tabmail/internal/store/postgres/company_members.go:35:0 s=34
             tabmail/internal/store/postgres.(*PgStore).PreviewOffboarding /workspace/tabmail/internal/store/postgres/employee_disposition.go:214:0 s=203
   508: 0x16bc8e4 M=1 tabmail/internal/app/employees.(*Service).Preview /workspace/tabmail/internal/app/employees/service.go:31:0 s=17
   509: 0x1706ee7 M=1 tabmail/internal/api/handlers.(*EmployeeLifecycleHandler).Preview /workspace/tabmail/internal/api/handlers/company_lifecycle.go:41:0 s=28
   510: 0x1750244 M=1 tabmail/internal/api.NewRouter.PermissionLoader.func9.1 /workspace/tabmail/internal/api/middleware/auth.go:209:0 s=186
   511: 0xc51dcf M=1 github.com/jackc/pgx/v5.(*ExtendedQueryBuilder).reset /workspace/tabmail-cloud/gomod/github.com/jackc/pgx/v5@v5.10.0/extended_query_builder.go:107:0 s=96
             github.com/jackc/pgx/v5.(*Conn).execPrepared /workspace/tabmail-cloud/gomod/github.com/jackc/pgx/v5@v5.10.0/conn.go:614:0 s=607
   512: 0xf787aa M=1 tabmail/internal/store/postgres.companyAudit /workspace/tabmail/internal/store/postgres/company_members.go:121:0 s=108
   513: 0xf7d34e M=1 tabmail/internal/store/postgres.(*PgStore).ActivateEmployee /workspace/tabmail/internal/store/postgres/company_members.go:293:0 s=279
   514: 0x103da13 M=1 tabmail/internal/store/postgres.(*PgStore).CreateTenant /workspace/tabmail/internal/store/postgres/tenants.go:24:0 s=19
   515: 0x17585ae M=1 tabmail/internal/testpg.NewR5Fixture /workspace/tabmail/internal/testpg/r5_fixture.go:54:0 s=36
   516: 0xfc6b44 M=1 tabmail/internal/store/postgres.insertMemberAudit /workspace/tabmail/internal/store/postgres/member_guard.go:73:0 s=68
   517: 0xfc9c3b M=1 tabmail/internal/store/postgres.(*PgStore).UpdateUserGuarded /workspace/tabmail/internal/store/postgres/member_guard.go:149:0 s=77
   518: 0x17220f1 M=1 github.com/rs/zerolog.Logger.With /workspace/tabmail-cloud/gomod/github.com/rs/zerolog@v1.34.0/log.go:281:0 s=279
             tabmail/internal/api/handlers.NewOutboundHandler /workspace/tabmail/internal/api/handlers/outbound.go:39:0 s=34
   519: 0x1745ef8 M=1 tabmail/internal/api.NewRouter /workspace/tabmail/internal/api/router.go:164:0 s=126
   520: 0xf856d5 M=1 tabmail/internal/store/postgres.(*PgStore).CreateWorkMailbox.func1 /workspace/tabmail/internal/store/postgres/company_members.go:594:0 s=573
   521: 0x1758f95 M=1 tabmail/internal/testpg.NewR5Fixture /workspace/tabmail/internal/testpg/r5_fixture.go:80:0 s=36
   522: 0xf7db22 M=1 tabmail/internal/store/postgres.(*PgStore).ActivateEmployee /workspace/tabmail/internal/store/postgres/company_members.go:323:0 s=279
   523: 0xf808ab M=1 tabmail/internal/store/postgres.(*PgStore).mailboxAccessWithSourceTx /workspace/tabmail/internal/store/postgres/company_members.go:410:0 s=401
   524: 0x680824 M=1 crypto/internal/fips140/sha256.New /workspace/tabmail-cloud/tools/go/src/crypto/internal/fips140/sha256/sha256.go:150:0 s=149
             crypto/sha256.New /workspace/tabmail-cloud/tools/go/src/crypto/sha256/sha256.go:38:0 s=34
   525: 0x87418e M=1 crypto/hmac.New.UnwrapNew[go.shape.interface { BlockSize int; Reset; Size int; Sum []uint8; Write  }].func1 /workspace/tabmail-cloud/tools/go/src/crypto/internal/fips140hash/hash.go:33:0 s=33(crypto/hmac.New.UnwrapNew[go.shape.interface { BlockSize() int; Reset(); Size() int; Sum([]uint8) []uint8; Write([]uint8) (int, error) }].func1)
   526: 0x1aad362 M=1 crypto/internal/fips140/hmac.New[go.shape.interface { BlockSize int; Reset; Size int; Sum []uint8; Write  }] /workspace/tabmail-cloud/tools/go/src/crypto/internal/fips140/hmac/hmac.go:170:0 s=168(crypto/internal/fips140/hmac.New[go.shape.interface { BlockSize() int; Reset(); Size() int; Sum([]uint8) []uint8; Write([]uint8) (int, error) }])
   527: 0x8740e9 M=1 crypto/hmac.New /workspace/tabmail-cloud/tools/go/src/crypto/hmac/hmac.go:56:0 s=39
   528: 0x116dc52 M=1 tabmail/internal/authn.signHMAC /workspace/tabmail/internal/authn/jwt.go:124:0 s=123
   529: 0x116d48b M=1 tabmail/internal/authn.encodeSignedToken /workspace/tabmail/internal/authn/jwt.go:85:0 s=79
   530: 0x116ca0f M=1 tabmail/internal/authn.IssueAccessToken /workspace/tabmail/internal/authn/jwt.go:52:0 s=41
   531: 0x175b984 M=1 tabmail/internal/testpg.NewR5HTTPFixture /workspace/tabmail/internal/testpg/r5_http_fixture.go:85:0 s=51
   532: 0xf806e5 M=1 tabmail/internal/store/postgres.(*PgStore).mailboxAccessWithSourceTx /workspace/tabmail/internal/store/postgres/company_members.go:402:0 s=401
   533: 0xf88fec M=1 tabmail/internal/store/postgres.(*PgStore).mailboxAccessTx /workspace/tabmail/internal/store/postgres/company_members.go:394:0 s=393
             tabmail/internal/store/postgres.(*PgStore).SetWorkGrant.func1 /workspace/tabmail/internal/store/postgres/company_members.go:706:0 s=705
   534: 0xf88e24 M=1 tabmail/internal/store/postgres.(*PgStore).companyTx /workspace/tabmail/internal/store/postgres/company_members.go:35:0 s=34
             tabmail/internal/store/postgres.(*PgStore).SetWorkGrant /workspace/tabmail/internal/store/postgres/company_members.go:705:0 s=701
   535: 0x1759fda M=1 tabmail/internal/testpg.NewR5Fixture /workspace/tabmail/internal/testpg/r5_fixture.go:86:0 s=36
   536: 0xf84ec4 M=1 tabmail/internal/store/postgres.(*PgStore).CreateWorkMailbox.func1 /workspace/tabmail/internal/store/postgres/company_members.go:574:0 s=573
   537: 0xc45e6c M=1 github.com/jackc/pgx/v5/internal/stmtcache.StatementName /workspace/tabmail-cloud/gomod/github.com/jackc/pgx/v5@v5.10.0/internal/stmtcache/stmtcache.go:15:0 s=13
   538: 0xfa9e12 M=1 tabmail/internal/store/postgres.(*PgStore).PreviewOffboarding.func1 /workspace/tabmail/internal/store/postgres/employee_disposition.go:224:0 s=214
   539: 0x174bee1 M=1 tabmail/internal/api.NewRouter.func2.5 /workspace/tabmail/internal/api/router.go:277:0 s=264
   540: 0x17154cd M=1 tabmail/internal/api/handlers.RegisterCompanyRoutes.func1 /workspace/tabmail/internal/api/handlers/company_routes.go:63:0 s=27
   541: 0xc6923a M=1 github.com/jackc/pgx/v5.(*Conn).BeginTx /workspace/tabmail-cloud/gomod/github.com/jackc/pgx/v5@v5.10.0/tx.go:109:0 s=100
   542: 0xeae4e7 M=1 github.com/jackc/pgx/v5/pgxpool.(*Conn).BeginTx /workspace/tabmail-cloud/gomod/github.com/jackc/pgx/v5@v5.10.0/pgxpool/conn.go:112:0 s=111
   543: 0xeb4f47 M=1 github.com/jackc/pgx/v5/pgxpool.(*Pool).BeginTx /workspace/tabmail-cloud/gomod/github.com/jackc/pgx/v5@v5.10.0/pgxpool/pool.go:812:0 s=806
   544: 0xf7656b M=1 github.com/jackc/pgx/v5/pgxpool.(*Pool).Begin /workspace/tabmail-cloud/gomod/github.com/jackc/pgx/v5@v5.10.0/pgxpool/pool.go:799:0 s=798
             tabmail/internal/store/postgres.(*PgStore).companyTxScope /workspace/tabmail/internal/store/postgres/company_members.go:61:0 s=60
   545: 0x5b2f24 M=1 context.withCancel /workspace/tabmail-cloud/tools/go/src/context/context.go:277:0 s=273
             context.WithCancel /workspace/tabmail-cloud/tools/go/src/context/context.go:241:0 s=240
   546: 0xa26330 M=1 database/sql.(*DB).beginDC /workspace/tabmail-cloud/tools/go/src/database/sql/sql.go:1915:0 s=1899
   547: 0xa27bbd M=1 database/sql.(*Conn).BeginTx /workspace/tabmail-cloud/tools/go/src/database/sql/sql.go:2115:0 s=2110
   548: 0xf04e2b M=1 github.com/pressly/goose/v3.beginTx /workspace/goose-buffer-experiment/candidate/provider_run.go:262:0 s=261
   549: 0xc19154 M=1 github.com/jackc/pgx/v5/pgconn.(*PgConn).Prepare /workspace/tabmail-cloud/gomod/github.com/jackc/pgx/v5@v5.10.0/pgconn/pgconn.go:975:0 s=950
   550: 0xf89f92 M=1 tabmail/internal/store/postgres.(*PgStore).SetWorkGrant.func1 /workspace/tabmail/internal/store/postgres/company_members.go:725:0 s=705
   551: 0x1891593 M=1 tabmail/internal/store/postgres_test.r5OffboardingState /workspace/tabmail/internal/store/postgres/r5_offboarding_lifecycle_test.go:47:0 s=44
   552: 0x18a10a4 M=1 tabmail/internal/store/postgres_test.TestR5OffboardingLifecycleHTTPRechecksAfterTenantWait.func1 /workspace/tabmail/internal/store/postgres/r5_offboarding_lifecycle_test.go:624:0 s=560
   553: 0x1041414 M=1 tabmail/internal/store/postgres.(*PgStore).GetUserByEmail /workspace/tabmail/internal/store/postgres/users.go:69:0 s=68
   554: 0x1759887 M=1 tabmail/internal/testpg.NewR5Fixture /workspace/tabmail/internal/testpg/r5_fixture.go:67:0 s=36
   555: 0xbfc59d M=1 github.com/jackc/pgx/v5/pgconn.(*Config).Copy /workspace/tabmail-cloud/gomod/github.com/jackc/pgx/v5@v5.10.0/pgconn/config.go:157:0 s=156
   556: 0xc4bd04 M=1 github.com/jackc/pgx/v5.(*ConnConfig).Copy /workspace/tabmail-cloud/gomod/github.com/jackc/pgx/v5@v5.10.0/conn.go:58:0 s=55
             github.com/jackc/pgx/v5.ConnectConfig /workspace/tabmail-cloud/gomod/github.com/jackc/pgx/v5@v5.10.0/conn.go:158:0 s=155
   557: 0x1653fa4 M=1 github.com/go-chi/chi/v5.(*Mux).With /workspace/tabmail-cloud/gomod/github.com/go-chi/chi/v5@v5.2.5/mux.go:251:0 s=236
   558: 0x16542d5 M=1 github.com/go-chi/chi/v5.(*Mux).Group /workspace/tabmail-cloud/gomod/github.com/go-chi/chi/v5@v5.2.5/mux.go:263:0 s=262
   559: 0x17496c3 M=1 tabmail/internal/api.NewRouter.func2 /workspace/tabmail/internal/api/router.go:237:0 s=172
   560: 0x189debe M=1 tabmail/internal/store/postgres_test.TestR5OffboardingLifecycleShippingHTTP /workspace/tabmail/internal/store/postgres/r5_offboarding_lifecycle_test.go:527:0 s=526
   561: 0xf785f0 M=1 tabmail/internal/store/postgres.companyAudit /workspace/tabmail/internal/store/postgres/company_members.go:117:0 s=108
   562: 0xfa8341 M=1 tabmail/internal/store/postgres.offboardingPreviewDeadlineTx /workspace/tabmail/internal/store/postgres/employee_disposition.go:157:0 s=155
   563: 0xfaa86b M=1 tabmail/internal/store/postgres.(*PgStore).PreviewOffboarding.func1 /workspace/tabmail/internal/store/postgres/employee_disposition.go:235:0 s=214
   564: 0x189dae4 M=1 tabmail/internal/store/postgres_test.TestR5OffboardingLifecyclePreviewExpiryBeforeReleaseRollsBack /workspace/tabmail/internal/store/postgres/r5_offboarding_lifecycle_test.go:507:0 s=498
   565: 0xaeba04 M=1 github.com/jackc/pgx/v5/pgtype.UUIDCodec.DecodeValue /workspace/tabmail-cloud/gomod/github.com/jackc/pgx/v5@v5.10.0/pgtype/uuid.go:285:0 s=280
   566: 0xfa78c2 M=1 tabmail/internal/store/postgres.offboardingAuthorityEpochTx /workspace/tabmail/internal/store/postgres/employee_disposition.go:130:0 s=124
   567: 0xfa866b M=1 tabmail/internal/store/postgres.offboardingSnapshot /workspace/tabmail/internal/store/postgres/employee_disposition.go:168:0 s=166
   568: 0xfa9caf M=1 tabmail/internal/store/postgres.(*PgStore).PreviewOffboarding.func1 /workspace/tabmail/internal/store/postgres/employee_disposition.go:218:0 s=214
   569: 0x1891824 M=1 tabmail/internal/store/postgres_test.r5OffboardingPreview /workspace/tabmail/internal/store/postgres/r5_offboarding_lifecycle_test.go:67:0 s=65
   570: 0x189cd4a M=1 tabmail/internal/store/postgres_test.TestR5OffboardingLifecyclePlanWaitUsesDatabaseDeadline /workspace/tabmail/internal/store/postgres/r5_offboarding_lifecycle_test.go:466:0 s=463
   571: 0x189c10b M=1 tabmail/internal/store/postgres_test.TestR5OffboardingLifecycleAuditWaitExpiryRollsBack /workspace/tabmail/internal/store/postgres/r5_offboarding_lifecycle_test.go:429:0 s=414
   572: 0xfa7d0c M=1 tabmail/internal/store/postgres.offboardingAuthorityEpochTx /workspace/tabmail/internal/store/postgres/employee_disposition.go:139:0 s=124
   573: 0xfab8d4 M=1 tabmail/internal/store/postgres.(*PgStore).ExecuteOffboarding.func1 /workspace/tabmail/internal/store/postgres/employee_disposition.go:283:0 s=244
   574: 0xfaabb9 M=1 tabmail/internal/store/postgres.(*PgStore).companyTx /workspace/tabmail/internal/store/postgres/company_members.go:35:0 s=34
             tabmail/internal/store/postgres.(*PgStore).ExecuteOffboarding /workspace/tabmail/internal/store/postgres/employee_disposition.go:244:0 s=242
   575: 0x189a8a7 M=1 tabmail/internal/store/postgres_test.TestR5OffboardingLifecycleProfileVersionFence.func1 /workspace/tabmail/internal/store/postgres/r5_offboarding_lifecycle_test.go:347:0 s=336
   576: 0x18912b2 M=1 tabmail/internal/store/postgres_test.r5OffboardingSeed /workspace/tabmail/internal/store/postgres/r5_offboarding_lifecycle_test.go:33:0 s=28
   577: 0x189a424 M=1 tabmail/internal/store/postgres_test.TestR5OffboardingLifecycleProfileVersionFence.func1 /workspace/tabmail/internal/store/postgres/r5_offboarding_lifecycle_test.go:337:0 s=336
   578: 0x10063b1 M=1 tabmail/internal/store/postgres.permissionEditorSnapshotTx /workspace/tabmail/internal/store/postgres/permission_editor_snapshot.go:78:0 s=32
   579: 0x1897825 M=1 tabmail/internal/store/postgres_test.r5OffboardingAssignProfile /workspace/tabmail/internal/store/postgres/r5_offboarding_lifecycle_test.go:250:0 s=242
   580: 0x189b3d4 M=1 tabmail/internal/store/postgres_test.TestR5OffboardingLifecycleProfileVersionFence.func1 /workspace/tabmail/internal/store/postgres/r5_offboarding_lifecycle_test.go:381:0 s=336
   581: 0x189ab67 M=1 tabmail/internal/store/postgres_test.TestR5OffboardingLifecycleProfileVersionFence.func1 /workspace/tabmail/internal/store/postgres/r5_offboarding_lifecycle_test.go:358:0 s=336
   582: 0x836b2f M=1 github.com/google/uuid.UUID.Value /workspace/tabmail-cloud/gomod/github.com/google/uuid@v1.6.0/sql.go:58:0 s=57
   583: 0xab8404 M=1 github.com/jackc/pgx/v5/pgtype.(*encodePlanDriverValuer).Encode /workspace/tabmail-cloud/gomod/github.com/jackc/pgx/v5@v5.10.0/pgtype/pgtype.go:1303:0 s=1298
   584: 0xfa612b M=1 tabmail/internal/store/postgres.offboardingSubjectsTx /workspace/tabmail/internal/store/postgres/employee_disposition.go:27:0 s=23
   585: 0xfa6d39 M=1 tabmail/internal/store/postgres.(*PgStore).offboardingQualifiedTarget /workspace/tabmail/internal/store/postgres/employee_disposition.go:67:0 s=66
   586: 0xfab824 M=1 tabmail/internal/store/postgres.(*PgStore).offboardingPlanTarget /workspace/tabmail/internal/store/postgres/employee_disposition.go:63:0 s=62
             tabmail/internal/store/postgres.(*PgStore).ExecuteOffboarding.func1 /workspace/tabmail/internal/store/postgres/employee_disposition.go:280:0 s=244
   587: 0x189b547 M=1 tabmail/internal/store/postgres_test.TestR5OffboardingLifecycleProfileVersionFence.func1 /workspace/tabmail/internal/store/postgres/r5_offboarding_lifecycle_test.go:383:0 s=336
   588: 0x86899a M=1 github.com/jackc/pgx/v5/pgproto3.(*StartupMessage).Encode /workspace/tabmail-cloud/gomod/github.com/jackc/pgx/v5@v5.10.0/pgproto3/startup_message.go:78:0 s=72
   589: 0x857bfe M=1 github.com/jackc/pgx/v5/pgproto3.(*Frontend).Send /workspace/tabmail-cloud/gomod/github.com/jackc/pgx/v5@v5.10.0/pgproto3/frontend.go:87:0 s=81
   590: 0xc0fad2 M=1 github.com/jackc/pgx/v5/pgconn.connectOne /workspace/tabmail-cloud/gomod/github.com/jackc/pgx/v5@v5.10.0/pgconn/pgconn.go:409:0 s=313
   591: 0xfaa7e4 M=1 tabmail/internal/store/postgres.(*PgStore).PreviewOffboarding.func1 /workspace/tabmail/internal/store/postgres/employee_disposition.go:232:0 s=214
   592: 0x189a62a M=1 tabmail/internal/store/postgres_test.TestR5OffboardingLifecycleProfileVersionFence.func1 /workspace/tabmail/internal/store/postgres/r5_offboarding_lifecycle_test.go:345:0 s=336
   593: 0x6a28bd M=1 encoding/json.newEncodeState /workspace/tabmail-cloud/tools/go/src/encoding/json/encode.go:325:0 s=315
   594: 0x6a1e19 M=1 encoding/json.Marshal /workspace/tabmail-cloud/tools/go/src/encoding/json/encode.go:206:0 s=205
   595: 0xf07aee M=1 github.com/pressly/goose/v3.(*Provider).runSQL /workspace/goose-buffer-experiment/candidate/provider_run.go:522:0 s=510
   596: 0x5ef024 M=1 bytes.(*Buffer).Write /workspace/tabmail-cloud/tools/go/src/bytes/buffer.go:185:0 s=181
   597: 0x6a6987 M=1 encoding/json.stringEncoder /workspace/tabmail-cloud/tools/go/src/encoding/json/encode.go:632:0 s=610
   598: 0x10007ba M=1 tabmail/internal/store/postgres.(*PgStore).AssignPermissionEditor.func1 /workspace/tabmail/internal/store/postgres/permission_assignment.go:76:0 s=35
   599: 0x1897672 M=1 tabmail/internal/store/postgres_test.r5OffboardingAssignProfile /workspace/tabmail/internal/store/postgres/r5_offboarding_lifecycle_test.go:244:0 s=242
   600: 0x189a5f7 M=1 tabmail/internal/store/postgres_test.TestR5OffboardingLifecycleProfileVersionFence.func1 /workspace/tabmail/internal/store/postgres/r5_offboarding_lifecycle_test.go:344:0 s=336
   601: 0xc4d024 M=1 github.com/jackc/pgx/v5.connect /workspace/tabmail-cloud/gomod/github.com/jackc/pgx/v5@v5.10.0/conn.go:283:0 s=243
   602: 0xa23a72 M=1 database/sql.(*DB).execDC /workspace/tabmail-cloud/tools/go/src/database/sql/sql.go:1719:0 s=1696
   603: 0xfa7752 M=1 tabmail/internal/store/postgres.offboardingAuthorityEpochTx /workspace/tabmail/internal/store/postgres/employee_disposition.go:125:0 s=124
   604: 0x1899c47 M=1 tabmail/internal/store/postgres_test.TestR5OffboardingLifecycleSharedAndNullableProfileReceipt.func1 /workspace/tabmail/internal/store/postgres/r5_offboarding_lifecycle_test.go:321:0 s=310
   605: 0x5b4144 M=1 context.(*cancelCtx).propagateCancel /workspace/tabmail-cloud/tools/go/src/context/context.go:501:0 s=475
   606: 0x5b3507 M=1 context.AfterFunc /workspace/tabmail-cloud/tools/go/src/context/context.go:329:0 s=325
   607: 0x18995b7 M=1 tabmail/internal/store/postgres_test.TestR5OffboardingLifecycleAssignedProfileContentABA.func1 /workspace/tabmail/internal/store/postgres/r5_offboarding_lifecycle_test.go:300:0 s=269
   608: 0xf77e84 M=1 tabmail/internal/store/postgres.companyAudit /workspace/tabmail/internal/store/postgres/company_members.go:113:0 s=108
   609: 0x1897f84 M=1 tabmail/internal/store/postgres_test.TestR5OffboardingLifecycleAssignedProfileContentABA.func1 /workspace/tabmail/internal/store/postgres/r5_offboarding_lifecycle_test.go:270:0 s=269
   610: 0x1899444 M=1 tabmail/internal/store/postgres_test.TestR5OffboardingLifecycleAssignedProfileContentABA.func1 /workspace/tabmail/internal/store/postgres/r5_offboarding_lifecycle_test.go:297:0 s=269
   611: 0xaea247 M=1 github.com/jackc/pgx/v5/pgtype.encodeUUID /workspace/tabmail-cloud/gomod/github.com/jackc/pgx/v5@v5.10.0/pgtype/uuid.go:69:0 s=56
   612: 0xaeb90b M=1 github.com/jackc/pgx/v5/pgtype.UUIDCodec.DecodeDatabaseSQLValue /workspace/tabmail-cloud/gomod/github.com/jackc/pgx/v5@v5.10.0/pgtype/uuid.go:277:0 s=266
   613: 0x1898618 M=1 tabmail/internal/store/postgres_test.TestR5OffboardingLifecycleAssignedProfileContentABA.func1 /workspace/tabmail/internal/store/postgres/r5_offboarding_lifecycle_test.go:288:0 s=269
   614: 0xfa7fe4 M=1 tabmail/internal/store/postgres.offboardingAuthorityEpochTx /workspace/tabmail/internal/store/postgres/employee_disposition.go:148:0 s=124
   615: 0x1899567 M=1 tabmail/internal/store/postgres_test.TestR5OffboardingLifecycleAssignedProfileContentABA.func1 /workspace/tabmail/internal/store/postgres/r5_offboarding_lifecycle_test.go:298:0 s=269
   616: 0x1897209 M=1 tabmail/internal/store/postgres_test.TestR5OffboardingLifecycleFreshReentryAndSuccessorEpoch /workspace/tabmail/internal/store/postgres/r5_offboarding_lifecycle_test.go:231:0 s=207
   617: 0xa6044c M=1 github.com/jackc/pgx/v5/pgtype.(*ArrayCodec).PlanScan /workspace/tabmail-cloud/gomod/github.com/jackc/pgx/v5@v5.10.0/pgtype/array_codec.go:255:0 s=236
   618: 0xab6b5d M=1 github.com/jackc/pgx/v5/pgtype.(*Map).planScan /workspace/tabmail-cloud/gomod/github.com/jackc/pgx/v5@v5.10.0/pgtype/pgtype.go:1113:0 s=1069
   619: 0xab6dfa M=1 github.com/jackc/pgx/v5/pgtype.(*Map).planScan /workspace/tabmail-cloud/gomod/github.com/jackc/pgx/v5@v5.10.0/pgtype/pgtype.go:1132:0 s=1069
   620: 0x101bcad M=1 tabmail/internal/store/postgres.effectivePermissionPolicy /workspace/tabmail/internal/store/postgres/permissions.go:194:0 s=173
   621: 0x10029cd M=1 tabmail/internal/store/postgres.(*PgStore).PatchPermissionEditor.func1 /workspace/tabmail/internal/store/postgres/permission_editor_patch.go:41:0 s=25
   622: 0x1892945 M=1 tabmail/internal/store/postgres_test.r5OffboardingPermissionABA /workspace/tabmail/internal/store/postgres/r5_offboarding_lifecycle_test.go:95:0 s=89
   623: 0x18971dc M=1 tabmail/internal/store/postgres_test.TestR5OffboardingLifecycleFreshReentryAndSuccessorEpoch /workspace/tabmail/internal/store/postgres/r5_offboarding_lifecycle_test.go:230:0 s=207
   624: 0x836b2a M=1 github.com/google/uuid.UUID.String /workspace/tabmail-cloud/gomod/github.com/google/uuid@v1.6.0/uuid.go:247:0 s=244
             github.com/google/uuid.UUID.Value /workspace/tabmail-cloud/gomod/github.com/google/uuid@v1.6.0/sql.go:58:0 s=57
   625: 0xfac164 M=1 tabmail/internal/store/postgres.(*PgStore).ExecuteOffboarding.func1 /workspace/tabmail/internal/store/postgres/employee_disposition.go:263:0 s=244
   626: 0x1897027 M=1 tabmail/internal/store/postgres_test.TestR5OffboardingLifecycleFreshReentryAndSuccessorEpoch /workspace/tabmail/internal/store/postgres/r5_offboarding_lifecycle_test.go:224:0 s=207
   627: 0x1896aed M=1 tabmail/internal/store/postgres_test.TestR5OffboardingLifecycleFreshReentryAndSuccessorEpoch /workspace/tabmail/internal/store/postgres/r5_offboarding_lifecycle_test.go:214:0 s=207
   628: 0xfaacdd M=1 tabmail/internal/store/postgres.(*PgStore).ExecuteOffboarding.func1 /workspace/tabmail/internal/store/postgres/employee_disposition.go:245:0 s=244
   629: 0x1896aa7 M=1 tabmail/internal/store/postgres_test.TestR5OffboardingLifecycleFreshReentryAndSuccessorEpoch /workspace/tabmail/internal/store/postgres/r5_offboarding_lifecycle_test.go:212:0 s=207
   630: 0x6a1f73 M=1 encoding/json.Marshal /workspace/tabmail-cloud/tools/go/src/encoding/json/encode.go:213:0 s=205
   631: 0x18968be M=1 tabmail/internal/store/postgres_test.TestR5OffboardingLifecycleFreshReentryAndSuccessorEpoch /workspace/tabmail/internal/store/postgres/r5_offboarding_lifecycle_test.go:208:0 s=207
   632: 0x189535a M=1 tabmail/internal/store/postgres_test.TestR5OffboardingLifecycleOldCompletionEpochDenied.func1 /workspace/tabmail/internal/store/postgres/r5_offboarding_lifecycle_test.go:147:0 s=146
   633: 0x1896664 M=1 tabmail/internal/store/postgres_test.TestR5OffboardingLifecycleOldCompletionEpochDenied.func1 /workspace/tabmail/internal/store/postgres/r5_offboarding_lifecycle_test.go:197:0 s=146
   634: 0x18953e8 M=1 tabmail/internal/store/postgres_test.TestR5OffboardingLifecycleOldCompletionEpochDenied.func1 /workspace/tabmail/internal/store/postgres/r5_offboarding_lifecycle_test.go:149:0 s=146
   635: 0xed9655 M=1 github.com/pressly/goose/v3/internal/sqlparser.ParseAllFromFS /workspace/goose-buffer-experiment/candidate/internal/sqlparser/parse.go:22:0 s=16
   636: 0xaeb6b1 M=1 github.com/jackc/pgx/v5/pgtype.scanPlanTextAnyToUUIDScanner.Scan /workspace/tabmail-cloud/gomod/github.com/jackc/pgx/v5@v5.10.0/pgtype/uuid.go:258:0 s=251
   637: 0xf7ec93 M=1 tabmail/internal/store/postgres.(*PgStore).ActivateEmployee /workspace/tabmail/internal/store/postgres/company_members.go:357:0 s=279
   638: 0xc19578 M=1 github.com/jackc/pgx/v5/pgconn.(*PgConn).Prepare /workspace/tabmail-cloud/gomod/github.com/jackc/pgx/v5@v5.10.0/pgconn/pgconn.go:995:0 s=950
   639: 0xfa8a22 M=1 tabmail/internal/store/postgres.offboardingSnapshot /workspace/tabmail/internal/store/postgres/employee_disposition.go:189:0 s=166
   640: 0xfa760a M=1 tabmail/internal/store/postgres.offboardingEpochsTx /workspace/tabmail/internal/store/postgres/employee_disposition.go:113:0 s=108
   641: 0xaba56c M=1 github.com/jackc/pgx/v5/pgtype.TryWrapBuiltinTypeEncodePlan /workspace/tabmail-cloud/gomod/github.com/jackc/pgx/v5@v5.10.0/pgtype/pgtype.go:1507:0 s=1476
   642: 0xab7d6b M=1 github.com/jackc/pgx/v5/pgtype.(*Map).planEncode /workspace/tabmail-cloud/gomod/github.com/jackc/pgx/v5@v5.10.0/pgtype/pgtype.go:1256:0 s=1226
   643: 0xab7979 M=1 github.com/jackc/pgx/v5/pgtype.(*Map).planEncodeDepth /workspace/tabmail-cloud/gomod/github.com/jackc/pgx/v5@v5.10.0/pgtype/pgtype.go:1218:0 s=1203
   644: 0xac0611 M=1 github.com/jackc/pgx/v5/pgtype.(*Map).PlanEncode /workspace/tabmail-cloud/gomod/github.com/jackc/pgx/v5@v5.10.0/pgtype/pgtype.go:1200:0 s=1199
             github.com/jackc/pgx/v5/pgtype.(*Map).Encode /workspace/tabmail-cloud/gomod/github.com/jackc/pgx/v5@v5.10.0/pgtype/pgtype.go:1983:0 s=1969
   645: 0xf08365 M=1 github.com/pressly/goose/v3.(*MigrationResult).String /workspace/goose-buffer-experiment/candidate/provider_types.go:63:0 s=50
   646: 0xf035db M=1 github.com/pressly/goose/v3.(*Provider).runMigrations /workspace/goose-buffer-experiment/candidate/provider_run.go:179:0 s=96
   647: 0xa281f0 M=1 database/sql.(*Tx).grabConn /workspace/tabmail-cloud/tools/go/src/database/sql/sql.go:2262:0 s=2245
   648: 0xa2a3c4 M=1 database/sql.(*Tx).ExecContext /workspace/tabmail-cloud/tools/go/src/database/sql/sql.go:2512:0 s=2511
   649: 0xc17884 M=1 github.com/jackc/pgx/v5/pgconn.(*PgConn).receiveMessage /workspace/tabmail-cloud/gomod/github.com/jackc/pgx/v5@v5.10.0/pgconn/pgconn.go:679:0 s=664
   650: 0xc101ae M=1 github.com/jackc/pgx/v5/pgconn.connectOne /workspace/tabmail-cloud/gomod/github.com/jackc/pgx/v5@v5.10.0/pgconn/pgconn.go:431:0 s=313
   651: 0x1893387 M=1 tabmail/internal/store/postgres_test.TestR5OffboardingLifecycleFrozenTargetAndQualifiedReplay /workspace/tabmail/internal/store/postgres/r5_offboarding_lifecycle_test.go:119:0 s=99
   652: 0xabcc8d M=1 github.com/jackc/pgx/v5/pgtype.(*wrapTimeEncodePlan).Encode /workspace/tabmail-cloud/gomod/github.com/jackc/pgx/v5@v5.10.0/pgtype/pgtype.go:1670:0 s=1669
   653: 0x17a386c M=1 tabmail/internal/store/postgres_test.seedCompany /workspace/tabmail/internal/store/postgres/company_workflows_test.go:41:0 s=33
   654: 0x18929de M=1 tabmail/internal/store/postgres_test.TestR5OffboardingLifecycleFrozenTargetAndQualifiedReplay /workspace/tabmail/internal/store/postgres/r5_offboarding_lifecycle_test.go:100:0 s=99
   655: 0xa0eed1 M=1 github.com/jackc/pgx/v5/pgconn/ctxwatch.(*ContextWatcher).Watch /workspace/tabmail-cloud/gomod/github.com/jackc/pgx/v5@v5.10.0/pgconn/ctxwatch/context_watcher.go:42:0 s=32
   656: 0xc699cb M=1 github.com/jackc/pgx/v5.(*dbTx).Rollback /workspace/tabmail-cloud/gomod/github.com/jackc/pgx/v5@v5.10.0/tx.go:214:0 s=209
   657: 0xeb6a55 M=1 github.com/jackc/pgx/v5/pgxpool.(*Tx).Rollback /workspace/tabmail-cloud/gomod/github.com/jackc/pgx/v5@v5.10.0/pgxpool/tx.go:38:0 s=37
   658: 0x188d634 M=1 tabmail/internal/store/postgres_test.r5RunMessageMaintenance.func1 /workspace/tabmail/internal/store/postgres/r5_message_maintenance_order_test.go:118:0 s=65
   659: 0xc0d478 M=1 github.com/jackc/pgx/v5/pgconn.connectOne /workspace/tabmail-cloud/gomod/github.com/jackc/pgx/v5@v5.10.0/pgconn/pgconn.go:318:0 s=313
   660: 0x188cc5e M=1 tabmail/internal/store/postgres_test.r5RunMessageMaintenance.func1 /workspace/tabmail/internal/store/postgres/r5_message_maintenance_order_test.go:66:0 s=65
   661: 0x860717 M=1 github.com/jackc/pgx/v5/pgproto3.(*ParameterStatus).Decode /workspace/tabmail-cloud/gomod/github.com/jackc/pgx/v5@v5.10.0/pgproto3/parameter_status.go:31:0 s=18
   662: 0xeb930b M=1 github.com/jackc/puddle/v2.(*Pool[go.shape.*uint8]).CreateResource /workspace/tabmail-cloud/gomod/github.com/jackc/puddle/v2@v2.2.2/pool.go:628:0 s=607
   663: 0xeb27d3 M=1 github.com/jackc/pgx/v5/pgxpool.(*Pool).createIdleResources.func1 /workspace/tabmail-cloud/gomod/github.com/jackc/pgx/v5@v5.10.0/pgxpool/pool.go:576:0 s=575
   664: 0x188c0c4 M=1 tabmail/internal/store/postgres_test.r5MaintenanceFixture /workspace/tabmail/internal/store/postgres/r5_message_maintenance_order_test.go:22:0 s=19
   665: 0x188cc8f M=1 tabmail/internal/store/postgres_test.r5RunMessageMaintenance.func1 /workspace/tabmail/internal/store/postgres/r5_message_maintenance_order_test.go:67:0 s=65
   666: 0x5caebd M=1 fmt.(*pp).doPrintf /workspace/tabmail-cloud/tools/go/src/fmt/print.go:1064:0 s=1019
   667: 0x18812f8 M=1 tabmail/internal/store/postgres_test.r5HistoricalMemberSeed /workspace/tabmail/internal/store/postgres/r5_member_historical_delete_test.go:39:0 s=33
   668: 0x188a8b6 M=1 tabmail/internal/store/postgres_test.TestR5MemberHistoricalDeleteAuthorityAndMailboxGuards.func1 /workspace/tabmail/internal/store/postgres/r5_member_historical_delete_test.go:326:0 s=325
   669: 0xc041a8 M=1 github.com/jackc/pgx/v5/pgconn.configTLS /workspace/tabmail-cloud/gomod/github.com/jackc/pgx/v5@v5.10.0/pgconn/config.go:794:0 s=776
   670: 0xbfec52 M=1 github.com/jackc/pgx/v5/pgconn.ParseConfigWithOptions /workspace/tabmail-cloud/gomod/github.com/jackc/pgx/v5@v5.10.0/pgconn/config.go:465:0 s=323
   671: 0xeaea5e M=1 github.com/jackc/pgx/v5/pgxpool.New /workspace/tabmail-cloud/gomod/github.com/jackc/pgx/v5@v5.10.0/pgxpool/pool.go:211:0 s=210
   672: 0xefc486 M=1 github.com/pressly/goose/v3.newProvider /workspace/goose-buffer-experiment/candidate/provider.go:150:0 s=108
   673: 0x5b4432 M=1 context.(*cancelCtx).propagateCancel /workspace/tabmail-cloud/tools/go/src/context/context.go:522:0 s=475
   674: 0x5b5076 M=1 context.WithDeadlineCause /workspace/tabmail-cloud/tools/go/src/context/context.go:643:0 s=632
   675: 0x5b5cd3 M=1 context.WithDeadline /workspace/tabmail-cloud/tools/go/src/context/context.go:626:0 s=625
             context.WithTimeout /workspace/tabmail-cloud/tools/go/src/context/context.go:704:0 s=703
   676: 0xc0c64f M=1 github.com/jackc/pgx/v5/pgconn.connectPreferred /workspace/tabmail-cloud/gomod/github.com/jackc/pgx/v5@v5.10.0/pgconn/pgconn.go:258:0 s=247
   677: 0x188a191 M=1 tabmail/internal/store/postgres_test.TestR5MemberHistoricalDeleteFKFinalFenceRollback.func1 /workspace/tabmail/internal/store/postgres/r5_member_historical_delete_test.go:301:0 s=300
   678: 0x188158b M=1 tabmail/internal/store/postgres_test.r5HistoricalMemberSeed /workspace/tabmail/internal/store/postgres/r5_member_historical_delete_test.go:42:0 s=33
   679: 0xedba67 M=1 github.com/pressly/goose/v3/internal/sqlparser.ParseSQLMigration /workspace/goose-buffer-experiment/candidate/internal/sqlparser/parser.go:248:0 s=103
   680: 0x852997 M=1 github.com/jackc/pgx/v5/pgproto3.(*ErrorResponse).Decode /workspace/tabmail-cloud/gomod/github.com/jackc/pgx/v5@v5.10.0/pgproto3/error_response.go:55:0 s=37
   681: 0x85e2a4 M=1 github.com/jackc/pgx/v5/pgproto3.(*NoticeResponse).Decode /workspace/tabmail-cloud/gomod/github.com/jackc/pgx/v5@v5.10.0/pgproto3/notice_response.go:11:0 s=10
   682: 0xc245f4 M=1 github.com/jackc/pgx/v5/pgconn.(*MultiResultReader).NextResult /workspace/tabmail-cloud/gomod/github.com/jackc/pgx/v5@v5.10.0/pgconn/pgconn.go:1620:0 s=1618
   683: 0xc511d0 M=1 github.com/jackc/pgx/v5.(*Conn).execSimpleProtocol /workspace/tabmail-cloud/gomod/github.com/jackc/pgx/v5@v5.10.0/conn.go:589:0 s=580
   684: 0x1888c7e M=1 tabmail/internal/store/postgres_test.TestR5MemberHistoricalDeleteIndependentAttributionRetained /workspace/tabmail/internal/store/postgres/r5_member_historical_delete_test.go:268:0 s=267
   685: 0x1757653 M=1 tabmail/internal/testpg.NewPostgres.func2 /workspace/tabmail/internal/testpg/fixture.go:50:0 s=49
   686: 0x175794f M=1 tabmail/internal/testpg.NewPostgres.func1.(*postgresFixtureResources).close.1 /workspace/tabmail/internal/testpg/fixture.go:99:0 s=84
   687: 0x1757714 M=1 tabmail/internal/testpg.(*postgresFixtureResources).close /workspace/tabmail/internal/testpg/fixture.go:84:0 s=83
             tabmail/internal/testpg.NewPostgres.func1 /workspace/tabmail/internal/testpg/fixture.go:38:0 s=37
   688: 0x62b9a8 M=1 testing.(*common).Cleanup.func1 /workspace/tabmail-cloud/tools/go/src/testing/testing.go:1308:0 s=1294
   689: 0x62d5c5 M=1 testing.(*common).runCleanup /workspace/tabmail-cloud/tools/go/src/testing/testing.go:1572:0 s=1535
   690: 0x62ea0c M=1 testing.tRunner.func2 /workspace/tabmail-cloud/tools/go/src/testing/testing.go:1928:0 s=1926
   691: 0x62e975 M=1 testing.tRunner /workspace/tabmail-cloud/tools/go/src/testing/testing.go:1940:0 s=1774
   692: 0x18829ad M=1 tabmail/internal/store/postgres_test.r5HistoricalMemberSeed /workspace/tabmail/internal/store/postgres/r5_member_historical_delete_test.go:52:0 s=33
   693: 0x1886669 M=1 tabmail/internal/store/postgres_test.TestR5MemberHistoricalDeleteTransferredSentProvenance.func1 /workspace/tabmail/internal/store/postgres/r5_member_historical_delete_test.go:214:0 s=213
   694: 0x54f531 M=1 os.statNolog /workspace/tabmail-cloud/tools/go/src/os/stat_unix.go:30:0 s=29
   695: 0x54eca4 M=1 os.Stat /workspace/tabmail-cloud/tools/go/src/os/stat.go:13:0 s=11
   696: 0xc073ad M=1 github.com/jackc/pgx/v5/pgconn.defaultHost /workspace/tabmail-cloud/gomod/github.com/jackc/pgx/v5@v5.10.0/pgconn/defaults.go:57:0 s=49
   697: 0xc06a5b M=1 github.com/jackc/pgx/v5/pgconn.defaultSettings /workspace/tabmail-cloud/gomod/github.com/jackc/pgx/v5@v5.10.0/pgconn/defaults.go:15:0 s=12
   698: 0xbfd02e M=1 github.com/jackc/pgx/v5/pgconn.ParseConfigWithOptions /workspace/tabmail-cloud/gomod/github.com/jackc/pgx/v5@v5.10.0/pgconn/config.go:324:0 s=323
   699: 0xecea98 M=1 github.com/pressly/goose/v3/database.(*store).Insert /workspace/goose-buffer-experiment/candidate/database/dialects.go:101:0 s=99
   700: 0xf068b5 M=1 github.com/pressly/goose/v3.(*Provider).tryEnsureVersionTable.func1.1 /workspace/goose-buffer-experiment/candidate/provider_run.go:401:0 s=397
   701: 0xf06604 M=1 github.com/pressly/goose/v3.(*Provider).tryEnsureVersionTable.func1 /workspace/goose-buffer-experiment/candidate/provider_run.go:397:0 s=361
   702: 0x1884dc4 M=1 tabmail/internal/store/postgres_test.TestR5MemberHistoricalDeleteRetainedReferences.func1 /workspace/tabmail/internal/store/postgres/r5_member_historical_delete_test.go:161:0 s=160
   703: 0x7c6a09 M=1 net.(*conn).Close /workspace/tabmail-cloud/tools/go/src/net/net.go:222:0 s=216
   704: 0xc17ec4 M=1 github.com/jackc/pgx/v5/pgconn.(*PgConn).Close /workspace/tabmail-cloud/gomod/github.com/jackc/pgx/v5@v5.10.0/pgconn/pgconn.go:768:0 s=738
   705: 0xec25d2 M=1 github.com/jackc/pgx/v5/stdlib.(*Conn).Close /workspace/tabmail-cloud/gomod/github.com/jackc/pgx/v5@v5.10.0/stdlib/sql.go:449:0 s=446
   706: 0xa1af07 M=1 database/sql.(*driverConn).finalClose.func2 /workspace/tabmail-cloud/tools/go/src/database/sql/sql.go:695:0 s=693
   707: 0xa1ac4d M=1 database/sql.(*driverConn).finalClose /workspace/tabmail-cloud/tools/go/src/database/sql/sql.go:693:0 s=677
   708: 0xa1cb9a M=1 database/sql.(*DB).Close /workspace/tabmail-cloud/tools/go/src/database/sql/sql.go:945:0 s=926
   709: 0xfd57f0 M=1 tabmail/internal/store/postgres.Migrate /workspace/tabmail/internal/store/postgres/migrate.go:83:0 s=28
   710: 0xc0f97a M=1 github.com/jackc/pgx/v5/pgconn.connectOne /workspace/tabmail-cloud/gomod/github.com/jackc/pgx/v5@v5.10.0/pgconn/pgconn.go:404:0 s=313
   711: 0xc011ae M=1 github.com/jackc/pgx/v5/pgconn.parseEnvSettings /workspace/tabmail-cloud/gomod/github.com/jackc/pgx/v5@v5.10.0/pgconn/config.go:580:0 s=579
   712: 0xbfd03b M=1 github.com/jackc/pgx/v5/pgconn.ParseConfigWithOptions /workspace/tabmail-cloud/gomod/github.com/jackc/pgx/v5@v5.10.0/pgconn/config.go:325:0 s=323
   713: 0x852924 M=1 bytes.(*Buffer).ReadBytes /workspace/tabmail-cloud/tools/go/src/bytes/buffer.go:440:0 s=436
             github.com/jackc/pgx/v5/pgproto3.(*ErrorResponse).Decode /workspace/tabmail-cloud/gomod/github.com/jackc/pgx/v5@v5.10.0/pgproto3/error_response.go:51:0 s=37
   714: 0xfa6602 M=1 tabmail/internal/store/postgres.offboardingSubjectsTx /workspace/tabmail/internal/store/postgres/employee_disposition.go:44:0 s=23
   715: 0x1886004 M=1 tabmail/internal/store/postgres_test.TestR5MemberHistoricalDeleteRetainedReferences.func1 /workspace/tabmail/internal/store/postgres/r5_member_historical_delete_test.go:166:0 s=160
   716: 0x8605d7 M=1 bytes.(*Buffer).ReadBytes /workspace/tabmail-cloud/tools/go/src/bytes/buffer.go:440:0 s=436
             github.com/jackc/pgx/v5/pgproto3.(*ParameterStatus).Decode /workspace/tabmail-cloud/gomod/github.com/jackc/pgx/v5@v5.10.0/pgproto3/parameter_status.go:21:0 s=18
   717: 0xfbf350 M=1 tabmail/internal/store/postgres.lockMailboxAuthorization /workspace/tabmail/internal/store/postgres/mailbox_revision.go:17:0 s=15
   718: 0xf739a4 M=1 tabmail/internal/store/postgres.(*PgStore).FinishMailAttachment.func1 /workspace/tabmail/internal/store/postgres/company_mail.go:671:0 s=660
   719: 0xf7357b M=1 tabmail/internal/store/postgres.(*PgStore).companyReadTx /workspace/tabmail/internal/store/postgres/company_members.go:47:0 s=46
             tabmail/internal/store/postgres.(*PgStore).FinishMailAttachment /workspace/tabmail/internal/store/postgres/company_mail.go:660:0 s=652
   720: 0x18801cc M=1 tabmail/internal/store/postgres_test.TestR5LockMapEnqueueParentAndUserBeforeAttachments /workspace/tabmail/internal/store/postgres/r5_lock_order_test.go:182:0 s=176
   721: 0xf72fcb M=1 tabmail/internal/store/postgres.(*PgStore).ReserveMailAttachment.func1 /workspace/tabmail/internal/store/postgres/company_mail.go:647:0 s=618
   722: 0xf723dd M=1 tabmail/internal/store/postgres.(*PgStore).companyReadTx /workspace/tabmail/internal/store/postgres/company_members.go:47:0 s=46
             tabmail/internal/store/postgres.(*PgStore).ReserveMailAttachment /workspace/tabmail/internal/store/postgres/company_mail.go:618:0 s=609
   723: 0x18800af M=1 tabmail/internal/store/postgres_test.TestR5LockMapEnqueueParentAndUserBeforeAttachments /workspace/tabmail/internal/store/postgres/r5_lock_order_test.go:180:0 s=176
   724: 0x17a42c4 M=1 tabmail/internal/store/postgres_test.seedCompany /workspace/tabmail/internal/store/postgres/company_workflows_test.go:62:0 s=33
   725: 0x187f09e M=1 tabmail/internal/store/postgres_test.TestR5LockMapRefreshFamilyThenUserThenToken /workspace/tabmail/internal/store/postgres/r5_lock_order_test.go:138:0 s=137
   726: 0x187e89e M=1 tabmail/internal/store/postgres_test.TestR5LockMapDraftUserFenceOrdersSuspension /workspace/tabmail/internal/store/postgres/r5_lock_order_test.go:128:0 s=101
   727: 0x187df9e M=1 tabmail/internal/store/postgres_test.TestR5LockMapDraftUserFenceOrdersSuspension /workspace/tabmail/internal/store/postgres/r5_lock_order_test.go:102:0 s=101
   728: 0xedbc17 M=1 bytes.(*Buffer).String /workspace/tabmail-cloud/tools/go/src/bytes/buffer.go:77:0 s=72
             github.com/pressly/goose/v3/internal/sqlparser.ParseSQLMigration /workspace/goose-buffer-experiment/candidate/internal/sqlparser/parser.go:264:0 s=103
   729: 0x174dff1 M=1 tabmail/internal/api.NewRouter.func2.2 /workspace/tabmail/internal/api/router.go:223:0 s=210
   730: 0x174951b M=1 tabmail/internal/api.NewRouter.func2 /workspace/tabmail/internal/api/router.go:210:0 s=172
   731: 0x187a984 M=1 tabmail/internal/store/postgres_test.TestR5LegacyRecipientProjectionRechecksAfterLedgerWait /workspace/tabmail/internal/store/postgres/r5_legacy_content_test.go:473:0 s=467
   732: 0xaeb84a M=1 github.com/jackc/pgx/v5/pgtype.UUIDCodec.DecodeDatabaseSQLValue /workspace/tabmail-cloud/gomod/github.com/jackc/pgx/v5@v5.10.0/pgtype/uuid.go:271:0 s=266
   733: 0x187a63e M=1 tabmail/internal/store/postgres_test.TestR5LegacyRecipientProjectionRechecksAfterLedgerWait /workspace/tabmail/internal/store/postgres/r5_legacy_content_test.go:468:0 s=467
   734: 0x187975e M=1 tabmail/internal/store/postgres_test.TestR5LegacyContentKeyExpiryAfterMailboxWait /workspace/tabmail/internal/store/postgres/r5_legacy_content_test.go:433:0 s=432
   735: 0x1878a1e M=1 tabmail/internal/store/postgres_test.TestR5LegacyContentRejectsBusyKeyWithoutDeadlock /workspace/tabmail/internal/store/postgres/r5_legacy_content_test.go:409:0 s=408
   736: 0x85791a M=1 github.com/jackc/pgx/v5/pgproto3.newChunkReader /workspace/tabmail-cloud/gomod/github.com/jackc/pgx/v5@v5.10.0/pgproto3/chunkreader.go:39:0 s=25
             github.com/jackc/pgx/v5/pgproto3.NewFrontend /workspace/tabmail-cloud/gomod/github.com/jackc/pgx/v5@v5.10.0/pgproto3/frontend.go:70:0 s=69
   737: 0x18755b6 M=1 tabmail/internal/store/postgres_test.TestR5LegacyContentKeyHTTPPreservesSafeReceipt.func1 /workspace/tabmail/internal/store/postgres/r5_legacy_content_test.go:291:0 s=290
   738: 0xc45e53 M=1 encoding/hex.EncodeToString /workspace/tabmail-cloud/tools/go/src/encoding/hex/hex.go:129:0 s=126
             github.com/jackc/pgx/v5/internal/stmtcache.StatementName /workspace/tabmail-cloud/gomod/github.com/jackc/pgx/v5@v5.10.0/internal/stmtcache/stmtcache.go:15:0 s=13
   739: 0x16560a4 M=1 github.com/go-chi/chi/v5.Middlewares.Handler /workspace/tabmail-cloud/gomod/github.com/go-chi/chi/v5@v5.2.5/chain.go:13:0 s=12
             github.com/go-chi/chi/v5.(*Mux).handle /workspace/tabmail-cloud/gomod/github.com/go-chi/chi/v5@v5.2.5/mux.go:430:0 s=416
   740: 0x174bb5b M=1 tabmail/internal/api.NewRouter.func2.5 /workspace/tabmail/internal/api/router.go:268:0 s=264
   741: 0x1876004 M=1 tabmail/internal/store/postgres_test.TestR5LegacyContentKeyHTTPPreservesSafeReceipt.func1 /workspace/tabmail/internal/store/postgres/r5_legacy_content_test.go:315:0 s=290
   742: 0xc28264 M=1 github.com/jackc/pgx/v5/pgconn.(*PgConn).makeCommandTag /workspace/tabmail-cloud/gomod/github.com/jackc/pgx/v5@v5.10.0/pgconn/pgconn.go:2102:0 s=2101
             github.com/jackc/pgx/v5/pgconn.(*ResultReader).receiveMessage /workspace/tabmail-cloud/gomod/github.com/jackc/pgx/v5@v5.10.0/pgconn/pgconn.go:1894:0 s=1870
   743: 0x1875469 M=1 tabmail/internal/store/postgres_test.TestR5LegacyContentKeyHTTPPreservesSafeReceipt /workspace/tabmail/internal/store/postgres/r5_legacy_content_test.go:290:0 s=284
   744: 0xfefe2d M=1 tabmail/internal/store/postgres.(*PgStore).outboundPrincipalTx /workspace/tabmail/internal/store/postgres/outbound_principal.go:69:0 s=19
   745: 0x16d0e24 M=1 tabmail/internal/app/submissions.(*Service).outboundReceipt /workspace/tabmail/internal/app/submissions/receipts.go:58:0 s=51
   746: 0x16d2331 M=1 tabmail/internal/app/submissions.(*Service).OutboundReceiptView /workspace/tabmail/internal/app/submissions/receipts.go:72:0 s=71
   747: 0x17227dc M=1 tabmail/internal/api/handlers.(*OutboundHandler).GetJob /workspace/tabmail/internal/api/handlers/outbound.go:52:0 s=44
   748: 0x174f210 M=1 tabmail/internal/api.NewRouter.func2.2.RequireScopes.3.1 /workspace/tabmail/internal/api/middleware/auth.go:498:0 s=483
   749: 0x1750035 M=1 tabmail/internal/api.NewRouter.PermissionLoader.func9.1 /workspace/tabmail/internal/api/middleware/auth.go:192:0 s=186
   750: 0x17513ce M=1 tabmail/internal/api.NewRouter.Auth.func8.1 /workspace/tabmail/internal/api/middleware/auth.go:371:0 s=244
   751: 0x187508a M=1 tabmail/internal/store/postgres_test.r5LegacyKeyHTTP /workspace/tabmail/internal/store/postgres/r5_legacy_content_test.go:277:0 s=272
   752: 0x1877d1b M=1 tabmail/internal/store/postgres_test.TestR5LegacyContentKeyHTTPPreservesSafeReceipt.func1.1 /workspace/tabmail/internal/store/postgres/r5_legacy_content_test.go:320:0 s=319
             tabmail/internal/store/postgres_test.TestR5LegacyContentKeyHTTPPreservesSafeReceipt.func1 /workspace/tabmail/internal/store/postgres/r5_legacy_content_test.go:387:0 s=290
   753: 0x1658b68 M=1 github.com/go-chi/chi/v5.(*node).setEndpoint /workspace/tabmail-cloud/gomod/github.com/go-chi/chi/v5@v5.2.5/tree.go:346:0 s=343
   754: 0x16580ea M=1 github.com/go-chi/chi/v5.(*node).InsertRoute /workspace/tabmail-cloud/gomod/github.com/go-chi/chi/v5@v5.2.5/tree.go:225:0 s=138
   755: 0x1749370 M=1 tabmail/internal/api.NewRouter.func2 /workspace/tabmail/internal/api/router.go:198:0 s=172
   756: 0x1749a33 M=1 tabmail/internal/mailcontent.New /workspace/tabmail/internal/mailcontent/parser.go:55:0 s=54
             tabmail/internal/app/companymail.NewService /workspace/tabmail/internal/app/companymail/service.go:49:0 s=48
             tabmail/internal/api.NewRouter.func2 /workspace/tabmail/internal/api/router.go:175:0 s=172
   757: 0xa26351 M=1 database/sql.(*DB).beginDC /workspace/tabmail-cloud/tools/go/src/database/sql/sql.go:1916:0 s=1899
   758: 0x7a0cd3 M=1 net.(*Dialer).DialContext /workspace/tabmail-cloud/tools/go/src/net/dial.go:565:0 s=525
   759: 0xc00d70 M=1 maps.Copy[go.shape.map[string]string,go.shape.map[string]string,go.shape.string,go.shape.string] /workspace/tabmail-cloud/tools/go/src/maps/maps.go:64:0 s=62
             github.com/jackc/pgx/v5/pgconn.mergeSettings /workspace/tabmail-cloud/gomod/github.com/jackc/pgx/v5@v5.10.0/pgconn/config.go:573:0 s=569
             github.com/jackc/pgx/v5/pgconn.ParseConfigWithOptions /workspace/tabmail-cloud/gomod/github.com/jackc/pgx/v5@v5.10.0/pgconn/config.go:356:0 s=323
   760: 0x1874e6b M=1 net/http/httptest.NewRequest /workspace/tabmail-cloud/tools/go/src/net/http/httptest/httptest.go:20:0 s=19
             tabmail/internal/store/postgres_test.r5LegacyKeyHTTP /workspace/tabmail/internal/store/postgres/r5_legacy_content_test.go:274:0 s=272
   761: 0x1877c4f M=1 tabmail/internal/store/postgres_test.TestR5LegacyContentKeyHTTPPreservesSafeReceipt.func1 /workspace/tabmail/internal/store/postgres/r5_legacy_content_test.go:355:0 s=290
   762: 0x187716d M=1 tabmail/internal/store/postgres_test.TestR5LegacyContentKeyHTTPPreservesSafeReceipt.func1.1 /workspace/tabmail/internal/store/postgres/r5_legacy_content_test.go:320:0 s=319
             tabmail/internal/store/postgres_test.TestR5LegacyContentKeyHTTPPreservesSafeReceipt.func1 /workspace/tabmail/internal/store/postgres/r5_legacy_content_test.go:344:0 s=290
   763: 0x697f06 M=1 encoding/json.Unmarshal /workspace/tabmail-cloud/tools/go/src/encoding/json/decode.go:106:0 s=102
   764: 0xa99def M=1 github.com/jackc/pgx/v5/pgtype.(*scanPlanJSONToJSONUnmarshal).Scan /workspace/tabmail-cloud/gomod/github.com/jackc/pgx/v5@v5.10.0/pgtype/json.go:222:0 s=199
   765: 0xfee83d M=1 tabmail/internal/store/postgres.(*PgStore).outboundPrincipalTx /workspace/tabmail/internal/store/postgres/outbound_principal.go:46:0 s=19
   766: 0x18770b5 M=1 tabmail/internal/store/postgres_test.TestR5LegacyContentKeyHTTPPreservesSafeReceipt.func1.1 /workspace/tabmail/internal/store/postgres/r5_legacy_content_test.go:320:0 s=319
             tabmail/internal/store/postgres_test.TestR5LegacyContentKeyHTTPPreservesSafeReceipt.func1 /workspace/tabmail/internal/store/postgres/r5_legacy_content_test.go:342:0 s=290
   767: 0x4d7304 M=1 sync.(*poolChain).pushHead /workspace/tabmail-cloud/tools/go/src/sync/poolqueue.go:226:0 s=220
   768: 0x4d6544 M=1 sync.(*Pool).Put /workspace/tabmail-cloud/tools/go/src/sync/pool.go:115:0 s=99
   769: 0xedd46a M=1 github.com/pressly/goose/v3/internal/sqlparser.ParseSQLMigration /workspace/goose-buffer-experiment/candidate/internal/sqlparser/parser.go:287:0 s=103
   770: 0x1040c71 M=1 tabmail/internal/store/postgres.scanUser /workspace/tabmail/internal/store/postgres/users.go:47:0 s=46
   771: 0x187179e M=1 tabmail/internal/store/postgres_test.TestR5LegacyOutboundHTTPDoesNotResurrectExpiredContent /workspace/tabmail/internal/store/postgres/r5_legacy_content_test.go:196:0 s=195
   772: 0x18708e9 M=1 tabmail/internal/store/postgres_test.TestR5LegacyContentReloadsPermissionAfterIdentityWait.func1 /workspace/tabmail/internal/store/postgres/r5_legacy_content_test.go:159:0 s=158
   773: 0x5b2f9c M=1 context.WithCancel /workspace/tabmail-cloud/tools/go/src/context/context.go:242:0 s=240
   774: 0xa1bdd8 M=1 database/sql.OpenDB /workspace/tabmail-cloud/tools/go/src/database/sql/sql.go:833:0 s=832
   775: 0xec10f4 M=1 github.com/jackc/pgx/v5/stdlib.OpenDB /workspace/tabmail-cloud/gomod/github.com/jackc/pgx/v5@v5.10.0/stdlib/sql.go:230:0 s=228
   776: 0xfd4a5e M=1 tabmail/internal/store/postgres.Migrate /workspace/tabmail/internal/store/postgres/migrate.go:29:0 s=28
   777: 0x186f896 M=1 tabmail/internal/store/postgres_test.TestR5LegacyContentRechecksKeyAndOwner.func1 /workspace/tabmail/internal/store/postgres/r5_legacy_content_test.go:112:0 s=111
   778: 0xc258da M=1 github.com/jackc/pgx/v5/pgconn.(*ResultReader).Read /workspace/tabmail-cloud/gomod/github.com/jackc/pgx/v5@v5.10.0/pgconn/pgconn.go:1734:0 s=1733
   779: 0xc51c24 M=1 github.com/jackc/pgx/v5.(*Conn).execPrepared /workspace/tabmail-cloud/gomod/github.com/jackc/pgx/v5@v5.10.0/conn.go:613:0 s=607
   780: 0x1049324 M=1 tabmail/internal/store/postgres.(*PgStore).CreateZone /workspace/tabmail/internal/store/postgres/zones.go:30:0 s=22
   781: 0x17a3b71 M=1 tabmail/internal/store/postgres_test.seedCompany /workspace/tabmail/internal/store/postgres/company_workflows_test.go:44:0 s=33
   782: 0x1016fac M=1 tabmail/internal/store/postgres.effectivePermission /workspace/tabmail/internal/store/postgres/permissions.go:164:0 s=163
             tabmail/internal/store/postgres.effectivePermissionSnapshot /workspace/tabmail/internal/store/postgres/permission_snapshot.go:36:0 s=24
   783: 0xfefdcf M=1 tabmail/internal/store/postgres.(*PgStore).outboundPrincipalTx /workspace/tabmail/internal/store/postgres/outbound_principal.go:64:0 s=19
   784: 0xfeb807 M=1 tabmail/internal/store/postgres.(*PgStore).legacyKeyContentTx /workspace/tabmail/internal/store/postgres/outbound_content.go:69:0 s=68
   785: 0xfea5e4 M=1 tabmail/internal/store/postgres.(*PgStore).CanReadOutboundContent /workspace/tabmail/internal/store/postgres/outbound_content.go:50:0 s=21
   786: 0x187056d M=1 tabmail/internal/app/submissions.(*Service).ContentAllowed /workspace/tabmail/internal/app/submissions/service.go:410:0 s=409
             tabmail/internal/store/postgres_test.TestR5LegacyContentRechecksKeyAndOwner.func1 /workspace/tabmail/internal/store/postgres/r5_legacy_content_test.go:143:0 s=111
   787: 0xf799e2 M=1 tabmail/internal/store/postgres.(*PgStore).ConfigureCompany.func1 /workspace/tabmail/internal/store/postgres/company_members.go:175:0 s=159
   788: 0x186f8b5 M=1 tabmail/internal/store/postgres_test.TestR5LegacyContentRechecksKeyAndOwner.func1 /workspace/tabmail/internal/store/postgres/r5_legacy_content_test.go:114:0 s=111
   789: 0x5d8b11 M=1 strings.(*Builder).grow /workspace/tabmail-cloud/tools/go/src/strings/builder.go:67:0 s=66
   790: 0x5d8cf3 M=1 strings.(*Builder).Grow /workspace/tabmail-cloud/tools/go/src/strings/builder.go:81:0 s=75
   791: 0x5e0f84 M=1 strings.Join /workspace/tabmail-cloud/tools/go/src/strings/strings.go:510:0 s=487
   792: 0x6033ec M=1 path/filepath.join /workspace/tabmail-cloud/tools/go/src/path/filepath/path_unix.go:36:0 s=32
   793: 0xc06fc6 M=1 path/filepath.Join /workspace/tabmail-cloud/tools/go/src/path/filepath/path.go:131:0 s=130
             github.com/jackc/pgx/v5/pgconn.defaultSettings /workspace/tabmail-cloud/gomod/github.com/jackc/pgx/v5@v5.10.0/pgconn/defaults.go:27:0 s=12
   794: 0x186dfd6 M=1 tabmail/internal/store/postgres_test.TestR5LegacyContentLifecycleMatchesArchive.func1 /workspace/tabmail/internal/store/postgres/r5_legacy_content_test.go:49:0 s=48
   795: 0x86064d M=1 github.com/jackc/pgx/v5/pgproto3.(*ParameterStatus).Decode /workspace/tabmail-cloud/gomod/github.com/jackc/pgx/v5@v5.10.0/pgproto3/parameter_status.go:25:0 s=18
   796: 0x16db551 M=1 tabmail/internal/app/submissions.(*Service).AccessibleOutboundJob /workspace/tabmail/internal/app/submissions/service.go:384:0 s=383
   797: 0x186ef6c M=1 tabmail/internal/store/postgres_test.TestR5LegacyContentLifecycleMatchesArchive.func1 /workspace/tabmail/internal/store/postgres/r5_legacy_content_test.go:100:0 s=48
   798: 0x17a360b M=1 tabmail/internal/store/postgres_test.seedCompany /workspace/tabmail/internal/store/postgres/company_workflows_test.go:39:0 s=33
   799: 0xc1945a M=1 github.com/jackc/pgx/v5/pgconn.(*PgConn).Prepare /workspace/tabmail-cloud/gomod/github.com/jackc/pgx/v5@v5.10.0/pgconn/pgconn.go:992:0 s=950
   800: 0xf76bfe M=1 tabmail/internal/store/postgres.(*PgStore).companyTxScope /workspace/tabmail/internal/store/postgres/company_members.go:91:0 s=60
   801: 0x186e65a M=1 tabmail/internal/store/postgres_test.TestR5LegacyContentLifecycleMatchesArchive.func1 /workspace/tabmail/internal/store/postgres/r5_legacy_content_test.go:68:0 s=48
   802: 0xf7e3d5 M=1 tabmail/internal/store/postgres.(*PgStore).ActivateEmployee /workspace/tabmail/internal/store/postgres/company_members.go:339:0 s=279
   803: 0xeca3fa M=1 github.com/pressly/goose/v3/internal/dialects.(*postgres).InsertVersion /workspace/goose-buffer-experiment/candidate/internal/dialects/postgres.go:31:0 s=29
   804: 0x5e02b8 M=1 strings.genSplit /workspace/tabmail-cloud/tools/go/src/strings/strings.go:305:0 s=291
   805: 0x1699bd6 M=1 strings.SplitN /workspace/tabmail-cloud/tools/go/src/strings/strings.go:333:0 s=333
             tabmail/internal/api/middleware.extractBearer /workspace/tabmail/internal/api/middleware/auth.go:540:0 s=535
   806: 0x1750719 M=1 tabmail/internal/api.NewRouter.Auth.func8.1 /workspace/tabmail/internal/api/middleware/auth.go:248:0 s=244
   807: 0x1869f6f M=1 tabmail/internal/store/postgres_test.TestR5APIKeyUsageMetadataStoreAndWire.func1 /workspace/tabmail/internal/store/postgres/r5_key_touch_admission_test.go:832:0 s=786
   808: 0x18693c1 M=1 tabmail/internal/store/postgres_test.TestR5APIKeyUsageMetadataStoreAndWire /workspace/tabmail/internal/store/postgres/r5_key_touch_admission_test.go:883:0 s=768
   809: 0xf572b6 M=1 tabmail/internal/store/postgres.(*PgStore).GetAPIKey /workspace/tabmail/internal/store/postgres/apikeys.go:124:0 s=106
   810: 0x1869856 M=1 tabmail/internal/store/postgres_test.TestR5APIKeyUsageMetadataStoreAndWire.func1 /workspace/tabmail/internal/store/postgres/r5_key_touch_admission_test.go:794:0 s=786
   811: 0x1868d5a M=1 tabmail/internal/store/postgres_test.TestR5APIKeyUsageMetadataStoreAndWire /workspace/tabmail/internal/store/postgres/r5_key_touch_admission_test.go:858:0 s=768
   812: 0x1699471 M=1 tabmail/internal/api/middleware.RequireTenantKeyOrAdmin /workspace/tabmail/internal/api/middleware/auth.go:466:0 s=465
   813: 0x16515b9 M=1 github.com/go-chi/chi/v5.chain /workspace/tabmail-cloud/gomod/github.com/go-chi/chi/v5@v5.2.5/chain.go:45:0 s=36
   814: 0x174d6f5 M=1 tabmail/internal/api.NewRouter.func2.2 /workspace/tabmail/internal/api/router.go:214:0 s=210
   815: 0x185d537 M=1 tabmail/internal/store/postgres_test.r5TouchRouter /workspace/tabmail/internal/store/postgres/r5_key_touch_admission_test.go:353:0 s=352
   816: 0x1868c13 M=1 tabmail/internal/store/postgres_test.TestR5APIKeyUsageMetadataStoreAndWire /workspace/tabmail/internal/store/postgres/r5_key_touch_admission_test.go:785:0 s=768
   817: 0xc0ea5c M=1 github.com/jackc/pgx/v5/pgconn.connectOne /workspace/tabmail-cloud/gomod/github.com/jackc/pgx/v5@v5.10.0/pgconn/pgconn.go:380:0 s=313
   818: 0x18670f6 M=1 tabmail/internal/store/postgres_test.TestR5APIKeyUsageLifecycleCascade.func1 /workspace/tabmail/internal/store/postgres/r5_key_touch_admission_test.go:721:0 s=720
   819: 0xfab2d8 M=1 tabmail/internal/store/postgres.(*PgStore).ExecuteOffboarding.func1 /workspace/tabmail/internal/store/postgres/employee_disposition.go:247:0 s=244
   820: 0x1867a73 M=1 tabmail/internal/store/postgres_test.TestR5APIKeyUsageLifecycleCascade.func1 /workspace/tabmail/internal/store/postgres/r5_key_touch_admission_test.go:753:0 s=720
   821: 0x175737b M=1 tabmail/internal/testpg.NewPostgres /workspace/tabmail/internal/testpg/fixture.go:60:0 s=21
   822: 0xf58166 M=1 tabmail/internal/store/postgres.(*PgStore).touchAPIKeyObservation /workspace/tabmail/internal/store/postgres/apikeys.go:194:0 s=184
   823: 0xf57f04 M=1 tabmail/internal/store/postgres.(*PgStore).TouchAPIKey /workspace/tabmail/internal/store/postgres/apikeys.go:179:0 s=170
   824: 0x1868164 M=1 tabmail/internal/store/postgres_test.TestR5APIKeyUsageLifecycleCascade.func1 /workspace/tabmail/internal/store/postgres/r5_key_touch_admission_test.go:758:0 s=720
   825: 0xfca542 M=1 tabmail/internal/store/postgres.(*PgStore).DeleteUserGuarded /workspace/tabmail/internal/store/postgres/member_guard.go:171:0 s=158
   826: 0x18680e9 M=1 tabmail/internal/store/postgres_test.TestR5APIKeyUsageLifecycleCascade.func1 /workspace/tabmail/internal/store/postgres/r5_key_touch_admission_test.go:748:0 s=720
   827: 0x1756f0f M=1 tabmail/internal/testpg.NewPostgres /workspace/tabmail/internal/testpg/fixture.go:45:0 s=21
   828: 0xebe52e M=1 github.com/jackc/puddle/v2.NewPool[go.shape.*uint8] /workspace/tabmail-cloud/gomod/github.com/jackc/puddle/v2@v2.2.2/pool.go:166:0 s=159
   829: 0x101e36d M=1 tabmail/internal/store/postgres.New /workspace/tabmail/internal/store/postgres/postgres.go:30:0 s=21
   830: 0x1860d04 M=1 tabmail/internal/store/postgres_test.TestR5KeyUsageAuthorityAdmissionIsolation.func1 /workspace/tabmail/internal/store/postgres/r5_key_touch_admission_test.go:489:0 s=469
   831: 0x1860336 M=1 tabmail/internal/store/postgres_test.TestR5KeyUsageAuthorityAdmissionIsolation.func1 /workspace/tabmail/internal/store/postgres/r5_key_touch_admission_test.go:470:0 s=469
   832: 0xff9197 M=1 tabmail/internal/store/postgres.(*outboundRetryReader).GetUser /workspace/tabmail/internal/store/postgres/outbound_retry_reader.go:35:0 s=34
   833: 0xf3d7ef M=1 tabmail/internal/outbound.ValidateRetryRequester /workspace/tabmail/internal/outbound/retry_authorization.go:44:0 s=13
   834: 0xf472e4 M=1 tabmail/internal/outbound.(*Service).createOutboundJob.func1 /workspace/tabmail/internal/outbound/service.go:297:0 s=295
   835: 0xfd76a2 M=1 tabmail/internal/store/postgres.(*PgStore).enqueueOutboundJobValidated /workspace/tabmail/internal/store/postgres/outbound.go:131:0 s=69
   836: 0xfd5f96 M=1 tabmail/internal/store/postgres.(*PgStore).CreateOutboundJobAuthorized /workspace/tabmail/internal/store/postgres/outbound.go:66:0 s=56
   837: 0xf46e81 M=1 tabmail/internal/outbound.(*Service).createOutboundJob /workspace/tabmail/internal/outbound/service.go:295:0 s=294
   838: 0xf46584 M=1 tabmail/internal/outbound.(*Service).SubmitWithReplay /workspace/tabmail/internal/outbound/service.go:280:0 s=123
   839: 0x19185ad M=1 tabmail/internal/outbound.(*Service).Submit /workspace/tabmail/internal/outbound/service.go:97:0 s=96
             tabmail/internal/store/postgres_test.r5StageQueued /workspace/tabmail/internal/store/postgres/r5_permission_stage_matrix_test.go:86:0 s=78
   840: 0x1860a7d M=1 tabmail/internal/store/postgres_test.TestR5KeyUsageAuthorityAdmissionIsolation.func1 /workspace/tabmail/internal/store/postgres/r5_key_touch_admission_test.go:482:0 s=469
   841: 0x7c1455 M=1 net.(*Resolver).LookupHost /workspace/tabmail-cloud/tools/go/src/net/lookup.go:199:0 s=193
   842: 0xc0ba38 M=1 github.com/jackc/pgx/v5/pgconn.buildConnectOneConfigs /workspace/tabmail-cloud/gomod/github.com/jackc/pgx/v5@v5.10.0/pgconn/pgconn.go:209:0 s=180
   843: 0xc0a764 M=1 github.com/jackc/pgx/v5/pgconn.ConnectConfig /workspace/tabmail-cloud/gomod/github.com/jackc/pgx/v5@v5.10.0/pgconn/pgconn.go:151:0 s=142
   844: 0x18597e4 M=1 tabmail/internal/store/postgres_test.(*r5TouchAdmissionStore).GetOutboundReceipt /workspace/tabmail/internal/store/postgres/r5_key_touch_admission_test.go:90:0 s=81
   845: 0x16db711 M=1 tabmail/internal/app/submissions.(*Service).AccessibleOutboundJobForRetry /workspace/tabmail/internal/app/submissions/service.go:394:0 s=393
   846: 0x172319c M=1 tabmail/internal/api/handlers.(*OutboundHandler).RetryJob /workspace/tabmail/internal/api/handlers/outbound.go:93:0 s=81
   847: 0x174eb10 M=1 tabmail/internal/api.NewRouter.func2.2.RequireScopes.5.1 /workspace/tabmail/internal/api/middleware/auth.go:498:0 s=483
   848: 0x185da1a M=1 tabmail/internal/store/postgres_test.r5TouchHTTP /workspace/tabmail/internal/store/postgres/r5_key_touch_admission_test.go:366:0 s=361
   849: 0x1862984 M=1 tabmail/internal/store/postgres_test.TestR5KeyUsageAuthorityAdmissionIsolation.func1 /workspace/tabmail/internal/store/postgres/r5_key_touch_admission_test.go:638:0 s=469
   850: 0xaae9b3 M=1 github.com/jackc/pgx/v5/pgtype.NewMap /workspace/tabmail-cloud/gomod/github.com/jackc/pgx/v5@v5.10.0/pgtype/pgtype.go:235:0 s=231
   851: 0xc4ca52 M=1 github.com/jackc/pgx/v5.connect /workspace/tabmail-cloud/gomod/github.com/jackc/pgx/v5@v5.10.0/conn.go:259:0 s=243
   852: 0xff3e6f M=1 tabmail/internal/store/postgres.(*PgStore).FindOutboundSubmission /workspace/tabmail/internal/store/postgres/outbound_recipients.go:17:0 s=13
   853: 0xf4689a M=1 tabmail/internal/outbound.(*Service).SubmitWithReplay /workspace/tabmail/internal/outbound/service.go:156:0 s=123
   854: 0xc24fa9 M=1 github.com/jackc/pgx/v5/pgconn.(*PgConn).makeCommandTag /workspace/tabmail-cloud/gomod/github.com/jackc/pgx/v5@v5.10.0/pgconn/pgconn.go:2102:0 s=2101
             github.com/jackc/pgx/v5/pgconn.(*MultiResultReader).NextResult /workspace/tabmail-cloud/gomod/github.com/jackc/pgx/v5@v5.10.0/pgconn/pgconn.go:1672:0 s=1618
   855: 0x18520d0 M=1 tabmail/internal/store/postgres_test.r5InviteProfileSeed /workspace/tabmail/internal/store/postgres/r5_invitation_profile_order_test.go:52:0 s=29
   856: 0x18537a9 M=1 tabmail/internal/store/postgres_test.TestR5InvitationProfileCompleteCommandsLockOrder.func1 /workspace/tabmail/internal/store/postgres/r5_invitation_profile_order_test.go:109:0 s=103
   857: 0xab77fa M=1 github.com/jackc/pgx/v5/pgtype.(*Map).planEncodeDepth /workspace/tabmail-cloud/gomod/github.com/jackc/pgx/v5@v5.10.0/pgtype/pgtype.go:1212:0 s=1203
   858: 0xfc9272 M=1 tabmail/internal/store/postgres.(*PgStore).UpdateUserGuarded /workspace/tabmail/internal/store/postgres/member_guard.go:142:0 s=77
   859: 0x1851a94 M=1 tabmail/internal/store/postgres_test.r5InviteProfileSeed /workspace/tabmail/internal/store/postgres/r5_invitation_profile_order_test.go:44:0 s=29
   860: 0x1850831 M=1 tabmail/internal/store/postgres_test.r5InviteProfileSeed /workspace/tabmail/internal/store/postgres/r5_invitation_profile_order_test.go:31:0 s=29
   861: 0x18535ba M=1 tabmail/internal/store/postgres_test.TestR5InvitationProfileCompleteCommandsLockOrder.func1 /workspace/tabmail/internal/store/postgres/r5_invitation_profile_order_test.go:106:0 s=103
   862: 0xecf8e1 M=1 github.com/pressly/goose/v3/database.(*store).ListMigrations /workspace/goose-buffer-experiment/candidate/database/dialects.go:151:0 s=146
   863: 0xeff121 M=1 github.com/pressly/goose/v3.(*Provider).hasPending /workspace/goose-buffer-experiment/candidate/provider.go:575:0 s=545
   864: 0x1014ffa M=1 tabmail/internal/store/postgres.(*PgStore).CreatePermissionProfileGuarded.func1 /workspace/tabmail/internal/store/postgres/permission_profile_create.go:120:0 s=71
   865: 0x101242c M=1 tabmail/internal/store/postgres.(*PgStore).companyTx /workspace/tabmail/internal/store/postgres/company_members.go:35:0 s=34
             tabmail/internal/store/postgres.(*PgStore).CreatePermissionProfileGuarded /workspace/tabmail/internal/store/postgres/permission_profile_create.go:71:0 s=25
   866: 0xf165b4 M=1 tabmail/internal/app/permissions.(*Service).CreateProfile /workspace/tabmail/internal/app/permissions/service.go:138:0 s=105
   867: 0x1850a93 M=1 tabmail/internal/store/postgres_test.r5InviteProfileSeed /workspace/tabmail/internal/store/postgres/r5_invitation_profile_order_test.go:35:0 s=29
   868: 0x6a7818 M=1 encoding/json.mapEncoder.encode /workspace/tabmail-cloud/tools/go/src/encoding/json/encode.go:795:0 s=776
   869: 0x6a6c04 M=1 encoding/json.interfaceEncoder /workspace/tabmail-cloud/tools/go/src/encoding/json/encode.go:711:0 s=706
   870: 0x184f57e M=1 tabmail/internal/store/postgres_test.TestR5IngressAcceptanceRollsBackEarlierTarget /workspace/tabmail/internal/store/postgres/r5_ingress_transaction_test.go:171:0 s=170
   871: 0xfb3741 M=1 tabmail/internal/store/postgres.(*PgStore).DeliverIngress /workspace/tabmail/internal/store/postgres/ingress.go:184:0 s=117
   872: 0x184f272 M=1 tabmail/internal/store/postgres_test.TestR5IngressAuditFailureRollsBackCheckpointAndQuota /workspace/tabmail/internal/store/postgres/r5_ingress_transaction_test.go:154:0 s=148
   873: 0x184a59e M=1 tabmail/internal/store/postgres_test.TestR5IndexRejectsChangedSourceAndStaleToken /workspace/tabmail/internal/store/postgres/r5_index_boundary_test.go:206:0 s=205
   874: 0x1849bbe M=1 tabmail/internal/store/postgres_test.TestR5IndexCancelledCompletionReleasesLocks /workspace/tabmail/internal/store/postgres/r5_index_boundary_test.go:188:0 s=187
   875: 0x184935e M=1 tabmail/internal/store/postgres_test.TestR5IndexDocumentFailureRollsBackCompletion /workspace/tabmail/internal/store/postgres/r5_index_boundary_test.go:170:0 s=169
   876: 0x4d64f3 M=1 sync.(*Pool).Put /workspace/tabmail-cloud/tools/go/src/sync/pool.go:111:0 s=99
   877: 0xede219 M=1 github.com/pressly/goose/v3/internal/sqlparser.endsWithSemicolon /workspace/goose-buffer-experiment/candidate/internal/sqlparser/parser.go:394:0 s=375
   878: 0xedb999 M=1 github.com/pressly/goose/v3/internal/sqlparser.ParseSQLMigration /workspace/goose-buffer-experiment/candidate/internal/sqlparser/parser.go:247:0 s=103
   879: 0xfbaa85 M=1 tabmail/internal/store/postgres.(*PgStore).CompleteMailIndexJob /workspace/tabmail/internal/store/postgres/mail_content.go:175:0 s=162
   880: 0x18492db M=1 tabmail/internal/store/postgres_test.TestR5IndexSourceLockPrecedesJob.func1 /workspace/tabmail/internal/store/postgres/r5_index_boundary_test.go:150:0 s=150
   881: 0x183a0ad M=1 tabmail/internal/store/postgres_test.r5GlobalFanoutAssign /workspace/tabmail/internal/store/postgres/r5_global_profile_fanout_test.go:75:0 s=64
   882: 0x1839c8c M=1 tabmail/internal/store/postgres_test.r5GlobalFanoutSeed /workspace/tabmail/internal/store/postgres/r5_global_profile_fanout_test.go:59:0 s=31
   883: 0x18421e5 M=1 tabmail/internal/store/postgres_test.TestR5GlobalProfileFanoutNoAssignmentPhantom /workspace/tabmail/internal/store/postgres/r5_global_profile_fanout_test.go:364:0 s=363
   884: 0x1838f71 M=1 tabmail/internal/store/postgres_test.r5GlobalFanoutSeed /workspace/tabmail/internal/store/postgres/r5_global_profile_fanout_test.go:36:0 s=31
   885: 0x1841cad M=1 tabmail/internal/store/postgres_test.TestR5GlobalProfileFanoutCurrentMembership.func2 /workspace/tabmail/internal/store/postgres/r5_global_profile_fanout_test.go:344:0 s=333
   886: 0x184189d M=1 tabmail/internal/store/postgres_test.TestR5GlobalProfileFanoutCurrentMembership.func2 /workspace/tabmail/internal/store/postgres/r5_global_profile_fanout_test.go:334:0 s=333
   887: 0x1842035 M=1 tabmail/internal/store/postgres_test.TestR5GlobalProfileFanoutCurrentMembership.func2 /workspace/tabmail/internal/store/postgres/r5_global_profile_fanout_test.go:353:0 s=333
   888: 0x8bb0d5 M=1 net/url.parse /workspace/tabmail-cloud/tools/go/src/net/url/url.go:524:0 s=513
   889: 0x8baba4 M=1 net/url.Parse /workspace/tabmail-cloud/tools/go/src/net/url/url.go:483:0 s=480
   890: 0xc01c90 M=1 github.com/jackc/pgx/v5/pgconn.parseURLSettings /workspace/tabmail-cloud/gomod/github.com/jackc/pgx/v5@v5.10.0/pgconn/config.go:622:0 s=619
   891: 0xbfd17c M=1 github.com/jackc/pgx/v5/pgconn.ParseConfigWithOptions /workspace/tabmail-cloud/gomod/github.com/jackc/pgx/v5@v5.10.0/pgconn/config.go:332:0 s=323
   892: 0x18407ef M=1 tabmail/internal/store/postgres_test.TestR5GlobalProfileFanoutTenantLocalAndNoop.func1 /workspace/tabmail/internal/store/postgres/r5_global_profile_fanout_test.go:256:0 s=247
   893: 0x1006395 M=1 tabmail/internal/store/postgres.permissionEditorSnapshotTx /workspace/tabmail/internal/store/postgres/permission_editor_snapshot.go:78:0 s=32
   894: 0x184043d M=1 tabmail/internal/store/postgres_test.TestR5GlobalProfileFanoutTenantLocalAndNoop.func1 /workspace/tabmail/internal/store/postgres/r5_global_profile_fanout_test.go:248:0 s=247
   895: 0x174c4f8 M=1 tabmail/internal/api.NewRouter.func2.5 /workspace/tabmail/internal/api/router.go:292:0 s=264
   896: 0x177db66 M=1 tabmail/internal/store/postgres_test.seedDraftSubmit /workspace/tabmail/internal/store/postgres/company_draft_submit_test.go:44:0 s=39
   897: 0x1838619 M=1 tabmail/internal/store/postgres_test.TestR5EnqueueQuotaUTCMidnightCountingBoundary.func1 /workspace/tabmail/internal/store/postgres/r5_enqueue_quota_snapshot_test.go:242:0 s=237
   898: 0x1838576 M=1 tabmail/internal/store/postgres_test.TestR5EnqueueQuotaUTCMidnightCountingBoundary.func1 /workspace/tabmail/internal/store/postgres/r5_enqueue_quota_snapshot_test.go:238:0 s=237
   899: 0x6a7b91 M=1 encoding/json.mapEncoder.encode /workspace/tabmail-cloud/tools/go/src/encoding/json/encode.go:815:0 s=776
   900: 0x16530f0 M=1 github.com/go-chi/chi/v5.(*Mux).Delete /workspace/tabmail-cloud/gomod/github.com/go-chi/chi/v5@v5.2.5/mux.go:150:0 s=149
   901: 0x174c473 M=1 tabmail/internal/api.NewRouter.func2.5 /workspace/tabmail/internal/api/router.go:290:0 s=264
   902: 0x18374ec M=1 tabmail/internal/store/postgres_test.TestR5EnqueueQuotaUnlimitedToFiniteSharedUser /workspace/tabmail/internal/store/postgres/r5_enqueue_quota_snapshot_test.go:178:0 s=171
   903: 0x17495a4 M=1 tabmail/internal/api.NewRouter.func2 /workspace/tabmail/internal/api/router.go:229:0 s=172
   904: 0x1657fa4 M=1 github.com/go-chi/chi/v5.(*node).InsertRoute /workspace/tabmail-cloud/gomod/github.com/go-chi/chi/v5@v5.2.5/tree.go:219:0 s=138
   905: 0x1716aaa M=1 tabmail/internal/api/handlers.RegisterCompanyRoutes.func1 /workspace/tabmail/internal/api/handlers/company_routes.go:98:0 s=27
   906: 0x183737e M=1 tabmail/internal/store/postgres_test.TestR5EnqueueQuotaUnlimitedToFiniteSharedUser /workspace/tabmail/internal/store/postgres/r5_enqueue_quota_snapshot_test.go:172:0 s=171
   907: 0x62b287 M=1 testing.(*common).Helper /workspace/tabmail-cloud/tools/go/src/testing/testing.go:1279:0 s=1263
   908: 0x187c47b M=1 tabmail/internal/store/postgres_test.r5WaitBlockedBy /workspace/tabmail/internal/store/postgres/r5_lock_order_test.go:20:0 s=19
   909: 0x1836d2e M=1 tabmail/internal/store/postgres_test.TestR5EnqueueQuotaChangeOrdersThroughInsert.func1 /workspace/tabmail/internal/store/postgres/r5_enqueue_quota_snapshot_test.go:147:0 s=133
   910: 0xf78a4d M=1 tabmail/internal/store/postgres.(*PgStore).GetCompanySettings /workspace/tabmail/internal/store/postgres/company_members.go:126:0 s=124
   911: 0xf79144 M=1 tabmail/internal/store/postgres.(*PgStore).ConfigureCompany /workspace/tabmail/internal/store/postgres/company_members.go:190:0 s=146
   912: 0x183692a M=1 tabmail/internal/store/postgres_test.TestR5EnqueueQuotaChangeOrdersThroughInsert.func1 /workspace/tabmail/internal/store/postgres/r5_enqueue_quota_snapshot_test.go:134:0 s=133
   913: 0x177d2be M=1 net/http/httptest.NewRequest /workspace/tabmail-cloud/tools/go/src/net/http/httptest/httptest.go:20:0 s=19
             tabmail/internal/store/postgres_test.draftSubmitHTTP /workspace/tabmail/internal/store/postgres/company_draft_submit_test.go:28:0 s=24
   914: 0x183714d M=1 tabmail/internal/store/postgres_test.TestR5EnqueueQuotaChangeOrdersThroughInsert.func1 /workspace/tabmail/internal/store/postgres/r5_enqueue_quota_snapshot_test.go:165:0 s=133
   915: 0x1836b90 M=1 tabmail/internal/store/postgres_test.TestR5EnqueueQuotaChangeOrdersThroughInsert.func1 /workspace/tabmail/internal/store/postgres/r5_enqueue_quota_snapshot_test.go:143:0 s=133
   916: 0x171526b M=1 tabmail/internal/api/handlers.RegisterCompanyRoutes.func1 /workspace/tabmail/internal/api/handlers/company_routes.go:60:0 s=27
   917: 0x183598c M=1 tabmail/internal/store/postgres_test.TestR5EnqueueQuotaUsesCurrentPermissionAfterParentWait.func1 /workspace/tabmail/internal/store/postgres/r5_enqueue_quota_snapshot_test.go:87:0 s=69
   918: 0x18354f6 M=1 tabmail/internal/store/postgres_test.TestR5EnqueueQuotaUsesCurrentPermissionAfterParentWait.func1 /workspace/tabmail/internal/store/postgres/r5_enqueue_quota_snapshot_test.go:70:0 s=69
   919: 0x16592fc M=1 github.com/go-chi/chi/v5.endpoints.Value /workspace/tabmail-cloud/gomod/github.com/go-chi/chi/v5@v5.2.5/tree.go:132:0 s=129
             github.com/go-chi/chi/v5.(*node).setEndpoint /workspace/tabmail-cloud/gomod/github.com/go-chi/chi/v5@v5.2.5/tree.go:360:0 s=343
   920: 0x1658135 M=1 github.com/go-chi/chi/v5.(*node).InsertRoute /workspace/tabmail-cloud/gomod/github.com/go-chi/chi/v5@v5.2.5/tree.go:214:0 s=138
   921: 0x1654a4c M=1 github.com/go-chi/chi/v5.(*Mux).Mount /workspace/tabmail-cloud/gomod/github.com/go-chi/chi/v5@v5.2.5/mux.go:325:0 s=289
   922: 0x165458e M=1 github.com/go-chi/chi/v5.(*Mux).Route /workspace/tabmail-cloud/gomod/github.com/go-chi/chi/v5@v5.2.5/mux.go:278:0 s=272
   923: 0xf00444 M=1 github.com/pressly/goose/v3.collectFilesystemSources /workspace/goose-buffer-experiment/candidate/provider_collect.go:81:0 s=27
   924: 0x83663d M=1 github.com/google/uuid.UUID.MarshalText /workspace/tabmail-cloud/gomod/github.com/google/uuid@v1.6.0/marshal.go:11:0 s=10
   925: 0x6a46a1 M=1 encoding/json.textMarshalerEncoder /workspace/tabmail-cloud/tools/go/src/encoding/json/encode.go:524:0 s=514
   926: 0x6a98a2 M=1 encoding/json.ptrEncoder.encode /workspace/tabmail-cloud/tools/go/src/encoding/json/encode.go:930:0 s=915
   927: 0x6b3bc4 M=1 encoding/json.(*Encoder).Encode /workspace/tabmail-cloud/tools/go/src/encoding/json/stream.go:212:0 s=204
   928: 0x172bde4 M=1 tabmail/internal/api/handlers.writeJSON /workspace/tabmail/internal/api/handlers/respond.go:40:0 s=33
   929: 0x170d4a8 M=1 tabmail/internal/api/handlers.created /workspace/tabmail/internal/api/handlers/respond.go:48:0 s=47
             tabmail/internal/api/handlers.(*CompanyMailHandler).SubmitDraft /workspace/tabmail/internal/api/handlers/company_mail.go:335:0 s=295
   930: 0x1835b04 M=1 tabmail/internal/store/postgres_test.TestR5EnqueueQuotaUsesCurrentPermissionAfterParentWait.func1 /workspace/tabmail/internal/store/postgres/r5_enqueue_quota_snapshot_test.go:90:0 s=69
   931: 0xf6e52c M=1 tabmail/internal/store/postgres.(*PgStore).mailboxAccessTx /workspace/tabmail/internal/store/postgres/company_members.go:394:0 s=393
             tabmail/internal/store/postgres.(*PgStore).GetMailDraft.func1 /workspace/tabmail/internal/store/postgres/company_mail.go:477:0 s=465
   932: 0xb8c2ae M=1 github.com/jackc/pgx/v5/pgtype.encodePlanJSONCodecEitherFormatByteSlice.Encode /workspace/tabmail-cloud/gomod/github.com/jackc/pgx/v5@v5.10.0/pgtype/json.go:111:0 s=105
   933: 0xeafbdc M=1 github.com/jackc/pgx/v5.(*ConnConfig).Copy /workspace/tabmail-cloud/gomod/github.com/jackc/pgx/v5@v5.10.0/conn.go:58:0 s=55
             github.com/jackc/pgx/v5/pgxpool.NewWithConfig.func3 /workspace/tabmail-cloud/gomod/github.com/jackc/pgx/v5@v5.10.0/pgxpool/pool.go:274:0 s=272
   934: 0xab79c5 M=1 github.com/jackc/pgx/v5/pgtype.(*Map).planEncodeDepth /workspace/tabmail-cloud/gomod/github.com/jackc/pgx/v5@v5.10.0/pgtype/pgtype.go:1220:0 s=1203
   935: 0xa5e5a8 M=1 github.com/jackc/pgx/v5/pgtype.(*Map).PlanEncode /workspace/tabmail-cloud/gomod/github.com/jackc/pgx/v5@v5.10.0/pgtype/pgtype.go:1200:0 s=1199
             github.com/jackc/pgx/v5/pgtype.(*ArrayCodec).PlanEncode /workspace/tabmail-cloud/gomod/github.com/jackc/pgx/v5@v5.10.0/pgtype/array_codec.go:69:0 s=61
   936: 0xab7cc1 M=1 github.com/jackc/pgx/v5/pgtype.(*Map).planEncode /workspace/tabmail-cloud/gomod/github.com/jackc/pgx/v5@v5.10.0/pgtype/pgtype.go:1250:0 s=1226
   937: 0xab7da4 M=1 github.com/jackc/pgx/v5/pgtype.(*Map).planEncode /workspace/tabmail-cloud/gomod/github.com/jackc/pgx/v5@v5.10.0/pgtype/pgtype.go:1257:0 s=1226
   938: 0x1833672 M=1 tabmail/internal/store/postgres_test.TestR5ConcurrencyIndependentSubmissionsShareParentLock /workspace/tabmail/internal/store/postgres/r5_enqueue_parallel_test.go:41:0 s=12
   939: 0x183189e M=1 tabmail/internal/store/postgres_test.TestR5EnqueueAuthorizedIndependentSubmissionsShareParent /workspace/tabmail/internal/store/postgres/r5_enqueue_authority_test.go:354:0 s=353
   940: 0x183107e M=1 tabmail/internal/store/postgres_test.TestR5EnqueueRequiredAuditFailureRollsBack /workspace/tabmail/internal/store/postgres/r5_enqueue_authority_test.go:322:0 s=321
   941: 0x182bcd6 M=1 tabmail/internal/store/postgres_test.TestR5EnqueueProtectsAuthorityThroughInsert.func1 /workspace/tabmail/internal/store/postgres/r5_enqueue_authority_test.go:148:0 s=147
   942: 0x182e02c M=1 tabmail/internal/store/postgres_test.TestR5EnqueueProtectsAuthorityThroughInsert.func1.2 /workspace/tabmail/internal/store/postgres/r5_enqueue_authority_test.go:193:0 s=182
   943: 0xfc1931 M=1 tabmail/internal/store/postgres.(*PgStore).scanMailbox /workspace/tabmail/internal/store/postgres/mailboxes.go:83:0 s=82
   944: 0xecf545 M=1 github.com/pressly/goose/v3/database.(*store).GetLatestVersion /workspace/goose-buffer-experiment/candidate/database/dialects.go:137:0 s=134
   945: 0xeff95b M=1 github.com/pressly/goose/v3.(*Provider).getDBMaxVersion /workspace/goose-buffer-experiment/candidate/provider.go:661:0 s=648
   946: 0xf043b4 M=1 github.com/pressly/goose/v3.(*Provider).runMigrations /workspace/goose-buffer-experiment/candidate/provider_run.go:190:0 s=96
   947: 0x1825ad1 M=1 tabmail/internal/store/postgres_test.r5ConvertRetentionFixture /workspace/tabmail/internal/store/postgres/r5_convert_shared_retention_order_test.go:166:0 s=164
   948: 0x18250a8 M=1 tabmail/internal/store/postgres_test.TestR5ConvertSharedRetentionNormalAndAuditRollback.func1 /workspace/tabmail/internal/store/postgres/r5_convert_shared_retention_order_test.go:130:0 s=129
   949: 0x851cc9 M=1 github.com/jackc/pgx/v5/pgproto3.(*Describe).Encode /workspace/tabmail-cloud/gomod/github.com/jackc/pgx/v5@v5.10.0/pgproto3/describe.go:41:0 s=38
   950: 0x859572 M=1 github.com/jackc/pgx/v5/pgproto3.(*Frontend).SendDescribe /workspace/tabmail-cloud/gomod/github.com/jackc/pgx/v5@v5.10.0/pgproto3/frontend.go:210:0 s=204
   951: 0xc1910d M=1 github.com/jackc/pgx/v5/pgconn.(*PgConn).Prepare /workspace/tabmail-cloud/gomod/github.com/jackc/pgx/v5@v5.10.0/pgconn/pgconn.go:967:0 s=950
   952: 0x188f7f0 M=1 tabmail/internal/store/postgres_test.r5MaintenanceWaitOrConflict /workspace/tabmail/internal/store/postgres/r5_message_maintenance_order_test.go:198:0 s=184
   953: 0x1823707 M=1 tabmail/internal/store/postgres_test.TestR5ConvertSharedRetentionCompleteCommands.func1 /workspace/tabmail/internal/store/postgres/r5_convert_shared_retention_order_test.go:62:0 s=20
   954: 0xfcc935 M=1 tabmail/internal/store/postgres.(*PgStore).CreateMessage /workspace/tabmail/internal/store/postgres/messages.go:29:0 s=18
   955: 0x1844519 M=1 tabmail/internal/store/postgres_test.r5IndexFixture /workspace/tabmail/internal/store/postgres/r5_index_boundary_test.go:23:0 s=19
   956: 0x182662d M=1 tabmail/internal/store/postgres_test.r5ConvertRetentionFixture /workspace/tabmail/internal/store/postgres/r5_convert_shared_retention_order_test.go:178:0 s=164
   957: 0x1822804 M=1 tabmail/internal/store/postgres_test.TestR5ConvertSharedRetentionCompleteCommands.func1 /workspace/tabmail/internal/store/postgres/r5_convert_shared_retention_order_test.go:21:0 s=20
   958: 0xadff84 M=1 github.com/jackc/pgx/v5/pgtype.(*TimestamptzCodec).PlanScan /workspace/tabmail-cloud/gomod/github.com/jackc/pgx/v5@v5.10.0/pgtype/timestamptz.go:237:0 s=233
   959: 0x5e4a8e M=1 strings.Replace /workspace/tabmail-cloud/tools/go/src/strings/strings.go:1159:0 s=1145
   960: 0xedd9f1 M=1 github.com/pressly/goose/v3/internal/sqlparser.extractAnnotation /workspace/goose-buffer-experiment/candidate/internal/sqlparser/parser.go:329:0 s=319
   961: 0xedab9b M=1 github.com/pressly/goose/v3/internal/sqlparser.ParseSQLMigration /workspace/goose-buffer-experiment/candidate/internal/sqlparser/parser.go:130:0 s=103
   962: 0xc44d6f M=1 github.com/jackc/pgx/v5/internal/stmtcache.(*LRUCache).allocNode /workspace/tabmail-cloud/gomod/github.com/jackc/pgx/v5@v5.10.0/internal/stmtcache/lru_cache.go:179:0 s=171
             github.com/jackc/pgx/v5/internal/stmtcache.(*LRUCache).Put /workspace/tabmail-cloud/gomod/github.com/jackc/pgx/v5@v5.10.0/internal/stmtcache/lru_cache.go:74:0 s=56
   963: 0xc552a4 M=1 github.com/jackc/pgx/v5.(*Conn).getStatementDescription /workspace/tabmail-cloud/gomod/github.com/jackc/pgx/v5@v5.10.0/conn.go:908:0 s=892
   964: 0x17974bc M=1 tabmail/internal/store/postgres_test.grantCurrent /workspace/tabmail/internal/store/postgres/company_revision_fixture_test.go:13:0 s=11
   965: 0x194398e M=1 tabmail/internal/store/postgres_test.r5ReadFixture /workspace/tabmail/internal/store/postgres/r5_read_boundary_test.go:33:0 s=30
   966: 0x1820e2b M=1 tabmail/internal/store/postgres_test.TestR5ContentReadsFenceMailboxSnapshot.func1 /workspace/tabmail/internal/store/postgres/r5_content_wait_test.go:279:0 s=277
   967: 0x1762987 M=1 tabmail/internal/store/postgres.(*PgStore).CreateOutboundJob /workspace/tabmail/internal/store/postgres/outbound.go:30:0 s=29
             tabmail/internal/store/postgres_test.archJob /workspace/tabmail/internal/store/postgres/company_architecture_test.go:18:0 s=15
   968: 0x181e6fe M=1 tabmail/internal/store/postgres_test.TestR5SentMutationCancellationAndAuditFailureRollBack.func1 /workspace/tabmail/internal/store/postgres/r5_content_wait_test.go:175:0 s=173
   969: 0xeafef7 M=1 github.com/jackc/pgx/v5/pgxpool.NewWithConfig.func3 /workspace/tabmail-cloud/gomod/github.com/jackc/pgx/v5@v5.10.0/pgxpool/pool.go:305:0 s=272
   970: 0xc69225 M=1 github.com/jackc/pgx/v5.(*Conn).BeginTx /workspace/tabmail-cloud/gomod/github.com/jackc/pgx/v5@v5.10.0/tx.go:101:0 s=100
   971: 0x1032e06 M=1 tabmail/internal/store/postgres.(*PgStore).companyReferencedTx /workspace/tabmail/internal/store/postgres/company_members.go:57:0 s=56
             tabmail/internal/store/postgres.(*PgStore).MutateArchivedMail /workspace/tabmail/internal/store/postgres/sent_archive.go:93:0 s=76
   972: 0x181f21b M=1 tabmail/internal/store/postgres_test.TestR5SentMutationCancellationAndAuditFailureRollBack.func1 /workspace/tabmail/internal/store/postgres/r5_content_wait_test.go:210:0 s=173
   973: 0xede1d0 M=1 bufio.(*Scanner).Text /workspace/tabmail-cloud/tools/go/src/bufio/scan.go:115:0 s=114
             github.com/pressly/goose/v3/internal/sqlparser.endsWithSemicolon /workspace/goose-buffer-experiment/candidate/internal/sqlparser/parser.go:386:0 s=375
   974: 0xedbe79 M=1 github.com/pressly/goose/v3/internal/sqlparser.ParseSQLMigration /workspace/goose-buffer-experiment/candidate/internal/sqlparser/parser.go:253:0 s=103
   975: 0x181e6da M=1 tabmail/internal/store/postgres_test.TestR5SentMutationCancellationAndAuditFailureRollBack.func1 /workspace/tabmail/internal/store/postgres/r5_content_wait_test.go:174:0 s=173
   976: 0xf80272 M=1 tabmail/internal/store/postgres.(*PgStore).ActivateEmployee.func1 /workspace/tabmail/internal/store/postgres/company_members.go:311:0 s=309
   977: 0xf7d9c8 M=1 tabmail/internal/store/postgres.(*PgStore).ActivateEmployee /workspace/tabmail/internal/store/postgres/company_members.go:319:0 s=279
   978: 0x181c9de M=1 tabmail/internal/store/postgres_test.TestR5SentMutationOrdersGrantRevocation /workspace/tabmail/internal/store/postgres/r5_content_wait_test.go:133:0 s=132
   979: 0x1817ffe M=1 tabmail/internal/store/postgres_test.TestR5ConcurrencyR02DraftCannotCommitAfterCompletedRevoke /workspace/tabmail/internal/store/postgres/r5_concurrency_baseline_test.go:167:0 s=166
   980: 0x181719e M=1 tabmail/internal/store/postgres_test.TestR5ConcurrencyR03EnqueueOffboardNoTenantFKCycle /workspace/tabmail/internal/store/postgres/r5_concurrency_baseline_test.go:137:0 s=136
   981: 0xfa886a M=1 tabmail/internal/store/postgres.offboardingSnapshot /workspace/tabmail/internal/store/postgres/employee_disposition.go:176:0 s=166
   982: 0x1817109 M=1 tabmail/internal/store/postgres_test.TestR5ConcurrencyR01EnqueueOffboardNoAttachmentCycle.func1 /workspace/tabmail/internal/store/postgres/r5_concurrency_baseline_test.go:117:0 s=117
   983: 0x181631e M=1 tabmail/internal/store/postgres_test.TestR5ConcurrencyR01EnqueueOffboardNoAttachmentCycle /workspace/tabmail/internal/store/postgres/r5_concurrency_baseline_test.go:111:0 s=110
   984: 0x62fd84 M=1 testing.(*T).Run /workspace/tabmail-cloud/tools/go/src/testing/testing.go:1972:0 s=1948
   985: 0x181106a M=1 tabmail/internal/store/postgres_test.TestR5CompanyAdminEventsReleaseFence /workspace/tabmail/internal/store/postgres/r5_company_admin_events_test.go:85:0 s=80
   986: 0x18111b6 M=1 tabmail/internal/store/postgres_test.TestR5CompanyAdminEventsReleaseFence.func1 /workspace/tabmail/internal/store/postgres/r5_company_admin_events_test.go:86:0 s=85
   987: 0x180ad56 M=1 tabmail/internal/store/postgres_test.TestR5CacheBusySourceRejectsBeforePhysicalDeleteCounterRelease.func1 /workspace/tabmail/internal/store/postgres/r5_cache_parent_snapshot_test.go:336:0 s=335
   988: 0x18077f6 M=1 tabmail/internal/store/postgres_test.TestR5CacheWriteVersusPhysicalDeleteLockOrder.func1 /workspace/tabmail/internal/store/postgres/r5_cache_parent_snapshot_test.go:194:0 s=193
   989: 0x1807b49 M=1 tabmail/internal/store/postgres_test.TestR5CacheWriteVersusPhysicalDeleteLockOrder.func1 /workspace/tabmail/internal/store/postgres/r5_cache_parent_snapshot_test.go:207:0 s=193
   990: 0x1804eb5 M=1 tabmail/internal/store/postgres_test.TestR5CacheWriteAndIngressDoNotAcquireAncestorFK.func1 /workspace/tabmail/internal/store/postgres/r5_cache_parent_snapshot_test.go:96:0 s=95
   991: 0xc011de M=1 github.com/jackc/pgx/v5/pgconn.parseEnvSettings /workspace/tabmail-cloud/gomod/github.com/jackc/pgx/v5@v5.10.0/pgconn/config.go:582:0 s=579
   992: 0xf8560f M=1 tabmail/internal/store/postgres.(*PgStore).CreateWorkMailbox.func1 /workspace/tabmail/internal/store/postgres/company_members.go:591:0 s=573
   993: 0xf7837d M=1 tabmail/internal/store/postgres.companyAudit /workspace/tabmail/internal/store/postgres/company_members.go:117:0 s=108
   994: 0xf7d63a M=1 tabmail/internal/store/postgres.(*PgStore).ActivateEmployee /workspace/tabmail/internal/store/postgres/company_members.go:300:0 s=279
   995: 0x1803d09 M=1 tabmail/internal/store/postgres_test.TestR5CachePlainAndAuditedRecoveryParentClassification.func1 /workspace/tabmail/internal/store/postgres/r5_cache_parent_snapshot_test.go:37:0 s=36
   996: 0x7b0c7a M=1 net.(*netFD).connect /workspace/tabmail-cloud/tools/go/src/net/fd_unix.go:92:0 s=44
   997: 0x7cecf8 M=1 net.(*netFD).dial /workspace/tabmail-cloud/tools/go/src/net/sock_posix.go:124:0 s=92
   998: 0x7ce750 M=1 net.socket /workspace/tabmail-cloud/tools/go/src/net/sock_posix.go:70:0 s=18
   999: 0x7bfde6 M=1 net.internetSocket /workspace/tabmail-cloud/tools/go/src/net/ipsock_posix.go:167:0 s=159
  1000: 0x7d58a8 M=1 net.(*sysDialer).doDialTCPProto /workspace/tabmail-cloud/tools/go/src/net/tcpsock_posix.go:85:0 s=78
  1001: 0x7d5629 M=1 net.(*sysDialer).doDialTCP /workspace/tabmail-cloud/tools/go/src/net/tcpsock_posix.go:75:0 s=74
             net.(*sysDialer).dialTCP /workspace/tabmail-cloud/tools/go/src/net/tcpsock_posix.go:71:0 s=64
  1002: 0x7a3624 M=1 net.(*sysDialer).dialSingle /workspace/tabmail-cloud/tools/go/src/net/dial.go:721:0 s=703
  1003: 0x7a27c8 M=1 net.(*sysDialer).dialSerial /workspace/tabmail-cloud/tools/go/src/net/dial.go:686:0 s=659
  1004: 0x18029d6 M=1 tabmail/internal/store/postgres_test.TestR5MessageMutationReloadsGrantAfterMailboxWait.func1 /workspace/tabmail/internal/store/postgres/r5_audited_writes_test.go:268:0 s=267
  1005: 0x18024d6 M=1 tabmail/internal/store/postgres_test.TestR5AuditedWritesAuditFailureRollsBack.func1 /workspace/tabmail/internal/store/postgres/r5_audited_writes_test.go:245:0 s=244
  1006: 0x5b4fa8 M=1 context.WithDeadlineCause /workspace/tabmail-cloud/tools/go/src/context/context.go:640:0 s=632
  1007: 0xeaf934 M=1 github.com/jackc/pgx/v5/pgxpool.NewWithConfig.func4 /workspace/tabmail-cloud/gomod/github.com/jackc/pgx/v5@v5.10.0/pgxpool/pool.go:314:0 s=313
  1008: 0x5c1999 M=1 fmt.Fprint /workspace/tabmail-cloud/tools/go/src/fmt/print.go:261:0 s=260
  1009: 0xcf9534 M=1 text/template.(*state).printValue /workspace/tabmail-cloud/tools/go/src/text/template/exec.go:1107:0 s=1101
  1010: 0xcee1da M=1 text/template.(*state).walk /workspace/tabmail-cloud/tools/go/src/text/template/exec.go:269:0 s=261
  1011: 0xcee5f1 M=1 text/template.(*state).walk /workspace/tabmail-cloud/tools/go/src/text/template/exec.go:280:0 s=261
  1012: 0xced647 M=1 text/template.(*Template).execute /workspace/tabmail-cloud/tools/go/src/text/template/exec.go:224:0 s=210
  1013: 0xd7fb66 M=1 text/template.(*Template).Execute /workspace/tabmail-cloud/tools/go/src/text/template/exec.go:207:0 s=206
             tabmail/internal/company.renderValidated.func1 /workspace/tabmail/internal/company/templates.go:154:0 s=148
  1014: 0xd7f063 M=1 tabmail/internal/company.renderValidated /workspace/tabmail/internal/company/templates.go:161:0 s=147
  1015: 0xd7d195 M=1 tabmail/internal/company.ValidateTemplate /workspace/tabmail/internal/company/templates.go:80:0 s=28
  1016: 0xf9a905 M=1 tabmail/internal/store/postgres.(*PgStore).PublishMailTemplate.func1 /workspace/tabmail/internal/store/postgres/company_templates.go:120:0 s=109
  1017: 0xf9a44d M=1 tabmail/internal/store/postgres.(*PgStore).companyTx /workspace/tabmail/internal/store/postgres/company_members.go:35:0 s=34
             tabmail/internal/store/postgres.(*PgStore).PublishMailTemplate /workspace/tabmail/internal/store/postgres/company_templates.go:109:0 s=107
  1018: 0x17fdb7d M=1 tabmail/internal/store/postgres_test.r5AuditedFixture /workspace/tabmail/internal/store/postgres/r5_audited_writes_test.go:70:0 s=30
  1019: 0x1801bd7 M=1 tabmail/internal/store/postgres_test.TestR5AuditedIndependentWritesShareParent.func1 /workspace/tabmail/internal/store/postgres/r5_audited_writes_test.go:220:0 s=217
  1020: 0xcdf9d4 M=1 text/template/parse.(*Tree).newPipeline /workspace/tabmail-cloud/tools/go/src/text/template/parse/node.go:199:0 s=198
             text/template/parse.(*Tree).pipeline /workspace/tabmail-cloud/tools/go/src/text/template/parse/parse.go:469:0 s=467
  1021: 0xcdf2d8 M=1 text/template/parse.(*Tree).action /workspace/tabmail-cloud/tools/go/src/text/template/parse/parse.go:431:0 s=407
  1022: 0xcdeb6a M=1 text/template/parse.(*Tree).textOrAction /workspace/tabmail-cloud/tools/go/src/text/template/parse/parse.go:387:0 s=380
  1023: 0xcddd1c M=1 text/template/parse.(*Tree).parse /workspace/tabmail-cloud/tools/go/src/text/template/parse/parse.go:328:0 s=312
  1024: 0xcdcd4c M=1 text/template/parse.(*Tree).Parse /workspace/tabmail-cloud/tools/go/src/text/template/parse/parse.go:264:0 s=258
  1025: 0xcdaea8 M=1 text/template/parse.Parse /workspace/tabmail-cloud/tools/go/src/text/template/parse/parse.go:78:0 s=74
  1026: 0xd0854d M=1 text/template.(*Template).Parse /workspace/tabmail-cloud/tools/go/src/text/template/template.go:208:0 s=205
  1027: 0xd7face M=1 tabmail/internal/company.renderValidated.func1 /workspace/tabmail/internal/company/templates.go:149:0 s=148
  1028: 0x7080c4 M=1 regexp.(*bitState).reset /workspace/tabmail-cloud/tools/go/src/regexp/backtrack.go:84:0 s=80
  1029: 0x70a50d M=1 regexp.(*Regexp).backtrack /workspace/tabmail-cloud/tools/go/src/regexp/backtrack.go:317:0 s=305
  1030: 0x70dd4b M=1 regexp.(*Regexp).doExecute /workspace/tabmail-cloud/tools/go/src/regexp/exec.go:535:0 s=521
  1031: 0x7185c4 M=1 regexp.(*Regexp).replaceAll /workspace/tabmail-cloud/tools/go/src/regexp/regexp.go:619:0 s=603
  1032: 0x717bf0 M=1 regexp.(*Regexp).ReplaceAllString /workspace/tabmail-cloud/tools/go/src/regexp/regexp.go:577:0 s=572
  1033: 0xd7ce59 M=1 tabmail/internal/company.ValidateTemplate /workspace/tabmail/internal/company/templates.go:70:0 s=28
  1034: 0x7081b6 M=1 regexp.(*bitState).reset /workspace/tabmail-cloud/tools/go/src/regexp/backtrack.go:91:0 s=80
  1035: 0x719d94 M=1 regexp.(*Regexp).allMatches /workspace/tabmail-cloud/tools/go/src/regexp/regexp.go:778:0 s=769
  1036: 0x71e3cf M=1 regexp.(*Regexp).FindAllStringSubmatch /workspace/tabmail-cloud/tools/go/src/regexp/regexp.go:1196:0 s=1191
  1037: 0xd7ce28 M=1 tabmail/internal/company.ValidateTemplate /workspace/tabmail/internal/company/templates.go:65:0 s=28
  1038: 0xf98c95 M=1 tabmail/internal/store/postgres.(*PgStore).SaveMailTemplate /workspace/tabmail/internal/store/postgres/company_templates.go:79:0 s=74
  1039: 0x17fd62e M=1 tabmail/internal/store/postgres_test.r5AuditedFixture /workspace/tabmail/internal/store/postgres/r5_audited_writes_test.go:58:0 s=30
  1040: 0x1801b37 M=1 tabmail/internal/store/postgres_test.TestR5AuditedIndependentWritesShareParent.func1 /workspace/tabmail/internal/store/postgres/r5_audited_writes_test.go:219:0 s=217
  1041: 0xfc491e M=1 tabmail/internal/store/postgres.lockMemberTenant /workspace/tabmail/internal/store/postgres/member_guard.go:30:0 s=28
  1042: 0x1801af6 M=1 tabmail/internal/store/postgres_test.TestR5AuditedIndependentWritesShareParent.func1 /workspace/tabmail/internal/store/postgres/r5_audited_writes_test.go:218:0 s=217
  1043: 0xc0f578 M=1 github.com/jackc/pgx/v5/pgconn.connectOne /workspace/tabmail-cloud/gomod/github.com/jackc/pgx/v5@v5.10.0/pgconn/pgconn.go:393:0 s=313
  1044: 0x17fe38f M=1 tabmail/internal/store/postgres_test.r5AuditedFixture.func3 /workspace/tabmail/internal/store/postgres/r5_audited_writes_test.go:64:0 s=64
  1045: 0x1802141 M=1 tabmail/internal/store/postgres_test.TestR5AuditedIndependentWritesShareParent.func1 /workspace/tabmail/internal/store/postgres/r5_audited_writes_test.go:235:0 s=217
  1046: 0x1802095 M=1 tabmail/internal/store/postgres_test.TestR5AuditedIndependentWritesShareParent.func1 /workspace/tabmail/internal/store/postgres/r5_audited_writes_test.go:230:0 s=217
  1047: 0xc4d18d M=1 github.com/jackc/pgx/v5.connect /workspace/tabmail-cloud/gomod/github.com/jackc/pgx/v5@v5.10.0/conn.go:286:0 s=243
  1048: 0xf99e98 M=1 tabmail/internal/store/postgres.(*PgStore).SaveMailTemplate.func1 /workspace/tabmail/internal/store/postgres/company_templates.go:91:0 s=85
  1049: 0xf98e64 M=1 tabmail/internal/store/postgres.(*PgStore).companyReferencedTx /workspace/tabmail/internal/store/postgres/company_members.go:57:0 s=56
             tabmail/internal/store/postgres.(*PgStore).SaveMailTemplate /workspace/tabmail/internal/store/postgres/company_templates.go:85:0 s=74
  1050: 0x1801037 M=1 tabmail/internal/store/postgres_test.TestR5AuditedWritesReloadActorAfterParentWait.func1 /workspace/tabmail/internal/store/postgres/r5_audited_writes_test.go:188:0 s=186
  1051: 0x1800ff6 M=1 tabmail/internal/store/postgres_test.TestR5AuditedWritesReloadActorAfterParentWait.func1 /workspace/tabmail/internal/store/postgres/r5_audited_writes_test.go:187:0 s=186
  1052: 0xd5a2e4 M=1 golang.org/x/net/html.NewTokenizerFragment /workspace/tabmail-cloud/gomod/golang.org/x/net@v0.57.0/html/token.go:1299:0 s=1296
  1053: 0xd7347e M=1 golang.org/x/net/html.NewTokenizer /workspace/tabmail-cloud/gomod/golang.org/x/net@v0.57.0/html/token.go:1285:0 s=1284
             tabmail/internal/sanitize.styleTagFilter /workspace/tabmail/internal/sanitize/html.go:45:0 s=42
  1054: 0xd731c4 M=1 tabmail/internal/sanitize.sanitizeStyleTags /workspace/tabmail/internal/sanitize/html.go:36:0 s=33
  1055: 0xd73014 M=1 tabmail/internal/sanitize.HTML /workspace/tabmail/internal/sanitize/html.go:26:0 s=25
  1056: 0xd7f57e M=1 tabmail/internal/company.renderValidated /workspace/tabmail/internal/company/templates.go:173:0 s=147
  1057: 0x18004b6 M=1 tabmail/internal/store/postgres_test.TestR5AuditedWritesParentPrecedesActor.func1 /workspace/tabmail/internal/store/postgres/r5_audited_writes_test.go:160:0 s=159
  1058: 0xc06fe4 M=1 github.com/jackc/pgx/v5/pgconn.defaultSettings /workspace/tabmail-cloud/gomod/github.com/jackc/pgx/v5@v5.10.0/pgconn/defaults.go:28:0 s=12
  1059: 0x18004f7 M=1 tabmail/internal/store/postgres_test.TestR5AuditedWritesParentPrecedesActor.func1 /workspace/tabmail/internal/store/postgres/r5_audited_writes_test.go:161:0 s=159
  1060: 0xab8509 M=1 github.com/jackc/pgx/v5/pgtype.(*encodePlanDriverValuer).Encode /workspace/tabmail-cloud/gomod/github.com/jackc/pgx/v5@v5.10.0/pgtype/pgtype.go:1321:0 s=1298
  1061: 0xd07c68 M=1 text/template.builtins /workspace/tabmail-cloud/tools/go/src/text/template/funcs.go:40:0 s=39
             text/template.(*Template).Parse /workspace/tabmail-cloud/tools/go/src/text/template/template.go:208:0 s=205
  1062: 0x17fe6d7 M=1 tabmail/internal/store/postgres_test.r5AuditedFixture.func2 /workspace/tabmail/internal/store/postgres/r5_audited_writes_test.go:54:0 s=53
  1063: 0x17fff2c M=1 tabmail/internal/store/postgres_test.TestR5AuditedWritesOrderMemberFreeze.func1 /workspace/tabmail/internal/store/postgres/r5_audited_writes_test.go:149:0 s=118
  1064: 0xef695a M=1 database/sql.(*Conn).QueryRowContext /workspace/tabmail-cloud/tools/go/src/database/sql/sql.go:2047:0 s=2046
             github.com/pressly/goose/v3/lock.(*postgresSessionLocker).SessionLock.func1 /workspace/goose-buffer-experiment/candidate/lock/postgres.go:111:0 s=110
  1065: 0xef682b M=1 github.com/pressly/goose/v3/lock.(*postgresSessionLocker).SessionLock /workspace/goose-buffer-experiment/candidate/lock/postgres.go:110:0 s=109
  1066: 0xf05332 M=1 github.com/pressly/goose/v3.(*Provider).initialize /workspace/goose-buffer-experiment/candidate/provider_run.go:295:0 s=277
  1067: 0xefce8a M=1 github.com/pressly/goose/v3.(*Provider).up /workspace/goose-buffer-experiment/candidate/provider.go:355:0 s=347
  1068: 0x17ff316 M=1 tabmail/internal/store/postgres_test.TestR5AuditedWritesOrderMemberFreeze.func1 /workspace/tabmail/internal/store/postgres/r5_audited_writes_test.go:119:0 s=118
  1069: 0x187c688 M=1 tabmail/internal/store/postgres_test.r5WaitBlockedBy /workspace/tabmail/internal/store/postgres/r5_lock_order_test.go:25:0 s=19
  1070: 0x17ff86f M=1 tabmail/internal/store/postgres_test.TestR5AuditedWritesOrderMemberFreeze.func1 /workspace/tabmail/internal/store/postgres/r5_audited_writes_test.go:129:0 s=118
  1071: 0xd11c5b M=1 text/template/parse.NewIdentifier /workspace/tabmail-cloud/tools/go/src/text/template/parse/node.go:355:0 s=354
             html/template.newIdentCmd /workspace/tabmail-cloud/tools/go/src/html/template/escape.go:417:0 s=414
             html/template.ensurePipelineContains /workspace/tabmail-cloud/tools/go/src/html/template/escape.go:328:0 s=271
  1072: 0xd19879 M=1 html/template.(*escaper).commit /workspace/tabmail-cloud/tools/go/src/html/template/escape.go:922:0 s=909
  1073: 0xd0ec3b M=1 html/template.escapeTemplate /workspace/tabmail-cloud/tools/go/src/html/template/escape.go:41:0 s=24
  1074: 0xd1e544 M=1 html/template.(*Template).escape /workspace/tabmail-cloud/tools/go/src/html/template/template.go:104:0 s=96
  1075: 0xd1e79e M=1 html/template.(*Template).Execute /workspace/tabmail-cloud/tools/go/src/html/template/template.go:121:0 s=120
  1076: 0xd7f385 M=1 tabmail/internal/company.renderValidated /workspace/tabmail/internal/company/templates.go:170:0 s=147
  1077: 0x17ff357 M=1 tabmail/internal/store/postgres_test.TestR5AuditedWritesOrderMemberFreeze.func1 /workspace/tabmail/internal/store/postgres/r5_audited_writes_test.go:120:0 s=118
  1078: 0xfc999c M=1 tabmail/internal/store/postgres.(*PgStore).UpdateUserGuarded /workspace/tabmail/internal/store/postgres/member_guard.go:149:0 s=77
  1079: 0x180022f M=1 tabmail/internal/store/postgres_test.TestR5AuditedWritesOrderMemberFreeze.func1.2 /workspace/tabmail/internal/store/postgres/r5_audited_writes_test.go:133:0 s=132
  1080: 0x17fb6be M=1 tabmail/internal/store/postgres_test.TestR5SentMutationReloadsActorAfterParentWait /workspace/tabmail/internal/store/postgres/r5_audited_parent_test.go:74:0 s=73
  1081: 0xf76875 M=1 tabmail/internal/store/postgres.(*PgStore).companyTxScope /workspace/tabmail/internal/store/postgres/company_members.go:74:0 s=60
  1082: 0x17fb084 M=1 tabmail/internal/store/postgres_test.TestR5SentIndependentMutationsShareParent /workspace/tabmail/internal/store/postgres/r5_audited_parent_test.go:63:0 s=40
  1083: 0x17fa7fe M=1 tabmail/internal/store/postgres_test.TestR5SentIndependentMutationsShareParent /workspace/tabmail/internal/store/postgres/r5_audited_parent_test.go:41:0 s=40
  1084: 0x4c1c9e M=1 time.newTimer /workspace/tabmail-cloud/tools/go/src/runtime/time.go:390:0 s=389
  1085: 0x5031ab M=1 time.AfterFunc /workspace/tabmail-cloud/tools/go/src/time/sleep.go:211:0 s=210
  1086: 0xc0f4c7 M=1 github.com/jackc/pgx/v5/pgconn.connectOne /workspace/tabmail-cloud/gomod/github.com/jackc/pgx/v5@v5.10.0/pgconn/pgconn.go:386:0 s=313
  1087: 0xf5f5ab M=1 tabmail/internal/store/postgres.(*PgStore).sweepCompanyAttachmentTenants /workspace/tabmail/internal/store/postgres/company_attachment_gc_scheduler.go:37:0 s=19
  1088: 0xf96fb6 M=1 tabmail/internal/store/postgres.(*PgStore).SweepCompanyMetadata /workspace/tabmail/internal/store/postgres/company_ops.go:346:0 s=335
  1089: 0x17f9a16 M=1 tabmail/internal/store/postgres_test.TestR5AttachmentGCTenantEmptySetDeletedCursorAndNewTenant /workspace/tabmail/internal/store/postgres/r5_attachment_gc_tenant_fairness_test.go:398:0 s=366
  1090: 0x17f14e8 M=1 tabmail/internal/store/postgres_test.r5GCTenantFixture /workspace/tabmail/internal/store/postgres/r5_attachment_gc_tenant_fairness_test.go:30:0 s=28
  1091: 0x17f8784 M=1 tabmail/internal/store/postgres_test.TestR5AttachmentGCTenantEmptySetDeletedCursorAndNewTenant /workspace/tabmail/internal/store/postgres/r5_attachment_gc_tenant_fairness_test.go:367:0 s=366
  1092: 0x17f82d6 M=1 tabmail/internal/store/postgres_test.TestR5AttachmentGCTenantCursorFailureIsClosed.func1 /workspace/tabmail/internal/store/postgres/r5_attachment_gc_tenant_fairness_test.go:342:0 s=341
  1093: 0xec0ff8 M=1 github.com/jackc/pgx/v5/stdlib.GetConnector /workspace/tabmail-cloud/gomod/github.com/jackc/pgx/v5@v5.10.0/stdlib/sql.go:207:0 s=195
  1094: 0xec10ef M=1 github.com/jackc/pgx/v5/stdlib.OpenDB /workspace/tabmail-cloud/gomod/github.com/jackc/pgx/v5@v5.10.0/stdlib/sql.go:229:0 s=228
  1095: 0x17f7e36 M=1 tabmail/internal/store/postgres_test.TestR5AttachmentGCTenantInterruptedSessionResumes.func1 /workspace/tabmail/internal/store/postgres/r5_attachment_gc_tenant_fairness_test.go:333:0 s=283
  1096: 0x17ed18c M=1 tabmail/internal/store/postgres_test.r5GCProgressAttachments /workspace/tabmail/internal/store/postgres/r5_attachment_gc_progress_test.go:23:0 s=17
  1097: 0x17f2784 M=1 tabmail/internal/store/postgres_test.r5GCTenantFixture /workspace/tabmail/internal/store/postgres/r5_attachment_gc_tenant_fairness_test.go:50:0 s=28
  1098: 0x17f701b M=1 tabmail/internal/store/postgres_test.TestR5AttachmentGCTenantInterruptedSessionResumes.func1 /workspace/tabmail/internal/store/postgres/r5_attachment_gc_tenant_fairness_test.go:284:0 s=283
  1099: 0xf73d6a M=1 tabmail/internal/store/postgres.(*PgStore).FinishMailAttachment.func1 /workspace/tabmail/internal/store/postgres/company_mail.go:682:0 s=660
  1100: 0xf74032 M=1 tabmail/internal/store/postgres.(*PgStore).FinishMailAttachment.func1 /workspace/tabmail/internal/store/postgres/company_mail.go:692:0 s=660
  1101: 0xf7266c M=1 tabmail/internal/store/postgres.(*PgStore).mailboxAccessTx /workspace/tabmail/internal/store/postgres/company_members.go:394:0 s=393
             tabmail/internal/store/postgres.(*PgStore).ReserveMailAttachment.func1 /workspace/tabmail/internal/store/postgres/company_mail.go:626:0 s=618
  1102: 0x17ed06f M=1 tabmail/internal/store/postgres_test.r5GCProgressAttachments /workspace/tabmail/internal/store/postgres/r5_attachment_gc_progress_test.go:21:0 s=17
  1103: 0xf72589 M=1 tabmail/internal/store/postgres.(*PgStore).ReserveMailAttachment.func1 /workspace/tabmail/internal/store/postgres/company_mail.go:623:0 s=618
  1104: 0xf73a8c M=1 tabmail/internal/store/postgres.(*PgStore).mailboxAccessTx /workspace/tabmail/internal/store/postgres/company_members.go:394:0 s=393
             tabmail/internal/store/postgres.(*PgStore).FinishMailAttachment.func1 /workspace/tabmail/internal/store/postgres/company_mail.go:674:0 s=660
  1105: 0x195fd2b M=1 tabmail/internal/store/postgres_test.r5ReferenceCounts /workspace/tabmail/internal/store/postgres/r5_reference_gc_test.go:24:0 s=21
  1106: 0x17f68ad M=1 tabmail/internal/store/postgres_test.TestR5AttachmentGCTenantDoubleProcessDoesNotReenterBatch /workspace/tabmail/internal/store/postgres/r5_attachment_gc_tenant_fairness_test.go:266:0 s=243
  1107: 0xf73ce2 M=1 tabmail/internal/store/postgres.(*PgStore).FinishMailAttachment.func1 /workspace/tabmail/internal/store/postgres/company_mail.go:682:0 s=660
  1108: 0x17f6124 M=1 tabmail/internal/store/postgres_test.TestR5AttachmentGCTenantDoubleProcessDoesNotReenterBatch /workspace/tabmail/internal/store/postgres/r5_attachment_gc_tenant_fairness_test.go:244:0 s=243
  1109: 0xf806d2 M=1 tabmail/internal/store/postgres.(*PgStore).mailboxAccessWithSourceTx /workspace/tabmail/internal/store/postgres/company_members.go:402:0 s=401
  1110: 0x17f5b24 M=1 tabmail/internal/store/postgres_test.TestR5AttachmentGCTenantActualProcessRestart /workspace/tabmail/internal/store/postgres/r5_attachment_gc_tenant_fairness_test.go:222:0 s=221
  1111: 0xc2618b M=1 github.com/jackc/pgx/v5/pgconn.(*ResultReader).Close /workspace/tabmail-cloud/gomod/github.com/jackc/pgx/v5@v5.10.0/pgconn/pgconn.go:1807:0 s=1800
  1112: 0xc655e5 M=1 github.com/jackc/pgx/v5.(*baseRows).Close /workspace/tabmail-cloud/gomod/github.com/jackc/pgx/v5@v5.10.0/rows.go:160:0 s=151
  1113: 0xc65409 M=1 github.com/jackc/pgx/v5.(*connRow).Scan /workspace/tabmail-cloud/gomod/github.com/jackc/pgx/v5@v5.10.0/rows.go:117:0 s=95
  1114: 0x17f5156 M=1 tabmail/internal/store/postgres_test.TestR5AttachmentGCTenantContinuousWritesAndWrap /workspace/tabmail/internal/store/postgres/r5_attachment_gc_tenant_fairness_test.go:183:0 s=172
  1115: 0xf6e8b0 M=1 tabmail/internal/store/postgres.(*PgStore).SaveMailDraft /workspace/tabmail/internal/store/postgres/company_mail.go:491:0 s=491
  1116: 0x17ed8f0 M=1 tabmail/internal/store/postgres_test.r5GCProgressProtect /workspace/tabmail/internal/store/postgres/r5_attachment_gc_progress_test.go:42:0 s=30
  1117: 0x17f505a M=1 tabmail/internal/store/postgres_test.TestR5AttachmentGCTenantContinuousWritesAndWrap /workspace/tabmail/internal/store/postgres/r5_attachment_gc_tenant_fairness_test.go:177:0 s=172
  1118: 0xf71a3a M=1 tabmail/internal/store/postgres.validateAttachmentIDs /workspace/tabmail/internal/store/postgres/company_mail.go:595:0 s=583
  1119: 0xf6ef7e M=1 tabmail/internal/store/postgres.(*PgStore).SaveMailDraft.func1 /workspace/tabmail/internal/store/postgres/company_mail.go:514:0 s=499
  1120: 0xf6ebc4 M=1 tabmail/internal/store/postgres.(*PgStore).companyReadTx /workspace/tabmail/internal/store/postgres/company_members.go:47:0 s=46
             tabmail/internal/store/postgres.(*PgStore).SaveMailDraft /workspace/tabmail/internal/store/postgres/company_mail.go:499:0 s=491
  1121: 0x17f4f44 M=1 tabmail/internal/store/postgres_test.TestR5AttachmentGCTenantContinuousWritesAndWrap /workspace/tabmail/internal/store/postgres/r5_attachment_gc_tenant_fairness_test.go:173:0 s=172
  1122: 0xf7384c M=1 tabmail/internal/store/postgres.(*PgStore).FinishMailAttachment.func1 /workspace/tabmail/internal/store/postgres/company_mail.go:664:0 s=660
  1123: 0x4d2691 M=1 errors.(*joinError).Error /workspace/tabmail-cloud/tools/go/src/errors/join.go:51:0 s=44
  1124: 0x4d2684 M=1 errors.(*joinError).Error /workspace/tabmail-cloud/tools/go/src/errors/join.go:51:0 s=44
  1125: 0x17f4166 M=1 tabmail/internal/store/postgres_test.TestR5AttachmentGCTenantFailuresDoNotStarveOthers /workspace/tabmail/internal/store/postgres/r5_attachment_gc_tenant_fairness_test.go:134:0 s=124
  1126: 0x17f4144 M=1 tabmail/internal/store/postgres_test.TestR5AttachmentGCTenantFailuresDoNotStarveOthers /workspace/tabmail/internal/store/postgres/r5_attachment_gc_tenant_fairness_test.go:133:0 s=124
  1127: 0x1016aa9 M=1 tabmail/internal/store/postgres.effectivePermissionSnapshot /workspace/tabmail/internal/store/postgres/permission_snapshot.go:26:0 s=24
  1128: 0x17f3f24 M=1 tabmail/internal/store/postgres_test.TestR5AttachmentGCTenantFailuresDoNotStarveOthers /workspace/tabmail/internal/store/postgres/r5_attachment_gc_tenant_fairness_test.go:125:0 s=124
  1129: 0xc0f304 M=1 github.com/jackc/pgx/v5/pgconn/internal/bgreader.New /workspace/tabmail-cloud/gomod/github.com/jackc/pgx/v5@v5.10.0/pgconn/internal/bgreader/bgreader.go:135:0 s=132
             github.com/jackc/pgx/v5/pgconn.connectOne /workspace/tabmail-cloud/gomod/github.com/jackc/pgx/v5@v5.10.0/pgconn/pgconn.go:385:0 s=313
  1130: 0xaba5b7 M=1 github.com/jackc/pgx/v5/pgtype.TryWrapBuiltinTypeEncodePlan /workspace/tabmail-cloud/gomod/github.com/jackc/pgx/v5@v5.10.0/pgtype/pgtype.go:1507:0 s=1476
  1131: 0x17f38d2 M=1 tabmail/internal/store/postgres_test.TestR5AttachmentGCTenantProtectedPrefixBoundedRounds /workspace/tabmail/internal/store/postgres/r5_attachment_gc_tenant_fairness_test.go:102:0 s=88
  1132: 0xc69135 M=1 github.com/jackc/pgx/v5.(*Conn).Begin /workspace/tabmail-cloud/gomod/github.com/jackc/pgx/v5@v5.10.0/tx.go:95:0 s=94
  1133: 0xf9709b M=1 tabmail/internal/store/postgres.sweepCompanyAttachmentsWith /workspace/tabmail/internal/store/postgres/company_ops.go:358:0 s=355
  1134: 0xf6027c M=1 tabmail/internal/store/postgres.(*PgStore).sweepCompanyAttachmentTenants /workspace/tabmail/internal/store/postgres/company_attachment_gc_scheduler.go:102:0 s=19
  1135: 0x17f37ce M=1 tabmail/internal/store/postgres_test.TestR5AttachmentGCTenantProtectedPrefixBoundedRounds /workspace/tabmail/internal/store/postgres/r5_attachment_gc_tenant_fairness_test.go:99:0 s=88
  1136: 0xf6fda2 M=1 tabmail/internal/store/postgres.(*PgStore).SaveMailDraft.func1 /workspace/tabmail/internal/store/postgres/company_mail.go:524:0 s=499
  1137: 0x17f3535 M=1 tabmail/internal/store/postgres_test.TestR5AttachmentGCTenantProtectedPrefixBoundedRounds /workspace/tabmail/internal/store/postgres/r5_attachment_gc_tenant_fairness_test.go:93:0 s=88
  1138: 0xf6ee8c M=1 tabmail/internal/store/postgres.(*PgStore).mailboxAccessTx /workspace/tabmail/internal/store/postgres/company_members.go:394:0 s=393
             tabmail/internal/store/postgres.(*PgStore).SaveMailDraft.func1 /workspace/tabmail/internal/store/postgres/company_mail.go:507:0 s=499
  1139: 0x17f3424 M=1 tabmail/internal/store/postgres_test.TestR5AttachmentGCTenantProtectedPrefixBoundedRounds /workspace/tabmail/internal/store/postgres/r5_attachment_gc_tenant_fairness_test.go:89:0 s=88
  1140: 0x17f0e3e M=1 tabmail/internal/store/postgres_test.TestR5AttachmentGCProgressHeldOriginalSurvivesMetadataCollection /workspace/tabmail/internal/store/postgres/r5_attachment_gc_progress_test.go:229:0 s=228
  1141: 0xbfea34 M=1 strings.Split /workspace/tabmail-cloud/tools/go/src/strings/strings.go:361:0 s=361
             github.com/jackc/pgx/v5/pgconn.ParseConfigWithOptions /workspace/tabmail-cloud/gomod/github.com/jackc/pgx/v5@v5.10.0/pgconn/config.go:443:0 s=323
  1142: 0xf77ea4 M=1 tabmail/internal/store/postgres.companyAudit /workspace/tabmail/internal/store/postgres/company_members.go:113:0 s=108
  1143: 0x17f0afb M=1 tabmail/internal/store/postgres_test.TestR5AttachmentGCProgressReferenceLookupFailureIsClosed /workspace/tabmail/internal/store/postgres/r5_attachment_gc_progress_test.go:209:0 s=208
  1144: 0x17f06eb M=1 tabmail/internal/store/postgres_test.TestR5AttachmentGCProgressOrphanFailureRollsBackBatch /workspace/tabmail/internal/store/postgres/r5_attachment_gc_progress_test.go:185:0 s=181
  1145: 0xf729e2 M=1 tabmail/internal/store/postgres.(*PgStore).ReserveMailAttachment.func1 /workspace/tabmail/internal/store/postgres/company_mail.go:640:0 s=618
  1146: 0xab23d4 M=1 github.com/jackc/pgx/v5/pgtype.TryWrapBuiltinTypeScanPlan /workspace/tabmail-cloud/gomod/github.com/jackc/pgx/v5@v5.10.0/pgtype/pgtype.go:635:0 s=606
  1147: 0x17f0292 M=1 tabmail/internal/store/postgres_test.TestR5AttachmentGCProgressConcurrentDraftFence /workspace/tabmail/internal/store/postgres/r5_attachment_gc_progress_test.go:177:0 s=134
  1148: 0x17eff48 M=1 tabmail/internal/store/postgres_test.TestR5AttachmentGCProgressConcurrentDraftFence /workspace/tabmail/internal/store/postgres/r5_attachment_gc_progress_test.go:160:0 s=134
  1149: 0x17ef3de M=1 tabmail/internal/store/postgres_test.TestR5AttachmentGCProgressConcurrentDraftFence /workspace/tabmail/internal/store/postgres/r5_attachment_gc_progress_test.go:135:0 s=134
  1150: 0x17ef104 M=1 tabmail/internal/store/postgres_test.TestR5AttachmentGCProgressBusyRowsAndBatchLimit /workspace/tabmail/internal/store/postgres/r5_attachment_gc_progress_test.go:119:0 s=108
  1151: 0x101b81a M=1 tabmail/internal/store/postgres.effectivePermissionPolicy /workspace/tabmail/internal/store/postgres/permissions.go:176:0 s=173
  1152: 0x17eee93 M=1 tabmail/internal/store/postgres_test.TestR5AttachmentGCProgressBusyRowsAndBatchLimit /workspace/tabmail/internal/store/postgres/r5_attachment_gc_progress_test.go:112:0 s=108
  1153: 0x17eee1e M=1 tabmail/internal/store/postgres_test.TestR5AttachmentGCProgressBusyRowsAndBatchLimit /workspace/tabmail/internal/store/postgres/r5_attachment_gc_progress_test.go:109:0 s=108
  1154: 0x17eed04 M=1 tabmail/internal/store/postgres_test.TestR5AttachmentGCProgressAllProtectedTerminates /workspace/tabmail/internal/store/postgres/r5_attachment_gc_progress_test.go:102:0 s=95
  1155: 0x17eecb0 M=1 tabmail/internal/store/postgres_test.TestR5AttachmentGCProgressAllProtectedTerminates /workspace/tabmail/internal/store/postgres/r5_attachment_gc_progress_test.go:100:0 s=95
  1156: 0x17eec6b M=1 tabmail/internal/store/postgres_test.TestR5AttachmentGCProgressAllProtectedTerminates /workspace/tabmail/internal/store/postgres/r5_attachment_gc_progress_test.go:99:0 s=95
  1157: 0xf71eb0 M=1 tabmail/internal/store/postgres.(*PgStore).ReserveMailAttachment /workspace/tabmail/internal/store/postgres/company_mail.go:609:0 s=609
  1158: 0x17eebfb M=1 tabmail/internal/store/postgres_test.TestR5AttachmentGCProgressAllProtectedTerminates /workspace/tabmail/internal/store/postgres/r5_attachment_gc_progress_test.go:96:0 s=95
  1159: 0xbfde07 M=1 github.com/jackc/pgx/v5/pgconn.makeDefaultDialer /workspace/tabmail-cloud/gomod/github.com/jackc/pgx/v5@v5.10.0/pgconn/config.go:980:0 s=978
             github.com/jackc/pgx/v5/pgconn.ParseConfigWithOptions /workspace/tabmail-cloud/gomod/github.com/jackc/pgx/v5@v5.10.0/pgconn/config.go:393:0 s=323
  1160: 0xeb2e3e M=1 github.com/jackc/pgx/v5/pgxpool.(*connResource).getConn /workspace/tabmail-cloud/gomod/github.com/jackc/pgx/v5@v5.10.0/pgxpool/pool.go:37:0 s=35
             github.com/jackc/pgx/v5/pgxpool.(*Pool).Acquire /workspace/tabmail-cloud/gomod/github.com/jackc/pgx/v5@v5.10.0/pgxpool/pool.go:663:0 s=598
  1161: 0xeb4844 M=1 github.com/jackc/pgx/v5/pgxpool.(*Pool).QueryRow /workspace/tabmail-cloud/gomod/github.com/jackc/pgx/v5@v5.10.0/pgxpool/pool.go:775:0 s=774
  1162: 0x17eea24 M=1 tabmail/internal/store/postgres_test.TestR5AttachmentGCProgressPastProtectedPrefix.func1 /workspace/tabmail/internal/store/postgres/r5_attachment_gc_progress_test.go:84:0 s=75
  1163: 0x17ee8fc M=1 tabmail/internal/store/postgres_test.TestR5AttachmentGCProgressPastProtectedPrefix.func1 /workspace/tabmail/internal/store/postgres/r5_attachment_gc_progress_test.go:79:0 s=75
  1164: 0xf8070b M=1 tabmail/internal/store/postgres.(*PgStore).mailboxAccessWithSourceTx /workspace/tabmail/internal/store/postgres/company_members.go:409:0 s=401
  1165: 0x17ee891 M=1 tabmail/internal/store/postgres_test.TestR5AttachmentGCProgressPastProtectedPrefix.func1 /workspace/tabmail/internal/store/postgres/r5_attachment_gc_progress_test.go:76:0 s=75
  1166: 0xedb785 M=1 github.com/pressly/goose/v3/internal/sqlparser.ParseSQLMigration /workspace/goose-buffer-experiment/candidate/internal/sqlparser/parser.go:259:0 s=103
  1167: 0x17ee9a4 M=1 tabmail/internal/store/postgres_test.TestR5AttachmentGCProgressPastProtectedPrefix.func1 /workspace/tabmail/internal/store/postgres/r5_attachment_gc_progress_test.go:82:0 s=75
  1168: 0xfd90ea M=1 tabmail/internal/store/postgres.(*PgStore).enqueueOutboundJobValidated /workspace/tabmail/internal/store/postgres/outbound.go:202:0 s=69
  1169: 0x17ee084 M=1 tabmail/internal/store/postgres.(*PgStore).CreateOutboundJob /workspace/tabmail/internal/store/postgres/outbound.go:30:0 s=29
             tabmail/internal/store/postgres_test.r5GCProgressProtect /workspace/tabmail/internal/store/postgres/r5_attachment_gc_progress_test.go:50:0 s=30
  1170: 0x17ee951 M=1 tabmail/internal/store/postgres_test.TestR5AttachmentGCProgressPastProtectedPrefix.func1 /workspace/tabmail/internal/store/postgres/r5_attachment_gc_progress_test.go:80:0 s=75
  1171: 0xa12a88 M=1 database/sql.driverArgsConnLocked /workspace/tabmail-cloud/tools/go/src/database/sql/convert.go:110:0 s=109
  1172: 0xa23ef0 M=1 database/sql.(*DB).execDC.func2 /workspace/tabmail-cloud/tools/go/src/database/sql/sql.go:1709:0 s=1708
  1173: 0xf729fe M=1 tabmail/internal/store/postgres.(*PgStore).ReserveMailAttachment.func1 /workspace/tabmail/internal/store/postgres/company_mail.go:640:0 s=618
  1174: 0xab111c M=1 github.com/jackc/pgx/v5/pgtype.TryPointerPointerScanPlan /workspace/tabmail-cloud/gomod/github.com/jackc/pgx/v5@v5.10.0/pgtype/pgtype.go:516:0 s=512
  1175: 0x17eb604 M=1 tabmail/internal/store/postgres_test.TestR5AttachmentGCTenantCommittedCursorLostAcknowledgement /workspace/tabmail/internal/store/postgres/r5_attachment_gc_cursor_ack_test.go:227:0 s=202
  1176: 0x17eb1f0 M=1 tabmail/internal/store/postgres_test.TestR5AttachmentGCTenantCommittedCursorLostAcknowledgement /workspace/tabmail/internal/store/postgres/r5_attachment_gc_cursor_ack_test.go:208:0 s=202
  1177: 0x17eb044 M=1 tabmail/internal/store/postgres_test.TestR5AttachmentGCTenantCommittedCursorLostAcknowledgement /workspace/tabmail/internal/store/postgres/r5_attachment_gc_cursor_ack_test.go:203:0 s=202
  1178: 0x17f1eed M=1 tabmail/internal/store/postgres_test.r5GCTenantFixture /workspace/tabmail/internal/store/postgres/r5_attachment_gc_tenant_fairness_test.go:43:0 s=28
  1179: 0xc62d44 M=1 github.com/jackc/pgx/v5.(*ExtendedQueryBuilder).appendResultFormat /workspace/tabmail-cloud/gomod/github.com/jackc/pgx/v5@v5.10.0/extended_query_builder.go:92:0 s=91
             github.com/jackc/pgx/v5.(*ExtendedQueryBuilder).Build /workspace/tabmail-cloud/gomod/github.com/jackc/pgx/v5@v5.10.0/extended_query_builder.go:48:0 s=21
  1180: 0x17e711e M=1 tabmail/internal/store/postgres_test.TestR5AttachmentFinishRejectsNonHexChecksum /workspace/tabmail/internal/store/postgres/r5_attachment_finish_test.go:310:0 s=309
  1181: 0xc4d425 M=1 github.com/jackc/pgx/v5/internal/stmtcache.NewLRUCache /workspace/tabmail-cloud/gomod/github.com/jackc/pgx/v5@v5.10.0/internal/stmtcache/lru_cache.go:40:0 s=29
             github.com/jackc/pgx/v5.connect /workspace/tabmail-cloud/gomod/github.com/jackc/pgx/v5@v5.10.0/conn.go:289:0 s=243
  1182: 0x17e35de M=1 tabmail/internal/store/postgres_test.TestR5AttachmentFinishOrdersMailboxRevocation /workspace/tabmail/internal/store/postgres/r5_attachment_finish_test.go:199:0 s=198
  1183: 0xa31b50 M=1 database/sql.(*Rows).close /workspace/tabmail-cloud/tools/go/src/database/sql/sql.go:3442:0 s=3442
  1184: 0xa31ab2 M=1 database/sql.(*Rows).Close /workspace/tabmail-cloud/tools/go/src/database/sql/sql.go:3439:0 s=3433
  1185: 0xecfea5 M=1 github.com/pressly/goose/v3/database.(*store).ListMigrations /workspace/goose-buffer-experiment/candidate/database/dialects.go:169:0 s=146
  1186: 0xefd25b M=1 github.com/pressly/goose/v3.(*Provider).up /workspace/goose-buffer-experiment/candidate/provider.go:385:0 s=347
  1187: 0x17dff7e M=1 tabmail/internal/store/postgres_test.TestR5AttachmentFinishRejectsExpiryAfterWait /workspace/tabmail/internal/store/postgres/r5_attachment_finish_test.go:70:0 s=69
  1188: 0xf7dc2b M=1 tabmail/internal/store/postgres.(*PgStore).ActivateEmployee /workspace/tabmail/internal/store/postgres/company_members.go:329:0 s=279
  1189: 0x17df67e M=1 tabmail/internal/store/postgres_test.TestR5AttachmentFinishRejectsConcurrentRemoval /workspace/tabmail/internal/store/postgres/r5_attachment_finish_test.go:46:0 s=45
  1190: 0x17d28d4 M=1 tabmail/internal/store/postgres_test.r5RetryFixture /workspace/tabmail/internal/store/postgres/r5_atomic_retry_test.go:21:0 s=19
  1191: 0x17dcaa8 M=1 tabmail/internal/store/postgres_test.TestR5AtomicRetryConcurrentCommands.func1 /workspace/tabmail/internal/store/postgres/r5_atomic_retry_test.go:363:0 s=362
  1192: 0x8bf21b M=1 net/url.parseQuery /workspace/tabmail-cloud/tools/go/src/net/url/url.go:1045:0 s=1016
  1193: 0x8c129c M=1 net/url.ParseQuery /workspace/tabmail-cloud/tools/go/src/net/url/url.go:992:0 s=990
             net/url.(*URL).Query /workspace/tabmail-cloud/tools/go/src/net/url/url.go:1204:0 s=1203
  1194: 0xc02544 M=1 github.com/jackc/pgx/v5/pgconn.parseURLSettings /workspace/tabmail-cloud/gomod/github.com/jackc/pgx/v5@v5.10.0/pgconn/config.go:673:0 s=619
  1195: 0xb947c4 M=1 github.com/jackc/pgx/v5/pgtype.TextCodec.DecodeValue /workspace/tabmail-cloud/gomod/github.com/jackc/pgx/v5@v5.10.0/pgtype/text.go:179:0 s=174
  1196: 0x174ea17 M=1 tabmail/internal/api.NewRouter.func2.2.RequireScopes.5.1 /workspace/tabmail/internal/api/middleware/auth.go:486:0 s=483
  1197: 0x17d3864 M=1 tabmail/internal/store/postgres_test.r5RetryRequest.func1 /workspace/tabmail/internal/store/postgres/r5_atomic_retry_test.go:54:0 s=54
  1198: 0xff9259 M=1 tabmail/internal/store/postgres.(*outboundRetryReader).EffectivePermission /workspace/tabmail/internal/store/postgres/outbound_retry_reader.go:38:0 s=37
  1199: 0xf3c1c5 M=1 tabmail/internal/outbound.ValidateRetryRequester /workspace/tabmail/internal/outbound/retry_authorization.go:29:0 s=13
  1200: 0x16dbb04 M=1 tabmail/internal/app/submissions.(*Service).RetryOutboundJob.func1 /workspace/tabmail/internal/app/submissions/service.go:425:0 s=424
  1201: 0xff6bc2 M=1 tabmail/internal/store/postgres.(*PgStore).RequeueOutboundJobAuthorized /workspace/tabmail/internal/store/postgres/outbound_retry.go:56:0 s=22
  1202: 0x16db957 M=1 tabmail/internal/app/submissions.(*Service).RetryOutboundJob /workspace/tabmail/internal/app/submissions/service.go:424:0 s=423
  1203: 0x1723d6f M=1 tabmail/internal/api/handlers.(*OutboundHandler).RetryJob /workspace/tabmail/internal/api/handlers/outbound.go:124:0 s=81
  1204: 0x103dd55 M=1 tabmail/internal/store/postgres.(*PgStore).GetTenant /workspace/tabmail/internal/store/postgres/tenants.go:34:0 s=30
  1205: 0x17dd165 M=1 tabmail/internal/store/postgres_test.TestR5AtomicRetryConcurrentCommands.func1 /workspace/tabmail/internal/store/postgres/r5_atomic_retry_test.go:385:0 s=362
  1206: 0xea8fd1 M=1 embed.FS.Open /workspace/tabmail-cloud/tools/go/src/embed/embed.go:301:0 s=293
  1207: 0x5272ab M=1 io/fs.(*subFS).Open /workspace/tabmail-cloud/tools/go/src/io/fs/sub.go:93:0 s=88
  1208: 0xed9c90 M=1 github.com/pressly/goose/v3/internal/sqlparser.parse /workspace/goose-buffer-experiment/candidate/internal/sqlparser/parse.go:47:0 s=46
  1209: 0x17dbb28 M=1 tabmail/internal/store/postgres_test.TestR5AtomicRetryOutboxFailureAndAcceptedRecipients.func1 /workspace/tabmail/internal/store/postgres/r5_atomic_retry_test.go:326:0 s=325
  1210: 0xf03d56 M=1 github.com/pressly/goose/v3.(*Provider).runMigrations /workspace/goose-buffer-experiment/candidate/provider_run.go:148:0 s=96
  1211: 0x11772c9 M=1 bufio.NewWriterSize /workspace/tabmail-cloud/tools/go/src/bufio/bufio.go:602:0 s=592
             bufio.NewWriter /workspace/tabmail-cloud/tools/go/src/bufio/bufio.go:611:0 s=610
             github.com/alicebob/miniredis/v2/server.(*Server).servePeer /workspace/tabmail-cloud/gomod/github.com/alicebob/miniredis/v2@v2.35.0/server/server.go:160:0 s=157
  1212: 0x1176878 M=1 github.com/alicebob/miniredis/v2/server.(*Server).ServeConn.func1 /workspace/tabmail-cloud/gomod/github.com/alicebob/miniredis/v2@v2.35.0/server/server.go:113:0 s=109
  1213: 0x17d8cd8 M=1 tabmail/internal/store/postgres_test.TestR5AtomicRetryTemplatesAndLegacyIdentity.func1 /workspace/tabmail/internal/store/postgres/r5_atomic_retry_test.go:240:0 s=239
  1214: 0xf082cc M=1 github.com/pressly/goose/v3.(*MigrationResult).String /workspace/goose-buffer-experiment/candidate/provider_types.go:66:0 s=50
  1215: 0xcfa356 M=1 text/template.addValueFuncs /workspace/tabmail-cloud/tools/go/src/text/template/funcs.go:99:0 s=87
  1216: 0xd0755d M=1 text/template.(*Template).Funcs /workspace/tabmail-cloud/tools/go/src/text/template/template.go:179:0 s=175
  1217: 0xd194d8 M=1 html/template.(*escaper).commit /workspace/tabmail-cloud/tools/go/src/html/template/escape.go:911:0 s=909
  1218: 0xd7d8ee M=1 tabmail/internal/company.Render /workspace/tabmail/internal/company/templates.go:85:0 s=84
  1219: 0xf442af M=1 tabmail/internal/outbound.(*Service).SubmitWithReplay /workspace/tabmail/internal/outbound/service.go:175:0 s=123
  1220: 0x17daa91 M=1 tabmail/internal/outbound.(*Service).Submit /workspace/tabmail/internal/outbound/service.go:97:0 s=96
             tabmail/internal/store/postgres_test.TestR5AtomicRetryTemplatesAndLegacyIdentity.func1 /workspace/tabmail/internal/store/postgres/r5_atomic_retry_test.go:250:0 s=239
  1221: 0x17d9184 M=1 tabmail/internal/store/postgres_test.TestR5AtomicRetryTemplatesAndLegacyIdentity.func1 /workspace/tabmail/internal/store/postgres/r5_atomic_retry_test.go:246:0 s=239
  1222: 0x17d9076 M=1 tabmail/internal/store/postgres_test.TestR5AtomicRetryTemplatesAndLegacyIdentity.func1 /workspace/tabmail/internal/store/postgres/r5_atomic_retry_test.go:244:0 s=239
  1223: 0x1743e84 M=1 tabmail/internal/api/lifecycle.New /workspace/tabmail/internal/api/lifecycle/owner.go:36:0 s=36
             tabmail/internal/api.NewRouter /workspace/tabmail/internal/api/router.go:127:0 s=126
  1224: 0x17d3004 M=1 tabmail/internal/store/postgres_test.r5RetryRequest /workspace/tabmail/internal/store/postgres/r5_atomic_retry_test.go:45:0 s=42
  1225: 0x17dadd8 M=1 tabmail/internal/store/postgres_test.TestR5AtomicRetryTemplatesAndLegacyIdentity.func1 /workspace/tabmail/internal/store/postgres/r5_atomic_retry_test.go:259:0 s=239
  1226: 0x1176e19 M=1 github.com/alicebob/miniredis/v2/server.(*Server).Register /workspace/tabmail-cloud/gomod/github.com/alicebob/miniredis/v2@v2.35.0/server/server.go:153:0 s=146
  1227: 0x128b534 M=1 github.com/alicebob/miniredis/v2.commandsSet /workspace/tabmail-cloud/gomod/github.com/alicebob/miniredis/v2@v2.35.0/cmd_set.go:25:0 s=14
  1228: 0x1318485 M=1 github.com/alicebob/miniredis/v2.(*Miniredis).start /workspace/tabmail-cloud/gomod/github.com/alicebob/miniredis/v2@v2.35.0/miniredis.go:220:0 s=207
  1229: 0x1317fc4 M=1 github.com/alicebob/miniredis/v2.(*Miniredis).Start /workspace/tabmail-cloud/gomod/github.com/alicebob/miniredis/v2@v2.35.0/miniredis.go:176:0 s=171
  1230: 0x1317d94 M=1 github.com/alicebob/miniredis/v2.RunT /workspace/tabmail-cloud/gomod/github.com/alicebob/miniredis/v2@v2.35.0/miniredis.go:145:0 s=143
  1231: 0x17853ac M=1 tabmail/internal/store/postgres_test.companyRouter /workspace/tabmail/internal/store/postgres/company_http_test.go:37:0 s=35
  1232: 0xfd8ce4 M=1 tabmail/internal/store/postgres.(*PgStore).enqueueOutboundJobValidated /workspace/tabmail/internal/store/postgres/outbound.go:196:0 s=69
  1233: 0x17d2b78 M=1 tabmail/internal/store/postgres_test.r5RetryFixture /workspace/tabmail/internal/store/postgres/r5_atomic_retry_test.go:35:0 s=19
  1234: 0x1713c86 M=1 tabmail/internal/api/handlers.RegisterCompanyRoutes.func1 /workspace/tabmail/internal/api/handlers/company_routes.go:30:0 s=27
  1235: 0x17d786e M=1 tabmail/internal/store/postgres_test.TestR5AtomicRetryAuditWaitExpiryAndCancellation.func1 /workspace/tabmail/internal/store/postgres/r5_atomic_retry_test.go:200:0 s=185
  1236: 0x17d73b0 M=1 tabmail/internal/store/postgres_test.TestR5AtomicRetryAuditWaitExpiryAndCancellation.func1 /workspace/tabmail/internal/store/postgres/r5_atomic_retry_test.go:186:0 s=185
  1237: 0xef6dfc M=1 database/sql.(*Conn).QueryRowContext /workspace/tabmail-cloud/tools/go/src/database/sql/sql.go:2047:0 s=2046
             github.com/pressly/goose/v3/lock.(*postgresSessionLocker).SessionUnlock.func1 /workspace/goose-buffer-experiment/candidate/lock/postgres.go:130:0 s=128
  1238: 0xef6cab M=1 github.com/pressly/goose/v3/lock.(*postgresSessionLocker).SessionUnlock /workspace/goose-buffer-experiment/candidate/lock/postgres.go:128:0 s=127
  1239: 0xf05c70 M=1 github.com/pressly/goose/v3.(*Provider).initialize.func2 /workspace/goose-buffer-experiment/candidate/provider_run.go:305:0 s=300
  1240: 0xefded7 M=1 github.com/pressly/goose/v3.(*Provider).up.func1 /workspace/goose-buffer-experiment/candidate/provider.go:360:0 s=359
  1241: 0xefdc98 M=1 github.com/pressly/goose/v3.(*Provider).up /workspace/goose-buffer-experiment/candidate/provider.go:410:0 s=347
  1242: 0x17d67a4 M=1 tabmail/internal/store/postgres_test.TestR5AtomicRetryKeyExpiryDuringJobWait /workspace/tabmail/internal/store/postgres/r5_atomic_retry_test.go:161:0 s=160
  1243: 0x17d5c38 M=1 tabmail/internal/store/postgres_test.TestR5AtomicRetryRechecksLockedJobAndRecipientState.func1 /workspace/tabmail/internal/store/postgres/r5_atomic_retry_test.go:127:0 s=126
  1244: 0x17d311c M=1 net/http.(*Request).WithContext /workspace/tabmail-cloud/tools/go/src/net/http/request.go:372:0 s=368
             tabmail/internal/store/postgres_test.r5RetryRequest /workspace/tabmail/internal/store/postgres/r5_atomic_retry_test.go:46:0 s=42
  1245: 0x17d420e M=1 tabmail/internal/store/postgres_test.TestR5AtomicRetryOrdersAuthorizationChanges.func1 /workspace/tabmail/internal/store/postgres/r5_atomic_retry_test.go:75:0 s=60
  1246: 0x17492d4 M=1 tabmail/internal/api.NewRouter.func2 /workspace/tabmail/internal/api/router.go:197:0 s=172
  1247: 0xbfdb38 M=1 github.com/jackc/pgx/v5/pgconn.ParseConfigWithOptions /workspace/tabmail-cloud/gomod/github.com/jackc/pgx/v5@v5.10.0/pgconn/config.go:366:0 s=323
  1248: 0x17d3c58 M=1 tabmail/internal/store/postgres_test.TestR5AtomicRetryOrdersAuthorizationChanges.func1 /workspace/tabmail/internal/store/postgres/r5_atomic_retry_test.go:62:0 s=60
  1249: 0x103f9c6 M=1 tabmail/internal/store/postgres.(*PgStore).EffectiveConfig /workspace/tabmail/internal/store/postgres/tenants.go:109:0 s=107
  1250: 0x1753f4d M=1 tabmail/internal/api/middleware.(*RateLimiter).Middleware-fm.(*RateLimiter).Middleware.func1 /workspace/tabmail/internal/api/middleware/ratelimit.go:55:0 s=39
  1251: 0xa5f8e1 M=1 github.com/jackc/pgx/v5/pgtype.(*encodePlanArrayCodecBinary).Encode /workspace/tabmail-cloud/gomod/github.com/jackc/pgx/v5@v5.10.0/pgtype/array_codec.go:180:0 s=177
  1252: 0xb73c81 M=1 github.com/jackc/pgx/v5/pgtype.(*wrapSliceEncodePlan[go.shape.string]).Encode /workspace/tabmail-cloud/gomod/github.com/jackc/pgx/v5@v5.10.0/pgtype/pgtype.go:1863:0 s=1862
  1253: 0x1048b12 M=1 tabmail/internal/store/postgres.(*PgStore).CreateZone /workspace/tabmail/internal/store/postgres/zones.go:30:0 s=22
  1254: 0xedbef5 M=1 bytes.(*Buffer).String /workspace/tabmail-cloud/tools/go/src/bytes/buffer.go:77:0 s=72
             github.com/pressly/goose/v3/internal/sqlparser.ParseSQLMigration /workspace/goose-buffer-experiment/candidate/internal/sqlparser/parser.go:254:0 s=103
  1255: 0xffaa9e M=1 tabmail/internal/store/postgres.retryTenantView.GetMailbox /workspace/tabmail/internal/store/postgres/outbound_retry_reader.go:90:0 s=86
  1256: 0xf3e7d9 M=1 tabmail/internal/outbound.ValidateRetryRequester /workspace/tabmail/internal/outbound/retry_authorization.go:98:0 s=13
  1257: 0x1659824 M=1 github.com/go-chi/chi/v5.(*node).FindRoute /workspace/tabmail-cloud/gomod/github.com/go-chi/chi/v5@v5.2.5/tree.go:387:0 s=373
  1258: 0x1656638 M=1 github.com/go-chi/chi/v5.(*Mux).routeHTTP /workspace/tabmail-cloud/gomod/github.com/go-chi/chi/v5@v5.2.5/mux.go:469:0 s=441
  1259: 0xc4e5e4 M=1 github.com/jackc/pgx/v5.(*Conn).Prepare /workspace/tabmail-cloud/gomod/github.com/jackc/pgx/v5@v5.10.0/conn.go:368:0 s=319
  1260: 0xff9c21 M=1 tabmail/internal/store/postgres.(*outboundRetryReader).GetZone /workspace/tabmail/internal/store/postgres/outbound_retry_reader.go:64:0 s=63
  1261: 0xf2d09d M=1 tabmail/internal/outbound.ValidateJobAuthorization /workspace/tabmail/internal/outbound/authorization.go:191:0 s=130
  1262: 0x16dbba4 M=1 tabmail/internal/app/submissions.(*Service).RetryOutboundJob.func1 /workspace/tabmail/internal/app/submissions/service.go:428:0 s=424
  1263: 0x137364a M=1 github.com/redis/go-redis/v9/maintnotifications.newHandoffWorkerManager /workspace/tabmail-cloud/gomod/github.com/redis/go-redis/v9@v9.18.0/maintnotifications/handoff_worker.go:49:0 s=47
  1264: 0x1379f6f M=1 github.com/redis/go-redis/v9/maintnotifications.NewPoolHookWithPoolSize /workspace/tabmail-cloud/gomod/github.com/redis/go-redis/v9@v9.18.0/maintnotifications/pool_hook.go:73:0 s=58
  1265: 0x13797d5 M=1 github.com/redis/go-redis/v9/maintnotifications.(*Manager).createPoolHook /workspace/tabmail-cloud/gomod/github.com/redis/go-redis/v9@v9.18.0/maintnotifications/manager.go:338:0 s=328
  1266: 0x1377c33 M=1 github.com/redis/go-redis/v9/maintnotifications.(*Manager).InitPoolHook /workspace/tabmail-cloud/gomod/github.com/redis/go-redis/v9@v9.18.0/maintnotifications/manager.go:129:0 s=128
  1267: 0x141615b M=1 github.com/redis/go-redis/v9.(*baseClient).enableMaintNotificationsUpgrades /workspace/tabmail-cloud/gomod/github.com/redis/go-redis/v9@v9.18.0/redis.go:921:0 s=906
  1268: 0x141a00c M=1 github.com/redis/go-redis/v9.NewClient /workspace/tabmail-cloud/gomod/github.com/redis/go-redis/v9@v9.18.0/redis.go:1245:0 s=1199
  1269: 0x178548c M=1 tabmail/internal/store/postgres_test.companyRouter /workspace/tabmail/internal/store/postgres/company_http_test.go:38:0 s=35
  1270: 0x1067709 M=1 net/http.Header.Clone /workspace/tabmail-cloud/tools/go/src/net/http/header.go:104:0 s=94
             net/http/httptest.(*ResponseRecorder).WriteHeader /workspace/tabmail-cloud/tools/go/src/net/http/httptest/recorder.go:154:0 s=143
  1271: 0x172bd12 M=1 tabmail/internal/api/handlers.writeJSON /workspace/tabmail/internal/api/handlers/respond.go:39:0 s=33
  1272: 0x1723e88 M=1 tabmail/internal/api/handlers.ok /workspace/tabmail/internal/api/handlers/respond.go:44:0 s=43
             tabmail/internal/api/handlers.(*OutboundHandler).RetryJob /workspace/tabmail/internal/api/handlers/outbound.go:139:0 s=81
  1273: 0xa61c5e M=1 github.com/jackc/pgx/v5/pgtype.(*ArrayCodec).DecodeValue /workspace/tabmail-cloud/gomod/github.com/jackc/pgx/v5@v5.10.0/pgtype/array_codec.go:406:0 s=399
  1274: 0x1723e2f M=1 tabmail/internal/api/handlers.(*OutboundHandler).RetryJob /workspace/tabmail/internal/api/handlers/outbound.go:138:0 s=81
  1275: 0xffaae4 M=1 tabmail/internal/store/postgres.retryTenantView.GetMailbox /workspace/tabmail/internal/store/postgres/outbound_retry_reader.go:90:0 s=86
  1276: 0x17d145e M=1 tabmail/internal/store/postgres_test.TestR5ActivationBusyFinalDomainFenceRollsBackWithoutWait /workspace/tabmail/internal/store/postgres/r5_activation_boundary_test.go:232:0 s=231
  1277: 0xc0eae9 M=1 github.com/jackc/pgx/v5/pgconn.connectOne /workspace/tabmail-cloud/gomod/github.com/jackc/pgx/v5@v5.10.0/pgconn/pgconn.go:383:0 s=313
  1278: 0x8606a5 M=1 bytes.(*Buffer).ReadBytes /workspace/tabmail-cloud/tools/go/src/bytes/buffer.go:440:0 s=436
             github.com/jackc/pgx/v5/pgproto3.(*ParameterStatus).Decode /workspace/tabmail-cloud/gomod/github.com/jackc/pgx/v5@v5.10.0/pgproto3/parameter_status.go:27:0 s=18
  1279: 0x17d09b3 M=1 tabmail/internal/store/postgres_test.TestR5ActivationDomainWithdrawalDuringAuditWaitRollsBack.func1 /workspace/tabmail/internal/store/postgres/r5_activation_boundary_test.go:190:0 s=189
  1280: 0xedd9d5 M=1 strings.ReplaceAll /workspace/tabmail-cloud/tools/go/src/strings/strings.go:1188:0 s=1187
             github.com/pressly/goose/v3/internal/sqlparser.extractAnnotation /workspace/goose-buffer-experiment/candidate/internal/sqlparser/parser.go:326:0 s=319
  1281: 0xeaff13 M=1 github.com/jackc/pgx/v5/pgxpool.NewWithConfig.func3 /workspace/tabmail-cloud/gomod/github.com/jackc/pgx/v5@v5.10.0/pgxpool/pool.go:306:0 s=272
  1282: 0x17cf3be M=1 tabmail/internal/store/postgres_test.TestR5ActivationReadsCurrentProfileAfterTenantWait /workspace/tabmail/internal/store/postgres/r5_activation_boundary_test.go:150:0 s=149
  1283: 0x17ce8d6 M=1 tabmail/internal/store/postgres_test.TestR5ActivationCurrentSponsorAndDomainBoundary.func1 /workspace/tabmail/internal/store/postgres/r5_activation_boundary_test.go:113:0 s=112
  1284: 0x17cd5fe M=1 tabmail/internal/store/postgres_test.TestR5ActivationDuplicateTokenCommandsCommitOnce /workspace/tabmail/internal/store/postgres/r5_activation_boundary_test.go:82:0 s=81
  1285: 0x17c7fbe M=1 tabmail/internal/store/postgres_test.TestR5AccessExplanationNeverCombinesTargetGenerations /workspace/tabmail/internal/store/postgres/r5_access_explanation_snapshot_test.go:183:0 s=182
  1286: 0x17c5649 M=1 tabmail/internal/store/postgres_test.TestR5AccessExplanationRejectsBusyTargetProfile.func1 /workspace/tabmail/internal/store/postgres/r5_access_explanation_snapshot_test.go:91:0 s=90
  1287: 0x17bbe64 M=1 tabmail/internal/store/postgres_test.TestR3DraftTemplateVersionEligibilityContract.func1 /workspace/tabmail/internal/store/postgres/company_workflows_test.go:727:0 s=723
  1288: 0x17ba56f M=1 tabmail/internal/store/postgres_test.TestR3DraftTemplateVersionEligibilityContract /workspace/tabmail/internal/store/postgres/company_workflows_test.go:822:0 s=720
  1289: 0xd69c30 M=1 golang.org/x/net/html.NewTokenizer /workspace/tabmail-cloud/gomod/golang.org/x/net@v0.57.0/html/token.go:1285:0 s=1284
             github.com/microcosm-cc/bluemonday.(*Policy).sanitize /workspace/tabmail-cloud/gomod/github.com/microcosm-cc/bluemonday@v1.0.27/sanitize.go:224:0 s=202
  1290: 0xd695b2 M=1 github.com/microcosm-cc/bluemonday.(*Policy).sanitizeWithBuff /workspace/tabmail-cloud/gomod/github.com/microcosm-cc/bluemonday@v1.0.27/sanitize.go:188:0 s=186
  1291: 0xd69430 M=1 github.com/microcosm-cc/bluemonday.(*Policy).Sanitize /workspace/tabmail-cloud/gomod/github.com/microcosm-cc/bluemonday@v1.0.27/sanitize.go:65:0 s=60
  1292: 0xd73068 M=1 tabmail/internal/sanitize.HTML /workspace/tabmail/internal/sanitize/html.go:30:0 s=25
  1293: 0x17bbd6f M=1 tabmail/internal/store/postgres_test.TestR3DraftTemplateVersionEligibilityContract.func1 /workspace/tabmail/internal/store/postgres/company_workflows_test.go:725:0 s=723
  1294: 0x17bb750 M=1 tabmail/internal/store/postgres_test.TestR3DraftTemplateVersionEligibilityContract.func3 /workspace/tabmail/internal/store/postgres/company_workflows_test.go:741:0 s=735
  1295: 0x17b9e12 M=1 tabmail/internal/store/postgres_test.TestR3DraftTemplateVersionEligibilityContract /workspace/tabmail/internal/store/postgres/company_workflows_test.go:812:0 s=720
  1296: 0x17b9357 M=1 tabmail/internal/store/postgres_test.TestR3DraftTemplateVersionEligibilityContract /workspace/tabmail/internal/store/postgres/company_workflows_test.go:791:0 s=720
  1297: 0x17b7ebe M=1 tabmail/internal/store/postgres_test.TestR3DraftTemplateVersionEligibilityContract /workspace/tabmail/internal/store/postgres/company_workflows_test.go:721:0 s=720
  1298: 0xed9407 M=1 github.com/pressly/goose/v3/internal/sqlparser.init.func1 /workspace/goose-buffer-experiment/candidate/internal/sqlparser/parser.go:88:0 s=87
  1299: 0xeddeaa M=1 github.com/pressly/goose/v3/internal/sqlparser.endsWithSemicolon /workspace/goose-buffer-experiment/candidate/internal/sqlparser/parser.go:376:0 s=375
  1300: 0x17b7c71 M=1 tabmail/internal/store/postgres_test.TestP4AttachmentCleanupRespectsSentJobReferences /workspace/tabmail/internal/store/postgres/company_workflows_test.go:706:0 s=678
  1301: 0x17b7838 M=1 tabmail/internal/store/postgres_test.TestP4AttachmentCleanupRespectsSentJobReferences /workspace/tabmail/internal/store/postgres/company_workflows_test.go:698:0 s=678
  1302: 0x5bd249 M=1 fmt.(*buffer).write /workspace/tabmail-cloud/tools/go/src/fmt/print.go:104:0 s=103
             fmt.(*fmt).pad /workspace/tabmail-cloud/tools/go/src/fmt/format.go:95:0 s=93
  1303: 0x5bfb0b M=1 fmt.(*fmt).fmtQ /workspace/tabmail-cloud/tools/go/src/fmt/format.go:460:0 s=450
  1304: 0x5c3924 M=1 fmt.(*pp).fmtString /workspace/tabmail-cloud/tools/go/src/fmt/print.go:492:0 s=488
  1305: 0x17b6a7e M=1 tabmail/internal/store/postgres_test.TestP4AttachmentCleanupRespectsSentJobReferences /workspace/tabmail/internal/store/postgres/company_workflows_test.go:679:0 s=678
  1306: 0x17b57de M=1 tabmail/internal/store/postgres_test.TestR3MessageMutationAuditRollback /workspace/tabmail/internal/store/postgres/company_workflows_test.go:629:0 s=628
  1307: 0xfa0a64 M=1 tabmail/internal/store/postgres.(*PgStore).companyReadTx /workspace/tabmail/internal/store/postgres/company_members.go:47:0 s=46
             tabmail/internal/store/postgres.(*PgStore).TemplateForSend /workspace/tabmail/internal/store/postgres/company_templates.go:370:0 s=363
  1308: 0xf2ea5c M=1 tabmail/internal/outbound.ValidateJobAuthorization /workspace/tabmail/internal/outbound/authorization.go:219:0 s=130
  1309: 0xf2b278 M=1 tabmail/internal/outbound.(*Service).ValidateJobAuthorization /workspace/tabmail/internal/outbound/authorization.go:125:0 s=121
  1310: 0xf4652d M=1 tabmail/internal/outbound.(*Service).SubmitWithReplay /workspace/tabmail/internal/outbound/service.go:277:0 s=123
  1311: 0x17b566f M=1 tabmail/internal/outbound.(*Service).Submit /workspace/tabmail/internal/outbound/service.go:97:0 s=96
             tabmail/internal/store/postgres_test.TestR3SubmissionIdempotencyTemplateOnlyAndCodec.func1 /workspace/tabmail/internal/store/postgres/company_workflows_test.go:569:0 s=567
  1312: 0xd73371 M=1 bufio.NewWriterSize /workspace/tabmail-cloud/tools/go/src/bufio/bufio.go:602:0 s=592
             bufio.NewWriter /workspace/tabmail-cloud/tools/go/src/bufio/bufio.go:611:0 s=610
             tabmail/internal/sanitize.styleTagFilter /workspace/tabmail/internal/sanitize/html.go:43:0 s=42
  1313: 0xd7e6f3 M=1 tabmail/internal/company.Render /workspace/tabmail/internal/company/templates.go:144:0 s=84
  1314: 0x85f8d1 M=1 github.com/jackc/pgx/v5/pgproto3.(*ParameterDescription).Decode /workspace/tabmail-cloud/gomod/github.com/jackc/pgx/v5@v5.10.0/pgproto3/parameter_description.go:34:0 s=22
  1315: 0xfa0f6c M=1 tabmail/internal/store/postgres.(*PgStore).mailboxAccessTx /workspace/tabmail/internal/store/postgres/company_members.go:394:0 s=393
             tabmail/internal/store/postgres.(*PgStore).loadTemplateForSendTx /workspace/tabmail/internal/store/postgres/company_templates.go:378:0 s=377
  1316: 0xfa0dc4 M=1 tabmail/internal/store/postgres.(*PgStore).TemplateForSend.func1 /workspace/tabmail/internal/store/postgres/company_templates.go:371:0 s=370
  1317: 0xf4417b M=1 tabmail/internal/outbound.(*Service).SubmitWithReplay /workspace/tabmail/internal/outbound/service.go:171:0 s=123
  1318: 0xfdd3a4 M=1 tabmail/internal/store/postgres.scanOutboundJob /workspace/tabmail/internal/store/postgres/outbound.go:310:0 s=309
  1319: 0xff3e74 M=1 tabmail/internal/store/postgres.(*PgStore).FindOutboundSubmission /workspace/tabmail/internal/store/postgres/outbound_recipients.go:17:0 s=13
  1320: 0x17b3bf9 M=1 tabmail/internal/outbound.(*Service).Submit /workspace/tabmail/internal/outbound/service.go:97:0 s=96
             tabmail/internal/store/postgres_test.TestR3SubmissionIdempotencyTemplateOnlyAndCodec /workspace/tabmail/internal/store/postgres/company_workflows_test.go:557:0 s=546
  1321: 0x17b329d M=1 tabmail/internal/store/postgres_test.TestR3SubmissionIdempotencyTemplateOnlyAndCodec /workspace/tabmail/internal/store/postgres/company_workflows_test.go:551:0 s=546
  1322: 0x17b3195 M=1 tabmail/internal/store/postgres_test.TestR3SubmissionIdempotencyTemplateOnlyAndCodec /workspace/tabmail/internal/store/postgres/company_workflows_test.go:549:0 s=546
  1323: 0x17b2ede M=1 tabmail/internal/store/postgres_test.TestR3SubmissionIdempotencyTemplateOnlyAndCodec /workspace/tabmail/internal/store/postgres/company_workflows_test.go:547:0 s=546
  1324: 0x17afca4 M=1 tabmail/internal/store/postgres_test.TestR3TemplateVersionRevocationStopsUndeliveredSends /workspace/tabmail/internal/store/postgres/company_workflows_test.go:441:0 s=436
  1325: 0x17ae93e M=1 tabmail/internal/store/postgres_test.TestR3TemplateImmutableVersionsAndCurrentGrants /workspace/tabmail/internal/store/postgres/company_workflows_test.go:403:0 s=402
  1326: 0x17adcfe M=1 tabmail/internal/store/postgres_test.TestR3DraftRevisionAndAttachmentAuthorization /workspace/tabmail/internal/store/postgres/company_workflows_test.go:376:0 s=375
  1327: 0x4ec2b5 M=1 syscall.ByteSliceFromString /workspace/tabmail-cloud/tools/go/src/syscall/syscall.go:52:0 s=48
  1328: 0x4f4fd9 M=1 syscall.BytePtrFromString /workspace/tabmail-cloud/tools/go/src/syscall/syscall.go:68:0 s=67
             syscall.fstatat /workspace/tabmail-cloud/tools/go/src/syscall/zsyscall_linux_amd64.go:1433:0 s=1431
  1329: 0x54f5b7 M=1 syscall.Stat /workspace/tabmail-cloud/tools/go/src/syscall/syscall_linux_amd64.go:61:0 s=60
             os.statNolog.func1 /workspace/tabmail-cloud/tools/go/src/os/stat_unix.go:32:0 s=31
             os.ignoringEINTR /workspace/tabmail-cloud/tools/go/src/os/file_posix.go:256:0 s=254
             os.statNolog /workspace/tabmail-cloud/tools/go/src/os/stat_unix.go:31:0 s=29
  1330: 0x17ab5fe M=1 tabmail/internal/store/postgres_test.TestR3SoftDeleteRestoreRetentionAndEvents /workspace/tabmail/internal/store/postgres/company_workflows_test.go:311:0 s=310
  1331: 0x17aa3fe M=1 tabmail/internal/store/postgres_test.TestMailboxAdministrationFollowsMemberHierarchy /workspace/tabmail/internal/store/postgres/company_workflows_test.go:281:0 s=280
  1332: 0x17a949e M=1 tabmail/internal/store/postgres_test.TestR3OffboardingAndOptimisticHandover /workspace/tabmail/internal/store/postgres/company_workflows_test.go:245:0 s=244
  1333: 0x17a7d7e M=1 tabmail/internal/store/postgres_test.TestAdminVisibilityIsNotContentAccess /workspace/tabmail/internal/store/postgres/company_workflows_test.go:198:0 s=197
  1334: 0x7be354 M=1 net.SplitHostPort.func1 /workspace/tabmail-cloud/tools/go/src/net/ipsock.go:171:0 s=170
             net.SplitHostPort /workspace/tabmail-cloud/tools/go/src/net/ipsock.go:178:0 s=165
  1335: 0xc0bc17 M=1 github.com/jackc/pgx/v5/pgconn.buildConnectOneConfigs /workspace/tabmail-cloud/gomod/github.com/jackc/pgx/v5@v5.10.0/pgconn/pgconn.go:216:0 s=180
  1336: 0xf8a3e4 M=1 tabmail/internal/store/postgres.(*PgStore).SetWorkGrant.func1 /workspace/tabmail/internal/store/postgres/company_members.go:730:0 s=705
  1337: 0x17975b2 M=1 tabmail/internal/store/postgres_test.grantCurrent /workspace/tabmail/internal/store/postgres/company_revision_fixture_test.go:16:0 s=11
  1338: 0x17a6fee M=1 tabmail/internal/store/postgres_test.TestR3SharedMailboxRightsAndGrantAuditRollback /workspace/tabmail/internal/store/postgres/company_workflows_test.go:153:0 s=149
  1339: 0x17a6e3e M=1 tabmail/internal/store/postgres_test.TestR3SharedMailboxRightsAndGrantAuditRollback /workspace/tabmail/internal/store/postgres/company_workflows_test.go:150:0 s=149
  1340: 0x17a635e M=1 tabmail/internal/store/postgres_test.TestR3EmployeeInvitationRevocationExpiryAndAuditRollback /workspace/tabmail/internal/store/postgres/company_workflows_test.go:110:0 s=109
  1341: 0xf7ef4c M=1 tabmail/internal/store/postgres.(*PgStore).ActivateEmployee /workspace/tabmail/internal/store/postgres/company_members.go:364:0 s=279
  1342: 0x17a453e M=1 tabmail/internal/store/postgres_test.TestR3EmployeeActivationSingleUseAndPrivateProvisioning /workspace/tabmail/internal/store/postgres/company_workflows_test.go:69:0 s=68
  1343: 0xf7e7c5 M=1 tabmail/internal/store/postgres.(*PgStore).ActivateEmployee /workspace/tabmail/internal/store/postgres/company_members.go:354:0 s=279
  1344: 0xeaff2f M=1 github.com/jackc/pgx/v5/pgxpool.NewWithConfig.func3 /workspace/tabmail-cloud/gomod/github.com/jackc/pgx/v5@v5.10.0/pgxpool/pool.go:307:0 s=272
  1345: 0x179d964 M=1 tabmail/internal/store/postgres_test.TestTemplateUsableListAndSendRequireSameAdminGrant /workspace/tabmail/internal/store/postgres/company_safety_contracts_test.go:215:0 s=207
  1346: 0x179d2de M=1 tabmail/internal/store/postgres_test.TestTemplateUsableListAndSendRequireSameAdminGrant /workspace/tabmail/internal/store/postgres/company_safety_contracts_test.go:208:0 s=207
  1347: 0xa1be24 M=1 database/sql.OpenDB /workspace/tabmail-cloud/tools/go/src/database/sql/sql.go:834:0 s=832
  1348: 0x179c9de M=1 tabmail/internal/store/postgres_test.TestMailboxAdministrationHTTPRequiresObservedVersion /workspace/tabmail/internal/store/postgres/company_safety_contracts_test.go:192:0 s=191
  1349: 0x179c8d4 M=1 tabmail/internal/store/postgres_test.TestMailboxGrantAndPolicyShareOneCAS.func1 /workspace/tabmail/internal/store/postgres/company_safety_contracts_test.go:160:0 s=157
  1350: 0x179b67e M=1 tabmail/internal/store/postgres_test.TestMailboxGrantAndPolicyShareOneCAS /workspace/tabmail/internal/store/postgres/company_safety_contracts_test.go:149:0 s=148
  1351: 0x1799fde M=1 tabmail/internal/store/postgres_test.TestDomainDeleteConcurrentMailboxInsertCannotCascade /workspace/tabmail/internal/store/postgres/company_safety_contracts_test.go:104:0 s=103
  1352: 0x179787e M=1 tabmail/internal/store/postgres_test.TestDomainDeletePreservesFormerPrimaryAssets /workspace/tabmail/internal/store/postgres/company_safety_contracts_test.go:22:0 s=21
  1353: 0x1795db7 M=1 tabmail/internal/store/postgres_test.TestP0GooseRestartAndHistoricalGrantSafety.func1 /workspace/tabmail/internal/store/postgres/company_integration_test.go:171:0 s=150
  1354: 0x1795cf7 M=1 tabmail/internal/store/postgres_test.TestP0GooseRestartAndHistoricalGrantSafety.func1 /workspace/tabmail/internal/store/postgres/company_integration_test.go:163:0 s=150
  1355: 0x135bd17 M=1 bufio.NewWriterSize /workspace/tabmail-cloud/tools/go/src/bufio/bufio.go:602:0 s=592
             github.com/redis/go-redis/v9/internal/pool.NewConnWithBufferSize /workspace/tabmail-cloud/gomod/github.com/redis/go-redis/v9@v9.18.0/internal/pool/conn.go:148:0 s=132
  1356: 0x136580d M=1 github.com/redis/go-redis/v9/internal/pool.(*ConnPool).dialConn /workspace/tabmail-cloud/gomod/github.com/redis/go-redis/v9@v9.18.0/internal/pool/pool.go:604:0 s=554
  1357: 0x1364b8f M=1 github.com/redis/go-redis/v9/internal/pool.(*ConnPool).newConn /workspace/tabmail-cloud/gomod/github.com/redis/go-redis/v9@v9.18.0/internal/pool/pool.go:510:0 s=493
  1358: 0x101b754 M=1 tabmail/internal/store/postgres.effectivePermission /workspace/tabmail/internal/store/postgres/permissions.go:164:0 s=163
             tabmail/internal/store/postgres.(*PgStore).EffectivePermission /workspace/tabmail/internal/store/postgres/permissions.go:156:0 s=155
  1359: 0x169ab0f M=1 tabmail/internal/api/middleware.(*CachedAuthStore).EffectivePermission /workspace/tabmail/internal/api/middleware/auth_cache.go:44:0 s=43
  1360: 0x17502b8 M=1 tabmail/internal/api.NewRouter.PermissionLoader.func9.1 /workspace/tabmail/internal/api/middleware/auth.go:219:0 s=186
  1361: 0x1790fa4 M=1 tabmail/internal/store/postgres_test.TestArchitectureIndexRecoveryHTTPRequiresAdministratorAndReason /workspace/tabmail/internal/store/postgres/company_index_recovery_test.go:111:0 s=107
  1362: 0x1790ddb M=1 tabmail/internal/store/postgres_test.TestArchitectureIndexRecoveryHTTPRequiresAdministratorAndReason /workspace/tabmail/internal/store/postgres/company_index_recovery_test.go:108:0 s=107
  1363: 0x178f75e M=1 tabmail/internal/store/postgres_test.TestArchitectureIndexRecoveryIsBoundedTenantScopedAndAtomic /workspace/tabmail/internal/store/postgres/company_index_recovery_test.go:63:0 s=62
  1364: 0x178cb49 M=1 tabmail/internal/store/postgres_test.TestR3CompanyHTTPJourney /workspace/tabmail/internal/store/postgres/company_http_test.go:218:0 s=75
  1365: 0x174a406 M=1 tabmail/internal/api/handlers.NewMailboxAdminHandler /workspace/tabmail/internal/api/handlers/company_mailboxes.go:18:0 s=17
             tabmail/internal/api.NewRouter.func2 /workspace/tabmail/internal/api/router.go:184:0 s=172
  1366: 0x16a5264 M=1 tabmail/internal/app/admin.NewService /workspace/tabmail/internal/app/admin/service.go:149:0 s=148
  1367: 0x16e8b44 M=1 tabmail/internal/api/handlers.NewAdminHandler /workspace/tabmail/internal/api/handlers/admin.go:44:0 s=43
  1368: 0x1745876 M=1 tabmail/internal/api.NewRouter /workspace/tabmail/internal/api/router.go:152:0 s=126
  1369: 0xc27164 M=1 github.com/jackc/pgx/v5/pgconn.(*PgConn).getFieldDescriptionSlice /workspace/tabmail-cloud/gomod/github.com/jackc/pgx/v5@v5.10.0/pgconn/pgconn.go:918:0 s=914
             github.com/jackc/pgx/v5/pgconn.(*ResultReader).readUntilRowDescription /workspace/tabmail-cloud/gomod/github.com/jackc/pgx/v5@v5.10.0/pgconn/pgconn.go:1858:0 s=1837
  1370: 0xeadcb1 M=1 github.com/jackc/pgx/v5/pgxpool.(*Conn).Query /workspace/tabmail-cloud/gomod/github.com/jackc/pgx/v5@v5.10.0/pgxpool/conn.go:90:0 s=89
  1371: 0xeb438f M=1 github.com/jackc/pgx/v5/pgxpool.(*Pool).Query /workspace/tabmail-cloud/gomod/github.com/jackc/pgx/v5@v5.10.0/pgxpool/pool.go:753:0 s=747
  1372: 0xfe0124 M=1 tabmail/internal/store/postgres.(*PgStore).ClaimOutboundJobs /workspace/tabmail/internal/store/postgres/outbound.go:436:0 s=428
  1373: 0xf490b5 M=1 tabmail/internal/outbound.(*outboundStore).Claim /workspace/tabmail/internal/outbound/workqueue.go:42:0 s=41
  1374: 0xea523e M=1 tabmail/internal/workqueue.(*Worker[go.shape.*uint8]).processManagedBatch /workspace/tabmail/internal/workqueue/worker.go:400:0 s=396
  1375: 0xea6158 M=1 tabmail/internal/workqueue.(*Worker[go.shape.*uint8]).run /workspace/tabmail/internal/workqueue/worker.go:303:0 s=289
  1376: 0x17894c4 M=1 tabmail/internal/store/postgres_test.TestR3CompanyHTTPJourney /workspace/tabmail/internal/store/postgres/company_http_test.go:141:0 s=75
  1377: 0x1aad4c5 M=1 crypto/internal/fips140/hmac.New[go.shape.interface { BlockSize int; Reset; Size int; Sum []uint8; Write  }] /workspace/tabmail-cloud/tools/go/src/crypto/internal/fips140/hmac/hmac.go:186:0 s=168(crypto/internal/fips140/hmac.New[go.shape.interface { BlockSize() int; Reset(); Size() int; Sum([]uint8) []uint8; Write([]uint8) (int, error) }])
  1378: 0x116d604 M=1 tabmail/internal/authn.decodeSignedToken /workspace/tabmail/internal/authn/jwt.go:96:0 s=90
  1379: 0x116caee M=1 tabmail/internal/authn.VerifyAccessToken /workspace/tabmail/internal/authn/jwt.go:59:0 s=58
  1380: 0x1750739 M=1 tabmail/internal/api.NewRouter.Auth.func8.1 /workspace/tabmail/internal/api/middleware/auth.go:250:0 s=244
  1381: 0x178931b M=1 tabmail/internal/store/postgres_test.TestR3CompanyHTTPJourney /workspace/tabmail/internal/store/postgres/company_http_test.go:137:0 s=75
  1382: 0xfa0401 M=1 tabmail/internal/store/postgres.templateVersionStatusTx /workspace/tabmail/internal/store/postgres/company_templates.go:330:0 s=328
  1383: 0xf70a5c M=1 tabmail/internal/store/postgres.fillDraftTemplateVersion /workspace/tabmail/internal/store/postgres/company_mail.go:564:0 s=560
  1384: 0xf70850 M=1 tabmail/internal/store/postgres.(*PgStore).SaveMailDraft.func1 /workspace/tabmail/internal/store/postgres/company_mail.go:553:0 s=499
  1385: 0x16bbb6a M=1 tabmail/internal/app/drafts.(*Service).Save /workspace/tabmail/internal/app/drafts/service.go:33:0 s=26
  1386: 0x1705991 M=1 tabmail/internal/api/handlers.(*CompanyDraftHandler).Save /workspace/tabmail/internal/api/handlers/company_drafts.go:49:0 s=37
  1387: 0x178918b M=1 tabmail/internal/store/postgres_test.TestR3CompanyHTTPJourney /workspace/tabmail/internal/store/postgres/company_http_test.go:135:0 s=75
  1388: 0x171d17c M=1 tabmail/internal/api/handlers.(*CompanyTemplateHandler).Publish /workspace/tabmail/internal/api/handlers/company_templates.go:58:0 s=47
  1389: 0x1787fad M=1 tabmail/internal/store/postgres_test.TestR3CompanyHTTPJourney /workspace/tabmail/internal/store/postgres/company_http_test.go:111:0 s=75
  1390: 0x171899c M=1 tabmail/internal/api/handlers.(*CompanySetupHandler).Activate /workspace/tabmail/internal/api/handlers/company_setup.go:89:0 s=72
  1391: 0x1751661 M=1 tabmail/internal/api.NewRouter.Auth.func8.1 /workspace/tabmail/internal/api/middleware/auth.go:388:0 s=244
  1392: 0x1787105 M=1 tabmail/internal/store/postgres_test.TestR3CompanyHTTPJourney /workspace/tabmail/internal/store/postgres/company_http_test.go:93:0 s=75
  1393: 0x5c15cc M=1 fmt.Fprintf /workspace/tabmail-cloud/tools/go/src/fmt/print.go:223:0 s=222
  1394: 0x117a434 M=1 github.com/alicebob/miniredis/v2/server.(*Writer).WriteInt /workspace/tabmail-cloud/gomod/github.com/alicebob/miniredis/v2@v2.35.0/server/server.go:451:0 s=450
  1395: 0x12aebf4 M=1 github.com/alicebob/miniredis/v2.(*Miniredis).cmdZremrangebyscore.func1.(*Peer).WriteInt.3 /workspace/tabmail-cloud/gomod/github.com/alicebob/miniredis/v2@v2.35.0/server/server.go:363:0 s=362
  1396: 0x1178a23 M=1 github.com/alicebob/miniredis/v2/server.(*Peer).Block /workspace/tabmail-cloud/gomod/github.com/alicebob/miniredis/v2@v2.35.0/server/server.go:296:0 s=293
  1397: 0x12aeb86 M=1 github.com/alicebob/miniredis/v2/server.(*Peer).WriteInt /workspace/tabmail-cloud/gomod/github.com/alicebob/miniredis/v2@v2.35.0/server/server.go:362:0 s=361
             github.com/alicebob/miniredis/v2.(*Miniredis).cmdZremrangebyscore.func1 /workspace/tabmail-cloud/gomod/github.com/alicebob/miniredis/v2@v2.35.0/cmd_sorted_set.go:1081:0 s=1062
  1398: 0x1323f25 M=1 github.com/alicebob/miniredis/v2.withTx /workspace/tabmail-cloud/gomod/github.com/alicebob/miniredis/v2@v2.35.0/redis.go:116:0 s=96
  1399: 0x12ae292 M=1 github.com/alicebob/miniredis/v2.(*Miniredis).cmdZremrangebyscore /workspace/tabmail-cloud/gomod/github.com/alicebob/miniredis/v2@v2.35.0/cmd_sorted_set.go:1062:0 s=1025
  1400: 0x1177be2 M=1 github.com/alicebob/miniredis/v2/server.(*Server).Dispatch /workspace/tabmail-cloud/gomod/github.com/alicebob/miniredis/v2@v2.35.0/server/server.go:218:0 s=195
  1401: 0x117761b M=1 github.com/alicebob/miniredis/v2/server.(*Server).servePeer /workspace/tabmail-cloud/gomod/github.com/alicebob/miniredis/v2@v2.35.0/server/server.go:186:0 s=157
  1402: 0x178347e M=1 tabmail/internal/store/postgres_test.TestCreateOutboundJobConsumeDraftSingleConsumption /workspace/tabmail/internal/store/postgres/company_draft_submit_test.go:239:0 s=238
  1403: 0x174dbf5 M=1 tabmail/internal/api.NewRouter.func2.2 /workspace/tabmail/internal/api/router.go:220:0 s=210
  1404: 0x1782756 M=1 tabmail/internal/store/postgres_test.TestDraftSubmitRevokedSendRightKeepsDraft /workspace/tabmail/internal/store/postgres/company_draft_submit_test.go:211:0 s=209
  1405: 0x178273e M=1 tabmail/internal/store/postgres_test.TestDraftSubmitRevokedSendRightKeepsDraft /workspace/tabmail/internal/store/postgres/company_draft_submit_test.go:210:0 s=209
  1406: 0xedbb8c M=1 github.com/pressly/goose/v3/internal/sqlparser.ParseSQLMigration /workspace/goose-buffer-experiment/candidate/internal/sqlparser/parser.go:250:0 s=103
  1407: 0x178124f M=1 tabmail/internal/store/postgres_test.TestDraftSubmitConcurrentWindowsProduceOneJob /workspace/tabmail/internal/store/postgres/company_draft_submit_test.go:158:0 s=116
  1408: 0x174ccd8 M=1 tabmail/internal/api.NewRouter.func2.4 /workspace/tabmail/internal/api/router.go:245:0 s=237
  1409: 0x1780876 M=1 tabmail/internal/store/postgres_test.TestDraftSubmitConcurrentWindowsProduceOneJob /workspace/tabmail/internal/store/postgres/company_draft_submit_test.go:119:0 s=116
  1410: 0x1780296 M=1 tabmail/internal/store/postgres_test.TestDraftSubmitConsumesDraftAtomically /workspace/tabmail/internal/store/postgres/company_draft_submit_test.go:100:0 s=47
  1411: 0xf7070a M=1 tabmail/internal/store/postgres.(*PgStore).SaveMailDraft.func1 /workspace/tabmail/internal/store/postgres/company_mail.go:537:0 s=499
  1412: 0x177e20e M=1 tabmail/internal/store/postgres_test.TestDraftSubmitConsumesDraftAtomically /workspace/tabmail/internal/store/postgres/company_draft_submit_test.go:61:0 s=47
  1413: 0x177dc5e M=1 tabmail/internal/store/postgres_test.TestDraftSubmitConsumesDraftAtomically /workspace/tabmail/internal/store/postgres/company_draft_submit_test.go:48:0 s=47
  1414: 0x177c97b M=1 tabmail/internal/store/postgres_test.TestR3BootstrapIsAtomicAcrossRoles /workspace/tabmail/internal/store/postgres/company_delivery_test.go:189:0 s=188
  1415: 0xc7daf6 M=1 bufio.NewReaderSize /workspace/tabmail-cloud/tools/go/src/bufio/bufio.go:57:0 s=50
             bufio.NewReader /workspace/tabmail-cloud/tools/go/src/bufio/bufio.go:63:0 s=62
             net/textproto.NewConn /workspace/tabmail-cloud/tools/go/src/net/textproto/textproto.go:70:0 s=68
  1416: 0xf1cc3c M=1 net/smtp.NewClient /workspace/tabmail-cloud/tools/go/src/net/smtp/smtp.go:65:0 s=64
  1417: 0xf34904 M=1 tabmail/internal/outbound.deliverRelayTLS /workspace/tabmail/internal/outbound/delivery.go:41:0 s=24
  1418: 0xf2a3a4 M=1 tabmail/internal/outbound.DeliverRelay /workspace/tabmail/internal/outbound/delivery.go:19:0 s=18
             tabmail/internal/outbound.(*relayAdapter).Deliver /workspace/tabmail/internal/outbound/adapter.go:73:0 s=67
  1419: 0xf3a723 M=1 tabmail/internal/outbound.(*Service).deliverRecipients /workspace/tabmail/internal/outbound/recipient_delivery.go:65:0 s=19
  1420: 0xf48df0 M=1 tabmail/internal/outbound.(*Service).processOne /workspace/tabmail/internal/outbound/service.go:442:0 s=381
  1421: 0xea4508 M=1 tabmail/internal/workqueue.(*Worker[go.shape.*uint8]).processOne /workspace/tabmail/internal/workqueue/worker.go:418:0 s=417
  1422: 0xea5304 M=1 tabmail/internal/workqueue.(*Worker[go.shape.*uint8]).processManagedBatch /workspace/tabmail/internal/workqueue/worker.go:409:0 s=396
  1423: 0x104a14a M=1 tabmail/internal/store/postgres.(*PgStore).GetZone /workspace/tabmail/internal/store/postgres/zones.go:83:0 s=82
  1424: 0xf3a377 M=1 tabmail/internal/outbound.(*Service).deliverRecipients /workspace/tabmail/internal/outbound/recipient_delivery.go:39:0 s=19
  1425: 0xf674d3 M=1 tabmail/internal/store/postgres.messageOutbox /workspace/tabmail/internal/store/postgres/company_mail.go:191:0 s=189
  1426: 0xf6838f M=1 tabmail/internal/store/postgres.(*PgStore).MutateWorkMessage.func1 /workspace/tabmail/internal/store/postgres/company_mail.go:245:0 s=212
  1427: 0xf6797e M=1 tabmail/internal/store/postgres.(*PgStore).companyReferencedTx /workspace/tabmail/internal/store/postgres/company_members.go:57:0 s=56
             tabmail/internal/store/postgres.(*PgStore).MutateWorkMessage /workspace/tabmail/internal/store/postgres/company_mail.go:212:0 s=209
  1428: 0x1777a13 M=1 tabmail/internal/store/postgres_test.TestCompanyMessageDetailMatchesPersonalListStateAndImmutableScope /workspace/tabmail/internal/store/postgres/company_content_boundary_test.go:79:0 s=70
  1429: 0x177717e M=1 tabmail/internal/store/postgres_test.TestCompanyMessageDetailMatchesPersonalListStateAndImmutableScope /workspace/tabmail/internal/store/postgres/company_content_boundary_test.go:71:0 s=70
  1430: 0x1774b5e M=1 tabmail/internal/store/postgres_test.TestSubmissionAuthorLosesContentButKeepsReceiptAfterReadRevocation /workspace/tabmail/internal/store/postgres/company_content_boundary_test.go:15:0 s=14
  1431: 0x525544 M=1 io/fs.glob /workspace/tabmail-cloud/tools/go/src/io/fs/glob.go:113:0 s=99
  1432: 0xf76c6f M=1 tabmail/internal/store/postgres.(*PgStore).companyTxScope /workspace/tabmail/internal/store/postgres/company_members.go:97:0 s=60
  1433: 0x1700a39 M=1 tabmail/internal/app/mailarchive.(*Service).Change /workspace/tabmail/internal/app/mailarchive/service.go:19:0 s=18
             tabmail/internal/api/handlers.(*MailArchiveHandler).Change /workspace/tabmail/internal/api/handlers/company_archive.go:44:0 s=32
  1434: 0x17748ed M=1 tabmail/internal/store/postgres_test.TestArchitectureNewHTTPViewsRespectContentAndAdminBoundaries /workspace/tabmail/internal/store/postgres/company_console_boundary_test.go:146:0 s=115
  1435: 0x132580f M=1 github.com/alicebob/miniredis/v2.(*sortedSet).byScore /workspace/tabmail-cloud/gomod/github.com/alicebob/miniredis/v2@v2.35.0/sorted_set.go:65:0 s=63
  1436: 0x12ae8a4 M=1 github.com/alicebob/miniredis/v2.(*RedisDB).ssetElements /workspace/tabmail-cloud/gomod/github.com/alicebob/miniredis/v2@v2.35.0/db.go:466:0 s=461
             github.com/alicebob/miniredis/v2.(*Miniredis).cmdZremrangebyscore.func1 /workspace/tabmail-cloud/gomod/github.com/alicebob/miniredis/v2@v2.35.0/cmd_sorted_set.go:1075:0 s=1062
  1437: 0x17743fb M=1 tabmail/internal/store/postgres_test.TestArchitectureNewHTTPViewsRespectContentAndAdminBoundaries /workspace/tabmail/internal/store/postgres/company_console_boundary_test.go:143:0 s=115
  1438: 0x135bfb2 M=1 bufio.NewReaderSize /workspace/tabmail-cloud/tools/go/src/bufio/bufio.go:57:0 s=50
             github.com/redis/go-redis/v9/internal/proto.NewReaderSize /workspace/tabmail-cloud/gomod/github.com/redis/go-redis/v9@v9.18.0/internal/proto/reader.go:71:0 s=69
             github.com/redis/go-redis/v9/internal/pool.NewConnWithBufferSize /workspace/tabmail-cloud/gomod/github.com/redis/go-redis/v9@v9.18.0/internal/pool/conn.go:142:0 s=132
  1439: 0x13fa11d M=1 github.com/redis/go-redis/v9.newConnPool /workspace/tabmail-cloud/gomod/github.com/redis/go-redis/v9@v9.18.0/options.go:747:0 s=722
  1440: 0x14197e9 M=1 github.com/redis/go-redis/v9.NewClient /workspace/tabmail-cloud/gomod/github.com/redis/go-redis/v9@v9.18.0/redis.go:1229:0 s=1199
  1441: 0x177390e M=1 tabmail/internal/store/postgres_test.TestArchitectureNewHTTPViewsRespectContentAndAdminBoundaries /workspace/tabmail/internal/store/postgres/company_console_boundary_test.go:119:0 s=115
  1442: 0xf81544 M=1 tabmail/internal/store/postgres.(*PgStore).mailboxAccessWithSourceTx /workspace/tabmail/internal/store/postgres/company_members.go:421:0 s=401
  1443: 0x177257a M=1 tabmail/internal/store/postgres_test.TestArchitectureAdministrativeOutboxFailureRollsBack /workspace/tabmail/internal/store/postgres/company_console_boundary_test.go:72:0 s=59
  1444: 0xc8716e M=1 tabmail/internal/authz.Actor.AuditLabel /workspace/tabmail/internal/authz/authz.go:109:0 s=106
  1445: 0xf77e64 M=1 tabmail/internal/store/postgres.companyAudit /workspace/tabmail/internal/store/postgres/company_members.go:113:0 s=108
  1446: 0x1771fde M=1 tabmail/internal/store/postgres_test.TestArchitectureAdministrativeOutboxFailureRollsBack /workspace/tabmail/internal/store/postgres/company_console_boundary_test.go:60:0 s=59
  1447: 0xa280c1 M=1 database/sql.(*Tx).awaitDone /workspace/tabmail-cloud/tools/go/src/database/sql/sql.go:2212:0 s=2209
  1448: 0x1770cbe M=1 tabmail/internal/store/postgres_test.TestArchitectureConsoleUsesTenantAndCanonicalAuthority /workspace/tabmail/internal/store/postgres/company_console_boundary_test.go:16:0 s=15
  1449: 0xc4ca66 M=1 github.com/jackc/pgx/v5.connect /workspace/tabmail-cloud/gomod/github.com/jackc/pgx/v5@v5.10.0/conn.go:257:0 s=243
  1450: 0x176c9c9 M=1 tabmail/internal/store/postgres_test.TestR3CoordinatedSnapshotRestoresIntoEmptyTargets /workspace/tabmail/internal/store/postgres/company_backup_test.go:54:0 s=19
  1451: 0x176bb71 M=1 tabmail/internal/store/postgres_test.TestR3CoordinatedSnapshotRestoresIntoEmptyTargets /workspace/tabmail/internal/store/postgres/company_backup_test.go:23:0 s=19
  1452: 0x1769a37 M=1 tabmail/internal/store/postgres_test.TestArchitectureIndexLeaseSearchAndConversation /workspace/tabmail/internal/store/postgres/company_architecture_test.go:214:0 s=209
  1453: 0x176995e M=1 tabmail/internal/store/postgres_test.TestArchitectureIndexLeaseSearchAndConversation /workspace/tabmail/internal/store/postgres/company_architecture_test.go:210:0 s=209
  1454: 0x1768116 M=1 tabmail/internal/store/postgres_test.TestArchitectureOffboardingDispositionAndQueueEvidence.func1 /workspace/tabmail/internal/store/postgres/company_architecture_test.go:163:0 s=162
  1455: 0xfaa40a M=1 tabmail/internal/store/postgres.(*PgStore).PreviewOffboarding.func1 /workspace/tabmail/internal/store/postgres/employee_disposition.go:229:0 s=214
  1456: 0x17662e4 M=1 tabmail/internal/store/postgres_test.TestArchitectureOffboardingPreviewFencesChangesAndReplay /workspace/tabmail/internal/store/postgres/company_architecture_test.go:120:0 s=115
  1457: 0x17642fe M=1 tabmail/internal/store/postgres_test.TestArchitectureDraftCreationReplayAndTombstone /workspace/tabmail/internal/store/postgres/company_architecture_test.go:75:0 s=74
  1458: 0x10317fb M=1 tabmail/internal/store/postgres.(*PgStore).companyReadTx /workspace/tabmail/internal/store/postgres/company_members.go:47:0 s=46
             tabmail/internal/store/postgres.(*PgStore).ListArchivedMail /workspace/tabmail/internal/store/postgres/sent_archive.go:46:0 s=28
  1459: 0x17637dd M=1 tabmail/internal/store/postgres_test.TestArchitectureSentAssetsOutliveQueueAndRemainPrivate /workspace/tabmail/internal/store/postgres/company_architecture_test.go:51:0 s=21
  1460: 0x5da8c5 M=1 strings.(*Replacer).build /workspace/tabmail-cloud/tools/go/src/strings/replace.go:75:0 s=44
  1461: 0x5e5c3b M=1 strings.(*Replacer).buildOnce /workspace/tabmail-cloud/tools/go/src/strings/replace.go:40:0 s=39
  1462: 0x5daf06 M=1 strings.(*Replacer).Replace /workspace/tabmail-cloud/tools/go/src/strings/replace.go:96:0 s=95
  1463: 0x10313a4 M=1 tabmail/internal/store/postgres.searchPattern /workspace/tabmail/internal/store/postgres/sent_archive.go:26:0 s=21
  1464: 0x10314e8 M=1 tabmail/internal/store/postgres.(*PgStore).ListArchivedMail /workspace/tabmail/internal/store/postgres/sent_archive.go:32:0 s=28
  1465: 0x1031e12 M=1 tabmail/internal/store/postgres.(*PgStore).ListArchivedMail.func1 /workspace/tabmail/internal/store/postgres/sent_archive.go:55:0 s=46
  1466: 0x1762e24 M=1 tabmail/internal/store/postgres_test.TestArchitectureSentAssetsOutliveQueueAndRemainPrivate /workspace/tabmail/internal/store/postgres/company_architecture_test.go:32:0 s=21
  1467: 0xf7d29d M=1 tabmail/internal/store/postgres.(*PgStore).ActivateEmployee /workspace/tabmail/internal/store/postgres/company_members.go:286:0 s=279
  1468: 0x175febe M=1 tabmail/internal/store/postgres_test.TestAR09OffboardingLocksOwnedMailboxesInIdOrder /workspace/tabmail/internal/store/postgres/ar09_revision_claim_test.go:73:0 s=72
  1469: 0x175dc9e M=1 tabmail/internal/store/postgres_test.TestAR09HandoverAndConvertClaimRevisionThroughHelper /workspace/tabmail/internal/store/postgres/ar09_revision_claim_test.go:25:0 s=24
  1470: 0x62dc2a M=1 testing.pcToName /workspace/tabmail-cloud/tools/go/src/testing/testing.go:1652:0 s=1650
  1471: 0x62db77 M=1 testing.callerName /workspace/tabmail-cloud/tools/go/src/testing/testing.go:1647:0 s=1641
  1472: 0x62e75d M=1 testing.tRunner /workspace/tabmail-cloud/tools/go/src/testing/testing.go:1775:0 s=1774
  1473: 0x1053cd5 M=1 tabmail/internal/store/postgres.(*r5UsageDB).open /workspace/tabmail/internal/store/postgres/r5_api_key_usage_test.go:132:0 s=127
  1474: 0x105aec9 M=1 tabmail/internal/store/postgres.TestR5APIKeyUsageMigration19.func1 /workspace/tabmail/internal/store/postgres/r5_api_key_usage_test.go:471:0 s=405
  1475: 0x105ae75 M=1 tabmail/internal/store/postgres.TestR5APIKeyUsageMigration19.func1 /workspace/tabmail/internal/store/postgres/r5_api_key_usage_test.go:469:0 s=405
  1476: 0x105a453 M=1 tabmail/internal/store/postgres.TestR5APIKeyUsageMigration19.func1 /workspace/tabmail/internal/store/postgres/r5_api_key_usage_test.go:445:0 s=405
  1477: 0x1053dfb M=1 tabmail/internal/store/postgres.(*r5UsageDB).open /workspace/tabmail/internal/store/postgres/r5_api_key_usage_test.go:135:0 s=127
  1478: 0xa2e184 M=1 database/sql.(*Rows).initContextClose /workspace/tabmail-cloud/tools/go/src/database/sql/sql.go:2994:0 s=2987
  1479: 0xa2536c M=1 database/sql.(*DB).queryDC /workspace/tabmail-cloud/tools/go/src/database/sql/sql.go:1800:0 s=1771
  1480: 0xfd5276 M=1 tabmail/internal/store/postgres.Migrate /workspace/tabmail/internal/store/postgres/migrate.go:58:0 s=28
  1481: 0x1058f4b M=1 tabmail/internal/store/postgres.TestR5APIKeyUsageDeleteRaces.func1 /workspace/tabmail/internal/store/postgres/r5_api_key_usage_test.go:360:0 s=358
  1482: 0x1054048 M=1 tabmail/internal/store/postgres.r5UsageSeed /workspace/tabmail/internal/store/postgres/r5_api_key_usage_test.go:142:0 s=139
  1483: 0x1058f1a M=1 tabmail/internal/store/postgres.TestR5APIKeyUsageDeleteRaces.func1 /workspace/tabmail/internal/store/postgres/r5_api_key_usage_test.go:359:0 s=358
  1484: 0xc4d6c5 M=1 github.com/jackc/pgx/v5/internal/stmtcache.NewLRUCache /workspace/tabmail-cloud/gomod/github.com/jackc/pgx/v5@v5.10.0/internal/stmtcache/lru_cache.go:30:0 s=29
             github.com/jackc/pgx/v5.connect /workspace/tabmail-cloud/gomod/github.com/jackc/pgx/v5@v5.10.0/conn.go:293:0 s=243
  1485: 0x1057d9e M=1 tabmail/internal/store/postgres.TestR5APIKeyUsageTwoPoolsLateObservation /workspace/tabmail/internal/store/postgres/r5_api_key_usage_test.go:328:0 s=327
  1486: 0xeddf87 M=1 strings.NewReader /workspace/tabmail-cloud/tools/go/src/strings/reader.go:160:0 s=160
             github.com/pressly/goose/v3/internal/sqlparser.endsWithSemicolon /workspace/goose-buffer-experiment/candidate/internal/sqlparser/parser.go:381:0 s=375
  1487: 0x1056ffe M=1 tabmail/internal/store/postgres.TestR5APIKeyUsageObservationPairOrder /workspace/tabmail/internal/store/postgres/r5_api_key_usage_test.go:293:0 s=292
  1488: 0x1055976 M=1 tabmail/internal/store/postgres.TestR5APIKeyUsageCreateAtomicAndMissing.func1 /workspace/tabmail/internal/store/postgres/r5_api_key_usage_test.go:239:0 s=238
  1489: 0xed4504 M=1 golang.org/x/sync/errgroup.(*Group).Go /workspace/tabmail-cloud/gomod/golang.org/x/sync@v0.22.0/errgroup/errgroup.go:78:0 s=72
  1490: 0xed98a4 M=1 github.com/pressly/goose/v3/internal/sqlparser.ParseAllFromFS /workspace/goose-buffer-experiment/candidate/internal/sqlparser/parse.go:32:0 s=16
  1491: 0xa25770 M=1 database/sql.(*DB).queryDC.func1 /workspace/tabmail-cloud/tools/go/src/database/sql/sql.go:1782:0 s=1781
  1492: 0xed9424 M=1 github.com/pressly/goose/v3/internal/sqlparser.init.func1 /workspace/goose-buffer-experiment/candidate/internal/sqlparser/parser.go:88:0 s=87
  1493: 0xeda684 M=1 github.com/pressly/goose/v3/internal/sqlparser.ParseSQLMigration /workspace/goose-buffer-experiment/candidate/internal/sqlparser/parser.go:104:0 s=103
  1494: 0x70fcfc M=1 regexp.onePassCopy /workspace/tabmail-cloud/tools/go/src/regexp/onepass.go:226:0 s=222
  1495: 0x714c75 M=1 regexp.compileOnePass /workspace/tabmail-cloud/tools/go/src/regexp/onepass.go:499:0 s=459
  1496: 0x715231 M=1 regexp.compile /workspace/tabmail-cloud/tools/go/src/regexp/regexp.go:187:0 s=167
  1497: 0x716728 M=1 regexp.Compile /workspace/tabmail-cloud/tools/go/src/regexp/regexp.go:131:0 s=130
             regexp.MustCompile /workspace/tabmail-cloud/tools/go/src/regexp/regexp.go:311:0 s=310
  1498: 0xd61188 M=1 github.com/microcosm-cc/bluemonday.init /workspace/tabmail-cloud/gomod/github.com/microcosm-cc/bluemonday@v1.0.27/helpers.go:55:0 s=1
  1499: 0x493c54 M=1 runtime.doInit1 /workspace/tabmail-cloud/tools/go/src/runtime/proc.go:7670:0 s=7641
  1500: 0x4845af M=1 runtime.doInit /workspace/tabmail-cloud/tools/go/src/runtime/proc.go:7637:0 s=7635
             runtime.main /workspace/tabmail-cloud/tools/go/src/runtime/proc.go:256:0 s=148
  1501: 0x79451a M=1 vendor/golang.org/x/net/dns/dnsmessage.init /workspace/tabmail-cloud/tools/go/src/vendor/golang.org/x/net/dns/dnsmessage/message.go:398:0 s=1
  1502: 0x718117 M=1 regexp.(*Regexp).ReplaceAllStringFunc /workspace/tabmail-cloud/tools/go/src/regexp/regexp.go:597:0 s=596
  1503: 0xd27df6 M=1 github.com/gorilla/css/scanner.init.0 /workspace/tabmail-cloud/gomod/github.com/gorilla/css@v1.0.1/scanner/scanner.go:183:0 s=176
  1504: 0xd27e44 M=1 regexp.(*Regexp).doMatch /workspace/tabmail-cloud/tools/go/src/regexp/exec.go:514:0 s=513
             regexp.(*Regexp).MatchString /workspace/tabmail-cloud/tools/go/src/regexp/regexp.go:527:0 s=526
             github.com/gorilla/css/scanner.init.0 /workspace/tabmail-cloud/gomod/github.com/gorilla/css@v1.0.1/scanner/scanner.go:182:0 s=176
  1505: 0x48e5e4 M=1 runtime.malg /workspace/tabmail-cloud/tools/go/src/runtime/proc.go:5137:0 s=5136
  1506: 0x48e858 M=1 runtime.newproc1 /workspace/tabmail-cloud/tools/go/src/runtime/proc.go:5185:0 s=5176
  1507: 0x48e784 M=1 runtime.newproc.func1 /workspace/tabmail-cloud/tools/go/src/runtime/proc.go:5162:0 s=5161
  1508: 0x4c3b69 M=1 runtime.systemstack /workspace/tabmail-cloud/tools/go/src/runtime/asm_amd64.s:513:0 s=482
Mappings
1: 0x400000/0x1b3f000/0x0 /workspace/goose-buffer-experiment/candidate-pg.test 34891106cb2215e6cec190f5a6559eee6ce629bd [FN]
2: 0x7f2ea46b8000/0x7f2ea481b000/0x28000 /usr/lib/x86_64-linux-gnu/libc.so.6 c495b62edadd6c356265942ec1282d98058a7b41 
3: 0x7f2ea48af000/0x7f2ea48b1000/0x0 [vdso]  
4: 0x7f2ea48b2000/0x7f2ea48da000/0x1000 /usr/lib/x86_64-linux-gnu/ld-linux-x86-64.so.2 c591a5df63f461bfdafb01908ca16845b375fa37 
